finding_id,image_id,todays_brand,historical_brand,product_name,slug,current_image_path,current_image_width,current_image_height,finding,quality_need,evidence_level,treatment_status,pipeline_tone_status,tone_fitted_gamma,tone_median_lum_change_pct,historical_class,historical_problem_type,handoff_decision,approved_action,pilot_status,asset_unchanged_since_audit,processed_source_url,original_source_url,inventory_classification,evidence_source,notes
carsystem__carsystem-1k-easy-primer#SOURCE_PIPELINE_REEXPORT_CANDIDATE_UNMEASURED,carsystem__carsystem-1k-easy-primer,carsystem,carsystem,Carsystem 1K Easy Primer,carsystem-1k-easy-primer,/products/carsystem/catalog/carsystem-1k-easy-primer.webp,660,914,SOURCE_PIPELINE_REEXPORT_CANDIDATE_UNMEASURED,tone/source re-export (kandidat),RULE_BASED_CANDIDATE,CANDIDATE_NOT_YET_MEASURED,unknown,,,A_OK_NO_CHANGE,NONE,pipelineToneStatus = unknown; ekstrapolacija zabranjena (finalna odluka 9); sistemski re-export nije ni planiran ni odobren,NONE — 0 odobreno / 0 integrisano; bez mass apply; runtime productImage nepromenjen,,YES (sourceSha256 + veličina fajla isti),https://www.carsystem.org/fileadmin/_processed_/4/1/csm_151537-539-cs-1k-easy-primer-400ml-gruppe_7b2c7cd01b.png,https://www.carsystem.org/fileadmin/products/images/151.537/151537-539-cs-1k-easy-primer-400ml-gruppe.png,IMAGE_QUALITY_REVIEW_ONLY,pravilo: današnji manifest porekla (izvor = _processed_ PNG derivat); par NIJE meren,"NIJE potvrđen defekt. Isti tip izvora kao 15 izmerenih parova — to je razlog za merenje, ne rezultat merenja."
carsystem__carsystem-1k-nc-filler#SOURCE_PIPELINE_REEXPORT_CANDIDATE_UNMEASURED,carsystem__carsystem-1k-nc-filler,carsystem,carsystem,Carsystem 1K NC Filler,carsystem-1k-nc-filler,/products/carsystem/catalog/carsystem-1k-nc-filler.webp,660,1098,SOURCE_PIPELINE_REEXPORT_CANDIDATE_UNMEASURED,tone/source re-export (kandidat),RULE_BASED_CANDIDATE,CANDIDATE_NOT_YET_MEASURED,unknown,,,A_OK_NO_CHANGE,NONE,pipelineToneStatus = unknown; ekstrapolacija zabranjena (finalna odluka 9); sistemski re-export nije ni planiran ni odobren,NONE — 0 odobreno / 0 integrisano; bez mass apply; runtime productImage nepromenjen,,YES (sourceSha256 + veličina fajla isti),https://www.carsystem.org/fileadmin/_processed_/5/f/csm_158.139-1k-nc-filler-1k-nitrocellulose-spachtel-3D_401356543d.png,https://www.carsystem.org/fileadmin/products/images/158.139/158.139-1k-nc-filler-1k-nitrocellulose-spachtel-3D.png,IMAGE_QUALITY_REVIEW_ONLY,pravilo: današnji manifest porekla (izvor = _processed_ PNG derivat); par NIJE meren,"NIJE potvrđen defekt. Isti tip izvora kao 15 izmerenih parova — to je razlog za merenje, ne rezultat merenja."
carsystem__carsystem-2k-carbo-clear-plus#SOURCE_PIPELINE_REEXPORT_CANDIDATE_UNMEASURED,carsystem__carsystem-2k-carbo-clear-plus,carsystem,carsystem,Carsystem 2K Carbo Clear Plus,carsystem-2k-carbo-clear-plus,/products/carsystem/catalog/carsystem-2k-carbo-clear-plus.webp,660,1179,SOURCE_PIPELINE_REEXPORT_CANDIDATE_UNMEASURED,tone/source re-export (kandidat),RULE_BASED_CANDIDATE,CANDIDATE_NOT_YET_MEASURED,unknown,,,A_OK_NO_CHANGE,NONE,pipelineToneStatus = unknown; ekstrapolacija zabranjena (finalna odluka 9); sistemski re-export nije ni planiran ni odobren,NONE — 0 odobreno / 0 integrisano; bez mass apply; runtime productImage nepromenjen,,YES (sourceSha256 + veličina fajla isti),https://www.carsystem.org/fileadmin/_processed_/9/3/csm_153207-cs-2k-carbo-clear-plus-5_0-l_32d9cb359f.png,https://www.carsystem.org/fileadmin/products/images/153.207/153207-cs-2k-carbo-clear-plus-5_0-l.png,IMAGE_QUALITY_REVIEW_ONLY,pravilo: današnji manifest porekla (izvor = _processed_ PNG derivat); par NIJE meren,"NIJE potvrđen defekt. Isti tip izvora kao 15 izmerenih parova — to je razlog za merenje, ne rezultat merenja."
carsystem__carsystem-2k-carbo-filler-transparent-1-0#FIT_MEASURES_BAKED_SHADOW,carsystem__carsystem-2k-carbo-filler-transparent-1-0,carsystem,carsystem,"Carsystem 2K Carbo Filler Transparent 1,0",carsystem-2k-carbo-filler-transparent-1-0,/products/carsystem/catalog/carsystem-2k-carbo-filler-transparent-1-0.webp,660,489,FIT_MEASURES_BAKED_SHADOW,"crop/fit (rendering, ne asset)",HISTORICAL_CONFIRMED,KNOWN_RENDERING_ISSUE,unknown,,,A_OK_NO_CHANGE,CSS_RENDERING_PROBLEM,"rešenje = V6A hibridni subjectBox (merenjem, bez izmene fajla; bez cropa) — IMPLEMENTED_AND_VERIFIED u starom worktree-u, NIJE na main; ne portuje se",NONE — 0 odobreno / 0 integrisano; bez mass apply; runtime productImage nepromenjen,,YES (sourceSha256 + veličina fajla isti),https://www.carsystem.org/fileadmin/_processed_/b/0/csm_157988_989-cs-2k-carbo-filler-gruppe_1c15b936ae.webp,https://www.carsystem.org/fileadmin/products/images/157.988/157988_989-cs-2k-carbo-filler-gruppe.webp,APPROVED_RUNTIME_IMAGE,historical-evidence/css-rendering-candidates.csv,"linearni manjak 14.1 %, manjak površine 14.6 %; inflacija boxa 1.1703"
carsystem__carsystem-2k-clear-voc-420#SOURCE_PIPELINE_REEXPORT_CANDIDATE_UNMEASURED,carsystem__carsystem-2k-clear-voc-420,carsystem,carsystem,Carsystem 2K Clear VOC 420,carsystem-2k-clear-voc-420,/products/carsystem/catalog/carsystem-2k-clear-voc-420.webp,660,1064,SOURCE_PIPELINE_REEXPORT_CANDIDATE_UNMEASURED,tone/source re-export (kandidat),RULE_BASED_CANDIDATE,CANDIDATE_NOT_YET_MEASURED,unknown,,,A_OK_NO_CHANGE,NONE,pipelineToneStatus = unknown; ekstrapolacija zabranjena (finalna odluka 9); sistemski re-export nije ni planiran ni odobren,NONE — 0 odobreno / 0 integrisano; bez mass apply; runtime productImage nepromenjen,,YES (sourceSha256 + veličina fajla isti),https://www.carsystem.org/fileadmin/_processed_/1/f/csm_142953-cs-2k-clear-voc-420-5_0-l_51ceae896e.png,https://www.carsystem.org/fileadmin/products/images/142.953/142953-cs-2k-clear-voc-420-5_0-l.png,IMAGE_QUALITY_REVIEW_ONLY,pravilo: današnji manifest porekla (izvor = _processed_ PNG derivat); par NIJE meren,"NIJE potvrđen defekt. Isti tip izvora kao 15 izmerenih parova — to je razlog za merenje, ne rezultat merenja."
carsystem__carsystem-2k-clear-voc-cc-19-as#SOURCE_PIPELINE_REEXPORT_CANDIDATE_UNMEASURED,carsystem__carsystem-2k-clear-voc-cc-19-as,carsystem,carsystem,Carsystem 2K Clear VOC CC.19 AS,carsystem-2k-clear-voc-cc-19-as,/products/carsystem/catalog/carsystem-2k-clear-voc-cc-19-as.webp,660,1095,SOURCE_PIPELINE_REEXPORT_CANDIDATE_UNMEASURED,tone/source re-export (kandidat),RULE_BASED_CANDIDATE,CANDIDATE_NOT_YET_MEASURED,unknown,,,A_OK_NO_CHANGE,NONE,pipelineToneStatus = unknown; ekstrapolacija zabranjena (finalna odluka 9); sistemski re-export nije ni planiran ni odobren,NONE — 0 odobreno / 0 integrisano; bez mass apply; runtime productImage nepromenjen,,YES (sourceSha256 + veličina fajla isti),https://www.carsystem.org/fileadmin/_processed_/d/4/csm_156931-cs-2k--voc-cc-19-as-a_b-l-1_5_0de2550934.png,https://www.carsystem.org/fileadmin/products/images/156.931/156931-cs-2k--voc-cc-19-as-a_b-l-1_5.png,IMAGE_QUALITY_REVIEW_ONLY,pravilo: današnji manifest porekla (izvor = _processed_ PNG derivat); par NIJE meren,"NIJE potvrđen defekt. Isti tip izvora kao 15 izmerenih parova — to je razlog za merenje, ne rezultat merenja."
carsystem__carsystem-2k-clear-voc-cc-25-hs-as#SOURCE_PIPELINE_REEXPORT_CANDIDATE_UNMEASURED,carsystem__carsystem-2k-clear-voc-cc-25-hs-as,carsystem,carsystem,Carsystem 2K Clear VOC CC.25 HS-AS,carsystem-2k-clear-voc-cc-25-hs-as,/products/carsystem/catalog/carsystem-2k-clear-voc-cc-25-hs-as.webp,660,513,SOURCE_PIPELINE_REEXPORT_CANDIDATE_UNMEASURED,tone/source re-export (kandidat),RULE_BASED_CANDIDATE,CANDIDATE_NOT_YET_MEASURED,unknown,,,A_OK_NO_CHANGE,NONE,pipelineToneStatus = unknown; ekstrapolacija zabranjena (finalna odluka 9); sistemski re-export nije ni planiran ni odobren,NONE — 0 odobreno / 0 integrisano; bez mass apply; runtime productImage nepromenjen,,YES (sourceSha256 + veličina fajla isti),https://www.carsystem.org/fileadmin/_processed_/8/6/csm_160417-422-cs-2k-clear-cc.25-Gruppe__60d3e5704e.png,https://www.carsystem.org/fileadmin/products/images/160.417/160417-422-cs-2k-clear-cc.25-Gruppe_.png,IMAGE_QUALITY_REVIEW_ONLY,pravilo: današnji manifest porekla (izvor = _processed_ PNG derivat); par NIJE meren,"NIJE potvrđen defekt. Isti tip izvora kao 15 izmerenih parova — to je razlog za merenje, ne rezultat merenja."
carsystem__carsystem-2k-clear-voc-hs-sr#SOURCE_PIPELINE_REEXPORT_CANDIDATE_UNMEASURED,carsystem__carsystem-2k-clear-voc-hs-sr,carsystem,carsystem,Carsystem 2K Clear VOC HS-SR,carsystem-2k-clear-voc-hs-sr,/products/carsystem/catalog/carsystem-2k-clear-voc-hs-sr.webp,660,1213,SOURCE_PIPELINE_REEXPORT_CANDIDATE_UNMEASURED,tone/source re-export (kandidat),RULE_BASED_CANDIDATE,CANDIDATE_NOT_YET_MEASURED,unknown,,,A_OK_NO_CHANGE,NONE,pipelineToneStatus = unknown; ekstrapolacija zabranjena (finalna odluka 9); sistemski re-export nije ni planiran ni odobren,NONE — 0 odobreno / 0 integrisano; bez mass apply; runtime productImage nepromenjen,,YES (sourceSha256 + veličina fajla isti),https://www.carsystem.org/fileadmin/_processed_/d/1/csm_151909-cs-2k-clear-voc-hs-sr-5_0-l_090c3aeee6.png,https://www.carsystem.org/fileadmin/products/images/151.909/151909-cs-2k-clear-voc-hs-sr-5_0-l.png,IMAGE_QUALITY_REVIEW_ONLY,pravilo: današnji manifest porekla (izvor = _processed_ PNG derivat); par NIJE meren,"NIJE potvrđen defekt. Isti tip izvora kao 15 izmerenih parova — to je razlog za merenje, ne rezultat merenja."
carsystem__carsystem-2k-clear-voc-matt#SOURCE_PIPELINE_REEXPORT_CANDIDATE_UNMEASURED,carsystem__carsystem-2k-clear-voc-matt,carsystem,carsystem,Carsystem 2K Clear VOC Matt,carsystem-2k-clear-voc-matt,/products/carsystem/catalog/carsystem-2k-clear-voc-matt.webp,660,469,SOURCE_PIPELINE_REEXPORT_CANDIDATE_UNMEASURED,tone/source re-export (kandidat),RULE_BASED_CANDIDATE,CANDIDATE_NOT_YET_MEASURED,unknown,,,A_OK_NO_CHANGE,NONE,pipelineToneStatus = unknown; ekstrapolacija zabranjena (finalna odluka 9); sistemski re-export nije ni planiran ni odobren,NONE — 0 odobreno / 0 integrisano; bez mass apply; runtime productImage nepromenjen,,YES (sourceSha256 + veličina fajla isti),https://www.carsystem.org/fileadmin/_processed_/2/c/csm_cs-2k-clear-voc-matt-gruppe_e6ca6e05c2.png,https://www.carsystem.org/fileadmin/products/images/148.983/cs-2k-clear-voc-matt-gruppe.png,IMAGE_QUALITY_REVIEW_ONLY,pravilo: današnji manifest porekla (izvor = _processed_ PNG derivat); par NIJE meren,"NIJE potvrđen defekt. Isti tip izvora kao 15 izmerenih parova — to je razlog za merenje, ne rezultat merenja."
carsystem__carsystem-2k-clear-voc-premium#SOURCE_PIPELINE_REEXPORT_CANDIDATE_UNMEASURED,carsystem__carsystem-2k-clear-voc-premium,carsystem,carsystem,Carsystem 2K Clear VOC Premium,carsystem-2k-clear-voc-premium,/products/carsystem/catalog/carsystem-2k-clear-voc-premium.webp,660,1257,SOURCE_PIPELINE_REEXPORT_CANDIDATE_UNMEASURED,tone/source re-export (kandidat),RULE_BASED_CANDIDATE,CANDIDATE_NOT_YET_MEASURED,unknown,,,A_OK_NO_CHANGE,NONE,pipelineToneStatus = unknown; ekstrapolacija zabranjena (finalna odluka 9); sistemski re-export nije ni planiran ni odobren,NONE — 0 odobreno / 0 integrisano; bez mass apply; runtime productImage nepromenjen,,YES (sourceSha256 + veličina fajla isti),https://www.carsystem.org/fileadmin/_processed_/0/d/csm_146714-cs-2k-clear-voc-premium-5_0-l_d80ab6ca41.png,https://www.carsystem.org/fileadmin/products/images/146.714/146714-cs-2k-clear-voc-premium-5_0-l.png,IMAGE_QUALITY_REVIEW_ONLY,pravilo: današnji manifest porekla (izvor = _processed_ PNG derivat); par NIJE meren,"NIJE potvrđen defekt. Isti tip izvora kao 15 izmerenih parova — to je razlog za merenje, ne rezultat merenja."
carsystem__carsystem-2k-clear-voc-speed-plus#SOURCE_PIPELINE_REEXPORT_CANDIDATE_UNMEASURED,carsystem__carsystem-2k-clear-voc-speed-plus,carsystem,carsystem,Carsystem 2K Clear VOC Speed Plus,carsystem-2k-clear-voc-speed-plus,/products/carsystem/catalog/carsystem-2k-clear-voc-speed-plus.webp,660,595,SOURCE_PIPELINE_REEXPORT_CANDIDATE_UNMEASURED,tone/source re-export (kandidat),RULE_BASED_CANDIDATE,CANDIDATE_NOT_YET_MEASURED,unknown,,,A_OK_NO_CHANGE,NONE,pipelineToneStatus = unknown; ekstrapolacija zabranjena (finalna odluka 9); sistemski re-export nije ni planiran ni odobren,NONE — 0 odobreno / 0 integrisano; bez mass apply; runtime productImage nepromenjen,,YES (sourceSha256 + veličina fajla isti),https://www.carsystem.org/fileadmin/_processed_/0/0/csm_cs-2k-clear-voc-speed-plus_c492c4141e.png,https://www.carsystem.org/fileadmin/products/images/151.899/cs-2k-clear-voc-speed-plus.png,IMAGE_QUALITY_REVIEW_ONLY,pravilo: današnji manifest porekla (izvor = _processed_ PNG derivat); par NIJE meren,"NIJE potvrđen defekt. Isti tip izvora kao 15 izmerenih parova — to je razlog za merenje, ne rezultat merenja."
carsystem__carsystem-2k-filler-air-plus#SOURCE_PIPELINE_REEXPORT_CANDIDATE_UNMEASURED,carsystem__carsystem-2k-filler-air-plus,carsystem,carsystem,Carsystem 2K Filler Air Plus,carsystem-2k-filler-air-plus,/products/carsystem/catalog/carsystem-2k-filler-air-plus.webp,660,617,SOURCE_PIPELINE_REEXPORT_CANDIDATE_UNMEASURED,tone/source re-export (kandidat),RULE_BASED_CANDIDATE,CANDIDATE_NOT_YET_MEASURED,unknown,,,A_OK_NO_CHANGE,NONE,pipelineToneStatus = unknown; ekstrapolacija zabranjena (finalna odluka 9); sistemski re-export nije ni planiran ni odobren,NONE — 0 odobreno / 0 integrisano; bez mass apply; runtime productImage nepromenjen,,YES (sourceSha256 + veličina fajla isti),https://www.carsystem.org/fileadmin/_processed_/1/9/csm_cs-2k-filler-air-plus-gruppe_68b99b9fd7.png,https://www.carsystem.org/fileadmin/products/images/152.416/cs-2k-filler-air-plus-gruppe.png,IMAGE_QUALITY_REVIEW_ONLY,pravilo: današnji manifest porekla (izvor = _processed_ PNG derivat); par NIJE meren,"NIJE potvrđen defekt. Isti tip izvora kao 15 izmerenih parova — to je razlog za merenje, ne rezultat merenja."
carsystem__carsystem-2k-filler-vario-plus#SOURCE_PIPELINE_REEXPORT_CANDIDATE_UNMEASURED,carsystem__carsystem-2k-filler-vario-plus,carsystem,carsystem,Carsystem 2K Filler Vario Plus,carsystem-2k-filler-vario-plus,/products/carsystem/catalog/carsystem-2k-filler-vario-plus.webp,660,591,SOURCE_PIPELINE_REEXPORT_CANDIDATE_UNMEASURED,tone/source re-export (kandidat),RULE_BASED_CANDIDATE,CANDIDATE_NOT_YET_MEASURED,unknown,,,A_OK_NO_CHANGE,NONE,pipelineToneStatus = unknown; ekstrapolacija zabranjena (finalna odluka 9); sistemski re-export nije ni planiran ni odobren,NONE — 0 odobreno / 0 integrisano; bez mass apply; runtime productImage nepromenjen,,YES (sourceSha256 + veličina fajla isti),https://www.carsystem.org/fileadmin/_processed_/6/1/csm_cs-2k-filler-vario-plus-gruppe_588207f146.png,https://www.carsystem.org/fileadmin/products/images/147.682/cs-2k-filler-vario-plus-gruppe.png,IMAGE_QUALITY_REVIEW_ONLY,pravilo: današnji manifest porekla (izvor = _processed_ PNG derivat); par NIJE meren,"NIJE potvrđen defekt. Isti tip izvora kao 15 izmerenih parova — to je razlog za merenje, ne rezultat merenja."
carsystem__carsystem-2k-filler-wet-on-wet-plus#SOURCE_PIPELINE_REEXPORT_CANDIDATE_UNMEASURED,carsystem__carsystem-2k-filler-wet-on-wet-plus,carsystem,carsystem,Carsystem 2K Filler Wet on Wet Plus,carsystem-2k-filler-wet-on-wet-plus,/products/carsystem/catalog/carsystem-2k-filler-wet-on-wet-plus.webp,660,564,SOURCE_PIPELINE_REEXPORT_CANDIDATE_UNMEASURED,tone/source re-export (kandidat),RULE_BASED_CANDIDATE,CANDIDATE_NOT_YET_MEASURED,unknown,,,A_OK_NO_CHANGE,NONE,pipelineToneStatus = unknown; ekstrapolacija zabranjena (finalna odluka 9); sistemski re-export nije ni planiran ni odobren,NONE — 0 odobreno / 0 integrisano; bez mass apply; runtime productImage nepromenjen,,YES (sourceSha256 + veličina fajla isti),https://www.carsystem.org/fileadmin/_processed_/a/8/csm_cs-2k-filler-wet-on-wet-plus-gruppe_e5b2f0c49a.png,https://www.carsystem.org/fileadmin/products/images/153.455/cs-2k-filler-wet-on-wet-plus-gruppe.png,IMAGE_QUALITY_REVIEW_ONLY,pravilo: današnji manifest porekla (izvor = _processed_ PNG derivat); par NIJE meren,"NIJE potvrđen defekt. Isti tip izvora kao 15 izmerenih parova — to je razlog za merenje, ne rezultat merenja."
carsystem__carsystem-2k-high-speed-klarlack#FIT_MEASURES_BAKED_SHADOW,carsystem__carsystem-2k-high-speed-klarlack,carsystem,carsystem,Carsystem 2K High-Speed Klarlack,carsystem-2k-high-speed-klarlack,/products/carsystem/catalog/carsystem-2k-high-speed-klarlack.webp,660,1378,FIT_MEASURES_BAKED_SHADOW,"crop/fit (rendering, ne asset)",HISTORICAL_CONFIRMED,KNOWN_RENDERING_ISSUE,unknown,,,A_OK_NO_CHANGE,CSS_RENDERING_PROBLEM,"rešenje = V6A hibridni subjectBox (merenjem, bez izmene fajla; bez cropa) — IMPLEMENTED_AND_VERIFIED u starom worktree-u, NIJE na main; ne portuje se",NONE — 0 odobreno / 0 integrisano; bez mass apply; runtime productImage nepromenjen,,YES (sourceSha256 + veličina fajla isti),https://www.carsystem.org/fileadmin/_processed_/6/4/csm_149421-2k-high-speed-klarlack-spray-400ml_f46d44bdb2.webp,https://www.carsystem.org/fileadmin/products/images/149.421/149421-2k-high-speed-klarlack-spray-400ml.webp,APPROVED_RUNTIME_IMAGE,historical-evidence/css-rendering-candidates.csv,"linearni manjak 29.7 %, manjak površine 31.7 %; inflacija boxa 1.465"
carsystem__carsystem-2k-voc-filler-540#SOURCE_PIPELINE_REEXPORT_CANDIDATE_UNMEASURED,carsystem__carsystem-2k-voc-filler-540,carsystem,carsystem,Carsystem 2K VOC Filler 540,carsystem-2k-voc-filler-540,/products/carsystem/catalog/carsystem-2k-voc-filler-540.webp,660,700,SOURCE_PIPELINE_REEXPORT_CANDIDATE_UNMEASURED,tone/source re-export (kandidat),RULE_BASED_CANDIDATE,CANDIDATE_NOT_YET_MEASURED,unknown,,,A_OK_NO_CHANGE,NONE,pipelineToneStatus = unknown; ekstrapolacija zabranjena (finalna odluka 9); sistemski re-export nije ni planiran ni odobren,NONE — 0 odobreno / 0 integrisano; bez mass apply; runtime productImage nepromenjen,,YES (sourceSha256 + veličina fajla isti),https://www.carsystem.org/fileadmin/_processed_/b/3/csm_cs-2k-filler-voc-540-gruppe_398448da5e.png,https://www.carsystem.org/fileadmin/products/images/144.026/cs-2k-filler-voc-540-gruppe.png,IMAGE_QUALITY_REVIEW_ONLY,pravilo: današnji manifest porekla (izvor = _processed_ PNG derivat); par NIJE meren,"NIJE potvrđen defekt. Isti tip izvora kao 15 izmerenih parova — to je razlog za merenje, ne rezultat merenja."
carsystem__carsystem-30-years-ltd-coverall-jacket#CLASS_F_SPECIAL_MARKETING_IMAGE,carsystem__carsystem-30-years-ltd-coverall-jacket,carsystem,carsystem,Carsystem 30 Years Ltd. Coverall Jacket,carsystem-30-years-ltd-coverall-jacket,/products/carsystem/catalog/carsystem-30-years-ltd-coverall-jacket.webp,660,660,CLASS_F_SPECIAL_MARKETING_IMAGE,manual review,MANUAL_REVIEW_REQUIRED,NO_ACTION_APPROVED,unknown,,,F_SPECIAL_MARKETING_IMAGE,SOURCE_IMAGE_PROBLEM,klasa F — marketinška/merch fotografija; ne dira se,NONE — 0 odobreno / 0 integrisano; bez mass apply; runtime productImage nepromenjen,,YES (sourceSha256 + veličina fajla isti),https://www.carsystem.org/fileadmin/_processed_/3/5/csm_159.654-659-cs-30-years-ltd.-coverall-jacket_2c0b8d7457.png,https://www.carsystem.org/fileadmin/products/images/159.654/159.654-659-cs-30-years-ltd.-coverall-jacket.png,IMAGE_QUALITY_REVIEW_ONLY,historical-evidence/CARSYSTEM_IMAGE_AUDIT.csv,nalaz: merch/model/brand composition | rizik: nema (ne dira se)
carsystem__carsystem-30-years-ltd-coverall-jacket#SOURCE_PIPELINE_REEXPORT_CANDIDATE_UNMEASURED,carsystem__carsystem-30-years-ltd-coverall-jacket,carsystem,carsystem,Carsystem 30 Years Ltd. Coverall Jacket,carsystem-30-years-ltd-coverall-jacket,/products/carsystem/catalog/carsystem-30-years-ltd-coverall-jacket.webp,660,660,SOURCE_PIPELINE_REEXPORT_CANDIDATE_UNMEASURED,tone/source re-export (kandidat),RULE_BASED_CANDIDATE,CANDIDATE_NOT_YET_MEASURED,unknown,,,F_SPECIAL_MARKETING_IMAGE,SOURCE_IMAGE_PROBLEM,pipelineToneStatus = unknown; ekstrapolacija zabranjena (finalna odluka 9); sistemski re-export nije ni planiran ni odobren,NONE — 0 odobreno / 0 integrisano; bez mass apply; runtime productImage nepromenjen,,YES (sourceSha256 + veličina fajla isti),https://www.carsystem.org/fileadmin/_processed_/3/5/csm_159.654-659-cs-30-years-ltd.-coverall-jacket_2c0b8d7457.png,https://www.carsystem.org/fileadmin/products/images/159.654/159.654-659-cs-30-years-ltd.-coverall-jacket.png,IMAGE_QUALITY_REVIEW_ONLY,pravilo: današnji manifest porekla (izvor = _processed_ PNG derivat); par NIJE meren,"NIJE potvrđen defekt. Isti tip izvora kao 15 izmerenih parova — to je razlog za merenje, ne rezultat merenja."
carsystem__carsystem-acryl-thinner#SOURCE_PIPELINE_REEXPORT_CANDIDATE_UNMEASURED,carsystem__carsystem-acryl-thinner,carsystem,carsystem,Carsystem Acryl Thinner,carsystem-acryl-thinner,/products/carsystem/catalog/carsystem-acryl-thinner.webp,660,1046,SOURCE_PIPELINE_REEXPORT_CANDIDATE_UNMEASURED,tone/source re-export (kandidat),RULE_BASED_CANDIDATE,CANDIDATE_NOT_YET_MEASURED,unknown,,,A_OK_NO_CHANGE,NONE,pipelineToneStatus = unknown; ekstrapolacija zabranjena (finalna odluka 9); sistemski re-export nije ni planiran ni odobren,NONE — 0 odobreno / 0 integrisano; bez mass apply; runtime productImage nepromenjen,,YES (sourceSha256 + veličina fajla isti),https://www.carsystem.org/fileadmin/_processed_/1/7/csm_141479-cs-acryl-thinner-slow-5-l_50f2f27e22.png,https://www.carsystem.org/fileadmin/products/images/141.479/141479-cs-acryl-thinner-slow-5-l.png,IMAGE_QUALITY_REVIEW_ONLY,pravilo: današnji manifest porekla (izvor = _processed_ PNG derivat); par NIJE meren,"NIJE potvrđen defekt. Isti tip izvora kao 15 izmerenih parova — to je razlog za merenje, ne rezultat merenja."
carsystem__carsystem-activator#SOURCE_PIPELINE_REEXPORT_CANDIDATE_UNMEASURED,carsystem__carsystem-activator,carsystem,carsystem,Carsystem Activator,carsystem-activator,/products/carsystem/catalog/carsystem-activator.webp,660,887,SOURCE_PIPELINE_REEXPORT_CANDIDATE_UNMEASURED,tone/source re-export (kandidat),RULE_BASED_CANDIDATE,CANDIDATE_NOT_YET_MEASURED,unknown,,,A_OK_NO_CHANGE,NONE,pipelineToneStatus = unknown; ekstrapolacija zabranjena (finalna odluka 9); sistemski re-export nije ni planiran ni odobren,NONE — 0 odobreno / 0 integrisano; bez mass apply; runtime productImage nepromenjen,,YES (sourceSha256 + veličina fajla isti),https://www.carsystem.org/fileadmin/_processed_/8/e/csm_147695-cs-activator-1-l_729fb6b1f5.png,https://www.carsystem.org/fileadmin/products/images/147.695/147695-cs-activator-1-l.png,IMAGE_QUALITY_REVIEW_ONLY,pravilo: današnji manifest porekla (izvor = _processed_ PNG derivat); par NIJE meren,"NIJE potvrđen defekt. Isti tip izvora kao 15 izmerenih parova — to je razlog za merenje, ne rezultat merenja."
carsystem__carsystem-adapter-for-cps-paint-cup-systems#CLASS_B_DETERMINISTIC_FIX,carsystem__carsystem-adapter-for-cps-paint-cup-systems,carsystem,carsystem,Carsystem Adapter for CPS paint cup systems,carsystem-adapter-for-cps-paint-cup-systems,/products/carsystem/catalog/carsystem-adapter-for-cps-paint-cup-systems.webp,660,423,CLASS_B_DETERMINISTIC_FIX,asset (deterministički tretman),HISTORICAL_CONFIRMED,KNOWN_ASSET_ISSUE,unknown,,,B_DETERMINISTIC_FIX,BOTH,"klasa B — tretman tek posle odobrenja pilota (handoff §12.8); finalna pravila imaju prednost nad predlogom: bez cropa, bez globalnog brightness/gamma/contrast, bez AI",NONE — 0 odobreno / 0 integrisano; bez mass apply; runtime productImage nepromenjen,,YES (sourceSha256 + veličina fajla isti),https://www.carsystem.org/fileadmin/_processed_/4/5/csm_cs-adapters-fuer-cps_8f075273e6.webp,https://www.carsystem.org/fileadmin/products/images/158.063/cs-adapters-fuer-cps.webp,APPROVED_RUNTIME_IMAGE,historical-evidence/CARSYSTEM_IMAGE_AUDIT.csv,nalaz: širok poluprovidni oreol/refleks u alfi | istorijski predlog: čišćenje alfa krive na ivici | rizik: nizak
carsystem__carsystem-adapter-for-cps-paint-cup-systems#FIT_MEASURES_BAKED_SHADOW,carsystem__carsystem-adapter-for-cps-paint-cup-systems,carsystem,carsystem,Carsystem Adapter for CPS paint cup systems,carsystem-adapter-for-cps-paint-cup-systems,/products/carsystem/catalog/carsystem-adapter-for-cps-paint-cup-systems.webp,660,423,FIT_MEASURES_BAKED_SHADOW,"crop/fit (rendering, ne asset)",HISTORICAL_CONFIRMED,KNOWN_RENDERING_ISSUE,unknown,,,B_DETERMINISTIC_FIX,BOTH,"rešenje = V6A hibridni subjectBox (merenjem, bez izmene fajla; bez cropa) — IMPLEMENTED_AND_VERIFIED u starom worktree-u, NIJE na main; ne portuje se",NONE — 0 odobreno / 0 integrisano; bez mass apply; runtime productImage nepromenjen,,YES (sourceSha256 + veličina fajla isti),https://www.carsystem.org/fileadmin/_processed_/4/5/csm_cs-adapters-fuer-cps_8f075273e6.webp,https://www.carsystem.org/fileadmin/products/images/158.063/cs-adapters-fuer-cps.webp,APPROVED_RUNTIME_IMAGE,historical-evidence/css-rendering-candidates.csv,"linearni manjak 9.6 %, manjak površine 11.0 %; inflacija boxa 1.123"
carsystem__carsystem-af-21-1k-filler#SOURCE_PIPELINE_REEXPORT_CANDIDATE_UNMEASURED,carsystem__carsystem-af-21-1k-filler,carsystem,carsystem,Carsystem AF.21 1K Filler,carsystem-af-21-1k-filler,/products/carsystem/catalog/carsystem-af-21-1k-filler.webp,660,571,SOURCE_PIPELINE_REEXPORT_CANDIDATE_UNMEASURED,tone/source re-export (kandidat),RULE_BASED_CANDIDATE,CANDIDATE_NOT_YET_MEASURED,unknown,,,A_OK_NO_CHANGE,NONE,pipelineToneStatus = unknown; ekstrapolacija zabranjena (finalna odluka 9); sistemski re-export nije ni planiran ni odobren,NONE — 0 odobreno / 0 integrisano; bez mass apply; runtime productImage nepromenjen,,YES (sourceSha256 + veličina fajla isti),https://www.carsystem.org/fileadmin/_processed_/0/d/csm_158244-158245-af21-1k-filler_thinner_25d242084e.png,https://www.carsystem.org/fileadmin/products/images/158.244/158244-158245-af21-1k-filler_thinner.png,IMAGE_QUALITY_REVIEW_ONLY,pravilo: današnji manifest porekla (izvor = _processed_ PNG derivat); par NIJE meren,"NIJE potvrđen defekt. Isti tip izvora kao 15 izmerenih parova — to je razlog za merenje, ne rezultat merenja.; handoff: nije ni kontrola ni tretirani pilot (nema izmeren original)"
carsystem__carsystem-air-hose-air-hose-coil#SOURCE_PIPELINE_REEXPORT_CANDIDATE_UNMEASURED,carsystem__carsystem-air-hose-air-hose-coil,carsystem,carsystem,Carsystem Air hose – Air hose coil,carsystem-air-hose-air-hose-coil,/products/carsystem/catalog/carsystem-air-hose-air-hose-coil.webp,660,330,SOURCE_PIPELINE_REEXPORT_CANDIDATE_UNMEASURED,tone/source re-export (kandidat),RULE_BASED_CANDIDATE,CANDIDATE_NOT_YET_MEASURED,unknown,,,A_OK_NO_CHANGE,NONE,pipelineToneStatus = unknown; ekstrapolacija zabranjena (finalna odluka 9); sistemski re-export nije ni planiran ni odobren,NONE — 0 odobreno / 0 integrisano; bez mass apply; runtime productImage nepromenjen,,YES (sourceSha256 + veličina fajla isti),https://www.carsystem.org/fileadmin/_processed_/4/d/csm_143131-cs-antistat-schlauch-durchm-9mm-20-bar_7ca0509aa8.png,https://www.carsystem.org/fileadmin/products/images/143.131/143131-cs-antistat-schlauch-durchm-9mm-20-bar.png,IMAGE_QUALITY_REVIEW_ONLY,pravilo: današnji manifest porekla (izvor = _processed_ PNG derivat); par NIJE meren,"NIJE potvrđen defekt. Isti tip izvora kao 15 izmerenih parova — to je razlog za merenje, ne rezultat merenja."
carsystem__carsystem-air-hose-air-hose-complete#SOURCE_PIPELINE_REEXPORT_CANDIDATE_UNMEASURED,carsystem__carsystem-air-hose-air-hose-complete,carsystem,carsystem,Carsystem Air hose – Air hose complete,carsystem-air-hose-air-hose-complete,/products/carsystem/catalog/carsystem-air-hose-air-hose-complete.webp,660,543,SOURCE_PIPELINE_REEXPORT_CANDIDATE_UNMEASURED,tone/source re-export (kandidat),RULE_BASED_CANDIDATE,CANDIDATE_NOT_YET_MEASURED,unknown,,,A_OK_NO_CHANGE,NONE,pipelineToneStatus = unknown; ekstrapolacija zabranjena (finalna odluka 9); sistemski re-export nije ni planiran ni odobren,NONE — 0 odobreno / 0 integrisano; bez mass apply; runtime productImage nepromenjen,,YES (sourceSha256 + veličina fajla isti),https://www.carsystem.org/fileadmin/_processed_/c/3/csm_139039-cs-luftschlauch-9mm-12_5m-lang-12-bar_a1269394e8.png,https://www.carsystem.org/fileadmin/products/images/139.039/139039-cs-luftschlauch-9mm-12_5m-lang-12-bar.png,IMAGE_QUALITY_REVIEW_ONLY,pravilo: današnji manifest porekla (izvor = _processed_ PNG derivat); par NIJE meren,"NIJE potvrđen defekt. Isti tip izvora kao 15 izmerenih parova — to je razlog za merenje, ne rezultat merenja."
carsystem__carsystem-all-in-one-covers#SOURCE_PIPELINE_REEXPORT_CANDIDATE_UNMEASURED,carsystem__carsystem-all-in-one-covers,carsystem,carsystem,Carsystem All In One Covers,carsystem-all-in-one-covers,/products/carsystem/catalog/carsystem-all-in-one-covers.webp,660,431,SOURCE_PIPELINE_REEXPORT_CANDIDATE_UNMEASURED,tone/source re-export (kandidat),RULE_BASED_CANDIDATE,CANDIDATE_NOT_YET_MEASURED,unknown,,,A_OK_NO_CHANGE,NONE,pipelineToneStatus = unknown; ekstrapolacija zabranjena (finalna odluka 9); sistemski re-export nije ni planiran ni odobren,NONE — 0 odobreno / 0 integrisano; bez mass apply; runtime productImage nepromenjen,,YES (sourceSha256 + veličina fajla isti),https://www.carsystem.org/fileadmin/_processed_/6/5/csm_159.480-cs-allinone-covers-dispenserbox_cf4ef3331b.png,https://www.carsystem.org/fileadmin/products/images/159.480/159.480-cs-allinone-covers-dispenserbox.png,IMAGE_QUALITY_REVIEW_ONLY,pravilo: današnji manifest porekla (izvor = _processed_ PNG derivat); par NIJE meren,"NIJE potvrđen defekt. Isti tip izvora kao 15 izmerenih parova — to je razlog za merenje, ne rezultat merenja."
carsystem__carsystem-alu-spezial#FIT_MEASURES_BAKED_SHADOW,carsystem__carsystem-alu-spezial,carsystem,carsystem,Carsystem Alu Spezial,carsystem-alu-spezial,/products/carsystem/catalog/carsystem-alu-spezial.webp,660,406,FIT_MEASURES_BAKED_SHADOW,"crop/fit (rendering, ne asset)",HISTORICAL_CONFIRMED,KNOWN_RENDERING_ISSUE,unknown,,,A_OK_NO_CHANGE,CSS_RENDERING_PROBLEM,"rešenje = V6A hibridni subjectBox (merenjem, bez izmene fajla; bez cropa) — IMPLEMENTED_AND_VERIFIED u starom worktree-u, NIJE na main; ne portuje se",NONE — 0 odobreno / 0 integrisano; bez mass apply; runtime productImage nepromenjen,,YES (sourceSha256 + veličina fajla isti),https://www.carsystem.org/fileadmin/_processed_/d/8/csm_148.524-cs-alu-spezial-inkl-haerter-3D_dde3184952.png,https://www.carsystem.org/fileadmin/products/images/148.524/148.524-cs-alu-spezial-inkl-haerter-3D.png,IMAGE_QUALITY_REVIEW_ONLY,historical-evidence/css-rendering-candidates.csv,"linearni manjak 10.4 %, manjak površine 17.8 %; inflacija boxa 1.2167"
carsystem__carsystem-alu-spezial#SOURCE_PIPELINE_REEXPORT_CANDIDATE_UNMEASURED,carsystem__carsystem-alu-spezial,carsystem,carsystem,Carsystem Alu Spezial,carsystem-alu-spezial,/products/carsystem/catalog/carsystem-alu-spezial.webp,660,406,SOURCE_PIPELINE_REEXPORT_CANDIDATE_UNMEASURED,tone/source re-export (kandidat),RULE_BASED_CANDIDATE,CANDIDATE_NOT_YET_MEASURED,unknown,,,A_OK_NO_CHANGE,CSS_RENDERING_PROBLEM,pipelineToneStatus = unknown; ekstrapolacija zabranjena (finalna odluka 9); sistemski re-export nije ni planiran ni odobren,NONE — 0 odobreno / 0 integrisano; bez mass apply; runtime productImage nepromenjen,,YES (sourceSha256 + veličina fajla isti),https://www.carsystem.org/fileadmin/_processed_/d/8/csm_148.524-cs-alu-spezial-inkl-haerter-3D_dde3184952.png,https://www.carsystem.org/fileadmin/products/images/148.524/148.524-cs-alu-spezial-inkl-haerter-3D.png,IMAGE_QUALITY_REVIEW_ONLY,pravilo: današnji manifest porekla (izvor = _processed_ PNG derivat); par NIJE meren,"NIJE potvrđen defekt. Isti tip izvora kao 15 izmerenih parova — to je razlog za merenje, ne rezultat merenja."
carsystem__carsystem-aluminium-mesh#SOURCE_PIPELINE_REEXPORT_CANDIDATE_UNMEASURED,carsystem__carsystem-aluminium-mesh,carsystem,carsystem,Carsystem Aluminium mesh,carsystem-aluminium-mesh,/products/carsystem/catalog/carsystem-aluminium-mesh.webp,660,775,SOURCE_PIPELINE_REEXPORT_CANDIDATE_UNMEASURED,tone/source re-export (kandidat),RULE_BASED_CANDIDATE,CANDIDATE_NOT_YET_MEASURED,unknown,,,A_OK_NO_CHANGE,NONE,pipelineToneStatus = unknown; ekstrapolacija zabranjena (finalna odluka 9); sistemski re-export nije ni planiran ni odobren,NONE — 0 odobreno / 0 integrisano; bez mass apply; runtime productImage nepromenjen,,YES (sourceSha256 + veličina fajla isti),https://www.carsystem.org/fileadmin/_processed_/7/e/csm_126041-cs-alu-reparaturgitter-25x20_439291f402.png,https://www.carsystem.org/fileadmin/products/images/126.041/126041-cs-alu-reparaturgitter-25x20.png,IMAGE_QUALITY_REVIEW_ONLY,pravilo: današnji manifest porekla (izvor = _processed_ PNG derivat); par NIJE meren,"NIJE potvrđen defekt. Isti tip izvora kao 15 izmerenih parova — to je razlog za merenje, ne rezultat merenja."
carsystem__carsystem-anti-rust-putty#CLASS_B_DETERMINISTIC_FIX,carsystem__carsystem-anti-rust-putty,carsystem,carsystem,Carsystem Anti Rust Putty,carsystem-anti-rust-putty,/products/carsystem/catalog/carsystem-anti-rust-putty.webp,660,406,CLASS_B_DETERMINISTIC_FIX,asset (deterministički tretman),HISTORICAL_CONFIRMED,KNOWN_ASSET_ISSUE,confirmed,,,B_DETERMINISTIC_FIX,BOTH,"klasa B — tretman tek posle odobrenja pilota (handoff §12.8); finalna pravila imaju prednost nad predlogom: bez cropa, bez globalnog brightness/gamma/contrast, bez AI",NONE — 0 odobreno / 0 integrisano; bez mass apply; runtime productImage nepromenjen,PILOT 149.612 — pending_manual_review,YES (sourceSha256 + veličina fajla isti),https://www.carsystem.org/fileadmin/_processed_/e/0/csm_149.612-cs-anti-rust-putty-inkl-haerter-3D_18a32b0639.png,https://www.carsystem.org/fileadmin/products/images/149.612/149.612-cs-anti-rust-putty-inkl-haerter-3D.png,IMAGE_QUALITY_REVIEW_ONLY,historical-evidence/CARSYSTEM_IMAGE_AUDIT.csv,nalaz: širok poluprovidni oreol/refleks u alfi | istorijski predlog: čišćenje alfa krive na ivici | rizik: nizak
carsystem__carsystem-anti-rust-putty#FIT_MEASURES_BAKED_SHADOW,carsystem__carsystem-anti-rust-putty,carsystem,carsystem,Carsystem Anti Rust Putty,carsystem-anti-rust-putty,/products/carsystem/catalog/carsystem-anti-rust-putty.webp,660,406,FIT_MEASURES_BAKED_SHADOW,"crop/fit (rendering, ne asset)",HISTORICAL_CONFIRMED,KNOWN_RENDERING_ISSUE,confirmed,,,B_DETERMINISTIC_FIX,BOTH,"rešenje = V6A hibridni subjectBox (merenjem, bez izmene fajla; bez cropa) — IMPLEMENTED_AND_VERIFIED u starom worktree-u, NIJE na main; ne portuje se",NONE — 0 odobreno / 0 integrisano; bez mass apply; runtime productImage nepromenjen,PILOT 149.612 — pending_manual_review,YES (sourceSha256 + veličina fajla isti),https://www.carsystem.org/fileadmin/_processed_/e/0/csm_149.612-cs-anti-rust-putty-inkl-haerter-3D_18a32b0639.png,https://www.carsystem.org/fileadmin/products/images/149.612/149.612-cs-anti-rust-putty-inkl-haerter-3D.png,IMAGE_QUALITY_REVIEW_ONLY,historical-evidence/css-rendering-candidates.csv,"linearni manjak 21.1 %, manjak površine 25.6 %; inflacija boxa 1.3437"
carsystem__carsystem-anti-rust-putty#MEASURED_TONE_DEFECT,carsystem__carsystem-anti-rust-putty,carsystem,carsystem,Carsystem Anti Rust Putty,carsystem-anti-rust-putty,/products/carsystem/catalog/carsystem-anti-rust-putty.webp,660,406,MEASURED_TONE_DEFECT,tone/source re-export,MEASURED,CONFIRMED_QUALITY_ISSUE,confirmed,2.14,-39.5,B_DETERMINISTIC_FIX,BOTH,REEXPORT_FROM_OFFICIAL_ORIGINAL (ICC→sRGB samo ako profil postoji; bez globalnog brightness/gamma; bez AI) — tek posle odobrenja pilota,NONE — 0 odobreno / 0 integrisano; bez mass apply; runtime productImage nepromenjen,PILOT 149.612 — pending_manual_review,YES (sourceSha256 + veličina fajla isti),https://www.carsystem.org/fileadmin/_processed_/e/0/csm_149.612-cs-anti-rust-putty-inkl-haerter-3D_18a32b0639.png,https://www.carsystem.org/fileadmin/products/images/149.612/149.612-cs-anti-rust-putty-inkl-haerter-3D.png,IMAGE_QUALITY_REVIEW_ONLY,historical-evidence/pipeline-tone-measurements.json,"izmeren par: original PNG 1300×800, ICC ne; medLum 167.0 → 101.0; 133711 piksela"
carsystem__carsystem-applicator#CLASS_B_DETERMINISTIC_FIX,carsystem__carsystem-applicator,carsystem,carsystem,Carsystem Applicator,carsystem-applicator,/products/carsystem/catalog/carsystem-applicator.webp,660,812,CLASS_B_DETERMINISTIC_FIX,asset (deterministički tretman),HISTORICAL_CONFIRMED,KNOWN_ASSET_ISSUE,unknown,,,B_DETERMINISTIC_FIX,SOURCE_IMAGE_PROBLEM,"klasa B — tretman tek posle odobrenja pilota (handoff §12.8); finalna pravila imaju prednost nad predlogom: bez cropa, bez globalnog brightness/gamma/contrast, bez AI",NONE — 0 odobreno / 0 integrisano; bez mass apply; runtime productImage nepromenjen,,YES (sourceSha256 + veličina fajla isti),https://www.carsystem.org/fileadmin/_processed_/d/3/csm_139325-cs-uniflex-glas-applikator_e976320978.png,https://www.carsystem.org/fileadmin/products/images/139.325/139325-cs-uniflex-glas-applikator.png,IMAGE_QUALITY_REVIEW_ONLY,historical-evidence/CARSYSTEM_IMAGE_AUDIT.csv,nalaz: širok poluprovidni oreol/refleks u alfi | istorijski predlog: čišćenje alfa krive na ivici | rizik: nizak
carsystem__carsystem-applicator#SOURCE_PIPELINE_REEXPORT_CANDIDATE_UNMEASURED,carsystem__carsystem-applicator,carsystem,carsystem,Carsystem Applicator,carsystem-applicator,/products/carsystem/catalog/carsystem-applicator.webp,660,812,SOURCE_PIPELINE_REEXPORT_CANDIDATE_UNMEASURED,tone/source re-export (kandidat),RULE_BASED_CANDIDATE,CANDIDATE_NOT_YET_MEASURED,unknown,,,B_DETERMINISTIC_FIX,SOURCE_IMAGE_PROBLEM,pipelineToneStatus = unknown; ekstrapolacija zabranjena (finalna odluka 9); sistemski re-export nije ni planiran ni odobren,NONE — 0 odobreno / 0 integrisano; bez mass apply; runtime productImage nepromenjen,,YES (sourceSha256 + veličina fajla isti),https://www.carsystem.org/fileadmin/_processed_/d/3/csm_139325-cs-uniflex-glas-applikator_e976320978.png,https://www.carsystem.org/fileadmin/products/images/139.325/139325-cs-uniflex-glas-applikator.png,IMAGE_QUALITY_REVIEW_ONLY,pravilo: današnji manifest porekla (izvor = _processed_ PNG derivat); par NIJE meren,"NIJE potvrđen defekt. Isti tip izvora kao 15 izmerenih parova — to je razlog za merenje, ne rezultat merenja."
carsystem__carsystem-auto-mask#SOURCE_PIPELINE_REEXPORT_CANDIDATE_UNMEASURED,carsystem__carsystem-auto-mask,carsystem,carsystem,Carsystem Auto Mask,carsystem-auto-mask,/products/carsystem/catalog/carsystem-auto-mask.webp,660,1833,SOURCE_PIPELINE_REEXPORT_CANDIDATE_UNMEASURED,tone/source re-export (kandidat),RULE_BASED_CANDIDATE,CANDIDATE_NOT_YET_MEASURED,unknown,,,A_OK_NO_CHANGE,NONE,pipelineToneStatus = unknown; ekstrapolacija zabranjena (finalna odluka 9); sistemski re-export nije ni planiran ni odobren,NONE — 0 odobreno / 0 integrisano; bez mass apply; runtime productImage nepromenjen,,YES (sourceSha256 + veličina fajla isti),https://www.carsystem.org/fileadmin/_processed_/8/5/csm_125476-cs-automask-refill-rolle-0_55x33m_75b4c3fed6.png,https://www.carsystem.org/fileadmin/products/images/125.476/125476-cs-automask-refill-rolle-0_55x33m.png,IMAGE_QUALITY_REVIEW_ONLY,pravilo: današnji manifest porekla (izvor = _processed_ PNG derivat); par NIJE meren,"NIJE potvrđen defekt. Isti tip izvora kao 15 izmerenih parova — to je razlog za merenje, ne rezultat merenja."
carsystem__carsystem-black-tape#SOURCE_PIPELINE_REEXPORT_CANDIDATE_UNMEASURED,carsystem__carsystem-black-tape,carsystem,carsystem,Carsystem Black Tape,carsystem-black-tape,/products/carsystem/catalog/carsystem-black-tape.webp,660,440,SOURCE_PIPELINE_REEXPORT_CANDIDATE_UNMEASURED,tone/source re-export (kandidat),RULE_BASED_CANDIDATE,CANDIDATE_NOT_YET_MEASURED,unknown,,,A_OK_NO_CHANGE,NONE,pipelineToneStatus = unknown; ekstrapolacija zabranjena (finalna odluka 9); sistemski re-export nije ni planiran ni odobren,NONE — 0 odobreno / 0 integrisano; bez mass apply; runtime productImage nepromenjen,,YES (sourceSha256 + veličina fajla isti),https://www.carsystem.org/fileadmin/_processed_/6/8/csm_147753-cs-black-tape-gewebeband-50mmx50m_20ca58c8a5.png,https://www.carsystem.org/fileadmin/products/images/147.753/147753-cs-black-tape-gewebeband-50mmx50m.png,IMAGE_QUALITY_REVIEW_ONLY,pravilo: današnji manifest porekla (izvor = _processed_ PNG derivat); par NIJE meren,"NIJE potvrđen defekt. Isti tip izvora kao 15 izmerenih parova — to je razlog za merenje, ne rezultat merenja."
carsystem__carsystem-blacky#SOURCE_PIPELINE_REEXPORT_CANDIDATE_UNMEASURED,carsystem__carsystem-blacky,carsystem,carsystem,Carsystem Blacky,carsystem-blacky,/products/carsystem/catalog/carsystem-blacky.webp,660,523,SOURCE_PIPELINE_REEXPORT_CANDIDATE_UNMEASURED,tone/source re-export (kandidat),RULE_BASED_CANDIDATE,CANDIDATE_NOT_YET_MEASURED,unknown,,,A_OK_NO_CHANGE,NONE,pipelineToneStatus = unknown; ekstrapolacija zabranjena (finalna odluka 9); sistemski re-export nije ni planiran ni odobren,NONE — 0 odobreno / 0 integrisano; bez mass apply; runtime productImage nepromenjen,,YES (sourceSha256 + veličina fajla isti),https://www.carsystem.org/fileadmin/_processed_/5/0/csm_137433-cs-blacky-gummispachtel-100x60mm_3f3e46fc5e.png,https://www.carsystem.org/fileadmin/products/images/137.433/137433-cs-blacky-gummispachtel-100x60mm.png,IMAGE_QUALITY_REVIEW_ONLY,pravilo: današnji manifest porekla (izvor = _processed_ PNG derivat); par NIJE meren,"NIJE potvrđen defekt. Isti tip izvora kao 15 izmerenih parova — to je razlog za merenje, ne rezultat merenja."
carsystem__carsystem-blow-off-gun#SOURCE_PIPELINE_REEXPORT_CANDIDATE_UNMEASURED,carsystem__carsystem-blow-off-gun,carsystem,carsystem,Carsystem Blow Off Gun,carsystem-blow-off-gun,/products/carsystem/catalog/carsystem-blow-off-gun.webp,660,480,SOURCE_PIPELINE_REEXPORT_CANDIDATE_UNMEASURED,tone/source re-export (kandidat),RULE_BASED_CANDIDATE,CANDIDATE_NOT_YET_MEASURED,unknown,,,A_OK_NO_CHANGE,NONE,pipelineToneStatus = unknown; ekstrapolacija zabranjena (finalna odluka 9); sistemski re-export nije ni planiran ni odobren,NONE — 0 odobreno / 0 integrisano; bez mass apply; runtime productImage nepromenjen,,YES (sourceSha256 + veličina fajla isti),https://www.carsystem.org/fileadmin/_processed_/e/b/csm_145270-273-cs-ausblaspistole-gruppe_0509c86402.png,https://www.carsystem.org/fileadmin/products/images/145.270/145270-273-cs-ausblaspistole-gruppe.png,IMAGE_QUALITY_REVIEW_ONLY,pravilo: današnji manifest porekla (izvor = _processed_ PNG derivat); par NIJE meren,"NIJE potvrđen defekt. Isti tip izvora kao 15 izmerenih parova — to je razlog za merenje, ne rezultat merenja."
carsystem__carsystem-blow-off-stick#SOURCE_PIPELINE_REEXPORT_CANDIDATE_UNMEASURED,carsystem__carsystem-blow-off-stick,carsystem,carsystem,Carsystem Blow Off Stick,carsystem-blow-off-stick,/products/carsystem/catalog/carsystem-blow-off-stick.webp,660,335,SOURCE_PIPELINE_REEXPORT_CANDIDATE_UNMEASURED,tone/source re-export (kandidat),RULE_BASED_CANDIDATE,CANDIDATE_NOT_YET_MEASURED,unknown,,,A_OK_NO_CHANGE,NONE,pipelineToneStatus = unknown; ekstrapolacija zabranjena (finalna odluka 9); sistemski re-export nije ni planiran ni odobren,NONE — 0 odobreno / 0 integrisano; bez mass apply; runtime productImage nepromenjen,,YES (sourceSha256 + veličina fajla isti),https://www.carsystem.org/fileadmin/_processed_/f/2/csm_154123-124-cs-ausblasstift-gruppe_421f2aff30.png,https://www.carsystem.org/fileadmin/products/images/154.123/154123-124-cs-ausblasstift-gruppe.png,IMAGE_QUALITY_REVIEW_ONLY,pravilo: današnji manifest porekla (izvor = _processed_ PNG derivat); par NIJE meren,"NIJE potvrđen defekt. Isti tip izvora kao 15 izmerenih parova — to je razlog za merenje, ne rezultat merenja."
carsystem__carsystem-bodyshirt-black#CLASS_F_SPECIAL_MARKETING_IMAGE,carsystem__carsystem-bodyshirt-black,carsystem,carsystem,Carsystem Bodyshirt Black,carsystem-bodyshirt-black,/products/carsystem/catalog/carsystem-bodyshirt-black.webp,660,660,CLASS_F_SPECIAL_MARKETING_IMAGE,manual review,MANUAL_REVIEW_REQUIRED,NO_ACTION_APPROVED,unknown,,,F_SPECIAL_MARKETING_IMAGE,SOURCE_IMAGE_PROBLEM,klasa F — marketinška/merch fotografija; ne dira se,NONE — 0 odobreno / 0 integrisano; bez mass apply; runtime productImage nepromenjen,,YES (sourceSha256 + veličina fajla isti),https://www.carsystem.org/fileadmin/_processed_/a/7/csm_158.535-538-bodyshirt-black_7bbe791203.png,https://www.carsystem.org/fileadmin/products/images/158.536/158.535-538-bodyshirt-black.png,IMAGE_QUALITY_REVIEW_ONLY,historical-evidence/CARSYSTEM_IMAGE_AUDIT.csv,nalaz: merch/model/brand composition | rizik: nema (ne dira se)
carsystem__carsystem-bodyshirt-black#SOURCE_PIPELINE_REEXPORT_CANDIDATE_UNMEASURED,carsystem__carsystem-bodyshirt-black,carsystem,carsystem,Carsystem Bodyshirt Black,carsystem-bodyshirt-black,/products/carsystem/catalog/carsystem-bodyshirt-black.webp,660,660,SOURCE_PIPELINE_REEXPORT_CANDIDATE_UNMEASURED,tone/source re-export (kandidat),RULE_BASED_CANDIDATE,CANDIDATE_NOT_YET_MEASURED,unknown,,,F_SPECIAL_MARKETING_IMAGE,SOURCE_IMAGE_PROBLEM,pipelineToneStatus = unknown; ekstrapolacija zabranjena (finalna odluka 9); sistemski re-export nije ni planiran ni odobren,NONE — 0 odobreno / 0 integrisano; bez mass apply; runtime productImage nepromenjen,,YES (sourceSha256 + veličina fajla isti),https://www.carsystem.org/fileadmin/_processed_/a/7/csm_158.535-538-bodyshirt-black_7bbe791203.png,https://www.carsystem.org/fileadmin/products/images/158.536/158.535-538-bodyshirt-black.png,IMAGE_QUALITY_REVIEW_ONLY,pravilo: današnji manifest porekla (izvor = _processed_ PNG derivat); par NIJE meren,"NIJE potvrđen defekt. Isti tip izvora kao 15 izmerenih parova — to je razlog za merenje, ne rezultat merenja."
carsystem__carsystem-booth-mask#SOURCE_PIPELINE_REEXPORT_CANDIDATE_UNMEASURED,carsystem__carsystem-booth-mask,carsystem,carsystem,Carsystem Booth Mask,carsystem-booth-mask,/products/carsystem/catalog/carsystem-booth-mask.webp,660,679,SOURCE_PIPELINE_REEXPORT_CANDIDATE_UNMEASURED,tone/source re-export (kandidat),RULE_BASED_CANDIDATE,CANDIDATE_NOT_YET_MEASURED,unknown,,,A_OK_NO_CHANGE,NONE,pipelineToneStatus = unknown; ekstrapolacija zabranjena (finalna odluka 9); sistemski re-export nije ni planiran ni odobren,NONE — 0 odobreno / 0 integrisano; bez mass apply; runtime productImage nepromenjen,,YES (sourceSha256 + veličina fajla isti),https://www.carsystem.org/fileadmin/_processed_/5/e/csm_149358-359-cs-booth-mask-5-l-20-l_c1365ba217.png,https://www.carsystem.org/fileadmin/products/images/149.358/149358-359-cs-booth-mask-5-l-20-l.png,IMAGE_QUALITY_REVIEW_ONLY,pravilo: današnji manifest porekla (izvor = _processed_ PNG derivat); par NIJE meren,"NIJE potvrđen defekt. Isti tip izvora kao 15 izmerenih parova — to je razlog za merenje, ne rezultat merenja."
carsystem__carsystem-booth-mask-stick#SOURCE_PIPELINE_REEXPORT_CANDIDATE_UNMEASURED,carsystem__carsystem-booth-mask-stick,carsystem,carsystem,Carsystem Booth Mask Stick,carsystem-booth-mask-stick,/products/carsystem/catalog/carsystem-booth-mask-stick.webp,660,598,SOURCE_PIPELINE_REEXPORT_CANDIDATE_UNMEASURED,tone/source re-export (kandidat),RULE_BASED_CANDIDATE,CANDIDATE_NOT_YET_MEASURED,unknown,,,A_OK_NO_CHANGE,NONE,pipelineToneStatus = unknown; ekstrapolacija zabranjena (finalna odluka 9); sistemski re-export nije ni planiran ni odobren,NONE — 0 odobreno / 0 integrisano; bez mass apply; runtime productImage nepromenjen,,YES (sourceSha256 + veličina fajla isti),https://www.carsystem.org/fileadmin/_processed_/d/6/csm_149338-339-340-cs-booth-mask-stick-5-l-10-l-25-l_56349552dd.png,https://www.carsystem.org/fileadmin/products/images/149.338/149338-339-340-cs-booth-mask-stick-5-l-10-l-25-l.png,IMAGE_QUALITY_REVIEW_ONLY,pravilo: današnji manifest porekla (izvor = _processed_ PNG derivat); par NIJE meren,"NIJE potvrđen defekt. Isti tip izvora kao 15 izmerenih parova — to je razlog za merenje, ne rezultat merenja."
carsystem__carsystem-booth-mask-white#SOURCE_PIPELINE_REEXPORT_CANDIDATE_UNMEASURED,carsystem__carsystem-booth-mask-white,carsystem,carsystem,Carsystem Booth Mask White,carsystem-booth-mask-white,/products/carsystem/catalog/carsystem-booth-mask-white.webp,660,978,SOURCE_PIPELINE_REEXPORT_CANDIDATE_UNMEASURED,tone/source re-export (kandidat),RULE_BASED_CANDIDATE,CANDIDATE_NOT_YET_MEASURED,unknown,,,A_OK_NO_CHANGE,NONE,pipelineToneStatus = unknown; ekstrapolacija zabranjena (finalna odluka 9); sistemski re-export nije ni planiran ni odobren,NONE — 0 odobreno / 0 integrisano; bez mass apply; runtime productImage nepromenjen,,YES (sourceSha256 + veličina fajla isti),https://www.carsystem.org/fileadmin/_processed_/a/f/csm_153205-cs-booth-mask-white-19-l_0aaad463c6.png,https://www.carsystem.org/fileadmin/products/images/153.205/153205-cs-booth-mask-white-19-l.png,IMAGE_QUALITY_REVIEW_ONLY,pravilo: današnji manifest porekla (izvor = _processed_ PNG derivat); par NIJE meren,"NIJE potvrđen defekt. Isti tip izvora kao 15 izmerenih parova — to je razlog za merenje, ne rezultat merenja."
carsystem__carsystem-bpo-hardener#SOURCE_PIPELINE_REEXPORT_CANDIDATE_UNMEASURED,carsystem__carsystem-bpo-hardener,carsystem,carsystem,Carsystem BPO Hardener,carsystem-bpo-hardener,/products/carsystem/catalog/carsystem-bpo-hardener.webp,660,1598,SOURCE_PIPELINE_REEXPORT_CANDIDATE_UNMEASURED,tone/source re-export (kandidat),RULE_BASED_CANDIDATE,CANDIDATE_NOT_YET_MEASURED,unknown,,,A_OK_NO_CHANGE,NONE,pipelineToneStatus = unknown; ekstrapolacija zabranjena (finalna odluka 9); sistemski re-export nije ni planiran ni odobren,NONE — 0 odobreno / 0 integrisano; bez mass apply; runtime productImage nepromenjen,,YES (sourceSha256 + veličina fajla isti),https://www.carsystem.org/fileadmin/_processed_/1/2/csm_132413-bpo-haerter-foerster-rot_197e138881.png,https://www.carsystem.org/fileadmin/products/images/132.413/132413-bpo-haerter-foerster-rot.png,IMAGE_QUALITY_REVIEW_ONLY,pravilo: današnji manifest porekla (izvor = _processed_ PNG derivat); par NIJE meren,"NIJE potvrđen defekt. Isti tip izvora kao 15 izmerenih parova — to je razlog za merenje, ne rezultat merenja."
carsystem__carsystem-brush-set#SOURCE_PIPELINE_REEXPORT_CANDIDATE_UNMEASURED,carsystem__carsystem-brush-set,carsystem,carsystem,Carsystem Brush Set,carsystem-brush-set,/products/carsystem/catalog/carsystem-brush-set.webp,660,419,SOURCE_PIPELINE_REEXPORT_CANDIDATE_UNMEASURED,tone/source re-export (kandidat),RULE_BASED_CANDIDATE,CANDIDATE_NOT_YET_MEASURED,unknown,,,A_OK_NO_CHANGE,NONE,pipelineToneStatus = unknown; ekstrapolacija zabranjena (finalna odluka 9); sistemski re-export nije ni planiran ni odobren,NONE — 0 odobreno / 0 integrisano; bez mass apply; runtime productImage nepromenjen,,YES (sourceSha256 + veličina fajla isti),https://www.carsystem.org/fileadmin/_processed_/7/d/csm_140970-cs-brush-set_bc2c7237b1.png,https://www.carsystem.org/fileadmin/products/images/140.970/140970-cs-brush-set.png,IMAGE_QUALITY_REVIEW_ONLY,pravilo: današnji manifest porekla (izvor = _processed_ PNG derivat); par NIJE meren,"NIJE potvrđen defekt. Isti tip izvora kao 15 izmerenih parova — to je razlog za merenje, ne rezultat merenja."
carsystem__carsystem-bumper-paint#SOURCE_PIPELINE_REEXPORT_CANDIDATE_UNMEASURED,carsystem__carsystem-bumper-paint,carsystem,carsystem,Carsystem Bumper Paint,carsystem-bumper-paint,/products/carsystem/catalog/carsystem-bumper-paint.webp,660,660,SOURCE_PIPELINE_REEXPORT_CANDIDATE_UNMEASURED,tone/source re-export (kandidat),RULE_BASED_CANDIDATE,CANDIDATE_NOT_YET_MEASURED,unknown,,,A_OK_NO_CHANGE,NONE,pipelineToneStatus = unknown; ekstrapolacija zabranjena (finalna odluka 9); sistemski re-export nije ni planiran ni odobren,NONE — 0 odobreno / 0 integrisano; bez mass apply; runtime productImage nepromenjen,,YES (sourceSha256 + veličina fajla isti),https://www.carsystem.org/fileadmin/_processed_/a/3/csm_147447-cs-bumper-paint-schwarz-1-l-3D_7913611c0f.png,https://www.carsystem.org/fileadmin/products/images/147.447/147447-cs-bumper-paint-schwarz-1-l-3D.png,IMAGE_QUALITY_REVIEW_ONLY,pravilo: današnji manifest porekla (izvor = _processed_ PNG derivat); par NIJE meren,"NIJE potvrđen defekt. Isti tip izvora kao 15 izmerenih parova — to je razlog za merenje, ne rezultat merenja."
carsystem__carsystem-bumper-stand#CLASS_B_DETERMINISTIC_FIX,carsystem__carsystem-bumper-stand,carsystem,carsystem,Carsystem Bumper Stand,carsystem-bumper-stand,/products/carsystem/catalog/carsystem-bumper-stand.webp,660,660,CLASS_B_DETERMINISTIC_FIX,asset (deterministički tretman),HISTORICAL_CONFIRMED,KNOWN_ASSET_ISSUE,unknown,,,B_DETERMINISTIC_FIX,SOURCE_IMAGE_PROBLEM,"klasa B — tretman tek posle odobrenja pilota (handoff §12.8); finalna pravila imaju prednost nad predlogom: bez cropa, bez globalnog brightness/gamma/contrast, bez AI",NONE — 0 odobreno / 0 integrisano; bez mass apply; runtime productImage nepromenjen,,YES (sourceSha256 + veličina fajla isti),https://www.carsystem.org/fileadmin/_processed_/f/a/csm_159.413-cs-bumper-stand_1b0f50b0a6.png,https://www.carsystem.org/fileadmin/products/images/159.413/159.413-cs-bumper-stand.png,IMAGE_QUALITY_REVIEW_ONLY,historical-evidence/CARSYSTEM_IMAGE_AUDIT.csv,nalaz: širok poluprovidni oreol/refleks u alfi | istorijski predlog: čišćenje alfa krive na ivici | rizik: nizak
carsystem__carsystem-bumper-stand#SOURCE_PIPELINE_REEXPORT_CANDIDATE_UNMEASURED,carsystem__carsystem-bumper-stand,carsystem,carsystem,Carsystem Bumper Stand,carsystem-bumper-stand,/products/carsystem/catalog/carsystem-bumper-stand.webp,660,660,SOURCE_PIPELINE_REEXPORT_CANDIDATE_UNMEASURED,tone/source re-export (kandidat),RULE_BASED_CANDIDATE,CANDIDATE_NOT_YET_MEASURED,unknown,,,B_DETERMINISTIC_FIX,SOURCE_IMAGE_PROBLEM,pipelineToneStatus = unknown; ekstrapolacija zabranjena (finalna odluka 9); sistemski re-export nije ni planiran ni odobren,NONE — 0 odobreno / 0 integrisano; bez mass apply; runtime productImage nepromenjen,,YES (sourceSha256 + veličina fajla isti),https://www.carsystem.org/fileadmin/_processed_/f/a/csm_159.413-cs-bumper-stand_1b0f50b0a6.png,https://www.carsystem.org/fileadmin/products/images/159.413/159.413-cs-bumper-stand.png,IMAGE_QUALITY_REVIEW_ONLY,pravilo: današnji manifest porekla (izvor = _processed_ PNG derivat); par NIJE meren,"NIJE potvrđen defekt. Isti tip izvora kao 15 izmerenih parova — to je razlog za merenje, ne rezultat merenja."
carsystem__carsystem-c-wax-c-80#SOURCE_PIPELINE_REEXPORT_CANDIDATE_UNMEASURED,carsystem__carsystem-c-wax-c-80,carsystem,carsystem,Carsystem C-Wax C-80,carsystem-c-wax-c-80,/products/carsystem/catalog/carsystem-c-wax-c-80.webp,660,1792,SOURCE_PIPELINE_REEXPORT_CANDIDATE_UNMEASURED,tone/source re-export (kandidat),RULE_BASED_CANDIDATE,CANDIDATE_NOT_YET_MEASURED,unknown,,,A_OK_NO_CHANGE,NONE,pipelineToneStatus = unknown; ekstrapolacija zabranjena (finalna odluka 9); sistemski re-export nije ni planiran ni odobren,NONE — 0 odobreno / 0 integrisano; bez mass apply; runtime productImage nepromenjen,,YES (sourceSha256 + veličina fajla isti),https://www.carsystem.org/fileadmin/_processed_/f/3/csm_158.243-c-wax-c-80-hochglanzversiegelung_151157df50.png,https://www.carsystem.org/fileadmin/products/images/158.243/158.243-c-wax-c-80-hochglanzversiegelung.png,IMAGE_QUALITY_REVIEW_ONLY,pravilo: današnji manifest porekla (izvor = _processed_ PNG derivat); par NIJE meren,"NIJE potvrđen defekt. Isti tip izvora kao 15 izmerenih parova — to je razlog za merenje, ne rezultat merenja."
carsystem__carsystem-can-scraper#CLASS_B_DETERMINISTIC_FIX,carsystem__carsystem-can-scraper,carsystem,carsystem,Carsystem Can Scraper,carsystem-can-scraper,/products/carsystem/catalog/carsystem-can-scraper.webp,660,660,CLASS_B_DETERMINISTIC_FIX,asset (deterministički tretman),HISTORICAL_CONFIRMED,KNOWN_ASSET_ISSUE,confirmed,,,B_DETERMINISTIC_FIX,SOURCE_IMAGE_PROBLEM,"klasa B — tretman tek posle odobrenja pilota (handoff §12.8); finalna pravila imaju prednost nad predlogom: bez cropa, bez globalnog brightness/gamma/contrast, bez AI",NONE — 0 odobreno / 0 integrisano; bez mass apply; runtime productImage nepromenjen,PILOT 159.672 — pending_manual_review,YES (sourceSha256 + veličina fajla isti),https://www.carsystem.org/fileadmin/_processed_/9/4/csm_159672-cs-can-scraper-set_7b8f0c02f9.png,https://www.carsystem.org/fileadmin/products/images/159.672/159672-cs-can-scraper-set.png,IMAGE_QUALITY_REVIEW_ONLY,historical-evidence/CARSYSTEM_IMAGE_AUDIT.csv,"nalaz: ravna crna silueta u derivatu; IZMERENO: original 5000x5000 ima modelaciju (p95 60, p99 83) koju derivat gubi (p95 7, p99 12) | istorijski predlog: deterministicki re-export iz official originala; BEZ levels zahvata i BEZ AI | rizik: vrlo nizak — fajl proizvodjaca, nista se ne izmislja"
carsystem__carsystem-can-scraper#MEASURED_TONE_DEFECT,carsystem__carsystem-can-scraper,carsystem,carsystem,Carsystem Can Scraper,carsystem-can-scraper,/products/carsystem/catalog/carsystem-can-scraper.webp,660,660,MEASURED_TONE_DEFECT,tone/source re-export,MEASURED,CONFIRMED_QUALITY_ISSUE,confirmed,2.15,-90.3,B_DETERMINISTIC_FIX,SOURCE_IMAGE_PROBLEM,REEXPORT_FROM_OFFICIAL_ORIGINAL (ICC→sRGB samo ako profil postoji; bez globalnog brightness/gamma; bez AI) — tek posle odobrenja pilota,NONE — 0 odobreno / 0 integrisano; bez mass apply; runtime productImage nepromenjen,PILOT 159.672 — pending_manual_review,YES (sourceSha256 + veličina fajla isti),https://www.carsystem.org/fileadmin/_processed_/9/4/csm_159672-cs-can-scraper-set_7b8f0c02f9.png,https://www.carsystem.org/fileadmin/products/images/159.672/159672-cs-can-scraper-set.png,IMAGE_QUALITY_REVIEW_ONLY,historical-evidence/pipeline-tone-measurements.json,"izmeren par: original PNG 5000×5000, ICC ne; medLum 10.3 → 1.0; 117622 piksela"
carsystem__carsystem-cap-black#CLASS_F_SPECIAL_MARKETING_IMAGE,carsystem__carsystem-cap-black,carsystem,carsystem,Carsystem Cap Black,carsystem-cap-black,/products/carsystem/catalog/carsystem-cap-black.webp,660,633,CLASS_F_SPECIAL_MARKETING_IMAGE,manual review,MANUAL_REVIEW_REQUIRED,NO_ACTION_APPROVED,unknown,,,F_SPECIAL_MARKETING_IMAGE,SOURCE_IMAGE_PROBLEM,klasa F — marketinška/merch fotografija; ne dira se,NONE — 0 odobreno / 0 integrisano; bez mass apply; runtime productImage nepromenjen,,YES (sourceSha256 + veličina fajla isti),https://www.carsystem.org/fileadmin/_processed_/4/3/csm_158.927-cap-black-front_back_330c06af38.png,https://www.carsystem.org/fileadmin/products/images/158.927/158.927-cap-black-front_back.png,IMAGE_QUALITY_REVIEW_ONLY,historical-evidence/CARSYSTEM_IMAGE_AUDIT.csv,nalaz: merch/model/brand composition | rizik: nema (ne dira se)
carsystem__carsystem-cap-black#SOURCE_PIPELINE_REEXPORT_CANDIDATE_UNMEASURED,carsystem__carsystem-cap-black,carsystem,carsystem,Carsystem Cap Black,carsystem-cap-black,/products/carsystem/catalog/carsystem-cap-black.webp,660,633,SOURCE_PIPELINE_REEXPORT_CANDIDATE_UNMEASURED,tone/source re-export (kandidat),RULE_BASED_CANDIDATE,CANDIDATE_NOT_YET_MEASURED,unknown,,,F_SPECIAL_MARKETING_IMAGE,SOURCE_IMAGE_PROBLEM,pipelineToneStatus = unknown; ekstrapolacija zabranjena (finalna odluka 9); sistemski re-export nije ni planiran ni odobren,NONE — 0 odobreno / 0 integrisano; bez mass apply; runtime productImage nepromenjen,,YES (sourceSha256 + veličina fajla isti),https://www.carsystem.org/fileadmin/_processed_/4/3/csm_158.927-cap-black-front_back_330c06af38.png,https://www.carsystem.org/fileadmin/products/images/158.927/158.927-cap-black-front_back.png,IMAGE_QUALITY_REVIEW_ONLY,pravilo: današnji manifest porekla (izvor = _processed_ PNG derivat); par NIJE meren,"NIJE potvrđen defekt. Isti tip izvora kao 15 izmerenih parova — to je razlog za merenje, ne rezultat merenja."
carsystem__carsystem-cap-camouflage#CLASS_F_SPECIAL_MARKETING_IMAGE,carsystem__carsystem-cap-camouflage,carsystem,carsystem,Carsystem Cap camouflage,carsystem-cap-camouflage,/products/carsystem/catalog/carsystem-cap-camouflage.webp,660,660,CLASS_F_SPECIAL_MARKETING_IMAGE,manual review,MANUAL_REVIEW_REQUIRED,NO_ACTION_APPROVED,unknown,,,F_SPECIAL_MARKETING_IMAGE,SOURCE_IMAGE_PROBLEM,klasa F — marketinška/merch fotografija; ne dira se,NONE — 0 odobreno / 0 integrisano; bez mass apply; runtime productImage nepromenjen,,YES (sourceSha256 + veličina fajla isti),https://www.carsystem.org/fileadmin/_processed_/2/8/csm_Cap-Camou-2026_6b7d6d7dcb.png,https://www.carsystem.org/fileadmin/products/images/160.493/Cap-Camou-2026.png,IMAGE_QUALITY_REVIEW_ONLY,historical-evidence/CARSYSTEM_IMAGE_AUDIT.csv,nalaz: merch/model/brand composition | rizik: nema (ne dira se)
carsystem__carsystem-cap-camouflage#SOURCE_PIPELINE_REEXPORT_CANDIDATE_UNMEASURED,carsystem__carsystem-cap-camouflage,carsystem,carsystem,Carsystem Cap camouflage,carsystem-cap-camouflage,/products/carsystem/catalog/carsystem-cap-camouflage.webp,660,660,SOURCE_PIPELINE_REEXPORT_CANDIDATE_UNMEASURED,tone/source re-export (kandidat),RULE_BASED_CANDIDATE,CANDIDATE_NOT_YET_MEASURED,unknown,,,F_SPECIAL_MARKETING_IMAGE,SOURCE_IMAGE_PROBLEM,pipelineToneStatus = unknown; ekstrapolacija zabranjena (finalna odluka 9); sistemski re-export nije ni planiran ni odobren,NONE — 0 odobreno / 0 integrisano; bez mass apply; runtime productImage nepromenjen,,YES (sourceSha256 + veličina fajla isti),https://www.carsystem.org/fileadmin/_processed_/2/8/csm_Cap-Camou-2026_6b7d6d7dcb.png,https://www.carsystem.org/fileadmin/products/images/160.493/Cap-Camou-2026.png,IMAGE_QUALITY_REVIEW_ONLY,pravilo: današnji manifest porekla (izvor = _processed_ PNG derivat); par NIJE meren,"NIJE potvrđen defekt. Isti tip izvora kao 15 izmerenih parova — to je razlog za merenje, ne rezultat merenja."
carsystem__carsystem-car-clean-double-blue#SOURCE_PIPELINE_REEXPORT_CANDIDATE_UNMEASURED,carsystem__carsystem-car-clean-double-blue,carsystem,carsystem,Carsystem Car Clean Double Blue,carsystem-car-clean-double-blue,/products/carsystem/catalog/carsystem-car-clean-double-blue.webp,660,871,SOURCE_PIPELINE_REEXPORT_CANDIDATE_UNMEASURED,tone/source re-export (kandidat),RULE_BASED_CANDIDATE,CANDIDATE_NOT_YET_MEASURED,unknown,,,A_OK_NO_CHANGE,NONE,pipelineToneStatus = unknown; ekstrapolacija zabranjena (finalna odluka 9); sistemski re-export nije ni planiran ni odobren,NONE — 0 odobreno / 0 integrisano; bez mass apply; runtime productImage nepromenjen,,YES (sourceSha256 + veličina fajla isti),https://www.carsystem.org/fileadmin/_processed_/6/e/csm_134580-cs-car-clean-double-blue-36x36-1000_03573bc761.png,https://www.carsystem.org/fileadmin/products/images/134.580/134580-cs-car-clean-double-blue-36x36-1000.png,IMAGE_QUALITY_REVIEW_ONLY,pravilo: današnji manifest porekla (izvor = _processed_ PNG derivat); par NIJE meren,"NIJE potvrđen defekt. Isti tip izvora kao 15 izmerenih parova — to je razlog za merenje, ne rezultat merenja."
carsystem__carsystem-car-clean-double-white#MEASURED_TONE_DEFECT,carsystem__carsystem-car-clean-double-white,carsystem,carsystem,Carsystem Car Clean Double White,carsystem-car-clean-double-white,/products/carsystem/catalog/carsystem-car-clean-double-white.webp,660,582,MEASURED_TONE_DEFECT,tone/source re-export,MEASURED,CONFIRMED_QUALITY_ISSUE,confirmed,2.27,-30.6,A_OK_NO_CHANGE,NONE,REEXPORT_FROM_OFFICIAL_ORIGINAL (ICC→sRGB samo ako profil postoji; bez globalnog brightness/gamma; bez AI) — tek posle odobrenja pilota,NONE — 0 odobreno / 0 integrisano; bez mass apply; runtime productImage nepromenjen,,YES (sourceSha256 + veličina fajla isti),https://www.carsystem.org/fileadmin/_processed_/8/7/csm_141253-cs-car-clean-double-white-38x24-1500_fb94c27f7b.png,https://www.carsystem.org/fileadmin/products/images/141.253/141253-cs-car-clean-double-white-38x24-1500.png,IMAGE_QUALITY_REVIEW_ONLY,historical-evidence/pipeline-tone-measurements.json,"izmeren par: original PNG 1000×882, ICC ne; medLum 191.7 → 133.0; 335248 piksela"
carsystem__carsystem-car-clean-multi#SOURCE_PIPELINE_REEXPORT_CANDIDATE_UNMEASURED,carsystem__carsystem-car-clean-multi,carsystem,carsystem,Carsystem Car Clean Multi,carsystem-car-clean-multi,/products/carsystem/catalog/carsystem-car-clean-multi.webp,660,370,SOURCE_PIPELINE_REEXPORT_CANDIDATE_UNMEASURED,tone/source re-export (kandidat),RULE_BASED_CANDIDATE,CANDIDATE_NOT_YET_MEASURED,unknown,,,A_OK_NO_CHANGE,NONE,pipelineToneStatus = unknown; ekstrapolacija zabranjena (finalna odluka 9); sistemski re-export nije ni planiran ni odobren,NONE — 0 odobreno / 0 integrisano; bez mass apply; runtime productImage nepromenjen,,YES (sourceSha256 + veličina fajla isti),https://www.carsystem.org/fileadmin/_processed_/6/6/csm_134.577-cs-car-clean-multi-38x32cm-500-abrisse_6f7a5baf17.png,https://www.carsystem.org/fileadmin/products/images/134.577/134.577-cs-car-clean-multi-38x32cm-500-abrisse.png,IMAGE_QUALITY_REVIEW_ONLY,pravilo: današnji manifest porekla (izvor = _processed_ PNG derivat); par NIJE meren,"NIJE potvrđen defekt. Isti tip izvora kao 15 izmerenih parova — to je razlog za merenje, ne rezultat merenja."
carsystem__carsystem-car-clean-triple-blue#SOURCE_PIPELINE_REEXPORT_CANDIDATE_UNMEASURED,carsystem__carsystem-car-clean-triple-blue,carsystem,carsystem,Carsystem Car Clean Triple Blue,carsystem-car-clean-triple-blue,/products/carsystem/catalog/carsystem-car-clean-triple-blue.webp,660,940,SOURCE_PIPELINE_REEXPORT_CANDIDATE_UNMEASURED,tone/source re-export (kandidat),RULE_BASED_CANDIDATE,CANDIDATE_NOT_YET_MEASURED,unknown,,,A_OK_NO_CHANGE,NONE,pipelineToneStatus = unknown; ekstrapolacija zabranjena (finalna odluka 9); sistemski re-export nije ni planiran ni odobren,NONE — 0 odobreno / 0 integrisano; bez mass apply; runtime productImage nepromenjen,,YES (sourceSha256 + veličina fajla isti),https://www.carsystem.org/fileadmin/_processed_/4/2/csm_134578-579-cs-car-clean-triple-blue-500-1000-abrisse-36x36cm_15db895b25.png,https://www.carsystem.org/fileadmin/products/images/134.578/134578-579-cs-car-clean-triple-blue-500-1000-abrisse-36x36cm.png,IMAGE_QUALITY_REVIEW_ONLY,pravilo: današnji manifest porekla (izvor = _processed_ PNG derivat); par NIJE meren,"NIJE potvrđen defekt. Isti tip izvora kao 15 izmerenih parova — to je razlog za merenje, ne rezultat merenja."
carsystem__carsystem-car-clean-trolley#SOURCE_PIPELINE_REEXPORT_CANDIDATE_UNMEASURED,carsystem__carsystem-car-clean-trolley,carsystem,carsystem,Carsystem Car Clean Trolley,carsystem-car-clean-trolley,/products/carsystem/catalog/carsystem-car-clean-trolley.webp,660,885,SOURCE_PIPELINE_REEXPORT_CANDIDATE_UNMEASURED,tone/source re-export (kandidat),RULE_BASED_CANDIDATE,CANDIDATE_NOT_YET_MEASURED,unknown,,,A_OK_NO_CHANGE,NONE,pipelineToneStatus = unknown; ekstrapolacija zabranjena (finalna odluka 9); sistemski re-export nije ni planiran ni odobren,NONE — 0 odobreno / 0 integrisano; bez mass apply; runtime productImage nepromenjen,,YES (sourceSha256 + veličina fajla isti),https://www.carsystem.org/fileadmin/_processed_/2/8/csm_139912-cs-car-clean-trolley_789941d40c.png,https://www.carsystem.org/fileadmin/products/images/139.912/139912-cs-car-clean-trolley.png,IMAGE_QUALITY_REVIEW_ONLY,pravilo: današnji manifest porekla (izvor = _processed_ PNG derivat); par NIJE meren,"NIJE potvrđen defekt. Isti tip izvora kao 15 izmerenih parova — to je razlog za merenje, ne rezultat merenja."
carsystem__carsystem-car-mop-white#SOURCE_PIPELINE_REEXPORT_CANDIDATE_UNMEASURED,carsystem__carsystem-car-mop-white,carsystem,carsystem,Carsystem Car Mop White,carsystem-car-mop-white,/products/carsystem/catalog/carsystem-car-mop-white.webp,660,401,SOURCE_PIPELINE_REEXPORT_CANDIDATE_UNMEASURED,tone/source re-export (kandidat),RULE_BASED_CANDIDATE,CANDIDATE_NOT_YET_MEASURED,unknown,,,A_OK_NO_CHANGE,NONE,pipelineToneStatus = unknown; ekstrapolacija zabranjena (finalna odluka 9); sistemski re-export nije ni planiran ni odobren,NONE — 0 odobreno / 0 integrisano; bez mass apply; runtime productImage nepromenjen,,YES (sourceSha256 + veličina fajla isti),https://www.carsystem.org/fileadmin/_processed_/b/6/csm_133149-cs-car-mop-white-150x50mm_54aa88d909.png,https://www.carsystem.org/fileadmin/products/images/133.149/133149-cs-car-mop-white-150x50mm.png,IMAGE_QUALITY_REVIEW_ONLY,pravilo: današnji manifest porekla (izvor = _processed_ PNG derivat); par NIJE meren,"NIJE potvrđen defekt. Isti tip izvora kao 15 izmerenih parova — to je razlog za merenje, ne rezultat merenja."
carsystem__carsystem-car-polish-roll#SOURCE_PIPELINE_REEXPORT_CANDIDATE_UNMEASURED,carsystem__carsystem-car-polish-roll,carsystem,carsystem,Carsystem Car Polish Roll,carsystem-car-polish-roll,/products/carsystem/catalog/carsystem-car-polish-roll.webp,660,928,SOURCE_PIPELINE_REEXPORT_CANDIDATE_UNMEASURED,tone/source re-export (kandidat),RULE_BASED_CANDIDATE,CANDIDATE_NOT_YET_MEASURED,unknown,,,A_OK_NO_CHANGE,NONE,pipelineToneStatus = unknown; ekstrapolacija zabranjena (finalna odluka 9); sistemski re-export nije ni planiran ni odobren,NONE — 0 odobreno / 0 integrisano; bez mass apply; runtime productImage nepromenjen,,YES (sourceSha256 + veličina fajla isti),https://www.carsystem.org/fileadmin/_processed_/c/c/csm_134582-cs-car-polish-roll-36x40cm-370-abrisse_64dfc3fbf5.png,https://www.carsystem.org/fileadmin/products/images/134.582/134582-cs-car-polish-roll-36x40cm-370-abrisse.png,IMAGE_QUALITY_REVIEW_ONLY,pravilo: današnji manifest porekla (izvor = _processed_ PNG derivat); par NIJE meren,"NIJE potvrđen defekt. Isti tip izvora kao 15 izmerenih parova — to je razlog za merenje, ne rezultat merenja."
carsystem__carsystem-car-sticker-plain#CLASS_F_SPECIAL_MARKETING_IMAGE,carsystem__carsystem-car-sticker-plain,carsystem,carsystem,Carsystem car sticker plain,carsystem-car-sticker-plain,/products/carsystem/catalog/carsystem-car-sticker-plain.webp,660,557,CLASS_F_SPECIAL_MARKETING_IMAGE,manual review,MANUAL_REVIEW_REQUIRED,NO_ACTION_APPROVED,unknown,,,F_SPECIAL_MARKETING_IMAGE,SOURCE_IMAGE_PROBLEM,klasa F — marketinška/merch fotografija; ne dira se,NONE — 0 odobreno / 0 integrisano; bez mass apply; runtime productImage nepromenjen,,YES (sourceSha256 + veličina fajla isti),https://www.carsystem.org/fileadmin/_processed_/4/a/csm_158.829-834-cs-kfz-aufkleber_11fc3f8876.png,https://www.carsystem.org/fileadmin/products/images/158.829/158.829-834-cs-kfz-aufkleber.png,IMAGE_QUALITY_REVIEW_ONLY,historical-evidence/CARSYSTEM_IMAGE_AUDIT.csv,nalaz: merch/model/brand composition | rizik: nema (ne dira se)
carsystem__carsystem-car-sticker-plain#SOURCE_PIPELINE_REEXPORT_CANDIDATE_UNMEASURED,carsystem__carsystem-car-sticker-plain,carsystem,carsystem,Carsystem car sticker plain,carsystem-car-sticker-plain,/products/carsystem/catalog/carsystem-car-sticker-plain.webp,660,557,SOURCE_PIPELINE_REEXPORT_CANDIDATE_UNMEASURED,tone/source re-export (kandidat),RULE_BASED_CANDIDATE,CANDIDATE_NOT_YET_MEASURED,unknown,,,F_SPECIAL_MARKETING_IMAGE,SOURCE_IMAGE_PROBLEM,pipelineToneStatus = unknown; ekstrapolacija zabranjena (finalna odluka 9); sistemski re-export nije ni planiran ni odobren,NONE — 0 odobreno / 0 integrisano; bez mass apply; runtime productImage nepromenjen,,YES (sourceSha256 + veličina fajla isti),https://www.carsystem.org/fileadmin/_processed_/4/a/csm_158.829-834-cs-kfz-aufkleber_11fc3f8876.png,https://www.carsystem.org/fileadmin/products/images/158.829/158.829-834-cs-kfz-aufkleber.png,IMAGE_QUALITY_REVIEW_ONLY,pravilo: današnji manifest porekla (izvor = _processed_ PNG derivat); par NIJE meren,"NIJE potvrđen defekt. Isti tip izvora kao 15 izmerenih parova — to je razlog za merenje, ne rezultat merenja."
carsystem__carsystem-carbo-putty#SOURCE_PIPELINE_REEXPORT_CANDIDATE_UNMEASURED,carsystem__carsystem-carbo-putty,carsystem,carsystem,Carsystem Carbo Putty,carsystem-carbo-putty,/products/carsystem/catalog/carsystem-carbo-putty.webp,660,440,SOURCE_PIPELINE_REEXPORT_CANDIDATE_UNMEASURED,tone/source re-export (kandidat),RULE_BASED_CANDIDATE,CANDIDATE_NOT_YET_MEASURED,unknown,,,A_OK_NO_CHANGE,NONE,pipelineToneStatus = unknown; ekstrapolacija zabranjena (finalna odluka 9); sistemski re-export nije ni planiran ni odobren,NONE — 0 odobreno / 0 integrisano; bez mass apply; runtime productImage nepromenjen,,YES (sourceSha256 + veličina fajla isti),https://www.carsystem.org/fileadmin/_processed_/1/3/csm_148018-cs-carbo-putty-inkl-mekp-haerter-kg-0_5_32770cf041.png,https://www.carsystem.org/fileadmin/products/images/148.018/148018-cs-carbo-putty-inkl-mekp-haerter-kg-0_5.png,IMAGE_QUALITY_REVIEW_ONLY,pravilo: današnji manifest porekla (izvor = _processed_ PNG derivat); par NIJE meren,"NIJE potvrđen defekt. Isti tip izvora kao 15 izmerenih parova — to je razlog za merenje, ne rezultat merenja."
carsystem__carsystem-carbo-spray#SOURCE_PIPELINE_REEXPORT_CANDIDATE_UNMEASURED,carsystem__carsystem-carbo-spray,carsystem,carsystem,Carsystem Carbo Spray,carsystem-carbo-spray,/products/carsystem/catalog/carsystem-carbo-spray.webp,660,703,SOURCE_PIPELINE_REEXPORT_CANDIDATE_UNMEASURED,tone/source re-export (kandidat),RULE_BASED_CANDIDATE,CANDIDATE_NOT_YET_MEASURED,unknown,,,A_OK_NO_CHANGE,NONE,pipelineToneStatus = unknown; ekstrapolacija zabranjena (finalna odluka 9); sistemski re-export nije ni planiran ni odobren,NONE — 0 odobreno / 0 integrisano; bez mass apply; runtime productImage nepromenjen,,YES (sourceSha256 + veličina fajla isti),https://www.carsystem.org/fileadmin/_processed_/2/0/csm_148.019-cs-carbo-spray-inkl-mekp-Haerter-kg0_820-3D_a1b5626a32.png,https://www.carsystem.org/fileadmin/products/images/148.019/148.019-cs-carbo-spray-inkl-mekp-Haerter-kg0_820-3D.png,IMAGE_QUALITY_REVIEW_ONLY,pravilo: današnji manifest porekla (izvor = _processed_ PNG derivat); par NIJE meren,"NIJE potvrđen defekt. Isti tip izvora kao 15 izmerenih parova — to je razlog za merenje, ne rezultat merenja."
carsystem__carsystem-carbo-spray-thinner#SOURCE_PIPELINE_REEXPORT_CANDIDATE_UNMEASURED,carsystem__carsystem-carbo-spray-thinner,carsystem,carsystem,Carsystem Carbo Spray Thinner,carsystem-carbo-spray-thinner,/products/carsystem/catalog/carsystem-carbo-spray-thinner.webp,660,660,SOURCE_PIPELINE_REEXPORT_CANDIDATE_UNMEASURED,tone/source re-export (kandidat),RULE_BASED_CANDIDATE,CANDIDATE_NOT_YET_MEASURED,unknown,,,A_OK_NO_CHANGE,NONE,pipelineToneStatus = unknown; ekstrapolacija zabranjena (finalna odluka 9); sistemski re-export nije ni planiran ni odobren,NONE — 0 odobreno / 0 integrisano; bez mass apply; runtime productImage nepromenjen,,YES (sourceSha256 + veličina fajla isti),https://www.carsystem.org/fileadmin/_processed_/c/2/csm_148.234-carbo-spray-verduenner-3D_7fb4074d05.png,https://www.carsystem.org/fileadmin/products/images/148.234/148.234-carbo-spray-verduenner-3D.png,IMAGE_QUALITY_REVIEW_ONLY,pravilo: današnji manifest porekla (izvor = _processed_ PNG derivat); par NIJE meren,"NIJE potvrđen defekt. Isti tip izvora kao 15 izmerenih parova — to je razlog za merenje, ne rezultat merenja."
carsystem__carsystem-cc-20-x-pert#SOURCE_PIPELINE_REEXPORT_CANDIDATE_UNMEASURED,carsystem__carsystem-cc-20-x-pert,carsystem,carsystem,Carsystem CC.20 X-pert,carsystem-cc-20-x-pert,/products/carsystem/catalog/carsystem-cc-20-x-pert.webp,660,710,SOURCE_PIPELINE_REEXPORT_CANDIDATE_UNMEASURED,tone/source re-export (kandidat),RULE_BASED_CANDIDATE,CANDIDATE_NOT_YET_MEASURED,unknown,,,A_OK_NO_CHANGE,NONE,pipelineToneStatus = unknown; ekstrapolacija zabranjena (finalna odluka 9); sistemski re-export nije ni planiran ni odobren,NONE — 0 odobreno / 0 integrisano; bez mass apply; runtime productImage nepromenjen,,YES (sourceSha256 + veličina fajla isti),https://www.carsystem.org/fileadmin/_processed_/f/5/csm_157450-451-cs-cc20_x-pert-5_0-l-hardener-2_5-l_a1870405d1.png,https://www.carsystem.org/fileadmin/products/images/157.450/157450-451-cs-cc20_x-pert-5_0-l-hardener-2_5-l.png,IMAGE_QUALITY_REVIEW_ONLY,pravilo: današnji manifest porekla (izvor = _processed_ PNG derivat); par NIJE meren,"NIJE potvrđen defekt. Isti tip izvora kao 15 izmerenih parova — to je razlog za merenje, ne rezultat merenja."
carsystem__carsystem-cc-21-x-press-five#SOURCE_PIPELINE_REEXPORT_CANDIDATE_UNMEASURED,carsystem__carsystem-cc-21-x-press-five,carsystem,carsystem,Carsystem CC.21 X-press FIVE,carsystem-cc-21-x-press-five,/products/carsystem/catalog/carsystem-cc-21-x-press-five.webp,660,592,SOURCE_PIPELINE_REEXPORT_CANDIDATE_UNMEASURED,tone/source re-export (kandidat),RULE_BASED_CANDIDATE,CANDIDATE_NOT_YET_MEASURED,unknown,,,A_OK_NO_CHANGE,NONE,pipelineToneStatus = unknown; ekstrapolacija zabranjena (finalna odluka 9); sistemski re-export nije ni planiran ni odobren,NONE — 0 odobreno / 0 integrisano; bez mass apply; runtime productImage nepromenjen,,YES (sourceSha256 + veličina fajla isti),https://www.carsystem.org/fileadmin/_processed_/8/3/csm_158249-158250-cc.21-x-press-five_6c8aba70f2.png,https://www.carsystem.org/fileadmin/products/images/158.249/158249-158250-cc.21-x-press-five.png,IMAGE_QUALITY_REVIEW_ONLY,pravilo: današnji manifest porekla (izvor = _processed_ PNG derivat); par NIJE meren,"NIJE potvrđen defekt. Isti tip izvora kao 15 izmerenih parova — to je razlog za merenje, ne rezultat merenja."
carsystem__carsystem-classic-coverall-jacket-anthracite#CLASS_F_SPECIAL_MARKETING_IMAGE,carsystem__carsystem-classic-coverall-jacket-anthracite,carsystem,carsystem,Carsystem Classic Coverall Jacket Anthracite,carsystem-classic-coverall-jacket-anthracite,/products/carsystem/catalog/carsystem-classic-coverall-jacket-anthracite.webp,660,650,CLASS_F_SPECIAL_MARKETING_IMAGE,manual review,MANUAL_REVIEW_REQUIRED,NO_ACTION_APPROVED,unknown,,,F_SPECIAL_MARKETING_IMAGE,SOURCE_IMAGE_PROBLEM,klasa F — marketinška/merch fotografija; ne dira se,NONE — 0 odobreno / 0 integrisano; bez mass apply; runtime productImage nepromenjen,,YES (sourceSha256 + veličina fajla isti),https://www.carsystem.org/fileadmin/_processed_/4/a/csm_159.194-200-cs-classic-coverall-jacket_5ac3f06389.png,https://www.carsystem.org/fileadmin/products/images/159.194/159.194-200-cs-classic-coverall-jacket.png,IMAGE_QUALITY_REVIEW_ONLY,historical-evidence/CARSYSTEM_IMAGE_AUDIT.csv,nalaz: merch/model/brand composition | rizik: nema (ne dira se)
carsystem__carsystem-classic-coverall-jacket-anthracite#SOURCE_PIPELINE_REEXPORT_CANDIDATE_UNMEASURED,carsystem__carsystem-classic-coverall-jacket-anthracite,carsystem,carsystem,Carsystem Classic Coverall Jacket Anthracite,carsystem-classic-coverall-jacket-anthracite,/products/carsystem/catalog/carsystem-classic-coverall-jacket-anthracite.webp,660,650,SOURCE_PIPELINE_REEXPORT_CANDIDATE_UNMEASURED,tone/source re-export (kandidat),RULE_BASED_CANDIDATE,CANDIDATE_NOT_YET_MEASURED,unknown,,,F_SPECIAL_MARKETING_IMAGE,SOURCE_IMAGE_PROBLEM,pipelineToneStatus = unknown; ekstrapolacija zabranjena (finalna odluka 9); sistemski re-export nije ni planiran ni odobren,NONE — 0 odobreno / 0 integrisano; bez mass apply; runtime productImage nepromenjen,,YES (sourceSha256 + veličina fajla isti),https://www.carsystem.org/fileadmin/_processed_/4/a/csm_159.194-200-cs-classic-coverall-jacket_5ac3f06389.png,https://www.carsystem.org/fileadmin/products/images/159.194/159.194-200-cs-classic-coverall-jacket.png,IMAGE_QUALITY_REVIEW_ONLY,pravilo: današnji manifest porekla (izvor = _processed_ PNG derivat); par NIJE meren,"NIJE potvrđen defekt. Isti tip izvora kao 15 izmerenih parova — to je razlog za merenje, ne rezultat merenja."
carsystem__carsystem-classic-coverall-pants#CLASS_F_SPECIAL_MARKETING_IMAGE,carsystem__carsystem-classic-coverall-pants,carsystem,carsystem,Carsystem Classic Coverall Pants,carsystem-classic-coverall-pants,/products/carsystem/catalog/carsystem-classic-coverall-pants.webp,660,1254,CLASS_F_SPECIAL_MARKETING_IMAGE,manual review,MANUAL_REVIEW_REQUIRED,NO_ACTION_APPROVED,unknown,,,F_SPECIAL_MARKETING_IMAGE,BOTH,klasa F — marketinška/merch fotografija; ne dira se,NONE — 0 odobreno / 0 integrisano; bez mass apply; runtime productImage nepromenjen,,YES (sourceSha256 + veličina fajla isti),https://www.carsystem.org/fileadmin/_processed_/f/9/csm_159.180-186-classic-coverall-pants_a574c745af.webp,https://www.carsystem.org/fileadmin/products/images/159.180/159.180-186-classic-coverall-pants.webp,APPROVED_RUNTIME_IMAGE,historical-evidence/CARSYSTEM_IMAGE_AUDIT.csv,nalaz: merch/model/brand composition | rizik: nema (ne dira se)
carsystem__carsystem-classic-coverall-pants#FIT_MEASURES_BAKED_SHADOW,carsystem__carsystem-classic-coverall-pants,carsystem,carsystem,Carsystem Classic Coverall Pants,carsystem-classic-coverall-pants,/products/carsystem/catalog/carsystem-classic-coverall-pants.webp,660,1254,FIT_MEASURES_BAKED_SHADOW,"crop/fit (rendering, ne asset)",HISTORICAL_CONFIRMED,KNOWN_RENDERING_ISSUE,unknown,,,F_SPECIAL_MARKETING_IMAGE,BOTH,"rešenje = V6A hibridni subjectBox (merenjem, bez izmene fajla; bez cropa) — IMPLEMENTED_AND_VERIFIED u starom worktree-u, NIJE na main; ne portuje se",NONE — 0 odobreno / 0 integrisano; bez mass apply; runtime productImage nepromenjen,,YES (sourceSha256 + veličina fajla isti),https://www.carsystem.org/fileadmin/_processed_/f/9/csm_159.180-186-classic-coverall-pants_a574c745af.webp,https://www.carsystem.org/fileadmin/products/images/159.180/159.180-186-classic-coverall-pants.webp,APPROVED_RUNTIME_IMAGE,historical-evidence/css-rendering-candidates.csv,"linearni manjak 21.6 %, manjak površine 25.6 %; inflacija boxa 1.3438"
carsystem__carsystem-classicline-soft-pad#SOURCE_PIPELINE_REEXPORT_CANDIDATE_UNMEASURED,carsystem__carsystem-classicline-soft-pad,carsystem,carsystem,Carsystem Classicline Soft Pad,carsystem-classicline-soft-pad,/products/carsystem/catalog/carsystem-classicline-soft-pad.webp,660,447,SOURCE_PIPELINE_REEXPORT_CANDIDATE_UNMEASURED,tone/source re-export (kandidat),RULE_BASED_CANDIDATE,CANDIDATE_NOT_YET_MEASURED,unknown,,,A_OK_NO_CHANGE,NONE,pipelineToneStatus = unknown; ekstrapolacija zabranjena (finalna odluka 9); sistemski re-export nije ni planiran ni odobren,NONE — 0 odobreno / 0 integrisano; bez mass apply; runtime productImage nepromenjen,,YES (sourceSha256 + veličina fajla isti),https://www.carsystem.org/fileadmin/_processed_/5/b/csm_138924-138927-cs-classicline-soft-pad-140x115mm-gruppe_297463e064.png,https://www.carsystem.org/fileadmin/products/images/138.924/138924-138927-cs-classicline-soft-pad-140x115mm-gruppe.png,IMAGE_QUALITY_REVIEW_ONLY,pravilo: današnji manifest porekla (izvor = _processed_ PNG derivat); par NIJE meren,"NIJE potvrđen defekt. Isti tip izvora kao 15 izmerenih parova — to je razlog za merenje, ne rezultat merenja."
carsystem__carsystem-cleaning-wipes#SOURCE_PIPELINE_REEXPORT_CANDIDATE_UNMEASURED,carsystem__carsystem-cleaning-wipes,carsystem,carsystem,Carsystem Cleaning wipes,carsystem-cleaning-wipes,/products/carsystem/catalog/carsystem-cleaning-wipes.webp,660,383,SOURCE_PIPELINE_REEXPORT_CANDIDATE_UNMEASURED,tone/source re-export (kandidat),RULE_BASED_CANDIDATE,CANDIDATE_NOT_YET_MEASURED,unknown,,,A_OK_NO_CHANGE,NONE,pipelineToneStatus = unknown; ekstrapolacija zabranjena (finalna odluka 9); sistemski re-export nije ni planiran ni odobren,NONE — 0 odobreno / 0 integrisano; bez mass apply; runtime productImage nepromenjen,,YES (sourceSha256 + veličina fajla isti),https://www.carsystem.org/fileadmin/_processed_/1/c/csm_156458-cs-wischtuecher-rl-soft-38x30cm-475_a28557fd7b.png,https://www.carsystem.org/fileadmin/products/images/156.458/156458-cs-wischtuecher-rl-soft-38x30cm-475.png,IMAGE_QUALITY_REVIEW_ONLY,pravilo: današnji manifest porekla (izvor = _processed_ PNG derivat); par NIJE meren,"NIJE potvrđen defekt. Isti tip izvora kao 15 izmerenih parova — to je razlog za merenje, ne rezultat merenja."
carsystem__carsystem-clear-coat-spray#FIT_MEASURES_BAKED_SHADOW,carsystem__carsystem-clear-coat-spray,carsystem,carsystem,Carsystem Clear Coat Spray,carsystem-clear-coat-spray,/products/carsystem/catalog/carsystem-clear-coat-spray.webp,660,1378,FIT_MEASURES_BAKED_SHADOW,"crop/fit (rendering, ne asset)",HISTORICAL_CONFIRMED,KNOWN_RENDERING_ISSUE,unknown,,,A_OK_NO_CHANGE,CSS_RENDERING_PROBLEM,"rešenje = V6A hibridni subjectBox (merenjem, bez izmene fajla; bez cropa) — IMPLEMENTED_AND_VERIFIED u starom worktree-u, NIJE na main; ne portuje se",NONE — 0 odobreno / 0 integrisano; bez mass apply; runtime productImage nepromenjen,,YES (sourceSha256 + veličina fajla isti),https://www.carsystem.org/fileadmin/_processed_/8/7/csm_126.025-klarlack-spray_79b7950548.webp,https://www.carsystem.org/fileadmin/products/images/126.025/126.025-klarlack-spray.webp,APPROVED_RUNTIME_IMAGE,historical-evidence/css-rendering-candidates.csv,"linearni manjak 29.7 %, manjak površine 31.7 %; inflacija boxa 1.465"
carsystem__carsystem-cockpit-spray#SOURCE_PIPELINE_REEXPORT_CANDIDATE_UNMEASURED,carsystem__carsystem-cockpit-spray,carsystem,carsystem,Carsystem Cockpit-Spray,carsystem-cockpit-spray,/products/carsystem/catalog/carsystem-cockpit-spray.webp,660,1744,SOURCE_PIPELINE_REEXPORT_CANDIDATE_UNMEASURED,tone/source re-export (kandidat),RULE_BASED_CANDIDATE,CANDIDATE_NOT_YET_MEASURED,unknown,,,A_OK_NO_CHANGE,NONE,pipelineToneStatus = unknown; ekstrapolacija zabranjena (finalna odluka 9); sistemski re-export nije ni planiran ni odobren,NONE — 0 odobreno / 0 integrisano; bez mass apply; runtime productImage nepromenjen,,YES (sourceSha256 + veličina fajla isti),https://www.carsystem.org/fileadmin/_processed_/a/f/csm_126020-cs-cockpit-spray-400ml_ce8f416791.png,https://www.carsystem.org/fileadmin/products/images/126.020/126020-cs-cockpit-spray-400ml.png,IMAGE_QUALITY_REVIEW_ONLY,pravilo: današnji manifest porekla (izvor = _processed_ PNG derivat); par NIJE meren,"NIJE potvrđen defekt. Isti tip izvora kao 15 izmerenih parova — to je razlog za merenje, ne rezultat merenja."
carsystem__carsystem-coding-caps#SOURCE_PIPELINE_REEXPORT_CANDIDATE_UNMEASURED,carsystem__carsystem-coding-caps,carsystem,carsystem,Carsystem Coding Caps,carsystem-coding-caps,/products/carsystem/catalog/carsystem-coding-caps.webp,660,170,SOURCE_PIPELINE_REEXPORT_CANDIDATE_UNMEASURED,tone/source re-export (kandidat),RULE_BASED_CANDIDATE,CANDIDATE_NOT_YET_MEASURED,unknown,,,A_OK_NO_CHANGE,NONE,pipelineToneStatus = unknown; ekstrapolacija zabranjena (finalna odluka 9); sistemski re-export nije ni planiran ni odobren,NONE — 0 odobreno / 0 integrisano; bez mass apply; runtime productImage nepromenjen,,YES (sourceSha256 + veličina fajla isti),https://www.carsystem.org/fileadmin/_processed_/2/0/csm_152642-cs-coding-caps-5er-set_88c73613c8.png,https://www.carsystem.org/fileadmin/products/images/152.642/152642-cs-coding-caps-5er-set.png,IMAGE_QUALITY_REVIEW_ONLY,pravilo: današnji manifest porekla (izvor = _processed_ PNG derivat); par NIJE meren,"NIJE potvrđen defekt. Isti tip izvora kao 15 izmerenih parova — to je razlog za merenje, ne rezultat merenja."
carsystem__carsystem-coffee-cup-black#CLASS_F_SPECIAL_MARKETING_IMAGE,carsystem__carsystem-coffee-cup-black,carsystem,carsystem,Carsystem Coffee Cup Black,carsystem-coffee-cup-black,/products/carsystem/catalog/carsystem-coffee-cup-black.webp,660,660,CLASS_F_SPECIAL_MARKETING_IMAGE,manual review,MANUAL_REVIEW_REQUIRED,NO_ACTION_APPROVED,unknown,,,F_SPECIAL_MARKETING_IMAGE,BOTH,klasa F — marketinška/merch fotografija; ne dira se,NONE — 0 odobreno / 0 integrisano; bez mass apply; runtime productImage nepromenjen,,YES (sourceSha256 + veličina fajla isti),https://www.carsystem.org/fileadmin/_processed_/f/3/csm_157219-cs-wm-becher-schwarzmatt_156ccd2b31.png,https://www.carsystem.org/fileadmin/products/images/157.219/157219-cs-wm-becher-schwarzmatt.png,IMAGE_QUALITY_REVIEW_ONLY,historical-evidence/CARSYSTEM_IMAGE_AUDIT.csv,nalaz: merch/model/brand composition | rizik: nema (ne dira se)
carsystem__carsystem-coffee-cup-black#FIT_MEASURES_BAKED_SHADOW,carsystem__carsystem-coffee-cup-black,carsystem,carsystem,Carsystem Coffee Cup Black,carsystem-coffee-cup-black,/products/carsystem/catalog/carsystem-coffee-cup-black.webp,660,660,FIT_MEASURES_BAKED_SHADOW,"crop/fit (rendering, ne asset)",HISTORICAL_CONFIRMED,KNOWN_RENDERING_ISSUE,unknown,,,F_SPECIAL_MARKETING_IMAGE,BOTH,"rešenje = V6A hibridni subjectBox (merenjem, bez izmene fajla; bez cropa) — IMPLEMENTED_AND_VERIFIED u starom worktree-u, NIJE na main; ne portuje se",NONE — 0 odobreno / 0 integrisano; bez mass apply; runtime productImage nepromenjen,,YES (sourceSha256 + veličina fajla isti),https://www.carsystem.org/fileadmin/_processed_/f/3/csm_157219-cs-wm-becher-schwarzmatt_156ccd2b31.png,https://www.carsystem.org/fileadmin/products/images/157.219/157219-cs-wm-becher-schwarzmatt.png,IMAGE_QUALITY_REVIEW_ONLY,historical-evidence/css-rendering-candidates.csv,"linearni manjak 14.8 %, manjak površine 15.4 %; inflacija boxa 1.1824"
carsystem__carsystem-coffee-cup-black#SOURCE_PIPELINE_REEXPORT_CANDIDATE_UNMEASURED,carsystem__carsystem-coffee-cup-black,carsystem,carsystem,Carsystem Coffee Cup Black,carsystem-coffee-cup-black,/products/carsystem/catalog/carsystem-coffee-cup-black.webp,660,660,SOURCE_PIPELINE_REEXPORT_CANDIDATE_UNMEASURED,tone/source re-export (kandidat),RULE_BASED_CANDIDATE,CANDIDATE_NOT_YET_MEASURED,unknown,,,F_SPECIAL_MARKETING_IMAGE,BOTH,pipelineToneStatus = unknown; ekstrapolacija zabranjena (finalna odluka 9); sistemski re-export nije ni planiran ni odobren,NONE — 0 odobreno / 0 integrisano; bez mass apply; runtime productImage nepromenjen,,YES (sourceSha256 + veličina fajla isti),https://www.carsystem.org/fileadmin/_processed_/f/3/csm_157219-cs-wm-becher-schwarzmatt_156ccd2b31.png,https://www.carsystem.org/fileadmin/products/images/157.219/157219-cs-wm-becher-schwarzmatt.png,IMAGE_QUALITY_REVIEW_ONLY,pravilo: današnji manifest porekla (izvor = _processed_ PNG derivat); par NIJE meren,"NIJE potvrđen defekt. Isti tip izvora kao 15 izmerenih parova — to je razlog za merenje, ne rezultat merenja."
carsystem__carsystem-color-match-card-paper#SOURCE_PIPELINE_REEXPORT_CANDIDATE_UNMEASURED,carsystem__carsystem-color-match-card-paper,carsystem,carsystem,Carsystem Color Match Card Paper,carsystem-color-match-card-paper,/products/carsystem/catalog/carsystem-color-match-card-paper.webp,660,927,SOURCE_PIPELINE_REEXPORT_CANDIDATE_UNMEASURED,tone/source re-export (kandidat),RULE_BASED_CANDIDATE,CANDIDATE_NOT_YET_MEASURED,unknown,,,A_OK_NO_CHANGE,NONE,pipelineToneStatus = unknown; ekstrapolacija zabranjena (finalna odluka 9); sistemski re-export nije ni planiran ni odobren,NONE — 0 odobreno / 0 integrisano; bez mass apply; runtime productImage nepromenjen,,YES (sourceSha256 + veličina fajla isti),https://www.carsystem.org/fileadmin/_processed_/6/a/csm_141109-cs-color-match-card-paper-box-a-250-st_30bc41f075.png,https://www.carsystem.org/fileadmin/products/images/141.109/141109-cs-color-match-card-paper-box-a-250-st.png,IMAGE_QUALITY_REVIEW_ONLY,pravilo: današnji manifest porekla (izvor = _processed_ PNG derivat); par NIJE meren,"NIJE potvrđen defekt. Isti tip izvora kao 15 izmerenih parova — to je razlog za merenje, ne rezultat merenja."
carsystem__carsystem-compound-x1500-hc#FIT_MEASURES_BAKED_SHADOW,carsystem__carsystem-compound-x1500-hc,carsystem,carsystem,Carsystem Compound X1500 HC,carsystem-compound-x1500-hc,/products/carsystem/catalog/carsystem-compound-x1500-hc.webp,660,1197,FIT_MEASURES_BAKED_SHADOW,"crop/fit (rendering, ne asset)",HISTORICAL_CONFIRMED,KNOWN_RENDERING_ISSUE,unknown,,,A_OK_NO_CHANGE,CSS_RENDERING_PROBLEM,"rešenje = V6A hibridni subjectBox (merenjem, bez izmene fajla; bez cropa) — IMPLEMENTED_AND_VERIFIED u starom worktree-u, NIJE na main; ne portuje se",NONE — 0 odobreno / 0 integrisano; bez mass apply; runtime productImage nepromenjen,,YES (sourceSha256 + veličina fajla isti),https://www.carsystem.org/fileadmin/_processed_/7/a/csm_160.446-compound-x1500_bc38711619.webp,https://www.carsystem.org/fileadmin/products/images/160.446/160.446-compound-x1500.webp,APPROVED_RUNTIME_IMAGE,historical-evidence/css-rendering-candidates.csv,"linearni manjak 16.7 %, manjak površine 17.1 %; inflacija boxa 1.2064"
carsystem__carsystem-control-spray#SOURCE_PIPELINE_REEXPORT_CANDIDATE_UNMEASURED,carsystem__carsystem-control-spray,carsystem,carsystem,Carsystem Control-Spray,carsystem-control-spray,/products/carsystem/catalog/carsystem-control-spray.webp,660,1240,SOURCE_PIPELINE_REEXPORT_CANDIDATE_UNMEASURED,tone/source re-export (kandidat),RULE_BASED_CANDIDATE,CANDIDATE_NOT_YET_MEASURED,unknown,,,A_OK_NO_CHANGE,NONE,pipelineToneStatus = unknown; ekstrapolacija zabranjena (finalna odluka 9); sistemski re-export nije ni planiran ni odobren,NONE — 0 odobreno / 0 integrisano; bez mass apply; runtime productImage nepromenjen,,YES (sourceSha256 + veličina fajla isti),https://www.carsystem.org/fileadmin/_processed_/9/0/csm_125779-control-spray-400ml_075f5389f1.png,https://www.carsystem.org/fileadmin/products/images/125.779/125779-control-spray-400ml.png,IMAGE_QUALITY_REVIEW_ONLY,pravilo: današnji manifest porekla (izvor = _processed_ PNG derivat); par NIJE meren,"NIJE potvrđen defekt. Isti tip izvora kao 15 izmerenih parova — to je razlog za merenje, ne rezultat merenja."
carsystem__carsystem-coverall-2-0#CLASS_F_SPECIAL_MARKETING_IMAGE,carsystem__carsystem-coverall-2-0,carsystem,carsystem,Carsystem Coverall 2.0,carsystem-coverall-2-0,/products/carsystem/catalog/carsystem-coverall-2-0.webp,660,1120,CLASS_F_SPECIAL_MARKETING_IMAGE,manual review,MANUAL_REVIEW_REQUIRED,NO_ACTION_APPROVED,unknown,,,F_SPECIAL_MARKETING_IMAGE,SOURCE_IMAGE_PROBLEM,klasa F — marketinška/merch fotografija; ne dira se,NONE — 0 odobreno / 0 integrisano; bez mass apply; runtime productImage nepromenjen,,YES (sourceSha256 + veličina fajla isti),https://www.carsystem.org/fileadmin/_processed_/0/e/csm_160275-280-coverall_2.0-back_front_2c25f37d00.webp,https://www.carsystem.org/fileadmin/products/images/160.275/160275-280-coverall_2.0-back_front.webp,APPROVED_RUNTIME_IMAGE,historical-evidence/CARSYSTEM_IMAGE_AUDIT.csv,nalaz: merch/model/brand composition | rizik: nema (ne dira se)
carsystem__carsystem-coverall-black-suit#CLASS_F_SPECIAL_MARKETING_IMAGE,carsystem__carsystem-coverall-black-suit,carsystem,carsystem,Carsystem Coverall Black Suit,carsystem-coverall-black-suit,/products/carsystem/catalog/carsystem-coverall-black-suit.webp,660,1242,CLASS_F_SPECIAL_MARKETING_IMAGE,manual review,MANUAL_REVIEW_REQUIRED,NO_ACTION_APPROVED,unknown,,,F_SPECIAL_MARKETING_IMAGE,SOURCE_IMAGE_PROBLEM,klasa F — marketinška/merch fotografija; ne dira se,NONE — 0 odobreno / 0 integrisano; bez mass apply; runtime productImage nepromenjen,,YES (sourceSha256 + veličina fajla isti),https://www.carsystem.org/fileadmin/_processed_/7/b/csm_157.775-780-coverall-black-suit-front_back_d998bd18f2.png,https://www.carsystem.org/fileadmin/products/images/159.113/157.775-780-coverall-black-suit-front_back.png,IMAGE_QUALITY_REVIEW_ONLY,historical-evidence/CARSYSTEM_IMAGE_AUDIT.csv,nalaz: merch/model/brand composition | rizik: nema (ne dira se)
carsystem__carsystem-coverall-black-suit#SOURCE_PIPELINE_REEXPORT_CANDIDATE_UNMEASURED,carsystem__carsystem-coverall-black-suit,carsystem,carsystem,Carsystem Coverall Black Suit,carsystem-coverall-black-suit,/products/carsystem/catalog/carsystem-coverall-black-suit.webp,660,1242,SOURCE_PIPELINE_REEXPORT_CANDIDATE_UNMEASURED,tone/source re-export (kandidat),RULE_BASED_CANDIDATE,CANDIDATE_NOT_YET_MEASURED,unknown,,,F_SPECIAL_MARKETING_IMAGE,SOURCE_IMAGE_PROBLEM,pipelineToneStatus = unknown; ekstrapolacija zabranjena (finalna odluka 9); sistemski re-export nije ni planiran ni odobren,NONE — 0 odobreno / 0 integrisano; bez mass apply; runtime productImage nepromenjen,,YES (sourceSha256 + veličina fajla isti),https://www.carsystem.org/fileadmin/_processed_/7/b/csm_157.775-780-coverall-black-suit-front_back_d998bd18f2.png,https://www.carsystem.org/fileadmin/products/images/159.113/157.775-780-coverall-black-suit-front_back.png,IMAGE_QUALITY_REVIEW_ONLY,pravilo: današnji manifest porekla (izvor = _processed_ PNG derivat); par NIJE meren,"NIJE potvrđen defekt. Isti tip izvora kao 15 izmerenih parova — to je razlog za merenje, ne rezultat merenja."
carsystem__carsystem-crash-film#CLASS_B_DETERMINISTIC_FIX,carsystem__carsystem-crash-film,carsystem,carsystem,Carsystem Crash Film,carsystem-crash-film,/products/carsystem/catalog/carsystem-crash-film.webp,660,528,CLASS_B_DETERMINISTIC_FIX,asset (deterministički tretman),HISTORICAL_CONFIRMED,KNOWN_ASSET_ISSUE,unknown,,,B_DETERMINISTIC_FIX,BOTH,"klasa B — tretman tek posle odobrenja pilota (handoff §12.8); finalna pravila imaju prednost nad predlogom: bez cropa, bez globalnog brightness/gamma/contrast, bez AI",NONE — 0 odobreno / 0 integrisano; bez mass apply; runtime productImage nepromenjen,,YES (sourceSha256 + veličina fajla isti),https://www.carsystem.org/fileadmin/_processed_/f/b/csm_160381-crash-film-75cmx60m_81d06ca429.png,https://www.carsystem.org/fileadmin/products/images/160.381/160381-crash-film-75cmx60m.png,IMAGE_QUALITY_REVIEW_ONLY,historical-evidence/CARSYSTEM_IMAGE_AUDIT.csv,nalaz: širok poluprovidni oreol/refleks u alfi | istorijski predlog: čišćenje alfa krive na ivici | rizik: nizak
carsystem__carsystem-crash-film#FIT_MEASURES_BAKED_SHADOW,carsystem__carsystem-crash-film,carsystem,carsystem,Carsystem Crash Film,carsystem-crash-film,/products/carsystem/catalog/carsystem-crash-film.webp,660,528,FIT_MEASURES_BAKED_SHADOW,"crop/fit (rendering, ne asset)",HISTORICAL_CONFIRMED,KNOWN_RENDERING_ISSUE,unknown,,,B_DETERMINISTIC_FIX,BOTH,"rešenje = V6A hibridni subjectBox (merenjem, bez izmene fajla; bez cropa) — IMPLEMENTED_AND_VERIFIED u starom worktree-u, NIJE na main; ne portuje se",NONE — 0 odobreno / 0 integrisano; bez mass apply; runtime productImage nepromenjen,,YES (sourceSha256 + veličina fajla isti),https://www.carsystem.org/fileadmin/_processed_/f/b/csm_160381-crash-film-75cmx60m_81d06ca429.png,https://www.carsystem.org/fileadmin/products/images/160.381/160381-crash-film-75cmx60m.png,IMAGE_QUALITY_REVIEW_ONLY,historical-evidence/css-rendering-candidates.csv,"linearni manjak 9.1 %, manjak površine 14.7 %; inflacija boxa 1.1727"
carsystem__carsystem-crash-film#SOURCE_PIPELINE_REEXPORT_CANDIDATE_UNMEASURED,carsystem__carsystem-crash-film,carsystem,carsystem,Carsystem Crash Film,carsystem-crash-film,/products/carsystem/catalog/carsystem-crash-film.webp,660,528,SOURCE_PIPELINE_REEXPORT_CANDIDATE_UNMEASURED,tone/source re-export (kandidat),RULE_BASED_CANDIDATE,CANDIDATE_NOT_YET_MEASURED,unknown,,,B_DETERMINISTIC_FIX,BOTH,pipelineToneStatus = unknown; ekstrapolacija zabranjena (finalna odluka 9); sistemski re-export nije ni planiran ni odobren,NONE — 0 odobreno / 0 integrisano; bez mass apply; runtime productImage nepromenjen,,YES (sourceSha256 + veličina fajla isti),https://www.carsystem.org/fileadmin/_processed_/f/b/csm_160381-crash-film-75cmx60m_81d06ca429.png,https://www.carsystem.org/fileadmin/products/images/160.381/160381-crash-film-75cmx60m.png,IMAGE_QUALITY_REVIEW_ONLY,pravilo: današnji manifest porekla (izvor = _processed_ PNG derivat); par NIJE meren,"NIJE potvrđen defekt. Isti tip izvora kao 15 izmerenih parova — to je razlog za merenje, ne rezultat merenja."
carsystem__carsystem-cutter-knife-black#SOURCE_PIPELINE_REEXPORT_CANDIDATE_UNMEASURED,carsystem__carsystem-cutter-knife-black,carsystem,carsystem,Carsystem Cutter Knife black,carsystem-cutter-knife-black,/products/carsystem/catalog/carsystem-cutter-knife-black.webp,660,212,SOURCE_PIPELINE_REEXPORT_CANDIDATE_UNMEASURED,tone/source re-export (kandidat),RULE_BASED_CANDIDATE,CANDIDATE_NOT_YET_MEASURED,unknown,,,A_OK_NO_CHANGE,NONE,pipelineToneStatus = unknown; ekstrapolacija zabranjena (finalna odluka 9); sistemski re-export nije ni planiran ni odobren,NONE — 0 odobreno / 0 integrisano; bez mass apply; runtime productImage nepromenjen,,YES (sourceSha256 + veličina fajla isti),https://www.carsystem.org/fileadmin/_processed_/6/e/csm_156281-cs-cutter-knife-black-front_5eb42dcd80.png,https://www.carsystem.org/fileadmin/products/images/156.281/156281-cs-cutter-knife-black-front.png,IMAGE_QUALITY_REVIEW_ONLY,pravilo: današnji manifest porekla (izvor = _processed_ PNG derivat); par NIJE meren,"NIJE potvrđen defekt. Isti tip izvora kao 15 izmerenih parova — to je razlog za merenje, ne rezultat merenja."
carsystem__carsystem-dispenser-bottle-incl-cap#CLASS_F_SPECIAL_MARKETING_IMAGE,carsystem__carsystem-dispenser-bottle-incl-cap,carsystem,carsystem,Carsystem Dispenser bottle incl. Cap,carsystem-dispenser-bottle-incl-cap,/products/carsystem/catalog/carsystem-dispenser-bottle-incl-cap.webp,660,882,CLASS_F_SPECIAL_MARKETING_IMAGE,manual review,MANUAL_REVIEW_REQUIRED,NO_ACTION_APPROVED,unknown,,,F_SPECIAL_MARKETING_IMAGE,SOURCE_IMAGE_PROBLEM,klasa F — marketinška/merch fotografija; ne dira se,NONE — 0 odobreno / 0 integrisano; bez mass apply; runtime productImage nepromenjen,,YES (sourceSha256 + veličina fajla isti),https://www.carsystem.org/fileadmin/_processed_/1/4/csm_156575-cs-dosierfl-f-politur-5kg-inkl-verschl_1eb2701137.png,https://www.carsystem.org/fileadmin/products/images/156.575/156575-cs-dosierfl-f-politur-5kg-inkl-verschl.png,IMAGE_QUALITY_REVIEW_ONLY,historical-evidence/CARSYSTEM_IMAGE_AUDIT.csv,nalaz: merch/model/brand composition | rizik: nema (ne dira se)
carsystem__carsystem-dispenser-bottle-incl-cap#SOURCE_PIPELINE_REEXPORT_CANDIDATE_UNMEASURED,carsystem__carsystem-dispenser-bottle-incl-cap,carsystem,carsystem,Carsystem Dispenser bottle incl. Cap,carsystem-dispenser-bottle-incl-cap,/products/carsystem/catalog/carsystem-dispenser-bottle-incl-cap.webp,660,882,SOURCE_PIPELINE_REEXPORT_CANDIDATE_UNMEASURED,tone/source re-export (kandidat),RULE_BASED_CANDIDATE,CANDIDATE_NOT_YET_MEASURED,unknown,,,F_SPECIAL_MARKETING_IMAGE,SOURCE_IMAGE_PROBLEM,pipelineToneStatus = unknown; ekstrapolacija zabranjena (finalna odluka 9); sistemski re-export nije ni planiran ni odobren,NONE — 0 odobreno / 0 integrisano; bez mass apply; runtime productImage nepromenjen,,YES (sourceSha256 + veličina fajla isti),https://www.carsystem.org/fileadmin/_processed_/1/4/csm_156575-cs-dosierfl-f-politur-5kg-inkl-verschl_1eb2701137.png,https://www.carsystem.org/fileadmin/products/images/156.575/156575-cs-dosierfl-f-politur-5kg-inkl-verschl.png,IMAGE_QUALITY_REVIEW_ONLY,pravilo: današnji manifest porekla (izvor = _processed_ PNG derivat); par NIJE meren,"NIJE potvrđen defekt. Isti tip izvora kao 15 izmerenih parova — to je razlog za merenje, ne rezultat merenja."
carsystem__carsystem-dispenser-for-5-kg-polish#CLASS_B_DETERMINISTIC_FIX,carsystem__carsystem-dispenser-for-5-kg-polish,carsystem,carsystem,Carsystem Dispenser for 5 kg Polish,carsystem-dispenser-for-5-kg-polish,/products/carsystem/catalog/carsystem-dispenser-for-5-kg-polish.webp,660,1687,CLASS_B_DETERMINISTIC_FIX,asset (deterministički tretman),HISTORICAL_CONFIRMED,KNOWN_ASSET_ISSUE,unknown,,,B_DETERMINISTIC_FIX,SOURCE_IMAGE_PROBLEM,"klasa B — tretman tek posle odobrenja pilota (handoff §12.8); finalna pravila imaju prednost nad predlogom: bez cropa, bez globalnog brightness/gamma/contrast, bez AI",NONE — 0 odobreno / 0 integrisano; bez mass apply; runtime productImage nepromenjen,,YES (sourceSha256 + veličina fajla isti),https://www.carsystem.org/fileadmin/_processed_/e/c/csm_156460-cs-dispenser-fuer-5kg-politur_d47718cdc7.png,https://www.carsystem.org/fileadmin/products/images/156.460/156460-cs-dispenser-fuer-5kg-politur.png,IMAGE_QUALITY_REVIEW_ONLY,historical-evidence/CARSYSTEM_IMAGE_AUDIT.csv,"nalaz: ravna crna silueta bez modelacije (nema tonske informacije za obnovu) | istorijski predlog: maskirani output black point lift (0 -> ~28) unutar alfe; ne stvara refleks ni detalj | rizik: nizak — deterministicka kriva, bez rekonstrukcije"
carsystem__carsystem-dispenser-for-5-kg-polish#SOURCE_PIPELINE_REEXPORT_CANDIDATE_UNMEASURED,carsystem__carsystem-dispenser-for-5-kg-polish,carsystem,carsystem,Carsystem Dispenser for 5 kg Polish,carsystem-dispenser-for-5-kg-polish,/products/carsystem/catalog/carsystem-dispenser-for-5-kg-polish.webp,660,1687,SOURCE_PIPELINE_REEXPORT_CANDIDATE_UNMEASURED,tone/source re-export (kandidat),RULE_BASED_CANDIDATE,CANDIDATE_NOT_YET_MEASURED,unknown,,,B_DETERMINISTIC_FIX,SOURCE_IMAGE_PROBLEM,pipelineToneStatus = unknown; ekstrapolacija zabranjena (finalna odluka 9); sistemski re-export nije ni planiran ni odobren,NONE — 0 odobreno / 0 integrisano; bez mass apply; runtime productImage nepromenjen,,YES (sourceSha256 + veličina fajla isti),https://www.carsystem.org/fileadmin/_processed_/e/c/csm_156460-cs-dispenser-fuer-5kg-politur_d47718cdc7.png,https://www.carsystem.org/fileadmin/products/images/156.460/156460-cs-dispenser-fuer-5kg-politur.png,IMAGE_QUALITY_REVIEW_ONLY,pravilo: današnji manifest porekla (izvor = _processed_ PNG derivat); par NIJE meren,"NIJE potvrđen defekt. Isti tip izvora kao 15 izmerenih parova — to je razlog za merenje, ne rezultat merenja."
carsystem__carsystem-dispenser-for-paint-strainers#SOURCE_PIPELINE_REEXPORT_CANDIDATE_UNMEASURED,carsystem__carsystem-dispenser-for-paint-strainers,carsystem,carsystem,Carsystem Dispenser for paint strainers,carsystem-dispenser-for-paint-strainers,/products/carsystem/catalog/carsystem-dispenser-for-paint-strainers.webp,660,981,SOURCE_PIPELINE_REEXPORT_CANDIDATE_UNMEASURED,tone/source re-export (kandidat),RULE_BASED_CANDIDATE,CANDIDATE_NOT_YET_MEASURED,unknown,,,A_OK_NO_CHANGE,NONE,pipelineToneStatus = unknown; ekstrapolacija zabranjena (finalna odluka 9); sistemski re-export nije ni planiran ni odobren,NONE — 0 odobreno / 0 integrisano; bez mass apply; runtime productImage nepromenjen,,YES (sourceSha256 + veličina fajla isti),https://www.carsystem.org/fileadmin/_processed_/7/5/csm_146960-cs-dispenser-fuer-multi-strain-farbsiebe_d2579b2b20.png,https://www.carsystem.org/fileadmin/products/images/146.960/146960-cs-dispenser-fuer-multi-strain-farbsiebe.png,IMAGE_QUALITY_REVIEW_ONLY,pravilo: današnji manifest porekla (izvor = _processed_ PNG derivat); par NIJE meren,"NIJE potvrđen defekt. Isti tip izvora kao 15 izmerenih parova — to je razlog za merenje, ne rezultat merenja."
carsystem__carsystem-dispenser-multi-mix#SOURCE_PIPELINE_REEXPORT_CANDIDATE_UNMEASURED,carsystem__carsystem-dispenser-multi-mix,carsystem,carsystem,Carsystem Dispenser Multi-Mix,carsystem-dispenser-multi-mix,/products/carsystem/catalog/carsystem-dispenser-multi-mix.webp,660,3188,SOURCE_PIPELINE_REEXPORT_CANDIDATE_UNMEASURED,tone/source re-export (kandidat),RULE_BASED_CANDIDATE,CANDIDATE_NOT_YET_MEASURED,unknown,,,A_OK_NO_CHANGE,NONE,pipelineToneStatus = unknown; ekstrapolacija zabranjena (finalna odluka 9); sistemski re-export nije ni planiran ni odobren,NONE — 0 odobreno / 0 integrisano; bez mass apply; runtime productImage nepromenjen,,YES (sourceSha256 + veličina fajla isti),https://www.carsystem.org/fileadmin/_processed_/f/0/csm_137664-65-66-67-cs-dispenser-multi-mix_ff8c11ca2f.png,https://www.carsystem.org/fileadmin/products/images/137.664/137664-65-66-67-cs-dispenser-multi-mix.png,IMAGE_QUALITY_REVIEW_ONLY,pravilo: današnji manifest porekla (izvor = _processed_ PNG derivat); par NIJE meren,"NIJE potvrđen defekt. Isti tip izvora kao 15 izmerenih parova — to je razlog za merenje, ne rezultat merenja."
carsystem__carsystem-doormat-logo-black#CLASS_F_SPECIAL_MARKETING_IMAGE,carsystem__carsystem-doormat-logo-black,carsystem,carsystem,Carsystem Doormat logo black,carsystem-doormat-logo-black,/products/carsystem/catalog/carsystem-doormat-logo-black.webp,660,451,CLASS_F_SPECIAL_MARKETING_IMAGE,manual review,MANUAL_REVIEW_REQUIRED,NO_ACTION_APPROVED,unknown,,,F_SPECIAL_MARKETING_IMAGE,SOURCE_IMAGE_PROBLEM,klasa F — marketinška/merch fotografija; ne dira se,NONE — 0 odobreno / 0 integrisano; bez mass apply; runtime productImage nepromenjen,,YES (sourceSha256 + veličina fajla isti),https://www.carsystem.org/fileadmin/_processed_/3/d/csm_158.622-623-cs-wm-fussmatte_11813cfc6f.png,https://www.carsystem.org/fileadmin/products/images/158.622/158.622-623-cs-wm-fussmatte.png,IMAGE_QUALITY_REVIEW_ONLY,historical-evidence/CARSYSTEM_IMAGE_AUDIT.csv,nalaz: merch/model/brand composition | rizik: nema (ne dira se)
carsystem__carsystem-doormat-logo-black#SOURCE_PIPELINE_REEXPORT_CANDIDATE_UNMEASURED,carsystem__carsystem-doormat-logo-black,carsystem,carsystem,Carsystem Doormat logo black,carsystem-doormat-logo-black,/products/carsystem/catalog/carsystem-doormat-logo-black.webp,660,451,SOURCE_PIPELINE_REEXPORT_CANDIDATE_UNMEASURED,tone/source re-export (kandidat),RULE_BASED_CANDIDATE,CANDIDATE_NOT_YET_MEASURED,unknown,,,F_SPECIAL_MARKETING_IMAGE,SOURCE_IMAGE_PROBLEM,pipelineToneStatus = unknown; ekstrapolacija zabranjena (finalna odluka 9); sistemski re-export nije ni planiran ni odobren,NONE — 0 odobreno / 0 integrisano; bez mass apply; runtime productImage nepromenjen,,YES (sourceSha256 + veličina fajla isti),https://www.carsystem.org/fileadmin/_processed_/3/d/csm_158.622-623-cs-wm-fussmatte_11813cfc6f.png,https://www.carsystem.org/fileadmin/products/images/158.622/158.622-623-cs-wm-fussmatte.png,IMAGE_QUALITY_REVIEW_ONLY,pravilo: današnji manifest porekla (izvor = _processed_ PNG derivat); par NIJE meren,"NIJE potvrđen defekt. Isti tip izvora kao 15 izmerenih parova — to je razlog za merenje, ne rezultat merenja."
carsystem__carsystem-dry-coat-2-0#SOURCE_PIPELINE_REEXPORT_CANDIDATE_UNMEASURED,carsystem__carsystem-dry-coat-2-0,carsystem,carsystem,Carsystem Dry Coat 2.0,carsystem-dry-coat-2-0,/products/carsystem/catalog/carsystem-dry-coat-2-0.webp,660,646,SOURCE_PIPELINE_REEXPORT_CANDIDATE_UNMEASURED,tone/source re-export (kandidat),RULE_BASED_CANDIDATE,CANDIDATE_NOT_YET_MEASURED,unknown,,,A_OK_NO_CHANGE,NONE,pipelineToneStatus = unknown; ekstrapolacija zabranjena (finalna odluka 9); sistemski re-export nije ni planiran ni odobren,NONE — 0 odobreno / 0 integrisano; bez mass apply; runtime productImage nepromenjen,,YES (sourceSha256 + veličina fajla isti),https://www.carsystem.org/fileadmin/_processed_/1/5/csm_158.486-dry-coat-applikator-liegend_26068bb23b.png,https://www.carsystem.org/fileadmin/products/images/158.487/158.486-dry-coat-applikator-liegend.png,IMAGE_QUALITY_REVIEW_ONLY,pravilo: današnji manifest porekla (izvor = _processed_ PNG derivat); par NIJE meren,"NIJE potvrđen defekt. Isti tip izvora kao 15 izmerenih parova — to je razlog za merenje, ne rezultat merenja."
carsystem__carsystem-dualmatic#SOURCE_PIPELINE_REEXPORT_CANDIDATE_UNMEASURED,carsystem__carsystem-dualmatic,carsystem,carsystem,Carsystem Dualmatic,carsystem-dualmatic,/products/carsystem/catalog/carsystem-dualmatic.webp,660,428,SOURCE_PIPELINE_REEXPORT_CANDIDATE_UNMEASURED,tone/source re-export (kandidat),RULE_BASED_CANDIDATE,CANDIDATE_NOT_YET_MEASURED,unknown,,,A_OK_NO_CHANGE,NONE,pipelineToneStatus = unknown; ekstrapolacija zabranjena (finalna odluka 9); sistemski re-export nije ni planiran ni odobren,NONE — 0 odobreno / 0 integrisano; bez mass apply; runtime productImage nepromenjen,,YES (sourceSha256 + veličina fajla isti),https://www.carsystem.org/fileadmin/_processed_/6/8/csm_123892-dualmatic-3kg-32-exv-av_0436b70a41.png,https://www.carsystem.org/fileadmin/products/images/123.892/123892-dualmatic-3kg-32-exv-av.png,IMAGE_QUALITY_REVIEW_ONLY,pravilo: današnji manifest porekla (izvor = _processed_ PNG derivat); par NIJE meren,"NIJE potvrđen defekt. Isti tip izvora kao 15 izmerenih parova — to je razlog za merenje, ne rezultat merenja."
carsystem__carsystem-dust-needle#FIT_MEASURES_BAKED_SHADOW,carsystem__carsystem-dust-needle,carsystem,carsystem,Carsystem Dust Needle,carsystem-dust-needle,/products/carsystem/catalog/carsystem-dust-needle.webp,660,368,FIT_MEASURES_BAKED_SHADOW,"crop/fit (rendering, ne asset)",HISTORICAL_CONFIRMED,KNOWN_RENDERING_ISSUE,unknown,,,A_OK_NO_CHANGE,CSS_RENDERING_PROBLEM,"rešenje = V6A hibridni subjectBox (merenjem, bez izmene fajla; bez cropa) — IMPLEMENTED_AND_VERIFIED u starom worktree-u, NIJE na main; ne portuje se",NONE — 0 odobreno / 0 integrisano; bez mass apply; runtime productImage nepromenjen,,YES (sourceSha256 + veličina fajla isti),https://www.carsystem.org/fileadmin/_processed_/1/b/csm_140971-cs-dust-needle_d188921401.png,https://www.carsystem.org/fileadmin/products/images/140.971/140971-cs-dust-needle.png,IMAGE_QUALITY_REVIEW_ONLY,historical-evidence/css-rendering-candidates.csv,"linearni manjak 12.1 %, manjak površine 12.6 %; inflacija boxa 1.1441"
carsystem__carsystem-dust-needle#SOURCE_PIPELINE_REEXPORT_CANDIDATE_UNMEASURED,carsystem__carsystem-dust-needle,carsystem,carsystem,Carsystem Dust Needle,carsystem-dust-needle,/products/carsystem/catalog/carsystem-dust-needle.webp,660,368,SOURCE_PIPELINE_REEXPORT_CANDIDATE_UNMEASURED,tone/source re-export (kandidat),RULE_BASED_CANDIDATE,CANDIDATE_NOT_YET_MEASURED,unknown,,,A_OK_NO_CHANGE,CSS_RENDERING_PROBLEM,pipelineToneStatus = unknown; ekstrapolacija zabranjena (finalna odluka 9); sistemski re-export nije ni planiran ni odobren,NONE — 0 odobreno / 0 integrisano; bez mass apply; runtime productImage nepromenjen,,YES (sourceSha256 + veličina fajla isti),https://www.carsystem.org/fileadmin/_processed_/1/b/csm_140971-cs-dust-needle_d188921401.png,https://www.carsystem.org/fileadmin/products/images/140.971/140971-cs-dust-needle.png,IMAGE_QUALITY_REVIEW_ONLY,pravilo: današnji manifest porekla (izvor = _processed_ PNG derivat); par NIJE meren,"NIJE potvrđen defekt. Isti tip izvora kao 15 izmerenih parova — to je razlog za merenje, ne rezultat merenja."
carsystem__carsystem-easy-clean-box#SOURCE_PIPELINE_REEXPORT_CANDIDATE_UNMEASURED,carsystem__carsystem-easy-clean-box,carsystem,carsystem,Carsystem Easy Clean Box,carsystem-easy-clean-box,/products/carsystem/catalog/carsystem-easy-clean-box.webp,660,692,SOURCE_PIPELINE_REEXPORT_CANDIDATE_UNMEASURED,tone/source re-export (kandidat),RULE_BASED_CANDIDATE,CANDIDATE_NOT_YET_MEASURED,unknown,,,A_OK_NO_CHANGE,NONE,pipelineToneStatus = unknown; ekstrapolacija zabranjena (finalna odluka 9); sistemski re-export nije ni planiran ni odobren,NONE — 0 odobreno / 0 integrisano; bez mass apply; runtime productImage nepromenjen,,YES (sourceSha256 + veličina fajla isti),https://www.carsystem.org/fileadmin/_processed_/0/0/csm_153206-cs-easy-clean-box-c_b436011e10.png,https://www.carsystem.org/fileadmin/products/images/153.206/153206-cs-easy-clean-box-c.png,IMAGE_QUALITY_REVIEW_ONLY,pravilo: današnji manifest porekla (izvor = _processed_ PNG derivat); par NIJE meren,"NIJE potvrđen defekt. Isti tip izvora kao 15 izmerenih parova — to je razlog za merenje, ne rezultat merenja."
carsystem__carsystem-easy-mask#SOURCE_PIPELINE_REEXPORT_CANDIDATE_UNMEASURED,carsystem__carsystem-easy-mask,carsystem,carsystem,Carsystem Easy Mask,carsystem-easy-mask,/products/carsystem/catalog/carsystem-easy-mask.webp,660,803,SOURCE_PIPELINE_REEXPORT_CANDIDATE_UNMEASURED,tone/source re-export (kandidat),RULE_BASED_CANDIDATE,CANDIDATE_NOT_YET_MEASURED,unknown,,,A_OK_NO_CHANGE,NONE,pipelineToneStatus = unknown; ekstrapolacija zabranjena (finalna odluka 9); sistemski re-export nije ni planiran ni odobren,NONE — 0 odobreno / 0 integrisano; bez mass apply; runtime productImage nepromenjen,,YES (sourceSha256 + veličina fajla isti),https://www.carsystem.org/fileadmin/_processed_/3/f/csm_151181-cs-easy-mask-4_0x150m_7f58cf2f60.png,https://www.carsystem.org/fileadmin/products/images/151.181/151181-cs-easy-mask-4_0x150m.png,IMAGE_QUALITY_REVIEW_ONLY,pravilo: današnji manifest porekla (izvor = _processed_ PNG derivat); par NIJE meren,"NIJE potvrđen defekt. Isti tip izvora kao 15 izmerenih parova — to je razlog za merenje, ne rezultat merenja."
carsystem__carsystem-ef-21-ep-filler#SOURCE_PIPELINE_REEXPORT_CANDIDATE_UNMEASURED,carsystem__carsystem-ef-21-ep-filler,carsystem,carsystem,Carsystem EF.21 EP-Filler,carsystem-ef-21-ep-filler,/products/carsystem/catalog/carsystem-ef-21-ep-filler.webp,660,1163,SOURCE_PIPELINE_REEXPORT_CANDIDATE_UNMEASURED,tone/source re-export (kandidat),RULE_BASED_CANDIDATE,CANDIDATE_NOT_YET_MEASURED,unknown,,,A_OK_NO_CHANGE,NONE,pipelineToneStatus = unknown; ekstrapolacija zabranjena (finalna odluka 9); sistemski re-export nije ni planiran ni odobren,NONE — 0 odobreno / 0 integrisano; bez mass apply; runtime productImage nepromenjen,,YES (sourceSha256 + veličina fajla isti),https://www.carsystem.org/fileadmin/_processed_/3/1/csm_158248-cs-ef21-ep-grundierfueller_89b7b8b506.png,https://www.carsystem.org/fileadmin/products/images/158.248/158248-cs-ef21-ep-grundierfueller.png,IMAGE_QUALITY_REVIEW_ONLY,pravilo: današnji manifest porekla (izvor = _processed_ PNG derivat); par NIJE meren,"NIJE potvrđen defekt. Isti tip izvora kao 15 izmerenih parova — to je razlog za merenje, ne rezultat merenja."
carsystem__carsystem-elastic-beige#FIT_MEASURES_BAKED_SHADOW,carsystem__carsystem-elastic-beige,carsystem,carsystem,Carsystem Elastic beige,carsystem-elastic-beige,/products/carsystem/catalog/carsystem-elastic-beige.webp,660,406,FIT_MEASURES_BAKED_SHADOW,"crop/fit (rendering, ne asset)",HISTORICAL_CONFIRMED,KNOWN_RENDERING_ISSUE,unknown,,,A_OK_NO_CHANGE,CSS_RENDERING_PROBLEM,"rešenje = V6A hibridni subjectBox (merenjem, bez izmene fajla; bez cropa) — IMPLEMENTED_AND_VERIFIED u starom worktree-u, NIJE na main; ne portuje se",NONE — 0 odobreno / 0 integrisano; bez mass apply; runtime productImage nepromenjen,,YES (sourceSha256 + veličina fajla isti),https://www.carsystem.org/fileadmin/_processed_/5/7/csm_127.976-cs-elastic-beige-inkl-haerter-3D_e181a86b4a.png,https://www.carsystem.org/fileadmin/products/images/127.976/127.976-cs-elastic-beige-inkl-haerter-3D.png,IMAGE_QUALITY_REVIEW_ONLY,historical-evidence/css-rendering-candidates.csv,"linearni manjak 8.6 %, manjak površine 12.5 %; inflacija boxa 1.1431"
carsystem__carsystem-elastic-beige#SOURCE_PIPELINE_REEXPORT_CANDIDATE_UNMEASURED,carsystem__carsystem-elastic-beige,carsystem,carsystem,Carsystem Elastic beige,carsystem-elastic-beige,/products/carsystem/catalog/carsystem-elastic-beige.webp,660,406,SOURCE_PIPELINE_REEXPORT_CANDIDATE_UNMEASURED,tone/source re-export (kandidat),RULE_BASED_CANDIDATE,CANDIDATE_NOT_YET_MEASURED,unknown,,,A_OK_NO_CHANGE,CSS_RENDERING_PROBLEM,pipelineToneStatus = unknown; ekstrapolacija zabranjena (finalna odluka 9); sistemski re-export nije ni planiran ni odobren,NONE — 0 odobreno / 0 integrisano; bez mass apply; runtime productImage nepromenjen,,YES (sourceSha256 + veličina fajla isti),https://www.carsystem.org/fileadmin/_processed_/5/7/csm_127.976-cs-elastic-beige-inkl-haerter-3D_e181a86b4a.png,https://www.carsystem.org/fileadmin/products/images/127.976/127.976-cs-elastic-beige-inkl-haerter-3D.png,IMAGE_QUALITY_REVIEW_ONLY,pravilo: današnji manifest porekla (izvor = _processed_ PNG derivat); par NIJE meren,"NIJE potvrđen defekt. Isti tip izvora kao 15 izmerenih parova — to je razlog za merenje, ne rezultat merenja."
carsystem__carsystem-elastic-green#FIT_MEASURES_BAKED_SHADOW,carsystem__carsystem-elastic-green,carsystem,carsystem,Carsystem Elastic Green,carsystem-elastic-green,/products/carsystem/catalog/carsystem-elastic-green.webp,660,406,FIT_MEASURES_BAKED_SHADOW,"crop/fit (rendering, ne asset)",HISTORICAL_CONFIRMED,KNOWN_RENDERING_ISSUE,unknown,,,A_OK_NO_CHANGE,CSS_RENDERING_PROBLEM,"rešenje = V6A hibridni subjectBox (merenjem, bez izmene fajla; bez cropa) — IMPLEMENTED_AND_VERIFIED u starom worktree-u, NIJE na main; ne portuje se",NONE — 0 odobreno / 0 integrisano; bez mass apply; runtime productImage nepromenjen,,YES (sourceSha256 + veličina fajla isti),https://www.carsystem.org/fileadmin/_processed_/5/2/csm_146.708-cs-elastic-green-inkl-haerter-2_0kg-3D_078442ffb6.png,https://www.carsystem.org/fileadmin/products/images/146.708/146.708-cs-elastic-green-inkl-haerter-2_0kg-3D.png,IMAGE_QUALITY_REVIEW_ONLY,historical-evidence/css-rendering-candidates.csv,"linearni manjak 8.8 %, manjak površine 13.0 %; inflacija boxa 1.149"
carsystem__carsystem-elastic-green#SOURCE_PIPELINE_REEXPORT_CANDIDATE_UNMEASURED,carsystem__carsystem-elastic-green,carsystem,carsystem,Carsystem Elastic Green,carsystem-elastic-green,/products/carsystem/catalog/carsystem-elastic-green.webp,660,406,SOURCE_PIPELINE_REEXPORT_CANDIDATE_UNMEASURED,tone/source re-export (kandidat),RULE_BASED_CANDIDATE,CANDIDATE_NOT_YET_MEASURED,unknown,,,A_OK_NO_CHANGE,CSS_RENDERING_PROBLEM,pipelineToneStatus = unknown; ekstrapolacija zabranjena (finalna odluka 9); sistemski re-export nije ni planiran ni odobren,NONE — 0 odobreno / 0 integrisano; bez mass apply; runtime productImage nepromenjen,,YES (sourceSha256 + veličina fajla isti),https://www.carsystem.org/fileadmin/_processed_/5/2/csm_146.708-cs-elastic-green-inkl-haerter-2_0kg-3D_078442ffb6.png,https://www.carsystem.org/fileadmin/products/images/146.708/146.708-cs-elastic-green-inkl-haerter-2_0kg-3D.png,IMAGE_QUALITY_REVIEW_ONLY,pravilo: današnji manifest porekla (izvor = _processed_ PNG derivat); par NIJE meren,"NIJE potvrđen defekt. Isti tip izvora kao 15 izmerenih parova — to je razlog za merenje, ne rezultat merenja."
carsystem__carsystem-excenter-back-pad-multi-m#SOURCE_PIPELINE_REEXPORT_CANDIDATE_UNMEASURED,carsystem__carsystem-excenter-back-pad-multi-m,carsystem,carsystem,Carsystem Excenter Back Pad Multi M,carsystem-excenter-back-pad-multi-m,/products/carsystem/catalog/carsystem-excenter-back-pad-multi-m.webp,660,422,SOURCE_PIPELINE_REEXPORT_CANDIDATE_UNMEASURED,tone/source re-export (kandidat),RULE_BASED_CANDIDATE,CANDIDATE_NOT_YET_MEASURED,unknown,,,A_OK_NO_CHANGE,NONE,pipelineToneStatus = unknown; ekstrapolacija zabranjena (finalna odluka 9); sistemski re-export nije ni planiran ni odobren,NONE — 0 odobreno / 0 integrisano; bez mass apply; runtime productImage nepromenjen,,YES (sourceSha256 + veličina fajla isti),https://www.carsystem.org/fileadmin/_processed_/2/f/csm_156570-cs-excenter-back-pad-multi-m-150mm_0531471d18.png,https://www.carsystem.org/fileadmin/products/images/156.570/156570-cs-excenter-back-pad-multi-m-150mm.png,IMAGE_QUALITY_REVIEW_ONLY,pravilo: današnji manifest porekla (izvor = _processed_ PNG derivat); par NIJE meren,"NIJE potvrđen defekt. Isti tip izvora kao 15 izmerenih parova — to je razlog za merenje, ne rezultat merenja."
carsystem__carsystem-excenter-back-pad-t-19#SOURCE_PIPELINE_REEXPORT_CANDIDATE_UNMEASURED,carsystem__carsystem-excenter-back-pad-t-19,carsystem,carsystem,Carsystem Excenter Back Pad T.19,carsystem-excenter-back-pad-t-19,/products/carsystem/catalog/carsystem-excenter-back-pad-t-19.webp,660,660,SOURCE_PIPELINE_REEXPORT_CANDIDATE_UNMEASURED,tone/source re-export (kandidat),RULE_BASED_CANDIDATE,CANDIDATE_NOT_YET_MEASURED,unknown,,,A_OK_NO_CHANGE,NONE,pipelineToneStatus = unknown; ekstrapolacija zabranjena (finalna odluka 9); sistemski re-export nije ni planiran ni odobren,NONE — 0 odobreno / 0 integrisano; bez mass apply; runtime productImage nepromenjen,,YES (sourceSha256 + veličina fajla isti),https://www.carsystem.org/fileadmin/_processed_/e/2/csm_156227-cs-excenter-back-pad-t.19-m-150mm-25l_c9f34bb0e0.png,https://www.carsystem.org/fileadmin/products/images/156.227/156227-cs-excenter-back-pad-t.19-m-150mm-25l.png,IMAGE_QUALITY_REVIEW_ONLY,pravilo: današnji manifest porekla (izvor = _processed_ PNG derivat); par NIJE meren,"NIJE potvrđen defekt. Isti tip izvora kao 15 izmerenih parova — to je razlog za merenje, ne rezultat merenja."
carsystem__carsystem-explorer-ltd-2-piece-coverall#CLASS_F_SPECIAL_MARKETING_IMAGE,carsystem__carsystem-explorer-ltd-2-piece-coverall,carsystem,carsystem,Carsystem Explorer Ltd. 2-Piece Coverall,carsystem-explorer-ltd-2-piece-coverall,/products/carsystem/catalog/carsystem-explorer-ltd-2-piece-coverall.webp,660,1375,CLASS_F_SPECIAL_MARKETING_IMAGE,manual review,MANUAL_REVIEW_REQUIRED,NO_ACTION_APPROVED,unknown,,,F_SPECIAL_MARKETING_IMAGE,SOURCE_IMAGE_PROBLEM,klasa F — marketinška/merch fotografija; ne dira se,NONE — 0 odobreno / 0 integrisano; bez mass apply; runtime productImage nepromenjen,,YES (sourceSha256 + veličina fajla isti),https://www.carsystem.org/fileadmin/_processed_/a/f/csm_158.682-693-explorer-ltd-2-piece-coverall-front_back_608623d919.png,https://www.carsystem.org/fileadmin/products/images/158.682/158.682-693-explorer-ltd-2-piece-coverall-front_back.png,IMAGE_QUALITY_REVIEW_ONLY,historical-evidence/CARSYSTEM_IMAGE_AUDIT.csv,nalaz: merch/model/brand composition | rizik: nema (ne dira se)
carsystem__carsystem-explorer-ltd-2-piece-coverall#SOURCE_PIPELINE_REEXPORT_CANDIDATE_UNMEASURED,carsystem__carsystem-explorer-ltd-2-piece-coverall,carsystem,carsystem,Carsystem Explorer Ltd. 2-Piece Coverall,carsystem-explorer-ltd-2-piece-coverall,/products/carsystem/catalog/carsystem-explorer-ltd-2-piece-coverall.webp,660,1375,SOURCE_PIPELINE_REEXPORT_CANDIDATE_UNMEASURED,tone/source re-export (kandidat),RULE_BASED_CANDIDATE,CANDIDATE_NOT_YET_MEASURED,unknown,,,F_SPECIAL_MARKETING_IMAGE,SOURCE_IMAGE_PROBLEM,pipelineToneStatus = unknown; ekstrapolacija zabranjena (finalna odluka 9); sistemski re-export nije ni planiran ni odobren,NONE — 0 odobreno / 0 integrisano; bez mass apply; runtime productImage nepromenjen,,YES (sourceSha256 + veličina fajla isti),https://www.carsystem.org/fileadmin/_processed_/a/f/csm_158.682-693-explorer-ltd-2-piece-coverall-front_back_608623d919.png,https://www.carsystem.org/fileadmin/products/images/158.682/158.682-693-explorer-ltd-2-piece-coverall-front_back.png,IMAGE_QUALITY_REVIEW_ONLY,pravilo: današnji manifest porekla (izvor = _processed_ PNG derivat); par NIJE meren,"NIJE potvrđen defekt. Isti tip izvora kao 15 izmerenih parova — to je razlog za merenje, ne rezultat merenja."
carsystem__carsystem-f19-brusni-diskovi#CLASS_E_SOURCE_REPLACEMENT_PREFERRED,carsystem__carsystem-f19-brusni-diskovi,carsystem,carsystem,Carsystem F19 brusni diskovi,carsystem-f19-brusni-diskovi,/products/carsystem/carsystem-f19-brusni-diskovi.png,660,649,CLASS_E_SOURCE_REPLACEMENT_PREFERRED,source replacement (bolji zvanični packshot),HISTORICAL_CONFIRMED,KNOWN_ASSET_ISSUE,unknown,,,E_SOURCE_REPLACEMENT_PREFERRED,SOURCE_IMAGE_PROBLEM,klasa E — kandidat za zamenu izvora boljim ZVANIČNIM packshotom; bez AI; ništa nije preuzeto,NONE — 0 odobreno / 0 integrisano; bez mass apply; runtime productImage nepromenjen,,YES (legacy asset bez sync manifesta; veličina fajla ista),,,LOCAL_LEGITIMATE_IMAGE,historical-evidence/CARSYSTEM_IMAGE_AUDIT.csv,"nalaz: repo asset, nije zvanični carsystem.org packshot | rizik: nizak — zamena izvora, bez AI"
carsystem__carsystem-f23-brusni-diskovi#CLASS_E_SOURCE_REPLACEMENT_PREFERRED,carsystem__carsystem-f23-brusni-diskovi,carsystem,carsystem,Carsystem Sanding Disc F.23 Ceramic,carsystem-f23-brusni-diskovi,/products/carsystem/carsystem-f23-brusni-diskovi.png,660,650,CLASS_E_SOURCE_REPLACEMENT_PREFERRED,source replacement (bolji zvanični packshot),HISTORICAL_CONFIRMED,KNOWN_ASSET_ISSUE,unknown,,,E_SOURCE_REPLACEMENT_PREFERRED,SOURCE_IMAGE_PROBLEM,klasa E — kandidat za zamenu izvora boljim ZVANIČNIM packshotom; bez AI; ništa nije preuzeto,NONE — 0 odobreno / 0 integrisano; bez mass apply; runtime productImage nepromenjen,,YES (legacy asset bez sync manifesta; veličina fajla ista),,,LOCAL_LEGITIMATE_IMAGE,historical-evidence/CARSYSTEM_IMAGE_AUDIT.csv,"nalaz: repo asset, nije zvanični carsystem.org packshot | rizik: nizak — zamena izvora, bez AI"
carsystem__carsystem-faser#FIT_MEASURES_BAKED_SHADOW,carsystem__carsystem-faser,carsystem,carsystem,Carsystem Faser,carsystem-faser,/products/carsystem/catalog/carsystem-faser.webp,660,406,FIT_MEASURES_BAKED_SHADOW,"crop/fit (rendering, ne asset)",HISTORICAL_CONFIRMED,KNOWN_RENDERING_ISSUE,unknown,,,A_OK_NO_CHANGE,CSS_RENDERING_PROBLEM,"rešenje = V6A hibridni subjectBox (merenjem, bez izmene fajla; bez cropa) — IMPLEMENTED_AND_VERIFIED u starom worktree-u, NIJE na main; ne portuje se",NONE — 0 odobreno / 0 integrisano; bez mass apply; runtime productImage nepromenjen,,YES (sourceSha256 + veličina fajla isti),https://www.carsystem.org/fileadmin/_processed_/8/2/csm_138.443-cs-faser-inkl-haerter-3D_3915253196.png,https://www.carsystem.org/fileadmin/products/images/138.443/138.443-cs-faser-inkl-haerter-3D.png,IMAGE_QUALITY_REVIEW_ONLY,historical-evidence/css-rendering-candidates.csv,"linearni manjak 8.6 %, manjak površine 12.5 %; inflacija boxa 1.1431"
carsystem__carsystem-faser#SOURCE_PIPELINE_REEXPORT_CANDIDATE_UNMEASURED,carsystem__carsystem-faser,carsystem,carsystem,Carsystem Faser,carsystem-faser,/products/carsystem/catalog/carsystem-faser.webp,660,406,SOURCE_PIPELINE_REEXPORT_CANDIDATE_UNMEASURED,tone/source re-export (kandidat),RULE_BASED_CANDIDATE,CANDIDATE_NOT_YET_MEASURED,unknown,,,A_OK_NO_CHANGE,CSS_RENDERING_PROBLEM,pipelineToneStatus = unknown; ekstrapolacija zabranjena (finalna odluka 9); sistemski re-export nije ni planiran ni odobren,NONE — 0 odobreno / 0 integrisano; bez mass apply; runtime productImage nepromenjen,,YES (sourceSha256 + veličina fajla isti),https://www.carsystem.org/fileadmin/_processed_/8/2/csm_138.443-cs-faser-inkl-haerter-3D_3915253196.png,https://www.carsystem.org/fileadmin/products/images/138.443/138.443-cs-faser-inkl-haerter-3D.png,IMAGE_QUALITY_REVIEW_ONLY,pravilo: današnji manifest porekla (izvor = _processed_ PNG derivat); par NIJE meren,"NIJE potvrđen defekt. Isti tip izvora kao 15 izmerenih parova — to je razlog za merenje, ne rezultat merenja."
carsystem__carsystem-fill-putty#CLASS_B_DETERMINISTIC_FIX,carsystem__carsystem-fill-putty,carsystem,carsystem,Carsystem Fill putty,carsystem-fill-putty,/products/carsystem/catalog/carsystem-fill-putty.webp,660,621,CLASS_B_DETERMINISTIC_FIX,asset (deterministički tretman),HISTORICAL_CONFIRMED,KNOWN_ASSET_ISSUE,unknown,,,B_DETERMINISTIC_FIX,BOTH,"klasa B — tretman tek posle odobrenja pilota (handoff §12.8); finalna pravila imaju prednost nad predlogom: bez cropa, bez globalnog brightness/gamma/contrast, bez AI",NONE — 0 odobreno / 0 integrisano; bez mass apply; runtime productImage nepromenjen,,YES (sourceSha256 + veličina fajla isti),https://www.carsystem.org/fileadmin/_processed_/9/1/csm_124552-cs-fuellspachtel-inkl-haerter-1_0-kg_e53eeb5fe9.webp,https://www.carsystem.org/fileadmin/products/images/124.550/124552-cs-fuellspachtel-inkl-haerter-1_0-kg.webp,APPROVED_RUNTIME_IMAGE,historical-evidence/CARSYSTEM_IMAGE_AUDIT.csv,nalaz: širok poluprovidni oreol/refleks u alfi | istorijski predlog: čišćenje alfa krive na ivici | rizik: nizak
carsystem__carsystem-fill-putty#FIT_MEASURES_BAKED_SHADOW,carsystem__carsystem-fill-putty,carsystem,carsystem,Carsystem Fill putty,carsystem-fill-putty,/products/carsystem/catalog/carsystem-fill-putty.webp,660,621,FIT_MEASURES_BAKED_SHADOW,"crop/fit (rendering, ne asset)",HISTORICAL_CONFIRMED,KNOWN_RENDERING_ISSUE,unknown,,,B_DETERMINISTIC_FIX,BOTH,"rešenje = V6A hibridni subjectBox (merenjem, bez izmene fajla; bez cropa) — IMPLEMENTED_AND_VERIFIED u starom worktree-u, NIJE na main; ne portuje se",NONE — 0 odobreno / 0 integrisano; bez mass apply; runtime productImage nepromenjen,,YES (sourceSha256 + veličina fajla isti),https://www.carsystem.org/fileadmin/_processed_/9/1/csm_124552-cs-fuellspachtel-inkl-haerter-1_0-kg_e53eeb5fe9.webp,https://www.carsystem.org/fileadmin/products/images/124.550/124552-cs-fuellspachtel-inkl-haerter-1_0-kg.webp,APPROVED_RUNTIME_IMAGE,historical-evidence/css-rendering-candidates.csv,"linearni manjak 12.7 %, manjak površine 14.2 %; inflacija boxa 1.1659"
carsystem__carsystem-fine-block#SOURCE_PIPELINE_REEXPORT_CANDIDATE_UNMEASURED,carsystem__carsystem-fine-block,carsystem,carsystem,Carsystem Fine Block,carsystem-fine-block,/products/carsystem/catalog/carsystem-fine-block.webp,660,458,SOURCE_PIPELINE_REEXPORT_CANDIDATE_UNMEASURED,tone/source re-export (kandidat),RULE_BASED_CANDIDATE,CANDIDATE_NOT_YET_MEASURED,unknown,,,A_OK_NO_CHANGE,NONE,pipelineToneStatus = unknown; ekstrapolacija zabranjena (finalna odluka 9); sistemski re-export nije ni planiran ni odobren,NONE — 0 odobreno / 0 integrisano; bez mass apply; runtime productImage nepromenjen,,YES (sourceSha256 + veličina fajla isti),https://www.carsystem.org/fileadmin/_processed_/0/c/csm_140979-80-81-82-cs-fine-block-800-1500-2000-3000_005f1c3a6e.png,https://www.carsystem.org/fileadmin/products/images/140.979/140979-80-81-82-cs-fine-block-800-1500-2000-3000.png,IMAGE_QUALITY_REVIEW_ONLY,pravilo: današnji manifest porekla (izvor = _processed_ PNG derivat); par NIJE meren,"NIJE potvrđen defekt. Isti tip izvora kao 15 izmerenih parova — to je razlog za merenje, ne rezultat merenja."
carsystem__carsystem-fine-line-tape-blue#SOURCE_PIPELINE_REEXPORT_CANDIDATE_UNMEASURED,carsystem__carsystem-fine-line-tape-blue,carsystem,carsystem,Carsystem Fine Line Tape Blue,carsystem-fine-line-tape-blue,/products/carsystem/catalog/carsystem-fine-line-tape-blue.webp,660,507,SOURCE_PIPELINE_REEXPORT_CANDIDATE_UNMEASURED,tone/source re-export (kandidat),RULE_BASED_CANDIDATE,CANDIDATE_NOT_YET_MEASURED,unknown,,,A_OK_NO_CHANGE,NONE,pipelineToneStatus = unknown; ekstrapolacija zabranjena (finalna odluka 9); sistemski re-export nije ni planiran ni odobren,NONE — 0 odobreno / 0 integrisano; bez mass apply; runtime productImage nepromenjen,,YES (sourceSha256 + veličina fajla isti),https://www.carsystem.org/fileadmin/_processed_/b/6/csm_140083-84-85-86-87-cs-fine-line-tape-blue_9622aa6ec4.png,https://www.carsystem.org/fileadmin/products/images/140.083/140083-84-85-86-87-cs-fine-line-tape-blue.png,IMAGE_QUALITY_REVIEW_ONLY,pravilo: današnji manifest porekla (izvor = _processed_ PNG derivat); par NIJE meren,"NIJE potvrđen defekt. Isti tip izvora kao 15 izmerenih parova — to je razlog za merenje, ne rezultat merenja."
carsystem__carsystem-finish-back-pad#SOURCE_PIPELINE_REEXPORT_CANDIDATE_UNMEASURED,carsystem__carsystem-finish-back-pad,carsystem,carsystem,Carsystem Finish Back Pad,carsystem-finish-back-pad,/products/carsystem/catalog/carsystem-finish-back-pad.webp,660,387,SOURCE_PIPELINE_REEXPORT_CANDIDATE_UNMEASURED,tone/source re-export (kandidat),RULE_BASED_CANDIDATE,CANDIDATE_NOT_YET_MEASURED,unknown,,,A_OK_NO_CHANGE,NONE,pipelineToneStatus = unknown; ekstrapolacija zabranjena (finalna odluka 9); sistemski re-export nije ni planiran ni odobren,NONE — 0 odobreno / 0 integrisano; bez mass apply; runtime productImage nepromenjen,,YES (sourceSha256 + veličina fajla isti),https://www.carsystem.org/fileadmin/_processed_/5/4/csm_139206-cs-finish-back-pad-m14-128mm_0c9d182c1a.png,https://www.carsystem.org/fileadmin/products/images/139.206/139206-cs-finish-back-pad-m14-128mm.png,IMAGE_QUALITY_REVIEW_ONLY,pravilo: današnji manifest porekla (izvor = _processed_ PNG derivat); par NIJE meren,"NIJE potvrđen defekt. Isti tip izvora kao 15 izmerenih parova — to je razlog za merenje, ne rezultat merenja."
carsystem__carsystem-finish-back-pad-m-14#FIT_MEASURES_BAKED_SHADOW,carsystem__carsystem-finish-back-pad-m-14,carsystem,carsystem,Carsystem Finish Back Pad M-14,carsystem-finish-back-pad-m-14,/products/carsystem/catalog/carsystem-finish-back-pad-m-14.webp,660,440,FIT_MEASURES_BAKED_SHADOW,"crop/fit (rendering, ne asset)",HISTORICAL_CONFIRMED,KNOWN_RENDERING_ISSUE,unknown,,,A_OK_NO_CHANGE,CSS_RENDERING_PROBLEM,"rešenje = V6A hibridni subjectBox (merenjem, bez izmene fajla; bez cropa) — IMPLEMENTED_AND_VERIFIED u starom worktree-u, NIJE na main; ne portuje se",NONE — 0 odobreno / 0 integrisano; bez mass apply; runtime productImage nepromenjen,,YES (sourceSha256 + veličina fajla isti),https://www.carsystem.org/fileadmin/_processed_/1/f/csm_160443-m-14-polierstuetzteller_ef00f1f804.webp,https://www.carsystem.org/fileadmin/products/images/160.443/160443-m-14-polierstuetzteller.webp,APPROVED_RUNTIME_IMAGE,historical-evidence/css-rendering-candidates.csv,"linearni manjak 9.4 %, manjak površine 10.6 %; inflacija boxa 1.1184"
carsystem__carsystem-finish-clay#SOURCE_PIPELINE_REEXPORT_CANDIDATE_UNMEASURED,carsystem__carsystem-finish-clay,carsystem,carsystem,Carsystem Finish Clay,carsystem-finish-clay,/products/carsystem/catalog/carsystem-finish-clay.webp,660,403,SOURCE_PIPELINE_REEXPORT_CANDIDATE_UNMEASURED,tone/source re-export (kandidat),RULE_BASED_CANDIDATE,CANDIDATE_NOT_YET_MEASURED,unknown,,,A_OK_NO_CHANGE,NONE,pipelineToneStatus = unknown; ekstrapolacija zabranjena (finalna odluka 9); sistemski re-export nije ni planiran ni odobren,NONE — 0 odobreno / 0 integrisano; bez mass apply; runtime productImage nepromenjen,,YES (sourceSha256 + veličina fajla isti),https://www.carsystem.org/fileadmin/_processed_/7/c/csm_147468-cs-finish-clay-blue-200g_8d248c8fe7.png,https://www.carsystem.org/fileadmin/products/images/147.468/147468-cs-finish-clay-blue-200g.png,IMAGE_QUALITY_REVIEW_ONLY,pravilo: današnji manifest porekla (izvor = _processed_ PNG derivat); par NIJE meren,"NIJE potvrđen defekt. Isti tip izvora kao 15 izmerenih parova — to je razlog za merenje, ne rezultat merenja."
carsystem__carsystem-finish-control-foam-c-99#SOURCE_PIPELINE_REEXPORT_CANDIDATE_UNMEASURED,carsystem__carsystem-finish-control-foam-c-99,carsystem,carsystem,Carsystem Finish Control Foam C-99,carsystem-finish-control-foam-c-99,/products/carsystem/catalog/carsystem-finish-control-foam-c-99.webp,660,1796,SOURCE_PIPELINE_REEXPORT_CANDIDATE_UNMEASURED,tone/source re-export (kandidat),RULE_BASED_CANDIDATE,CANDIDATE_NOT_YET_MEASURED,unknown,,,A_OK_NO_CHANGE,NONE,pipelineToneStatus = unknown; ekstrapolacija zabranjena (finalna odluka 9); sistemski re-export nije ni planiran ni odobren,NONE — 0 odobreno / 0 integrisano; bez mass apply; runtime productImage nepromenjen,,YES (sourceSha256 + veličina fajla isti),https://www.carsystem.org/fileadmin/_processed_/c/8/csm_156614-cs-finish-kontrollschaum_2dcfafa5c1.png,https://www.carsystem.org/fileadmin/products/images/156.614/156614-cs-finish-kontrollschaum.png,IMAGE_QUALITY_REVIEW_ONLY,pravilo: današnji manifest porekla (izvor = _processed_ PNG derivat); par NIJE meren,"NIJE potvrđen defekt. Isti tip izvora kao 15 izmerenih parova — to je razlog za merenje, ne rezultat merenja."
carsystem__carsystem-finish-foam-black-ah#CLASS_B_DETERMINISTIC_FIX,carsystem__carsystem-finish-foam-black-ah,carsystem,carsystem,Carsystem Finish Foam Black AH,carsystem-finish-foam-black-ah,/products/carsystem/catalog/carsystem-finish-foam-black-ah.webp,660,317,CLASS_B_DETERMINISTIC_FIX,asset (deterministički tretman),HISTORICAL_CONFIRMED,KNOWN_ASSET_ISSUE,unknown,,,B_DETERMINISTIC_FIX,SOURCE_IMAGE_PROBLEM,"klasa B — tretman tek posle odobrenja pilota (handoff §12.8); finalna pravila imaju prednost nad predlogom: bez cropa, bez globalnog brightness/gamma/contrast, bez AI",NONE — 0 odobreno / 0 integrisano; bez mass apply; runtime productImage nepromenjen,,YES (sourceSha256 + veličina fajla isti),https://www.carsystem.org/fileadmin/_processed_/9/c/csm_157064-065-finish-foam-black-ah-liegend_1f71066475.png,https://www.carsystem.org/fileadmin/products/images/157.064/157064-065-finish-foam-black-ah-liegend.png,IMAGE_QUALITY_REVIEW_ONLY,historical-evidence/CARSYSTEM_IMAGE_AUDIT.csv,"nalaz: ravna crna silueta bez modelacije (nema tonske informacije za obnovu) | istorijski predlog: maskirani output black point lift (0 -> ~28) unutar alfe; ne stvara refleks ni detalj | rizik: nizak — deterministicka kriva, bez rekonstrukcije"
carsystem__carsystem-finish-foam-black-ah#SOURCE_PIPELINE_REEXPORT_CANDIDATE_UNMEASURED,carsystem__carsystem-finish-foam-black-ah,carsystem,carsystem,Carsystem Finish Foam Black AH,carsystem-finish-foam-black-ah,/products/carsystem/catalog/carsystem-finish-foam-black-ah.webp,660,317,SOURCE_PIPELINE_REEXPORT_CANDIDATE_UNMEASURED,tone/source re-export (kandidat),RULE_BASED_CANDIDATE,CANDIDATE_NOT_YET_MEASURED,unknown,,,B_DETERMINISTIC_FIX,SOURCE_IMAGE_PROBLEM,pipelineToneStatus = unknown; ekstrapolacija zabranjena (finalna odluka 9); sistemski re-export nije ni planiran ni odobren,NONE — 0 odobreno / 0 integrisano; bez mass apply; runtime productImage nepromenjen,,YES (sourceSha256 + veličina fajla isti),https://www.carsystem.org/fileadmin/_processed_/9/c/csm_157064-065-finish-foam-black-ah-liegend_1f71066475.png,https://www.carsystem.org/fileadmin/products/images/157.064/157064-065-finish-foam-black-ah-liegend.png,IMAGE_QUALITY_REVIEW_ONLY,pravilo: današnji manifest porekla (izvor = _processed_ PNG derivat); par NIJE meren,"NIJE potvrđen defekt. Isti tip izvora kao 15 izmerenih parova — to je razlog za merenje, ne rezultat merenja."
carsystem__carsystem-finish-foam-orange#SOURCE_PIPELINE_REEXPORT_CANDIDATE_UNMEASURED,carsystem__carsystem-finish-foam-orange,carsystem,carsystem,Carsystem Finish Foam Orange,carsystem-finish-foam-orange,/products/carsystem/catalog/carsystem-finish-foam-orange.webp,660,289,SOURCE_PIPELINE_REEXPORT_CANDIDATE_UNMEASURED,tone/source re-export (kandidat),RULE_BASED_CANDIDATE,CANDIDATE_NOT_YET_MEASURED,unknown,,,A_OK_NO_CHANGE,NONE,pipelineToneStatus = unknown; ekstrapolacija zabranjena (finalna odluka 9); sistemski re-export nije ni planiran ni odobren,NONE — 0 odobreno / 0 integrisano; bez mass apply; runtime productImage nepromenjen,,YES (sourceSha256 + veličina fajla isti),https://www.carsystem.org/fileadmin/_processed_/8/2/csm_153076-153088-finish-foam-orange-liegend_18c63a2731.png,https://www.carsystem.org/fileadmin/products/images/153.076/153076-153088-finish-foam-orange-liegend.png,IMAGE_QUALITY_REVIEW_ONLY,pravilo: današnji manifest porekla (izvor = _processed_ PNG derivat); par NIJE meren,"NIJE potvrđen defekt. Isti tip izvora kao 15 izmerenih parova — to je razlog za merenje, ne rezultat merenja."
carsystem__carsystem-finish-foam-white-ah#SOURCE_PIPELINE_REEXPORT_CANDIDATE_UNMEASURED,carsystem__carsystem-finish-foam-white-ah,carsystem,carsystem,Carsystem Finish Foam White AH,carsystem-finish-foam-white-ah,/products/carsystem/catalog/carsystem-finish-foam-white-ah.webp,660,327,SOURCE_PIPELINE_REEXPORT_CANDIDATE_UNMEASURED,tone/source re-export (kandidat),RULE_BASED_CANDIDATE,CANDIDATE_NOT_YET_MEASURED,unknown,,,A_OK_NO_CHANGE,NONE,pipelineToneStatus = unknown; ekstrapolacija zabranjena (finalna odluka 9); sistemski re-export nije ni planiran ni odobren,NONE — 0 odobreno / 0 integrisano; bez mass apply; runtime productImage nepromenjen,,YES (sourceSha256 + veličina fajla isti),https://www.carsystem.org/fileadmin/_processed_/1/3/csm_157052-053-finish-foam-white-ah-liegend_1ec17c7990.png,https://www.carsystem.org/fileadmin/products/images/157.052/157052-053-finish-foam-white-ah-liegend.png,IMAGE_QUALITY_REVIEW_ONLY,pravilo: današnji manifest porekla (izvor = _processed_ PNG derivat); par NIJE meren,"NIJE potvrđen defekt. Isti tip izvora kao 15 izmerenih parova — to je razlog za merenje, ne rezultat merenja."
carsystem__carsystem-finish-quadra-pad-c-10#SOURCE_PIPELINE_REEXPORT_CANDIDATE_UNMEASURED,carsystem__carsystem-finish-quadra-pad-c-10,carsystem,carsystem,Carsystem Finish Quadra Pad C-10,carsystem-finish-quadra-pad-c-10,/products/carsystem/catalog/carsystem-finish-quadra-pad-c-10.webp,660,274,SOURCE_PIPELINE_REEXPORT_CANDIDATE_UNMEASURED,tone/source re-export (kandidat),RULE_BASED_CANDIDATE,CANDIDATE_NOT_YET_MEASURED,unknown,,,A_OK_NO_CHANGE,NONE,pipelineToneStatus = unknown; ekstrapolacija zabranjena (finalna odluka 9); sistemski re-export nije ni planiran ni odobren,NONE — 0 odobreno / 0 integrisano; bez mass apply; runtime productImage nepromenjen,,YES (sourceSha256 + veličina fajla isti),https://www.carsystem.org/fileadmin/_processed_/0/e/csm_151640-151905-906-finish-quadra-pad-c10_408941f66c.png,https://www.carsystem.org/fileadmin/products/images/151.640/151640-151905-906-finish-quadra-pad-c10.png,IMAGE_QUALITY_REVIEW_ONLY,pravilo: današnji manifest porekla (izvor = _processed_ PNG derivat); par NIJE meren,"NIJE potvrđen defekt. Isti tip izvora kao 15 izmerenih parova — to je razlog za merenje, ne rezultat merenja."
carsystem__carsystem-finish-sander-back-pad#SOURCE_PIPELINE_REEXPORT_CANDIDATE_UNMEASURED,carsystem__carsystem-finish-sander-back-pad,carsystem,carsystem,Carsystem Finish Sander Back Pad,carsystem-finish-sander-back-pad,/products/carsystem/catalog/carsystem-finish-sander-back-pad.webp,660,663,SOURCE_PIPELINE_REEXPORT_CANDIDATE_UNMEASURED,tone/source re-export (kandidat),RULE_BASED_CANDIDATE,CANDIDATE_NOT_YET_MEASURED,unknown,,,A_OK_NO_CHANGE,NONE,pipelineToneStatus = unknown; ekstrapolacija zabranjena (finalna odluka 9); sistemski re-export nije ni planiran ni odobren,NONE — 0 odobreno / 0 integrisano; bez mass apply; runtime productImage nepromenjen,,YES (sourceSha256 + veličina fajla isti),https://www.carsystem.org/fileadmin/_processed_/a/1/csm_144917-cs-finish-sander-back-pad-77mm_1fb8a6c27e.png,https://www.carsystem.org/fileadmin/products/images/144.917/144917-cs-finish-sander-back-pad-77mm.png,IMAGE_QUALITY_REVIEW_ONLY,pravilo: današnji manifest porekla (izvor = _processed_ PNG derivat); par NIJE meren,"NIJE potvrđen defekt. Isti tip izvora kao 15 izmerenih parova — to je razlog za merenje, ne rezultat merenja."
carsystem__carsystem-finish-sander-rc-9332#MEASURED_TONE_DEFECT,carsystem__carsystem-finish-sander-rc-9332,carsystem,carsystem,Carsystem Finish Sander RC 9332,carsystem-finish-sander-rc-9332,/products/carsystem/catalog/carsystem-finish-sander-rc-9332.webp,660,655,MEASURED_TONE_DEFECT,tone/source re-export,MEASURED,CONFIRMED_QUALITY_ISSUE,confirmed,2.07,-89.9,A_OK_NO_CHANGE,NONE,REEXPORT_FROM_OFFICIAL_ORIGINAL (ICC→sRGB samo ako profil postoji; bez globalnog brightness/gamma; bez AI) — tek posle odobrenja pilota,NONE — 0 odobreno / 0 integrisano; bez mass apply; runtime productImage nepromenjen,,YES (sourceSha256 + veličina fajla isti),https://www.carsystem.org/fileadmin/_processed_/4/8/csm_143388-finish-sander-rc9332_7e48d3436d.png,https://www.carsystem.org/fileadmin/products/images/143.388/143388-finish-sander-rc9332.png,IMAGE_QUALITY_REVIEW_ONLY,historical-evidence/pipeline-tone-measurements.json,"izmeren par: original PNG 1000×993, ICC da; medLum 29.7 → 3.0; 232520 piksela"
carsystem__carsystem-finish-sandwich-pad-c-30#SOURCE_PIPELINE_REEXPORT_CANDIDATE_UNMEASURED,carsystem__carsystem-finish-sandwich-pad-c-30,carsystem,carsystem,Carsystem Finish Sandwich Pad C-30,carsystem-finish-sandwich-pad-c-30,/products/carsystem/catalog/carsystem-finish-sandwich-pad-c-30.webp,660,345,SOURCE_PIPELINE_REEXPORT_CANDIDATE_UNMEASURED,tone/source re-export (kandidat),RULE_BASED_CANDIDATE,CANDIDATE_NOT_YET_MEASURED,unknown,,,A_OK_NO_CHANGE,NONE,pipelineToneStatus = unknown; ekstrapolacija zabranjena (finalna odluka 9); sistemski re-export nije ni planiran ni odobren,NONE — 0 odobreno / 0 integrisano; bez mass apply; runtime productImage nepromenjen,,YES (sourceSha256 + veličina fajla isti),https://www.carsystem.org/fileadmin/_processed_/8/f/csm_151639-151908-finish-sandwich-pad-c-30-liegend_cfe95c98fd.png,https://www.carsystem.org/fileadmin/products/images/151.639/151639-151908-finish-sandwich-pad-c-30-liegend.png,IMAGE_QUALITY_REVIEW_ONLY,pravilo: današnji manifest porekla (izvor = _processed_ PNG derivat); par NIJE meren,"NIJE potvrđen defekt. Isti tip izvora kao 15 izmerenih parova — to je razlog za merenje, ne rezultat merenja."
carsystem__carsystem-finish-serija#CLASS_E_SOURCE_REPLACEMENT_PREFERRED,carsystem__carsystem-finish-serija,carsystem,carsystem,Carsystem Finish serija,carsystem-finish-serija,/products/carsystem/carsystem-finish-serija.png,660,662,CLASS_E_SOURCE_REPLACEMENT_PREFERRED,source replacement (bolji zvanični packshot),HISTORICAL_CONFIRMED,KNOWN_ASSET_ISSUE,unknown,,,E_SOURCE_REPLACEMENT_PREFERRED,SOURCE_IMAGE_PROBLEM,klasa E — kandidat za zamenu izvora boljim ZVANIČNIM packshotom; bez AI; ništa nije preuzeto,NONE — 0 odobreno / 0 integrisano; bez mass apply; runtime productImage nepromenjen,,YES (legacy asset bez sync manifesta; veličina fajla ista),,,LOCAL_LEGITIMATE_IMAGE,historical-evidence/CARSYSTEM_IMAGE_AUDIT.csv,"nalaz: repo asset, nije zvanični carsystem.org packshot | rizik: nizak — zamena izvora, bez AI"
carsystem__carsystem-finish-waffle-foam-black-ah#CLASS_B_DETERMINISTIC_FIX,carsystem__carsystem-finish-waffle-foam-black-ah,carsystem,carsystem,Carsystem Finish Waffle Foam Black AH,carsystem-finish-waffle-foam-black-ah,/products/carsystem/catalog/carsystem-finish-waffle-foam-black-ah.webp,660,329,CLASS_B_DETERMINISTIC_FIX,asset (deterministički tretman),HISTORICAL_CONFIRMED,KNOWN_ASSET_ISSUE,unknown,,,B_DETERMINISTIC_FIX,SOURCE_IMAGE_PROBLEM,"klasa B — tretman tek posle odobrenja pilota (handoff §12.8); finalna pravila imaju prednost nad predlogom: bez cropa, bez globalnog brightness/gamma/contrast, bez AI",NONE — 0 odobreno / 0 integrisano; bez mass apply; runtime productImage nepromenjen,,YES (sourceSha256 + veličina fajla isti),https://www.carsystem.org/fileadmin/_processed_/3/9/csm_157066-067-finish-waffle-foam-black-ah_c6cc5442b0.png,https://www.carsystem.org/fileadmin/products/images/157.066/157066-067-finish-waffle-foam-black-ah.png,IMAGE_QUALITY_REVIEW_ONLY,historical-evidence/CARSYSTEM_IMAGE_AUDIT.csv,"nalaz: ravna crna silueta bez modelacije (nema tonske informacije za obnovu) | istorijski predlog: maskirani output black point lift (0 -> ~28) unutar alfe; ne stvara refleks ni detalj | rizik: nizak — deterministicka kriva, bez rekonstrukcije"
carsystem__carsystem-finish-waffle-foam-black-ah#SOURCE_PIPELINE_REEXPORT_CANDIDATE_UNMEASURED,carsystem__carsystem-finish-waffle-foam-black-ah,carsystem,carsystem,Carsystem Finish Waffle Foam Black AH,carsystem-finish-waffle-foam-black-ah,/products/carsystem/catalog/carsystem-finish-waffle-foam-black-ah.webp,660,329,SOURCE_PIPELINE_REEXPORT_CANDIDATE_UNMEASURED,tone/source re-export (kandidat),RULE_BASED_CANDIDATE,CANDIDATE_NOT_YET_MEASURED,unknown,,,B_DETERMINISTIC_FIX,SOURCE_IMAGE_PROBLEM,pipelineToneStatus = unknown; ekstrapolacija zabranjena (finalna odluka 9); sistemski re-export nije ni planiran ni odobren,NONE — 0 odobreno / 0 integrisano; bez mass apply; runtime productImage nepromenjen,,YES (sourceSha256 + veličina fajla isti),https://www.carsystem.org/fileadmin/_processed_/3/9/csm_157066-067-finish-waffle-foam-black-ah_c6cc5442b0.png,https://www.carsystem.org/fileadmin/products/images/157.066/157066-067-finish-waffle-foam-black-ah.png,IMAGE_QUALITY_REVIEW_ONLY,pravilo: današnji manifest porekla (izvor = _processed_ PNG derivat); par NIJE meren,"NIJE potvrđen defekt. Isti tip izvora kao 15 izmerenih parova — to je razlog za merenje, ne rezultat merenja."
carsystem__carsystem-finish-waffle-pad-orange#SOURCE_PIPELINE_REEXPORT_CANDIDATE_UNMEASURED,carsystem__carsystem-finish-waffle-pad-orange,carsystem,carsystem,Carsystem Finish Waffle Pad Orange,carsystem-finish-waffle-pad-orange,/products/carsystem/catalog/carsystem-finish-waffle-pad-orange.webp,660,321,SOURCE_PIPELINE_REEXPORT_CANDIDATE_UNMEASURED,tone/source re-export (kandidat),RULE_BASED_CANDIDATE,CANDIDATE_NOT_YET_MEASURED,unknown,,,A_OK_NO_CHANGE,NONE,pipelineToneStatus = unknown; ekstrapolacija zabranjena (finalna odluka 9); sistemski re-export nije ni planiran ni odobren,NONE — 0 odobreno / 0 integrisano; bez mass apply; runtime productImage nepromenjen,,YES (sourceSha256 + veličina fajla isti),https://www.carsystem.org/fileadmin/_processed_/1/2/csm_153114-finish-waffle-pad-orange-135x25mm_7fb5dbc181.png,https://www.carsystem.org/fileadmin/products/images/153.114/153114-finish-waffle-pad-orange-135x25mm.png,IMAGE_QUALITY_REVIEW_ONLY,pravilo: današnji manifest porekla (izvor = _processed_ PNG derivat); par NIJE meren,"NIJE potvrđen defekt. Isti tip izvora kao 15 izmerenih parova — to je razlog za merenje, ne rezultat merenja."
carsystem__carsystem-flex#SOURCE_PIPELINE_REEXPORT_CANDIDATE_UNMEASURED,carsystem__carsystem-flex,carsystem,carsystem,Carsystem Flex,carsystem-flex,/products/carsystem/catalog/carsystem-flex.webp,660,660,SOURCE_PIPELINE_REEXPORT_CANDIDATE_UNMEASURED,tone/source re-export (kandidat),RULE_BASED_CANDIDATE,CANDIDATE_NOT_YET_MEASURED,unknown,,,A_OK_NO_CHANGE,NONE,pipelineToneStatus = unknown; ekstrapolacija zabranjena (finalna odluka 9); sistemski re-export nije ni planiran ni odobren,NONE — 0 odobreno / 0 integrisano; bez mass apply; runtime productImage nepromenjen,,YES (sourceSha256 + veličina fajla isti),https://www.carsystem.org/fileadmin/_processed_/5/3/csm_134.796-cs-flex-inkl-haerter_93e2731ba0.png,https://www.carsystem.org/fileadmin/products/images/134.796/134.796-cs-flex-inkl-haerter.png,IMAGE_QUALITY_REVIEW_ONLY,pravilo: današnji manifest porekla (izvor = _processed_ PNG derivat); par NIJE meren,"NIJE potvrđen defekt. Isti tip izvora kao 15 izmerenih parova — to je razlog za merenje, ne rezultat merenja."
carsystem__carsystem-foam-tape#FIT_MEASURES_BAKED_SHADOW,carsystem__carsystem-foam-tape,carsystem,carsystem,Carsystem Foam Tape,carsystem-foam-tape,/products/carsystem/catalog/carsystem-foam-tape.webp,660,495,FIT_MEASURES_BAKED_SHADOW,"crop/fit (rendering, ne asset)",HISTORICAL_CONFIRMED,KNOWN_RENDERING_ISSUE,unknown,,,A_OK_NO_CHANGE,CSS_RENDERING_PROBLEM,"rešenje = V6A hibridni subjectBox (merenjem, bez izmene fajla; bez cropa) — IMPLEMENTED_AND_VERIFIED u starom worktree-u, NIJE na main; ne portuje se",NONE — 0 odobreno / 0 integrisano; bez mass apply; runtime productImage nepromenjen,,YES (sourceSha256 + veličina fajla isti),https://www.carsystem.org/fileadmin/_processed_/0/b/csm_148861-62-cs-foam-tape-13x50m-19mmx35m_dd32bb9fa8.webp,https://www.carsystem.org/fileadmin/products/images/148.861/148861-62-cs-foam-tape-13x50m-19mmx35m.webp,APPROVED_RUNTIME_IMAGE,historical-evidence/css-rendering-candidates.csv,"linearni manjak 10.4 %, manjak površine 10.9 %; inflacija boxa 1.122"
carsystem__carsystem-foam-tape-t-soft#SOURCE_PIPELINE_REEXPORT_CANDIDATE_UNMEASURED,carsystem__carsystem-foam-tape-t-soft,carsystem,carsystem,Carsystem Foam Tape T-Soft,carsystem-foam-tape-t-soft,/products/carsystem/catalog/carsystem-foam-tape-t-soft.webp,660,770,SOURCE_PIPELINE_REEXPORT_CANDIDATE_UNMEASURED,tone/source re-export (kandidat),RULE_BASED_CANDIDATE,CANDIDATE_NOT_YET_MEASURED,unknown,,,A_OK_NO_CHANGE,NONE,pipelineToneStatus = unknown; ekstrapolacija zabranjena (finalna odluka 9); sistemski re-export nije ni planiran ni odobren,NONE — 0 odobreno / 0 integrisano; bez mass apply; runtime productImage nepromenjen,,YES (sourceSha256 + veličina fajla isti),https://www.carsystem.org/fileadmin/_processed_/e/b/csm_157974-cs-foam-tape-t-soft-schaumdichtband_15e5ab6d91.png,https://www.carsystem.org/fileadmin/products/images/157.974/157974-cs-foam-tape-t-soft-schaumdichtband.png,IMAGE_QUALITY_REVIEW_ONLY,pravilo: današnji manifest porekla (izvor = _processed_ PNG derivat); par NIJE meren,"NIJE potvrđen defekt. Isti tip izvora kao 15 izmerenih parova — to je razlog za merenje, ne rezultat merenja."
carsystem__carsystem-git-elastic-weiss#CLASS_E_SOURCE_REPLACEMENT_PREFERRED,carsystem__carsystem-git-elastic-weiss,carsystem,carsystem,Carsystem Git Elastic Weiss,carsystem-git-elastic-weiss,/products/carsystem/carsystem-git-elastic-weiss.png,660,406,CLASS_E_SOURCE_REPLACEMENT_PREFERRED,source replacement (bolji zvanični packshot),HISTORICAL_CONFIRMED,KNOWN_ASSET_ISSUE,unknown,,,E_SOURCE_REPLACEMENT_PREFERRED,BOTH,klasa E — kandidat za zamenu izvora boljim ZVANIČNIM packshotom; bez AI; ništa nije preuzeto,NONE — 0 odobreno / 0 integrisano; bez mass apply; runtime productImage nepromenjen,,YES (legacy asset bez sync manifesta; veličina fajla ista),,,LOCAL_LEGITIMATE_IMAGE,historical-evidence/CARSYSTEM_IMAGE_AUDIT.csv,"nalaz: repo asset, nije zvanični carsystem.org packshot | rizik: nizak — zamena izvora, bez AI"
carsystem__carsystem-git-elastic-weiss#FIT_MEASURES_BAKED_SHADOW,carsystem__carsystem-git-elastic-weiss,carsystem,carsystem,Carsystem Git Elastic Weiss,carsystem-git-elastic-weiss,/products/carsystem/carsystem-git-elastic-weiss.png,660,406,FIT_MEASURES_BAKED_SHADOW,"crop/fit (rendering, ne asset)",HISTORICAL_CONFIRMED,KNOWN_RENDERING_ISSUE,unknown,,,E_SOURCE_REPLACEMENT_PREFERRED,BOTH,"rešenje = V6A hibridni subjectBox (merenjem, bez izmene fajla; bez cropa) — IMPLEMENTED_AND_VERIFIED u starom worktree-u, NIJE na main; ne portuje se",NONE — 0 odobreno / 0 integrisano; bez mass apply; runtime productImage nepromenjen,,YES (legacy asset bez sync manifesta; veličina fajla ista),,,LOCAL_LEGITIMATE_IMAGE,historical-evidence/css-rendering-candidates.csv,"linearni manjak 8.8 %, manjak površine 13.0 %; inflacija boxa 1.149"
carsystem__carsystem-git-multi-green#FIT_MEASURES_BAKED_SHADOW,carsystem__carsystem-git-multi-green,carsystem,carsystem,Carsystem Git Multi Green,carsystem-git-multi-green,/products/carsystem/catalog/carsystem-git-multi-green.webp,660,406,FIT_MEASURES_BAKED_SHADOW,"crop/fit (rendering, ne asset)",HISTORICAL_CONFIRMED,KNOWN_RENDERING_ISSUE,unknown,,,A_OK_NO_CHANGE,CSS_RENDERING_PROBLEM,"rešenje = V6A hibridni subjectBox (merenjem, bez izmene fajla; bez cropa) — IMPLEMENTED_AND_VERIFIED u starom worktree-u, NIJE na main; ne portuje se",NONE — 0 odobreno / 0 integrisano; bez mass apply; runtime productImage nepromenjen,,YES (sourceSha256 + veličina fajla isti),https://www.carsystem.org/fileadmin/_processed_/a/4/csm_146.706-cs-multi-green-inkl-haerter-kg-1_6-3D_9d06d12c91.png,https://www.carsystem.org/fileadmin/products/images/146.706/146.706-cs-multi-green-inkl-haerter-kg-1_6-3D.png,IMAGE_QUALITY_REVIEW_ONLY,historical-evidence/css-rendering-candidates.csv,"linearni manjak 8.8 %, manjak površine 14.1 %; inflacija boxa 1.1641"
carsystem__carsystem-git-multi-green#SOURCE_PIPELINE_REEXPORT_CANDIDATE_UNMEASURED,carsystem__carsystem-git-multi-green,carsystem,carsystem,Carsystem Git Multi Green,carsystem-git-multi-green,/products/carsystem/catalog/carsystem-git-multi-green.webp,660,406,SOURCE_PIPELINE_REEXPORT_CANDIDATE_UNMEASURED,tone/source re-export (kandidat),RULE_BASED_CANDIDATE,CANDIDATE_NOT_YET_MEASURED,unknown,,,A_OK_NO_CHANGE,CSS_RENDERING_PROBLEM,pipelineToneStatus = unknown; ekstrapolacija zabranjena (finalna odluka 9); sistemski re-export nije ni planiran ni odobren,NONE — 0 odobreno / 0 integrisano; bez mass apply; runtime productImage nepromenjen,,YES (sourceSha256 + veličina fajla isti),https://www.carsystem.org/fileadmin/_processed_/a/4/csm_146.706-cs-multi-green-inkl-haerter-kg-1_6-3D_9d06d12c91.png,https://www.carsystem.org/fileadmin/products/images/146.706/146.706-cs-multi-green-inkl-haerter-kg-1_6-3D.png,IMAGE_QUALITY_REVIEW_ONLY,pravilo: današnji manifest porekla (izvor = _processed_ PNG derivat); par NIJE meren,"NIJE potvrđen defekt. Isti tip izvora kao 15 izmerenih parova — to je razlog za merenje, ne rezultat merenja."
carsystem__carsystem-glas#CLASS_B_DETERMINISTIC_FIX,carsystem__carsystem-glas,carsystem,carsystem,Carsystem Glas,carsystem-glas,/products/carsystem/catalog/carsystem-glas.webp,660,406,CLASS_B_DETERMINISTIC_FIX,asset (deterministički tretman),HISTORICAL_CONFIRMED,KNOWN_ASSET_ISSUE,unknown,,,B_DETERMINISTIC_FIX,BOTH,"klasa B — tretman tek posle odobrenja pilota (handoff §12.8); finalna pravila imaju prednost nad predlogom: bez cropa, bez globalnog brightness/gamma/contrast, bez AI",NONE — 0 odobreno / 0 integrisano; bez mass apply; runtime productImage nepromenjen,,YES (sourceSha256 + veličina fajla isti),https://www.carsystem.org/fileadmin/_processed_/3/7/csm_127.974-cs-glas-inkl-haerter-3D_c127a98523.png,https://www.carsystem.org/fileadmin/products/images/127.974/127.974-cs-glas-inkl-haerter-3D.png,IMAGE_QUALITY_REVIEW_ONLY,historical-evidence/CARSYSTEM_IMAGE_AUDIT.csv,nalaz: širok poluprovidni oreol/refleks u alfi | istorijski predlog: čišćenje alfa krive na ivici | rizik: nizak
carsystem__carsystem-glas#FIT_MEASURES_BAKED_SHADOW,carsystem__carsystem-glas,carsystem,carsystem,Carsystem Glas,carsystem-glas,/products/carsystem/catalog/carsystem-glas.webp,660,406,FIT_MEASURES_BAKED_SHADOW,"crop/fit (rendering, ne asset)",HISTORICAL_CONFIRMED,KNOWN_RENDERING_ISSUE,unknown,,,B_DETERMINISTIC_FIX,BOTH,"rešenje = V6A hibridni subjectBox (merenjem, bez izmene fajla; bez cropa) — IMPLEMENTED_AND_VERIFIED u starom worktree-u, NIJE na main; ne portuje se",NONE — 0 odobreno / 0 integrisano; bez mass apply; runtime productImage nepromenjen,,YES (sourceSha256 + veličina fajla isti),https://www.carsystem.org/fileadmin/_processed_/3/7/csm_127.974-cs-glas-inkl-haerter-3D_c127a98523.png,https://www.carsystem.org/fileadmin/products/images/127.974/127.974-cs-glas-inkl-haerter-3D.png,IMAGE_QUALITY_REVIEW_ONLY,historical-evidence/css-rendering-candidates.csv,"linearni manjak 22.6 %, manjak površine 30.5 %; inflacija boxa 1.4386"
carsystem__carsystem-glas#OFFICIAL_SHADOW_PLATE_VISIBLE_IN_DARK,carsystem__carsystem-glas,carsystem,carsystem,Carsystem Glas,carsystem-glas,/products/carsystem/catalog/carsystem-glas.webp,660,406,OFFICIAL_SHADOW_PLATE_VISIBLE_IN_DARK,rendering (tamna tema),HISTORICAL_CONFIRMED,KNOWN_ASSET_ISSUE,unknown,,,B_DETERMINISTIC_FIX,BOTH,svojstvo asseta — zvanična senka je svetla pravougaona ploča; vezano za V6C koji NIJE odobren,NONE — 0 odobreno / 0 integrisano; bez mass apply; runtime productImage nepromenjen,,YES (sourceSha256 + veličina fajla isti),https://www.carsystem.org/fileadmin/_processed_/3/7/csm_127.974-cs-glas-inkl-haerter-3D_c127a98523.png,https://www.carsystem.org/fileadmin/products/images/127.974/127.974-cs-glas-inkl-haerter-3D.png,IMAGE_QUALITY_REVIEW_ONLY,handoff §7,
carsystem__carsystem-glas#SOURCE_PIPELINE_REEXPORT_CANDIDATE_UNMEASURED,carsystem__carsystem-glas,carsystem,carsystem,Carsystem Glas,carsystem-glas,/products/carsystem/catalog/carsystem-glas.webp,660,406,SOURCE_PIPELINE_REEXPORT_CANDIDATE_UNMEASURED,tone/source re-export (kandidat),RULE_BASED_CANDIDATE,CANDIDATE_NOT_YET_MEASURED,unknown,,,B_DETERMINISTIC_FIX,BOTH,pipelineToneStatus = unknown; ekstrapolacija zabranjena (finalna odluka 9); sistemski re-export nije ni planiran ni odobren,NONE — 0 odobreno / 0 integrisano; bez mass apply; runtime productImage nepromenjen,,YES (sourceSha256 + veličina fajla isti),https://www.carsystem.org/fileadmin/_processed_/3/7/csm_127.974-cs-glas-inkl-haerter-3D_c127a98523.png,https://www.carsystem.org/fileadmin/products/images/127.974/127.974-cs-glas-inkl-haerter-3D.png,IMAGE_QUALITY_REVIEW_ONLY,pravilo: današnji manifest porekla (izvor = _processed_ PNG derivat); par NIJE meren,"NIJE potvrđen defekt. Isti tip izvora kao 15 izmerenih parova — to je razlog za merenje, ne rezultat merenja."
carsystem__carsystem-glas-white#FIT_MEASURES_BAKED_SHADOW,carsystem__carsystem-glas-white,carsystem,carsystem,Carsystem Glas White,carsystem-glas-white,/products/carsystem/catalog/carsystem-glas-white.webp,660,406,FIT_MEASURES_BAKED_SHADOW,"crop/fit (rendering, ne asset)",HISTORICAL_CONFIRMED,KNOWN_RENDERING_ISSUE,unknown,,,A_OK_NO_CHANGE,CSS_RENDERING_PROBLEM,"rešenje = V6A hibridni subjectBox (merenjem, bez izmene fajla; bez cropa) — IMPLEMENTED_AND_VERIFIED u starom worktree-u, NIJE na main; ne portuje se",NONE — 0 odobreno / 0 integrisano; bez mass apply; runtime productImage nepromenjen,,YES (sourceSha256 + veličina fajla isti),https://www.carsystem.org/fileadmin/_processed_/d/a/csm_144.808-cs-glas-weiss-inkl-bpo-weiss-3D_aa0daed588.png,https://www.carsystem.org/fileadmin/products/images/144.808/144.808-cs-glas-weiss-inkl-bpo-weiss-3D.png,IMAGE_QUALITY_REVIEW_ONLY,historical-evidence/css-rendering-candidates.csv,"linearni manjak 8.8 %, manjak površine 13.0 %; inflacija boxa 1.149"
carsystem__carsystem-glas-white#SOURCE_PIPELINE_REEXPORT_CANDIDATE_UNMEASURED,carsystem__carsystem-glas-white,carsystem,carsystem,Carsystem Glas White,carsystem-glas-white,/products/carsystem/catalog/carsystem-glas-white.webp,660,406,SOURCE_PIPELINE_REEXPORT_CANDIDATE_UNMEASURED,tone/source re-export (kandidat),RULE_BASED_CANDIDATE,CANDIDATE_NOT_YET_MEASURED,unknown,,,A_OK_NO_CHANGE,CSS_RENDERING_PROBLEM,pipelineToneStatus = unknown; ekstrapolacija zabranjena (finalna odluka 9); sistemski re-export nije ni planiran ni odobren,NONE — 0 odobreno / 0 integrisano; bez mass apply; runtime productImage nepromenjen,,YES (sourceSha256 + veličina fajla isti),https://www.carsystem.org/fileadmin/_processed_/d/a/csm_144.808-cs-glas-weiss-inkl-bpo-weiss-3D_aa0daed588.png,https://www.carsystem.org/fileadmin/products/images/144.808/144.808-cs-glas-weiss-inkl-bpo-weiss-3D.png,IMAGE_QUALITY_REVIEW_ONLY,pravilo: današnji manifest porekla (izvor = _processed_ PNG derivat); par NIJE meren,"NIJE potvrđen defekt. Isti tip izvora kao 15 izmerenih parova — to je razlog za merenje, ne rezultat merenja."
carsystem__carsystem-glass-fibre-fleece#CLASS_B_DETERMINISTIC_FIX,carsystem__carsystem-glass-fibre-fleece,carsystem,carsystem,Carsystem Glass fibre fleece,carsystem-glass-fibre-fleece,/products/carsystem/catalog/carsystem-glass-fibre-fleece.webp,660,660,CLASS_B_DETERMINISTIC_FIX,asset (deterministički tretman),HISTORICAL_CONFIRMED,KNOWN_ASSET_ISSUE,confirmed,,,B_DETERMINISTIC_FIX,SOURCE_IMAGE_PROBLEM,"klasa B — tretman tek posle odobrenja pilota (handoff §12.8); finalna pravila imaju prednost nad predlogom: bez cropa, bez globalnog brightness/gamma/contrast, bez AI",NONE — 0 odobreno / 0 integrisano; bez mass apply; runtime productImage nepromenjen,PILOT 125.421 — pending_manual_review,YES (sourceSha256 + veličina fajla isti),https://www.carsystem.org/fileadmin/_processed_/0/7/csm_125421-cs-glasvlies_9364a04237.png,https://www.carsystem.org/fileadmin/products/images/125.421/125421-cs-glasvlies.png,IMAGE_QUALITY_REVIEW_ONLY,historical-evidence/CARSYSTEM_IMAGE_AUDIT.csv,"nalaz: materijal preko celog platna, bez alfe; IZMERENO: derivat tamniji od originala (medLum 199 -> 146, -27%) | istorijski predlog: re-export iz official originala (1000x1000); NEMA cut-outa jer proizvod JESTE ceo kadar | rizik: nizak"
carsystem__carsystem-glass-fibre-fleece#MEASURED_TONE_DEFECT,carsystem__carsystem-glass-fibre-fleece,carsystem,carsystem,Carsystem Glass fibre fleece,carsystem-glass-fibre-fleece,/products/carsystem/catalog/carsystem-glass-fibre-fleece.webp,660,660,MEASURED_TONE_DEFECT,tone/source re-export,MEASURED,CONFIRMED_QUALITY_ISSUE,confirmed,2.27,-26.6,B_DETERMINISTIC_FIX,SOURCE_IMAGE_PROBLEM,REEXPORT_FROM_OFFICIAL_ORIGINAL (ICC→sRGB samo ako profil postoji; bez globalnog brightness/gamma; bez AI) — tek posle odobrenja pilota,NONE — 0 odobreno / 0 integrisano; bez mass apply; runtime productImage nepromenjen,PILOT 125.421 — pending_manual_review,YES (sourceSha256 + veličina fajla isti),https://www.carsystem.org/fileadmin/_processed_/0/7/csm_125421-cs-glasvlies_9364a04237.png,https://www.carsystem.org/fileadmin/products/images/125.421/125421-cs-glasvlies.png,IMAGE_QUALITY_REVIEW_ONLY,historical-evidence/pipeline-tone-measurements.json,"izmeren par: original PNG 1000×1000, ICC ne; medLum 199.0 → 146.0; 435600 piksela"
carsystem__carsystem-glass-fibre-mat#EDGE_ALPHA_SIGNAL_NOT_IN_HANDOFF,carsystem__carsystem-glass-fibre-mat,carsystem,carsystem,Carsystem Glass fibre mat,carsystem-glass-fibre-mat,/products/carsystem/catalog/carsystem-glass-fibre-mat.webp,660,828,EDGE_ALPHA_SIGNAL_NOT_IN_HANDOFF,manual review,MANUAL_REVIEW_REQUIRED,CANDIDATE_NOT_YET_MEASURED,unknown,,,A_OK_NO_CHANGE,NONE,NIJE handoff nalaz: istorijski detektor okvira (alphaVeil) = False; ne računa se kao BORDER_FRAME,NONE — 0 odobreno / 0 integrisano; bez mass apply; runtime productImage nepromenjen,,YES (sourceSha256 + veličina fajla isti),https://www.carsystem.org/fileadmin/_processed_/9/4/csm_125423-424-glasmatte_f3f39365ba.png,https://www.carsystem.org/fileadmin/products/images/125.423/125423-424-glasmatte.png,IMAGE_QUALITY_REVIEW_ONLY,edge-frame.generated.json (gruba provera ivice iz ove sesije); BORDER_FRAME_STRIP simulacija NIJE rađena,ugaona alfa 16; istorijski A_OK — potreban ručni pogled pre bilo kakvog zaključka
carsystem__carsystem-glass-fibre-mat#SOURCE_PIPELINE_REEXPORT_CANDIDATE_UNMEASURED,carsystem__carsystem-glass-fibre-mat,carsystem,carsystem,Carsystem Glass fibre mat,carsystem-glass-fibre-mat,/products/carsystem/catalog/carsystem-glass-fibre-mat.webp,660,828,SOURCE_PIPELINE_REEXPORT_CANDIDATE_UNMEASURED,tone/source re-export (kandidat),RULE_BASED_CANDIDATE,CANDIDATE_NOT_YET_MEASURED,unknown,,,A_OK_NO_CHANGE,NONE,pipelineToneStatus = unknown; ekstrapolacija zabranjena (finalna odluka 9); sistemski re-export nije ni planiran ni odobren,NONE — 0 odobreno / 0 integrisano; bez mass apply; runtime productImage nepromenjen,,YES (sourceSha256 + veličina fajla isti),https://www.carsystem.org/fileadmin/_processed_/9/4/csm_125423-424-glasmatte_f3f39365ba.png,https://www.carsystem.org/fileadmin/products/images/125.423/125423-424-glasmatte.png,IMAGE_QUALITY_REVIEW_ONLY,pravilo: današnji manifest porekla (izvor = _processed_ PNG derivat); par NIJE meren,"NIJE potvrđen defekt. Isti tip izvora kao 15 izmerenih parova — to je razlog za merenje, ne rezultat merenja."
carsystem__carsystem-glass-fibre-reinforced-putty#SOURCE_PIPELINE_REEXPORT_CANDIDATE_UNMEASURED,carsystem__carsystem-glass-fibre-reinforced-putty,carsystem,carsystem,Carsystem Glass fibre reinforced putty,carsystem-glass-fibre-reinforced-putty,/products/carsystem/catalog/carsystem-glass-fibre-reinforced-putty.webp,660,610,SOURCE_PIPELINE_REEXPORT_CANDIDATE_UNMEASURED,tone/source re-export (kandidat),RULE_BASED_CANDIDATE,CANDIDATE_NOT_YET_MEASURED,unknown,,,A_OK_NO_CHANGE,NONE,pipelineToneStatus = unknown; ekstrapolacija zabranjena (finalna odluka 9); sistemski re-export nije ni planiran ni odobren,NONE — 0 odobreno / 0 integrisano; bez mass apply; runtime productImage nepromenjen,,YES (sourceSha256 + veličina fajla isti),https://www.carsystem.org/fileadmin/_processed_/a/4/csm_124.036-cs-faserspachtel-inkl-haerter-3D_60f9cd4207.png,https://www.carsystem.org/fileadmin/products/images/124.036/124.036-cs-faserspachtel-inkl-haerter-3D.png,IMAGE_QUALITY_REVIEW_ONLY,pravilo: današnji manifest porekla (izvor = _processed_ PNG derivat); par NIJE meren,"NIJE potvrđen defekt. Isti tip izvora kao 15 izmerenih parova — to je razlog za merenje, ne rezultat merenja."
carsystem__carsystem-glass-fibre-reinforced-putty#V6B_OFFICIAL_SHADOW_UNKNOWN,carsystem__carsystem-glass-fibre-reinforced-putty,carsystem,carsystem,Carsystem Glass fibre reinforced putty,carsystem-glass-fibre-reinforced-putty,/products/carsystem/catalog/carsystem-glass-fibre-reinforced-putty.webp,660,610,V6B_OFFICIAL_SHADOW_UNKNOWN,manual review,MANUAL_REVIEW_REQUIRED,NO_ACTION_APPROVED,unknown,,,A_OK_NO_CHANGE,NONE,officialShadow = unknown — ostaje unknown (finalna odluka 16),NONE — 0 odobreno / 0 integrisano; bez mass apply; runtime productImage nepromenjen,,YES (sourceSha256 + veličina fajla isti),https://www.carsystem.org/fileadmin/_processed_/a/4/csm_124.036-cs-faserspachtel-inkl-haerter-3D_60f9cd4207.png,https://www.carsystem.org/fileadmin/products/images/124.036/124.036-cs-faserspachtel-inkl-haerter-3D.png,IMAGE_QUALITY_REVIEW_ONLY,handoff §11.16,
carsystem__carsystem-grip-to-stick-interface-pad#SOURCE_PIPELINE_REEXPORT_CANDIDATE_UNMEASURED,carsystem__carsystem-grip-to-stick-interface-pad,carsystem,carsystem,Carsystem Grip To Stick Interface Pad,carsystem-grip-to-stick-interface-pad,/products/carsystem/catalog/carsystem-grip-to-stick-interface-pad.webp,660,493,SOURCE_PIPELINE_REEXPORT_CANDIDATE_UNMEASURED,tone/source re-export (kandidat),RULE_BASED_CANDIDATE,CANDIDATE_NOT_YET_MEASURED,unknown,,,A_OK_NO_CHANGE,NONE,pipelineToneStatus = unknown; ekstrapolacija zabranjena (finalna odluka 9); sistemski re-export nije ni planiran ni odobren,NONE — 0 odobreno / 0 integrisano; bez mass apply; runtime productImage nepromenjen,,YES (sourceSha256 + veličina fajla isti),https://www.carsystem.org/fileadmin/_processed_/6/d/csm_159677-cs-Grip-to-Stick_9cb9d8d864.png,https://www.carsystem.org/fileadmin/products/images/159.677/159677-cs-Grip-to-Stick.png,IMAGE_QUALITY_REVIEW_ONLY,pravilo: današnji manifest porekla (izvor = _processed_ PNG derivat); par NIJE meren,"NIJE potvrđen defekt. Isti tip izvora kao 15 izmerenih parova — to je razlog za merenje, ne rezultat merenja."
carsystem__carsystem-gun-clean-set#SOURCE_PIPELINE_REEXPORT_CANDIDATE_UNMEASURED,carsystem__carsystem-gun-clean-set,carsystem,carsystem,Carsystem Gun Clean Set,carsystem-gun-clean-set,/products/carsystem/catalog/carsystem-gun-clean-set.webp,660,1391,SOURCE_PIPELINE_REEXPORT_CANDIDATE_UNMEASURED,tone/source re-export (kandidat),RULE_BASED_CANDIDATE,CANDIDATE_NOT_YET_MEASURED,unknown,,,A_OK_NO_CHANGE,NONE,pipelineToneStatus = unknown; ekstrapolacija zabranjena (finalna odluka 9); sistemski re-export nije ni planiran ni odobren,NONE — 0 odobreno / 0 integrisano; bez mass apply; runtime productImage nepromenjen,,YES (sourceSha256 + veličina fajla isti),https://www.carsystem.org/fileadmin/_processed_/2/6/csm_157520-cs-gun-clean-set-17-teilig_f5dc27e442.png,https://www.carsystem.org/fileadmin/products/images/157.520/157520-cs-gun-clean-set-17-teilig.png,IMAGE_QUALITY_REVIEW_ONLY,pravilo: današnji manifest porekla (izvor = _processed_ PNG derivat); par NIJE meren,"NIJE potvrđen defekt. Isti tip izvora kao 15 izmerenih parova — to je razlog za merenje, ne rezultat merenja."
carsystem__carsystem-h2o-cleaner#V6_EXCLUDED_SLUG,carsystem__carsystem-h2o-cleaner,carsystem,carsystem,Carsystem H₂O Cleaner,carsystem-h2o-cleaner,/products/carsystem/catalog/carsystem-h2o-cleaner.webp,660,660,V6_EXCLUDED_SLUG,crop/fit,HISTORICAL_CONFIRMED,EXCLUDED_FROM_V6,unknown,,,A_OK_NO_CHANGE,NONE,izuzet iz V6 — ostaje legacy dok korisnik ne odluči drugačije (finalna odluka 15),NONE — 0 odobreno / 0 integrisano; bez mass apply; runtime productImage nepromenjen,,YES (sourceSha256 + veličina fajla isti),https://www.carsystem.org/fileadmin/_processed_/b/5/csm_151953-cs-h2o-cleaner_cb13cc77cd.webp,https://www.carsystem.org/fileadmin/products/images/151.953/151953-cs-h2o-cleaner.webp,IMAGE_QUALITY_REVIEW_ONLY,handoff §11.15,
carsystem__carsystem-hand-cleaner#SOURCE_PIPELINE_REEXPORT_CANDIDATE_UNMEASURED,carsystem__carsystem-hand-cleaner,carsystem,carsystem,Carsystem Hand Cleaner,carsystem-hand-cleaner,/products/carsystem/catalog/carsystem-hand-cleaner.webp,660,987,SOURCE_PIPELINE_REEXPORT_CANDIDATE_UNMEASURED,tone/source re-export (kandidat),RULE_BASED_CANDIDATE,CANDIDATE_NOT_YET_MEASURED,unknown,,,A_OK_NO_CHANGE,NONE,pipelineToneStatus = unknown; ekstrapolacija zabranjena (finalna odluka 9); sistemski re-export nije ni planiran ni odobren,NONE — 0 odobreno / 0 integrisano; bez mass apply; runtime productImage nepromenjen,,YES (sourceSha256 + veličina fajla isti),https://www.carsystem.org/fileadmin/_processed_/d/c/csm_155.357-cs-hand-cleaner_aab394ce23.png,https://www.carsystem.org/fileadmin/products/images/155.356/155.357-cs-hand-cleaner.png,IMAGE_QUALITY_REVIEW_ONLY,pravilo: današnji manifest porekla (izvor = _processed_ PNG derivat); par NIJE meren,"NIJE potvrđen defekt. Isti tip izvora kao 15 izmerenih parova — to je razlog za merenje, ne rezultat merenja."
carsystem__carsystem-hand-cleaner-extreme#SOURCE_PIPELINE_REEXPORT_CANDIDATE_UNMEASURED,carsystem__carsystem-hand-cleaner-extreme,carsystem,carsystem,Carsystem Hand Cleaner extreme,carsystem-hand-cleaner-extreme,/products/carsystem/catalog/carsystem-hand-cleaner-extreme.webp,660,826,SOURCE_PIPELINE_REEXPORT_CANDIDATE_UNMEASURED,tone/source re-export (kandidat),RULE_BASED_CANDIDATE,CANDIDATE_NOT_YET_MEASURED,unknown,,,A_OK_NO_CHANGE,NONE,pipelineToneStatus = unknown; ekstrapolacija zabranjena (finalna odluka 9); sistemski re-export nije ni planiran ni odobren,NONE — 0 odobreno / 0 integrisano; bez mass apply; runtime productImage nepromenjen,,YES (sourceSha256 + veličina fajla isti),https://www.carsystem.org/fileadmin/_processed_/5/c/csm_155348-357-hand-cleaner-extreme-gruppe_c79e166025.png,https://www.carsystem.org/fileadmin/products/images/155.348/155348-357-hand-cleaner-extreme-gruppe.png,IMAGE_QUALITY_REVIEW_ONLY,pravilo: današnji manifest porekla (izvor = _processed_ PNG derivat); par NIJE meren,"NIJE potvrđen defekt. Isti tip izvora kao 15 izmerenih parova — to je razlog za merenje, ne rezultat merenja."
carsystem__carsystem-hand-mask#SOURCE_PIPELINE_REEXPORT_CANDIDATE_UNMEASURED,carsystem__carsystem-hand-mask,carsystem,carsystem,Carsystem Hand Mask,carsystem-hand-mask,/products/carsystem/catalog/carsystem-hand-mask.webp,660,446,SOURCE_PIPELINE_REEXPORT_CANDIDATE_UNMEASURED,tone/source re-export (kandidat),RULE_BASED_CANDIDATE,CANDIDATE_NOT_YET_MEASURED,unknown,,,A_OK_NO_CHANGE,NONE,pipelineToneStatus = unknown; ekstrapolacija zabranjena (finalna odluka 9); sistemski re-export nije ni planiran ni odobren,NONE — 0 odobreno / 0 integrisano; bez mass apply; runtime productImage nepromenjen,,YES (sourceSha256 + veličina fajla isti),https://www.carsystem.org/fileadmin/_processed_/b/c/csm_144547-49-50-51-52-53-cs-handmask-refill-rolle_ceffc6fd2e.png,https://www.carsystem.org/fileadmin/products/images/144.547/144547-49-50-51-52-53-cs-handmask-refill-rolle.png,IMAGE_QUALITY_REVIEW_ONLY,pravilo: današnji manifest porekla (izvor = _processed_ PNG derivat); par NIJE meren,"NIJE potvrđen defekt. Isti tip izvora kao 15 izmerenih parova — to je razlog za merenje, ne rezultat merenja."
carsystem__carsystem-high-gloss-additive#SOURCE_PIPELINE_REEXPORT_CANDIDATE_UNMEASURED,carsystem__carsystem-high-gloss-additive,carsystem,carsystem,Carsystem High Gloss Additive,carsystem-high-gloss-additive,/products/carsystem/catalog/carsystem-high-gloss-additive.webp,660,1049,SOURCE_PIPELINE_REEXPORT_CANDIDATE_UNMEASURED,tone/source re-export (kandidat),RULE_BASED_CANDIDATE,CANDIDATE_NOT_YET_MEASURED,unknown,,,A_OK_NO_CHANGE,NONE,pipelineToneStatus = unknown; ekstrapolacija zabranjena (finalna odluka 9); sistemski re-export nije ni planiran ni odobren,NONE — 0 odobreno / 0 integrisano; bez mass apply; runtime productImage nepromenjen,,YES (sourceSha256 + veličina fajla isti),https://www.carsystem.org/fileadmin/_processed_/0/c/csm_152788-cs-high-gloss-additive-1_0-l_8e2873f221.png,https://www.carsystem.org/fileadmin/products/images/152.788/152788-cs-high-gloss-additive-1_0-l.png,IMAGE_QUALITY_REVIEW_ONLY,pravilo: današnji manifest porekla (izvor = _processed_ PNG derivat); par NIJE meren,"NIJE potvrđen defekt. Isti tip izvora kao 15 izmerenih parova — to je razlog za merenje, ne rezultat merenja."
carsystem__carsystem-hoist-flag#CLASS_F_SPECIAL_MARKETING_IMAGE,carsystem__carsystem-hoist-flag,carsystem,carsystem,Carsystem Hoist flag,carsystem-hoist-flag,/products/carsystem/catalog/carsystem-hoist-flag.webp,660,1700,CLASS_F_SPECIAL_MARKETING_IMAGE,manual review,MANUAL_REVIEW_REQUIRED,NO_ACTION_APPROVED,unknown,,,F_SPECIAL_MARKETING_IMAGE,SOURCE_IMAGE_PROBLEM,klasa F — marketinška/merch fotografija; ne dira se,NONE — 0 odobreno / 0 integrisano; bez mass apply; runtime productImage nepromenjen,,YES (sourceSha256 + veličina fajla isti),https://www.carsystem.org/fileadmin/_processed_/1/f/csm_137.325-cs-wm-hissflagge_dca7b3f111.png,https://www.carsystem.org/fileadmin/products/images/137.325/137.325-cs-wm-hissflagge.png,IMAGE_QUALITY_REVIEW_ONLY,historical-evidence/CARSYSTEM_IMAGE_AUDIT.csv,nalaz: merch/model/brand composition | rizik: nema (ne dira se)
carsystem__carsystem-hoist-flag#SOURCE_PIPELINE_REEXPORT_CANDIDATE_UNMEASURED,carsystem__carsystem-hoist-flag,carsystem,carsystem,Carsystem Hoist flag,carsystem-hoist-flag,/products/carsystem/catalog/carsystem-hoist-flag.webp,660,1700,SOURCE_PIPELINE_REEXPORT_CANDIDATE_UNMEASURED,tone/source re-export (kandidat),RULE_BASED_CANDIDATE,CANDIDATE_NOT_YET_MEASURED,unknown,,,F_SPECIAL_MARKETING_IMAGE,SOURCE_IMAGE_PROBLEM,pipelineToneStatus = unknown; ekstrapolacija zabranjena (finalna odluka 9); sistemski re-export nije ni planiran ni odobren,NONE — 0 odobreno / 0 integrisano; bez mass apply; runtime productImage nepromenjen,,YES (sourceSha256 + veličina fajla isti),https://www.carsystem.org/fileadmin/_processed_/1/f/csm_137.325-cs-wm-hissflagge_dca7b3f111.png,https://www.carsystem.org/fileadmin/products/images/137.325/137.325-cs-wm-hissflagge.png,IMAGE_QUALITY_REVIEW_ONLY,pravilo: današnji manifest porekla (izvor = _processed_ PNG derivat); par NIJE meren,"NIJE potvrđen defekt. Isti tip izvora kao 15 izmerenih parova — to je razlog za merenje, ne rezultat merenja."
carsystem__carsystem-hpp-primer#SOURCE_PIPELINE_REEXPORT_CANDIDATE_UNMEASURED,carsystem__carsystem-hpp-primer,carsystem,carsystem,Carsystem HpP Primer,carsystem-hpp-primer,/products/carsystem/catalog/carsystem-hpp-primer.webp,660,392,SOURCE_PIPELINE_REEXPORT_CANDIDATE_UNMEASURED,tone/source re-export (kandidat),RULE_BASED_CANDIDATE,CANDIDATE_NOT_YET_MEASURED,unknown,,,A_OK_NO_CHANGE,NONE,pipelineToneStatus = unknown; ekstrapolacija zabranjena (finalna odluka 9); sistemski re-export nije ni planiran ni odobren,NONE — 0 odobreno / 0 integrisano; bez mass apply; runtime productImage nepromenjen,,YES (sourceSha256 + veličina fajla isti),https://www.carsystem.org/fileadmin/_processed_/e/5/csm_154.706-708-154.712-cs-hpp-primer-gruppenbild-3D_458531df06.png,https://www.carsystem.org/fileadmin/products/images/154.706/154.706-708-154.712-cs-hpp-primer-gruppenbild-3D.png,IMAGE_QUALITY_REVIEW_ONLY,pravilo: današnji manifest porekla (izvor = _processed_ PNG derivat); par NIJE meren,"NIJE potvrđen defekt. Isti tip izvora kao 15 izmerenih parova — to je razlog za merenje, ne rezultat merenja."
carsystem__carsystem-hs-acryl-tape#SOURCE_PIPELINE_REEXPORT_CANDIDATE_UNMEASURED,carsystem__carsystem-hs-acryl-tape,carsystem,carsystem,Carsystem HS-Acryl Tape,carsystem-hs-acryl-tape,/products/carsystem/catalog/carsystem-hs-acryl-tape.webp,660,480,SOURCE_PIPELINE_REEXPORT_CANDIDATE_UNMEASURED,tone/source re-export (kandidat),RULE_BASED_CANDIDATE,CANDIDATE_NOT_YET_MEASURED,unknown,,,A_OK_NO_CHANGE,NONE,pipelineToneStatus = unknown; ekstrapolacija zabranjena (finalna odluka 9); sistemski re-export nije ni planiran ni odobren,NONE — 0 odobreno / 0 integrisano; bez mass apply; runtime productImage nepromenjen,,YES (sourceSha256 + veličina fajla isti),https://www.carsystem.org/fileadmin/_processed_/2/6/csm_137072-73-74-75-147024-cs-hs-acryl-tape_68ca7143cb.png,https://www.carsystem.org/fileadmin/products/images/137.072/137072-73-74-75-147024-cs-hs-acryl-tape.png,IMAGE_QUALITY_REVIEW_ONLY,pravilo: današnji manifest porekla (izvor = _processed_ PNG derivat); par NIJE meren,"NIJE potvrđen defekt. Isti tip izvora kao 15 izmerenih parova — to je razlog za merenje, ne rezultat merenja."
carsystem__carsystem-interface-pad#SOURCE_PIPELINE_REEXPORT_CANDIDATE_UNMEASURED,carsystem__carsystem-interface-pad,carsystem,carsystem,Carsystem Interface Pad,carsystem-interface-pad,/products/carsystem/catalog/carsystem-interface-pad.webp,660,636,SOURCE_PIPELINE_REEXPORT_CANDIDATE_UNMEASURED,tone/source re-export (kandidat),RULE_BASED_CANDIDATE,CANDIDATE_NOT_YET_MEASURED,unknown,,,A_OK_NO_CHANGE,NONE,pipelineToneStatus = unknown; ekstrapolacija zabranjena (finalna odluka 9); sistemski re-export nije ni planiran ni odobren,NONE — 0 odobreno / 0 integrisano; bez mass apply; runtime productImage nepromenjen,,YES (sourceSha256 + veličina fajla isti),https://www.carsystem.org/fileadmin/_processed_/6/d/csm_156225-226-interface-pad-ifp-5-10-150mm-25-loch_9a96a09e1a.png,https://www.carsystem.org/fileadmin/products/images/156.225/156225-226-interface-pad-ifp-5-10-150mm-25-loch.png,IMAGE_QUALITY_REVIEW_ONLY,pravilo: današnji manifest porekla (izvor = _processed_ PNG derivat); par NIJE meren,"NIJE potvrđen defekt. Isti tip izvora kao 15 izmerenih parova — to je razlog za merenje, ne rezultat merenja."
carsystem__carsystem-iso-ve-7030#SOURCE_PIPELINE_REEXPORT_CANDIDATE_UNMEASURED,carsystem__carsystem-iso-ve-7030,carsystem,carsystem,Carsystem ISO-VE 7030,carsystem-iso-ve-7030,/products/carsystem/catalog/carsystem-iso-ve-7030.webp,660,928,SOURCE_PIPELINE_REEXPORT_CANDIDATE_UNMEASURED,tone/source re-export (kandidat),RULE_BASED_CANDIDATE,CANDIDATE_NOT_YET_MEASURED,unknown,,,A_OK_NO_CHANGE,NONE,pipelineToneStatus = unknown; ekstrapolacija zabranjena (finalna odluka 9); sistemski re-export nije ni planiran ni odobren,NONE — 0 odobreno / 0 integrisano; bez mass apply; runtime productImage nepromenjen,,YES (sourceSha256 + veličina fajla isti),https://www.carsystem.org/fileadmin/_processed_/8/9/csm_154034-cs-iso-ve-7030-l-5_0_4cdd0af7c0.png,https://www.carsystem.org/fileadmin/products/images/154.034/154034-cs-iso-ve-7030-l-5_0.png,IMAGE_QUALITY_REVIEW_ONLY,pravilo: današnji manifest porekla (izvor = _processed_ PNG derivat); par NIJE meren,"NIJE potvrđen defekt. Isti tip izvora kao 15 izmerenih parova — to je razlog za merenje, ne rezultat merenja."
carsystem__carsystem-japanese-putty-knife#SOURCE_PIPELINE_REEXPORT_CANDIDATE_UNMEASURED,carsystem__carsystem-japanese-putty-knife,carsystem,carsystem,Carsystem Japanese Putty Knife,carsystem-japanese-putty-knife,/products/carsystem/catalog/carsystem-japanese-putty-knife.webp,660,380,SOURCE_PIPELINE_REEXPORT_CANDIDATE_UNMEASURED,tone/source re-export (kandidat),RULE_BASED_CANDIDATE,CANDIDATE_NOT_YET_MEASURED,unknown,,,A_OK_NO_CHANGE,NONE,pipelineToneStatus = unknown; ekstrapolacija zabranjena (finalna odluka 9); sistemski re-export nije ni planiran ni odobren,NONE — 0 odobreno / 0 integrisano; bez mass apply; runtime productImage nepromenjen,,YES (sourceSha256 + veličina fajla isti),https://www.carsystem.org/fileadmin/_processed_/3/4/csm_139356-japanspachtel_5143140741.png,https://www.carsystem.org/fileadmin/products/images/139.356/139356-japanspachtel.png,IMAGE_QUALITY_REVIEW_ONLY,pravilo: današnji manifest porekla (izvor = _processed_ PNG derivat); par NIJE meren,"NIJE potvrđen defekt. Isti tip izvora kao 15 izmerenih parova — to je razlog za merenje, ne rezultat merenja."
carsystem__carsystem-ks-100#SOURCE_PIPELINE_REEXPORT_CANDIDATE_UNMEASURED,carsystem__carsystem-ks-100,carsystem,carsystem,Carsystem KS-100,carsystem-ks-100,/products/carsystem/catalog/carsystem-ks-100.webp,660,660,SOURCE_PIPELINE_REEXPORT_CANDIDATE_UNMEASURED,tone/source re-export (kandidat),RULE_BASED_CANDIDATE,CANDIDATE_NOT_YET_MEASURED,unknown,,,A_OK_NO_CHANGE,NONE,pipelineToneStatus = unknown; ekstrapolacija zabranjena (finalna odluka 9); sistemski re-export nije ni planiran ni odobren,NONE — 0 odobreno / 0 integrisano; bez mass apply; runtime productImage nepromenjen,,YES (sourceSha256 + veličina fajla isti),https://www.carsystem.org/fileadmin/_processed_/4/3/csm_126032-cs-ks-100-bitumenbasis-pinselbar-l-1_0-3D_a8d9ad71f0.png,https://www.carsystem.org/fileadmin/products/images/126.032/126032-cs-ks-100-bitumenbasis-pinselbar-l-1_0-3D.png,IMAGE_QUALITY_REVIEW_ONLY,pravilo: današnji manifest porekla (izvor = _processed_ PNG derivat); par NIJE meren,"NIJE potvrđen defekt. Isti tip izvora kao 15 izmerenih parova — to je razlog za merenje, ne rezultat merenja."
carsystem__carsystem-ks-1000#SOURCE_PIPELINE_REEXPORT_CANDIDATE_UNMEASURED,carsystem__carsystem-ks-1000,carsystem,carsystem,Carsystem KS-1000,carsystem-ks-1000,/products/carsystem/catalog/carsystem-ks-1000.webp,660,1809,SOURCE_PIPELINE_REEXPORT_CANDIDATE_UNMEASURED,tone/source re-export (kandidat),RULE_BASED_CANDIDATE,CANDIDATE_NOT_YET_MEASURED,unknown,,,A_OK_NO_CHANGE,NONE,pipelineToneStatus = unknown; ekstrapolacija zabranjena (finalna odluka 9); sistemski re-export nije ni planiran ni odobren,NONE — 0 odobreno / 0 integrisano; bez mass apply; runtime productImage nepromenjen,,YES (sourceSha256 + veličina fajla isti),https://www.carsystem.org/fileadmin/_processed_/b/9/csm_149266-cs-ks-1000-karosserieschutz-weiss-l-1_0_14123879cc.png,https://www.carsystem.org/fileadmin/products/images/149.264/149266-cs-ks-1000-karosserieschutz-weiss-l-1_0.png,IMAGE_QUALITY_REVIEW_ONLY,pravilo: današnji manifest porekla (izvor = _processed_ PNG derivat); par NIJE meren,"NIJE potvrđen defekt. Isti tip izvora kao 15 izmerenih parova — to je razlog za merenje, ne rezultat merenja."
carsystem__carsystem-ks-1050#SOURCE_PIPELINE_REEXPORT_CANDIDATE_UNMEASURED,carsystem__carsystem-ks-1050,carsystem,carsystem,Carsystem KS-1050,carsystem-ks-1050,/products/carsystem/catalog/carsystem-ks-1050.webp,660,660,SOURCE_PIPELINE_REEXPORT_CANDIDATE_UNMEASURED,tone/source re-export (kandidat),RULE_BASED_CANDIDATE,CANDIDATE_NOT_YET_MEASURED,unknown,,,A_OK_NO_CHANGE,NONE,pipelineToneStatus = unknown; ekstrapolacija zabranjena (finalna odluka 9); sistemski re-export nije ni planiran ni odobren,NONE — 0 odobreno / 0 integrisano; bez mass apply; runtime productImage nepromenjen,,YES (sourceSha256 + veličina fajla isti),https://www.carsystem.org/fileadmin/_processed_/7/4/csm_126022-cs-ks-1050-karosserieschutz-grau-ml-500_c423a3ef86.png,https://www.carsystem.org/fileadmin/products/images/126.022/126022-cs-ks-1050-karosserieschutz-grau-ml-500.png,IMAGE_QUALITY_REVIEW_ONLY,pravilo: današnji manifest porekla (izvor = _processed_ PNG derivat); par NIJE meren,"NIJE potvrđen defekt. Isti tip izvora kao 15 izmerenih parova — to je razlog za merenje, ne rezultat merenja."
carsystem__carsystem-ks-200#SOURCE_PIPELINE_REEXPORT_CANDIDATE_UNMEASURED,carsystem__carsystem-ks-200,carsystem,carsystem,Carsystem KS-200,carsystem-ks-200,/products/carsystem/catalog/carsystem-ks-200.webp,660,1784,SOURCE_PIPELINE_REEXPORT_CANDIDATE_UNMEASURED,tone/source re-export (kandidat),RULE_BASED_CANDIDATE,CANDIDATE_NOT_YET_MEASURED,unknown,,,A_OK_NO_CHANGE,NONE,pipelineToneStatus = unknown; ekstrapolacija zabranjena (finalna odluka 9); sistemski re-export nije ni planiran ni odobren,NONE — 0 odobreno / 0 integrisano; bez mass apply; runtime productImage nepromenjen,,YES (sourceSha256 + veličina fajla isti),https://www.carsystem.org/fileadmin/_processed_/b/1/csm_126062-cs-ks-200-hohlraumkonservierung-ml-l-1_0_3c6db1e349.png,https://www.carsystem.org/fileadmin/products/images/126.062/126062-cs-ks-200-hohlraumkonservierung-ml-l-1_0.png,IMAGE_QUALITY_REVIEW_ONLY,pravilo: današnji manifest porekla (izvor = _processed_ PNG derivat); par NIJE meren,"NIJE potvrđen defekt. Isti tip izvora kao 15 izmerenih parova — to je razlog za merenje, ne rezultat merenja."
carsystem__carsystem-ks-250#SOURCE_PIPELINE_REEXPORT_CANDIDATE_UNMEASURED,carsystem__carsystem-ks-250,carsystem,carsystem,Carsystem KS-250,carsystem-ks-250,/products/carsystem/catalog/carsystem-ks-250.webp,660,1986,SOURCE_PIPELINE_REEXPORT_CANDIDATE_UNMEASURED,tone/source re-export (kandidat),RULE_BASED_CANDIDATE,CANDIDATE_NOT_YET_MEASURED,unknown,,,A_OK_NO_CHANGE,NONE,pipelineToneStatus = unknown; ekstrapolacija zabranjena (finalna odluka 9); sistemski re-export nije ni planiran ni odobren,NONE — 0 odobreno / 0 integrisano; bez mass apply; runtime productImage nepromenjen,,YES (sourceSha256 + veličina fajla isti),https://www.carsystem.org/fileadmin/_processed_/7/9/csm_126061-cs-ks-250-hohlraumk-ml-inkl-schlauch-ml-500_92251effe0.png,https://www.carsystem.org/fileadmin/products/images/126.061/126061-cs-ks-250-hohlraumk-ml-inkl-schlauch-ml-500.png,IMAGE_QUALITY_REVIEW_ONLY,pravilo: današnji manifest porekla (izvor = _processed_ PNG derivat); par NIJE meren,"NIJE potvrđen defekt. Isti tip izvora kao 15 izmerenih parova — to je razlog za merenje, ne rezultat merenja."
carsystem__carsystem-ks-300-2#FIT_MEASURES_BAKED_SHADOW,carsystem__carsystem-ks-300-2,carsystem,carsystem,Carsystem KS-300.2,carsystem-ks-300-2,/products/carsystem/catalog/carsystem-ks-300-2.webp,660,881,FIT_MEASURES_BAKED_SHADOW,"crop/fit (rendering, ne asset)",HISTORICAL_CONFIRMED,KNOWN_RENDERING_ISSUE,unknown,,,A_OK_NO_CHANGE,CSS_RENDERING_PROBLEM,"rešenje = V6A hibridni subjectBox (merenjem, bez izmene fajla; bez cropa) — IMPLEMENTED_AND_VERIFIED u starom worktree-u, NIJE na main; ne portuje se",NONE — 0 odobreno / 0 integrisano; bez mass apply; runtime productImage nepromenjen,,YES (sourceSha256 + veličina fajla isti),https://www.carsystem.org/fileadmin/_processed_/0/6/csm_160064-cs-ks-300-2_42b2534d6e.webp,https://www.carsystem.org/fileadmin/products/images/160.064/160064-cs-ks-300-2.webp,APPROVED_RUNTIME_IMAGE,historical-evidence/css-rendering-candidates.csv,"linearni manjak 23.5 %, manjak površine 23.8 %; inflacija boxa 1.3123"
carsystem__carsystem-ks-3000-plus#SOURCE_PIPELINE_REEXPORT_CANDIDATE_UNMEASURED,carsystem__carsystem-ks-3000-plus,carsystem,carsystem,Carsystem KS-3000 Plus,carsystem-ks-3000-plus,/products/carsystem/catalog/carsystem-ks-3000-plus.webp,660,1750,SOURCE_PIPELINE_REEXPORT_CANDIDATE_UNMEASURED,tone/source re-export (kandidat),RULE_BASED_CANDIDATE,CANDIDATE_NOT_YET_MEASURED,unknown,,,A_OK_NO_CHANGE,NONE,pipelineToneStatus = unknown; ekstrapolacija zabranjena (finalna odluka 9); sistemski re-export nije ni planiran ni odobren,NONE — 0 odobreno / 0 integrisano; bez mass apply; runtime productImage nepromenjen,,YES (sourceSha256 + veličina fajla isti),https://www.carsystem.org/fileadmin/_processed_/1/a/csm_152804-cs-ks-3000-plus-korrosionssch-grau-l-1_0_7312ae2900.png,https://www.carsystem.org/fileadmin/products/images/152.622/152804-cs-ks-3000-plus-korrosionssch-grau-l-1_0.png,IMAGE_QUALITY_REVIEW_ONLY,pravilo: današnji manifest porekla (izvor = _processed_ PNG derivat); par NIJE meren,"NIJE potvrđen defekt. Isti tip izvora kao 15 izmerenih parova — to je razlog za merenje, ne rezultat merenja."
carsystem__carsystem-ks-400#SOURCE_PIPELINE_REEXPORT_CANDIDATE_UNMEASURED,carsystem__carsystem-ks-400,carsystem,carsystem,Carsystem KS-400,carsystem-ks-400,/products/carsystem/catalog/carsystem-ks-400.webp,660,1373,SOURCE_PIPELINE_REEXPORT_CANDIDATE_UNMEASURED,tone/source re-export (kandidat),RULE_BASED_CANDIDATE,CANDIDATE_NOT_YET_MEASURED,unknown,,,A_OK_NO_CHANGE,NONE,pipelineToneStatus = unknown; ekstrapolacija zabranjena (finalna odluka 9); sistemski re-export nije ni planiran ni odobren,NONE — 0 odobreno / 0 integrisano; bez mass apply; runtime productImage nepromenjen,,YES (sourceSha256 + veličina fajla isti),https://www.carsystem.org/fileadmin/_processed_/2/9/csm_125468-cs-ks-400-korrosionsschutzwachs-ml-500_02396f736b.png,https://www.carsystem.org/fileadmin/products/images/125.468/125468-cs-ks-400-korrosionsschutzwachs-ml-500.png,IMAGE_QUALITY_REVIEW_ONLY,pravilo: današnji manifest porekla (izvor = _processed_ PNG derivat); par NIJE meren,"NIJE potvrđen defekt. Isti tip izvora kao 15 izmerenih parova — to je razlog za merenje, ne rezultat merenja."
carsystem__carsystem-ks-4000-2#FIT_MEASURES_BAKED_SHADOW,carsystem__carsystem-ks-4000-2,carsystem,carsystem,Carsystem KS-4000.2,carsystem-ks-4000-2,/products/carsystem/catalog/carsystem-ks-4000-2.webp,660,881,FIT_MEASURES_BAKED_SHADOW,"crop/fit (rendering, ne asset)",HISTORICAL_CONFIRMED,KNOWN_RENDERING_ISSUE,unknown,,,A_OK_NO_CHANGE,CSS_RENDERING_PROBLEM,"rešenje = V6A hibridni subjectBox (merenjem, bez izmene fajla; bez cropa) — IMPLEMENTED_AND_VERIFIED u starom worktree-u, NIJE na main; ne portuje se",NONE — 0 odobreno / 0 integrisano; bez mass apply; runtime productImage nepromenjen,,YES (sourceSha256 + veličina fajla isti),https://www.carsystem.org/fileadmin/_processed_/8/7/csm_160067-cs-ks-4000-2_671b3303f8.webp,https://www.carsystem.org/fileadmin/products/images/160.067/160067-cs-ks-4000-2.webp,APPROVED_RUNTIME_IMAGE,historical-evidence/css-rendering-candidates.csv,"linearni manjak 23.5 %, manjak površine 23.8 %; inflacija boxa 1.3123"
carsystem__carsystem-ks-50-2#CLASS_B_DETERMINISTIC_FIX,carsystem__carsystem-ks-50-2,carsystem,carsystem,Carsystem KS-50.2,carsystem-ks-50-2,/products/carsystem/catalog/carsystem-ks-50-2.webp,660,660,CLASS_B_DETERMINISTIC_FIX,asset (deterministički tretman),HISTORICAL_CONFIRMED,KNOWN_ASSET_ISSUE,unknown,,,B_DETERMINISTIC_FIX,BOTH,"klasa B — tretman tek posle odobrenja pilota (handoff §12.8); finalna pravila imaju prednost nad predlogom: bez cropa, bez globalnog brightness/gamma/contrast, bez AI",NONE — 0 odobreno / 0 integrisano; bez mass apply; runtime productImage nepromenjen,,YES (sourceSha256 + veličina fajla isti),https://www.carsystem.org/fileadmin/_processed_/a/5/csm_160007-cs-ks-50-2_37dc16856f.webp,https://www.carsystem.org/fileadmin/products/images/160.007/160007-cs-ks-50-2.webp,APPROVED_RUNTIME_IMAGE,historical-evidence/CARSYSTEM_IMAGE_AUDIT.csv,nalaz: pregorele bele površine | istorijski predlog: korekcija nivoa u gornjem opsegu | rizik: nizak
carsystem__carsystem-ks-50-2#FIT_MEASURES_BAKED_SHADOW,carsystem__carsystem-ks-50-2,carsystem,carsystem,Carsystem KS-50.2,carsystem-ks-50-2,/products/carsystem/catalog/carsystem-ks-50-2.webp,660,660,FIT_MEASURES_BAKED_SHADOW,"crop/fit (rendering, ne asset)",HISTORICAL_CONFIRMED,KNOWN_RENDERING_ISSUE,unknown,,,B_DETERMINISTIC_FIX,BOTH,"rešenje = V6A hibridni subjectBox (merenjem, bez izmene fajla; bez cropa) — IMPLEMENTED_AND_VERIFIED u starom worktree-u, NIJE na main; ne portuje se",NONE — 0 odobreno / 0 integrisano; bez mass apply; runtime productImage nepromenjen,,YES (sourceSha256 + veličina fajla isti),https://www.carsystem.org/fileadmin/_processed_/a/5/csm_160007-cs-ks-50-2_37dc16856f.webp,https://www.carsystem.org/fileadmin/products/images/160.007/160007-cs-ks-50-2.webp,APPROVED_RUNTIME_IMAGE,historical-evidence/css-rendering-candidates.csv,"linearni manjak 15.5 %, manjak površine 17.2 %; inflacija boxa 1.2072"
carsystem__carsystem-ks-500-2#FIT_MEASURES_BAKED_SHADOW,carsystem__carsystem-ks-500-2,carsystem,carsystem,Carsystem KS-500.2,carsystem-ks-500-2,/products/carsystem/catalog/carsystem-ks-500-2.webp,660,881,FIT_MEASURES_BAKED_SHADOW,"crop/fit (rendering, ne asset)",HISTORICAL_CONFIRMED,KNOWN_RENDERING_ISSUE,unknown,,,A_OK_NO_CHANGE,CSS_RENDERING_PROBLEM,"rešenje = V6A hibridni subjectBox (merenjem, bez izmene fajla; bez cropa) — IMPLEMENTED_AND_VERIFIED u starom worktree-u, NIJE na main; ne portuje se",NONE — 0 odobreno / 0 integrisano; bez mass apply; runtime productImage nepromenjen,,YES (sourceSha256 + veličina fajla isti),https://www.carsystem.org/fileadmin/_processed_/1/6/csm_160065-cs-ks-500-2_68f9413d59.webp,https://www.carsystem.org/fileadmin/products/images/160.065/160065-cs-ks-500-2.webp,APPROVED_RUNTIME_IMAGE,historical-evidence/css-rendering-candidates.csv,"linearni manjak 29.0 %, manjak površine 29.3 %; inflacija boxa 1.4135"
carsystem__carsystem-ks-550#SOURCE_PIPELINE_REEXPORT_CANDIDATE_UNMEASURED,carsystem__carsystem-ks-550,carsystem,carsystem,Carsystem KS-550,carsystem-ks-550,/products/carsystem/catalog/carsystem-ks-550.webp,660,1915,SOURCE_PIPELINE_REEXPORT_CANDIDATE_UNMEASURED,tone/source re-export (kandidat),RULE_BASED_CANDIDATE,CANDIDATE_NOT_YET_MEASURED,unknown,,,A_OK_NO_CHANGE,NONE,pipelineToneStatus = unknown; ekstrapolacija zabranjena (finalna odluka 9); sistemski re-export nije ni planiran ni odobren,NONE — 0 odobreno / 0 integrisano; bez mass apply; runtime productImage nepromenjen,,YES (sourceSha256 + veličina fajla isti),https://www.carsystem.org/fileadmin/_processed_/a/1/csm_126029-cs-ks-550-bitumen-spray-schwarz-ml-500_15d99402a6.png,https://www.carsystem.org/fileadmin/products/images/126.029/126029-cs-ks-550-bitumen-spray-schwarz-ml-500.png,IMAGE_QUALITY_REVIEW_ONLY,pravilo: današnji manifest porekla (izvor = _processed_ PNG derivat); par NIJE meren,"NIJE potvrđen defekt. Isti tip izvora kao 15 izmerenih parova — to je razlog za merenje, ne rezultat merenja."
carsystem__carsystem-ks-800#SOURCE_PIPELINE_REEXPORT_CANDIDATE_UNMEASURED,carsystem__carsystem-ks-800,carsystem,carsystem,Carsystem KS-800,carsystem-ks-800,/products/carsystem/catalog/carsystem-ks-800.webp,660,1684,SOURCE_PIPELINE_REEXPORT_CANDIDATE_UNMEASURED,tone/source re-export (kandidat),RULE_BASED_CANDIDATE,CANDIDATE_NOT_YET_MEASURED,unknown,,,A_OK_NO_CHANGE,NONE,pipelineToneStatus = unknown; ekstrapolacija zabranjena (finalna odluka 9); sistemski re-export nije ni planiran ni odobren,NONE — 0 odobreno / 0 integrisano; bez mass apply; runtime productImage nepromenjen,,YES (sourceSha256 + veličina fajla isti),https://www.carsystem.org/fileadmin/_processed_/f/b/csm_126095-cs-ks-800-ubs-wachsbasis-schwarz-l-1_0_34e2fc8ed1.png,https://www.carsystem.org/fileadmin/products/images/126.095/126095-cs-ks-800-ubs-wachsbasis-schwarz-l-1_0.png,IMAGE_QUALITY_REVIEW_ONLY,pravilo: današnji manifest porekla (izvor = _processed_ PNG derivat); par NIJE meren,"NIJE potvrđen defekt. Isti tip izvora kao 15 izmerenih parova — to je razlog za merenje, ne rezultat merenja."
carsystem__carsystem-ks-850#SOURCE_PIPELINE_REEXPORT_CANDIDATE_UNMEASURED,carsystem__carsystem-ks-850,carsystem,carsystem,Carsystem KS-850,carsystem-ks-850,/products/carsystem/catalog/carsystem-ks-850.webp,660,1522,SOURCE_PIPELINE_REEXPORT_CANDIDATE_UNMEASURED,tone/source re-export (kandidat),RULE_BASED_CANDIDATE,CANDIDATE_NOT_YET_MEASURED,unknown,,,A_OK_NO_CHANGE,NONE,pipelineToneStatus = unknown; ekstrapolacija zabranjena (finalna odluka 9); sistemski re-export nije ni planiran ni odobren,NONE — 0 odobreno / 0 integrisano; bez mass apply; runtime productImage nepromenjen,,YES (sourceSha256 + veličina fajla isti),https://www.carsystem.org/fileadmin/_processed_/f/f/csm_126094-cs-ks-850-ubs-wachsbasis-spray-500ml_58ded890be.png,https://www.carsystem.org/fileadmin/products/images/126.094/126094-cs-ks-850-ubs-wachsbasis-spray-500ml.png,IMAGE_QUALITY_REVIEW_ONLY,pravilo: današnji manifest porekla (izvor = _processed_ PNG derivat); par NIJE meren,"NIJE potvrđen defekt. Isti tip izvora kao 15 izmerenih parova — to je razlog za merenje, ne rezultat merenja."
carsystem__carsystem-ks-brush#SOURCE_PIPELINE_REEXPORT_CANDIDATE_UNMEASURED,carsystem__carsystem-ks-brush,carsystem,carsystem,Carsystem KS-Brush,carsystem-ks-brush,/products/carsystem/catalog/carsystem-ks-brush.webp,660,165,SOURCE_PIPELINE_REEXPORT_CANDIDATE_UNMEASURED,tone/source re-export (kandidat),RULE_BASED_CANDIDATE,CANDIDATE_NOT_YET_MEASURED,unknown,,,A_OK_NO_CHANGE,NONE,pipelineToneStatus = unknown; ekstrapolacija zabranjena (finalna odluka 9); sistemski re-export nije ni planiran ni odobren,NONE — 0 odobreno / 0 integrisano; bez mass apply; runtime productImage nepromenjen,,YES (sourceSha256 + veličina fajla isti),https://www.carsystem.org/fileadmin/_processed_/a/f/csm_141453-cs-ks-brush-30mm_97f5227da6.png,https://www.carsystem.org/fileadmin/products/images/141.453/141453-cs-ks-brush-30mm.png,IMAGE_QUALITY_REVIEW_ONLY,pravilo: današnji manifest porekla (izvor = _processed_ PNG derivat); par NIJE meren,"NIJE potvrđen defekt. Isti tip izvora kao 15 izmerenih parova — to je razlog za merenje, ne rezultat merenja."
carsystem__carsystem-ks-dual-gun#SOURCE_PIPELINE_REEXPORT_CANDIDATE_UNMEASURED,carsystem__carsystem-ks-dual-gun,carsystem,carsystem,Carsystem KS-Dual Gun,carsystem-ks-dual-gun,/products/carsystem/catalog/carsystem-ks-dual-gun.webp,660,667,SOURCE_PIPELINE_REEXPORT_CANDIDATE_UNMEASURED,tone/source re-export (kandidat),RULE_BASED_CANDIDATE,CANDIDATE_NOT_YET_MEASURED,unknown,,,A_OK_NO_CHANGE,NONE,pipelineToneStatus = unknown; ekstrapolacija zabranjena (finalna odluka 9); sistemski re-export nije ni planiran ni odobren,NONE — 0 odobreno / 0 integrisano; bez mass apply; runtime productImage nepromenjen,,YES (sourceSha256 + veličina fajla isti),https://www.carsystem.org/fileadmin/_processed_/7/3/csm_126040-126058-cs-ks-dual-gun-1-2-ubs-pistole-plus-schlauch_516ebc21ef.png,https://www.carsystem.org/fileadmin/products/images/126.040/126040-126058-cs-ks-dual-gun-1-2-ubs-pistole-plus-schlauch.png,IMAGE_QUALITY_REVIEW_ONLY,pravilo: današnji manifest porekla (izvor = _processed_ PNG derivat); par NIJE meren,"NIJE potvrđen defekt. Isti tip izvora kao 15 izmerenih parova — to je razlog za merenje, ne rezultat merenja."
carsystem__carsystem-ks-gun#SOURCE_PIPELINE_REEXPORT_CANDIDATE_UNMEASURED,carsystem__carsystem-ks-gun,carsystem,carsystem,Carsystem KS-Gun,carsystem-ks-gun,/products/carsystem/catalog/carsystem-ks-gun.webp,660,792,SOURCE_PIPELINE_REEXPORT_CANDIDATE_UNMEASURED,tone/source re-export (kandidat),RULE_BASED_CANDIDATE,CANDIDATE_NOT_YET_MEASURED,unknown,,,A_OK_NO_CHANGE,NONE,pipelineToneStatus = unknown; ekstrapolacija zabranjena (finalna odluka 9); sistemski re-export nije ni planiran ni odobren,NONE — 0 odobreno / 0 integrisano; bez mass apply; runtime productImage nepromenjen,,YES (sourceSha256 + veličina fajla isti),https://www.carsystem.org/fileadmin/_processed_/5/a/csm_157032-cs-gun-druckbecherpistole-neu_40c9f9dd0c.png,https://www.carsystem.org/fileadmin/products/images/142.279/157032-cs-gun-druckbecherpistole-neu.png,IMAGE_QUALITY_REVIEW_ONLY,pravilo: današnji manifest porekla (izvor = _processed_ PNG derivat); par NIJE meren,"NIJE potvrđen defekt. Isti tip izvora kao 15 izmerenih parova — to je razlog za merenje, ne rezultat merenja."
carsystem__carsystem-lamb-wool-pad-gold-s#SOURCE_PIPELINE_REEXPORT_CANDIDATE_UNMEASURED,carsystem__carsystem-lamb-wool-pad-gold-s,carsystem,carsystem,Carsystem Lamb Wool Pad Gold S,carsystem-lamb-wool-pad-gold-s,/products/carsystem/catalog/carsystem-lamb-wool-pad-gold-s.webp,660,370,SOURCE_PIPELINE_REEXPORT_CANDIDATE_UNMEASURED,tone/source re-export (kandidat),RULE_BASED_CANDIDATE,CANDIDATE_NOT_YET_MEASURED,unknown,,,A_OK_NO_CHANGE,NONE,pipelineToneStatus = unknown; ekstrapolacija zabranjena (finalna odluka 9); sistemski re-export nije ni planiran ni odobren,NONE — 0 odobreno / 0 integrisano; bez mass apply; runtime productImage nepromenjen,,YES (sourceSha256 + veličina fajla isti),https://www.carsystem.org/fileadmin/_processed_/b/a/csm_157166-157290-cs-lammfell-pad_150_x17mm-gold-s_6ecb452054.png,https://www.carsystem.org/fileadmin/products/images/157.166/157166-157290-cs-lammfell-pad_150_x17mm-gold-s.png,IMAGE_QUALITY_REVIEW_ONLY,pravilo: današnji manifest porekla (izvor = _processed_ PNG derivat); par NIJE meren,"NIJE potvrđen defekt. Isti tip izvora kao 15 izmerenih parova — to je razlog za merenje, ne rezultat merenja."
carsystem__carsystem-lamb-wool-pad-white-s-edge#FIT_MEASURES_BAKED_SHADOW,carsystem__carsystem-lamb-wool-pad-white-s-edge,carsystem,carsystem,Carsystem Lamb Wool Pad White S Edge,carsystem-lamb-wool-pad-white-s-edge,/products/carsystem/catalog/carsystem-lamb-wool-pad-white-s-edge.webp,660,403,FIT_MEASURES_BAKED_SHADOW,"crop/fit (rendering, ne asset)",HISTORICAL_CONFIRMED,KNOWN_RENDERING_ISSUE,unknown,,,A_OK_NO_CHANGE,CSS_RENDERING_PROBLEM,"rešenje = V6A hibridni subjectBox (merenjem, bez izmene fajla; bez cropa) — IMPLEMENTED_AND_VERIFIED u starom worktree-u, NIJE na main; ne portuje se",NONE — 0 odobreno / 0 integrisano; bez mass apply; runtime productImage nepromenjen,,YES (sourceSha256 + veličina fajla isti),https://www.carsystem.org/fileadmin/_processed_/6/3/csm_157163-157.232-cs-lammfell-pad-80x17mm-white-s-edge_8cd5527e00.png,https://www.carsystem.org/fileadmin/products/images/157.163/157163-157.232-cs-lammfell-pad-80x17mm-white-s-edge.png,IMAGE_QUALITY_REVIEW_ONLY,historical-evidence/css-rendering-candidates.csv,"linearni manjak 6.2 %, manjak površine 9.5 %; inflacija boxa 1.1054"
carsystem__carsystem-lamb-wool-pad-white-s-edge#SOURCE_PIPELINE_REEXPORT_CANDIDATE_UNMEASURED,carsystem__carsystem-lamb-wool-pad-white-s-edge,carsystem,carsystem,Carsystem Lamb Wool Pad White S Edge,carsystem-lamb-wool-pad-white-s-edge,/products/carsystem/catalog/carsystem-lamb-wool-pad-white-s-edge.webp,660,403,SOURCE_PIPELINE_REEXPORT_CANDIDATE_UNMEASURED,tone/source re-export (kandidat),RULE_BASED_CANDIDATE,CANDIDATE_NOT_YET_MEASURED,unknown,,,A_OK_NO_CHANGE,CSS_RENDERING_PROBLEM,pipelineToneStatus = unknown; ekstrapolacija zabranjena (finalna odluka 9); sistemski re-export nije ni planiran ni odobren,NONE — 0 odobreno / 0 integrisano; bez mass apply; runtime productImage nepromenjen,,YES (sourceSha256 + veličina fajla isti),https://www.carsystem.org/fileadmin/_processed_/6/3/csm_157163-157.232-cs-lammfell-pad-80x17mm-white-s-edge_8cd5527e00.png,https://www.carsystem.org/fileadmin/products/images/157.163/157163-157.232-cs-lammfell-pad-80x17mm-white-s-edge.png,IMAGE_QUALITY_REVIEW_ONLY,pravilo: današnji manifest porekla (izvor = _processed_ PNG derivat); par NIJE meren,"NIJE potvrđen defekt. Isti tip izvora kao 15 izmerenih parova — to je razlog za merenje, ne rezultat merenja."
carsystem__carsystem-latex-gloves#SOURCE_PIPELINE_REEXPORT_CANDIDATE_UNMEASURED,carsystem__carsystem-latex-gloves,carsystem,carsystem,Carsystem Latex gloves,carsystem-latex-gloves,/products/carsystem/catalog/carsystem-latex-gloves.webp,660,727,SOURCE_PIPELINE_REEXPORT_CANDIDATE_UNMEASURED,tone/source re-export (kandidat),RULE_BASED_CANDIDATE,CANDIDATE_NOT_YET_MEASURED,unknown,,,A_OK_NO_CHANGE,NONE,pipelineToneStatus = unknown; ekstrapolacija zabranjena (finalna odluka 9); sistemski re-export nije ni planiran ni odobren,NONE — 0 odobreno / 0 integrisano; bez mass apply; runtime productImage nepromenjen,,YES (sourceSha256 + veličina fajla isti),https://www.carsystem.org/fileadmin/_processed_/0/8/csm_157981-latex-handschuhe-weiss-large_66abaac2cb.png,https://www.carsystem.org/fileadmin/products/images/157.981/157981-latex-handschuhe-weiss-large.png,IMAGE_QUALITY_REVIEW_ONLY,pravilo: današnji manifest porekla (izvor = _processed_ PNG derivat); par NIJE meren,"NIJE potvrđen defekt. Isti tip izvora kao 15 izmerenih parova — to je razlog za merenje, ne rezultat merenja."
carsystem__carsystem-latex-hand-i-premium#SOURCE_PIPELINE_REEXPORT_CANDIDATE_UNMEASURED,carsystem__carsystem-latex-hand-i-premium,carsystem,carsystem,Carsystem Latex Hand I Premium,carsystem-latex-hand-i-premium,/products/carsystem/catalog/carsystem-latex-hand-i-premium.webp,660,727,SOURCE_PIPELINE_REEXPORT_CANDIDATE_UNMEASURED,tone/source re-export (kandidat),RULE_BASED_CANDIDATE,CANDIDATE_NOT_YET_MEASURED,unknown,,,A_OK_NO_CHANGE,NONE,pipelineToneStatus = unknown; ekstrapolacija zabranjena (finalna odluka 9); sistemski re-export nije ni planiran ni odobren,NONE — 0 odobreno / 0 integrisano; bez mass apply; runtime productImage nepromenjen,,YES (sourceSha256 + veličina fajla isti),https://www.carsystem.org/fileadmin/_processed_/d/5/csm_152011-012-152011-012-latex-gloves-high-risk-long_0896e9dc02.png,https://www.carsystem.org/fileadmin/products/images/152.011/152011-012-152011-012-latex-gloves-high-risk-long.png,IMAGE_QUALITY_REVIEW_ONLY,pravilo: današnji manifest porekla (izvor = _processed_ PNG derivat); par NIJE meren,"NIJE potvrđen defekt. Isti tip izvora kao 15 izmerenih parova — to je razlog za merenje, ne rezultat merenja."
carsystem__carsystem-led-lamp#SOURCE_PIPELINE_REEXPORT_CANDIDATE_UNMEASURED,carsystem__carsystem-led-lamp,carsystem,carsystem,Carsystem LED Lamp,carsystem-led-lamp,/products/carsystem/catalog/carsystem-led-lamp.webp,660,681,SOURCE_PIPELINE_REEXPORT_CANDIDATE_UNMEASURED,tone/source re-export (kandidat),RULE_BASED_CANDIDATE,CANDIDATE_NOT_YET_MEASURED,unknown,,,A_OK_NO_CHANGE,NONE,pipelineToneStatus = unknown; ekstrapolacija zabranjena (finalna odluka 9); sistemski re-export nije ni planiran ni odobren,NONE — 0 odobreno / 0 integrisano; bez mass apply; runtime productImage nepromenjen,,YES (sourceSha256 + veličina fajla isti),https://www.carsystem.org/fileadmin/_processed_/4/b/csm_155037-cs-led-lampe-schraeg-frei_0f6d6bc8f7.png,https://www.carsystem.org/fileadmin/products/images/155.037/155037-cs-led-lampe-schraeg-frei.png,IMAGE_QUALITY_REVIEW_ONLY,pravilo: današnji manifest porekla (izvor = _processed_ PNG derivat); par NIJE meren,"NIJE potvrđen defekt. Isti tip izvora kao 15 izmerenih parova — to je razlog za merenje, ne rezultat merenja."
carsystem__carsystem-lighter-black#CLASS_F_SPECIAL_MARKETING_IMAGE,carsystem__carsystem-lighter-black,carsystem,carsystem,Carsystem Lighter black,carsystem-lighter-black,/products/carsystem/catalog/carsystem-lighter-black.webp,660,660,CLASS_F_SPECIAL_MARKETING_IMAGE,manual review,MANUAL_REVIEW_REQUIRED,NO_ACTION_APPROVED,unknown,,,F_SPECIAL_MARKETING_IMAGE,SOURCE_IMAGE_PROBLEM,klasa F — marketinška/merch fotografija; ne dira se,NONE — 0 odobreno / 0 integrisano; bez mass apply; runtime productImage nepromenjen,,YES (sourceSha256 + veličina fajla isti),https://www.carsystem.org/fileadmin/_processed_/7/4/csm_148.281_CS_WM-Feuerzeug-schwarz_bfead13b00.png,https://www.carsystem.org/fileadmin/products/images/148.281/148.281_CS_WM-Feuerzeug-schwarz.png,IMAGE_QUALITY_REVIEW_ONLY,historical-evidence/CARSYSTEM_IMAGE_AUDIT.csv,nalaz: merch/model/brand composition | rizik: nema (ne dira se)
carsystem__carsystem-lighter-black#SOURCE_PIPELINE_REEXPORT_CANDIDATE_UNMEASURED,carsystem__carsystem-lighter-black,carsystem,carsystem,Carsystem Lighter black,carsystem-lighter-black,/products/carsystem/catalog/carsystem-lighter-black.webp,660,660,SOURCE_PIPELINE_REEXPORT_CANDIDATE_UNMEASURED,tone/source re-export (kandidat),RULE_BASED_CANDIDATE,CANDIDATE_NOT_YET_MEASURED,unknown,,,F_SPECIAL_MARKETING_IMAGE,SOURCE_IMAGE_PROBLEM,pipelineToneStatus = unknown; ekstrapolacija zabranjena (finalna odluka 9); sistemski re-export nije ni planiran ni odobren,NONE — 0 odobreno / 0 integrisano; bez mass apply; runtime productImage nepromenjen,,YES (sourceSha256 + veličina fajla isti),https://www.carsystem.org/fileadmin/_processed_/7/4/csm_148.281_CS_WM-Feuerzeug-schwarz_bfead13b00.png,https://www.carsystem.org/fileadmin/products/images/148.281/148.281_CS_WM-Feuerzeug-schwarz.png,IMAGE_QUALITY_REVIEW_ONLY,pravilo: današnji manifest porekla (izvor = _processed_ PNG derivat); par NIJE meren,"NIJE potvrđen defekt. Isti tip izvora kao 15 izmerenih parova — to je razlog za merenje, ne rezultat merenja."
carsystem__carsystem-liquid-masking#SOURCE_PIPELINE_REEXPORT_CANDIDATE_UNMEASURED,carsystem__carsystem-liquid-masking,carsystem,carsystem,Carsystem Liquid Masking,carsystem-liquid-masking,/products/carsystem/catalog/carsystem-liquid-masking.webp,660,834,SOURCE_PIPELINE_REEXPORT_CANDIDATE_UNMEASURED,tone/source re-export (kandidat),RULE_BASED_CANDIDATE,CANDIDATE_NOT_YET_MEASURED,unknown,,,A_OK_NO_CHANGE,NONE,pipelineToneStatus = unknown; ekstrapolacija zabranjena (finalna odluka 9); sistemski re-export nije ni planiran ni odobren,NONE — 0 odobreno / 0 integrisano; bez mass apply; runtime productImage nepromenjen,,YES (sourceSha256 + veličina fajla isti),https://www.carsystem.org/fileadmin/_processed_/a/b/csm_138718-cs-liquid-masking-19l_732a831536.png,https://www.carsystem.org/fileadmin/products/images/138.718/138718-cs-liquid-masking-19l.png,IMAGE_QUALITY_REVIEW_ONLY,pravilo: današnji manifest porekla (izvor = _processed_ PNG derivat); par NIJE meren,"NIJE potvrđen defekt. Isti tip izvora kao 15 izmerenih parova — to je razlog za merenje, ne rezultat merenja."
carsystem__carsystem-liquid-putty#FIT_MEASURES_BAKED_SHADOW,carsystem__carsystem-liquid-putty,carsystem,carsystem,Carsystem Liquid Putty,carsystem-liquid-putty,/products/carsystem/catalog/carsystem-liquid-putty.webp,660,905,FIT_MEASURES_BAKED_SHADOW,"crop/fit (rendering, ne asset)",HISTORICAL_CONFIRMED,KNOWN_RENDERING_ISSUE,unknown,,,A_OK_NO_CHANGE,CSS_RENDERING_PROBLEM,"rešenje = V6A hibridni subjectBox (merenjem, bez izmene fajla; bez cropa) — IMPLEMENTED_AND_VERIFIED u starom worktree-u, NIJE na main; ne portuje se",NONE — 0 odobreno / 0 integrisano; bez mass apply; runtime productImage nepromenjen,,YES (sourceSha256 + veličina fajla isti),https://www.carsystem.org/fileadmin/_processed_/1/b/csm_143.496-cs-liquid-putty-inkl-haerter-3D_b21743d55e.png,https://www.carsystem.org/fileadmin/products/images/143.496/143.496-cs-liquid-putty-inkl-haerter-3D.png,IMAGE_QUALITY_REVIEW_ONLY,historical-evidence/css-rendering-candidates.csv,"linearni manjak 29.8 %, manjak površine 31.1 %; inflacija boxa 1.4513"
carsystem__carsystem-liquid-putty#SOURCE_PIPELINE_REEXPORT_CANDIDATE_UNMEASURED,carsystem__carsystem-liquid-putty,carsystem,carsystem,Carsystem Liquid Putty,carsystem-liquid-putty,/products/carsystem/catalog/carsystem-liquid-putty.webp,660,905,SOURCE_PIPELINE_REEXPORT_CANDIDATE_UNMEASURED,tone/source re-export (kandidat),RULE_BASED_CANDIDATE,CANDIDATE_NOT_YET_MEASURED,unknown,,,A_OK_NO_CHANGE,CSS_RENDERING_PROBLEM,pipelineToneStatus = unknown; ekstrapolacija zabranjena (finalna odluka 9); sistemski re-export nije ni planiran ni odobren,NONE — 0 odobreno / 0 integrisano; bez mass apply; runtime productImage nepromenjen,,YES (sourceSha256 + veličina fajla isti),https://www.carsystem.org/fileadmin/_processed_/1/b/csm_143.496-cs-liquid-putty-inkl-haerter-3D_b21743d55e.png,https://www.carsystem.org/fileadmin/products/images/143.496/143.496-cs-liquid-putty-inkl-haerter-3D.png,IMAGE_QUALITY_REVIEW_ONLY,pravilo: današnji manifest porekla (izvor = _processed_ PNG derivat); par NIJE meren,"NIJE potvrđen defekt. Isti tip izvora kao 15 izmerenih parova — to je razlog za merenje, ne rezultat merenja."
carsystem__carsystem-magnetic-flat-strip#SOURCE_PIPELINE_REEXPORT_CANDIDATE_UNMEASURED,carsystem__carsystem-magnetic-flat-strip,carsystem,carsystem,Carsystem Magnetic Flat Strip,carsystem-magnetic-flat-strip,/products/carsystem/catalog/carsystem-magnetic-flat-strip.webp,660,373,SOURCE_PIPELINE_REEXPORT_CANDIDATE_UNMEASURED,tone/source re-export (kandidat),RULE_BASED_CANDIDATE,CANDIDATE_NOT_YET_MEASURED,unknown,,,A_OK_NO_CHANGE,NONE,pipelineToneStatus = unknown; ekstrapolacija zabranjena (finalna odluka 9); sistemski re-export nije ni planiran ni odobren,NONE — 0 odobreno / 0 integrisano; bez mass apply; runtime productImage nepromenjen,,YES (sourceSha256 + veličina fajla isti),https://www.carsystem.org/fileadmin/_processed_/3/5/csm_137214-cs-magnetic-flachstreifen-4stx55cm-set_64b8b1412a.png,https://www.carsystem.org/fileadmin/products/images/137.214/137214-cs-magnetic-flachstreifen-4stx55cm-set.png,IMAGE_QUALITY_REVIEW_ONLY,pravilo: današnji manifest porekla (izvor = _processed_ PNG derivat); par NIJE meren,"NIJE potvrđen defekt. Isti tip izvora kao 15 izmerenih parova — to je razlog za merenje, ne rezultat merenja."
carsystem__carsystem-magnetic-gun-holder-plus#SOURCE_PIPELINE_REEXPORT_CANDIDATE_UNMEASURED,carsystem__carsystem-magnetic-gun-holder-plus,carsystem,carsystem,Carsystem Magnetic Gun Holder Plus,carsystem-magnetic-gun-holder-plus,/products/carsystem/catalog/carsystem-magnetic-gun-holder-plus.webp,660,997,SOURCE_PIPELINE_REEXPORT_CANDIDATE_UNMEASURED,tone/source re-export (kandidat),RULE_BASED_CANDIDATE,CANDIDATE_NOT_YET_MEASURED,unknown,,,A_OK_NO_CHANGE,NONE,pipelineToneStatus = unknown; ekstrapolacija zabranjena (finalna odluka 9); sistemski re-export nije ni planiran ni odobren,NONE — 0 odobreno / 0 integrisano; bez mass apply; runtime productImage nepromenjen,,YES (sourceSha256 + veličina fajla isti),https://www.carsystem.org/fileadmin/_processed_/9/a/csm_159969-cs-magnetic-gun-holder-plus_fd1717bec4.png,https://www.carsystem.org/fileadmin/products/images/159.969/159969-cs-magnetic-gun-holder-plus.png,IMAGE_QUALITY_REVIEW_ONLY,pravilo: današnji manifest porekla (izvor = _processed_ PNG derivat); par NIJE meren,"NIJE potvrđen defekt. Isti tip izvora kao 15 izmerenih parova — to je razlog za merenje, ne rezultat merenja."
carsystem__carsystem-magnetic-sanding-protection#SOURCE_PIPELINE_REEXPORT_CANDIDATE_UNMEASURED,carsystem__carsystem-magnetic-sanding-protection,carsystem,carsystem,Carsystem Magnetic Sanding Protection,carsystem-magnetic-sanding-protection,/products/carsystem/catalog/carsystem-magnetic-sanding-protection.webp,660,373,SOURCE_PIPELINE_REEXPORT_CANDIDATE_UNMEASURED,tone/source re-export (kandidat),RULE_BASED_CANDIDATE,CANDIDATE_NOT_YET_MEASURED,unknown,,,A_OK_NO_CHANGE,NONE,pipelineToneStatus = unknown; ekstrapolacija zabranjena (finalna odluka 9); sistemski re-export nije ni planiran ni odobren,NONE — 0 odobreno / 0 integrisano; bez mass apply; runtime productImage nepromenjen,,YES (sourceSha256 + veličina fajla isti),https://www.carsystem.org/fileadmin/_processed_/2/e/csm_130992-cs-magnetic-sanding-protection-4stx55cm_b9e5d6ddfe.png,https://www.carsystem.org/fileadmin/products/images/130.992/130992-cs-magnetic-sanding-protection-4stx55cm.png,IMAGE_QUALITY_REVIEW_ONLY,pravilo: današnji manifest porekla (izvor = _processed_ PNG derivat); par NIJE meren,"NIJE potvrđen defekt. Isti tip izvora kao 15 izmerenih parova — to je razlog za merenje, ne rezultat merenja."
carsystem__carsystem-masking-film-blue#SOURCE_PIPELINE_REEXPORT_CANDIDATE_UNMEASURED,carsystem__carsystem-masking-film-blue,carsystem,carsystem,Carsystem Masking film blue,carsystem-masking-film-blue,/products/carsystem/catalog/carsystem-masking-film-blue.webp,660,572,SOURCE_PIPELINE_REEXPORT_CANDIDATE_UNMEASURED,tone/source re-export (kandidat),RULE_BASED_CANDIDATE,CANDIDATE_NOT_YET_MEASURED,unknown,,,A_OK_NO_CHANGE,NONE,pipelineToneStatus = unknown; ekstrapolacija zabranjena (finalna odluka 9); sistemski re-export nije ni planiran ni odobren,NONE — 0 odobreno / 0 integrisano; bez mass apply; runtime productImage nepromenjen,,YES (sourceSha256 + veličina fajla isti),https://www.carsystem.org/fileadmin/_processed_/3/0/csm_155569-cs-abdeckfolie-blau-4x300m_817dfa03fe.png,https://www.carsystem.org/fileadmin/products/images/155.569/155569-cs-abdeckfolie-blau-4x300m.png,IMAGE_QUALITY_REVIEW_ONLY,pravilo: današnji manifest porekla (izvor = _processed_ PNG derivat); par NIJE meren,"NIJE potvrđen defekt. Isti tip izvora kao 15 izmerenih parova — to je razlog za merenje, ne rezultat merenja."
carsystem__carsystem-masking-film-green#SOURCE_PIPELINE_REEXPORT_CANDIDATE_UNMEASURED,carsystem__carsystem-masking-film-green,carsystem,carsystem,Carsystem Masking film green,carsystem-masking-film-green,/products/carsystem/catalog/carsystem-masking-film-green.webp,660,571,SOURCE_PIPELINE_REEXPORT_CANDIDATE_UNMEASURED,tone/source re-export (kandidat),RULE_BASED_CANDIDATE,CANDIDATE_NOT_YET_MEASURED,unknown,,,A_OK_NO_CHANGE,NONE,pipelineToneStatus = unknown; ekstrapolacija zabranjena (finalna odluka 9); sistemski re-export nije ni planiran ni odobren,NONE — 0 odobreno / 0 integrisano; bez mass apply; runtime productImage nepromenjen,,YES (sourceSha256 + veličina fajla isti),https://www.carsystem.org/fileadmin/_processed_/5/3/csm_155566-cs-abdeckfolie-gruen-4x150m_03f6638fb8.png,https://www.carsystem.org/fileadmin/products/images/155.565/155566-cs-abdeckfolie-gruen-4x150m.png,IMAGE_QUALITY_REVIEW_ONLY,pravilo: današnji manifest porekla (izvor = _processed_ PNG derivat); par NIJE meren,"NIJE potvrđen defekt. Isti tip izvora kao 15 izmerenih parova — to je razlog za merenje, ne rezultat merenja."
carsystem__carsystem-masking-film-yellow#SOURCE_PIPELINE_REEXPORT_CANDIDATE_UNMEASURED,carsystem__carsystem-masking-film-yellow,carsystem,carsystem,Carsystem Masking film yellow,carsystem-masking-film-yellow,/products/carsystem/catalog/carsystem-masking-film-yellow.webp,660,571,SOURCE_PIPELINE_REEXPORT_CANDIDATE_UNMEASURED,tone/source re-export (kandidat),RULE_BASED_CANDIDATE,CANDIDATE_NOT_YET_MEASURED,unknown,,,A_OK_NO_CHANGE,NONE,pipelineToneStatus = unknown; ekstrapolacija zabranjena (finalna odluka 9); sistemski re-export nije ni planiran ni odobren,NONE — 0 odobreno / 0 integrisano; bez mass apply; runtime productImage nepromenjen,,YES (sourceSha256 + veličina fajla isti),https://www.carsystem.org/fileadmin/_processed_/8/f/csm_155572-cs-abdeckfolie-gelb-4x200m_be91c48dac.png,https://www.carsystem.org/fileadmin/products/images/155.572/155572-cs-abdeckfolie-gelb-4x200m.png,IMAGE_QUALITY_REVIEW_ONLY,pravilo: današnji manifest porekla (izvor = _processed_ PNG derivat); par NIJE meren,"NIJE potvrđen defekt. Isti tip izvora kao 15 izmerenih parova — to je razlog za merenje, ne rezultat merenja."
carsystem__carsystem-masking-paper-master-ii#SOURCE_PIPELINE_REEXPORT_CANDIDATE_UNMEASURED,carsystem__carsystem-masking-paper-master-ii,carsystem,carsystem,Carsystem Masking Paper Master II,carsystem-masking-paper-master-ii,/products/carsystem/catalog/carsystem-masking-paper-master-ii.webp,660,228,SOURCE_PIPELINE_REEXPORT_CANDIDATE_UNMEASURED,tone/source re-export (kandidat),RULE_BASED_CANDIDATE,CANDIDATE_NOT_YET_MEASURED,unknown,,,A_OK_NO_CHANGE,NONE,pipelineToneStatus = unknown; ekstrapolacija zabranjena (finalna odluka 9); sistemski re-export nije ni planiran ni odobren,NONE — 0 odobreno / 0 integrisano; bez mass apply; runtime productImage nepromenjen,,YES (sourceSha256 + veličina fajla isti),https://www.carsystem.org/fileadmin/_processed_/a/b/csm_159878-880-882-883-884-cs-masking-paper-masterII_8df76a3bcc.png,https://www.carsystem.org/fileadmin/products/images/159.878/159878-880-882-883-884-cs-masking-paper-masterII.png,IMAGE_QUALITY_REVIEW_ONLY,pravilo: današnji manifest porekla (izvor = _processed_ PNG derivat); par NIJE meren,"NIJE potvrđen defekt. Isti tip izvora kao 15 izmerenih parova — to je razlog za merenje, ne rezultat merenja."
carsystem__carsystem-masking-paper-top-ii#SOURCE_PIPELINE_REEXPORT_CANDIDATE_UNMEASURED,carsystem__carsystem-masking-paper-top-ii,carsystem,carsystem,Carsystem Masking Paper Top II,carsystem-masking-paper-top-ii,/products/carsystem/catalog/carsystem-masking-paper-top-ii.webp,660,228,SOURCE_PIPELINE_REEXPORT_CANDIDATE_UNMEASURED,tone/source re-export (kandidat),RULE_BASED_CANDIDATE,CANDIDATE_NOT_YET_MEASURED,unknown,,,A_OK_NO_CHANGE,NONE,pipelineToneStatus = unknown; ekstrapolacija zabranjena (finalna odluka 9); sistemski re-export nije ni planiran ni odobren,NONE — 0 odobreno / 0 integrisano; bez mass apply; runtime productImage nepromenjen,,YES (sourceSha256 + veličina fajla isti),https://www.carsystem.org/fileadmin/_processed_/1/9/csm_155528-masking-paper-top-II-20cmx450m_2f3f5fa296.png,https://www.carsystem.org/fileadmin/products/images/155.528/155528-masking-paper-top-II-20cmx450m.png,IMAGE_QUALITY_REVIEW_ONLY,pravilo: današnji manifest porekla (izvor = _processed_ PNG derivat); par NIJE meren,"NIJE potvrđen defekt. Isti tip izvora kao 15 izmerenih parova — to je razlog za merenje, ne rezultat merenja."
carsystem__carsystem-master-tape-green#SOURCE_PIPELINE_REEXPORT_CANDIDATE_UNMEASURED,carsystem__carsystem-master-tape-green,carsystem,carsystem,Carsystem Master Tape Green,carsystem-master-tape-green,/products/carsystem/catalog/carsystem-master-tape-green.webp,660,570,SOURCE_PIPELINE_REEXPORT_CANDIDATE_UNMEASURED,tone/source re-export (kandidat),RULE_BASED_CANDIDATE,CANDIDATE_NOT_YET_MEASURED,unknown,,,A_OK_NO_CHANGE,NONE,pipelineToneStatus = unknown; ekstrapolacija zabranjena (finalna odluka 9); sistemski re-export nije ni planiran ni odobren,NONE — 0 odobreno / 0 integrisano; bez mass apply; runtime productImage nepromenjen,,YES (sourceSha256 + veličina fajla isti),https://www.carsystem.org/fileadmin/_processed_/c/c/csm_149221-226-master-tape-green_9877e579cb.png,https://www.carsystem.org/fileadmin/products/images/149.221/149221-226-master-tape-green.png,IMAGE_QUALITY_REVIEW_ONLY,pravilo: današnji manifest porekla (izvor = _processed_ PNG derivat); par NIJE meren,"NIJE potvrđen defekt. Isti tip izvora kao 15 izmerenih parova — to je razlog za merenje, ne rezultat merenja."
carsystem__carsystem-metallic#FIT_MEASURES_BAKED_SHADOW,carsystem__carsystem-metallic,carsystem,carsystem,Carsystem Metallic,carsystem-metallic,/products/carsystem/catalog/carsystem-metallic.webp,660,406,FIT_MEASURES_BAKED_SHADOW,"crop/fit (rendering, ne asset)",HISTORICAL_CONFIRMED,KNOWN_RENDERING_ISSUE,unknown,,,A_OK_NO_CHANGE,CSS_RENDERING_PROBLEM,"rešenje = V6A hibridni subjectBox (merenjem, bez izmene fajla; bez cropa) — IMPLEMENTED_AND_VERIFIED u starom worktree-u, NIJE na main; ne portuje se",NONE — 0 odobreno / 0 integrisano; bez mass apply; runtime productImage nepromenjen,,YES (sourceSha256 + veličina fajla isti),https://www.carsystem.org/fileadmin/_processed_/7/4/csm_130.852-cs-metallic-inkl-haerter-3D_c966dad9c4.png,https://www.carsystem.org/fileadmin/products/images/127.911/130.852-cs-metallic-inkl-haerter-3D.png,IMAGE_QUALITY_REVIEW_ONLY,historical-evidence/css-rendering-candidates.csv,"linearni manjak 8.6 %, manjak površine 12.5 %; inflacija boxa 1.1431"
carsystem__carsystem-metallic#SOURCE_PIPELINE_REEXPORT_CANDIDATE_UNMEASURED,carsystem__carsystem-metallic,carsystem,carsystem,Carsystem Metallic,carsystem-metallic,/products/carsystem/catalog/carsystem-metallic.webp,660,406,SOURCE_PIPELINE_REEXPORT_CANDIDATE_UNMEASURED,tone/source re-export (kandidat),RULE_BASED_CANDIDATE,CANDIDATE_NOT_YET_MEASURED,unknown,,,A_OK_NO_CHANGE,CSS_RENDERING_PROBLEM,pipelineToneStatus = unknown; ekstrapolacija zabranjena (finalna odluka 9); sistemski re-export nije ni planiran ni odobren,NONE — 0 odobreno / 0 integrisano; bez mass apply; runtime productImage nepromenjen,,YES (sourceSha256 + veličina fajla isti),https://www.carsystem.org/fileadmin/_processed_/7/4/csm_130.852-cs-metallic-inkl-haerter-3D_c966dad9c4.png,https://www.carsystem.org/fileadmin/products/images/127.911/130.852-cs-metallic-inkl-haerter-3D.png,IMAGE_QUALITY_REVIEW_ONLY,pravilo: današnji manifest porekla (izvor = _processed_ PNG derivat); par NIJE meren,"NIJE potvrđen defekt. Isti tip izvora kao 15 izmerenih parova — to je razlog za merenje, ne rezultat merenja."
carsystem__carsystem-micro-fiber-cloth-2-in-1#SOURCE_PIPELINE_REEXPORT_CANDIDATE_UNMEASURED,carsystem__carsystem-micro-fiber-cloth-2-in-1,carsystem,carsystem,Carsystem Micro Fiber Cloth – 2 IN 1,carsystem-micro-fiber-cloth-2-in-1,/products/carsystem/catalog/carsystem-micro-fiber-cloth-2-in-1.webp,660,569,SOURCE_PIPELINE_REEXPORT_CANDIDATE_UNMEASURED,tone/source re-export (kandidat),RULE_BASED_CANDIDATE,CANDIDATE_NOT_YET_MEASURED,unknown,,,A_OK_NO_CHANGE,NONE,pipelineToneStatus = unknown; ekstrapolacija zabranjena (finalna odluka 9); sistemski re-export nije ni planiran ni odobren,NONE — 0 odobreno / 0 integrisano; bez mass apply; runtime productImage nepromenjen,,YES (sourceSha256 + veličina fajla isti),https://www.carsystem.org/fileadmin/_processed_/2/5/csm_156589-cs-mikrofasertuch-2in1-pack-3stueck_2f750b4462.png,https://www.carsystem.org/fileadmin/products/images/156.589/156589-cs-mikrofasertuch-2in1-pack-3stueck.png,IMAGE_QUALITY_REVIEW_ONLY,pravilo: današnji manifest porekla (izvor = _processed_ PNG derivat); par NIJE meren,"NIJE potvrđen defekt. Isti tip izvora kao 15 izmerenih parova — to je razlog za merenje, ne rezultat merenja."
carsystem__carsystem-micro-fiber-cloth-fluffy#SOURCE_PIPELINE_REEXPORT_CANDIDATE_UNMEASURED,carsystem__carsystem-micro-fiber-cloth-fluffy,carsystem,carsystem,Carsystem Micro Fiber Cloth – Fluffy,carsystem-micro-fiber-cloth-fluffy,/products/carsystem/catalog/carsystem-micro-fiber-cloth-fluffy.webp,660,568,SOURCE_PIPELINE_REEXPORT_CANDIDATE_UNMEASURED,tone/source re-export (kandidat),RULE_BASED_CANDIDATE,CANDIDATE_NOT_YET_MEASURED,unknown,,,A_OK_NO_CHANGE,NONE,pipelineToneStatus = unknown; ekstrapolacija zabranjena (finalna odluka 9); sistemski re-export nije ni planiran ni odobren,NONE — 0 odobreno / 0 integrisano; bez mass apply; runtime productImage nepromenjen,,YES (sourceSha256 + veličina fajla isti),https://www.carsystem.org/fileadmin/_processed_/d/e/csm_156590-cs-mikrofasertuch-fluffy-pack-2stueck_1db05d45e1.png,https://www.carsystem.org/fileadmin/products/images/156.590/156590-cs-mikrofasertuch-fluffy-pack-2stueck.png,IMAGE_QUALITY_REVIEW_ONLY,pravilo: današnji manifest porekla (izvor = _processed_ PNG derivat); par NIJE meren,"NIJE potvrđen defekt. Isti tip izvora kao 15 izmerenih parova — to je razlog za merenje, ne rezultat merenja."
carsystem__carsystem-micro-fiber-cloth-polish-extreme#SOURCE_PIPELINE_REEXPORT_CANDIDATE_UNMEASURED,carsystem__carsystem-micro-fiber-cloth-polish-extreme,carsystem,carsystem,Carsystem Micro Fiber Cloth – Polish Extreme,carsystem-micro-fiber-cloth-polish-extreme,/products/carsystem/catalog/carsystem-micro-fiber-cloth-polish-extreme.webp,660,536,SOURCE_PIPELINE_REEXPORT_CANDIDATE_UNMEASURED,tone/source re-export (kandidat),RULE_BASED_CANDIDATE,CANDIDATE_NOT_YET_MEASURED,unknown,,,A_OK_NO_CHANGE,NONE,pipelineToneStatus = unknown; ekstrapolacija zabranjena (finalna odluka 9); sistemski re-export nije ni planiran ni odobren,NONE — 0 odobreno / 0 integrisano; bez mass apply; runtime productImage nepromenjen,,YES (sourceSha256 + veličina fajla isti),https://www.carsystem.org/fileadmin/_processed_/e/6/csm_156591-cs-mikrofasertuch-polish-extreme_62bef11ed4.png,https://www.carsystem.org/fileadmin/products/images/156.591/156591-cs-mikrofasertuch-polish-extreme.png,IMAGE_QUALITY_REVIEW_ONLY,pravilo: današnji manifest porekla (izvor = _processed_ PNG derivat); par NIJE meren,"NIJE potvrđen defekt. Isti tip izvora kao 15 izmerenih parova — to je razlog za merenje, ne rezultat merenja."
carsystem__carsystem-micro-fiber-cloth-sky-blue#MEASURED_TONE_DEFECT,carsystem__carsystem-micro-fiber-cloth-sky-blue,carsystem,carsystem,Carsystem Micro Fiber Cloth – Sky Blue,carsystem-micro-fiber-cloth-sky-blue,/products/carsystem/catalog/carsystem-micro-fiber-cloth-sky-blue.webp,660,558,MEASURED_TONE_DEFECT,tone/source re-export,MEASURED,CONFIRMED_QUALITY_ISSUE,confirmed,2.21,-43.8,A_OK_NO_CHANGE,NONE,REEXPORT_FROM_OFFICIAL_ORIGINAL (ICC→sRGB samo ako profil postoji; bez globalnog brightness/gamma; bez AI) — tek posle odobrenja pilota,NONE — 0 odobreno / 0 integrisano; bez mass apply; runtime productImage nepromenjen,,YES (sourceSha256 + veličina fajla isti),https://www.carsystem.org/fileadmin/_processed_/7/2/csm_156587-cs-mikrofasertuch-sky-blue-pack-5stueck_5cd8a4782d.png,https://www.carsystem.org/fileadmin/products/images/156.587/156587-cs-mikrofasertuch-sky-blue-pack-5stueck.png,IMAGE_QUALITY_REVIEW_ONLY,historical-evidence/pipeline-tone-measurements.json,"izmeren par: original PNG 709×599, ICC da; medLum 157.7 → 88.7; 211285 piksela"
carsystem__carsystem-micro-fiber-cloth-wave-cut#SOURCE_PIPELINE_REEXPORT_CANDIDATE_UNMEASURED,carsystem__carsystem-micro-fiber-cloth-wave-cut,carsystem,carsystem,Carsystem Micro Fiber Cloth – Wave Cut,carsystem-micro-fiber-cloth-wave-cut,/products/carsystem/catalog/carsystem-micro-fiber-cloth-wave-cut.webp,660,619,SOURCE_PIPELINE_REEXPORT_CANDIDATE_UNMEASURED,tone/source re-export (kandidat),RULE_BASED_CANDIDATE,CANDIDATE_NOT_YET_MEASURED,unknown,,,A_OK_NO_CHANGE,NONE,pipelineToneStatus = unknown; ekstrapolacija zabranjena (finalna odluka 9); sistemski re-export nije ni planiran ni odobren,NONE — 0 odobreno / 0 integrisano; bez mass apply; runtime productImage nepromenjen,,YES (sourceSha256 + veličina fajla isti),https://www.carsystem.org/fileadmin/_processed_/a/7/csm_156588-cs-mikrofasertuch-wave-cut-pack-5stueck_a645da1ad5.png,https://www.carsystem.org/fileadmin/products/images/156.588/156588-cs-mikrofasertuch-wave-cut-pack-5stueck.png,IMAGE_QUALITY_REVIEW_ONLY,pravilo: današnji manifest porekla (izvor = _processed_ PNG derivat); par NIJE meren,"NIJE potvrđen defekt. Isti tip izvora kao 15 izmerenih parova — to je razlog za merenje, ne rezultat merenja."
carsystem__carsystem-micro-tip#SOURCE_PIPELINE_REEXPORT_CANDIDATE_UNMEASURED,carsystem__carsystem-micro-tip,carsystem,carsystem,Carsystem Micro Tip,carsystem-micro-tip,/products/carsystem/catalog/carsystem-micro-tip.webp,660,288,SOURCE_PIPELINE_REEXPORT_CANDIDATE_UNMEASURED,tone/source re-export (kandidat),RULE_BASED_CANDIDATE,CANDIDATE_NOT_YET_MEASURED,unknown,,,A_OK_NO_CHANGE,NONE,pipelineToneStatus = unknown; ekstrapolacija zabranjena (finalna odluka 9); sistemski re-export nije ni planiran ni odobren,NONE — 0 odobreno / 0 integrisano; bez mass apply; runtime productImage nepromenjen,,YES (sourceSha256 + veličina fajla isti),https://www.carsystem.org/fileadmin/_processed_/f/9/csm_140976-cs-micro-tip-satz-a-100-stueck_818c09e5bb.png,https://www.carsystem.org/fileadmin/products/images/140.976/140976-cs-micro-tip-satz-a-100-stueck.png,IMAGE_QUALITY_REVIEW_ONLY,pravilo: današnji manifest porekla (izvor = _processed_ PNG derivat); par NIJE meren,"NIJE potvrđen defekt. Isti tip izvora kao 15 izmerenih parova — to je razlog za merenje, ne rezultat merenja."
carsystem__carsystem-microfiber-x300-duo#FIT_MEASURES_BAKED_SHADOW,carsystem__carsystem-microfiber-x300-duo,carsystem,carsystem,Carsystem Microfiber X300 Duo,carsystem-microfiber-x300-duo,/products/carsystem/catalog/carsystem-microfiber-x300-duo.webp,660,635,FIT_MEASURES_BAKED_SHADOW,"crop/fit (rendering, ne asset)",HISTORICAL_CONFIRMED,KNOWN_RENDERING_ISSUE,unknown,,,A_OK_NO_CHANGE,CSS_RENDERING_PROBLEM,"rešenje = V6A hibridni subjectBox (merenjem, bez izmene fajla; bez cropa) — IMPLEMENTED_AND_VERIFIED u starom worktree-u, NIJE na main; ne portuje se",NONE — 0 odobreno / 0 integrisano; bez mass apply; runtime productImage nepromenjen,,YES (sourceSha256 + veličina fajla isti),https://www.carsystem.org/fileadmin/_processed_/2/c/csm_160457-microfiber-x300-duo_3fc99c994c.webp,https://www.carsystem.org/fileadmin/products/images/160.457/160457-microfiber-x300-duo.webp,APPROVED_RUNTIME_IMAGE,historical-evidence/css-rendering-candidates.csv,"linearni manjak 8.7 %, manjak površine 9.3 %; inflacija boxa 1.1026"
carsystem__carsystem-mini-back-pad#SOURCE_PIPELINE_REEXPORT_CANDIDATE_UNMEASURED,carsystem__carsystem-mini-back-pad,carsystem,carsystem,Carsystem Mini Back Pad,carsystem-mini-back-pad,/products/carsystem/catalog/carsystem-mini-back-pad.webp,660,440,SOURCE_PIPELINE_REEXPORT_CANDIDATE_UNMEASURED,tone/source re-export (kandidat),RULE_BASED_CANDIDATE,CANDIDATE_NOT_YET_MEASURED,unknown,,,A_OK_NO_CHANGE,NONE,pipelineToneStatus = unknown; ekstrapolacija zabranjena (finalna odluka 9); sistemski re-export nije ni planiran ni odobren,NONE — 0 odobreno / 0 integrisano; bez mass apply; runtime productImage nepromenjen,,YES (sourceSha256 + veličina fajla isti),https://www.carsystem.org/fileadmin/_processed_/1/d/csm_144768-769-mini-back-pad-28mm_e554e72893.png,https://www.carsystem.org/fileadmin/products/images/144.768/144768-769-mini-back-pad-28mm.png,IMAGE_QUALITY_REVIEW_ONLY,pravilo: današnji manifest porekla (izvor = _processed_ PNG derivat); par NIJE meren,"NIJE potvrđen defekt. Isti tip izvora kao 15 izmerenih parova — to je razlog za merenje, ne rezultat merenja."
carsystem__carsystem-mini-sanding-machine-rc-9330#SOURCE_PIPELINE_REEXPORT_CANDIDATE_UNMEASURED,carsystem__carsystem-mini-sanding-machine-rc-9330,carsystem,carsystem,Carsystem Mini Sanding Machine RC 9330,carsystem-mini-sanding-machine-rc-9330,/products/carsystem/catalog/carsystem-mini-sanding-machine-rc-9330.webp,660,450,SOURCE_PIPELINE_REEXPORT_CANDIDATE_UNMEASURED,tone/source re-export (kandidat),RULE_BASED_CANDIDATE,CANDIDATE_NOT_YET_MEASURED,unknown,,,A_OK_NO_CHANGE,NONE,pipelineToneStatus = unknown; ekstrapolacija zabranjena (finalna odluka 9); sistemski re-export nije ni planiran ni odobren,NONE — 0 odobreno / 0 integrisano; bez mass apply; runtime productImage nepromenjen,,YES (sourceSha256 + veličina fajla isti),https://www.carsystem.org/fileadmin/_processed_/f/1/csm_143724-cs-mini-sanding-machine-rc9330_ba550b330c.png,https://www.carsystem.org/fileadmin/products/images/143.724/143724-cs-mini-sanding-machine-rc9330.png,IMAGE_QUALITY_REVIEW_ONLY,pravilo: današnji manifest porekla (izvor = _processed_ PNG derivat); par NIJE meren,"NIJE potvrđen defekt. Isti tip izvora kao 15 izmerenih parova — to je razlog za merenje, ne rezultat merenja."
carsystem__carsystem-mixing-stick-black#SOURCE_PIPELINE_REEXPORT_CANDIDATE_UNMEASURED,carsystem__carsystem-mixing-stick-black,carsystem,carsystem,Carsystem Mixing Stick Black,carsystem-mixing-stick-black,/products/carsystem/catalog/carsystem-mixing-stick-black.webp,660,131,SOURCE_PIPELINE_REEXPORT_CANDIDATE_UNMEASURED,tone/source re-export (kandidat),RULE_BASED_CANDIDATE,CANDIDATE_NOT_YET_MEASURED,unknown,,,A_OK_NO_CHANGE,NONE,pipelineToneStatus = unknown; ekstrapolacija zabranjena (finalna odluka 9); sistemski re-export nije ni planiran ni odobren,NONE — 0 odobreno / 0 integrisano; bez mass apply; runtime productImage nepromenjen,,YES (sourceSha256 + veličina fajla isti),https://www.carsystem.org/fileadmin/_processed_/9/8/csm_144752-cs-ruehrstab-kunststoff-schw-single_876e75bb55.png,https://www.carsystem.org/fileadmin/products/images/144.752/144752-cs-ruehrstab-kunststoff-schw-single.png,IMAGE_QUALITY_REVIEW_ONLY,pravilo: današnji manifest porekla (izvor = _processed_ PNG derivat); par NIJE meren,"NIJE potvrđen defekt. Isti tip izvora kao 15 izmerenih parova — to je razlog za merenje, ne rezultat merenja."
carsystem__carsystem-mixing-stick-fast#CLASS_B_DETERMINISTIC_FIX,carsystem__carsystem-mixing-stick-fast,carsystem,carsystem,Carsystem Mixing Stick Fast,carsystem-mixing-stick-fast,/products/carsystem/catalog/carsystem-mixing-stick-fast.webp,660,2907,CLASS_B_DETERMINISTIC_FIX,asset (deterministički tretman),HISTORICAL_CONFIRMED,KNOWN_ASSET_ISSUE,unknown,,,B_DETERMINISTIC_FIX,SOURCE_IMAGE_PROBLEM,"klasa B — tretman tek posle odobrenja pilota (handoff §12.8); finalna pravila imaju prednost nad predlogom: bez cropa, bez globalnog brightness/gamma/contrast, bez AI",NONE — 0 odobreno / 0 integrisano; bez mass apply; runtime productImage nepromenjen,,YES (sourceSha256 + veličina fajla isti),https://www.carsystem.org/fileadmin/_processed_/7/7/csm_159834-cs-mixing-stick-fast_deaacd3375.webp,https://www.carsystem.org/fileadmin/products/images/159.834/159834-cs-mixing-stick-fast.webp,APPROVED_RUNTIME_IMAGE,historical-evidence/CARSYSTEM_IMAGE_AUDIT.csv,"nalaz: ravna crna silueta bez modelacije (nema tonske informacije za obnovu) | istorijski predlog: maskirani output black point lift (0 -> ~28) unutar alfe; ne stvara refleks ni detalj | rizik: nizak — deterministicka kriva, bez rekonstrukcije"
carsystem__carsystem-mmir-knife-premium#SOURCE_PIPELINE_REEXPORT_CANDIDATE_UNMEASURED,carsystem__carsystem-mmir-knife-premium,carsystem,carsystem,Carsystem MMIR Knife Premium,carsystem-mmir-knife-premium,/products/carsystem/catalog/carsystem-mmir-knife-premium.webp,660,423,SOURCE_PIPELINE_REEXPORT_CANDIDATE_UNMEASURED,tone/source re-export (kandidat),RULE_BASED_CANDIDATE,CANDIDATE_NOT_YET_MEASURED,unknown,,,A_OK_NO_CHANGE,NONE,pipelineToneStatus = unknown; ekstrapolacija zabranjena (finalna odluka 9); sistemski re-export nije ni planiran ni odobren,NONE — 0 odobreno / 0 integrisano; bez mass apply; runtime productImage nepromenjen,,YES (sourceSha256 + veličina fajla isti),https://www.carsystem.org/fileadmin/_processed_/4/6/csm_151513-cs-mmir-folienmesser-premium-2er-pack_a645cb23c5.png,https://www.carsystem.org/fileadmin/products/images/151.513/151513-cs-mmir-folienmesser-premium-2er-pack.png,IMAGE_QUALITY_REVIEW_ONLY,pravilo: današnji manifest porekla (izvor = _processed_ PNG derivat); par NIJE meren,"NIJE potvrđen defekt. Isti tip izvora kao 15 izmerenih parova — to je razlog za merenje, ne rezultat merenja."
carsystem__carsystem-mmir-mask-aqua-tec#SOURCE_PIPELINE_REEXPORT_CANDIDATE_UNMEASURED,carsystem__carsystem-mmir-mask-aqua-tec,carsystem,carsystem,Carsystem MMIR-Mask Aqua Tec,carsystem-mmir-mask-aqua-tec,/products/carsystem/catalog/carsystem-mmir-mask-aqua-tec.webp,660,440,SOURCE_PIPELINE_REEXPORT_CANDIDATE_UNMEASURED,tone/source re-export (kandidat),RULE_BASED_CANDIDATE,CANDIDATE_NOT_YET_MEASURED,unknown,,,A_OK_NO_CHANGE,NONE,pipelineToneStatus = unknown; ekstrapolacija zabranjena (finalna odluka 9); sistemski re-export nije ni planiran ni odobren,NONE — 0 odobreno / 0 integrisano; bez mass apply; runtime productImage nepromenjen,,YES (sourceSha256 + veličina fajla isti),https://www.carsystem.org/fileadmin/_processed_/1/0/csm_151038-152055-cs-mmir-mask-aqua-tec_1ea1d2d2ca.png,https://www.carsystem.org/fileadmin/products/images/151.038/151038-152055-cs-mmir-mask-aqua-tec.png,IMAGE_QUALITY_REVIEW_ONLY,pravilo: današnji manifest porekla (izvor = _processed_ PNG derivat); par NIJE meren,"NIJE potvrđen defekt. Isti tip izvora kao 15 izmerenih parova — to je razlog za merenje, ne rezultat merenja."
carsystem__carsystem-mmir-mask-light-green#SOURCE_PIPELINE_REEXPORT_CANDIDATE_UNMEASURED,carsystem__carsystem-mmir-mask-light-green,carsystem,carsystem,Carsystem MMIR-Mask Light Green,carsystem-mmir-mask-light-green,/products/carsystem/catalog/carsystem-mmir-mask-light-green.webp,660,440,SOURCE_PIPELINE_REEXPORT_CANDIDATE_UNMEASURED,tone/source re-export (kandidat),RULE_BASED_CANDIDATE,CANDIDATE_NOT_YET_MEASURED,unknown,,,A_OK_NO_CHANGE,NONE,pipelineToneStatus = unknown; ekstrapolacija zabranjena (finalna odluka 9); sistemski re-export nije ni planiran ni odobren,NONE — 0 odobreno / 0 integrisano; bez mass apply; runtime productImage nepromenjen,,YES (sourceSha256 + veličina fajla isti),https://www.carsystem.org/fileadmin/_processed_/e/3/csm_149587-150453-54-55-cs-mmir-mask-light-green_99b4b78b87.png,https://www.carsystem.org/fileadmin/products/images/149.587/149587-150453-54-55-cs-mmir-mask-light-green.png,IMAGE_QUALITY_REVIEW_ONLY,pravilo: današnji manifest porekla (izvor = _processed_ PNG derivat); par NIJE meren,"NIJE potvrđen defekt. Isti tip izvora kao 15 izmerenih parova — to je razlog za merenje, ne rezultat merenja."
carsystem__carsystem-mmir-trolley#SOURCE_PIPELINE_REEXPORT_CANDIDATE_UNMEASURED,carsystem__carsystem-mmir-trolley,carsystem,carsystem,Carsystem MMIR Trolley,carsystem-mmir-trolley,/products/carsystem/catalog/carsystem-mmir-trolley.webp,660,567,SOURCE_PIPELINE_REEXPORT_CANDIDATE_UNMEASURED,tone/source re-export (kandidat),RULE_BASED_CANDIDATE,CANDIDATE_NOT_YET_MEASURED,unknown,,,A_OK_NO_CHANGE,NONE,pipelineToneStatus = unknown; ekstrapolacija zabranjena (finalna odluka 9); sistemski re-export nije ni planiran ni odobren,NONE — 0 odobreno / 0 integrisano; bez mass apply; runtime productImage nepromenjen,,YES (sourceSha256 + veličina fajla isti),https://www.carsystem.org/fileadmin/_processed_/1/1/csm_125737-cs-mmir-folienstaender_6f2bfca8b0.png,https://www.carsystem.org/fileadmin/products/images/125.737/125737-cs-mmir-folienstaender.png,IMAGE_QUALITY_REVIEW_ONLY,pravilo: današnji manifest porekla (izvor = _processed_ PNG derivat); par NIJE meren,"NIJE potvrđen defekt. Isti tip izvora kao 15 izmerenih parova — to je razlog za merenje, ne rezultat merenja."
carsystem__carsystem-mmir-trolley-box#CLASS_E_SOURCE_REPLACEMENT_PREFERRED,carsystem__carsystem-mmir-trolley-box,carsystem,carsystem,"Carsystem MMIR Trolley ""Box""",carsystem-mmir-trolley-box,/products/carsystem/catalog/carsystem-mmir-trolley-box.webp,660,347,CLASS_E_SOURCE_REPLACEMENT_PREFERRED,source replacement (bolji zvanični packshot),HISTORICAL_CONFIRMED,KNOWN_ASSET_ISSUE,confirmed,,,E_SOURCE_REPLACEMENT_PREFERRED,SOURCE_IMAGE_PROBLEM,klasa E — kandidat za zamenu izvora boljim ZVANIČNIM packshotom; bez AI; ništa nije preuzeto,NONE — 0 odobreno / 0 integrisano; bez mass apply; runtime productImage nepromenjen,,YES (sourceSha256 + veličina fajla isti),https://www.carsystem.org/fileadmin/_processed_/b/b/csm_151514-cs-mmir-trolley-box_4f9af0f039.png,https://www.carsystem.org/fileadmin/products/images/151.514/151514-cs-mmir-trolley-box.png,IMAGE_QUALITY_REVIEW_ONLY,historical-evidence/CARSYSTEM_IMAGE_AUDIT.csv,nalaz: kompozicija sa umetnutom sličicom (katalog scan) | rizik: nizak
carsystem__carsystem-mmir-trolley-box#MEASURED_TONE_DEFECT,carsystem__carsystem-mmir-trolley-box,carsystem,carsystem,"Carsystem MMIR Trolley ""Box""",carsystem-mmir-trolley-box,/products/carsystem/catalog/carsystem-mmir-trolley-box.webp,660,347,MEASURED_TONE_DEFECT,tone/source re-export,MEASURED,CONFIRMED_QUALITY_ISSUE,confirmed,2.1,-34.5,E_SOURCE_REPLACEMENT_PREFERRED,SOURCE_IMAGE_PROBLEM,REEXPORT_FROM_OFFICIAL_ORIGINAL (ICC→sRGB samo ako profil postoji; bez globalnog brightness/gamma; bez AI) — tek posle odobrenja pilota,NONE — 0 odobreno / 0 integrisano; bez mass apply; runtime productImage nepromenjen,,YES (sourceSha256 + veličina fajla isti),https://www.carsystem.org/fileadmin/_processed_/b/b/csm_151514-cs-mmir-trolley-box_4f9af0f039.png,https://www.carsystem.org/fileadmin/products/images/151.514/151514-cs-mmir-trolley-box.png,IMAGE_QUALITY_REVIEW_ONLY,historical-evidence/pipeline-tone-measurements.json,"izmeren par: original PNG 1000×526, ICC ne; medLum 179.0 → 117.3; 37276 piksela"
carsystem__carsystem-mount-tape#SOURCE_PIPELINE_REEXPORT_CANDIDATE_UNMEASURED,carsystem__carsystem-mount-tape,carsystem,carsystem,Carsystem Mount Tape,carsystem-mount-tape,/products/carsystem/catalog/carsystem-mount-tape.webp,660,495,SOURCE_PIPELINE_REEXPORT_CANDIDATE_UNMEASURED,tone/source re-export (kandidat),RULE_BASED_CANDIDATE,CANDIDATE_NOT_YET_MEASURED,unknown,,,A_OK_NO_CHANGE,NONE,pipelineToneStatus = unknown; ekstrapolacija zabranjena (finalna odluka 9); sistemski re-export nije ni planiran ni odobren,NONE — 0 odobreno / 0 integrisano; bez mass apply; runtime productImage nepromenjen,,YES (sourceSha256 + veličina fajla isti),https://www.carsystem.org/fileadmin/_processed_/b/c/csm_125712-713-720-725-726-cs-mount-tape_ebda1b3af8.png,https://www.carsystem.org/fileadmin/products/images/125.712/125712-713-720-725-726-cs-mount-tape.png,IMAGE_QUALITY_REVIEW_ONLY,pravilo: današnji manifest porekla (izvor = _processed_ PNG derivat); par NIJE meren,"NIJE potvrđen defekt. Isti tip izvora kao 15 izmerenih parova — to je razlog za merenje, ne rezultat merenja."
carsystem__carsystem-ms-air-gun#SOURCE_PIPELINE_REEXPORT_CANDIDATE_UNMEASURED,carsystem__carsystem-ms-air-gun,carsystem,carsystem,Carsystem MS Air Gun,carsystem-ms-air-gun,/products/carsystem/catalog/carsystem-ms-air-gun.webp,660,645,SOURCE_PIPELINE_REEXPORT_CANDIDATE_UNMEASURED,tone/source re-export (kandidat),RULE_BASED_CANDIDATE,CANDIDATE_NOT_YET_MEASURED,unknown,,,A_OK_NO_CHANGE,NONE,pipelineToneStatus = unknown; ekstrapolacija zabranjena (finalna odluka 9); sistemski re-export nije ni planiran ni odobren,NONE — 0 odobreno / 0 integrisano; bez mass apply; runtime productImage nepromenjen,,YES (sourceSha256 + veličina fajla isti),https://www.carsystem.org/fileadmin/_processed_/1/6/csm_125681-131563-cs-ms-air-gun-pm-2-gruppe_372016ded8.png,https://www.carsystem.org/fileadmin/products/images/125.681/125681-131563-cs-ms-air-gun-pm-2-gruppe.png,IMAGE_QUALITY_REVIEW_ONLY,pravilo: današnji manifest porekla (izvor = _processed_ PNG derivat); par NIJE meren,"NIJE potvrđen defekt. Isti tip izvora kao 15 izmerenih parova — to je razlog za merenje, ne rezultat merenja."
carsystem__carsystem-ms-coupling#SOURCE_PIPELINE_REEXPORT_CANDIDATE_UNMEASURED,carsystem__carsystem-ms-coupling,carsystem,carsystem,Carsystem MS Coupling,carsystem-ms-coupling,/products/carsystem/catalog/carsystem-ms-coupling.webp,660,405,SOURCE_PIPELINE_REEXPORT_CANDIDATE_UNMEASURED,tone/source re-export (kandidat),RULE_BASED_CANDIDATE,CANDIDATE_NOT_YET_MEASURED,unknown,,,A_OK_NO_CHANGE,NONE,pipelineToneStatus = unknown; ekstrapolacija zabranjena (finalna odluka 9); sistemski re-export nije ni planiran ni odobren,NONE — 0 odobreno / 0 integrisano; bez mass apply; runtime productImage nepromenjen,,YES (sourceSha256 + veličina fajla isti),https://www.carsystem.org/fileadmin/_processed_/0/6/csm_139036-cs-ms-kupplung-9mm_9d0aafe857.png,https://www.carsystem.org/fileadmin/products/images/139.036/139036-cs-ms-kupplung-9mm.png,IMAGE_QUALITY_REVIEW_ONLY,pravilo: današnji manifest porekla (izvor = _processed_ PNG derivat); par NIJE meren,"NIJE potvrđen defekt. Isti tip izvora kao 15 izmerenih parova — to je razlog za merenje, ne rezultat merenja."
carsystem__carsystem-multi#FIT_MEASURES_BAKED_SHADOW,carsystem__carsystem-multi,carsystem,carsystem,Carsystem Multi,carsystem-multi,/products/carsystem/catalog/carsystem-multi.webp,660,406,FIT_MEASURES_BAKED_SHADOW,"crop/fit (rendering, ne asset)",HISTORICAL_CONFIRMED,KNOWN_RENDERING_ISSUE,unknown,,,A_OK_NO_CHANGE,CSS_RENDERING_PROBLEM,"rešenje = V6A hibridni subjectBox (merenjem, bez izmene fajla; bez cropa) — IMPLEMENTED_AND_VERIFIED u starom worktree-u, NIJE na main; ne portuje se",NONE — 0 odobreno / 0 integrisano; bez mass apply; runtime productImage nepromenjen,,YES (sourceSha256 + veličina fajla isti),https://www.carsystem.org/fileadmin/_processed_/2/4/csm_127.977-cs-multi-3D_e26136eb1f.png,https://www.carsystem.org/fileadmin/products/images/127.977/127.977-cs-multi-3D.png,IMAGE_QUALITY_REVIEW_ONLY,historical-evidence/css-rendering-candidates.csv,"linearni manjak 8.6 %, manjak površine 12.5 %; inflacija boxa 1.1431"
carsystem__carsystem-multi#SOURCE_PIPELINE_REEXPORT_CANDIDATE_UNMEASURED,carsystem__carsystem-multi,carsystem,carsystem,Carsystem Multi,carsystem-multi,/products/carsystem/catalog/carsystem-multi.webp,660,406,SOURCE_PIPELINE_REEXPORT_CANDIDATE_UNMEASURED,tone/source re-export (kandidat),RULE_BASED_CANDIDATE,CANDIDATE_NOT_YET_MEASURED,unknown,,,A_OK_NO_CHANGE,CSS_RENDERING_PROBLEM,pipelineToneStatus = unknown; ekstrapolacija zabranjena (finalna odluka 9); sistemski re-export nije ni planiran ni odobren,NONE — 0 odobreno / 0 integrisano; bez mass apply; runtime productImage nepromenjen,,YES (sourceSha256 + veličina fajla isti),https://www.carsystem.org/fileadmin/_processed_/2/4/csm_127.977-cs-multi-3D_e26136eb1f.png,https://www.carsystem.org/fileadmin/products/images/127.977/127.977-cs-multi-3D.png,IMAGE_QUALITY_REVIEW_ONLY,pravilo: današnji manifest porekla (izvor = _processed_ PNG derivat); par NIJE meren,"NIJE potvrđen defekt. Isti tip izvora kao 15 izmerenih parova — to je razlog za merenje, ne rezultat merenja."
carsystem__carsystem-multi-black-rapid#FIT_MEASURES_BAKED_SHADOW,carsystem__carsystem-multi-black-rapid,carsystem,carsystem,Carsystem Multi Black Rapid,carsystem-multi-black-rapid,/products/carsystem/catalog/carsystem-multi-black-rapid.webp,660,409,FIT_MEASURES_BAKED_SHADOW,"crop/fit (rendering, ne asset)",HISTORICAL_CONFIRMED,KNOWN_RENDERING_ISSUE,unknown,,,A_OK_NO_CHANGE,CSS_RENDERING_PROBLEM,"rešenje = V6A hibridni subjectBox (merenjem, bez izmene fajla; bez cropa) — IMPLEMENTED_AND_VERIFIED u starom worktree-u, NIJE na main; ne portuje se",NONE — 0 odobreno / 0 integrisano; bez mass apply; runtime productImage nepromenjen,,YES (sourceSha256 + veličina fajla isti),https://www.carsystem.org/fileadmin/_processed_/1/c/csm_159755-cs-multi-black-rapid_5e8ae4d214.png,https://www.carsystem.org/fileadmin/products/images/159.755/159755-cs-multi-black-rapid.png,IMAGE_QUALITY_REVIEW_ONLY,historical-evidence/css-rendering-candidates.csv,"linearni manjak 8.2 %, manjak površine 14.1 %; inflacija boxa 1.1637"
carsystem__carsystem-multi-black-rapid#SOURCE_PIPELINE_REEXPORT_CANDIDATE_UNMEASURED,carsystem__carsystem-multi-black-rapid,carsystem,carsystem,Carsystem Multi Black Rapid,carsystem-multi-black-rapid,/products/carsystem/catalog/carsystem-multi-black-rapid.webp,660,409,SOURCE_PIPELINE_REEXPORT_CANDIDATE_UNMEASURED,tone/source re-export (kandidat),RULE_BASED_CANDIDATE,CANDIDATE_NOT_YET_MEASURED,unknown,,,A_OK_NO_CHANGE,CSS_RENDERING_PROBLEM,pipelineToneStatus = unknown; ekstrapolacija zabranjena (finalna odluka 9); sistemski re-export nije ni planiran ni odobren,NONE — 0 odobreno / 0 integrisano; bez mass apply; runtime productImage nepromenjen,,YES (sourceSha256 + veličina fajla isti),https://www.carsystem.org/fileadmin/_processed_/1/c/csm_159755-cs-multi-black-rapid_5e8ae4d214.png,https://www.carsystem.org/fileadmin/products/images/159.755/159755-cs-multi-black-rapid.png,IMAGE_QUALITY_REVIEW_ONLY,pravilo: današnji manifest porekla (izvor = _processed_ PNG derivat); par NIJE meren,"NIJE potvrđen defekt. Isti tip izvora kao 15 izmerenih parova — to je razlog za merenje, ne rezultat merenja."
carsystem__carsystem-multi-blue-rapid-changer-sf#SOURCE_PIPELINE_REEXPORT_CANDIDATE_UNMEASURED,carsystem__carsystem-multi-blue-rapid-changer-sf,carsystem,carsystem,Carsystem Multi Blue Rapid Changer SF,carsystem-multi-blue-rapid-changer-sf,/products/carsystem/catalog/carsystem-multi-blue-rapid-changer-sf.webp,660,442,SOURCE_PIPELINE_REEXPORT_CANDIDATE_UNMEASURED,tone/source re-export (kandidat),RULE_BASED_CANDIDATE,CANDIDATE_NOT_YET_MEASURED,unknown,,,A_OK_NO_CHANGE,NONE,pipelineToneStatus = unknown; ekstrapolacija zabranjena (finalna odluka 9); sistemski re-export nije ni planiran ni odobren,NONE — 0 odobreno / 0 integrisano; bez mass apply; runtime productImage nepromenjen,,YES (sourceSha256 + veličina fajla isti),https://www.carsystem.org/fileadmin/_processed_/5/5/csm_159923-cs-multi-blue-rapid-changer-sf-1_3_kg_8ea42f0693.png,https://www.carsystem.org/fileadmin/products/images/159.923/159923-cs-multi-blue-rapid-changer-sf-1_3_kg.png,IMAGE_QUALITY_REVIEW_ONLY,pravilo: današnji manifest porekla (izvor = _processed_ PNG derivat); par NIJE meren,"NIJE potvrđen defekt. Isti tip izvora kao 15 izmerenih parova — to je razlog za merenje, ne rezultat merenja."
carsystem__carsystem-multi-flow#CLASS_B_DETERMINISTIC_FIX,carsystem__carsystem-multi-flow,carsystem,carsystem,Carsystem Multi Flow,carsystem-multi-flow,/products/carsystem/catalog/carsystem-multi-flow.webp,660,429,CLASS_B_DETERMINISTIC_FIX,asset (deterministički tretman),HISTORICAL_CONFIRMED,KNOWN_ASSET_ISSUE,unknown,,,B_DETERMINISTIC_FIX,BOTH,"klasa B — tretman tek posle odobrenja pilota (handoff §12.8); finalna pravila imaju prednost nad predlogom: bez cropa, bez globalnog brightness/gamma/contrast, bez AI",NONE — 0 odobreno / 0 integrisano; bez mass apply; runtime productImage nepromenjen,,YES (sourceSha256 + veličina fajla isti),https://www.carsystem.org/fileadmin/_processed_/0/4/csm_160.378-multi-flow-970g_21b2a1481c.webp,https://www.carsystem.org/fileadmin/products/images/160.378/160.378-multi-flow-970g.webp,IMAGE_QUALITY_REVIEW_ONLY,historical-evidence/CARSYSTEM_IMAGE_AUDIT.csv,nalaz: širok poluprovidni oreol/refleks u alfi | istorijski predlog: čišćenje alfa krive na ivici | rizik: nizak
carsystem__carsystem-multi-flow#FIT_MEASURES_BAKED_SHADOW,carsystem__carsystem-multi-flow,carsystem,carsystem,Carsystem Multi Flow,carsystem-multi-flow,/products/carsystem/catalog/carsystem-multi-flow.webp,660,429,FIT_MEASURES_BAKED_SHADOW,"crop/fit (rendering, ne asset)",HISTORICAL_CONFIRMED,KNOWN_RENDERING_ISSUE,unknown,,,B_DETERMINISTIC_FIX,BOTH,"rešenje = V6A hibridni subjectBox (merenjem, bez izmene fajla; bez cropa) — IMPLEMENTED_AND_VERIFIED u starom worktree-u, NIJE na main; ne portuje se",NONE — 0 odobreno / 0 integrisano; bez mass apply; runtime productImage nepromenjen,,YES (sourceSha256 + veličina fajla isti),https://www.carsystem.org/fileadmin/_processed_/0/4/csm_160.378-multi-flow-970g_21b2a1481c.webp,https://www.carsystem.org/fileadmin/products/images/160.378/160.378-multi-flow-970g.webp,IMAGE_QUALITY_REVIEW_ONLY,historical-evidence/css-rendering-candidates.csv,"linearni manjak 24.7 %, manjak površine 38.6 %; inflacija boxa 1.6275"
carsystem__carsystem-multi-flow#V6_EXCLUDED_SLUG,carsystem__carsystem-multi-flow,carsystem,carsystem,Carsystem Multi Flow,carsystem-multi-flow,/products/carsystem/catalog/carsystem-multi-flow.webp,660,429,V6_EXCLUDED_SLUG,crop/fit,HISTORICAL_CONFIRMED,EXCLUDED_FROM_V6,unknown,,,B_DETERMINISTIC_FIX,BOTH,izuzet iz V6 — ostaje legacy dok korisnik ne odluči drugačije (finalna odluka 15),NONE — 0 odobreno / 0 integrisano; bez mass apply; runtime productImage nepromenjen,,YES (sourceSha256 + veličina fajla isti),https://www.carsystem.org/fileadmin/_processed_/0/4/csm_160.378-multi-flow-970g_21b2a1481c.webp,https://www.carsystem.org/fileadmin/products/images/160.378/160.378-multi-flow-970g.webp,IMAGE_QUALITY_REVIEW_ONLY,handoff §11.15,
carsystem__carsystem-multi-green-changer#SOURCE_PIPELINE_REEXPORT_CANDIDATE_UNMEASURED,carsystem__carsystem-multi-green-changer,carsystem,carsystem,Carsystem Multi Green Changer,carsystem-multi-green-changer,/products/carsystem/catalog/carsystem-multi-green-changer.webp,660,406,SOURCE_PIPELINE_REEXPORT_CANDIDATE_UNMEASURED,tone/source re-export (kandidat),RULE_BASED_CANDIDATE,CANDIDATE_NOT_YET_MEASURED,unknown,,,A_OK_NO_CHANGE,NONE,pipelineToneStatus = unknown; ekstrapolacija zabranjena (finalna odluka 9); sistemski re-export nije ni planiran ni odobren,NONE — 0 odobreno / 0 integrisano; bez mass apply; runtime productImage nepromenjen,,YES (sourceSha256 + veličina fajla isti),https://www.carsystem.org/fileadmin/_processed_/a/4/csm_157.622-cs-multi-green-changer-inkl-haerter-kg-1_6-3D_66e97b7a82.png,https://www.carsystem.org/fileadmin/products/images/157.622/157.622-cs-multi-green-changer-inkl-haerter-kg-1_6-3D.png,IMAGE_QUALITY_REVIEW_ONLY,pravilo: današnji manifest porekla (izvor = _processed_ PNG derivat); par NIJE meren,"NIJE potvrđen defekt. Isti tip izvora kao 15 izmerenih parova — to je razlog za merenje, ne rezultat merenja."
carsystem__carsystem-multi-green-glas#FIT_MEASURES_BAKED_SHADOW,carsystem__carsystem-multi-green-glas,carsystem,carsystem,Carsystem Multi Green Glas,carsystem-multi-green-glas,/products/carsystem/catalog/carsystem-multi-green-glas.webp,660,406,FIT_MEASURES_BAKED_SHADOW,"crop/fit (rendering, ne asset)",HISTORICAL_CONFIRMED,KNOWN_RENDERING_ISSUE,unknown,,,A_OK_NO_CHANGE,CSS_RENDERING_PROBLEM,"rešenje = V6A hibridni subjectBox (merenjem, bez izmene fajla; bez cropa) — IMPLEMENTED_AND_VERIFIED u starom worktree-u, NIJE na main; ne portuje se",NONE — 0 odobreno / 0 integrisano; bez mass apply; runtime productImage nepromenjen,,YES (sourceSha256 + veličina fajla isti),https://www.carsystem.org/fileadmin/_processed_/b/8/csm_146.707-cs-multi-green-glas-inkl-haerter-kg-1_6.-3D_4d3fc92b24.png,https://www.carsystem.org/fileadmin/products/images/146.707/146.707-cs-multi-green-glas-inkl-haerter-kg-1_6.-3D.png,IMAGE_QUALITY_REVIEW_ONLY,historical-evidence/css-rendering-candidates.csv,"linearni manjak 8.8 %, manjak površine 14.1 %; inflacija boxa 1.1641"
carsystem__carsystem-multi-green-glas#SOURCE_PIPELINE_REEXPORT_CANDIDATE_UNMEASURED,carsystem__carsystem-multi-green-glas,carsystem,carsystem,Carsystem Multi Green Glas,carsystem-multi-green-glas,/products/carsystem/catalog/carsystem-multi-green-glas.webp,660,406,SOURCE_PIPELINE_REEXPORT_CANDIDATE_UNMEASURED,tone/source re-export (kandidat),RULE_BASED_CANDIDATE,CANDIDATE_NOT_YET_MEASURED,unknown,,,A_OK_NO_CHANGE,CSS_RENDERING_PROBLEM,pipelineToneStatus = unknown; ekstrapolacija zabranjena (finalna odluka 9); sistemski re-export nije ni planiran ni odobren,NONE — 0 odobreno / 0 integrisano; bez mass apply; runtime productImage nepromenjen,,YES (sourceSha256 + veličina fajla isti),https://www.carsystem.org/fileadmin/_processed_/b/8/csm_146.707-cs-multi-green-glas-inkl-haerter-kg-1_6.-3D_4d3fc92b24.png,https://www.carsystem.org/fileadmin/products/images/146.707/146.707-cs-multi-green-glas-inkl-haerter-kg-1_6.-3D.png,IMAGE_QUALITY_REVIEW_ONLY,pravilo: današnji manifest porekla (izvor = _processed_ PNG derivat); par NIJE meren,"NIJE potvrđen defekt. Isti tip izvora kao 15 izmerenih parova — to je razlog za merenje, ne rezultat merenja."
carsystem__carsystem-multi-green-glas-light#FIT_MEASURES_BAKED_SHADOW,carsystem__carsystem-multi-green-glas-light,carsystem,carsystem,Carsystem Multi Green Glas Light,carsystem-multi-green-glas-light,/products/carsystem/catalog/carsystem-multi-green-glas-light.webp,660,406,FIT_MEASURES_BAKED_SHADOW,"crop/fit (rendering, ne asset)",HISTORICAL_CONFIRMED,KNOWN_RENDERING_ISSUE,unknown,,,A_OK_NO_CHANGE,CSS_RENDERING_PROBLEM,"rešenje = V6A hibridni subjectBox (merenjem, bez izmene fajla; bez cropa) — IMPLEMENTED_AND_VERIFIED u starom worktree-u, NIJE na main; ne portuje se",NONE — 0 odobreno / 0 integrisano; bez mass apply; runtime productImage nepromenjen,,YES (sourceSha256 + veličina fajla isti),https://www.carsystem.org/fileadmin/_processed_/1/8/csm_158.116-multi-glas-green-light-3D_c06258a37f.png,https://www.carsystem.org/fileadmin/products/images/158.116/158.116-multi-glas-green-light-3D.png,IMAGE_QUALITY_REVIEW_ONLY,historical-evidence/css-rendering-candidates.csv,"linearni manjak 8.6 %, manjak površine 12.8 %; inflacija boxa 1.1469"
carsystem__carsystem-multi-green-glas-light#SOURCE_PIPELINE_REEXPORT_CANDIDATE_UNMEASURED,carsystem__carsystem-multi-green-glas-light,carsystem,carsystem,Carsystem Multi Green Glas Light,carsystem-multi-green-glas-light,/products/carsystem/catalog/carsystem-multi-green-glas-light.webp,660,406,SOURCE_PIPELINE_REEXPORT_CANDIDATE_UNMEASURED,tone/source re-export (kandidat),RULE_BASED_CANDIDATE,CANDIDATE_NOT_YET_MEASURED,unknown,,,A_OK_NO_CHANGE,CSS_RENDERING_PROBLEM,pipelineToneStatus = unknown; ekstrapolacija zabranjena (finalna odluka 9); sistemski re-export nije ni planiran ni odobren,NONE — 0 odobreno / 0 integrisano; bez mass apply; runtime productImage nepromenjen,,YES (sourceSha256 + veličina fajla isti),https://www.carsystem.org/fileadmin/_processed_/1/8/csm_158.116-multi-glas-green-light-3D_c06258a37f.png,https://www.carsystem.org/fileadmin/products/images/158.116/158.116-multi-glas-green-light-3D.png,IMAGE_QUALITY_REVIEW_ONLY,pravilo: današnji manifest porekla (izvor = _processed_ PNG derivat); par NIJE meren,"NIJE potvrđen defekt. Isti tip izvora kao 15 izmerenih parova — to je razlog za merenje, ne rezultat merenja."
carsystem__carsystem-multi-green-plus-1-0-super-light#FIT_MEASURES_BAKED_SHADOW,carsystem__carsystem-multi-green-plus-1-0-super-light,carsystem,carsystem,Carsystem Multi Green Plus 1.0 Super Light,carsystem-multi-green-plus-1-0-super-light,/products/carsystem/catalog/carsystem-multi-green-plus-1-0-super-light.webp,660,406,FIT_MEASURES_BAKED_SHADOW,"crop/fit (rendering, ne asset)",HISTORICAL_CONFIRMED,KNOWN_RENDERING_ISSUE,unknown,,,A_OK_NO_CHANGE,CSS_RENDERING_PROBLEM,"rešenje = V6A hibridni subjectBox (merenjem, bez izmene fajla; bez cropa) — IMPLEMENTED_AND_VERIFIED u starom worktree-u, NIJE na main; ne portuje se",NONE — 0 odobreno / 0 integrisano; bez mass apply; runtime productImage nepromenjen,,YES (sourceSha256 + veličina fajla isti),https://www.carsystem.org/fileadmin/_processed_/6/9/csm_152.357-cs-multi-green-plus-inkl-haerter-kg-1_0-3D_4cb18d2a07.png,https://www.carsystem.org/fileadmin/products/images/152.357/152.357-cs-multi-green-plus-inkl-haerter-kg-1_0-3D.png,IMAGE_QUALITY_REVIEW_ONLY,historical-evidence/css-rendering-candidates.csv,"linearni manjak 8.6 %, manjak površine 12.5 %; inflacija boxa 1.1431"
carsystem__carsystem-multi-green-plus-1-0-super-light#SOURCE_PIPELINE_REEXPORT_CANDIDATE_UNMEASURED,carsystem__carsystem-multi-green-plus-1-0-super-light,carsystem,carsystem,Carsystem Multi Green Plus 1.0 Super Light,carsystem-multi-green-plus-1-0-super-light,/products/carsystem/catalog/carsystem-multi-green-plus-1-0-super-light.webp,660,406,SOURCE_PIPELINE_REEXPORT_CANDIDATE_UNMEASURED,tone/source re-export (kandidat),RULE_BASED_CANDIDATE,CANDIDATE_NOT_YET_MEASURED,unknown,,,A_OK_NO_CHANGE,CSS_RENDERING_PROBLEM,pipelineToneStatus = unknown; ekstrapolacija zabranjena (finalna odluka 9); sistemski re-export nije ni planiran ni odobren,NONE — 0 odobreno / 0 integrisano; bez mass apply; runtime productImage nepromenjen,,YES (sourceSha256 + veličina fajla isti),https://www.carsystem.org/fileadmin/_processed_/6/9/csm_152.357-cs-multi-green-plus-inkl-haerter-kg-1_0-3D_4cb18d2a07.png,https://www.carsystem.org/fileadmin/products/images/152.357/152.357-cs-multi-green-plus-inkl-haerter-kg-1_0-3D.png,IMAGE_QUALITY_REVIEW_ONLY,pravilo: današnji manifest porekla (izvor = _processed_ PNG derivat); par NIJE meren,"NIJE potvrđen defekt. Isti tip izvora kao 15 izmerenih parova — to je razlog za merenje, ne rezultat merenja."
carsystem__carsystem-multi-green-rapid#FIT_MEASURES_BAKED_SHADOW,carsystem__carsystem-multi-green-rapid,carsystem,carsystem,Carsystem Multi Green Rapid,carsystem-multi-green-rapid,/products/carsystem/catalog/carsystem-multi-green-rapid.webp,660,406,FIT_MEASURES_BAKED_SHADOW,"crop/fit (rendering, ne asset)",HISTORICAL_CONFIRMED,KNOWN_RENDERING_ISSUE,unknown,,,A_OK_NO_CHANGE,CSS_RENDERING_PROBLEM,"rešenje = V6A hibridni subjectBox (merenjem, bez izmene fajla; bez cropa) — IMPLEMENTED_AND_VERIFIED u starom worktree-u, NIJE na main; ne portuje se",NONE — 0 odobreno / 0 integrisano; bez mass apply; runtime productImage nepromenjen,,YES (sourceSha256 + veličina fajla isti),https://www.carsystem.org/fileadmin/_processed_/1/b/csm_158.233-multi-green-rapid-3D_f9b2667e7d.png,https://www.carsystem.org/fileadmin/products/images/158.233/158.233-multi-green-rapid-3D.png,IMAGE_QUALITY_REVIEW_ONLY,historical-evidence/css-rendering-candidates.csv,"linearni manjak 8.6 %, manjak površine 12.5 %; inflacija boxa 1.1431"
carsystem__carsystem-multi-green-rapid#SOURCE_PIPELINE_REEXPORT_CANDIDATE_UNMEASURED,carsystem__carsystem-multi-green-rapid,carsystem,carsystem,Carsystem Multi Green Rapid,carsystem-multi-green-rapid,/products/carsystem/catalog/carsystem-multi-green-rapid.webp,660,406,SOURCE_PIPELINE_REEXPORT_CANDIDATE_UNMEASURED,tone/source re-export (kandidat),RULE_BASED_CANDIDATE,CANDIDATE_NOT_YET_MEASURED,unknown,,,A_OK_NO_CHANGE,CSS_RENDERING_PROBLEM,pipelineToneStatus = unknown; ekstrapolacija zabranjena (finalna odluka 9); sistemski re-export nije ni planiran ni odobren,NONE — 0 odobreno / 0 integrisano; bez mass apply; runtime productImage nepromenjen,,YES (sourceSha256 + veličina fajla isti),https://www.carsystem.org/fileadmin/_processed_/1/b/csm_158.233-multi-green-rapid-3D_f9b2667e7d.png,https://www.carsystem.org/fileadmin/products/images/158.233/158.233-multi-green-rapid-3D.png,IMAGE_QUALITY_REVIEW_ONLY,pravilo: današnji manifest porekla (izvor = _processed_ PNG derivat); par NIJE meren,"NIJE potvrđen defekt. Isti tip izvora kao 15 izmerenih parova — to je razlog za merenje, ne rezultat merenja."
carsystem__carsystem-multi-green-sf#FIT_MEASURES_BAKED_SHADOW,carsystem__carsystem-multi-green-sf,carsystem,carsystem,Carsystem Multi Green SF,carsystem-multi-green-sf,/products/carsystem/catalog/carsystem-multi-green-sf.webp,660,406,FIT_MEASURES_BAKED_SHADOW,"crop/fit (rendering, ne asset)",HISTORICAL_CONFIRMED,KNOWN_RENDERING_ISSUE,unknown,,,A_OK_NO_CHANGE,CSS_RENDERING_PROBLEM,"rešenje = V6A hibridni subjectBox (merenjem, bez izmene fajla; bez cropa) — IMPLEMENTED_AND_VERIFIED u starom worktree-u, NIJE na main; ne portuje se",NONE — 0 odobreno / 0 integrisano; bez mass apply; runtime productImage nepromenjen,,YES (sourceSha256 + veličina fajla isti),https://www.carsystem.org/fileadmin/_processed_/a/0/csm_156.543-cs-multi-green-sf-inkl-haerter-3D_9fc78d575a.png,https://www.carsystem.org/fileadmin/products/images/156.543/156.543-cs-multi-green-sf-inkl-haerter-3D.png,IMAGE_QUALITY_REVIEW_ONLY,historical-evidence/css-rendering-candidates.csv,"linearni manjak 8.8 %, manjak površine 13.0 %; inflacija boxa 1.149"
carsystem__carsystem-multi-green-sf#SOURCE_PIPELINE_REEXPORT_CANDIDATE_UNMEASURED,carsystem__carsystem-multi-green-sf,carsystem,carsystem,Carsystem Multi Green SF,carsystem-multi-green-sf,/products/carsystem/catalog/carsystem-multi-green-sf.webp,660,406,SOURCE_PIPELINE_REEXPORT_CANDIDATE_UNMEASURED,tone/source re-export (kandidat),RULE_BASED_CANDIDATE,CANDIDATE_NOT_YET_MEASURED,unknown,,,A_OK_NO_CHANGE,CSS_RENDERING_PROBLEM,pipelineToneStatus = unknown; ekstrapolacija zabranjena (finalna odluka 9); sistemski re-export nije ni planiran ni odobren,NONE — 0 odobreno / 0 integrisano; bez mass apply; runtime productImage nepromenjen,,YES (sourceSha256 + veličina fajla isti),https://www.carsystem.org/fileadmin/_processed_/a/0/csm_156.543-cs-multi-green-sf-inkl-haerter-3D_9fc78d575a.png,https://www.carsystem.org/fileadmin/products/images/156.543/156.543-cs-multi-green-sf-inkl-haerter-3D.png,IMAGE_QUALITY_REVIEW_ONLY,pravilo: današnji manifest porekla (izvor = _processed_ PNG derivat); par NIJE meren,"NIJE potvrđen defekt. Isti tip izvora kao 15 izmerenih parova — to je razlog za merenje, ne rezultat merenja."
carsystem__carsystem-multi-light#FIT_MEASURES_BAKED_SHADOW,carsystem__carsystem-multi-light,carsystem,carsystem,Carsystem Multi Light,carsystem-multi-light,/products/carsystem/catalog/carsystem-multi-light.webp,660,406,FIT_MEASURES_BAKED_SHADOW,"crop/fit (rendering, ne asset)",HISTORICAL_CONFIRMED,KNOWN_RENDERING_ISSUE,unknown,,,A_OK_NO_CHANGE,CSS_RENDERING_PROBLEM,"rešenje = V6A hibridni subjectBox (merenjem, bez izmene fajla; bez cropa) — IMPLEMENTED_AND_VERIFIED u starom worktree-u, NIJE na main; ne portuje se",NONE — 0 odobreno / 0 integrisano; bez mass apply; runtime productImage nepromenjen,,YES (sourceSha256 + veličina fajla isti),https://www.carsystem.org/fileadmin/_processed_/f/b/csm_141.503-cs-multi-light-inkl-haerter-3D_baef3b728a.png,https://www.carsystem.org/fileadmin/products/images/141.503/141.503-cs-multi-light-inkl-haerter-3D.png,IMAGE_QUALITY_REVIEW_ONLY,historical-evidence/css-rendering-candidates.csv,"linearni manjak 8.6 %, manjak površine 12.5 %; inflacija boxa 1.1431"
carsystem__carsystem-multi-light#SOURCE_PIPELINE_REEXPORT_CANDIDATE_UNMEASURED,carsystem__carsystem-multi-light,carsystem,carsystem,Carsystem Multi Light,carsystem-multi-light,/products/carsystem/catalog/carsystem-multi-light.webp,660,406,SOURCE_PIPELINE_REEXPORT_CANDIDATE_UNMEASURED,tone/source re-export (kandidat),RULE_BASED_CANDIDATE,CANDIDATE_NOT_YET_MEASURED,unknown,,,A_OK_NO_CHANGE,CSS_RENDERING_PROBLEM,pipelineToneStatus = unknown; ekstrapolacija zabranjena (finalna odluka 9); sistemski re-export nije ni planiran ni odobren,NONE — 0 odobreno / 0 integrisano; bez mass apply; runtime productImage nepromenjen,,YES (sourceSha256 + veličina fajla isti),https://www.carsystem.org/fileadmin/_processed_/f/b/csm_141.503-cs-multi-light-inkl-haerter-3D_baef3b728a.png,https://www.carsystem.org/fileadmin/products/images/141.503/141.503-cs-multi-light-inkl-haerter-3D.png,IMAGE_QUALITY_REVIEW_ONLY,pravilo: današnji manifest porekla (izvor = _processed_ PNG derivat); par NIJE meren,"NIJE potvrđen defekt. Isti tip izvora kao 15 izmerenih parova — to je razlog za merenje, ne rezultat merenja."
carsystem__carsystem-multi-mix-bucket#SOURCE_PIPELINE_REEXPORT_CANDIDATE_UNMEASURED,carsystem__carsystem-multi-mix-bucket,carsystem,carsystem,Carsystem Multi-Mix Bucket,carsystem-multi-mix-bucket,/products/carsystem/catalog/carsystem-multi-mix-bucket.webp,660,781,SOURCE_PIPELINE_REEXPORT_CANDIDATE_UNMEASURED,tone/source re-export (kandidat),RULE_BASED_CANDIDATE,CANDIDATE_NOT_YET_MEASURED,unknown,,,A_OK_NO_CHANGE,NONE,pipelineToneStatus = unknown; ekstrapolacija zabranjena (finalna odluka 9); sistemski re-export nije ni planiran ni odobren,NONE — 0 odobreno / 0 integrisano; bez mass apply; runtime productImage nepromenjen,,YES (sourceSha256 + veličina fajla isti),https://www.carsystem.org/fileadmin/_processed_/3/b/csm_144649-cs-multi-mix-bucket-5_5-l-36-stueck_f2bc0d8ca7.png,https://www.carsystem.org/fileadmin/products/images/144.649/144649-cs-multi-mix-bucket-5_5-l-36-stueck.png,IMAGE_QUALITY_REVIEW_ONLY,pravilo: današnji manifest porekla (izvor = _processed_ PNG derivat); par NIJE meren,"NIJE potvrđen defekt. Isti tip izvora kao 15 izmerenih parova — to je razlog za merenje, ne rezultat merenja."
carsystem__carsystem-multi-mix-cup#SOURCE_PIPELINE_REEXPORT_CANDIDATE_UNMEASURED,carsystem__carsystem-multi-mix-cup,carsystem,carsystem,Carsystem Multi-Mix Cup,carsystem-multi-mix-cup,/products/carsystem/catalog/carsystem-multi-mix-cup.webp,660,545,SOURCE_PIPELINE_REEXPORT_CANDIDATE_UNMEASURED,tone/source re-export (kandidat),RULE_BASED_CANDIDATE,CANDIDATE_NOT_YET_MEASURED,unknown,,,A_OK_NO_CHANGE,NONE,pipelineToneStatus = unknown; ekstrapolacija zabranjena (finalna odluka 9); sistemski re-export nije ni planiran ni odobren,NONE — 0 odobreno / 0 integrisano; bez mass apply; runtime productImage nepromenjen,,YES (sourceSha256 + veličina fajla isti),https://www.carsystem.org/fileadmin/_processed_/b/6/csm_140545-552-cs-multi-mix-cup-lid_a946a9944b.png,https://www.carsystem.org/fileadmin/products/images/140.545/140545-552-cs-multi-mix-cup-lid.png,IMAGE_QUALITY_REVIEW_ONLY,pravilo: današnji manifest porekla (izvor = _processed_ PNG derivat); par NIJE meren,"NIJE potvrđen defekt. Isti tip izvora kao 15 izmerenih parova — to je razlog za merenje, ne rezultat merenja."
carsystem__carsystem-multi-mix-lids#SOURCE_PIPELINE_REEXPORT_CANDIDATE_UNMEASURED,carsystem__carsystem-multi-mix-lids,carsystem,carsystem,Carsystem Multi-Mix Lids,carsystem-multi-mix-lids,/products/carsystem/catalog/carsystem-multi-mix-lids.webp,660,196,SOURCE_PIPELINE_REEXPORT_CANDIDATE_UNMEASURED,tone/source re-export (kandidat),RULE_BASED_CANDIDATE,CANDIDATE_NOT_YET_MEASURED,unknown,,,A_OK_NO_CHANGE,NONE,pipelineToneStatus = unknown; ekstrapolacija zabranjena (finalna odluka 9); sistemski re-export nije ni planiran ni odobren,NONE — 0 odobreno / 0 integrisano; bez mass apply; runtime productImage nepromenjen,,YES (sourceSha256 + veličina fajla isti),https://www.carsystem.org/fileadmin/_processed_/8/d/csm_140549-140552-cs-multi-mix-cup-deckel-gruppe_7c4c6c29fb.png,https://www.carsystem.org/fileadmin/products/images/140.549/140549-140552-cs-multi-mix-cup-deckel-gruppe.png,IMAGE_QUALITY_REVIEW_ONLY,pravilo: današnji manifest porekla (izvor = _processed_ PNG derivat); par NIJE meren,"NIJE potvrđen defekt. Isti tip izvora kao 15 izmerenih parova — to je razlog za merenje, ne rezultat merenja."
carsystem__carsystem-multi-plus#FIT_MEASURES_BAKED_SHADOW,carsystem__carsystem-multi-plus,carsystem,carsystem,Carsystem Multi Plus,carsystem-multi-plus,/products/carsystem/catalog/carsystem-multi-plus.webp,660,406,FIT_MEASURES_BAKED_SHADOW,"crop/fit (rendering, ne asset)",HISTORICAL_CONFIRMED,KNOWN_RENDERING_ISSUE,unknown,,,A_OK_NO_CHANGE,CSS_RENDERING_PROBLEM,"rešenje = V6A hibridni subjectBox (merenjem, bez izmene fajla; bez cropa) — IMPLEMENTED_AND_VERIFIED u starom worktree-u, NIJE na main; ne portuje se",NONE — 0 odobreno / 0 integrisano; bez mass apply; runtime productImage nepromenjen,,YES (sourceSha256 + veličina fajla isti),https://www.carsystem.org/fileadmin/_processed_/2/9/csm_138.451-cs-multi-plus-inkl-haerter-3D_db8453fced.png,https://www.carsystem.org/fileadmin/products/images/138.451/138.451-cs-multi-plus-inkl-haerter-3D.png,IMAGE_QUALITY_REVIEW_ONLY,historical-evidence/css-rendering-candidates.csv,"linearni manjak 8.6 %, manjak površine 12.5 %; inflacija boxa 1.1431"
carsystem__carsystem-multi-plus#SOURCE_PIPELINE_REEXPORT_CANDIDATE_UNMEASURED,carsystem__carsystem-multi-plus,carsystem,carsystem,Carsystem Multi Plus,carsystem-multi-plus,/products/carsystem/catalog/carsystem-multi-plus.webp,660,406,SOURCE_PIPELINE_REEXPORT_CANDIDATE_UNMEASURED,tone/source re-export (kandidat),RULE_BASED_CANDIDATE,CANDIDATE_NOT_YET_MEASURED,unknown,,,A_OK_NO_CHANGE,CSS_RENDERING_PROBLEM,pipelineToneStatus = unknown; ekstrapolacija zabranjena (finalna odluka 9); sistemski re-export nije ni planiran ni odobren,NONE — 0 odobreno / 0 integrisano; bez mass apply; runtime productImage nepromenjen,,YES (sourceSha256 + veličina fajla isti),https://www.carsystem.org/fileadmin/_processed_/2/9/csm_138.451-cs-multi-plus-inkl-haerter-3D_db8453fced.png,https://www.carsystem.org/fileadmin/products/images/138.451/138.451-cs-multi-plus-inkl-haerter-3D.png,IMAGE_QUALITY_REVIEW_ONLY,pravilo: današnji manifest porekla (izvor = _processed_ PNG derivat); par NIJE meren,"NIJE potvrđen defekt. Isti tip izvora kao 15 izmerenih parova — to je razlog za merenje, ne rezultat merenja."
carsystem__carsystem-multi-silver-light#FIT_MEASURES_BAKED_SHADOW,carsystem__carsystem-multi-silver-light,carsystem,carsystem,Carsystem Multi Silver Light,carsystem-multi-silver-light,/products/carsystem/catalog/carsystem-multi-silver-light.webp,660,406,FIT_MEASURES_BAKED_SHADOW,"crop/fit (rendering, ne asset)",HISTORICAL_CONFIRMED,KNOWN_RENDERING_ISSUE,unknown,,,A_OK_NO_CHANGE,CSS_RENDERING_PROBLEM,"rešenje = V6A hibridni subjectBox (merenjem, bez izmene fajla; bez cropa) — IMPLEMENTED_AND_VERIFIED u starom worktree-u, NIJE na main; ne portuje se",NONE — 0 odobreno / 0 integrisano; bez mass apply; runtime productImage nepromenjen,,YES (sourceSha256 + veličina fajla isti),https://www.carsystem.org/fileadmin/_processed_/c/b/csm_140.795-cs-multi-silver-light-inkl-haerter-3D_3abd60f879.png,https://www.carsystem.org/fileadmin/products/images/140.795/140.795-cs-multi-silver-light-inkl-haerter-3D.png,IMAGE_QUALITY_REVIEW_ONLY,historical-evidence/css-rendering-candidates.csv,"linearni manjak 8.6 %, manjak površine 12.5 %; inflacija boxa 1.1431"
carsystem__carsystem-multi-silver-light#SOURCE_PIPELINE_REEXPORT_CANDIDATE_UNMEASURED,carsystem__carsystem-multi-silver-light,carsystem,carsystem,Carsystem Multi Silver Light,carsystem-multi-silver-light,/products/carsystem/catalog/carsystem-multi-silver-light.webp,660,406,SOURCE_PIPELINE_REEXPORT_CANDIDATE_UNMEASURED,tone/source re-export (kandidat),RULE_BASED_CANDIDATE,CANDIDATE_NOT_YET_MEASURED,unknown,,,A_OK_NO_CHANGE,CSS_RENDERING_PROBLEM,pipelineToneStatus = unknown; ekstrapolacija zabranjena (finalna odluka 9); sistemski re-export nije ni planiran ni odobren,NONE — 0 odobreno / 0 integrisano; bez mass apply; runtime productImage nepromenjen,,YES (sourceSha256 + veličina fajla isti),https://www.carsystem.org/fileadmin/_processed_/c/b/csm_140.795-cs-multi-silver-light-inkl-haerter-3D_3abd60f879.png,https://www.carsystem.org/fileadmin/products/images/140.795/140.795-cs-multi-silver-light-inkl-haerter-3D.png,IMAGE_QUALITY_REVIEW_ONLY,pravilo: današnji manifest porekla (izvor = _processed_ PNG derivat); par NIJE meren,"NIJE potvrđen defekt. Isti tip izvora kao 15 izmerenih parova — to je razlog za merenje, ne rezultat merenja."
carsystem__carsystem-multi-soft#FIT_MEASURES_BAKED_SHADOW,carsystem__carsystem-multi-soft,carsystem,carsystem,Carsystem Multi Soft,carsystem-multi-soft,/products/carsystem/catalog/carsystem-multi-soft.webp,660,406,FIT_MEASURES_BAKED_SHADOW,"crop/fit (rendering, ne asset)",HISTORICAL_CONFIRMED,KNOWN_RENDERING_ISSUE,unknown,,,A_OK_NO_CHANGE,CSS_RENDERING_PROBLEM,"rešenje = V6A hibridni subjectBox (merenjem, bez izmene fajla; bez cropa) — IMPLEMENTED_AND_VERIFIED u starom worktree-u, NIJE na main; ne portuje se",NONE — 0 odobreno / 0 integrisano; bez mass apply; runtime productImage nepromenjen,,YES (sourceSha256 + veličina fajla isti),https://www.carsystem.org/fileadmin/_processed_/7/8/csm_137.206-cs-multi-soft-inkl-haerter-3D_5ed13a4f7b.png,https://www.carsystem.org/fileadmin/products/images/137.206/137.206-cs-multi-soft-inkl-haerter-3D.png,IMAGE_QUALITY_REVIEW_ONLY,historical-evidence/css-rendering-candidates.csv,"linearni manjak 8.8 %, manjak površine 13.0 %; inflacija boxa 1.149"
carsystem__carsystem-multi-soft#SOURCE_PIPELINE_REEXPORT_CANDIDATE_UNMEASURED,carsystem__carsystem-multi-soft,carsystem,carsystem,Carsystem Multi Soft,carsystem-multi-soft,/products/carsystem/catalog/carsystem-multi-soft.webp,660,406,SOURCE_PIPELINE_REEXPORT_CANDIDATE_UNMEASURED,tone/source re-export (kandidat),RULE_BASED_CANDIDATE,CANDIDATE_NOT_YET_MEASURED,unknown,,,A_OK_NO_CHANGE,CSS_RENDERING_PROBLEM,pipelineToneStatus = unknown; ekstrapolacija zabranjena (finalna odluka 9); sistemski re-export nije ni planiran ni odobren,NONE — 0 odobreno / 0 integrisano; bez mass apply; runtime productImage nepromenjen,,YES (sourceSha256 + veličina fajla isti),https://www.carsystem.org/fileadmin/_processed_/7/8/csm_137.206-cs-multi-soft-inkl-haerter-3D_5ed13a4f7b.png,https://www.carsystem.org/fileadmin/products/images/137.206/137.206-cs-multi-soft-inkl-haerter-3D.png,IMAGE_QUALITY_REVIEW_ONLY,pravilo: današnji manifest porekla (izvor = _processed_ PNG derivat); par NIJE meren,"NIJE potvrđen defekt. Isti tip izvora kao 15 izmerenih parova — to je razlog za merenje, ne rezultat merenja."
carsystem__carsystem-multi-stand#CLASS_B_DETERMINISTIC_FIX,carsystem__carsystem-multi-stand,carsystem,carsystem,Carsystem Multi Stand,carsystem-multi-stand,/products/carsystem/catalog/carsystem-multi-stand.webp,660,1019,CLASS_B_DETERMINISTIC_FIX,asset (deterministički tretman),HISTORICAL_CONFIRMED,KNOWN_ASSET_ISSUE,unknown,,,B_DETERMINISTIC_FIX,SOURCE_IMAGE_PROBLEM,"klasa B — tretman tek posle odobrenja pilota (handoff §12.8); finalna pravila imaju prednost nad predlogom: bez cropa, bez globalnog brightness/gamma/contrast, bez AI",NONE — 0 odobreno / 0 integrisano; bez mass apply; runtime productImage nepromenjen,,YES (sourceSha256 + veličina fajla isti),https://www.carsystem.org/fileadmin/_processed_/1/8/csm_159.563-cs-multi-stand-drehlackierstaender_8f8c328440.png,https://www.carsystem.org/fileadmin/products/images/159.563/159.563-cs-multi-stand-drehlackierstaender.png,IMAGE_QUALITY_REVIEW_ONLY,historical-evidence/CARSYSTEM_IMAGE_AUDIT.csv,nalaz: proizvod zauzima <14% platna | istorijski predlog: crop na sadržaj + jedinstven padding | rizik: nizak
carsystem__carsystem-multi-stand#SOURCE_PIPELINE_REEXPORT_CANDIDATE_UNMEASURED,carsystem__carsystem-multi-stand,carsystem,carsystem,Carsystem Multi Stand,carsystem-multi-stand,/products/carsystem/catalog/carsystem-multi-stand.webp,660,1019,SOURCE_PIPELINE_REEXPORT_CANDIDATE_UNMEASURED,tone/source re-export (kandidat),RULE_BASED_CANDIDATE,CANDIDATE_NOT_YET_MEASURED,unknown,,,B_DETERMINISTIC_FIX,SOURCE_IMAGE_PROBLEM,pipelineToneStatus = unknown; ekstrapolacija zabranjena (finalna odluka 9); sistemski re-export nije ni planiran ni odobren,NONE — 0 odobreno / 0 integrisano; bez mass apply; runtime productImage nepromenjen,,YES (sourceSha256 + veličina fajla isti),https://www.carsystem.org/fileadmin/_processed_/1/8/csm_159.563-cs-multi-stand-drehlackierstaender_8f8c328440.png,https://www.carsystem.org/fileadmin/products/images/159.563/159.563-cs-multi-stand-drehlackierstaender.png,IMAGE_QUALITY_REVIEW_ONLY,pravilo: današnji manifest porekla (izvor = _processed_ PNG derivat); par NIJE meren,"NIJE potvrđen defekt. Isti tip izvora kao 15 izmerenih parova — to je razlog za merenje, ne rezultat merenja."
carsystem__carsystem-multi-super-flex#FIT_MEASURES_BAKED_SHADOW,carsystem__carsystem-multi-super-flex,carsystem,carsystem,Carsystem Multi Super Flex,carsystem-multi-super-flex,/products/carsystem/catalog/carsystem-multi-super-flex.webp,660,528,FIT_MEASURES_BAKED_SHADOW,"crop/fit (rendering, ne asset)",HISTORICAL_CONFIRMED,KNOWN_RENDERING_ISSUE,unknown,,,A_OK_NO_CHANGE,CSS_RENDERING_PROBLEM,"rešenje = V6A hibridni subjectBox (merenjem, bez izmene fajla; bez cropa) — IMPLEMENTED_AND_VERIFIED u starom worktree-u, NIJE na main; ne portuje se",NONE — 0 odobreno / 0 integrisano; bez mass apply; runtime productImage nepromenjen,,YES (sourceSha256 + veličina fajla isti),https://www.carsystem.org/fileadmin/_processed_/5/0/csm_153.284-cs-multi-super-flex-inkl-haerter-kg-1_8-3D_b9af08e240.png,https://www.carsystem.org/fileadmin/products/images/153.284/153.284-cs-multi-super-flex-inkl-haerter-kg-1_8-3D.png,IMAGE_QUALITY_REVIEW_ONLY,historical-evidence/css-rendering-candidates.csv,"linearni manjak 9.0 %, manjak površine 12.8 %; inflacija boxa 1.1473"
carsystem__carsystem-multi-super-flex#SOURCE_PIPELINE_REEXPORT_CANDIDATE_UNMEASURED,carsystem__carsystem-multi-super-flex,carsystem,carsystem,Carsystem Multi Super Flex,carsystem-multi-super-flex,/products/carsystem/catalog/carsystem-multi-super-flex.webp,660,528,SOURCE_PIPELINE_REEXPORT_CANDIDATE_UNMEASURED,tone/source re-export (kandidat),RULE_BASED_CANDIDATE,CANDIDATE_NOT_YET_MEASURED,unknown,,,A_OK_NO_CHANGE,CSS_RENDERING_PROBLEM,pipelineToneStatus = unknown; ekstrapolacija zabranjena (finalna odluka 9); sistemski re-export nije ni planiran ni odobren,NONE — 0 odobreno / 0 integrisano; bez mass apply; runtime productImage nepromenjen,,YES (sourceSha256 + veličina fajla isti),https://www.carsystem.org/fileadmin/_processed_/5/0/csm_153.284-cs-multi-super-flex-inkl-haerter-kg-1_8-3D_b9af08e240.png,https://www.carsystem.org/fileadmin/products/images/153.284/153.284-cs-multi-super-flex-inkl-haerter-kg-1_8-3D.png,IMAGE_QUALITY_REVIEW_ONLY,pravilo: današnji manifest porekla (izvor = _processed_ PNG derivat); par NIJE meren,"NIJE potvrđen defekt. Isti tip izvora kao 15 izmerenih parova — to je razlog za merenje, ne rezultat merenja."
carsystem__carsystem-nano-carnauba-wax#SOURCE_PIPELINE_REEXPORT_CANDIDATE_UNMEASURED,carsystem__carsystem-nano-carnauba-wax,carsystem,carsystem,Carsystem Nano Carnauba Wax,carsystem-nano-carnauba-wax,/products/carsystem/catalog/carsystem-nano-carnauba-wax.webp,660,799,SOURCE_PIPELINE_REEXPORT_CANDIDATE_UNMEASURED,tone/source re-export (kandidat),RULE_BASED_CANDIDATE,CANDIDATE_NOT_YET_MEASURED,unknown,,,A_OK_NO_CHANGE,NONE,pipelineToneStatus = unknown; ekstrapolacija zabranjena (finalna odluka 9); sistemski re-export nije ni planiran ni odobren,NONE — 0 odobreno / 0 integrisano; bez mass apply; runtime productImage nepromenjen,,YES (sourceSha256 + veličina fajla isti),https://www.carsystem.org/fileadmin/_processed_/1/a/csm_151.945-cs-nano-carnauba-wax_c2cca39c84.png,https://www.carsystem.org/fileadmin/products/images/151.945/151.945-cs-nano-carnauba-wax.png,IMAGE_QUALITY_REVIEW_ONLY,pravilo: današnji manifest porekla (izvor = _processed_ PNG derivat); par NIJE meren,"NIJE potvrđen defekt. Isti tip izvora kao 15 izmerenih parova — to je razlog za merenje, ne rezultat merenja."
carsystem__carsystem-nano-easy-cleaner#SOURCE_PIPELINE_REEXPORT_CANDIDATE_UNMEASURED,carsystem__carsystem-nano-easy-cleaner,carsystem,carsystem,Carsystem Nano Easy Cleaner,carsystem-nano-easy-cleaner,/products/carsystem/catalog/carsystem-nano-easy-cleaner.webp,660,608,SOURCE_PIPELINE_REEXPORT_CANDIDATE_UNMEASURED,tone/source re-export (kandidat),RULE_BASED_CANDIDATE,CANDIDATE_NOT_YET_MEASURED,unknown,,,A_OK_NO_CHANGE,NONE,pipelineToneStatus = unknown; ekstrapolacija zabranjena (finalna odluka 9); sistemski re-export nije ni planiran ni odobren,NONE — 0 odobreno / 0 integrisano; bez mass apply; runtime productImage nepromenjen,,YES (sourceSha256 + veličina fajla isti),https://www.carsystem.org/fileadmin/_processed_/8/4/csm_143383-cs-nano-easy-cleaner_a9d94312da.png,https://www.carsystem.org/fileadmin/products/images/143.383/143383-cs-nano-easy-cleaner.png,IMAGE_QUALITY_REVIEW_ONLY,pravilo: današnji manifest porekla (izvor = _processed_ PNG derivat); par NIJE meren,"NIJE potvrđen defekt. Isti tip izvora kao 15 izmerenih parova — to je razlog za merenje, ne rezultat merenja."
carsystem__carsystem-neopren-hand#SOURCE_PIPELINE_REEXPORT_CANDIDATE_UNMEASURED,carsystem__carsystem-neopren-hand,carsystem,carsystem,Carsystem Neopren Hand,carsystem-neopren-hand,/products/carsystem/catalog/carsystem-neopren-hand.webp,660,727,SOURCE_PIPELINE_REEXPORT_CANDIDATE_UNMEASURED,tone/source re-export (kandidat),RULE_BASED_CANDIDATE,CANDIDATE_NOT_YET_MEASURED,unknown,,,A_OK_NO_CHANGE,NONE,pipelineToneStatus = unknown; ekstrapolacija zabranjena (finalna odluka 9); sistemski re-export nije ni planiran ni odobren,NONE — 0 odobreno / 0 integrisano; bez mass apply; runtime productImage nepromenjen,,YES (sourceSha256 + veličina fajla isti),https://www.carsystem.org/fileadmin/_processed_/8/d/csm_140939-941-neopren-hand_a8ec9fd57f.png,https://www.carsystem.org/fileadmin/products/images/140.939/140939-941-neopren-hand.png,IMAGE_QUALITY_REVIEW_ONLY,pravilo: današnji manifest porekla (izvor = _processed_ PNG derivat); par NIJE meren,"NIJE potvrđen defekt. Isti tip izvora kao 15 izmerenih parova — to je razlog za merenje, ne rezultat merenja."
carsystem__carsystem-nippel-nipple-for-quick-connector#SOURCE_PIPELINE_REEXPORT_CANDIDATE_UNMEASURED,carsystem__carsystem-nippel-nipple-for-quick-connector,carsystem,carsystem,Carsystem Nippel – Nipple for quick connector,carsystem-nippel-nipple-for-quick-connector,/products/carsystem/catalog/carsystem-nippel-nipple-for-quick-connector.webp,660,2003,SOURCE_PIPELINE_REEXPORT_CANDIDATE_UNMEASURED,tone/source re-export (kandidat),RULE_BASED_CANDIDATE,CANDIDATE_NOT_YET_MEASURED,unknown,,,A_OK_NO_CHANGE,NONE,pipelineToneStatus = unknown; ekstrapolacija zabranjena (finalna odluka 9); sistemski re-export nije ni planiran ni odobren,NONE — 0 odobreno / 0 integrisano; bez mass apply; runtime productImage nepromenjen,,YES (sourceSha256 + veličina fajla isti),https://www.carsystem.org/fileadmin/_processed_/4/d/csm_143129-cs-pv-nippel-mit-schlauchanschl-9mm-eu_c6b5390963.png,https://www.carsystem.org/fileadmin/products/images/143.129/143129-cs-pv-nippel-mit-schlauchanschl-9mm-eu.png,IMAGE_QUALITY_REVIEW_ONLY,pravilo: današnji manifest porekla (izvor = _processed_ PNG derivat); par NIJE meren,"NIJE potvrđen defekt. Isti tip izvora kao 15 izmerenih parova — to je razlog za merenje, ne rezultat merenja."
carsystem__carsystem-nippel-nipple-with-inner-thread#SOURCE_PIPELINE_REEXPORT_CANDIDATE_UNMEASURED,carsystem__carsystem-nippel-nipple-with-inner-thread,carsystem,carsystem,Carsystem Nippel – Nipple with inner thread,carsystem-nippel-nipple-with-inner-thread,/products/carsystem/catalog/carsystem-nippel-nipple-with-inner-thread.webp,660,425,SOURCE_PIPELINE_REEXPORT_CANDIDATE_UNMEASURED,tone/source re-export (kandidat),RULE_BASED_CANDIDATE,CANDIDATE_NOT_YET_MEASURED,unknown,,,A_OK_NO_CHANGE,NONE,pipelineToneStatus = unknown; ekstrapolacija zabranjena (finalna odluka 9); sistemski re-export nije ni planiran ni odobren,NONE — 0 odobreno / 0 integrisano; bez mass apply; runtime productImage nepromenjen,,YES (sourceSha256 + veličina fajla isti),https://www.carsystem.org/fileadmin/_processed_/d/b/csm_139034-cs-ms-stecknippel-1-4_26856166ab.png,https://www.carsystem.org/fileadmin/products/images/139.034/139034-cs-ms-stecknippel-1-4.png,IMAGE_QUALITY_REVIEW_ONLY,pravilo: današnji manifest porekla (izvor = _processed_ PNG derivat); par NIJE meren,"NIJE potvrđen defekt. Isti tip izvora kao 15 izmerenih parova — to je razlog za merenje, ne rezultat merenja."
carsystem__carsystem-nippel-nipple-with-outer-thread#SOURCE_PIPELINE_REEXPORT_CANDIDATE_UNMEASURED,carsystem__carsystem-nippel-nipple-with-outer-thread,carsystem,carsystem,Carsystem Nippel – Nipple with outer thread,carsystem-nippel-nipple-with-outer-thread,/products/carsystem/catalog/carsystem-nippel-nipple-with-outer-thread.webp,660,421,SOURCE_PIPELINE_REEXPORT_CANDIDATE_UNMEASURED,tone/source re-export (kandidat),RULE_BASED_CANDIDATE,CANDIDATE_NOT_YET_MEASURED,unknown,,,A_OK_NO_CHANGE,NONE,pipelineToneStatus = unknown; ekstrapolacija zabranjena (finalna odluka 9); sistemski re-export nije ni planiran ni odobren,NONE — 0 odobreno / 0 integrisano; bez mass apply; runtime productImage nepromenjen,,YES (sourceSha256 + veličina fajla isti),https://www.carsystem.org/fileadmin/_processed_/5/4/csm_139033-cs-ms-stecknippe-1-4-ag_5a476eafe4.png,https://www.carsystem.org/fileadmin/products/images/139.033/139033-cs-ms-stecknippe-1-4-ag.png,IMAGE_QUALITY_REVIEW_ONLY,pravilo: današnji manifest porekla (izvor = _processed_ PNG derivat); par NIJE meren,"NIJE potvrđen defekt. Isti tip izvora kao 15 izmerenih parova — to je razlog za merenje, ne rezultat merenja."
carsystem__carsystem-nitril-hand-premium-black#SOURCE_PIPELINE_REEXPORT_CANDIDATE_UNMEASURED,carsystem__carsystem-nitril-hand-premium-black,carsystem,carsystem,Carsystem Nitril Hand Premium black,carsystem-nitril-hand-premium-black,/products/carsystem/catalog/carsystem-nitril-hand-premium-black.webp,660,727,SOURCE_PIPELINE_REEXPORT_CANDIDATE_UNMEASURED,tone/source re-export (kandidat),RULE_BASED_CANDIDATE,CANDIDATE_NOT_YET_MEASURED,unknown,,,A_OK_NO_CHANGE,NONE,pipelineToneStatus = unknown; ekstrapolacija zabranjena (finalna odluka 9); sistemski re-export nije ni planiran ni odobren,NONE — 0 odobreno / 0 integrisano; bez mass apply; runtime productImage nepromenjen,,YES (sourceSha256 + veličina fajla isti),https://www.carsystem.org/fileadmin/_processed_/3/0/csm_154347-348-156623-624-nitril-hand-premium-schwarz_fe08d0a973.png,https://www.carsystem.org/fileadmin/products/images/154.347/154347-348-156623-624-nitril-hand-premium-schwarz.png,IMAGE_QUALITY_REVIEW_ONLY,pravilo: današnji manifest porekla (izvor = _processed_ PNG derivat); par NIJE meren,"NIJE potvrđen defekt. Isti tip izvora kao 15 izmerenih parova — to je razlog za merenje, ne rezultat merenja."
carsystem__carsystem-orbital-sander-csh-cms01-kit#EDGE_ALPHA_SIGNAL_NOT_IN_HANDOFF,carsystem__carsystem-orbital-sander-csh-cms01-kit,carsystem,carsystem,Carsystem Orbital Sander CSH-CMS01 kit,carsystem-orbital-sander-csh-cms01-kit,/products/carsystem/catalog/carsystem-orbital-sander-csh-cms01-kit.webp,660,527,EDGE_ALPHA_SIGNAL_NOT_IN_HANDOFF,manual review,MANUAL_REVIEW_REQUIRED,CANDIDATE_NOT_YET_MEASURED,unknown,,,A_OK_NO_CHANGE,NONE,NIJE handoff nalaz: istorijski detektor okvira (alphaVeil) = False; ne računa se kao BORDER_FRAME,NONE — 0 odobreno / 0 integrisano; bez mass apply; runtime productImage nepromenjen,,YES (sourceSha256 + veličina fajla isti),https://www.carsystem.org/fileadmin/_processed_/f/3/csm_159.067-bluetenschleifer-koffer-offen_99e89844fb.png,https://www.carsystem.org/fileadmin/products/images/159.067/159.067-bluetenschleifer-koffer-offen.png,IMAGE_QUALITY_REVIEW_ONLY,edge-frame.generated.json (gruba provera ivice iz ove sesije); BORDER_FRAME_STRIP simulacija NIJE rađena,ugaona alfa 1; istorijski A_OK — potreban ručni pogled pre bilo kakvog zaključka
carsystem__carsystem-orbital-sander-csh-cms01-kit#SOURCE_PIPELINE_REEXPORT_CANDIDATE_UNMEASURED,carsystem__carsystem-orbital-sander-csh-cms01-kit,carsystem,carsystem,Carsystem Orbital Sander CSH-CMS01 kit,carsystem-orbital-sander-csh-cms01-kit,/products/carsystem/catalog/carsystem-orbital-sander-csh-cms01-kit.webp,660,527,SOURCE_PIPELINE_REEXPORT_CANDIDATE_UNMEASURED,tone/source re-export (kandidat),RULE_BASED_CANDIDATE,CANDIDATE_NOT_YET_MEASURED,unknown,,,A_OK_NO_CHANGE,NONE,pipelineToneStatus = unknown; ekstrapolacija zabranjena (finalna odluka 9); sistemski re-export nije ni planiran ni odobren,NONE — 0 odobreno / 0 integrisano; bez mass apply; runtime productImage nepromenjen,,YES (sourceSha256 + veličina fajla isti),https://www.carsystem.org/fileadmin/_processed_/f/3/csm_159.067-bluetenschleifer-koffer-offen_99e89844fb.png,https://www.carsystem.org/fileadmin/products/images/159.067/159.067-bluetenschleifer-koffer-offen.png,IMAGE_QUALITY_REVIEW_ONLY,pravilo: današnji manifest porekla (izvor = _processed_ PNG derivat); par NIJE meren,"NIJE potvrđen defekt. Isti tip izvora kao 15 izmerenih parova — to je razlog za merenje, ne rezultat merenja."
carsystem__carsystem-p19-brusni-diskovi#CLASS_E_SOURCE_REPLACEMENT_PREFERRED,carsystem__carsystem-p19-brusni-diskovi,carsystem,carsystem,Carsystem P19 brusni diskovi,carsystem-p19-brusni-diskovi,/products/carsystem/carsystem-p19-brusni-diskovi.png,660,650,CLASS_E_SOURCE_REPLACEMENT_PREFERRED,source replacement (bolji zvanični packshot),HISTORICAL_CONFIRMED,KNOWN_ASSET_ISSUE,unknown,,,E_SOURCE_REPLACEMENT_PREFERRED,SOURCE_IMAGE_PROBLEM,klasa E — kandidat za zamenu izvora boljim ZVANIČNIM packshotom; bez AI; ništa nije preuzeto,NONE — 0 odobreno / 0 integrisano; bez mass apply; runtime productImage nepromenjen,,YES (legacy asset bez sync manifesta; veličina fajla ista),,,LOCAL_LEGITIMATE_IMAGE,historical-evidence/CARSYSTEM_IMAGE_AUDIT.csv,"nalaz: repo asset, nije zvanični carsystem.org packshot | rizik: nizak — zamena izvora, bez AI"
carsystem__carsystem-pad-saver#CLASS_B_DETERMINISTIC_FIX,carsystem__carsystem-pad-saver,carsystem,carsystem,Carsystem Pad Saver,carsystem-pad-saver,/products/carsystem/catalog/carsystem-pad-saver.webp,660,642,CLASS_B_DETERMINISTIC_FIX,asset (deterministički tretman),HISTORICAL_CONFIRMED,KNOWN_ASSET_ISSUE,unknown,,,B_DETERMINISTIC_FIX,SOURCE_IMAGE_PROBLEM,"klasa B — tretman tek posle odobrenja pilota (handoff §12.8); finalna pravila imaju prednost nad predlogom: bez cropa, bez globalnog brightness/gamma/contrast, bez AI",NONE — 0 odobreno / 0 integrisano; bez mass apply; runtime productImage nepromenjen,,YES (sourceSha256 + veličina fajla isti),https://www.carsystem.org/fileadmin/_processed_/e/9/csm_154099-cs-pad-saver-5er-box-single_218060607f.png,https://www.carsystem.org/fileadmin/products/images/154.099/154099-cs-pad-saver-5er-box-single.png,IMAGE_QUALITY_REVIEW_ONLY,historical-evidence/CARSYSTEM_IMAGE_AUDIT.csv,"nalaz: ravna crna silueta bez modelacije (nema tonske informacije za obnovu) | istorijski predlog: maskirani output black point lift (0 -> ~28) unutar alfe; ne stvara refleks ni detalj | rizik: nizak — deterministicka kriva, bez rekonstrukcije"
carsystem__carsystem-pad-saver#SOURCE_PIPELINE_REEXPORT_CANDIDATE_UNMEASURED,carsystem__carsystem-pad-saver,carsystem,carsystem,Carsystem Pad Saver,carsystem-pad-saver,/products/carsystem/catalog/carsystem-pad-saver.webp,660,642,SOURCE_PIPELINE_REEXPORT_CANDIDATE_UNMEASURED,tone/source re-export (kandidat),RULE_BASED_CANDIDATE,CANDIDATE_NOT_YET_MEASURED,unknown,,,B_DETERMINISTIC_FIX,SOURCE_IMAGE_PROBLEM,pipelineToneStatus = unknown; ekstrapolacija zabranjena (finalna odluka 9); sistemski re-export nije ni planiran ni odobren,NONE — 0 odobreno / 0 integrisano; bez mass apply; runtime productImage nepromenjen,,YES (sourceSha256 + veličina fajla isti),https://www.carsystem.org/fileadmin/_processed_/e/9/csm_154099-cs-pad-saver-5er-box-single_218060607f.png,https://www.carsystem.org/fileadmin/products/images/154.099/154099-cs-pad-saver-5er-box-single.png,IMAGE_QUALITY_REVIEW_ONLY,pravilo: današnji manifest porekla (izvor = _processed_ PNG derivat); par NIJE meren,"NIJE potvrđen defekt. Isti tip izvora kao 15 izmerenih parova — to je razlog za merenje, ne rezultat merenja."
carsystem__carsystem-padded-jacket-black-2025#CLASS_F_SPECIAL_MARKETING_IMAGE,carsystem__carsystem-padded-jacket-black-2025,carsystem,carsystem,Carsystem Padded Jacket Black 2025,carsystem-padded-jacket-black-2025,/products/carsystem/catalog/carsystem-padded-jacket-black-2025.webp,660,1045,CLASS_F_SPECIAL_MARKETING_IMAGE,manual review,MANUAL_REVIEW_REQUIRED,NO_ACTION_APPROVED,unknown,,,F_SPECIAL_MARKETING_IMAGE,SOURCE_IMAGE_PROBLEM,klasa F — marketinška/merch fotografija; ne dira se,NONE — 0 odobreno / 0 integrisano; bez mass apply; runtime productImage nepromenjen,,YES (sourceSha256 + veličina fajla isti),https://www.carsystem.org/fileadmin/_processed_/d/b/csm_160037-042-steppjacke-2025_556d8f3381.webp,https://www.carsystem.org/fileadmin/products/images/160.037/160037-042-steppjacke-2025.webp,APPROVED_RUNTIME_IMAGE,historical-evidence/CARSYSTEM_IMAGE_AUDIT.csv,nalaz: merch/model/brand composition | rizik: nema (ne dira se)
carsystem__carsystem-padded-vest-black#CLASS_F_SPECIAL_MARKETING_IMAGE,carsystem__carsystem-padded-vest-black,carsystem,carsystem,Carsystem Padded Vest Black,carsystem-padded-vest-black,/products/carsystem/catalog/carsystem-padded-vest-black.webp,660,731,CLASS_F_SPECIAL_MARKETING_IMAGE,manual review,MANUAL_REVIEW_REQUIRED,NO_ACTION_APPROVED,unknown,,,F_SPECIAL_MARKETING_IMAGE,SOURCE_IMAGE_PROBLEM,klasa F — marketinška/merch fotografija; ne dira se,NONE — 0 odobreno / 0 integrisano; bez mass apply; runtime productImage nepromenjen,,YES (sourceSha256 + veličina fajla isti),https://www.carsystem.org/fileadmin/_processed_/5/a/csm_159.288-293-cs-wm-wattierte-steppweste_14c92da573.png,https://www.carsystem.org/fileadmin/products/images/159.288/159.288-293-cs-wm-wattierte-steppweste.png,IMAGE_QUALITY_REVIEW_ONLY,historical-evidence/CARSYSTEM_IMAGE_AUDIT.csv,nalaz: merch/model/brand composition | rizik: nema (ne dira se)
carsystem__carsystem-padded-vest-black#SOURCE_PIPELINE_REEXPORT_CANDIDATE_UNMEASURED,carsystem__carsystem-padded-vest-black,carsystem,carsystem,Carsystem Padded Vest Black,carsystem-padded-vest-black,/products/carsystem/catalog/carsystem-padded-vest-black.webp,660,731,SOURCE_PIPELINE_REEXPORT_CANDIDATE_UNMEASURED,tone/source re-export (kandidat),RULE_BASED_CANDIDATE,CANDIDATE_NOT_YET_MEASURED,unknown,,,F_SPECIAL_MARKETING_IMAGE,SOURCE_IMAGE_PROBLEM,pipelineToneStatus = unknown; ekstrapolacija zabranjena (finalna odluka 9); sistemski re-export nije ni planiran ni odobren,NONE — 0 odobreno / 0 integrisano; bez mass apply; runtime productImage nepromenjen,,YES (sourceSha256 + veličina fajla isti),https://www.carsystem.org/fileadmin/_processed_/5/a/csm_159.288-293-cs-wm-wattierte-steppweste_14c92da573.png,https://www.carsystem.org/fileadmin/products/images/159.288/159.288-293-cs-wm-wattierte-steppweste.png,IMAGE_QUALITY_REVIEW_ONLY,pravilo: današnji manifest porekla (izvor = _processed_ PNG derivat); par NIJE meren,"NIJE potvrđen defekt. Isti tip izvora kao 15 izmerenih parova — to je razlog za merenje, ne rezultat merenja."
carsystem__carsystem-padded-vest-black-2025#CLASS_F_SPECIAL_MARKETING_IMAGE,carsystem__carsystem-padded-vest-black-2025,carsystem,carsystem,Carsystem Padded Vest Black 2025,carsystem-padded-vest-black-2025,/products/carsystem/catalog/carsystem-padded-vest-black-2025.webp,660,1023,CLASS_F_SPECIAL_MARKETING_IMAGE,manual review,MANUAL_REVIEW_REQUIRED,NO_ACTION_APPROVED,unknown,,,F_SPECIAL_MARKETING_IMAGE,SOURCE_IMAGE_PROBLEM,klasa F — marketinška/merch fotografija; ne dira se,NONE — 0 odobreno / 0 integrisano; bez mass apply; runtime productImage nepromenjen,,YES (sourceSha256 + veličina fajla isti),https://www.carsystem.org/fileadmin/_processed_/0/4/csm_160027-032-steppweste-2025_15a3ce67f2.webp,https://www.carsystem.org/fileadmin/products/images/160.027/160027-032-steppweste-2025.webp,APPROVED_RUNTIME_IMAGE,historical-evidence/CARSYSTEM_IMAGE_AUDIT.csv,nalaz: merch/model/brand composition | rizik: nema (ne dira se)
carsystem__carsystem-paint-arrestor-ii#SOURCE_PIPELINE_REEXPORT_CANDIDATE_UNMEASURED,carsystem__carsystem-paint-arrestor-ii,carsystem,carsystem,Carsystem PAINT ARRESTOR II,carsystem-paint-arrestor-ii,/products/carsystem/catalog/carsystem-paint-arrestor-ii.webp,660,497,SOURCE_PIPELINE_REEXPORT_CANDIDATE_UNMEASURED,tone/source re-export (kandidat),RULE_BASED_CANDIDATE,CANDIDATE_NOT_YET_MEASURED,unknown,,,A_OK_NO_CHANGE,NONE,pipelineToneStatus = unknown; ekstrapolacija zabranjena (finalna odluka 9); sistemski re-export nije ni planiran ni odobren,NONE — 0 odobreno / 0 integrisano; bez mass apply; runtime productImage nepromenjen,,YES (sourceSha256 + veličina fajla isti),https://www.carsystem.org/fileadmin/_processed_/0/1/csm_160136-148-cs-paint-arrestor-II-rolle_2372e8a4d1.png,https://www.carsystem.org/fileadmin/products/images/160.136/160136-148-cs-paint-arrestor-II-rolle.png,IMAGE_QUALITY_REVIEW_ONLY,pravilo: današnji manifest porekla (izvor = _processed_ PNG derivat); par NIJE meren,"NIJE potvrđen defekt. Isti tip izvora kao 15 izmerenih parova — to je razlog za merenje, ne rezultat merenja."
carsystem__carsystem-paint-overall-blue#CLASS_F_SPECIAL_MARKETING_IMAGE,carsystem__carsystem-paint-overall-blue,carsystem,carsystem,Carsystem Paint Overall Blue,carsystem-paint-overall-blue,/products/carsystem/catalog/carsystem-paint-overall-blue.webp,660,1298,CLASS_F_SPECIAL_MARKETING_IMAGE,manual review,MANUAL_REVIEW_REQUIRED,NO_ACTION_APPROVED,unknown,,,F_SPECIAL_MARKETING_IMAGE,SOURCE_IMAGE_PROBLEM,klasa F — marketinška/merch fotografija; ne dira se,NONE — 0 odobreno / 0 integrisano; bez mass apply; runtime productImage nepromenjen,,YES (sourceSha256 + veličina fajla isti),https://www.carsystem.org/fileadmin/_processed_/2/e/csm_138472-473-139232-234-152968-paint-overall-blau_5463d30d28.png,https://www.carsystem.org/fileadmin/products/images/138.472/138472-473-139232-234-152968-paint-overall-blau.png,IMAGE_QUALITY_REVIEW_ONLY,historical-evidence/CARSYSTEM_IMAGE_AUDIT.csv,nalaz: merch/model/brand composition | rizik: nema (ne dira se)
carsystem__carsystem-paint-overall-blue#SOURCE_PIPELINE_REEXPORT_CANDIDATE_UNMEASURED,carsystem__carsystem-paint-overall-blue,carsystem,carsystem,Carsystem Paint Overall Blue,carsystem-paint-overall-blue,/products/carsystem/catalog/carsystem-paint-overall-blue.webp,660,1298,SOURCE_PIPELINE_REEXPORT_CANDIDATE_UNMEASURED,tone/source re-export (kandidat),RULE_BASED_CANDIDATE,CANDIDATE_NOT_YET_MEASURED,unknown,,,F_SPECIAL_MARKETING_IMAGE,SOURCE_IMAGE_PROBLEM,pipelineToneStatus = unknown; ekstrapolacija zabranjena (finalna odluka 9); sistemski re-export nije ni planiran ni odobren,NONE — 0 odobreno / 0 integrisano; bez mass apply; runtime productImage nepromenjen,,YES (sourceSha256 + veličina fajla isti),https://www.carsystem.org/fileadmin/_processed_/2/e/csm_138472-473-139232-234-152968-paint-overall-blau_5463d30d28.png,https://www.carsystem.org/fileadmin/products/images/138.472/138472-473-139232-234-152968-paint-overall-blau.png,IMAGE_QUALITY_REVIEW_ONLY,pravilo: današnji manifest porekla (izvor = _processed_ PNG derivat); par NIJE meren,"NIJE potvrđen defekt. Isti tip izvora kao 15 izmerenih parova — to je razlog za merenje, ne rezultat merenja."
carsystem__carsystem-paint-planer#SOURCE_PIPELINE_REEXPORT_CANDIDATE_UNMEASURED,carsystem__carsystem-paint-planer,carsystem,carsystem,Carsystem Paint Planer,carsystem-paint-planer,/products/carsystem/catalog/carsystem-paint-planer.webp,660,399,SOURCE_PIPELINE_REEXPORT_CANDIDATE_UNMEASURED,tone/source re-export (kandidat),RULE_BASED_CANDIDATE,CANDIDATE_NOT_YET_MEASURED,unknown,,,A_OK_NO_CHANGE,NONE,pipelineToneStatus = unknown; ekstrapolacija zabranjena (finalna odluka 9); sistemski re-export nije ni planiran ni odobren,NONE — 0 odobreno / 0 integrisano; bez mass apply; runtime productImage nepromenjen,,YES (sourceSha256 + veličina fajla isti),https://www.carsystem.org/fileadmin/_processed_/0/b/csm_142995-996-cs-paint-planer-holder_e2b503a427.png,https://www.carsystem.org/fileadmin/products/images/142.995/142995-996-cs-paint-planer-holder.png,IMAGE_QUALITY_REVIEW_ONLY,pravilo: današnji manifest porekla (izvor = _processed_ PNG derivat); par NIJE meren,"NIJE potvrđen defekt. Isti tip izvora kao 15 izmerenih parova — to je razlog za merenje, ne rezultat merenja."
carsystem__carsystem-paint-system-cps-2-0#SOURCE_PIPELINE_REEXPORT_CANDIDATE_UNMEASURED,carsystem__carsystem-paint-system-cps-2-0,carsystem,carsystem,Carsystem Paint System CPS 2.0,carsystem-paint-system-cps-2-0,/products/carsystem/catalog/carsystem-paint-system-cps-2-0.webp,660,857,SOURCE_PIPELINE_REEXPORT_CANDIDATE_UNMEASURED,tone/source re-export (kandidat),RULE_BASED_CANDIDATE,CANDIDATE_NOT_YET_MEASURED,unknown,,,A_OK_NO_CHANGE,NONE,pipelineToneStatus = unknown; ekstrapolacija zabranjena (finalna odluka 9); sistemski re-export nije ni planiran ni odobren,NONE — 0 odobreno / 0 integrisano; bez mass apply; runtime productImage nepromenjen,,YES (sourceSha256 + veličina fajla isti),https://www.carsystem.org/fileadmin/_processed_/a/8/csm_159.324-cs-cps-paint-system-2.0-600ml_3885b2d5b0.png,https://www.carsystem.org/fileadmin/products/images/159.311/159.324-cs-cps-paint-system-2.0-600ml.png,IMAGE_QUALITY_REVIEW_ONLY,pravilo: današnji manifest porekla (izvor = _processed_ PNG derivat); par NIJE meren,"NIJE potvrđen defekt. Isti tip izvora kao 15 izmerenih parova — to je razlog za merenje, ne rezultat merenja."
carsystem__carsystem-paint-system-cps-3-0#CLASS_B_DETERMINISTIC_FIX,carsystem__carsystem-paint-system-cps-3-0,carsystem,carsystem,Carsystem Paint System CPS 3.0,carsystem-paint-system-cps-3-0,/products/carsystem/catalog/carsystem-paint-system-cps-3-0.webp,660,726,CLASS_B_DETERMINISTIC_FIX,asset (deterministički tretman),HISTORICAL_CONFIRMED,KNOWN_ASSET_ISSUE,unknown,,,B_DETERMINISTIC_FIX,BOTH,"klasa B — tretman tek posle odobrenja pilota (handoff §12.8); finalna pravila imaju prednost nad predlogom: bez cropa, bez globalnog brightness/gamma/contrast, bez AI",NONE — 0 odobreno / 0 integrisano; bez mass apply; runtime productImage nepromenjen,,YES (sourceSha256 + veličina fajla isti),https://www.carsystem.org/fileadmin/_processed_/1/e/csm_160085-160093-cs-cps-3.0-_b208d411fc.webp,https://www.carsystem.org/fileadmin/products/images/160.085/160085-160093-cs-cps-3.0-.webp,IMAGE_QUALITY_REVIEW_ONLY,historical-evidence/CARSYSTEM_IMAGE_AUDIT.csv,nalaz: širok poluprovidni oreol/refleks u alfi | istorijski predlog: čišćenje alfa krive na ivici | rizik: nizak
carsystem__carsystem-paint-system-cps-3-0#FIT_MEASURES_BAKED_SHADOW,carsystem__carsystem-paint-system-cps-3-0,carsystem,carsystem,Carsystem Paint System CPS 3.0,carsystem-paint-system-cps-3-0,/products/carsystem/catalog/carsystem-paint-system-cps-3-0.webp,660,726,FIT_MEASURES_BAKED_SHADOW,"crop/fit (rendering, ne asset)",HISTORICAL_CONFIRMED,KNOWN_RENDERING_ISSUE,unknown,,,B_DETERMINISTIC_FIX,BOTH,"rešenje = V6A hibridni subjectBox (merenjem, bez izmene fajla; bez cropa) — IMPLEMENTED_AND_VERIFIED u starom worktree-u, NIJE na main; ne portuje se",NONE — 0 odobreno / 0 integrisano; bez mass apply; runtime productImage nepromenjen,,YES (sourceSha256 + veličina fajla isti),https://www.carsystem.org/fileadmin/_processed_/1/e/csm_160085-160093-cs-cps-3.0-_b208d411fc.webp,https://www.carsystem.org/fileadmin/products/images/160.085/160085-160093-cs-cps-3.0-.webp,IMAGE_QUALITY_REVIEW_ONLY,historical-evidence/css-rendering-candidates.csv,"linearni manjak 21.1 %, manjak površine 21.5 %; inflacija boxa 1.2741"
carsystem__carsystem-paint-system-cps-3-0#V6_EXCLUDED_SLUG,carsystem__carsystem-paint-system-cps-3-0,carsystem,carsystem,Carsystem Paint System CPS 3.0,carsystem-paint-system-cps-3-0,/products/carsystem/catalog/carsystem-paint-system-cps-3-0.webp,660,726,V6_EXCLUDED_SLUG,crop/fit,HISTORICAL_CONFIRMED,EXCLUDED_FROM_V6,unknown,,,B_DETERMINISTIC_FIX,BOTH,izuzet iz V6 — ostaje legacy dok korisnik ne odluči drugačije (finalna odluka 15),NONE — 0 odobreno / 0 integrisano; bez mass apply; runtime productImage nepromenjen,,YES (sourceSha256 + veličina fajla isti),https://www.carsystem.org/fileadmin/_processed_/1/e/csm_160085-160093-cs-cps-3.0-_b208d411fc.webp,https://www.carsystem.org/fileadmin/products/images/160.085/160085-160093-cs-cps-3.0-.webp,IMAGE_QUALITY_REVIEW_ONLY,handoff §11.15,
carsystem__carsystem-paint-trolley#CLASS_B_DETERMINISTIC_FIX,carsystem__carsystem-paint-trolley,carsystem,carsystem,Carsystem Paint Trolley,carsystem-paint-trolley,/products/carsystem/catalog/carsystem-paint-trolley.webp,660,586,CLASS_B_DETERMINISTIC_FIX,asset (deterministički tretman),HISTORICAL_CONFIRMED,KNOWN_ASSET_ISSUE,confirmed,,,B_DETERMINISTIC_FIX,SOURCE_IMAGE_PROBLEM,"klasa B — tretman tek posle odobrenja pilota (handoff §12.8); finalna pravila imaju prednost nad predlogom: bez cropa, bez globalnog brightness/gamma/contrast, bez AI",NONE — 0 odobreno / 0 integrisano; bez mass apply; runtime productImage nepromenjen,,YES (sourceSha256 + veličina fajla isti),https://www.carsystem.org/fileadmin/_processed_/4/3/csm_154253-cs-drehlackierstaender-inkl-verlaengerung_bdad24eb32.png,https://www.carsystem.org/fileadmin/products/images/138.848/154253-cs-drehlackierstaender-inkl-verlaengerung.png,IMAGE_QUALITY_REVIEW_ONLY,historical-evidence/CARSYSTEM_IMAGE_AUDIT.csv,nalaz: širok poluprovidni oreol/refleks u alfi | istorijski predlog: čišćenje alfa krive na ivici | rizik: nizak
carsystem__carsystem-paint-trolley#MEASURED_TONE_DEFECT,carsystem__carsystem-paint-trolley,carsystem,carsystem,Carsystem Paint Trolley,carsystem-paint-trolley,/products/carsystem/catalog/carsystem-paint-trolley.webp,660,586,MEASURED_TONE_DEFECT,tone/source re-export,MEASURED,CONFIRMED_QUALITY_ISSUE,confirmed,2.25,-52.9,B_DETERMINISTIC_FIX,SOURCE_IMAGE_PROBLEM,REEXPORT_FROM_OFFICIAL_ORIGINAL (ICC→sRGB samo ako profil postoji; bez globalnog brightness/gamma; bez AI) — tek posle odobrenja pilota,NONE — 0 odobreno / 0 integrisano; bez mass apply; runtime productImage nepromenjen,,YES (sourceSha256 + veličina fajla isti),https://www.carsystem.org/fileadmin/_processed_/4/3/csm_154253-cs-drehlackierstaender-inkl-verlaengerung_bdad24eb32.png,https://www.carsystem.org/fileadmin/products/images/138.848/154253-cs-drehlackierstaender-inkl-verlaengerung.png,IMAGE_QUALITY_REVIEW_ONLY,historical-evidence/pipeline-tone-measurements.json,"izmeren par: original PNG 1000×888, ICC da; medLum 140.0 → 66.0; 43268 piksela"
carsystem__carsystem-paint-trolley-flexi-plus#BORDER_FRAME,carsystem__carsystem-paint-trolley-flexi-plus,carsystem,carsystem,Carsystem Paint Trolley Flexi Plus,carsystem-paint-trolley-flexi-plus,/products/carsystem/catalog/carsystem-paint-trolley-flexi-plus.webp,660,692,BORDER_FRAME,border-frame,MEASURED,KNOWN_ASSET_ISSUE,unknown,,,B_DETERMINISTIC_FIX,SOURCE_IMAGE_PROBLEM,"BORDER_FRAME_STRIP (K_MAX=4, RING_TOL=6, GUARD=8 px; R1–R10) — simulacija PASS; obrada tek posle odobrenja",NONE — 0 odobreno / 0 integrisano; bez mass apply; runtime productImage nepromenjen,,YES (sourceSha256 + veličina fajla isti),https://www.carsystem.org/fileadmin/_processed_/3/a/csm_152596-cs-lackierstaender-flexi-plus-inkl-verlaengerung_84b7ee224f.png,https://www.carsystem.org/fileadmin/products/images/152.596/152596-cs-lackierstaender-flexi-plus-inkl-verlaengerung.png,IMAGE_QUALITY_REVIEW_ONLY,historical-evidence/alpha-frame-simulation.json + CARSYSTEM_IMAGE_AUDIT.csv,prsten 0: alfa 13 (max 25); današnji asset daje isti signal; `alpha<100→0` je ODBAČEN
carsystem__carsystem-paint-trolley-flexi-plus#SOURCE_PIPELINE_REEXPORT_CANDIDATE_UNMEASURED,carsystem__carsystem-paint-trolley-flexi-plus,carsystem,carsystem,Carsystem Paint Trolley Flexi Plus,carsystem-paint-trolley-flexi-plus,/products/carsystem/catalog/carsystem-paint-trolley-flexi-plus.webp,660,692,SOURCE_PIPELINE_REEXPORT_CANDIDATE_UNMEASURED,tone/source re-export (kandidat),RULE_BASED_CANDIDATE,CANDIDATE_NOT_YET_MEASURED,unknown,,,B_DETERMINISTIC_FIX,SOURCE_IMAGE_PROBLEM,pipelineToneStatus = unknown; ekstrapolacija zabranjena (finalna odluka 9); sistemski re-export nije ni planiran ni odobren,NONE — 0 odobreno / 0 integrisano; bez mass apply; runtime productImage nepromenjen,,YES (sourceSha256 + veličina fajla isti),https://www.carsystem.org/fileadmin/_processed_/3/a/csm_152596-cs-lackierstaender-flexi-plus-inkl-verlaengerung_84b7ee224f.png,https://www.carsystem.org/fileadmin/products/images/152.596/152596-cs-lackierstaender-flexi-plus-inkl-verlaengerung.png,IMAGE_QUALITY_REVIEW_ONLY,pravilo: današnji manifest porekla (izvor = _processed_ PNG derivat); par NIJE meren,"NIJE potvrđen defekt. Isti tip izvora kao 15 izmerenih parova — to je razlog za merenje, ne rezultat merenja."
carsystem__carsystem-paper-trolley#CLASS_B_DETERMINISTIC_FIX,carsystem__carsystem-paper-trolley,carsystem,carsystem,Carsystem Paper Trolley,carsystem-paper-trolley,/products/carsystem/catalog/carsystem-paper-trolley.webp,660,630,CLASS_B_DETERMINISTIC_FIX,asset (deterministički tretman),HISTORICAL_CONFIRMED,KNOWN_ASSET_ISSUE,unknown,,,B_DETERMINISTIC_FIX,SOURCE_IMAGE_PROBLEM,"klasa B — tretman tek posle odobrenja pilota (handoff §12.8); finalna pravila imaju prednost nad predlogom: bez cropa, bez globalnog brightness/gamma/contrast, bez AI",NONE — 0 odobreno / 0 integrisano; bez mass apply; runtime productImage nepromenjen,,YES (sourceSha256 + veličina fajla isti),https://www.carsystem.org/fileadmin/_processed_/9/d/csm_138862-cs-paper-trolley-3-fach-22-60-90_18c72e79d5.png,https://www.carsystem.org/fileadmin/products/images/138.862/138862-cs-paper-trolley-3-fach-22-60-90.png,IMAGE_QUALITY_REVIEW_ONLY,historical-evidence/CARSYSTEM_IMAGE_AUDIT.csv,nalaz: širok poluprovidni oreol/refleks u alfi | istorijski predlog: čišćenje alfa krive na ivici | rizik: nizak
carsystem__carsystem-paper-trolley#SOURCE_PIPELINE_REEXPORT_CANDIDATE_UNMEASURED,carsystem__carsystem-paper-trolley,carsystem,carsystem,Carsystem Paper Trolley,carsystem-paper-trolley,/products/carsystem/catalog/carsystem-paper-trolley.webp,660,630,SOURCE_PIPELINE_REEXPORT_CANDIDATE_UNMEASURED,tone/source re-export (kandidat),RULE_BASED_CANDIDATE,CANDIDATE_NOT_YET_MEASURED,unknown,,,B_DETERMINISTIC_FIX,SOURCE_IMAGE_PROBLEM,pipelineToneStatus = unknown; ekstrapolacija zabranjena (finalna odluka 9); sistemski re-export nije ni planiran ni odobren,NONE — 0 odobreno / 0 integrisano; bez mass apply; runtime productImage nepromenjen,,YES (sourceSha256 + veličina fajla isti),https://www.carsystem.org/fileadmin/_processed_/9/d/csm_138862-cs-paper-trolley-3-fach-22-60-90_18c72e79d5.png,https://www.carsystem.org/fileadmin/products/images/138.862/138862-cs-paper-trolley-3-fach-22-60-90.png,IMAGE_QUALITY_REVIEW_ONLY,pravilo: današnji manifest porekla (izvor = _processed_ PNG derivat); par NIJE meren,"NIJE potvrđen defekt. Isti tip izvora kao 15 izmerenih parova — to je razlog za merenje, ne rezultat merenja."
carsystem__carsystem-paper-trolley-1500#SOURCE_PIPELINE_REEXPORT_CANDIDATE_UNMEASURED,carsystem__carsystem-paper-trolley-1500,carsystem,carsystem,Carsystem Paper Trolley 1500,carsystem-paper-trolley-1500,/products/carsystem/catalog/carsystem-paper-trolley-1500.webp,660,1533,SOURCE_PIPELINE_REEXPORT_CANDIDATE_UNMEASURED,tone/source re-export (kandidat),RULE_BASED_CANDIDATE,CANDIDATE_NOT_YET_MEASURED,unknown,,,A_OK_NO_CHANGE,NONE,pipelineToneStatus = unknown; ekstrapolacija zabranjena (finalna odluka 9); sistemski re-export nije ni planiran ni odobren,NONE — 0 odobreno / 0 integrisano; bez mass apply; runtime productImage nepromenjen,,YES (sourceSha256 + veličina fajla isti),https://www.carsystem.org/fileadmin/_processed_/4/3/csm_139101-cs-papierstaender-variable-1500mm-fahrbar_4cf4491433.png,https://www.carsystem.org/fileadmin/products/images/139.101/139101-cs-papierstaender-variable-1500mm-fahrbar.png,IMAGE_QUALITY_REVIEW_ONLY,pravilo: današnji manifest porekla (izvor = _processed_ PNG derivat); par NIJE meren,"NIJE potvrđen defekt. Isti tip izvora kao 15 izmerenih parova — to je razlog za merenje, ne rezultat merenja."
carsystem__carsystem-pdc-easy-paint#CLASS_B_DETERMINISTIC_FIX,carsystem__carsystem-pdc-easy-paint,carsystem,carsystem,Carsystem PDC Easy Paint,carsystem-pdc-easy-paint,/products/carsystem/catalog/carsystem-pdc-easy-paint.webp,660,484,CLASS_B_DETERMINISTIC_FIX,asset (deterministički tretman),HISTORICAL_CONFIRMED,KNOWN_ASSET_ISSUE,unknown,,,B_DETERMINISTIC_FIX,BOTH,"klasa B — tretman tek posle odobrenja pilota (handoff §12.8); finalna pravila imaju prednost nad predlogom: bez cropa, bez globalnog brightness/gamma/contrast, bez AI",NONE — 0 odobreno / 0 integrisano; bez mass apply; runtime productImage nepromenjen,,YES (sourceSha256 + veličina fajla isti),https://www.carsystem.org/fileadmin/_processed_/7/f/csm_159500-cs-pdc-easy-paint_a3948f3238.png,https://www.carsystem.org/fileadmin/products/images/159.500/159500-cs-pdc-easy-paint.png,IMAGE_QUALITY_REVIEW_ONLY,historical-evidence/CARSYSTEM_IMAGE_AUDIT.csv,nalaz: širok poluprovidni oreol/refleks u alfi | istorijski predlog: čišćenje alfa krive na ivici | rizik: nizak
carsystem__carsystem-pdc-easy-paint#FIT_MEASURES_BAKED_SHADOW,carsystem__carsystem-pdc-easy-paint,carsystem,carsystem,Carsystem PDC Easy Paint,carsystem-pdc-easy-paint,/products/carsystem/catalog/carsystem-pdc-easy-paint.webp,660,484,FIT_MEASURES_BAKED_SHADOW,"crop/fit (rendering, ne asset)",HISTORICAL_CONFIRMED,KNOWN_RENDERING_ISSUE,unknown,,,B_DETERMINISTIC_FIX,BOTH,"rešenje = V6A hibridni subjectBox (merenjem, bez izmene fajla; bez cropa) — IMPLEMENTED_AND_VERIFIED u starom worktree-u, NIJE na main; ne portuje se",NONE — 0 odobreno / 0 integrisano; bez mass apply; runtime productImage nepromenjen,,YES (sourceSha256 + veličina fajla isti),https://www.carsystem.org/fileadmin/_processed_/7/f/csm_159500-cs-pdc-easy-paint_a3948f3238.png,https://www.carsystem.org/fileadmin/products/images/159.500/159500-cs-pdc-easy-paint.png,IMAGE_QUALITY_REVIEW_ONLY,historical-evidence/css-rendering-candidates.csv,"linearni manjak 13.6 %, manjak površine 14.0 %; inflacija boxa 1.1628"
carsystem__carsystem-pdc-easy-paint#SOURCE_PIPELINE_REEXPORT_CANDIDATE_UNMEASURED,carsystem__carsystem-pdc-easy-paint,carsystem,carsystem,Carsystem PDC Easy Paint,carsystem-pdc-easy-paint,/products/carsystem/catalog/carsystem-pdc-easy-paint.webp,660,484,SOURCE_PIPELINE_REEXPORT_CANDIDATE_UNMEASURED,tone/source re-export (kandidat),RULE_BASED_CANDIDATE,CANDIDATE_NOT_YET_MEASURED,unknown,,,B_DETERMINISTIC_FIX,BOTH,pipelineToneStatus = unknown; ekstrapolacija zabranjena (finalna odluka 9); sistemski re-export nije ni planiran ni odobren,NONE — 0 odobreno / 0 integrisano; bez mass apply; runtime productImage nepromenjen,,YES (sourceSha256 + veličina fajla isti),https://www.carsystem.org/fileadmin/_processed_/7/f/csm_159500-cs-pdc-easy-paint_a3948f3238.png,https://www.carsystem.org/fileadmin/products/images/159.500/159500-cs-pdc-easy-paint.png,IMAGE_QUALITY_REVIEW_ONLY,pravilo: današnji manifest porekla (izvor = _processed_ PNG derivat); par NIJE meren,"NIJE potvrđen defekt. Isti tip izvora kao 15 izmerenih parova — to je razlog za merenje, ne rezultat merenja."
carsystem__carsystem-pen-trinity-gum-black#CLASS_F_SPECIAL_MARKETING_IMAGE,carsystem__carsystem-pen-trinity-gum-black,carsystem,carsystem,Carsystem Pen Trinity Gum black,carsystem-pen-trinity-gum-black,/products/carsystem/catalog/carsystem-pen-trinity-gum-black.webp,660,660,CLASS_F_SPECIAL_MARKETING_IMAGE,manual review,MANUAL_REVIEW_REQUIRED,NO_ACTION_APPROVED,unknown,,,F_SPECIAL_MARKETING_IMAGE,SOURCE_IMAGE_PROBLEM,klasa F — marketinška/merch fotografija; ne dira se,NONE — 0 odobreno / 0 integrisano; bez mass apply; runtime productImage nepromenjen,,YES (sourceSha256 + veličina fajla isti),https://www.carsystem.org/fileadmin/_processed_/6/d/csm_156.540_CS_WM_Kugelschreiber_Schwarz_62e8b1b677.png,https://www.carsystem.org/fileadmin/products/images/156.540/156.540_CS_WM_Kugelschreiber_Schwarz.png,IMAGE_QUALITY_REVIEW_ONLY,historical-evidence/CARSYSTEM_IMAGE_AUDIT.csv,nalaz: merch/model/brand composition | rizik: nema (ne dira se)
carsystem__carsystem-pen-trinity-gum-black#SOURCE_PIPELINE_REEXPORT_CANDIDATE_UNMEASURED,carsystem__carsystem-pen-trinity-gum-black,carsystem,carsystem,Carsystem Pen Trinity Gum black,carsystem-pen-trinity-gum-black,/products/carsystem/catalog/carsystem-pen-trinity-gum-black.webp,660,660,SOURCE_PIPELINE_REEXPORT_CANDIDATE_UNMEASURED,tone/source re-export (kandidat),RULE_BASED_CANDIDATE,CANDIDATE_NOT_YET_MEASURED,unknown,,,F_SPECIAL_MARKETING_IMAGE,SOURCE_IMAGE_PROBLEM,pipelineToneStatus = unknown; ekstrapolacija zabranjena (finalna odluka 9); sistemski re-export nije ni planiran ni odobren,NONE — 0 odobreno / 0 integrisano; bez mass apply; runtime productImage nepromenjen,,YES (sourceSha256 + veličina fajla isti),https://www.carsystem.org/fileadmin/_processed_/6/d/csm_156.540_CS_WM_Kugelschreiber_Schwarz_62e8b1b677.png,https://www.carsystem.org/fileadmin/products/images/156.540/156.540_CS_WM_Kugelschreiber_Schwarz.png,IMAGE_QUALITY_REVIEW_ONLY,pravilo: današnji manifest porekla (izvor = _processed_ PNG derivat); par NIJE meren,"NIJE potvrđen defekt. Isti tip izvora kao 15 izmerenih parova — to je razlog za merenje, ne rezultat merenja."
carsystem__carsystem-pg-fg-fine-filter#SOURCE_PIPELINE_REEXPORT_CANDIDATE_UNMEASURED,carsystem__carsystem-pg-fg-fine-filter,carsystem,carsystem,Carsystem PG - FG Fine Filter,carsystem-pg-fg-fine-filter,/products/carsystem/catalog/carsystem-pg-fg-fine-filter.webp,660,323,SOURCE_PIPELINE_REEXPORT_CANDIDATE_UNMEASURED,tone/source re-export (kandidat),RULE_BASED_CANDIDATE,CANDIDATE_NOT_YET_MEASURED,unknown,,,A_OK_NO_CHANGE,NONE,pipelineToneStatus = unknown; ekstrapolacija zabranjena (finalna odluka 9); sistemski re-export nije ni planiran ni odobren,NONE — 0 odobreno / 0 integrisano; bez mass apply; runtime productImage nepromenjen,,YES (sourceSha256 + veličina fajla isti),https://www.carsystem.org/fileadmin/_processed_/b/5/csm_138680-cs-pg-fg-feinfilter-ersatzteil_0c5daaa729.png,https://www.carsystem.org/fileadmin/products/images/138.680/138680-cs-pg-fg-feinfilter-ersatzteil.png,IMAGE_QUALITY_REVIEW_ONLY,pravilo: današnji manifest porekla (izvor = _processed_ PNG derivat); par NIJE meren,"NIJE potvrđen defekt. Isti tip izvora kao 15 izmerenih parova — to je razlog za merenje, ne rezultat merenja."
carsystem__carsystem-plastic-can-empty#SOURCE_PIPELINE_REEXPORT_CANDIDATE_UNMEASURED,carsystem__carsystem-plastic-can-empty,carsystem,carsystem,Carsystem Plastic Can Empty,carsystem-plastic-can-empty,/products/carsystem/catalog/carsystem-plastic-can-empty.webp,660,605,SOURCE_PIPELINE_REEXPORT_CANDIDATE_UNMEASURED,tone/source re-export (kandidat),RULE_BASED_CANDIDATE,CANDIDATE_NOT_YET_MEASURED,unknown,,,A_OK_NO_CHANGE,NONE,pipelineToneStatus = unknown; ekstrapolacija zabranjena (finalna odluka 9); sistemski re-export nije ni planiran ni odobren,NONE — 0 odobreno / 0 integrisano; bez mass apply; runtime productImage nepromenjen,,YES (sourceSha256 + veličina fajla isti),https://www.carsystem.org/fileadmin/_processed_/6/e/csm_144957-958-145784-cs-plastic-can-empty_0cad46a7c6.png,https://www.carsystem.org/fileadmin/products/images/144.957/144957-958-145784-cs-plastic-can-empty.png,IMAGE_QUALITY_REVIEW_ONLY,pravilo: današnji manifest porekla (izvor = _processed_ PNG derivat); par NIJE meren,"NIJE potvrđen defekt. Isti tip izvora kao 15 izmerenih parova — to je razlog za merenje, ne rezultat merenja."
carsystem__carsystem-plastic-pro#FIT_MEASURES_BAKED_SHADOW,carsystem__carsystem-plastic-pro,carsystem,carsystem,Carsystem Plastic Pro,carsystem-plastic-pro,/products/carsystem/catalog/carsystem-plastic-pro.webp,660,406,FIT_MEASURES_BAKED_SHADOW,"crop/fit (rendering, ne asset)",HISTORICAL_CONFIRMED,KNOWN_RENDERING_ISSUE,unknown,,,A_OK_NO_CHANGE,CSS_RENDERING_PROBLEM,"rešenje = V6A hibridni subjectBox (merenjem, bez izmene fajla; bez cropa) — IMPLEMENTED_AND_VERIFIED u starom worktree-u, NIJE na main; ne portuje se",NONE — 0 odobreno / 0 integrisano; bez mass apply; runtime productImage nepromenjen,,YES (sourceSha256 + veličina fajla isti),https://www.carsystem.org/fileadmin/_processed_/0/2/csm_149.613-cs-plastic-pro-inkl-haerter-kg-1_0-3D_4363555d96.png,https://www.carsystem.org/fileadmin/products/images/149.613/149.613-cs-plastic-pro-inkl-haerter-kg-1_0-3D.png,IMAGE_QUALITY_REVIEW_ONLY,historical-evidence/css-rendering-candidates.csv,"linearni manjak 8.9 %, manjak površine 14.5 %; inflacija boxa 1.1701"
carsystem__carsystem-plastic-pro#SOURCE_PIPELINE_REEXPORT_CANDIDATE_UNMEASURED,carsystem__carsystem-plastic-pro,carsystem,carsystem,Carsystem Plastic Pro,carsystem-plastic-pro,/products/carsystem/catalog/carsystem-plastic-pro.webp,660,406,SOURCE_PIPELINE_REEXPORT_CANDIDATE_UNMEASURED,tone/source re-export (kandidat),RULE_BASED_CANDIDATE,CANDIDATE_NOT_YET_MEASURED,unknown,,,A_OK_NO_CHANGE,CSS_RENDERING_PROBLEM,pipelineToneStatus = unknown; ekstrapolacija zabranjena (finalna odluka 9); sistemski re-export nije ni planiran ni odobren,NONE — 0 odobreno / 0 integrisano; bez mass apply; runtime productImage nepromenjen,,YES (sourceSha256 + veličina fajla isti),https://www.carsystem.org/fileadmin/_processed_/0/2/csm_149.613-cs-plastic-pro-inkl-haerter-kg-1_0-3D_4363555d96.png,https://www.carsystem.org/fileadmin/products/images/149.613/149.613-cs-plastic-pro-inkl-haerter-kg-1_0-3D.png,IMAGE_QUALITY_REVIEW_ONLY,pravilo: današnji manifest porekla (izvor = _processed_ PNG derivat); par NIJE meren,"NIJE potvrđen defekt. Isti tip izvora kao 15 izmerenih parova — to je razlog za merenje, ne rezultat merenja."
carsystem__carsystem-plastic-spreader#SOURCE_PIPELINE_REEXPORT_CANDIDATE_UNMEASURED,carsystem__carsystem-plastic-spreader,carsystem,carsystem,Carsystem Plastic spreader,carsystem-plastic-spreader,/products/carsystem/catalog/carsystem-plastic-spreader.webp,660,394,SOURCE_PIPELINE_REEXPORT_CANDIDATE_UNMEASURED,tone/source re-export (kandidat),RULE_BASED_CANDIDATE,CANDIDATE_NOT_YET_MEASURED,unknown,,,A_OK_NO_CHANGE,NONE,pipelineToneStatus = unknown; ekstrapolacija zabranjena (finalna odluka 9); sistemski re-export nije ni planiran ni odobren,NONE — 0 odobreno / 0 integrisano; bez mass apply; runtime productImage nepromenjen,,YES (sourceSha256 + veličina fajla isti),https://www.carsystem.org/fileadmin/_processed_/e/e/csm_146961-plastikspachtel-rot_7e0147a0e0.png,https://www.carsystem.org/fileadmin/products/images/146.961/146961-plastikspachtel-rot.png,IMAGE_QUALITY_REVIEW_ONLY,pravilo: današnji manifest porekla (izvor = _processed_ PNG derivat); par NIJE meren,"NIJE potvrđen defekt. Isti tip izvora kao 15 izmerenih parova — to je razlog za merenje, ne rezultat merenja."
carsystem__carsystem-polish-c-05-cut#SOURCE_PIPELINE_REEXPORT_CANDIDATE_UNMEASURED,carsystem__carsystem-polish-c-05-cut,carsystem,carsystem,Carsystem Polish C-05 cut,carsystem-polish-c-05-cut,/products/carsystem/catalog/carsystem-polish-c-05-cut.webp,660,1792,SOURCE_PIPELINE_REEXPORT_CANDIDATE_UNMEASURED,tone/source re-export (kandidat),RULE_BASED_CANDIDATE,CANDIDATE_NOT_YET_MEASURED,unknown,,,A_OK_NO_CHANGE,NONE,pipelineToneStatus = unknown; ekstrapolacija zabranjena (finalna odluka 9); sistemski re-export nije ni planiran ni odobren,NONE — 0 odobreno / 0 integrisano; bez mass apply; runtime productImage nepromenjen,,YES (sourceSha256 + veličina fajla isti),https://www.carsystem.org/fileadmin/_processed_/6/a/csm_156345-cs-polish-c-05-cut-kg-1_0_92c464921f.png,https://www.carsystem.org/fileadmin/products/images/156.345/156345-cs-polish-c-05-cut-kg-1_0.png,IMAGE_QUALITY_REVIEW_ONLY,pravilo: današnji manifest porekla (izvor = _processed_ PNG derivat); par NIJE meren,"NIJE potvrđen defekt. Isti tip izvora kao 15 izmerenih parova — to je razlog za merenje, ne rezultat merenja."
carsystem__carsystem-polish-c-07-cut#SOURCE_PIPELINE_REEXPORT_CANDIDATE_UNMEASURED,carsystem__carsystem-polish-c-07-cut,carsystem,carsystem,Carsystem Polish C-07 cut,carsystem-polish-c-07-cut,/products/carsystem/catalog/carsystem-polish-c-07-cut.webp,660,1835,SOURCE_PIPELINE_REEXPORT_CANDIDATE_UNMEASURED,tone/source re-export (kandidat),RULE_BASED_CANDIDATE,CANDIDATE_NOT_YET_MEASURED,unknown,,,A_OK_NO_CHANGE,NONE,pipelineToneStatus = unknown; ekstrapolacija zabranjena (finalna odluka 9); sistemski re-export nije ni planiran ni odobren,NONE — 0 odobreno / 0 integrisano; bez mass apply; runtime productImage nepromenjen,,YES (sourceSha256 + veličina fajla isti),https://www.carsystem.org/fileadmin/_processed_/7/3/csm_157445-cs-polish-c-07-cut-kg-1_0_463930e87b.png,https://www.carsystem.org/fileadmin/products/images/157.445/157445-cs-polish-c-07-cut-kg-1_0.png,IMAGE_QUALITY_REVIEW_ONLY,pravilo: današnji manifest porekla (izvor = _processed_ PNG derivat); par NIJE meren,"NIJE potvrđen defekt. Isti tip izvora kao 15 izmerenih parova — to je razlog za merenje, ne rezultat merenja."
carsystem__carsystem-polish-c-10-strong#SOURCE_PIPELINE_REEXPORT_CANDIDATE_UNMEASURED,carsystem__carsystem-polish-c-10-strong,carsystem,carsystem,Carsystem Polish C-10 strong,carsystem-polish-c-10-strong,/products/carsystem/catalog/carsystem-polish-c-10-strong.webp,660,1370,SOURCE_PIPELINE_REEXPORT_CANDIDATE_UNMEASURED,tone/source re-export (kandidat),RULE_BASED_CANDIDATE,CANDIDATE_NOT_YET_MEASURED,unknown,,,A_OK_NO_CHANGE,NONE,pipelineToneStatus = unknown; ekstrapolacija zabranjena (finalna odluka 9); sistemski re-export nije ni planiran ni odobren,NONE — 0 odobreno / 0 integrisano; bez mass apply; runtime productImage nepromenjen,,YES (sourceSha256 + veličina fajla isti),https://www.carsystem.org/fileadmin/_processed_/1/6/csm_151634-cs-polish-c-10-strong-1-kg_79c45512ec.png,https://www.carsystem.org/fileadmin/products/images/151.634/151634-cs-polish-c-10-strong-1-kg.png,IMAGE_QUALITY_REVIEW_ONLY,pravilo: današnji manifest porekla (izvor = _processed_ PNG derivat); par NIJE meren,"NIJE potvrđen defekt. Isti tip izvora kao 15 izmerenih parova — to je razlog za merenje, ne rezultat merenja."
carsystem__carsystem-polish-c-30-finish#SOURCE_PIPELINE_REEXPORT_CANDIDATE_UNMEASURED,carsystem__carsystem-polish-c-30-finish,carsystem,carsystem,Carsystem Polish C-30 finish,carsystem-polish-c-30-finish,/products/carsystem/catalog/carsystem-polish-c-30-finish.webp,660,1286,SOURCE_PIPELINE_REEXPORT_CANDIDATE_UNMEASURED,tone/source re-export (kandidat),RULE_BASED_CANDIDATE,CANDIDATE_NOT_YET_MEASURED,unknown,,,A_OK_NO_CHANGE,NONE,pipelineToneStatus = unknown; ekstrapolacija zabranjena (finalna odluka 9); sistemski re-export nije ni planiran ni odobren,NONE — 0 odobreno / 0 integrisano; bez mass apply; runtime productImage nepromenjen,,YES (sourceSha256 + veličina fajla isti),https://www.carsystem.org/fileadmin/_processed_/2/1/csm_151636-cs-polish-c-30-finish-1kg_0a08030186.png,https://www.carsystem.org/fileadmin/products/images/151.636/151636-cs-polish-c-30-finish-1kg.png,IMAGE_QUALITY_REVIEW_ONLY,pravilo: današnji manifest porekla (izvor = _processed_ PNG derivat); par NIJE meren,"NIJE potvrđen defekt. Isti tip izvora kao 15 izmerenih parova — to je razlog za merenje, ne rezultat merenja."
carsystem__carsystem-polish-coarse-step-1#SOURCE_PIPELINE_REEXPORT_CANDIDATE_UNMEASURED,carsystem__carsystem-polish-coarse-step-1,carsystem,carsystem,Carsystem Polish – Coarse Step 1,carsystem-polish-coarse-step-1,/products/carsystem/catalog/carsystem-polish-coarse-step-1.webp,660,880,SOURCE_PIPELINE_REEXPORT_CANDIDATE_UNMEASURED,tone/source re-export (kandidat),RULE_BASED_CANDIDATE,CANDIDATE_NOT_YET_MEASURED,unknown,,,A_OK_NO_CHANGE,NONE,pipelineToneStatus = unknown; ekstrapolacija zabranjena (finalna odluka 9); sistemski re-export nije ni planiran ni odobren,NONE — 0 odobreno / 0 integrisano; bez mass apply; runtime productImage nepromenjen,,YES (sourceSha256 + veličina fajla isti),https://www.carsystem.org/fileadmin/_processed_/1/2/csm_156451-cs-politur-step-1-grob-kg-5_0_f69a0638a7.png,https://www.carsystem.org/fileadmin/products/images/156.451/156451-cs-politur-step-1-grob-kg-5_0.png,IMAGE_QUALITY_REVIEW_ONLY,pravilo: današnji manifest porekla (izvor = _processed_ PNG derivat); par NIJE meren,"NIJE potvrđen defekt. Isti tip izvora kao 15 izmerenih parova — to je razlog za merenje, ne rezultat merenja."
carsystem__carsystem-polish-fine-step-2#SOURCE_PIPELINE_REEXPORT_CANDIDATE_UNMEASURED,carsystem__carsystem-polish-fine-step-2,carsystem,carsystem,Carsystem Polish – Fine Step 2,carsystem-polish-fine-step-2,/products/carsystem/catalog/carsystem-polish-fine-step-2.webp,660,1303,SOURCE_PIPELINE_REEXPORT_CANDIDATE_UNMEASURED,tone/source re-export (kandidat),RULE_BASED_CANDIDATE,CANDIDATE_NOT_YET_MEASURED,unknown,,,A_OK_NO_CHANGE,NONE,pipelineToneStatus = unknown; ekstrapolacija zabranjena (finalna odluka 9); sistemski re-export nije ni planiran ni odobren,NONE — 0 odobreno / 0 integrisano; bez mass apply; runtime productImage nepromenjen,,YES (sourceSha256 + veličina fajla isti),https://www.carsystem.org/fileadmin/_processed_/4/2/csm_156452-cs-politur-step-2-fein-kg-5_0_5df421dd24.png,https://www.carsystem.org/fileadmin/products/images/156.452/156452-cs-politur-step-2-fein-kg-5_0.png,IMAGE_QUALITY_REVIEW_ONLY,pravilo: današnji manifest porekla (izvor = _processed_ PNG derivat); par NIJE meren,"NIJE potvrđen defekt. Isti tip izvora kao 15 izmerenih parova — to je razlog za merenje, ne rezultat merenja."
carsystem__carsystem-polish-foam-green#SOURCE_PIPELINE_REEXPORT_CANDIDATE_UNMEASURED,carsystem__carsystem-polish-foam-green,carsystem,carsystem,Carsystem Polish Foam Green,carsystem-polish-foam-green,/products/carsystem/catalog/carsystem-polish-foam-green.webp,660,319,SOURCE_PIPELINE_REEXPORT_CANDIDATE_UNMEASURED,tone/source re-export (kandidat),RULE_BASED_CANDIDATE,CANDIDATE_NOT_YET_MEASURED,unknown,,,A_OK_NO_CHANGE,NONE,pipelineToneStatus = unknown; ekstrapolacija zabranjena (finalna odluka 9); sistemski re-export nije ni planiran ni odobren,NONE — 0 odobreno / 0 integrisano; bez mass apply; runtime productImage nepromenjen,,YES (sourceSha256 + veličina fajla isti),https://www.carsystem.org/fileadmin/_processed_/1/8/csm_157050-051-polish-foam-green-liegend_2ccd0602b5.png,https://www.carsystem.org/fileadmin/products/images/157.050/157050-051-polish-foam-green-liegend.png,IMAGE_QUALITY_REVIEW_ONLY,pravilo: današnji manifest porekla (izvor = _processed_ PNG derivat); par NIJE meren,"NIJE potvrđen defekt. Isti tip izvora kao 15 izmerenih parova — to je razlog za merenje, ne rezultat merenja."
carsystem__carsystem-polish-foam-white-sc#SOURCE_PIPELINE_REEXPORT_CANDIDATE_UNMEASURED,carsystem__carsystem-polish-foam-white-sc,carsystem,carsystem,Carsystem Polish Foam White SC,carsystem-polish-foam-white-sc,/products/carsystem/catalog/carsystem-polish-foam-white-sc.webp,660,331,SOURCE_PIPELINE_REEXPORT_CANDIDATE_UNMEASURED,tone/source re-export (kandidat),RULE_BASED_CANDIDATE,CANDIDATE_NOT_YET_MEASURED,unknown,,,A_OK_NO_CHANGE,NONE,pipelineToneStatus = unknown; ekstrapolacija zabranjena (finalna odluka 9); sistemski re-export nije ni planiran ni odobren,NONE — 0 odobreno / 0 integrisano; bez mass apply; runtime productImage nepromenjen,,YES (sourceSha256 + veličina fajla isti),https://www.carsystem.org/fileadmin/_processed_/e/3/csm_157.054-055-finish-foam-white-ah-liegend_f9d75fc777.png,https://www.carsystem.org/fileadmin/products/images/157.054/157.054-055-finish-foam-white-ah-liegend.png,IMAGE_QUALITY_REVIEW_ONLY,pravilo: današnji manifest porekla (izvor = _processed_ PNG derivat); par NIJE meren,"NIJE potvrđen defekt. Isti tip izvora kao 15 izmerenih parova — to je razlog za merenje, ne rezultat merenja."
carsystem__carsystem-polish-foam-yellow#SOURCE_PIPELINE_REEXPORT_CANDIDATE_UNMEASURED,carsystem__carsystem-polish-foam-yellow,carsystem,carsystem,Carsystem Polish Foam Yellow,carsystem-polish-foam-yellow,/products/carsystem/catalog/carsystem-polish-foam-yellow.webp,660,317,SOURCE_PIPELINE_REEXPORT_CANDIDATE_UNMEASURED,tone/source re-export (kandidat),RULE_BASED_CANDIDATE,CANDIDATE_NOT_YET_MEASURED,unknown,,,A_OK_NO_CHANGE,NONE,pipelineToneStatus = unknown; ekstrapolacija zabranjena (finalna odluka 9); sistemski re-export nije ni planiran ni odobren,NONE — 0 odobreno / 0 integrisano; bez mass apply; runtime productImage nepromenjen,,YES (sourceSha256 + veličina fajla isti),https://www.carsystem.org/fileadmin/_processed_/b/0/csm_157056-057-polish-foam-yellow-liegend_ca41656dac.png,https://www.carsystem.org/fileadmin/products/images/157.056/157056-057-polish-foam-yellow-liegend.png,IMAGE_QUALITY_REVIEW_ONLY,pravilo: današnji manifest porekla (izvor = _processed_ PNG derivat); par NIJE meren,"NIJE potvrđen defekt. Isti tip izvora kao 15 izmerenih parova — to je razlog za merenje, ne rezultat merenja."
carsystem__carsystem-polish-waffle-foam-yellow#SOURCE_PIPELINE_REEXPORT_CANDIDATE_UNMEASURED,carsystem__carsystem-polish-waffle-foam-yellow,carsystem,carsystem,Carsystem Polish Waffle Foam Yellow,carsystem-polish-waffle-foam-yellow,/products/carsystem/catalog/carsystem-polish-waffle-foam-yellow.webp,660,295,SOURCE_PIPELINE_REEXPORT_CANDIDATE_UNMEASURED,tone/source re-export (kandidat),RULE_BASED_CANDIDATE,CANDIDATE_NOT_YET_MEASURED,unknown,,,A_OK_NO_CHANGE,NONE,pipelineToneStatus = unknown; ekstrapolacija zabranjena (finalna odluka 9); sistemski re-export nije ni planiran ni odobren,NONE — 0 odobreno / 0 integrisano; bez mass apply; runtime productImage nepromenjen,,YES (sourceSha256 + veličina fajla isti),https://www.carsystem.org/fileadmin/_processed_/4/1/csm_157058-059-polish-waffle-foam-yellow-liegend_966e037573.png,https://www.carsystem.org/fileadmin/products/images/157.058/157058-059-polish-waffle-foam-yellow-liegend.png,IMAGE_QUALITY_REVIEW_ONLY,pravilo: današnji manifest porekla (izvor = _processed_ PNG derivat); par NIJE meren,"NIJE potvrđen defekt. Isti tip izvora kao 15 izmerenih parova — to je razlog za merenje, ne rezultat merenja."
carsystem__carsystem-polish-x8000-ah#FIT_MEASURES_BAKED_SHADOW,carsystem__carsystem-polish-x8000-ah,carsystem,carsystem,Carsystem Polish X8000 AH,carsystem-polish-x8000-ah,/products/carsystem/catalog/carsystem-polish-x8000-ah.webp,660,980,FIT_MEASURES_BAKED_SHADOW,"crop/fit (rendering, ne asset)",HISTORICAL_CONFIRMED,KNOWN_RENDERING_ISSUE,unknown,,,A_OK_NO_CHANGE,CSS_RENDERING_PROBLEM,"rešenje = V6A hibridni subjectBox (merenjem, bez izmene fajla; bez cropa) — IMPLEMENTED_AND_VERIFIED u starom worktree-u, NIJE na main; ne portuje se",NONE — 0 odobreno / 0 integrisano; bez mass apply; runtime productImage nepromenjen,,YES (sourceSha256 + veličina fajla isti),https://www.carsystem.org/fileadmin/_processed_/a/d/csm_160.451-polish-x8000_b26200dc76.webp,https://www.carsystem.org/fileadmin/products/images/160.451/160.451-polish-x8000.webp,APPROVED_RUNTIME_IMAGE,historical-evidence/css-rendering-candidates.csv,"linearni manjak 16.7 %, manjak površine 17.2 %; inflacija boxa 1.2072"
carsystem__carsystem-polishing-back-pad#SOURCE_PIPELINE_REEXPORT_CANDIDATE_UNMEASURED,carsystem__carsystem-polishing-back-pad,carsystem,carsystem,Carsystem Polishing Back Pad,carsystem-polishing-back-pad,/products/carsystem/catalog/carsystem-polishing-back-pad.webp,660,660,SOURCE_PIPELINE_REEXPORT_CANDIDATE_UNMEASURED,tone/source re-export (kandidat),RULE_BASED_CANDIDATE,CANDIDATE_NOT_YET_MEASURED,unknown,,,A_OK_NO_CHANGE,NONE,pipelineToneStatus = unknown; ekstrapolacija zabranjena (finalna odluka 9); sistemski re-export nije ni planiran ni odobren,NONE — 0 odobreno / 0 integrisano; bez mass apply; runtime productImage nepromenjen,,YES (sourceSha256 + veličina fajla isti),https://www.carsystem.org/fileadmin/_processed_/6/5/csm_144916-cs-polishing-back-pad-77mm_c06a9932b6.png,https://www.carsystem.org/fileadmin/products/images/144.916/144916-cs-polishing-back-pad-77mm.png,IMAGE_QUALITY_REVIEW_ONLY,pravilo: današnji manifest porekla (izvor = _processed_ PNG derivat); par NIJE meren,"NIJE potvrđen defekt. Isti tip izvora kao 15 izmerenih parova — to je razlog za merenje, ne rezultat merenja."
carsystem__carsystem-polishing-machine-rc-166#SOURCE_PIPELINE_REEXPORT_CANDIDATE_UNMEASURED,carsystem__carsystem-polishing-machine-rc-166,carsystem,carsystem,Carsystem Polishing Machine RC 166,carsystem-polishing-machine-rc-166,/products/carsystem/catalog/carsystem-polishing-machine-rc-166.webp,660,531,SOURCE_PIPELINE_REEXPORT_CANDIDATE_UNMEASURED,tone/source re-export (kandidat),RULE_BASED_CANDIDATE,CANDIDATE_NOT_YET_MEASURED,unknown,,,A_OK_NO_CHANGE,NONE,pipelineToneStatus = unknown; ekstrapolacija zabranjena (finalna odluka 9); sistemski re-export nije ni planiran ni odobren,NONE — 0 odobreno / 0 integrisano; bez mass apply; runtime productImage nepromenjen,,YES (sourceSha256 + veličina fajla isti),https://www.carsystem.org/fileadmin/_processed_/5/0/csm_143723-cs-mini-polishing-machine-rc-166_c31a045f0f.png,https://www.carsystem.org/fileadmin/products/images/143.723/143723-cs-mini-polishing-machine-rc-166.png,IMAGE_QUALITY_REVIEW_ONLY,pravilo: današnji manifest porekla (izvor = _processed_ PNG derivat); par NIJE meren,"NIJE potvrđen defekt. Isti tip izvora kao 15 izmerenih parova — to je razlog za merenje, ne rezultat merenja."
carsystem__carsystem-polishing-pad-x1500#SOURCE_PIPELINE_REEXPORT_CANDIDATE_UNMEASURED,carsystem__carsystem-polishing-pad-x1500,carsystem,carsystem,Carsystem Polishing Pad X1500,carsystem-polishing-pad-x1500,/products/carsystem/catalog/carsystem-polishing-pad-x1500.webp,660,302,SOURCE_PIPELINE_REEXPORT_CANDIDATE_UNMEASURED,tone/source re-export (kandidat),RULE_BASED_CANDIDATE,CANDIDATE_NOT_YET_MEASURED,unknown,,,A_OK_NO_CHANGE,NONE,pipelineToneStatus = unknown; ekstrapolacija zabranjena (finalna odluka 9); sistemski re-export nije ni planiran ni odobren,NONE — 0 odobreno / 0 integrisano; bez mass apply; runtime productImage nepromenjen,,YES (sourceSha256 + veličina fajla isti),https://www.carsystem.org/fileadmin/_processed_/8/2/csm_160447-450-x1500-gruppe_b97c0a6660.png,https://www.carsystem.org/fileadmin/products/images/160.447/160447-450-x1500-gruppe.png,IMAGE_QUALITY_REVIEW_ONLY,pravilo: današnji manifest porekla (izvor = _processed_ PNG derivat); par NIJE meren,"NIJE potvrđen defekt. Isti tip izvora kao 15 izmerenih parova — to je razlog za merenje, ne rezultat merenja."
carsystem__carsystem-polishing-pad-x8000#CLASS_B_DETERMINISTIC_FIX,carsystem__carsystem-polishing-pad-x8000,carsystem,carsystem,Carsystem Polishing Pad X8000,carsystem-polishing-pad-x8000,/products/carsystem/catalog/carsystem-polishing-pad-x8000.webp,660,302,CLASS_B_DETERMINISTIC_FIX,asset (deterministički tretman),HISTORICAL_CONFIRMED,KNOWN_ASSET_ISSUE,unknown,,,B_DETERMINISTIC_FIX,BOTH,"klasa B — tretman tek posle odobrenja pilota (handoff §12.8); finalna pravila imaju prednost nad predlogom: bez cropa, bez globalnog brightness/gamma/contrast, bez AI",NONE — 0 odobreno / 0 integrisano; bez mass apply; runtime productImage nepromenjen,,YES (sourceSha256 + veličina fajla isti),https://www.carsystem.org/fileadmin/_processed_/3/5/csm_160452-453-x8000-ah-anti-hologramm_f63626e083.webp,https://www.carsystem.org/fileadmin/products/images/160.452/160452-453-x8000-ah-anti-hologramm.webp,APPROVED_RUNTIME_IMAGE,historical-evidence/CARSYSTEM_IMAGE_AUDIT.csv,nalaz: širok poluprovidni oreol/refleks u alfi | istorijski predlog: čišćenje alfa krive na ivici | rizik: nizak
carsystem__carsystem-polishing-pad-x8000#FIT_MEASURES_BAKED_SHADOW,carsystem__carsystem-polishing-pad-x8000,carsystem,carsystem,Carsystem Polishing Pad X8000,carsystem-polishing-pad-x8000,/products/carsystem/catalog/carsystem-polishing-pad-x8000.webp,660,302,FIT_MEASURES_BAKED_SHADOW,"crop/fit (rendering, ne asset)",HISTORICAL_CONFIRMED,KNOWN_RENDERING_ISSUE,unknown,,,B_DETERMINISTIC_FIX,BOTH,"rešenje = V6A hibridni subjectBox (merenjem, bez izmene fajla; bez cropa) — IMPLEMENTED_AND_VERIFIED u starom worktree-u, NIJE na main; ne portuje se",NONE — 0 odobreno / 0 integrisano; bez mass apply; runtime productImage nepromenjen,,YES (sourceSha256 + veličina fajla isti),https://www.carsystem.org/fileadmin/_processed_/3/5/csm_160452-453-x8000-ah-anti-hologramm_f63626e083.webp,https://www.carsystem.org/fileadmin/products/images/160.452/160452-453-x8000-ah-anti-hologramm.webp,APPROVED_RUNTIME_IMAGE,historical-evidence/css-rendering-candidates.csv,"linearni manjak 17.8 %, manjak površine 19.3 %; inflacija boxa 1.2389"
carsystem__carsystem-polyester-repair-resin#CLASS_B_DETERMINISTIC_FIX,carsystem__carsystem-polyester-repair-resin,carsystem,carsystem,Carsystem Polyester Repair Resin,carsystem-polyester-repair-resin,/products/carsystem/catalog/carsystem-polyester-repair-resin.webp,660,809,CLASS_B_DETERMINISTIC_FIX,asset (deterministički tretman),HISTORICAL_CONFIRMED,KNOWN_ASSET_ISSUE,unknown,,,B_DETERMINISTIC_FIX,BOTH,"klasa B — tretman tek posle odobrenja pilota (handoff §12.8); finalna pravila imaju prednost nad predlogom: bez cropa, bez globalnog brightness/gamma/contrast, bez AI",NONE — 0 odobreno / 0 integrisano; bez mass apply; runtime productImage nepromenjen,,YES (sourceSha256 + veličina fajla isti),https://www.carsystem.org/fileadmin/_processed_/8/4/csm_126.050-cs-poly-reparaturharz-inkl-haerter-1000g-3D_0fb9c2b548.png,https://www.carsystem.org/fileadmin/products/images/126.050/126.050-cs-poly-reparaturharz-inkl-haerter-1000g-3D.png,IMAGE_QUALITY_REVIEW_ONLY,historical-evidence/CARSYSTEM_IMAGE_AUDIT.csv,nalaz: širok poluprovidni oreol/refleks u alfi | istorijski predlog: čišćenje alfa krive na ivici | rizik: nizak
carsystem__carsystem-polyester-repair-resin#FIT_MEASURES_BAKED_SHADOW,carsystem__carsystem-polyester-repair-resin,carsystem,carsystem,Carsystem Polyester Repair Resin,carsystem-polyester-repair-resin,/products/carsystem/catalog/carsystem-polyester-repair-resin.webp,660,809,FIT_MEASURES_BAKED_SHADOW,"crop/fit (rendering, ne asset)",HISTORICAL_CONFIRMED,KNOWN_RENDERING_ISSUE,unknown,,,B_DETERMINISTIC_FIX,BOTH,"rešenje = V6A hibridni subjectBox (merenjem, bez izmene fajla; bez cropa) — IMPLEMENTED_AND_VERIFIED u starom worktree-u, NIJE na main; ne portuje se",NONE — 0 odobreno / 0 integrisano; bez mass apply; runtime productImage nepromenjen,,YES (sourceSha256 + veličina fajla isti),https://www.carsystem.org/fileadmin/_processed_/8/4/csm_126.050-cs-poly-reparaturharz-inkl-haerter-1000g-3D_0fb9c2b548.png,https://www.carsystem.org/fileadmin/products/images/126.050/126.050-cs-poly-reparaturharz-inkl-haerter-1000g-3D.png,IMAGE_QUALITY_REVIEW_ONLY,historical-evidence/css-rendering-candidates.csv,"linearni manjak 12.3 %, manjak površine 20.5 %; inflacija boxa 1.2578"
carsystem__carsystem-polyester-repair-resin#SOURCE_PIPELINE_REEXPORT_CANDIDATE_UNMEASURED,carsystem__carsystem-polyester-repair-resin,carsystem,carsystem,Carsystem Polyester Repair Resin,carsystem-polyester-repair-resin,/products/carsystem/catalog/carsystem-polyester-repair-resin.webp,660,809,SOURCE_PIPELINE_REEXPORT_CANDIDATE_UNMEASURED,tone/source re-export (kandidat),RULE_BASED_CANDIDATE,CANDIDATE_NOT_YET_MEASURED,unknown,,,B_DETERMINISTIC_FIX,BOTH,pipelineToneStatus = unknown; ekstrapolacija zabranjena (finalna odluka 9); sistemski re-export nije ni planiran ni odobren,NONE — 0 odobreno / 0 integrisano; bez mass apply; runtime productImage nepromenjen,,YES (sourceSha256 + veličina fajla isti),https://www.carsystem.org/fileadmin/_processed_/8/4/csm_126.050-cs-poly-reparaturharz-inkl-haerter-1000g-3D_0fb9c2b548.png,https://www.carsystem.org/fileadmin/products/images/126.050/126.050-cs-poly-reparaturharz-inkl-haerter-1000g-3D.png,IMAGE_QUALITY_REVIEW_ONLY,pravilo: današnji manifest porekla (izvor = _processed_ PNG derivat); par NIJE meren,"NIJE potvrđen defekt. Isti tip izvora kao 15 izmerenih parova — to je razlog za merenje, ne rezultat merenja."
carsystem__carsystem-polyester-repair-set#CLASS_B_DETERMINISTIC_FIX,carsystem__carsystem-polyester-repair-set,carsystem,carsystem,Carsystem Polyester Repair Set,carsystem-polyester-repair-set,/products/carsystem/catalog/carsystem-polyester-repair-set.webp,660,641,CLASS_B_DETERMINISTIC_FIX,asset (deterministički tretman),HISTORICAL_CONFIRMED,KNOWN_ASSET_ISSUE,unknown,,,B_DETERMINISTIC_FIX,BOTH,"klasa B — tretman tek posle odobrenja pilota (handoff §12.8); finalna pravila imaju prednost nad predlogom: bez cropa, bez globalnog brightness/gamma/contrast, bez AI",NONE — 0 odobreno / 0 integrisano; bez mass apply; runtime productImage nepromenjen,,YES (sourceSha256 + veličina fajla isti),https://www.carsystem.org/fileadmin/_processed_/0/5/csm_126.054-cs-polyester-reparaturset-800g-3D_b5c84adc20.png,https://www.carsystem.org/fileadmin/products/images/126.054/126.054-cs-polyester-reparaturset-800g-3D.png,IMAGE_QUALITY_REVIEW_ONLY,historical-evidence/CARSYSTEM_IMAGE_AUDIT.csv,"nalaz: širok poluprovidni oreol/refleks u alfi | istorijski predlog: čišćenje alfa krive na ivici | rizik: nizak; handoff: ispao iz pilota (original 20,8 MB nije meren)"
carsystem__carsystem-polyester-repair-set#FIT_MEASURES_BAKED_SHADOW,carsystem__carsystem-polyester-repair-set,carsystem,carsystem,Carsystem Polyester Repair Set,carsystem-polyester-repair-set,/products/carsystem/catalog/carsystem-polyester-repair-set.webp,660,641,FIT_MEASURES_BAKED_SHADOW,"crop/fit (rendering, ne asset)",HISTORICAL_CONFIRMED,KNOWN_RENDERING_ISSUE,unknown,,,B_DETERMINISTIC_FIX,BOTH,"rešenje = V6A hibridni subjectBox (merenjem, bez izmene fajla; bez cropa) — IMPLEMENTED_AND_VERIFIED u starom worktree-u, NIJE na main; ne portuje se",NONE — 0 odobreno / 0 integrisano; bez mass apply; runtime productImage nepromenjen,,YES (sourceSha256 + veličina fajla isti),https://www.carsystem.org/fileadmin/_processed_/0/5/csm_126.054-cs-polyester-reparaturset-800g-3D_b5c84adc20.png,https://www.carsystem.org/fileadmin/products/images/126.054/126.054-cs-polyester-reparaturset-800g-3D.png,IMAGE_QUALITY_REVIEW_ONLY,historical-evidence/css-rendering-candidates.csv,"linearni manjak 32.2 %, manjak površine 32.8 %; inflacija boxa 1.4879; handoff: ispao iz pilota (original 20,8 MB nije meren)"
carsystem__carsystem-polyester-repair-set#SOURCE_PIPELINE_REEXPORT_CANDIDATE_UNMEASURED,carsystem__carsystem-polyester-repair-set,carsystem,carsystem,Carsystem Polyester Repair Set,carsystem-polyester-repair-set,/products/carsystem/catalog/carsystem-polyester-repair-set.webp,660,641,SOURCE_PIPELINE_REEXPORT_CANDIDATE_UNMEASURED,tone/source re-export (kandidat),RULE_BASED_CANDIDATE,CANDIDATE_NOT_YET_MEASURED,unknown,,,B_DETERMINISTIC_FIX,BOTH,pipelineToneStatus = unknown; ekstrapolacija zabranjena (finalna odluka 9); sistemski re-export nije ni planiran ni odobren,NONE — 0 odobreno / 0 integrisano; bez mass apply; runtime productImage nepromenjen,,YES (sourceSha256 + veličina fajla isti),https://www.carsystem.org/fileadmin/_processed_/0/5/csm_126.054-cs-polyester-reparaturset-800g-3D_b5c84adc20.png,https://www.carsystem.org/fileadmin/products/images/126.054/126.054-cs-polyester-reparaturset-800g-3D.png,IMAGE_QUALITY_REVIEW_ONLY,pravilo: današnji manifest porekla (izvor = _processed_ PNG derivat); par NIJE meren,"NIJE potvrđen defekt. Isti tip izvora kao 15 izmerenih parova — to je razlog za merenje, ne rezultat merenja.; handoff: ispao iz pilota (original 20,8 MB nije meren)"
carsystem__carsystem-power-pu-bond#SOURCE_PIPELINE_REEXPORT_CANDIDATE_UNMEASURED,carsystem__carsystem-power-pu-bond,carsystem,carsystem,Carsystem Power PU Bond,carsystem-power-pu-bond,/products/carsystem/catalog/carsystem-power-pu-bond.webp,660,717,SOURCE_PIPELINE_REEXPORT_CANDIDATE_UNMEASURED,tone/source re-export (kandidat),RULE_BASED_CANDIDATE,CANDIDATE_NOT_YET_MEASURED,unknown,,,A_OK_NO_CHANGE,NONE,pipelineToneStatus = unknown; ekstrapolacija zabranjena (finalna odluka 9); sistemski re-export nije ni planiran ni odobren,NONE — 0 odobreno / 0 integrisano; bez mass apply; runtime productImage nepromenjen,,YES (sourceSha256 + veličina fajla isti),https://www.carsystem.org/fileadmin/_processed_/9/a/csm_159952-cs-power-pu-bond-transparent-50-ml_b37f580f9a.png,https://www.carsystem.org/fileadmin/products/images/159.952/159952-cs-power-pu-bond-transparent-50-ml.png,IMAGE_QUALITY_REVIEW_ONLY,pravilo: današnji manifest porekla (izvor = _processed_ PNG derivat); par NIJE meren,"NIJE potvrđen defekt. Isti tip izvora kao 15 izmerenih parova — to je razlog za merenje, ne rezultat merenja."
carsystem__carsystem-power-pu-bond-film#SOURCE_PIPELINE_REEXPORT_CANDIDATE_UNMEASURED,carsystem__carsystem-power-pu-bond-film,carsystem,carsystem,Carsystem Power PU Bond Film,carsystem-power-pu-bond-film,/products/carsystem/catalog/carsystem-power-pu-bond-film.webp,660,376,SOURCE_PIPELINE_REEXPORT_CANDIDATE_UNMEASURED,tone/source re-export (kandidat),RULE_BASED_CANDIDATE,CANDIDATE_NOT_YET_MEASURED,unknown,,,A_OK_NO_CHANGE,NONE,pipelineToneStatus = unknown; ekstrapolacija zabranjena (finalna odluka 9); sistemski re-export nije ni planiran ni odobren,NONE — 0 odobreno / 0 integrisano; bez mass apply; runtime productImage nepromenjen,,YES (sourceSha256 + veličina fajla isti),https://www.carsystem.org/fileadmin/_processed_/c/6/csm_159958-cs-power-mix-film-2-0_a0bb88b5e3.png,https://www.carsystem.org/fileadmin/products/images/159.958/159958-cs-power-mix-film-2-0.png,IMAGE_QUALITY_REVIEW_ONLY,pravilo: današnji manifest porekla (izvor = _processed_ PNG derivat); par NIJE meren,"NIJE potvrđen defekt. Isti tip izvora kao 15 izmerenih parova — to je razlog za merenje, ne rezultat merenja."
carsystem__carsystem-power-pu-bond-gun#SOURCE_PIPELINE_REEXPORT_CANDIDATE_UNMEASURED,carsystem__carsystem-power-pu-bond-gun,carsystem,carsystem,Carsystem Power PU Bond Gun,carsystem-power-pu-bond-gun,/products/carsystem/catalog/carsystem-power-pu-bond-gun.webp,660,385,SOURCE_PIPELINE_REEXPORT_CANDIDATE_UNMEASURED,tone/source re-export (kandidat),RULE_BASED_CANDIDATE,CANDIDATE_NOT_YET_MEASURED,unknown,,,A_OK_NO_CHANGE,NONE,pipelineToneStatus = unknown; ekstrapolacija zabranjena (finalna odluka 9); sistemski re-export nije ni planiran ni odobren,NONE — 0 odobreno / 0 integrisano; bez mass apply; runtime productImage nepromenjen,,YES (sourceSha256 + veličina fajla isti),https://www.carsystem.org/fileadmin/_processed_/1/0/csm_140927cs-power-pu-bond-gun_efc81f2110.png,https://www.carsystem.org/fileadmin/products/images/140.927/140927cs-power-pu-bond-gun.png,IMAGE_QUALITY_REVIEW_ONLY,pravilo: današnji manifest porekla (izvor = _processed_ PNG derivat); par NIJE meren,"NIJE potvrđen defekt. Isti tip izvora kao 15 izmerenih parova — to je razlog za merenje, ne rezultat merenja."
carsystem__carsystem-prep-brush#SOURCE_PIPELINE_REEXPORT_CANDIDATE_UNMEASURED,carsystem__carsystem-prep-brush,carsystem,carsystem,Carsystem Prep-Brush,carsystem-prep-brush,/products/carsystem/catalog/carsystem-prep-brush.webp,660,354,SOURCE_PIPELINE_REEXPORT_CANDIDATE_UNMEASURED,tone/source re-export (kandidat),RULE_BASED_CANDIDATE,CANDIDATE_NOT_YET_MEASURED,unknown,,,A_OK_NO_CHANGE,NONE,pipelineToneStatus = unknown; ekstrapolacija zabranjena (finalna odluka 9); sistemski re-export nije ni planiran ni odobren,NONE — 0 odobreno / 0 integrisano; bez mass apply; runtime productImage nepromenjen,,YES (sourceSha256 + veličina fajla isti),https://www.carsystem.org/fileadmin/_processed_/4/c/csm_159.696-cs-prep-brush-5-cm.png_8e03823813.png,https://www.carsystem.org/fileadmin/products/images/159.696/159.696-cs-prep-brush-5-cm.png.png,IMAGE_QUALITY_REVIEW_ONLY,pravilo: današnji manifest porekla (izvor = _processed_ PNG derivat); par NIJE meren,"NIJE potvrđen defekt. Isti tip izvora kao 15 izmerenih parova — to je razlog za merenje, ne rezultat merenja."
carsystem__carsystem-prep-hand-ii#SOURCE_PIPELINE_REEXPORT_CANDIDATE_UNMEASURED,carsystem__carsystem-prep-hand-ii,carsystem,carsystem,Carsystem Prep Hand II,carsystem-prep-hand-ii,/products/carsystem/catalog/carsystem-prep-hand-ii.webp,660,727,SOURCE_PIPELINE_REEXPORT_CANDIDATE_UNMEASURED,tone/source re-export (kandidat),RULE_BASED_CANDIDATE,CANDIDATE_NOT_YET_MEASURED,unknown,,,A_OK_NO_CHANGE,NONE,pipelineToneStatus = unknown; ekstrapolacija zabranjena (finalna odluka 9); sistemski re-export nije ni planiran ni odobren,NONE — 0 odobreno / 0 integrisano; bez mass apply; runtime productImage nepromenjen,,YES (sourceSha256 + veličina fajla isti),https://www.carsystem.org/fileadmin/_processed_/0/b/csm_150719-720-721-prep-hand-II-1_b22ab07e5a.png,https://www.carsystem.org/fileadmin/products/images/150.719/150719-720-721-prep-hand-II-1.png,IMAGE_QUALITY_REVIEW_ONLY,pravilo: današnji manifest porekla (izvor = _processed_ PNG derivat); par NIJE meren,"NIJE potvrđen defekt. Isti tip izvora kao 15 izmerenih parova — to je razlog za merenje, ne rezultat merenja."
carsystem__carsystem-prep-hand-iii#SOURCE_PIPELINE_REEXPORT_CANDIDATE_UNMEASURED,carsystem__carsystem-prep-hand-iii,carsystem,carsystem,Carsystem Prep Hand III,carsystem-prep-hand-iii,/products/carsystem/catalog/carsystem-prep-hand-iii.webp,660,727,SOURCE_PIPELINE_REEXPORT_CANDIDATE_UNMEASURED,tone/source re-export (kandidat),RULE_BASED_CANDIDATE,CANDIDATE_NOT_YET_MEASURED,unknown,,,A_OK_NO_CHANGE,NONE,pipelineToneStatus = unknown; ekstrapolacija zabranjena (finalna odluka 9); sistemski re-export nije ni planiran ni odobren,NONE — 0 odobreno / 0 integrisano; bez mass apply; runtime productImage nepromenjen,,YES (sourceSha256 + veličina fajla isti),https://www.carsystem.org/fileadmin/_processed_/9/c/csm_145132-133-prep-hand-III_9d970d6288.png,https://www.carsystem.org/fileadmin/products/images/145.132/145132-133-prep-hand-III.png,IMAGE_QUALITY_REVIEW_ONLY,pravilo: današnji manifest porekla (izvor = _processed_ PNG derivat); par NIJE meren,"NIJE potvrđen defekt. Isti tip izvora kao 15 izmerenih parova — to je razlog za merenje, ne rezultat merenja."
carsystem__carsystem-prep-scuff#SOURCE_PIPELINE_REEXPORT_CANDIDATE_UNMEASURED,carsystem__carsystem-prep-scuff,carsystem,carsystem,Carsystem Prep & Scuff,carsystem-prep-scuff,/products/carsystem/catalog/carsystem-prep-scuff.webp,660,1275,SOURCE_PIPELINE_REEXPORT_CANDIDATE_UNMEASURED,tone/source re-export (kandidat),RULE_BASED_CANDIDATE,CANDIDATE_NOT_YET_MEASURED,unknown,,,A_OK_NO_CHANGE,NONE,pipelineToneStatus = unknown; ekstrapolacija zabranjena (finalna odluka 9); sistemski re-export nije ni planiran ni odobren,NONE — 0 odobreno / 0 integrisano; bez mass apply; runtime productImage nepromenjen,,YES (sourceSha256 + veličina fajla isti),https://www.carsystem.org/fileadmin/_processed_/8/2/csm_137547-prep-scuff-mattierungsgel_0a91261f52.png,https://www.carsystem.org/fileadmin/products/images/137.547/137547-prep-scuff-mattierungsgel.png,IMAGE_QUALITY_REVIEW_ONLY,pravilo: današnji manifest porekla (izvor = _processed_ PNG derivat); par NIJE meren,"NIJE potvrđen defekt. Isti tip izvora kao 15 izmerenih parova — to je razlog za merenje, ne rezultat merenja."
carsystem__carsystem-proflex-back-pad-psa#SOURCE_PIPELINE_REEXPORT_CANDIDATE_UNMEASURED,carsystem__carsystem-proflex-back-pad-psa,carsystem,carsystem,Carsystem ProFlex Back Pad PSA,carsystem-proflex-back-pad-psa,/products/carsystem/catalog/carsystem-proflex-back-pad-psa.webp,660,315,SOURCE_PIPELINE_REEXPORT_CANDIDATE_UNMEASURED,tone/source re-export (kandidat),RULE_BASED_CANDIDATE,CANDIDATE_NOT_YET_MEASURED,unknown,,,A_OK_NO_CHANGE,NONE,pipelineToneStatus = unknown; ekstrapolacija zabranjena (finalna odluka 9); sistemski re-export nije ni planiran ni odobren,NONE — 0 odobreno / 0 integrisano; bez mass apply; runtime productImage nepromenjen,,YES (sourceSha256 + veličina fajla isti),https://www.carsystem.org/fileadmin/_processed_/b/2/csm_155153-cs-proflex-back-pad-30mm-psa-pack-2st_7bcfaa2379.png,https://www.carsystem.org/fileadmin/products/images/155.153/155153-cs-proflex-back-pad-30mm-psa-pack-2st.png,IMAGE_QUALITY_REVIEW_ONLY,pravilo: današnji manifest porekla (izvor = _processed_ PNG derivat); par NIJE meren,"NIJE potvrđen defekt. Isti tip izvora kao 15 izmerenih parova — to je razlog za merenje, ne rezultat merenja."
carsystem__carsystem-proflex-hydra-152-mm#SOURCE_PIPELINE_REEXPORT_CANDIDATE_UNMEASURED,carsystem__carsystem-proflex-hydra-152-mm,carsystem,carsystem,Carsystem ProFlex Hydra – Ø 152 mm,carsystem-proflex-hydra-152-mm,/products/carsystem/catalog/carsystem-proflex-hydra-152-mm.webp,660,660,SOURCE_PIPELINE_REEXPORT_CANDIDATE_UNMEASURED,tone/source re-export (kandidat),RULE_BASED_CANDIDATE,CANDIDATE_NOT_YET_MEASURED,unknown,,,A_OK_NO_CHANGE,NONE,pipelineToneStatus = unknown; ekstrapolacija zabranjena (finalna odluka 9); sistemski re-export nije ni planiran ni odobren,NONE — 0 odobreno / 0 integrisano; bez mass apply; runtime productImage nepromenjen,,YES (sourceSha256 + veličina fajla isti),https://www.carsystem.org/fileadmin/_processed_/9/d/csm_159463-464-cs-proflex-hydra-152-mm_de23b70680.png,https://www.carsystem.org/fileadmin/products/images/159.463/159463-464-cs-proflex-hydra-152-mm.png,IMAGE_QUALITY_REVIEW_ONLY,pravilo: današnji manifest porekla (izvor = _processed_ PNG derivat); par NIJE meren,"NIJE potvrđen defekt. Isti tip izvora kao 15 izmerenih parova — to je razlog za merenje, ne rezultat merenja."
carsystem__carsystem-proflex-hydra-75-mm#SOURCE_PIPELINE_REEXPORT_CANDIDATE_UNMEASURED,carsystem__carsystem-proflex-hydra-75-mm,carsystem,carsystem,Carsystem ProFlex Hydra – Ø 75 mm,carsystem-proflex-hydra-75-mm,/products/carsystem/catalog/carsystem-proflex-hydra-75-mm.webp,660,660,SOURCE_PIPELINE_REEXPORT_CANDIDATE_UNMEASURED,tone/source re-export (kandidat),RULE_BASED_CANDIDATE,CANDIDATE_NOT_YET_MEASURED,unknown,,,A_OK_NO_CHANGE,NONE,pipelineToneStatus = unknown; ekstrapolacija zabranjena (finalna odluka 9); sistemski re-export nije ni planiran ni odobren,NONE — 0 odobreno / 0 integrisano; bez mass apply; runtime productImage nepromenjen,,YES (sourceSha256 + veličina fajla isti),https://www.carsystem.org/fileadmin/_processed_/6/a/csm_159461-462-cs-proflex-hydra-75-mm_e096a42ea8.png,https://www.carsystem.org/fileadmin/products/images/159.461/159461-462-cs-proflex-hydra-75-mm.png,IMAGE_QUALITY_REVIEW_ONLY,pravilo: današnji manifest porekla (izvor = _processed_ PNG derivat); par NIJE meren,"NIJE potvrđen defekt. Isti tip izvora kao 15 izmerenih parova — to je razlog za merenje, ne rezultat merenja."
carsystem__carsystem-proflex-interface-pad-150-mm-15-holes#SOURCE_PIPELINE_REEXPORT_CANDIDATE_UNMEASURED,carsystem__carsystem-proflex-interface-pad-150-mm-15-holes,carsystem,carsystem,Carsystem ProFlex Interface Pad – 150 mm - 15 holes,carsystem-proflex-interface-pad-150-mm-15-holes,/products/carsystem/catalog/carsystem-proflex-interface-pad-150-mm-15-holes.webp,660,421,SOURCE_PIPELINE_REEXPORT_CANDIDATE_UNMEASURED,tone/source re-export (kandidat),RULE_BASED_CANDIDATE,CANDIDATE_NOT_YET_MEASURED,unknown,,,A_OK_NO_CHANGE,NONE,pipelineToneStatus = unknown; ekstrapolacija zabranjena (finalna odluka 9); sistemski re-export nije ni planiran ni odobren,NONE — 0 odobreno / 0 integrisano; bez mass apply; runtime productImage nepromenjen,,YES (sourceSha256 + veličina fajla isti),https://www.carsystem.org/fileadmin/_processed_/9/1/csm_154295-proflex-interface-pad-150mm-15l-gruppe_485f3f1b3f.png,https://www.carsystem.org/fileadmin/products/images/154.193/154295-proflex-interface-pad-150mm-15l-gruppe.png,IMAGE_QUALITY_REVIEW_ONLY,pravilo: današnji manifest porekla (izvor = _processed_ PNG derivat); par NIJE meren,"NIJE potvrđen defekt. Isti tip izvora kao 15 izmerenih parova — to je razlog za merenje, ne rezultat merenja."
carsystem__carsystem-proflex-interface-pad-30-mm#SOURCE_PIPELINE_REEXPORT_CANDIDATE_UNMEASURED,carsystem__carsystem-proflex-interface-pad-30-mm,carsystem,carsystem,Carsystem ProFlex Interface Pad – 30 mm,carsystem-proflex-interface-pad-30-mm,/products/carsystem/catalog/carsystem-proflex-interface-pad-30-mm.webp,660,845,SOURCE_PIPELINE_REEXPORT_CANDIDATE_UNMEASURED,tone/source re-export (kandidat),RULE_BASED_CANDIDATE,CANDIDATE_NOT_YET_MEASURED,unknown,,,A_OK_NO_CHANGE,NONE,pipelineToneStatus = unknown; ekstrapolacija zabranjena (finalna odluka 9); sistemski re-export nije ni planiran ni odobren,NONE — 0 odobreno / 0 integrisano; bez mass apply; runtime productImage nepromenjen,,YES (sourceSha256 + veličina fajla isti),https://www.carsystem.org/fileadmin/_processed_/f/8/csm_157137-cs-proflex-ifp-hard-zkck-30mm-pack-5st_642913d86d.png,https://www.carsystem.org/fileadmin/products/images/157.137/157137-cs-proflex-ifp-hard-zkck-30mm-pack-5st.png,IMAGE_QUALITY_REVIEW_ONLY,pravilo: današnji manifest porekla (izvor = _processed_ PNG derivat); par NIJE meren,"NIJE potvrđen defekt. Isti tip izvora kao 15 izmerenih parova — to je razlog za merenje, ne rezultat merenja."
carsystem__carsystem-proflex-interface-pad-75-mm#SOURCE_PIPELINE_REEXPORT_CANDIDATE_UNMEASURED,carsystem__carsystem-proflex-interface-pad-75-mm,carsystem,carsystem,Carsystem ProFlex Interface Pad – 75 mm,carsystem-proflex-interface-pad-75-mm,/products/carsystem/catalog/carsystem-proflex-interface-pad-75-mm.webp,660,660,SOURCE_PIPELINE_REEXPORT_CANDIDATE_UNMEASURED,tone/source re-export (kandidat),RULE_BASED_CANDIDATE,CANDIDATE_NOT_YET_MEASURED,unknown,,,A_OK_NO_CHANGE,NONE,pipelineToneStatus = unknown; ekstrapolacija zabranjena (finalna odluka 9); sistemski re-export nije ni planiran ni odobren,NONE — 0 odobreno / 0 integrisano; bez mass apply; runtime productImage nepromenjen,,YES (sourceSha256 + veličina fajla isti),https://www.carsystem.org/fileadmin/_processed_/4/b/csm_154296-154194-155098-cs-proflex-interface-pad-75mm-gruppe_20e3dc9043.png,https://www.carsystem.org/fileadmin/products/images/154.194/154296-154194-155098-cs-proflex-interface-pad-75mm-gruppe.png,IMAGE_QUALITY_REVIEW_ONLY,pravilo: današnji manifest porekla (izvor = _processed_ PNG derivat); par NIJE meren,"NIJE potvrđen defekt. Isti tip izvora kao 15 izmerenih parova — to je razlog za merenje, ne rezultat merenja."
carsystem__carsystem-proflex-interface-pad-finish-150-mm-15-holes#SOURCE_PIPELINE_REEXPORT_CANDIDATE_UNMEASURED,carsystem__carsystem-proflex-interface-pad-finish-150-mm-15-holes,carsystem,carsystem,Carsystem ProFlex Interface Pad Finish – 150 mm - 15 holes,carsystem-proflex-interface-pad-finish-150-mm-15-holes,/products/carsystem/catalog/carsystem-proflex-interface-pad-finish-150-mm-15-holes.webp,660,660,SOURCE_PIPELINE_REEXPORT_CANDIDATE_UNMEASURED,tone/source re-export (kandidat),RULE_BASED_CANDIDATE,CANDIDATE_NOT_YET_MEASURED,unknown,,,A_OK_NO_CHANGE,NONE,pipelineToneStatus = unknown; ekstrapolacija zabranjena (finalna odluka 9); sistemski re-export nije ni planiran ni odobren,NONE — 0 odobreno / 0 integrisano; bez mass apply; runtime productImage nepromenjen,,YES (sourceSha256 + veličina fajla isti),https://www.carsystem.org/fileadmin/_processed_/d/4/csm_159.078-cs-proflex-interface-pad-finish-150mm_7ad1816f31.png,https://www.carsystem.org/fileadmin/products/images/159.078/159.078-cs-proflex-interface-pad-finish-150mm.png,IMAGE_QUALITY_REVIEW_ONLY,pravilo: današnji manifest porekla (izvor = _processed_ PNG derivat); par NIJE meren,"NIJE potvrđen defekt. Isti tip izvora kao 15 izmerenih parova — to je razlog za merenje, ne rezultat merenja."
carsystem__carsystem-proflex-interface-pad-finish-75-mm#SOURCE_PIPELINE_REEXPORT_CANDIDATE_UNMEASURED,carsystem__carsystem-proflex-interface-pad-finish-75-mm,carsystem,carsystem,Carsystem ProFlex Interface Pad Finish – 75 mm,carsystem-proflex-interface-pad-finish-75-mm,/products/carsystem/catalog/carsystem-proflex-interface-pad-finish-75-mm.webp,660,660,SOURCE_PIPELINE_REEXPORT_CANDIDATE_UNMEASURED,tone/source re-export (kandidat),RULE_BASED_CANDIDATE,CANDIDATE_NOT_YET_MEASURED,unknown,,,A_OK_NO_CHANGE,NONE,pipelineToneStatus = unknown; ekstrapolacija zabranjena (finalna odluka 9); sistemski re-export nije ni planiran ni odobren,NONE — 0 odobreno / 0 integrisano; bez mass apply; runtime productImage nepromenjen,,YES (sourceSha256 + veličina fajla isti),https://www.carsystem.org/fileadmin/_processed_/b/d/csm_159.079-cs-proflex-interface-pad-finish-77-mm_e002fa7d20.png,https://www.carsystem.org/fileadmin/products/images/159.079/159.079-cs-proflex-interface-pad-finish-77-mm.png,IMAGE_QUALITY_REVIEW_ONLY,pravilo: današnji manifest porekla (izvor = _processed_ PNG derivat); par NIJE meren,"NIJE potvrđen defekt. Isti tip izvora kao 15 izmerenih parova — to je razlog za merenje, ne rezultat merenja."
carsystem__carsystem-proflex-jupiter-152-mm#MEASURED_TONE_DEFECT,carsystem__carsystem-proflex-jupiter-152-mm,carsystem,carsystem,Carsystem ProFlex Jupiter – 152 mm,carsystem-proflex-jupiter-152-mm,/products/carsystem/catalog/carsystem-proflex-jupiter-152-mm.webp,660,673,MEASURED_TONE_DEFECT,tone/source re-export,MEASURED,CONFIRMED_QUALITY_ISSUE,confirmed,2.26,-36.5,A_OK_NO_CHANGE,NONE,REEXPORT_FROM_OFFICIAL_ORIGINAL (ICC→sRGB samo ako profil postoji; bez globalnog brightness/gamma; bez AI) — tek posle odobrenja pilota,NONE — 0 odobreno / 0 integrisano; bez mass apply; runtime productImage nepromenjen,,YES (sourceSha256 + veličina fajla isti),https://www.carsystem.org/fileadmin/_processed_/6/6/csm_154660-cs-proflex-jupiter-152mm-ungelocht-p1500_621b2708b9.png,https://www.carsystem.org/fileadmin/products/images/154.660/154660-cs-proflex-jupiter-152mm-ungelocht-p1500.png,IMAGE_QUALITY_REVIEW_ONLY,historical-evidence/pipeline-tone-measurements.json,"izmeren par: original PNG 1000×1020, ICC da; medLum 177.3 → 112.7; 298361 piksela"
carsystem__carsystem-proflex-jupiter-152-mm-15-holes#SOURCE_PIPELINE_REEXPORT_CANDIDATE_UNMEASURED,carsystem__carsystem-proflex-jupiter-152-mm-15-holes,carsystem,carsystem,Carsystem ProFlex Jupiter – 152 mm - 15 holes,carsystem-proflex-jupiter-152-mm-15-holes,/products/carsystem/catalog/carsystem-proflex-jupiter-152-mm-15-holes.webp,660,661,SOURCE_PIPELINE_REEXPORT_CANDIDATE_UNMEASURED,tone/source re-export (kandidat),RULE_BASED_CANDIDATE,CANDIDATE_NOT_YET_MEASURED,unknown,,,A_OK_NO_CHANGE,NONE,pipelineToneStatus = unknown; ekstrapolacija zabranjena (finalna odluka 9); sistemski re-export nije ni planiran ni odobren,NONE — 0 odobreno / 0 integrisano; bez mass apply; runtime productImage nepromenjen,,YES (sourceSha256 + veličina fajla isti),https://www.carsystem.org/fileadmin/_processed_/4/e/csm_153470-cs-proflex-jupiter-152mm-15l-p2500_83230a3c7e.png,https://www.carsystem.org/fileadmin/products/images/153.469/153470-cs-proflex-jupiter-152mm-15l-p2500.png,IMAGE_QUALITY_REVIEW_ONLY,pravilo: današnji manifest porekla (izvor = _processed_ PNG derivat); par NIJE meren,"NIJE potvrđen defekt. Isti tip izvora kao 15 izmerenih parova — to je razlog za merenje, ne rezultat merenja."
carsystem__carsystem-proflex-jupiter-75-mm#SOURCE_PIPELINE_REEXPORT_CANDIDATE_UNMEASURED,carsystem__carsystem-proflex-jupiter-75-mm,carsystem,carsystem,Carsystem ProFlex Jupiter – 75 mm,carsystem-proflex-jupiter-75-mm,/products/carsystem/catalog/carsystem-proflex-jupiter-75-mm.webp,660,660,SOURCE_PIPELINE_REEXPORT_CANDIDATE_UNMEASURED,tone/source re-export (kandidat),RULE_BASED_CANDIDATE,CANDIDATE_NOT_YET_MEASURED,unknown,,,A_OK_NO_CHANGE,NONE,pipelineToneStatus = unknown; ekstrapolacija zabranjena (finalna odluka 9); sistemski re-export nije ni planiran ni odobren,NONE — 0 odobreno / 0 integrisano; bez mass apply; runtime productImage nepromenjen,,YES (sourceSha256 + veličina fajla isti),https://www.carsystem.org/fileadmin/_processed_/e/b/csm_153467-cs-proflex-jupiter-75mm-ungelocht-p2500_cc8cfb6523.png,https://www.carsystem.org/fileadmin/products/images/153.466/153467-cs-proflex-jupiter-75mm-ungelocht-p2500.png,IMAGE_QUALITY_REVIEW_ONLY,pravilo: današnji manifest porekla (izvor = _processed_ PNG derivat); par NIJE meren,"NIJE potvrđen defekt. Isti tip izvora kao 15 izmerenih parova — to je razlog za merenje, ne rezultat merenja."
carsystem__carsystem-proflex-jupiter-soft-152-mm#SOURCE_PIPELINE_REEXPORT_CANDIDATE_UNMEASURED,carsystem__carsystem-proflex-jupiter-soft-152-mm,carsystem,carsystem,Carsystem ProFlex Jupiter Soft – 152 mm,carsystem-proflex-jupiter-soft-152-mm,/products/carsystem/catalog/carsystem-proflex-jupiter-soft-152-mm.webp,660,649,SOURCE_PIPELINE_REEXPORT_CANDIDATE_UNMEASURED,tone/source re-export (kandidat),RULE_BASED_CANDIDATE,CANDIDATE_NOT_YET_MEASURED,unknown,,,A_OK_NO_CHANGE,NONE,pipelineToneStatus = unknown; ekstrapolacija zabranjena (finalna odluka 9); sistemski re-export nije ni planiran ni odobren,NONE — 0 odobreno / 0 integrisano; bez mass apply; runtime productImage nepromenjen,,YES (sourceSha256 + veličina fajla isti),https://www.carsystem.org/fileadmin/_processed_/3/9/csm_156509-cs-proflex-jupiter-soft-152mm-p600_b1d3e3824c.png,https://www.carsystem.org/fileadmin/products/images/156.509/156509-cs-proflex-jupiter-soft-152mm-p600.png,IMAGE_QUALITY_REVIEW_ONLY,pravilo: današnji manifest porekla (izvor = _processed_ PNG derivat); par NIJE meren,"NIJE potvrđen defekt. Isti tip izvora kao 15 izmerenih parova — to je razlog za merenje, ne rezultat merenja."
carsystem__carsystem-proflex-jupiter-soft-75-mm#SOURCE_PIPELINE_REEXPORT_CANDIDATE_UNMEASURED,carsystem__carsystem-proflex-jupiter-soft-75-mm,carsystem,carsystem,Carsystem ProFlex Jupiter Soft – 75 mm,carsystem-proflex-jupiter-soft-75-mm,/products/carsystem/catalog/carsystem-proflex-jupiter-soft-75-mm.webp,660,660,SOURCE_PIPELINE_REEXPORT_CANDIDATE_UNMEASURED,tone/source re-export (kandidat),RULE_BASED_CANDIDATE,CANDIDATE_NOT_YET_MEASURED,unknown,,,A_OK_NO_CHANGE,NONE,pipelineToneStatus = unknown; ekstrapolacija zabranjena (finalna odluka 9); sistemski re-export nije ni planiran ni odobren,NONE — 0 odobreno / 0 integrisano; bez mass apply; runtime productImage nepromenjen,,YES (sourceSha256 + veličina fajla isti),https://www.carsystem.org/fileadmin/_processed_/4/7/csm_156523-cs-proflex-jupiter-soft-77mm-p2000_a075b7f573.png,https://www.carsystem.org/fileadmin/products/images/156.522/156523-cs-proflex-jupiter-soft-77mm-p2000.png,IMAGE_QUALITY_REVIEW_ONLY,pravilo: današnji manifest porekla (izvor = _processed_ PNG derivat); par NIJE meren,"NIJE potvrđen defekt. Isti tip izvora kao 15 izmerenih parova — to je razlog za merenje, ne rezultat merenja."
carsystem__carsystem-proflex-jupiter-soft-h2o-152-mm#SOURCE_PIPELINE_REEXPORT_CANDIDATE_UNMEASURED,carsystem__carsystem-proflex-jupiter-soft-h2o-152-mm,carsystem,carsystem,Carsystem ProFlex Jupiter Soft H2O – 152 mm,carsystem-proflex-jupiter-soft-h2o-152-mm,/products/carsystem/catalog/carsystem-proflex-jupiter-soft-h2o-152-mm.webp,660,649,SOURCE_PIPELINE_REEXPORT_CANDIDATE_UNMEASURED,tone/source re-export (kandidat),RULE_BASED_CANDIDATE,CANDIDATE_NOT_YET_MEASURED,unknown,,,A_OK_NO_CHANGE,NONE,pipelineToneStatus = unknown; ekstrapolacija zabranjena (finalna odluka 9); sistemski re-export nije ni planiran ni odobren,NONE — 0 odobreno / 0 integrisano; bez mass apply; runtime productImage nepromenjen,,YES (sourceSha256 + veličina fajla isti),https://www.carsystem.org/fileadmin/_processed_/5/6/csm_156516-cs-proflex-jupiter-soft-h2o-152mm-p3000_329786cbae.png,https://www.carsystem.org/fileadmin/products/images/156.515/156516-cs-proflex-jupiter-soft-h2o-152mm-p3000.png,IMAGE_QUALITY_REVIEW_ONLY,pravilo: današnji manifest porekla (izvor = _processed_ PNG derivat); par NIJE meren,"NIJE potvrđen defekt. Isti tip izvora kao 15 izmerenih parova — to je razlog za merenje, ne rezultat merenja."
carsystem__carsystem-proflex-jupiter-soft-h2o-77-mm#SOURCE_PIPELINE_REEXPORT_CANDIDATE_UNMEASURED,carsystem__carsystem-proflex-jupiter-soft-h2o-77-mm,carsystem,carsystem,Carsystem ProFlex Jupiter Soft H2O – 77 mm,carsystem-proflex-jupiter-soft-h2o-77-mm,/products/carsystem/catalog/carsystem-proflex-jupiter-soft-h2o-77-mm.webp,660,660,SOURCE_PIPELINE_REEXPORT_CANDIDATE_UNMEASURED,tone/source re-export (kandidat),RULE_BASED_CANDIDATE,CANDIDATE_NOT_YET_MEASURED,unknown,,,A_OK_NO_CHANGE,NONE,pipelineToneStatus = unknown; ekstrapolacija zabranjena (finalna odluka 9); sistemski re-export nije ni planiran ni odobren,NONE — 0 odobreno / 0 integrisano; bez mass apply; runtime productImage nepromenjen,,YES (sourceSha256 + veličina fajla isti),https://www.carsystem.org/fileadmin/_processed_/1/a/csm_156524-cs-proflex-jupiter-soft-h2o-77mm-p2500_d6ad2a22f8.png,https://www.carsystem.org/fileadmin/products/images/156.524/156524-cs-proflex-jupiter-soft-h2o-77mm-p2500.png,IMAGE_QUALITY_REVIEW_ONLY,pravilo: današnji manifest porekla (izvor = _processed_ PNG derivat); par NIJE meren,"NIJE potvrđen defekt. Isti tip izvora kao 15 izmerenih parova — to je razlog za merenje, ne rezultat merenja."
carsystem__carsystem-proflex-mercury#CLASS_B_DETERMINISTIC_FIX,carsystem__carsystem-proflex-mercury,carsystem,carsystem,Carsystem ProFlex Mercury,carsystem-proflex-mercury,/products/carsystem/catalog/carsystem-proflex-mercury.webp,660,403,CLASS_B_DETERMINISTIC_FIX,asset (deterministički tretman),HISTORICAL_CONFIRMED,KNOWN_ASSET_ISSUE,confirmed,,,B_DETERMINISTIC_FIX,SOURCE_IMAGE_PROBLEM,"klasa B — tretman tek posle odobrenja pilota (handoff §12.8); finalna pravila imaju prednost nad predlogom: bez cropa, bez globalnog brightness/gamma/contrast, bez AI",NONE — 0 odobreno / 0 integrisano; bez mass apply; runtime productImage nepromenjen,,YES (sourceSha256 + veličina fajla isti),https://www.carsystem.org/fileadmin/_processed_/8/e/csm_153460-cs-proflex-mercury-29mmx35mm-p2000_760a4a3423.png,https://www.carsystem.org/fileadmin/products/images/153.460/153460-cs-proflex-mercury-29mmx35mm-p2000.png,IMAGE_QUALITY_REVIEW_ONLY,historical-evidence/CARSYSTEM_IMAGE_AUDIT.csv,"nalaz: materijal preko celog platna; IZMERENO: derivat tamniji od originala (medLum 129 -> 61, -53%) | istorijski predlog: re-export iz official originala + jedinstven padding platna | rizik: nizak; handoff: ceo kadar je alfa 229 i u originalu; da li se ispravlja na 255 je zasebna, NEDONESENA odluka; ispao iz pilota"
carsystem__carsystem-proflex-mercury#EDGE_ALPHA_SIGNAL_NOT_IN_HANDOFF,carsystem__carsystem-proflex-mercury,carsystem,carsystem,Carsystem ProFlex Mercury,carsystem-proflex-mercury,/products/carsystem/catalog/carsystem-proflex-mercury.webp,660,403,EDGE_ALPHA_SIGNAL_NOT_IN_HANDOFF,manual review,MANUAL_REVIEW_REQUIRED,NO_ACTION_APPROVED,confirmed,,,B_DETERMINISTIC_FIX,SOURCE_IMAGE_PROBLEM,NIJE handoff nalaz: istorijski detektor okvira (alphaVeil) = False; ne računa se kao BORDER_FRAME,NONE — 0 odobreno / 0 integrisano; bez mass apply; runtime productImage nepromenjen,,YES (sourceSha256 + veličina fajla isti),https://www.carsystem.org/fileadmin/_processed_/8/e/csm_153460-cs-proflex-mercury-29mmx35mm-p2000_760a4a3423.png,https://www.carsystem.org/fileadmin/products/images/153.460/153460-cs-proflex-mercury-29mmx35mm-p2000.png,IMAGE_QUALITY_REVIEW_ONLY,edge-frame.generated.json (gruba provera ivice iz ove sesije); BORDER_FRAME_STRIP simulacija NIJE rađena,"materijal preko celog platna (FULL_BLEED_BACKDROP, ugaona alfa 243) — signal ivice je svojstvo kadra, ne okvir; handoff: ceo kadar je alfa 229 i u originalu; da li se ispravlja na 255 je zasebna, NEDONESENA odluka; ispao iz pilota"
carsystem__carsystem-proflex-mercury#MEASURED_TONE_DEFECT,carsystem__carsystem-proflex-mercury,carsystem,carsystem,Carsystem ProFlex Mercury,carsystem-proflex-mercury,/products/carsystem/catalog/carsystem-proflex-mercury.webp,660,403,MEASURED_TONE_DEFECT,tone/source re-export,MEASURED,CONFIRMED_QUALITY_ISSUE,confirmed,2.11,-53.0,B_DETERMINISTIC_FIX,SOURCE_IMAGE_PROBLEM,REEXPORT_FROM_OFFICIAL_ORIGINAL (ICC→sRGB samo ako profil postoji; bez globalnog brightness/gamma; bez AI) — tek posle odobrenja pilota,NONE — 0 odobreno / 0 integrisano; bez mass apply; runtime productImage nepromenjen,,YES (sourceSha256 + veličina fajla isti),https://www.carsystem.org/fileadmin/_processed_/8/e/csm_153460-cs-proflex-mercury-29mmx35mm-p2000_760a4a3423.png,https://www.carsystem.org/fileadmin/products/images/153.460/153460-cs-proflex-mercury-29mmx35mm-p2000.png,IMAGE_QUALITY_REVIEW_ONLY,historical-evidence/pipeline-tone-measurements.json,"izmeren par: original PNG 1000×611, ICC ne; medLum 129.0 → 60.7; 263862 piksela; handoff: ceo kadar je alfa 229 i u originalu; da li se ispravlja na 255 je zasebna, NEDONESENA odluka; ispao iz pilota"
carsystem__carsystem-proflex-mercury-sanding-block#SOURCE_PIPELINE_REEXPORT_CANDIDATE_UNMEASURED,carsystem__carsystem-proflex-mercury-sanding-block,carsystem,carsystem,Carsystem ProFlex Mercury Sanding Block,carsystem-proflex-mercury-sanding-block,/products/carsystem/catalog/carsystem-proflex-mercury-sanding-block.webp,660,478,SOURCE_PIPELINE_REEXPORT_CANDIDATE_UNMEASURED,tone/source re-export (kandidat),RULE_BASED_CANDIDATE,CANDIDATE_NOT_YET_MEASURED,unknown,,,A_OK_NO_CHANGE,NONE,pipelineToneStatus = unknown; ekstrapolacija zabranjena (finalna odluka 9); sistemski re-export nije ni planiran ni odobren,NONE — 0 odobreno / 0 integrisano; bez mass apply; runtime productImage nepromenjen,,YES (sourceSha256 + veličina fajla isti),https://www.carsystem.org/fileadmin/_processed_/e/e/csm_154173-156555-cs-proflex-mercury-sanding-block-gruppe_940e1846e3.png,https://www.carsystem.org/fileadmin/products/images/154.173/154173-156555-cs-proflex-mercury-sanding-block-gruppe.png,IMAGE_QUALITY_REVIEW_ONLY,pravilo: današnji manifest porekla (izvor = _processed_ PNG derivat); par NIJE meren,"NIJE potvrđen defekt. Isti tip izvora kao 15 izmerenih parova — to je razlog za merenje, ne rezultat merenja."
carsystem__carsystem-proflex-neptune#CLASS_B_DETERMINISTIC_FIX,carsystem__carsystem-proflex-neptune,carsystem,carsystem,Carsystem ProFlex Neptune,carsystem-proflex-neptune,/products/carsystem/catalog/carsystem-proflex-neptune.webp,660,505,CLASS_B_DETERMINISTIC_FIX,asset (deterministički tretman),HISTORICAL_CONFIRMED,KNOWN_ASSET_ISSUE,unknown,,,B_DETERMINISTIC_FIX,SOURCE_IMAGE_PROBLEM,"klasa B — tretman tek posle odobrenja pilota (handoff §12.8); finalna pravila imaju prednost nad predlogom: bez cropa, bez globalnog brightness/gamma/contrast, bez AI",NONE — 0 odobreno / 0 integrisano; bez mass apply; runtime productImage nepromenjen,,YES (sourceSha256 + veličina fajla isti),https://www.carsystem.org/fileadmin/_processed_/8/4/csm_153474-cs-proflex-neptune-130x170mm-p1500_0623a5078e.png,https://www.carsystem.org/fileadmin/products/images/153.472/153474-cs-proflex-neptune-130x170mm-p1500.png,IMAGE_QUALITY_REVIEW_ONLY,historical-evidence/CARSYSTEM_IMAGE_AUDIT.csv,nalaz: puna pozadina bez cut-outa (materijal preko celog platna) | istorijski predlog: padding + blago izravnavanje nivoa; alfa nije potrebna | rizik: nizak
carsystem__carsystem-proflex-neptune#EDGE_ALPHA_SIGNAL_NOT_IN_HANDOFF,carsystem__carsystem-proflex-neptune,carsystem,carsystem,Carsystem ProFlex Neptune,carsystem-proflex-neptune,/products/carsystem/catalog/carsystem-proflex-neptune.webp,660,505,EDGE_ALPHA_SIGNAL_NOT_IN_HANDOFF,manual review,MANUAL_REVIEW_REQUIRED,NO_ACTION_APPROVED,unknown,,,B_DETERMINISTIC_FIX,SOURCE_IMAGE_PROBLEM,NIJE handoff nalaz: istorijski detektor okvira (alphaVeil) = False; ne računa se kao BORDER_FRAME,NONE — 0 odobreno / 0 integrisano; bez mass apply; runtime productImage nepromenjen,,YES (sourceSha256 + veličina fajla isti),https://www.carsystem.org/fileadmin/_processed_/8/4/csm_153474-cs-proflex-neptune-130x170mm-p1500_0623a5078e.png,https://www.carsystem.org/fileadmin/products/images/153.472/153474-cs-proflex-neptune-130x170mm-p1500.png,IMAGE_QUALITY_REVIEW_ONLY,edge-frame.generated.json (gruba provera ivice iz ove sesije); BORDER_FRAME_STRIP simulacija NIJE rađena,"materijal preko celog platna (FULL_BLEED_BACKDROP, ugaona alfa 243) — signal ivice je svojstvo kadra, ne okvir"
carsystem__carsystem-proflex-neptune#SOURCE_PIPELINE_REEXPORT_CANDIDATE_UNMEASURED,carsystem__carsystem-proflex-neptune,carsystem,carsystem,Carsystem ProFlex Neptune,carsystem-proflex-neptune,/products/carsystem/catalog/carsystem-proflex-neptune.webp,660,505,SOURCE_PIPELINE_REEXPORT_CANDIDATE_UNMEASURED,tone/source re-export (kandidat),RULE_BASED_CANDIDATE,CANDIDATE_NOT_YET_MEASURED,unknown,,,B_DETERMINISTIC_FIX,SOURCE_IMAGE_PROBLEM,pipelineToneStatus = unknown; ekstrapolacija zabranjena (finalna odluka 9); sistemski re-export nije ni planiran ni odobren,NONE — 0 odobreno / 0 integrisano; bez mass apply; runtime productImage nepromenjen,,YES (sourceSha256 + veličina fajla isti),https://www.carsystem.org/fileadmin/_processed_/8/4/csm_153474-cs-proflex-neptune-130x170mm-p1500_0623a5078e.png,https://www.carsystem.org/fileadmin/products/images/153.472/153474-cs-proflex-neptune-130x170mm-p1500.png,IMAGE_QUALITY_REVIEW_ONLY,pravilo: današnji manifest porekla (izvor = _processed_ PNG derivat); par NIJE meren,"NIJE potvrđen defekt. Isti tip izvora kao 15 izmerenih parova — to je razlog za merenje, ne rezultat merenja."
carsystem__carsystem-proflex-neptune-pad-maxgrip#SOURCE_PIPELINE_REEXPORT_CANDIDATE_UNMEASURED,carsystem__carsystem-proflex-neptune-pad-maxgrip,carsystem,carsystem,Carsystem ProFlex Neptune Pad MaxGrip,carsystem-proflex-neptune-pad-maxgrip,/products/carsystem/catalog/carsystem-proflex-neptune-pad-maxgrip.webp,660,389,SOURCE_PIPELINE_REEXPORT_CANDIDATE_UNMEASURED,tone/source re-export (kandidat),RULE_BASED_CANDIDATE,CANDIDATE_NOT_YET_MEASURED,unknown,,,A_OK_NO_CHANGE,NONE,pipelineToneStatus = unknown; ekstrapolacija zabranjena (finalna odluka 9); sistemski re-export nije ni planiran ni odobren,NONE — 0 odobreno / 0 integrisano; bez mass apply; runtime productImage nepromenjen,,YES (sourceSha256 + veličina fajla isti),https://www.carsystem.org/fileadmin/_processed_/8/e/csm_158097-proflex-neptune-pad-maxgrip_9a1e9b55f8.png,https://www.carsystem.org/fileadmin/products/images/158.097/158097-proflex-neptune-pad-maxgrip.png,IMAGE_QUALITY_REVIEW_ONLY,pravilo: današnji manifest porekla (izvor = _processed_ PNG derivat); par NIJE meren,"NIJE potvrđen defekt. Isti tip izvora kao 15 izmerenih parova — to je razlog za merenje, ne rezultat merenja."
carsystem__carsystem-proflex-neptune-soft#SOURCE_PIPELINE_REEXPORT_CANDIDATE_UNMEASURED,carsystem__carsystem-proflex-neptune-soft,carsystem,carsystem,Carsystem ProFlex Neptune Soft,carsystem-proflex-neptune-soft,/products/carsystem/catalog/carsystem-proflex-neptune-soft.webp,660,424,SOURCE_PIPELINE_REEXPORT_CANDIDATE_UNMEASURED,tone/source re-export (kandidat),RULE_BASED_CANDIDATE,CANDIDATE_NOT_YET_MEASURED,unknown,,,A_OK_NO_CHANGE,NONE,pipelineToneStatus = unknown; ekstrapolacija zabranjena (finalna odluka 9); sistemski re-export nije ni planiran ni odobren,NONE — 0 odobreno / 0 integrisano; bez mass apply; runtime productImage nepromenjen,,YES (sourceSha256 + veličina fajla isti),https://www.carsystem.org/fileadmin/_processed_/b/5/csm_157791-792-794-proflex-neptune-soft_3630a21572.png,https://www.carsystem.org/fileadmin/products/images/157.791/157791-792-794-proflex-neptune-soft.png,IMAGE_QUALITY_REVIEW_ONLY,pravilo: današnji manifest porekla (izvor = _processed_ PNG derivat); par NIJE meren,"NIJE potvrđen defekt. Isti tip izvora kao 15 izmerenih parova — to je razlog za merenje, ne rezultat merenja."
carsystem__carsystem-proflex-pluto#SOURCE_PIPELINE_REEXPORT_CANDIDATE_UNMEASURED,carsystem__carsystem-proflex-pluto,carsystem,carsystem,Carsystem ProFlex Pluto,carsystem-proflex-pluto,/products/carsystem/catalog/carsystem-proflex-pluto.webp,660,298,SOURCE_PIPELINE_REEXPORT_CANDIDATE_UNMEASURED,tone/source re-export (kandidat),RULE_BASED_CANDIDATE,CANDIDATE_NOT_YET_MEASURED,unknown,,,A_OK_NO_CHANGE,NONE,pipelineToneStatus = unknown; ekstrapolacija zabranjena (finalna odluka 9); sistemski re-export nije ni planiran ni odobren,NONE — 0 odobreno / 0 integrisano; bez mass apply; runtime productImage nepromenjen,,YES (sourceSha256 + veličina fajla isti),https://www.carsystem.org/fileadmin/_processed_/c/0/csm_154429-cs-proflex-pluto-34mm-p2000_3d53c8117a.png,https://www.carsystem.org/fileadmin/products/images/154.428/154429-cs-proflex-pluto-34mm-p2000.png,IMAGE_QUALITY_REVIEW_ONLY,pravilo: današnji manifest porekla (izvor = _processed_ PNG derivat); par NIJE meren,"NIJE potvrđen defekt. Isti tip izvora kao 15 izmerenih parova — to je razlog za merenje, ne rezultat merenja."
carsystem__carsystem-proflex-pluto-sanding-block#SOURCE_PIPELINE_REEXPORT_CANDIDATE_UNMEASURED,carsystem__carsystem-proflex-pluto-sanding-block,carsystem,carsystem,Carsystem ProFlex Pluto Sanding Block,carsystem-proflex-pluto-sanding-block,/products/carsystem/catalog/carsystem-proflex-pluto-sanding-block.webp,660,646,SOURCE_PIPELINE_REEXPORT_CANDIDATE_UNMEASURED,tone/source re-export (kandidat),RULE_BASED_CANDIDATE,CANDIDATE_NOT_YET_MEASURED,unknown,,,A_OK_NO_CHANGE,NONE,pipelineToneStatus = unknown; ekstrapolacija zabranjena (finalna odluka 9); sistemski re-export nije ni planiran ni odobren,NONE — 0 odobreno / 0 integrisano; bez mass apply; runtime productImage nepromenjen,,YES (sourceSha256 + veličina fajla isti),https://www.carsystem.org/fileadmin/_processed_/0/c/csm_cs-proflex-pluto-sanding-block-gruppe_14513efc24.png,https://www.carsystem.org/fileadmin/products/images/156.556/cs-proflex-pluto-sanding-block-gruppe.png,IMAGE_QUALITY_REVIEW_ONLY,pravilo: današnji manifest porekla (izvor = _processed_ PNG derivat); par NIJE meren,"NIJE potvrđen defekt. Isti tip izvora kao 15 izmerenih parova — to je razlog za merenje, ne rezultat merenja."
carsystem__carsystem-proflex-styx#SOURCE_PIPELINE_REEXPORT_CANDIDATE_UNMEASURED,carsystem__carsystem-proflex-styx,carsystem,carsystem,Carsystem ProFlex Styx,carsystem-proflex-styx,/products/carsystem/catalog/carsystem-proflex-styx.webp,660,402,SOURCE_PIPELINE_REEXPORT_CANDIDATE_UNMEASURED,tone/source re-export (kandidat),RULE_BASED_CANDIDATE,CANDIDATE_NOT_YET_MEASURED,unknown,,,A_OK_NO_CHANGE,NONE,pipelineToneStatus = unknown; ekstrapolacija zabranjena (finalna odluka 9); sistemski re-export nije ni planiran ni odobren,NONE — 0 odobreno / 0 integrisano; bez mass apply; runtime productImage nepromenjen,,YES (sourceSha256 + veličina fajla isti),https://www.carsystem.org/fileadmin/_processed_/c/c/csm_159738-159739-cs-proflex-styx_42e13ca6ef.png,https://www.carsystem.org/fileadmin/products/images/159.738/159738-159739-cs-proflex-styx.png,IMAGE_QUALITY_REVIEW_ONLY,pravilo: današnji manifest porekla (izvor = _processed_ PNG derivat); par NIJE meren,"NIJE potvrđen defekt. Isti tip izvora kao 15 izmerenih parova — to je razlog za merenje, ne rezultat merenja."
carsystem__carsystem-protective-film-spf#SOURCE_PIPELINE_REEXPORT_CANDIDATE_UNMEASURED,carsystem__carsystem-protective-film-spf,carsystem,carsystem,Carsystem Protective Film SPF,carsystem-protective-film-spf,/products/carsystem/catalog/carsystem-protective-film-spf.webp,660,491,SOURCE_PIPELINE_REEXPORT_CANDIDATE_UNMEASURED,tone/source re-export (kandidat),RULE_BASED_CANDIDATE,CANDIDATE_NOT_YET_MEASURED,unknown,,,A_OK_NO_CHANGE,NONE,pipelineToneStatus = unknown; ekstrapolacija zabranjena (finalna odluka 9); sistemski re-export nije ni planiran ni odobren,NONE — 0 odobreno / 0 integrisano; bez mass apply; runtime productImage nepromenjen,,YES (sourceSha256 + veličina fajla isti),https://www.carsystem.org/fileadmin/_processed_/b/c/csm_158145-schutzfolie-spf_ab55a9704f.png,https://www.carsystem.org/fileadmin/products/images/158.145/158145-schutzfolie-spf.png,IMAGE_QUALITY_REVIEW_ONLY,pravilo: današnji manifest porekla (izvor = _processed_ PNG derivat); par NIJE meren,"NIJE potvrđen defekt. Isti tip izvora kao 15 izmerenih parova — to je razlog za merenje, ne rezultat merenja."
carsystem__carsystem-pump-for-hand-cleaner-3-l#SOURCE_PIPELINE_REEXPORT_CANDIDATE_UNMEASURED,carsystem__carsystem-pump-for-hand-cleaner-3-l,carsystem,carsystem,Carsystem Pump for Hand Cleaner 3 l,carsystem-pump-for-hand-cleaner-3-l,/products/carsystem/catalog/carsystem-pump-for-hand-cleaner-3-l.webp,660,515,SOURCE_PIPELINE_REEXPORT_CANDIDATE_UNMEASURED,tone/source re-export (kandidat),RULE_BASED_CANDIDATE,CANDIDATE_NOT_YET_MEASURED,unknown,,,A_OK_NO_CHANGE,NONE,pipelineToneStatus = unknown; ekstrapolacija zabranjena (finalna odluka 9); sistemski re-export nije ni planiran ni odobren,NONE — 0 odobreno / 0 integrisano; bez mass apply; runtime productImage nepromenjen,,YES (sourceSha256 + veličina fajla isti),https://www.carsystem.org/fileadmin/_processed_/5/e/csm_155359-cs-pumpe-fuer-hand-cleaner-3-l_baac2779c7.png,https://www.carsystem.org/fileadmin/products/images/155.359/155359-cs-pumpe-fuer-hand-cleaner-3-l.png,IMAGE_QUALITY_REVIEW_ONLY,pravilo: današnji manifest porekla (izvor = _processed_ PNG derivat); par NIJE meren,"NIJE potvrđen defekt. Isti tip izvora kao 15 izmerenih parova — to je razlog za merenje, ne rezultat merenja."
carsystem__carsystem-pump-sprayer#SOURCE_PIPELINE_REEXPORT_CANDIDATE_UNMEASURED,carsystem__carsystem-pump-sprayer,carsystem,carsystem,Carsystem Pump Sprayer,carsystem-pump-sprayer,/products/carsystem/catalog/carsystem-pump-sprayer.webp,660,671,SOURCE_PIPELINE_REEXPORT_CANDIDATE_UNMEASURED,tone/source re-export (kandidat),RULE_BASED_CANDIDATE,CANDIDATE_NOT_YET_MEASURED,unknown,,,A_OK_NO_CHANGE,NONE,pipelineToneStatus = unknown; ekstrapolacija zabranjena (finalna odluka 9); sistemski re-export nije ni planiran ni odobren,NONE — 0 odobreno / 0 integrisano; bez mass apply; runtime productImage nepromenjen,,YES (sourceSha256 + veličina fajla isti),https://www.carsystem.org/fileadmin/_processed_/1/6/csm_142.808-157.412-cs-pump-spray-1l_a26af3eadb.png,https://www.carsystem.org/fileadmin/products/images/139.606/142.808-157.412-cs-pump-spray-1l.png,IMAGE_QUALITY_REVIEW_ONLY,pravilo: današnji manifest porekla (izvor = _processed_ PNG derivat); par NIJE meren,"NIJE potvrđen defekt. Isti tip izvora kao 15 izmerenih parova — to je razlog za merenje, ne rezultat merenja."
carsystem__carsystem-putty-dispenser#CLASS_B_DETERMINISTIC_FIX,carsystem__carsystem-putty-dispenser,carsystem,carsystem,Carsystem Putty dispenser,carsystem-putty-dispenser,/products/carsystem/catalog/carsystem-putty-dispenser.webp,660,1222,CLASS_B_DETERMINISTIC_FIX,asset (deterministički tretman),HISTORICAL_CONFIRMED,KNOWN_ASSET_ISSUE,confirmed,,,B_DETERMINISTIC_FIX,SOURCE_IMAGE_PROBLEM,"klasa B — tretman tek posle odobrenja pilota (handoff §12.8); finalna pravila imaju prednost nad predlogom: bez cropa, bez globalnog brightness/gamma/contrast, bez AI",NONE — 0 odobreno / 0 integrisano; bez mass apply; runtime productImage nepromenjen,,YES (sourceSha256 + veličina fajla isti),https://www.carsystem.org/fileadmin/_processed_/5/8/csm_123840-123859-dispenser-gruppe_5ed6363069.png,https://www.carsystem.org/fileadmin/products/images/123.840/123840-123859-dispenser-gruppe.png,IMAGE_QUALITY_REVIEW_ONLY,historical-evidence/CARSYSTEM_IMAGE_AUDIT.csv,nalaz: pregorele bele površine | istorijski predlog: korekcija nivoa u gornjem opsegu | rizik: nizak
carsystem__carsystem-putty-dispenser#MEASURED_TONE_DEFECT,carsystem__carsystem-putty-dispenser,carsystem,carsystem,Carsystem Putty dispenser,carsystem-putty-dispenser,/products/carsystem/catalog/carsystem-putty-dispenser.webp,660,1222,MEASURED_TONE_DEFECT,tone/source re-export,MEASURED,CONFIRMED_QUALITY_ISSUE,confirmed,2.23,-31.7,B_DETERMINISTIC_FIX,SOURCE_IMAGE_PROBLEM,REEXPORT_FROM_OFFICIAL_ORIGINAL (ICC→sRGB samo ako profil postoji; bez globalnog brightness/gamma; bez AI) — tek posle odobrenja pilota,NONE — 0 odobreno / 0 integrisano; bez mass apply; runtime productImage nepromenjen,,YES (sourceSha256 + veličina fajla isti),https://www.carsystem.org/fileadmin/_processed_/5/8/csm_123840-123859-dispenser-gruppe_5ed6363069.png,https://www.carsystem.org/fileadmin/products/images/123.840/123840-123859-dispenser-gruppe.png,IMAGE_QUALITY_REVIEW_ONLY,historical-evidence/pipeline-tone-measurements.json,"izmeren par: original PNG 540×1000, ICC ne; medLum 186.3 → 127.3; 251808 piksela"
carsystem__carsystem-putty-knife#SOURCE_PIPELINE_REEXPORT_CANDIDATE_UNMEASURED,carsystem__carsystem-putty-knife,carsystem,carsystem,Carsystem Putty Knife,carsystem-putty-knife,/products/carsystem/catalog/carsystem-putty-knife.webp,660,380,SOURCE_PIPELINE_REEXPORT_CANDIDATE_UNMEASURED,tone/source re-export (kandidat),RULE_BASED_CANDIDATE,CANDIDATE_NOT_YET_MEASURED,unknown,,,A_OK_NO_CHANGE,NONE,pipelineToneStatus = unknown; ekstrapolacija zabranjena (finalna odluka 9); sistemski re-export nije ni planiran ni odobren,NONE — 0 odobreno / 0 integrisano; bez mass apply; runtime productImage nepromenjen,,YES (sourceSha256 + veličina fajla isti),https://www.carsystem.org/fileadmin/_processed_/4/a/csm_137435-36-37-cs-putty-knife-stahlspachtel-60-80-100mm_c54474f2a4.png,https://www.carsystem.org/fileadmin/products/images/137.435/137435-36-37-cs-putty-knife-stahlspachtel-60-80-100mm.png,IMAGE_QUALITY_REVIEW_ONLY,pravilo: današnji manifest porekla (izvor = _processed_ PNG derivat); par NIJE meren,"NIJE potvrđen defekt. Isti tip izvora kao 15 izmerenih parova — to je razlog za merenje, ne rezultat merenja."
carsystem__carsystem-putty-mix-board#SOURCE_PIPELINE_REEXPORT_CANDIDATE_UNMEASURED,carsystem__carsystem-putty-mix-board,carsystem,carsystem,Carsystem Putty Mix Board,carsystem-putty-mix-board,/products/carsystem/catalog/carsystem-putty-mix-board.webp,660,765,SOURCE_PIPELINE_REEXPORT_CANDIDATE_UNMEASURED,tone/source re-export (kandidat),RULE_BASED_CANDIDATE,CANDIDATE_NOT_YET_MEASURED,unknown,,,A_OK_NO_CHANGE,NONE,pipelineToneStatus = unknown; ekstrapolacija zabranjena (finalna odluka 9); sistemski re-export nije ni planiran ni odobren,NONE — 0 odobreno / 0 integrisano; bez mass apply; runtime productImage nepromenjen,,YES (sourceSha256 + veličina fajla isti),https://www.carsystem.org/fileadmin/_processed_/f/4/csm_142206-cs-putty-mix-board_3755ef3bb0.png,https://www.carsystem.org/fileadmin/products/images/142.206/142206-cs-putty-mix-board.png,IMAGE_QUALITY_REVIEW_ONLY,pravilo: današnji manifest porekla (izvor = _processed_ PNG derivat); par NIJE meren,"NIJE potvrđen defekt. Isti tip izvora kao 15 izmerenih parova — to je razlog za merenje, ne rezultat merenja."
carsystem__carsystem-rallye-spray-premium-black-glossy#FIT_MEASURES_BAKED_SHADOW,carsystem__carsystem-rallye-spray-premium-black-glossy,carsystem,carsystem,Carsystem Rallye-Spray Premium – black glossy,carsystem-rallye-spray-premium-black-glossy,/products/carsystem/catalog/carsystem-rallye-spray-premium-black-glossy.webp,660,1378,FIT_MEASURES_BAKED_SHADOW,"crop/fit (rendering, ne asset)",HISTORICAL_CONFIRMED,KNOWN_RENDERING_ISSUE,unknown,,,A_OK_NO_CHANGE,CSS_RENDERING_PROBLEM,"rešenje = V6A hibridni subjectBox (merenjem, bez izmene fajla; bez cropa) — IMPLEMENTED_AND_VERIFIED u starom worktree-u, NIJE na main; ne portuje se",NONE — 0 odobreno / 0 integrisano; bez mass apply; runtime productImage nepromenjen,,YES (sourceSha256 + veličina fajla isti),https://www.carsystem.org/fileadmin/_processed_/2/4/csm_149.219-rallye-spray-premium-schwarz-glaenzend_ac574e79ba.webp,https://www.carsystem.org/fileadmin/products/images/149.219/149.219-rallye-spray-premium-schwarz-glaenzend.webp,APPROVED_RUNTIME_IMAGE,historical-evidence/css-rendering-candidates.csv,"linearni manjak 29.7 %, manjak površine 31.8 %; inflacija boxa 1.4661"
carsystem__carsystem-rallye-spray-premium-black-matt#FIT_MEASURES_BAKED_SHADOW,carsystem__carsystem-rallye-spray-premium-black-matt,carsystem,carsystem,Carsystem Rallye-Spray Premium – black matt,carsystem-rallye-spray-premium-black-matt,/products/carsystem/catalog/carsystem-rallye-spray-premium-black-matt.webp,660,1378,FIT_MEASURES_BAKED_SHADOW,"crop/fit (rendering, ne asset)",HISTORICAL_CONFIRMED,KNOWN_RENDERING_ISSUE,unknown,,,A_OK_NO_CHANGE,CSS_RENDERING_PROBLEM,"rešenje = V6A hibridni subjectBox (merenjem, bez izmene fajla; bez cropa) — IMPLEMENTED_AND_VERIFIED u starom worktree-u, NIJE na main; ne portuje se",NONE — 0 odobreno / 0 integrisano; bez mass apply; runtime productImage nepromenjen,,YES (sourceSha256 + veličina fajla isti),https://www.carsystem.org/fileadmin/_processed_/6/7/csm_149.218-rallye-spray-schwarz-matt_284bcc6f8d.webp,https://www.carsystem.org/fileadmin/products/images/149.218/149.218-rallye-spray-schwarz-matt.webp,APPROVED_RUNTIME_IMAGE,historical-evidence/css-rendering-candidates.csv,"linearni manjak 29.7 %, manjak površine 31.8 %; inflacija boxa 1.4661"
carsystem__carsystem-red-tape#SOURCE_PIPELINE_REEXPORT_CANDIDATE_UNMEASURED,carsystem__carsystem-red-tape,carsystem,carsystem,Carsystem Red Tape,carsystem-red-tape,/products/carsystem/catalog/carsystem-red-tape.webp,660,686,SOURCE_PIPELINE_REEXPORT_CANDIDATE_UNMEASURED,tone/source re-export (kandidat),RULE_BASED_CANDIDATE,CANDIDATE_NOT_YET_MEASURED,unknown,,,A_OK_NO_CHANGE,NONE,pipelineToneStatus = unknown; ekstrapolacija zabranjena (finalna odluka 9); sistemski re-export nije ni planiran ni odobren,NONE — 0 odobreno / 0 integrisano; bez mass apply; runtime productImage nepromenjen,,YES (sourceSha256 + veličina fajla isti),https://www.carsystem.org/fileadmin/_processed_/0/b/csm_160211-cs-red-tape-l_479067aef0.png,https://www.carsystem.org/fileadmin/products/images/160.210/160211-cs-red-tape-l.png,IMAGE_QUALITY_REVIEW_ONLY,pravilo: današnji manifest porekla (izvor = _processed_ PNG derivat); par NIJE meren,"NIJE potvrđen defekt. Isti tip izvora kao 15 izmerenih parova — to je razlog za merenje, ne rezultat merenja."
carsystem__carsystem-refinish-1#SOURCE_PIPELINE_REEXPORT_CANDIDATE_UNMEASURED,carsystem__carsystem-refinish-1,carsystem,carsystem,Carsystem Refinish 1,carsystem-refinish-1,/products/carsystem/catalog/carsystem-refinish-1.webp,660,1150,SOURCE_PIPELINE_REEXPORT_CANDIDATE_UNMEASURED,tone/source re-export (kandidat),RULE_BASED_CANDIDATE,CANDIDATE_NOT_YET_MEASURED,unknown,,,A_OK_NO_CHANGE,NONE,pipelineToneStatus = unknown; ekstrapolacija zabranjena (finalna odluka 9); sistemski re-export nije ni planiran ni odobren,NONE — 0 odobreno / 0 integrisano; bez mass apply; runtime productImage nepromenjen,,YES (sourceSha256 + veličina fajla isti),https://www.carsystem.org/fileadmin/_processed_/f/7/csm_132437-cs-refinish-1-schleifpaste-880ml_563a79244a.png,https://www.carsystem.org/fileadmin/products/images/132.437/132437-cs-refinish-1-schleifpaste-880ml.png,IMAGE_QUALITY_REVIEW_ONLY,pravilo: današnji manifest porekla (izvor = _processed_ PNG derivat); par NIJE meren,"NIJE potvrđen defekt. Isti tip izvora kao 15 izmerenih parova — to je razlog za merenje, ne rezultat merenja."
carsystem__carsystem-refinish-restorer#FIT_MEASURES_BAKED_SHADOW,carsystem__carsystem-refinish-restorer,carsystem,carsystem,Carsystem Refinish Restorer,carsystem-refinish-restorer,/products/carsystem/catalog/carsystem-refinish-restorer.webp,660,660,FIT_MEASURES_BAKED_SHADOW,"crop/fit (rendering, ne asset)",HISTORICAL_CONFIRMED,KNOWN_RENDERING_ISSUE,unknown,,,A_OK_NO_CHANGE,CSS_RENDERING_PROBLEM,"rešenje = V6A hibridni subjectBox (merenjem, bez izmene fajla; bez cropa) — IMPLEMENTED_AND_VERIFIED u starom worktree-u, NIJE na main; ne portuje se",NONE — 0 odobreno / 0 integrisano; bez mass apply; runtime productImage nepromenjen,,YES (sourceSha256 + veličina fajla isti),https://www.carsystem.org/fileadmin/_processed_/f/1/csm_151071-cs-refinish-restorer-1-l-3D_a6af23f9d2.png,https://www.carsystem.org/fileadmin/products/images/159.706/151071-cs-refinish-restorer-1-l-3D.png,IMAGE_QUALITY_REVIEW_ONLY,historical-evidence/css-rendering-candidates.csv,"linearni manjak 7.9 %, manjak površine 9.2 %; inflacija boxa 1.1009"
carsystem__carsystem-refinish-restorer#SOURCE_PIPELINE_REEXPORT_CANDIDATE_UNMEASURED,carsystem__carsystem-refinish-restorer,carsystem,carsystem,Carsystem Refinish Restorer,carsystem-refinish-restorer,/products/carsystem/catalog/carsystem-refinish-restorer.webp,660,660,SOURCE_PIPELINE_REEXPORT_CANDIDATE_UNMEASURED,tone/source re-export (kandidat),RULE_BASED_CANDIDATE,CANDIDATE_NOT_YET_MEASURED,unknown,,,A_OK_NO_CHANGE,CSS_RENDERING_PROBLEM,pipelineToneStatus = unknown; ekstrapolacija zabranjena (finalna odluka 9); sistemski re-export nije ni planiran ni odobren,NONE — 0 odobreno / 0 integrisano; bez mass apply; runtime productImage nepromenjen,,YES (sourceSha256 + veličina fajla isti),https://www.carsystem.org/fileadmin/_processed_/f/1/csm_151071-cs-refinish-restorer-1-l-3D_a6af23f9d2.png,https://www.carsystem.org/fileadmin/products/images/159.706/151071-cs-refinish-restorer-1-l-3D.png,IMAGE_QUALITY_REVIEW_ONLY,pravilo: današnji manifest porekla (izvor = _processed_ PNG derivat); par NIJE meren,"NIJE potvrđen defekt. Isti tip izvora kao 15 izmerenih parova — to je razlog za merenje, ne rezultat merenja."
carsystem__carsystem-replacement-spray-head-adjustable#SOURCE_PIPELINE_REEXPORT_CANDIDATE_UNMEASURED,carsystem__carsystem-replacement-spray-head-adjustable,carsystem,carsystem,Carsystem Replacement Spray Head – adjustable,carsystem-replacement-spray-head-adjustable,/products/carsystem/catalog/carsystem-replacement-spray-head-adjustable.webp,660,783,SOURCE_PIPELINE_REEXPORT_CANDIDATE_UNMEASURED,tone/source re-export (kandidat),RULE_BASED_CANDIDATE,CANDIDATE_NOT_YET_MEASURED,unknown,,,A_OK_NO_CHANGE,NONE,pipelineToneStatus = unknown; ekstrapolacija zabranjena (finalna odluka 9); sistemski re-export nije ni planiran ni odobren,NONE — 0 odobreno / 0 integrisano; bez mass apply; runtime productImage nepromenjen,,YES (sourceSha256 + veličina fajla isti),https://www.carsystem.org/fileadmin/_processed_/b/2/csm_153793-cs-ersatzspruehkopf-verstellbar-c_df8d5a94ba.png,https://www.carsystem.org/fileadmin/products/images/153.793/153793-cs-ersatzspruehkopf-verstellbar-c.png,IMAGE_QUALITY_REVIEW_ONLY,pravilo: današnji manifest porekla (izvor = _processed_ PNG derivat); par NIJE meren,"NIJE potvrđen defekt. Isti tip izvora kao 15 izmerenih parova — to je razlog za merenje, ne rezultat merenja."
carsystem__carsystem-replacement-spray-head-red#SOURCE_PIPELINE_REEXPORT_CANDIDATE_UNMEASURED,carsystem__carsystem-replacement-spray-head-red,carsystem,carsystem,Carsystem Replacement Spray Head – red,carsystem-replacement-spray-head-red,/products/carsystem/catalog/carsystem-replacement-spray-head-red.webp,660,631,SOURCE_PIPELINE_REEXPORT_CANDIDATE_UNMEASURED,tone/source re-export (kandidat),RULE_BASED_CANDIDATE,CANDIDATE_NOT_YET_MEASURED,unknown,,,A_OK_NO_CHANGE,NONE,pipelineToneStatus = unknown; ekstrapolacija zabranjena (finalna odluka 9); sistemski re-export nije ni planiran ni odobren,NONE — 0 odobreno / 0 integrisano; bez mass apply; runtime productImage nepromenjen,,YES (sourceSha256 + veličina fajla isti),https://www.carsystem.org/fileadmin/_processed_/8/0/csm_145840-cs-prefill-spruehkopf-ersatz-rot_7007e5e354.png,https://www.carsystem.org/fileadmin/products/images/145.840/145840-cs-prefill-spruehkopf-ersatz-rot.png,IMAGE_QUALITY_REVIEW_ONLY,pravilo: današnji manifest porekla (izvor = _processed_ PNG derivat); par NIJE meren,"NIJE potvrđen defekt. Isti tip izvora kao 15 izmerenih parova — to je razlog za merenje, ne rezultat merenja."
carsystem__carsystem-rotary-polisher-csh-crp01-kit#SOURCE_PIPELINE_REEXPORT_CANDIDATE_UNMEASURED,carsystem__carsystem-rotary-polisher-csh-crp01-kit,carsystem,carsystem,Carsystem Rotary Polisher CSH-CRP01 Kit,carsystem-rotary-polisher-csh-crp01-kit,/products/carsystem/catalog/carsystem-rotary-polisher-csh-crp01-kit.webp,660,473,SOURCE_PIPELINE_REEXPORT_CANDIDATE_UNMEASURED,tone/source re-export (kandidat),RULE_BASED_CANDIDATE,CANDIDATE_NOT_YET_MEASURED,unknown,,,A_OK_NO_CHANGE,NONE,pipelineToneStatus = unknown; ekstrapolacija zabranjena (finalna odluka 9); sistemski re-export nije ni planiran ni odobren,NONE — 0 odobreno / 0 integrisano; bez mass apply; runtime productImage nepromenjen,,YES (sourceSha256 + veličina fajla isti),https://www.carsystem.org/fileadmin/_processed_/9/4/csm_159822-cs-polierer-akku-set-komplett_41c1ca6cda.png,https://www.carsystem.org/fileadmin/products/images/159.822/159822-cs-polierer-akku-set-komplett.png,IMAGE_QUALITY_REVIEW_ONLY,pravilo: današnji manifest porekla (izvor = _processed_ PNG derivat); par NIJE meren,"NIJE potvrđen defekt. Isti tip izvora kao 15 izmerenih parova — to je razlog za merenje, ne rezultat merenja."
carsystem__carsystem-rubber-spreader-set#CLASS_B_DETERMINISTIC_FIX,carsystem__carsystem-rubber-spreader-set,carsystem,carsystem,Carsystem Rubber Spreader Set,carsystem-rubber-spreader-set,/products/carsystem/catalog/carsystem-rubber-spreader-set.webp,660,394,CLASS_B_DETERMINISTIC_FIX,asset (deterministički tretman),HISTORICAL_CONFIRMED,KNOWN_ASSET_ISSUE,unknown,,,B_DETERMINISTIC_FIX,SOURCE_IMAGE_PROBLEM,"klasa B — tretman tek posle odobrenja pilota (handoff §12.8); finalna pravila imaju prednost nad predlogom: bez cropa, bez globalnog brightness/gamma/contrast, bez AI",NONE — 0 odobreno / 0 integrisano; bez mass apply; runtime productImage nepromenjen,,YES (sourceSha256 + veličina fajla isti),https://www.carsystem.org/fileadmin/_processed_/6/f/csm_159.448-cs-gummi-spachtel-3er-set_5c9a038928.png,https://www.carsystem.org/fileadmin/products/images/159.448/159.448-cs-gummi-spachtel-3er-set.png,IMAGE_QUALITY_REVIEW_ONLY,historical-evidence/CARSYSTEM_IMAGE_AUDIT.csv,"nalaz: ravna crna silueta bez modelacije (nema tonske informacije za obnovu) | istorijski predlog: maskirani output black point lift (0 -> ~28) unutar alfe; ne stvara refleks ni detalj | rizik: nizak — deterministicka kriva, bez rekonstrukcije"
carsystem__carsystem-rubber-spreader-set#SOURCE_PIPELINE_REEXPORT_CANDIDATE_UNMEASURED,carsystem__carsystem-rubber-spreader-set,carsystem,carsystem,Carsystem Rubber Spreader Set,carsystem-rubber-spreader-set,/products/carsystem/catalog/carsystem-rubber-spreader-set.webp,660,394,SOURCE_PIPELINE_REEXPORT_CANDIDATE_UNMEASURED,tone/source re-export (kandidat),RULE_BASED_CANDIDATE,CANDIDATE_NOT_YET_MEASURED,unknown,,,B_DETERMINISTIC_FIX,SOURCE_IMAGE_PROBLEM,pipelineToneStatus = unknown; ekstrapolacija zabranjena (finalna odluka 9); sistemski re-export nije ni planiran ni odobren,NONE — 0 odobreno / 0 integrisano; bez mass apply; runtime productImage nepromenjen,,YES (sourceSha256 + veličina fajla isti),https://www.carsystem.org/fileadmin/_processed_/6/f/csm_159.448-cs-gummi-spachtel-3er-set_5c9a038928.png,https://www.carsystem.org/fileadmin/products/images/159.448/159.448-cs-gummi-spachtel-3er-set.png,IMAGE_QUALITY_REVIEW_ONLY,pravilo: današnji manifest porekla (izvor = _processed_ PNG derivat); par NIJE meren,"NIJE potvrđen defekt. Isti tip izvora kao 15 izmerenih parova — to je razlog za merenje, ne rezultat merenja."
carsystem__carsystem-safety-coupling#SOURCE_PIPELINE_REEXPORT_CANDIDATE_UNMEASURED,carsystem__carsystem-safety-coupling,carsystem,carsystem,Carsystem Safety Coupling,carsystem-safety-coupling,/products/carsystem/catalog/carsystem-safety-coupling.webp,660,2283,SOURCE_PIPELINE_REEXPORT_CANDIDATE_UNMEASURED,tone/source re-export (kandidat),RULE_BASED_CANDIDATE,CANDIDATE_NOT_YET_MEASURED,unknown,,,A_OK_NO_CHANGE,NONE,pipelineToneStatus = unknown; ekstrapolacija zabranjena (finalna odluka 9); sistemski re-export nije ni planiran ni odobren,NONE — 0 odobreno / 0 integrisano; bez mass apply; runtime productImage nepromenjen,,YES (sourceSha256 + veličina fajla isti),https://www.carsystem.org/fileadmin/_processed_/b/b/csm_143127-cs-pv-si-kupplung-m-schlauchan-9mm_6b675bf47a.png,https://www.carsystem.org/fileadmin/products/images/143.127/143127-cs-pv-si-kupplung-m-schlauchan-9mm.png,IMAGE_QUALITY_REVIEW_ONLY,pravilo: današnji manifest porekla (izvor = _processed_ PNG derivat); par NIJE meren,"NIJE potvrđen defekt. Isti tip izvora kao 15 izmerenih parova — to je razlog za merenje, ne rezultat merenja."
carsystem__carsystem-safety-lens#SOURCE_PIPELINE_REEXPORT_CANDIDATE_UNMEASURED,carsystem__carsystem-safety-lens,carsystem,carsystem,Carsystem Safety Lens,carsystem-safety-lens,/products/carsystem/catalog/carsystem-safety-lens.webp,660,418,SOURCE_PIPELINE_REEXPORT_CANDIDATE_UNMEASURED,tone/source re-export (kandidat),RULE_BASED_CANDIDATE,CANDIDATE_NOT_YET_MEASURED,unknown,,,A_OK_NO_CHANGE,NONE,pipelineToneStatus = unknown; ekstrapolacija zabranjena (finalna odluka 9); sistemski re-export nije ni planiran ni odobren,NONE — 0 odobreno / 0 integrisano; bez mass apply; runtime productImage nepromenjen,,YES (sourceSha256 + veličina fajla isti),https://www.carsystem.org/fileadmin/_processed_/f/e/csm_140955-cs-safety-lens_5214683e89.png,https://www.carsystem.org/fileadmin/products/images/140.955/140955-cs-safety-lens.png,IMAGE_QUALITY_REVIEW_ONLY,pravilo: današnji manifest porekla (izvor = _processed_ PNG derivat); par NIJE meren,"NIJE potvrđen defekt. Isti tip izvora kao 15 izmerenih parova — to je razlog za merenje, ne rezultat merenja."
carsystem__carsystem-sanding-block-198-2-0#SOURCE_PIPELINE_REEXPORT_CANDIDATE_UNMEASURED,carsystem__carsystem-sanding-block-198-2-0,carsystem,carsystem,Carsystem Sanding Block 198 2.0,carsystem-sanding-block-198-2-0,/products/carsystem/catalog/carsystem-sanding-block-198-2-0.webp,660,497,SOURCE_PIPELINE_REEXPORT_CANDIDATE_UNMEASURED,tone/source re-export (kandidat),RULE_BASED_CANDIDATE,CANDIDATE_NOT_YET_MEASURED,unknown,,,A_OK_NO_CHANGE,NONE,pipelineToneStatus = unknown; ekstrapolacija zabranjena (finalna odluka 9); sistemski re-export nije ni planiran ni odobren,NONE — 0 odobreno / 0 integrisano; bez mass apply; runtime productImage nepromenjen,,YES (sourceSha256 + veličina fajla isti),https://www.carsystem.org/fileadmin/_processed_/0/c/csm_159.535-cs-sanding-block-198-2.0-handschleifklotz_0c710482ee.png,https://www.carsystem.org/fileadmin/products/images/159.535/159.535-cs-sanding-block-198-2.0-handschleifklotz.png,IMAGE_QUALITY_REVIEW_ONLY,pravilo: današnji manifest porekla (izvor = _processed_ PNG derivat); par NIJE meren,"NIJE potvrđen defekt. Isti tip izvora kao 15 izmerenih parova — to je razlog za merenje, ne rezultat merenja."
carsystem__carsystem-sanding-block-198-kit#SOURCE_PIPELINE_REEXPORT_CANDIDATE_UNMEASURED,carsystem__carsystem-sanding-block-198-kit,carsystem,carsystem,Carsystem Sanding Block 198 Kit,carsystem-sanding-block-198-kit,/products/carsystem/catalog/carsystem-sanding-block-198-kit.webp,660,257,SOURCE_PIPELINE_REEXPORT_CANDIDATE_UNMEASURED,tone/source re-export (kandidat),RULE_BASED_CANDIDATE,CANDIDATE_NOT_YET_MEASURED,unknown,,,A_OK_NO_CHANGE,NONE,pipelineToneStatus = unknown; ekstrapolacija zabranjena (finalna odluka 9); sistemski re-export nije ni planiran ni odobren,NONE — 0 odobreno / 0 integrisano; bez mass apply; runtime productImage nepromenjen,,YES (sourceSha256 + veličina fajla isti),https://www.carsystem.org/fileadmin/_processed_/0/7/csm_148702-cs-sanding-block-70x198-kit-22-holes_1ed74c2731.png,https://www.carsystem.org/fileadmin/products/images/148.702/148702-cs-sanding-block-70x198-kit-22-holes.png,IMAGE_QUALITY_REVIEW_ONLY,pravilo: današnji manifest porekla (izvor = _processed_ PNG derivat); par NIJE meren,"NIJE potvrđen defekt. Isti tip izvora kao 15 izmerenih parova — to je razlog za merenje, ne rezultat merenja."
carsystem__carsystem-sanding-block-400-2-0#SOURCE_PIPELINE_REEXPORT_CANDIDATE_UNMEASURED,carsystem__carsystem-sanding-block-400-2-0,carsystem,carsystem,Carsystem Sanding Block 400 2.0,carsystem-sanding-block-400-2-0,/products/carsystem/catalog/carsystem-sanding-block-400-2-0.webp,660,463,SOURCE_PIPELINE_REEXPORT_CANDIDATE_UNMEASURED,tone/source re-export (kandidat),RULE_BASED_CANDIDATE,CANDIDATE_NOT_YET_MEASURED,unknown,,,A_OK_NO_CHANGE,NONE,pipelineToneStatus = unknown; ekstrapolacija zabranjena (finalna odluka 9); sistemski re-export nije ni planiran ni odobren,NONE — 0 odobreno / 0 integrisano; bez mass apply; runtime productImage nepromenjen,,YES (sourceSha256 + veličina fajla isti),https://www.carsystem.org/fileadmin/_processed_/9/d/csm_159.534-sanding-block-400-2.0-handschleifklotz_44479251be.png,https://www.carsystem.org/fileadmin/products/images/159.534/159.534-sanding-block-400-2.0-handschleifklotz.png,IMAGE_QUALITY_REVIEW_ONLY,pravilo: današnji manifest porekla (izvor = _processed_ PNG derivat); par NIJE meren,"NIJE potvrđen defekt. Isti tip izvora kao 15 izmerenih parova — to je razlog za merenje, ne rezultat merenja."
carsystem__carsystem-sanding-block-400-grip-flex#SOURCE_PIPELINE_REEXPORT_CANDIDATE_UNMEASURED,carsystem__carsystem-sanding-block-400-grip-flex,carsystem,carsystem,Carsystem Sanding Block 400 Grip Flex,carsystem-sanding-block-400-grip-flex,/products/carsystem/catalog/carsystem-sanding-block-400-grip-flex.webp,660,255,SOURCE_PIPELINE_REEXPORT_CANDIDATE_UNMEASURED,tone/source re-export (kandidat),RULE_BASED_CANDIDATE,CANDIDATE_NOT_YET_MEASURED,unknown,,,A_OK_NO_CHANGE,NONE,pipelineToneStatus = unknown; ekstrapolacija zabranjena (finalna odluka 9); sistemski re-export nije ni planiran ni odobren,NONE — 0 odobreno / 0 integrisano; bez mass apply; runtime productImage nepromenjen,,YES (sourceSha256 + veličina fajla isti),https://www.carsystem.org/fileadmin/_processed_/d/2/csm_150088-cs-sanding-block-400-grip-flex_62b7221c10.png,https://www.carsystem.org/fileadmin/products/images/150.088/150088-cs-sanding-block-400-grip-flex.png,IMAGE_QUALITY_REVIEW_ONLY,pravilo: današnji manifest porekla (izvor = _processed_ PNG derivat); par NIJE meren,"NIJE potvrđen defekt. Isti tip izvora kao 15 izmerenih parova — to je razlog za merenje, ne rezultat merenja."
carsystem__carsystem-sanding-block-disc-kit-150#MEASURED_TONE_DEFECT,carsystem__carsystem-sanding-block-disc-kit-150,carsystem,carsystem,Carsystem Sanding Block Disc Kit 150,carsystem-sanding-block-disc-kit-150,/products/carsystem/catalog/carsystem-sanding-block-disc-kit-150.webp,660,389,MEASURED_TONE_DEFECT,tone/source re-export,MEASURED,CONFIRMED_QUALITY_ISSUE,confirmed,2.21,-73.4,A_OK_NO_CHANGE,NONE,REEXPORT_FROM_OFFICIAL_ORIGINAL (ICC→sRGB samo ako profil postoji; bez globalnog brightness/gamma; bez AI) — tek posle odobrenja pilota,NONE — 0 odobreno / 0 integrisano; bez mass apply; runtime productImage nepromenjen,PILOT 151.904 — pending_manual_review,YES (sourceSha256 + veličina fajla isti),https://www.carsystem.org/fileadmin/_processed_/d/1/csm_151904-cs-sanding-block-disc-kit-150mm_c04aaf3a1b.png,https://www.carsystem.org/fileadmin/products/images/151.904/151904-cs-sanding-block-disc-kit-150mm.png,IMAGE_QUALITY_REVIEW_ONLY,historical-evidence/pipeline-tone-measurements.json,"izmeren par: original PNG 1000×589, ICC da; medLum 82.7 → 22.0; 105579 piksela"
carsystem__carsystem-sanding-block-grip#SOURCE_PIPELINE_REEXPORT_CANDIDATE_UNMEASURED,carsystem__carsystem-sanding-block-grip,carsystem,carsystem,Carsystem Sanding Block Grip,carsystem-sanding-block-grip,/products/carsystem/catalog/carsystem-sanding-block-grip.webp,660,349,SOURCE_PIPELINE_REEXPORT_CANDIDATE_UNMEASURED,tone/source re-export (kandidat),RULE_BASED_CANDIDATE,CANDIDATE_NOT_YET_MEASURED,unknown,,,A_OK_NO_CHANGE,NONE,pipelineToneStatus = unknown; ekstrapolacija zabranjena (finalna odluka 9); sistemski re-export nije ni planiran ni odobren,NONE — 0 odobreno / 0 integrisano; bez mass apply; runtime productImage nepromenjen,,YES (sourceSha256 + veličina fajla isti),https://www.carsystem.org/fileadmin/_processed_/8/c/csm_137439-cs-sanding-block-grip-150mm_ff23c2e9b2.png,https://www.carsystem.org/fileadmin/products/images/137.439/137439-cs-sanding-block-grip-150mm.png,IMAGE_QUALITY_REVIEW_ONLY,pravilo: današnji manifest porekla (izvor = _processed_ PNG derivat); par NIJE meren,"NIJE potvrđen defekt. Isti tip izvora kao 15 izmerenih parova — to je razlog za merenje, ne rezultat merenja."
carsystem__carsystem-sanding-block-grip-box#SOURCE_PIPELINE_REEXPORT_CANDIDATE_UNMEASURED,carsystem__carsystem-sanding-block-grip-box,carsystem,carsystem,Carsystem Sanding Block Grip Box,carsystem-sanding-block-grip-box,/products/carsystem/catalog/carsystem-sanding-block-grip-box.webp,660,518,SOURCE_PIPELINE_REEXPORT_CANDIDATE_UNMEASURED,tone/source re-export (kandidat),RULE_BASED_CANDIDATE,CANDIDATE_NOT_YET_MEASURED,unknown,,,A_OK_NO_CHANGE,NONE,pipelineToneStatus = unknown; ekstrapolacija zabranjena (finalna odluka 9); sistemski re-export nije ni planiran ni odobren,NONE — 0 odobreno / 0 integrisano; bez mass apply; runtime productImage nepromenjen,,YES (sourceSha256 + veličina fajla isti),https://www.carsystem.org/fileadmin/_processed_/4/0/csm_142009-cs-sanding-block-box-grip-set_22085fce03.png,https://www.carsystem.org/fileadmin/products/images/142.009/142009-cs-sanding-block-box-grip-set.png,IMAGE_QUALITY_REVIEW_ONLY,pravilo: današnji manifest porekla (izvor = _processed_ PNG derivat); par NIJE meren,"NIJE potvrđen defekt. Isti tip izvora kao 15 izmerenih parova — to je razlog za merenje, ne rezultat merenja."
carsystem__carsystem-sanding-block-hard#SOURCE_PIPELINE_REEXPORT_CANDIDATE_UNMEASURED,carsystem__carsystem-sanding-block-hard,carsystem,carsystem,Carsystem Sanding Block Hard,carsystem-sanding-block-hard,/products/carsystem/catalog/carsystem-sanding-block-hard.webp,660,296,SOURCE_PIPELINE_REEXPORT_CANDIDATE_UNMEASURED,tone/source re-export (kandidat),RULE_BASED_CANDIDATE,CANDIDATE_NOT_YET_MEASURED,unknown,,,A_OK_NO_CHANGE,NONE,pipelineToneStatus = unknown; ekstrapolacija zabranjena (finalna odluka 9); sistemski re-export nije ni planiran ni odobren,NONE — 0 odobreno / 0 integrisano; bez mass apply; runtime productImage nepromenjen,,YES (sourceSha256 + veličina fajla isti),https://www.carsystem.org/fileadmin/_processed_/c/b/csm_137431-cs-sanding-block-hard-125x70mm_c0aec18eac.png,https://www.carsystem.org/fileadmin/products/images/137.431/137431-cs-sanding-block-hard-125x70mm.png,IMAGE_QUALITY_REVIEW_ONLY,pravilo: današnji manifest porekla (izvor = _processed_ PNG derivat); par NIJE meren,"NIJE potvrđen defekt. Isti tip izvora kao 15 izmerenih parova — to je razlog za merenje, ne rezultat merenja."
carsystem__carsystem-sanding-disc-f-19-77-mm#SOURCE_PIPELINE_REEXPORT_CANDIDATE_UNMEASURED,carsystem__carsystem-sanding-disc-f-19-77-mm,carsystem,carsystem,Carsystem Sanding Disc F.19 – 77 mm,carsystem-sanding-disc-f-19-77-mm,/products/carsystem/catalog/carsystem-sanding-disc-f-19-77-mm.webp,660,660,SOURCE_PIPELINE_REEXPORT_CANDIDATE_UNMEASURED,tone/source re-export (kandidat),RULE_BASED_CANDIDATE,CANDIDATE_NOT_YET_MEASURED,unknown,,,A_OK_NO_CHANGE,NONE,pipelineToneStatus = unknown; ekstrapolacija zabranjena (finalna odluka 9); sistemski re-export nije ni planiran ni odobren,NONE — 0 odobreno / 0 integrisano; bez mass apply; runtime productImage nepromenjen,,YES (sourceSha256 + veličina fajla isti),https://www.carsystem.org/fileadmin/_processed_/b/1/csm_156647-655-cs-sanding-disc-f19-77-mm-ungelocht_8b28a88c5e.png,https://www.carsystem.org/fileadmin/products/images/156.647/156647-655-cs-sanding-disc-f19-77-mm-ungelocht.png,IMAGE_QUALITY_REVIEW_ONLY,pravilo: današnji manifest porekla (izvor = _processed_ PNG derivat); par NIJE meren,"NIJE potvrđen defekt. Isti tip izvora kao 15 izmerenih parova — to je razlog za merenje, ne rezultat merenja."
carsystem__carsystem-sanding-disc-f-19-finish-77-mm#SOURCE_PIPELINE_REEXPORT_CANDIDATE_UNMEASURED,carsystem__carsystem-sanding-disc-f-19-finish-77-mm,carsystem,carsystem,Carsystem Sanding Disc F.19 Finish – 77 mm,carsystem-sanding-disc-f-19-finish-77-mm,/products/carsystem/catalog/carsystem-sanding-disc-f-19-finish-77-mm.webp,660,660,SOURCE_PIPELINE_REEXPORT_CANDIDATE_UNMEASURED,tone/source re-export (kandidat),RULE_BASED_CANDIDATE,CANDIDATE_NOT_YET_MEASURED,unknown,,,A_OK_NO_CHANGE,NONE,pipelineToneStatus = unknown; ekstrapolacija zabranjena (finalna odluka 9); sistemski re-export nije ni planiran ni odobren,NONE — 0 odobreno / 0 integrisano; bez mass apply; runtime productImage nepromenjen,,YES (sourceSha256 + veličina fajla isti),https://www.carsystem.org/fileadmin/_processed_/e/a/csm_156905-cs-sand-disc-f19-finish-77mm-ungel-p2000_251b291a0c.png,https://www.carsystem.org/fileadmin/products/images/156.904/156905-cs-sand-disc-f19-finish-77mm-ungel-p2000.png,IMAGE_QUALITY_REVIEW_ONLY,pravilo: današnji manifest porekla (izvor = _processed_ PNG derivat); par NIJE meren,"NIJE potvrđen defekt. Isti tip izvora kao 15 izmerenih parova — to je razlog za merenje, ne rezultat merenja."
carsystem__carsystem-sanding-disc-f-19-soft#SOURCE_PIPELINE_REEXPORT_CANDIDATE_UNMEASURED,carsystem__carsystem-sanding-disc-f-19-soft,carsystem,carsystem,Carsystem Sanding Disc F.19 Soft,carsystem-sanding-disc-f-19-soft,/products/carsystem/catalog/carsystem-sanding-disc-f-19-soft.webp,660,662,SOURCE_PIPELINE_REEXPORT_CANDIDATE_UNMEASURED,tone/source re-export (kandidat),RULE_BASED_CANDIDATE,CANDIDATE_NOT_YET_MEASURED,unknown,,,A_OK_NO_CHANGE,NONE,pipelineToneStatus = unknown; ekstrapolacija zabranjena (finalna odluka 9); sistemski re-export nije ni planiran ni odobren,NONE — 0 odobreno / 0 integrisano; bez mass apply; runtime productImage nepromenjen,,YES (sourceSha256 + veličina fajla isti),https://www.carsystem.org/fileadmin/_processed_/a/b/csm_156937-cs-sanding-disc-f19-soft-152mm-p800_e40d0bdd45.png,https://www.carsystem.org/fileadmin/products/images/156.933/156937-cs-sanding-disc-f19-soft-152mm-p800.png,IMAGE_QUALITY_REVIEW_ONLY,pravilo: današnji manifest porekla (izvor = _processed_ PNG derivat); par NIJE meren,"NIJE potvrđen defekt. Isti tip izvora kao 15 izmerenih parova — to je razlog za merenje, ne rezultat merenja."
carsystem__carsystem-sanding-disc-p-25-ceramic#SOURCE_PIPELINE_REEXPORT_CANDIDATE_UNMEASURED,carsystem__carsystem-sanding-disc-p-25-ceramic,carsystem,carsystem,Carsystem Sanding Disc P.25 Ceramic,carsystem-sanding-disc-p-25-ceramic,/products/carsystem/catalog/carsystem-sanding-disc-p-25-ceramic.webp,660,650,SOURCE_PIPELINE_REEXPORT_CANDIDATE_UNMEASURED,tone/source re-export (kandidat),RULE_BASED_CANDIDATE,CANDIDATE_NOT_YET_MEASURED,unknown,,,A_OK_NO_CHANGE,NONE,pipelineToneStatus = unknown; ekstrapolacija zabranjena (finalna odluka 9); sistemski re-export nije ni planiran ni odobren,NONE — 0 odobreno / 0 integrisano; bez mass apply; runtime productImage nepromenjen,,YES (sourceSha256 + veličina fajla isti),https://www.carsystem.org/fileadmin/_processed_/b/c/csm_Sanding-Disc-P25-Ceramic-2_d59a51c815.png,https://www.carsystem.org/fileadmin/products/images/159.995/Sanding-Disc-P25-Ceramic-2.png,IMAGE_QUALITY_REVIEW_ONLY,pravilo: današnji manifest porekla (izvor = _processed_ PNG derivat); par NIJE meren,"NIJE potvrđen defekt. Isti tip izvora kao 15 izmerenih parova — to je razlog za merenje, ne rezultat merenja."
carsystem__carsystem-sanding-fleece-v-19-disc#SOURCE_PIPELINE_REEXPORT_CANDIDATE_UNMEASURED,carsystem__carsystem-sanding-fleece-v-19-disc,carsystem,carsystem,Carsystem Sanding Fleece V.19 – Disc,carsystem-sanding-fleece-v-19-disc,/products/carsystem/catalog/carsystem-sanding-fleece-v-19-disc.webp,660,439,SOURCE_PIPELINE_REEXPORT_CANDIDATE_UNMEASURED,tone/source re-export (kandidat),RULE_BASED_CANDIDATE,CANDIDATE_NOT_YET_MEASURED,unknown,,,A_OK_NO_CHANGE,NONE,pipelineToneStatus = unknown; ekstrapolacija zabranjena (finalna odluka 9); sistemski re-export nije ni planiran ni odobren,NONE — 0 odobreno / 0 integrisano; bez mass apply; runtime productImage nepromenjen,,YES (sourceSha256 + veličina fajla isti),https://www.carsystem.org/fileadmin/_processed_/0/f/csm_156044-045-156690-691-cs-schleifvlies-v19-scheibe-gruppe_19e0fdd2dd.png,https://www.carsystem.org/fileadmin/products/images/156.044/156044-045-156690-691-cs-schleifvlies-v19-scheibe-gruppe.png,IMAGE_QUALITY_REVIEW_ONLY,pravilo: današnji manifest porekla (izvor = _processed_ PNG derivat); par NIJE meren,"NIJE potvrđen defekt. Isti tip izvora kao 15 izmerenih parova — to je razlog za merenje, ne rezultat merenja."
carsystem__carsystem-sanding-fleece-v-19-roll-115-mm-x-10-m#SOURCE_PIPELINE_REEXPORT_CANDIDATE_UNMEASURED,carsystem__carsystem-sanding-fleece-v-19-roll-115-mm-x-10-m,carsystem,carsystem,Carsystem Sanding Fleece V.19 – Roll - 115 mm x 10 m,carsystem-sanding-fleece-v-19-roll-115-mm-x-10-m,/products/carsystem/catalog/carsystem-sanding-fleece-v-19-roll-115-mm-x-10-m.webp,660,427,SOURCE_PIPELINE_REEXPORT_CANDIDATE_UNMEASURED,tone/source re-export (kandidat),RULE_BASED_CANDIDATE,CANDIDATE_NOT_YET_MEASURED,unknown,,,A_OK_NO_CHANGE,NONE,pipelineToneStatus = unknown; ekstrapolacija zabranjena (finalna odluka 9); sistemski re-export nije ni planiran ni odobren,NONE — 0 odobreno / 0 integrisano; bez mass apply; runtime productImage nepromenjen,,YES (sourceSha256 + veličina fajla isti),https://www.carsystem.org/fileadmin/_processed_/3/c/csm_156039-040-schleifvlies-v19-rolle-gruppe_e76519e8ac.png,https://www.carsystem.org/fileadmin/products/images/156.039/156039-040-schleifvlies-v19-rolle-gruppe.png,IMAGE_QUALITY_REVIEW_ONLY,pravilo: današnji manifest porekla (izvor = _processed_ PNG derivat); par NIJE meren,"NIJE potvrđen defekt. Isti tip izvora kao 15 izmerenih parova — to je razlog za merenje, ne rezultat merenja."
carsystem__carsystem-sanding-strips-f-23-ceramic#SOURCE_PIPELINE_REEXPORT_CANDIDATE_UNMEASURED,carsystem__carsystem-sanding-strips-f-23-ceramic,carsystem,carsystem,Carsystem Sanding Strips F.23 Ceramic,carsystem-sanding-strips-f-23-ceramic,/products/carsystem/catalog/carsystem-sanding-strips-f-23-ceramic.webp,660,665,SOURCE_PIPELINE_REEXPORT_CANDIDATE_UNMEASURED,tone/source re-export (kandidat),RULE_BASED_CANDIDATE,CANDIDATE_NOT_YET_MEASURED,unknown,,,A_OK_NO_CHANGE,NONE,pipelineToneStatus = unknown; ekstrapolacija zabranjena (finalna odluka 9); sistemski re-export nije ni planiran ni odobren,NONE — 0 odobreno / 0 integrisano; bez mass apply; runtime productImage nepromenjen,,YES (sourceSha256 + veličina fajla isti),https://www.carsystem.org/fileadmin/_processed_/0/7/csm_159.227-235-cs-f.23-sanding-strips_24aa82adaf.png,https://www.carsystem.org/fileadmin/products/images/159.227/159.227-235-cs-f.23-sanding-strips.png,IMAGE_QUALITY_REVIEW_ONLY,pravilo: današnji manifest porekla (izvor = _processed_ PNG derivat); par NIJE meren,"NIJE potvrđen defekt. Isti tip izvora kao 15 izmerenih parova — to je razlog za merenje, ne rezultat merenja."
carsystem__carsystem-sanding-water-sw20#SOURCE_PIPELINE_REEXPORT_CANDIDATE_UNMEASURED,carsystem__carsystem-sanding-water-sw20,carsystem,carsystem,Carsystem Sanding Water SW20,carsystem-sanding-water-sw20,/products/carsystem/catalog/carsystem-sanding-water-sw20.webp,660,591,SOURCE_PIPELINE_REEXPORT_CANDIDATE_UNMEASURED,tone/source re-export (kandidat),RULE_BASED_CANDIDATE,CANDIDATE_NOT_YET_MEASURED,unknown,,,A_OK_NO_CHANGE,NONE,pipelineToneStatus = unknown; ekstrapolacija zabranjena (finalna odluka 9); sistemski re-export nije ni planiran ni odobren,NONE — 0 odobreno / 0 integrisano; bez mass apply; runtime productImage nepromenjen,,YES (sourceSha256 + veličina fajla isti),https://www.carsystem.org/fileadmin/_processed_/3/2/csm_157446-157447-cs-schleifwasser-sw20-1-liter-5-liter-gruppe_f83a0f86b2.png,https://www.carsystem.org/fileadmin/products/images/157.446/157446-157447-cs-schleifwasser-sw20-1-liter-5-liter-gruppe.png,IMAGE_QUALITY_REVIEW_ONLY,pravilo: današnji manifest porekla (izvor = _processed_ PNG derivat); par NIJE meren,"NIJE potvrđen defekt. Isti tip izvora kao 15 izmerenih parova — to je razlog za merenje, ne rezultat merenja."
carsystem__carsystem-scraper#SOURCE_PIPELINE_REEXPORT_CANDIDATE_UNMEASURED,carsystem__carsystem-scraper,carsystem,carsystem,Carsystem Scraper,carsystem-scraper,/products/carsystem/catalog/carsystem-scraper.webp,660,540,SOURCE_PIPELINE_REEXPORT_CANDIDATE_UNMEASURED,tone/source re-export (kandidat),RULE_BASED_CANDIDATE,CANDIDATE_NOT_YET_MEASURED,unknown,,,A_OK_NO_CHANGE,NONE,pipelineToneStatus = unknown; ekstrapolacija zabranjena (finalna odluka 9); sistemski re-export nije ni planiran ni odobren,NONE — 0 odobreno / 0 integrisano; bez mass apply; runtime productImage nepromenjen,,YES (sourceSha256 + veličina fajla isti),https://www.carsystem.org/fileadmin/_processed_/6/6/csm_140984-985-cs-scraper-refill_be8e8515d0.png,https://www.carsystem.org/fileadmin/products/images/140.984/140984-985-cs-scraper-refill.png,IMAGE_QUALITY_REVIEW_ONLY,pravilo: današnji manifest porekla (izvor = _processed_ PNG derivat); par NIJE meren,"NIJE potvrđen defekt. Isti tip izvora kao 15 izmerenih parova — to je razlog za merenje, ne rezultat merenja."
carsystem__carsystem-silicone-remover-mild#FIT_MEASURES_BAKED_SHADOW,carsystem__carsystem-silicone-remover-mild,carsystem,carsystem,Carsystem Silicone Remover Mild,carsystem-silicone-remover-mild,/products/carsystem/catalog/carsystem-silicone-remover-mild.webp,660,660,FIT_MEASURES_BAKED_SHADOW,"crop/fit (rendering, ne asset)",HISTORICAL_CONFIRMED,KNOWN_RENDERING_ISSUE,unknown,,,A_OK_NO_CHANGE,CSS_RENDERING_PROBLEM,"rešenje = V6A hibridni subjectBox (merenjem, bez izmene fajla; bez cropa) — IMPLEMENTED_AND_VERIFIED u starom worktree-u, NIJE na main; ne portuje se",NONE — 0 odobreno / 0 integrisano; bez mass apply; runtime productImage nepromenjen,,YES (sourceSha256 + veličina fajla isti),https://www.carsystem.org/fileadmin/_processed_/5/8/csm_146711-cs-silicone-remover-mild-1-l-3D_a1826ec739.png,https://www.carsystem.org/fileadmin/products/images/139.212/146711-cs-silicone-remover-mild-1-l-3D.png,IMAGE_QUALITY_REVIEW_ONLY,historical-evidence/css-rendering-candidates.csv,"linearni manjak 7.9 %, manjak površine 9.4 %; inflacija boxa 1.1039"
carsystem__carsystem-silicone-remover-mild#SOURCE_PIPELINE_REEXPORT_CANDIDATE_UNMEASURED,carsystem__carsystem-silicone-remover-mild,carsystem,carsystem,Carsystem Silicone Remover Mild,carsystem-silicone-remover-mild,/products/carsystem/catalog/carsystem-silicone-remover-mild.webp,660,660,SOURCE_PIPELINE_REEXPORT_CANDIDATE_UNMEASURED,tone/source re-export (kandidat),RULE_BASED_CANDIDATE,CANDIDATE_NOT_YET_MEASURED,unknown,,,A_OK_NO_CHANGE,CSS_RENDERING_PROBLEM,pipelineToneStatus = unknown; ekstrapolacija zabranjena (finalna odluka 9); sistemski re-export nije ni planiran ni odobren,NONE — 0 odobreno / 0 integrisano; bez mass apply; runtime productImage nepromenjen,,YES (sourceSha256 + veličina fajla isti),https://www.carsystem.org/fileadmin/_processed_/5/8/csm_146711-cs-silicone-remover-mild-1-l-3D_a1826ec739.png,https://www.carsystem.org/fileadmin/products/images/139.212/146711-cs-silicone-remover-mild-1-l-3D.png,IMAGE_QUALITY_REVIEW_ONLY,pravilo: današnji manifest porekla (izvor = _processed_ PNG derivat); par NIJE meren,"NIJE potvrđen defekt. Isti tip izvora kao 15 izmerenih parova — to je razlog za merenje, ne rezultat merenja."
carsystem__carsystem-silicone-remover-water-2-0#FIT_MEASURES_BAKED_SHADOW,carsystem__carsystem-silicone-remover-water-2-0,carsystem,carsystem,Carsystem Silicone Remover Water 2.0,carsystem-silicone-remover-water-2-0,/products/carsystem/catalog/carsystem-silicone-remover-water-2-0.webp,660,660,FIT_MEASURES_BAKED_SHADOW,"crop/fit (rendering, ne asset)",HISTORICAL_CONFIRMED,KNOWN_RENDERING_ISSUE,unknown,,,A_OK_NO_CHANGE,CSS_RENDERING_PROBLEM,"rešenje = V6A hibridni subjectBox (merenjem, bez izmene fajla; bez cropa) — IMPLEMENTED_AND_VERIFIED u starom worktree-u, NIJE na main; ne portuje se",NONE — 0 odobreno / 0 integrisano; bez mass apply; runtime productImage nepromenjen,,YES (sourceSha256 + veličina fajla isti),https://www.carsystem.org/fileadmin/_processed_/7/c/csm_160321-cs-silicone-remover-water-2.0-5-l_e1c0c97f6b.webp,https://www.carsystem.org/fileadmin/products/images/160.321/160321-cs-silicone-remover-water-2.0-5-l.webp,APPROVED_RUNTIME_IMAGE,historical-evidence/css-rendering-candidates.csv,"linearni manjak 14.6 %, manjak površine 14.9 %; inflacija boxa 1.1745"
carsystem__carsystem-silver-tape#SOURCE_PIPELINE_REEXPORT_CANDIDATE_UNMEASURED,carsystem__carsystem-silver-tape,carsystem,carsystem,Carsystem Silver Tape,carsystem-silver-tape,/products/carsystem/catalog/carsystem-silver-tape.webp,660,440,SOURCE_PIPELINE_REEXPORT_CANDIDATE_UNMEASURED,tone/source re-export (kandidat),RULE_BASED_CANDIDATE,CANDIDATE_NOT_YET_MEASURED,unknown,,,A_OK_NO_CHANGE,NONE,pipelineToneStatus = unknown; ekstrapolacija zabranjena (finalna odluka 9); sistemski re-export nije ni planiran ni odobren,NONE — 0 odobreno / 0 integrisano; bez mass apply; runtime productImage nepromenjen,,YES (sourceSha256 + veličina fajla isti),https://www.carsystem.org/fileadmin/_processed_/b/5/csm_135715-138532-cs-silver-tape-gewebeband_86f0ca8b11.png,https://www.carsystem.org/fileadmin/products/images/135.715/135715-138532-cs-silver-tape-gewebeband.png,IMAGE_QUALITY_REVIEW_ONLY,pravilo: današnji manifest porekla (izvor = _processed_ PNG derivat); par NIJE meren,"NIJE potvrđen defekt. Isti tip izvora kao 15 izmerenih parova — to je razlog za merenje, ne rezultat merenja."
carsystem__carsystem-slim-tape#SOURCE_PIPELINE_REEXPORT_CANDIDATE_UNMEASURED,carsystem__carsystem-slim-tape,carsystem,carsystem,Carsystem Slim Tape,carsystem-slim-tape,/products/carsystem/catalog/carsystem-slim-tape.webp,660,594,SOURCE_PIPELINE_REEXPORT_CANDIDATE_UNMEASURED,tone/source re-export (kandidat),RULE_BASED_CANDIDATE,CANDIDATE_NOT_YET_MEASURED,unknown,,,A_OK_NO_CHANGE,NONE,pipelineToneStatus = unknown; ekstrapolacija zabranjena (finalna odluka 9); sistemski re-export nije ni planiran ni odobren,NONE — 0 odobreno / 0 integrisano; bez mass apply; runtime productImage nepromenjen,,YES (sourceSha256 + veličina fajla isti),https://www.carsystem.org/fileadmin/_processed_/a/b/csm_133827-cs-slim-tape-18mmx50m_cff0afe12d.png,https://www.carsystem.org/fileadmin/products/images/133.827/133827-cs-slim-tape-18mmx50m.png,IMAGE_QUALITY_REVIEW_ONLY,pravilo: današnji manifest porekla (izvor = _processed_ PNG derivat); par NIJE meren,"NIJE potvrđen defekt. Isti tip izvora kao 15 izmerenih parova — to je razlog za merenje, ne rezultat merenja."
carsystem__carsystem-slim-tape-green#SOURCE_PIPELINE_REEXPORT_CANDIDATE_UNMEASURED,carsystem__carsystem-slim-tape-green,carsystem,carsystem,Carsystem Slim Tape Green,carsystem-slim-tape-green,/products/carsystem/catalog/carsystem-slim-tape-green.webp,660,591,SOURCE_PIPELINE_REEXPORT_CANDIDATE_UNMEASURED,tone/source re-export (kandidat),RULE_BASED_CANDIDATE,CANDIDATE_NOT_YET_MEASURED,unknown,,,A_OK_NO_CHANGE,NONE,pipelineToneStatus = unknown; ekstrapolacija zabranjena (finalna odluka 9); sistemski re-export nije ni planiran ni odobren,NONE — 0 odobreno / 0 integrisano; bez mass apply; runtime productImage nepromenjen,,YES (sourceSha256 + veličina fajla isti),https://www.carsystem.org/fileadmin/_processed_/1/e/csm_150081-cs-slim-tape-green-18mmx18m_e770047803.png,https://www.carsystem.org/fileadmin/products/images/150.081/150081-cs-slim-tape-green-18mmx18m.png,IMAGE_QUALITY_REVIEW_ONLY,pravilo: današnji manifest porekla (izvor = _processed_ PNG derivat); par NIJE meren,"NIJE potvrđen defekt. Isti tip izvora kao 15 izmerenih parova — to je razlog za merenje, ne rezultat merenja."
carsystem__carsystem-socks-carsystem-black-white#TONE_NOT_DETECTED,carsystem__carsystem-socks-carsystem-black-white,carsystem,carsystem,Carsystem Socks CARSYSTEM black & white,carsystem-socks-carsystem-black-white,/products/carsystem/catalog/carsystem-socks-carsystem-black-white.webp,660,660,TONE_NOT_DETECTED,none,MEASURED,NO_ACTION_APPROVED,not_detected,1.0,0.0,A_OK_NO_CHANGE,NONE,"NOT_DETECTED — izmeren par, γ 1,00; ostaje not_detected",NONE — 0 odobreno / 0 integrisano; bez mass apply; runtime productImage nepromenjen,KONTROLA — nikad se ne integriše,YES (sourceSha256 + veličina fajla isti),https://www.carsystem.org/fileadmin/_processed_/c/e/csm_160540-542-cs-wm-tennissocken_69f37c322a.webp,https://www.carsystem.org/fileadmin/products/images/160.540/160540-542-cs-wm-tennissocken.webp,APPROVED_RUNTIME_IMAGE,historical-evidence/pipeline-tone-measurements.json,izmeren par: original WEBP; medLum 198.0 → 198.0
carsystem__carsystem-socks-carsystem-red-white#FIT_MEASURES_BAKED_SHADOW,carsystem__carsystem-socks-carsystem-red-white,carsystem,carsystem,Carsystem Socks CARSYSTEM red & white,carsystem-socks-carsystem-red-white,/products/carsystem/catalog/carsystem-socks-carsystem-red-white.webp,660,724,FIT_MEASURES_BAKED_SHADOW,"crop/fit (rendering, ne asset)",HISTORICAL_CONFIRMED,KNOWN_RENDERING_ISSUE,unknown,,,A_OK_NO_CHANGE,CSS_RENDERING_PROBLEM,"rešenje = V6A hibridni subjectBox (merenjem, bez izmene fajla; bez cropa) — IMPLEMENTED_AND_VERIFIED u starom worktree-u, NIJE na main; ne portuje se",NONE — 0 odobreno / 0 integrisano; bez mass apply; runtime productImage nepromenjen,,YES (sourceSha256 + veličina fajla isti),https://www.carsystem.org/fileadmin/_processed_/b/1/csm_159.837-839-cs-wm-tennissocken_173ea17137.png,https://www.carsystem.org/fileadmin/products/images/159.837/159.837-839-cs-wm-tennissocken.png,IMAGE_QUALITY_REVIEW_ONLY,historical-evidence/css-rendering-candidates.csv,"linearni manjak 15.3 %, manjak površine 16.6 %; inflacija boxa 1.1985"
carsystem__carsystem-socks-carsystem-red-white#SOURCE_PIPELINE_REEXPORT_CANDIDATE_UNMEASURED,carsystem__carsystem-socks-carsystem-red-white,carsystem,carsystem,Carsystem Socks CARSYSTEM red & white,carsystem-socks-carsystem-red-white,/products/carsystem/catalog/carsystem-socks-carsystem-red-white.webp,660,724,SOURCE_PIPELINE_REEXPORT_CANDIDATE_UNMEASURED,tone/source re-export (kandidat),RULE_BASED_CANDIDATE,CANDIDATE_NOT_YET_MEASURED,unknown,,,A_OK_NO_CHANGE,CSS_RENDERING_PROBLEM,pipelineToneStatus = unknown; ekstrapolacija zabranjena (finalna odluka 9); sistemski re-export nije ni planiran ni odobren,NONE — 0 odobreno / 0 integrisano; bez mass apply; runtime productImage nepromenjen,,YES (sourceSha256 + veličina fajla isti),https://www.carsystem.org/fileadmin/_processed_/b/1/csm_159.837-839-cs-wm-tennissocken_173ea17137.png,https://www.carsystem.org/fileadmin/products/images/159.837/159.837-839-cs-wm-tennissocken.png,IMAGE_QUALITY_REVIEW_ONLY,pravilo: današnji manifest porekla (izvor = _processed_ PNG derivat); par NIJE meren,"NIJE potvrđen defekt. Isti tip izvora kao 15 izmerenih parova — to je razlog za merenje, ne rezultat merenja."
carsystem__carsystem-soft#SOURCE_PIPELINE_REEXPORT_CANDIDATE_UNMEASURED,carsystem__carsystem-soft,carsystem,carsystem,Carsystem Soft,carsystem-soft,/products/carsystem/catalog/carsystem-soft.webp,660,406,SOURCE_PIPELINE_REEXPORT_CANDIDATE_UNMEASURED,tone/source re-export (kandidat),RULE_BASED_CANDIDATE,CANDIDATE_NOT_YET_MEASURED,unknown,,,A_OK_NO_CHANGE,NONE,pipelineToneStatus = unknown; ekstrapolacija zabranjena (finalna odluka 9); sistemski re-export nije ni planiran ni odobren,NONE — 0 odobreno / 0 integrisano; bez mass apply; runtime productImage nepromenjen,,YES (sourceSha256 + veličina fajla isti),https://www.carsystem.org/fileadmin/_processed_/9/e/csm_127.972-cs-soft-beige-inkl-haerter-3D_604cdd214a.png,https://www.carsystem.org/fileadmin/products/images/127.972/127.972-cs-soft-beige-inkl-haerter-3D.png,IMAGE_QUALITY_REVIEW_ONLY,pravilo: današnji manifest porekla (izvor = _processed_ PNG derivat); par NIJE meren,"NIJE potvrđen defekt. Isti tip izvora kao 15 izmerenih parova — to je razlog za merenje, ne rezultat merenja."
carsystem__carsystem-soft-interface-pad#SOURCE_PIPELINE_REEXPORT_CANDIDATE_UNMEASURED,carsystem__carsystem-soft-interface-pad,carsystem,carsystem,Carsystem Soft Interface Pad,carsystem-soft-interface-pad,/products/carsystem/catalog/carsystem-soft-interface-pad.webp,660,392,SOURCE_PIPELINE_REEXPORT_CANDIDATE_UNMEASURED,tone/source re-export (kandidat),RULE_BASED_CANDIDATE,CANDIDATE_NOT_YET_MEASURED,unknown,,,A_OK_NO_CHANGE,NONE,pipelineToneStatus = unknown; ekstrapolacija zabranjena (finalna odluka 9); sistemski re-export nije ni planiran ni odobren,NONE — 0 odobreno / 0 integrisano; bez mass apply; runtime productImage nepromenjen,,YES (sourceSha256 + veličina fajla isti),https://www.carsystem.org/fileadmin/_processed_/1/8/csm_140584-585-cs-soft-interface-pad-grip-gruppe-150mm_6ea2d9d349.png,https://www.carsystem.org/fileadmin/products/images/140.584/140584-585-cs-soft-interface-pad-grip-gruppe-150mm.png,IMAGE_QUALITY_REVIEW_ONLY,pravilo: današnji manifest porekla (izvor = _processed_ PNG derivat); par NIJE meren,"NIJE potvrđen defekt. Isti tip izvora kao 15 izmerenih parova — to je razlog za merenje, ne rezultat merenja."
carsystem__carsystem-soft-roll#CLASS_B_DETERMINISTIC_FIX,carsystem__carsystem-soft-roll,carsystem,carsystem,Carsystem Soft-Roll,carsystem-soft-roll,/products/carsystem/catalog/carsystem-soft-roll.webp,660,606,CLASS_B_DETERMINISTIC_FIX,asset (deterministički tretman),HISTORICAL_CONFIRMED,KNOWN_ASSET_ISSUE,unknown,,,B_DETERMINISTIC_FIX,BOTH,"klasa B — tretman tek posle odobrenja pilota (handoff §12.8); finalna pravila imaju prednost nad predlogom: bez cropa, bez globalnog brightness/gamma/contrast, bez AI",NONE — 0 odobreno / 0 integrisano; bez mass apply; runtime productImage nepromenjen,,YES (sourceSha256 + veličina fajla isti),https://www.carsystem.org/fileadmin/_processed_/a/5/csm_159422-430-cs-soft-roll-papierschleifmittel_f66ddb9014.png,https://www.carsystem.org/fileadmin/products/images/159.422/159422-430-cs-soft-roll-papierschleifmittel.png,IMAGE_QUALITY_REVIEW_ONLY,historical-evidence/CARSYSTEM_IMAGE_AUDIT.csv,nalaz: širok poluprovidni oreol/refleks u alfi | istorijski predlog: čišćenje alfa krive na ivici | rizik: nizak
carsystem__carsystem-soft-roll#FIT_MEASURES_BAKED_SHADOW,carsystem__carsystem-soft-roll,carsystem,carsystem,Carsystem Soft-Roll,carsystem-soft-roll,/products/carsystem/catalog/carsystem-soft-roll.webp,660,606,FIT_MEASURES_BAKED_SHADOW,"crop/fit (rendering, ne asset)",HISTORICAL_CONFIRMED,KNOWN_RENDERING_ISSUE,unknown,,,B_DETERMINISTIC_FIX,BOTH,"rešenje = V6A hibridni subjectBox (merenjem, bez izmene fajla; bez cropa) — IMPLEMENTED_AND_VERIFIED u starom worktree-u, NIJE na main; ne portuje se",NONE — 0 odobreno / 0 integrisano; bez mass apply; runtime productImage nepromenjen,,YES (sourceSha256 + veličina fajla isti),https://www.carsystem.org/fileadmin/_processed_/a/5/csm_159422-430-cs-soft-roll-papierschleifmittel_f66ddb9014.png,https://www.carsystem.org/fileadmin/products/images/159.422/159422-430-cs-soft-roll-papierschleifmittel.png,IMAGE_QUALITY_REVIEW_ONLY,historical-evidence/css-rendering-candidates.csv,"linearni manjak 19.3 %, manjak površine 26.9 %; inflacija boxa 1.3672"
carsystem__carsystem-soft-roll#SOURCE_PIPELINE_REEXPORT_CANDIDATE_UNMEASURED,carsystem__carsystem-soft-roll,carsystem,carsystem,Carsystem Soft-Roll,carsystem-soft-roll,/products/carsystem/catalog/carsystem-soft-roll.webp,660,606,SOURCE_PIPELINE_REEXPORT_CANDIDATE_UNMEASURED,tone/source re-export (kandidat),RULE_BASED_CANDIDATE,CANDIDATE_NOT_YET_MEASURED,unknown,,,B_DETERMINISTIC_FIX,BOTH,pipelineToneStatus = unknown; ekstrapolacija zabranjena (finalna odluka 9); sistemski re-export nije ni planiran ni odobren,NONE — 0 odobreno / 0 integrisano; bez mass apply; runtime productImage nepromenjen,,YES (sourceSha256 + veličina fajla isti),https://www.carsystem.org/fileadmin/_processed_/a/5/csm_159422-430-cs-soft-roll-papierschleifmittel_f66ddb9014.png,https://www.carsystem.org/fileadmin/products/images/159.422/159422-430-cs-soft-roll-papierschleifmittel.png,IMAGE_QUALITY_REVIEW_ONLY,pravilo: današnji manifest porekla (izvor = _processed_ PNG derivat); par NIJE meren,"NIJE potvrđen defekt. Isti tip izvora kao 15 izmerenih parova — to je razlog za merenje, ne rezultat merenja."
carsystem__carsystem-sound-deadening-panels#CLASS_B_DETERMINISTIC_FIX,carsystem__carsystem-sound-deadening-panels,carsystem,carsystem,Carsystem Sound Deadening Panels,carsystem-sound-deadening-panels,/products/carsystem/catalog/carsystem-sound-deadening-panels.webp,660,468,CLASS_B_DETERMINISTIC_FIX,asset (deterministički tretman),HISTORICAL_CONFIRMED,KNOWN_ASSET_ISSUE,unknown,,,B_DETERMINISTIC_FIX,SOURCE_IMAGE_PROBLEM,"klasa B — tretman tek posle odobrenja pilota (handoff §12.8); finalna pravila imaju prednost nad predlogom: bez cropa, bez globalnog brightness/gamma/contrast, bez AI",NONE — 0 odobreno / 0 integrisano; bez mass apply; runtime productImage nepromenjen,,YES (sourceSha256 + veličina fajla isti),https://www.carsystem.org/fileadmin/_processed_/e/0/csm_126.055-134.139-140-cs-antidroehnenplatten-gruppe_d70a3555bf.png,https://www.carsystem.org/fileadmin/products/images/126.055/126.055-134.139-140-cs-antidroehnenplatten-gruppe.png,IMAGE_QUALITY_REVIEW_ONLY,historical-evidence/CARSYSTEM_IMAGE_AUDIT.csv,"nalaz: ravna crna silueta bez modelacije (nema tonske informacije za obnovu) | istorijski predlog: maskirani output black point lift (0 -> ~28) unutar alfe; ne stvara refleks ni detalj | rizik: nizak — deterministicka kriva, bez rekonstrukcije"
carsystem__carsystem-sound-deadening-panels#SOURCE_PIPELINE_REEXPORT_CANDIDATE_UNMEASURED,carsystem__carsystem-sound-deadening-panels,carsystem,carsystem,Carsystem Sound Deadening Panels,carsystem-sound-deadening-panels,/products/carsystem/catalog/carsystem-sound-deadening-panels.webp,660,468,SOURCE_PIPELINE_REEXPORT_CANDIDATE_UNMEASURED,tone/source re-export (kandidat),RULE_BASED_CANDIDATE,CANDIDATE_NOT_YET_MEASURED,unknown,,,B_DETERMINISTIC_FIX,SOURCE_IMAGE_PROBLEM,pipelineToneStatus = unknown; ekstrapolacija zabranjena (finalna odluka 9); sistemski re-export nije ni planiran ni odobren,NONE — 0 odobreno / 0 integrisano; bez mass apply; runtime productImage nepromenjen,,YES (sourceSha256 + veličina fajla isti),https://www.carsystem.org/fileadmin/_processed_/e/0/csm_126.055-134.139-140-cs-antidroehnenplatten-gruppe_d70a3555bf.png,https://www.carsystem.org/fileadmin/products/images/126.055/126.055-134.139-140-cs-antidroehnenplatten-gruppe.png,IMAGE_QUALITY_REVIEW_ONLY,pravilo: današnji manifest porekla (izvor = _processed_ PNG derivat); par NIJE meren,"NIJE potvrđen defekt. Isti tip izvora kao 15 izmerenih parova — to je razlog za merenje, ne rezultat merenja."
carsystem__carsystem-spare-battery-5-0ah#SOURCE_PIPELINE_REEXPORT_CANDIDATE_UNMEASURED,carsystem__carsystem-spare-battery-5-0ah,carsystem,carsystem,"Carsystem Spare Battery 5,0Ah",carsystem-spare-battery-5-0ah,/products/carsystem/catalog/carsystem-spare-battery-5-0ah.webp,660,754,SOURCE_PIPELINE_REEXPORT_CANDIDATE_UNMEASURED,tone/source re-export (kandidat),RULE_BASED_CANDIDATE,CANDIDATE_NOT_YET_MEASURED,unknown,,,A_OK_NO_CHANGE,NONE,pipelineToneStatus = unknown; ekstrapolacija zabranjena (finalna odluka 9); sistemski re-export nije ni planiran ni odobren,NONE — 0 odobreno / 0 integrisano; bez mass apply; runtime productImage nepromenjen,,YES (sourceSha256 + veličina fajla isti),https://www.carsystem.org/fileadmin/_processed_/3/0/csm_160110-cs-ersatzakku-5-ah-2_2d7800352d.png,https://www.carsystem.org/fileadmin/products/images/160.110/160110-cs-ersatzakku-5-ah-2.png,IMAGE_QUALITY_REVIEW_ONLY,pravilo: današnji manifest porekla (izvor = _processed_ PNG derivat); par NIJE meren,"NIJE potvrđen defekt. Isti tip izvora kao 15 izmerenih parova — to je razlog za merenje, ne rezultat merenja."
carsystem__carsystem-speedmixer-10-kg#SOURCE_PIPELINE_REEXPORT_CANDIDATE_UNMEASURED,carsystem__carsystem-speedmixer-10-kg,carsystem,carsystem,Carsystem Speedmixer 10 kg,carsystem-speedmixer-10-kg,/products/carsystem/catalog/carsystem-speedmixer-10-kg.webp,660,1460,SOURCE_PIPELINE_REEXPORT_CANDIDATE_UNMEASURED,tone/source re-export (kandidat),RULE_BASED_CANDIDATE,CANDIDATE_NOT_YET_MEASURED,unknown,,,A_OK_NO_CHANGE,NONE,pipelineToneStatus = unknown; ekstrapolacija zabranjena (finalna odluka 9); sistemski re-export nije ni planiran ni odobren,NONE — 0 odobreno / 0 integrisano; bez mass apply; runtime productImage nepromenjen,,YES (sourceSha256 + veličina fajla isti),https://www.carsystem.org/fileadmin/_processed_/5/f/csm_143347-cs-speedmixer-10kg_9d13de9c64.png,https://www.carsystem.org/fileadmin/products/images/143.205/143347-cs-speedmixer-10kg.png,IMAGE_QUALITY_REVIEW_ONLY,pravilo: današnji manifest porekla (izvor = _processed_ PNG derivat); par NIJE meren,"NIJE potvrđen defekt. Isti tip izvora kao 15 izmerenih parova — to je razlog za merenje, ne rezultat merenja."
carsystem__carsystem-speedmixer-3-kg#SOURCE_PIPELINE_REEXPORT_CANDIDATE_UNMEASURED,carsystem__carsystem-speedmixer-3-kg,carsystem,carsystem,Carsystem Speedmixer 3 kg,carsystem-speedmixer-3-kg,/products/carsystem/catalog/carsystem-speedmixer-3-kg.webp,660,410,SOURCE_PIPELINE_REEXPORT_CANDIDATE_UNMEASURED,tone/source re-export (kandidat),RULE_BASED_CANDIDATE,CANDIDATE_NOT_YET_MEASURED,unknown,,,A_OK_NO_CHANGE,NONE,pipelineToneStatus = unknown; ekstrapolacija zabranjena (finalna odluka 9); sistemski re-export nije ni planiran ni odobren,NONE — 0 odobreno / 0 integrisano; bez mass apply; runtime productImage nepromenjen,,YES (sourceSha256 + veličina fajla isti),https://www.carsystem.org/fileadmin/_processed_/1/1/csm_151017-cs-speedmixer-3kg_b5dc8e5935.png,https://www.carsystem.org/fileadmin/products/images/146.427/151017-cs-speedmixer-3kg.png,IMAGE_QUALITY_REVIEW_ONLY,pravilo: današnji manifest porekla (izvor = _processed_ PNG derivat); par NIJE meren,"NIJE potvrđen defekt. Isti tip izvora kao 15 izmerenih parova — to je razlog za merenje, ne rezultat merenja."
carsystem__carsystem-spotblender#SOURCE_PIPELINE_REEXPORT_CANDIDATE_UNMEASURED,carsystem__carsystem-spotblender,carsystem,carsystem,Carsystem Spotblender,carsystem-spotblender,/products/carsystem/catalog/carsystem-spotblender.webp,660,965,SOURCE_PIPELINE_REEXPORT_CANDIDATE_UNMEASURED,tone/source re-export (kandidat),RULE_BASED_CANDIDATE,CANDIDATE_NOT_YET_MEASURED,unknown,,,A_OK_NO_CHANGE,NONE,pipelineToneStatus = unknown; ekstrapolacija zabranjena (finalna odluka 9); sistemski re-export nije ni planiran ni odobren,NONE — 0 odobreno / 0 integrisano; bez mass apply; runtime productImage nepromenjen,,YES (sourceSha256 + veličina fajla isti),https://www.carsystem.org/fileadmin/_processed_/b/e/csm_148989-cs-spotblender-1-l_4be45e23b6.png,https://www.carsystem.org/fileadmin/products/images/148.989/148989-cs-spotblender-1-l.png,IMAGE_QUALITY_REVIEW_ONLY,pravilo: današnji manifest porekla (izvor = _processed_ PNG derivat); par NIJE meren,"NIJE potvrđen defekt. Isti tip izvora kao 15 izmerenih parova — to je razlog za merenje, ne rezultat merenja."
carsystem__carsystem-spotblender-spray#CLASS_B_DETERMINISTIC_FIX,carsystem__carsystem-spotblender-spray,carsystem,carsystem,Carsystem Spotblender Spray,carsystem-spotblender-spray,/products/carsystem/catalog/carsystem-spotblender-spray.webp,660,1122,CLASS_B_DETERMINISTIC_FIX,asset (deterministički tretman),HISTORICAL_CONFIRMED,KNOWN_ASSET_ISSUE,unknown,,,B_DETERMINISTIC_FIX,BOTH,"klasa B — tretman tek posle odobrenja pilota (handoff §12.8); finalna pravila imaju prednost nad predlogom: bez cropa, bez globalnog brightness/gamma/contrast, bez AI",NONE — 0 odobreno / 0 integrisano; bez mass apply; runtime productImage nepromenjen,,YES (sourceSha256 + veličina fajla isti),https://www.carsystem.org/fileadmin/_processed_/7/5/csm_145987-cs-spotblender-spray-400ml-3D_fca40e0085.png,https://www.carsystem.org/fileadmin/products/images/145.987/145987-cs-spotblender-spray-400ml-3D.png,IMAGE_QUALITY_REVIEW_ONLY,historical-evidence/CARSYSTEM_IMAGE_AUDIT.csv,nalaz: pregorele bele površine | istorijski predlog: korekcija nivoa u gornjem opsegu | rizik: nizak
carsystem__carsystem-spotblender-spray#FIT_MEASURES_BAKED_SHADOW,carsystem__carsystem-spotblender-spray,carsystem,carsystem,Carsystem Spotblender Spray,carsystem-spotblender-spray,/products/carsystem/catalog/carsystem-spotblender-spray.webp,660,1122,FIT_MEASURES_BAKED_SHADOW,"crop/fit (rendering, ne asset)",HISTORICAL_CONFIRMED,KNOWN_RENDERING_ISSUE,unknown,,,B_DETERMINISTIC_FIX,BOTH,"rešenje = V6A hibridni subjectBox (merenjem, bez izmene fajla; bez cropa) — IMPLEMENTED_AND_VERIFIED u starom worktree-u, NIJE na main; ne portuje se",NONE — 0 odobreno / 0 integrisano; bez mass apply; runtime productImage nepromenjen,,YES (sourceSha256 + veličina fajla isti),https://www.carsystem.org/fileadmin/_processed_/7/5/csm_145987-cs-spotblender-spray-400ml-3D_fca40e0085.png,https://www.carsystem.org/fileadmin/products/images/145.987/145987-cs-spotblender-spray-400ml-3D.png,IMAGE_QUALITY_REVIEW_ONLY,historical-evidence/css-rendering-candidates.csv,"linearni manjak 12.2 %, manjak površine 12.8 %; inflacija boxa 1.1463"
carsystem__carsystem-spotblender-spray#SOURCE_PIPELINE_REEXPORT_CANDIDATE_UNMEASURED,carsystem__carsystem-spotblender-spray,carsystem,carsystem,Carsystem Spotblender Spray,carsystem-spotblender-spray,/products/carsystem/catalog/carsystem-spotblender-spray.webp,660,1122,SOURCE_PIPELINE_REEXPORT_CANDIDATE_UNMEASURED,tone/source re-export (kandidat),RULE_BASED_CANDIDATE,CANDIDATE_NOT_YET_MEASURED,unknown,,,B_DETERMINISTIC_FIX,BOTH,pipelineToneStatus = unknown; ekstrapolacija zabranjena (finalna odluka 9); sistemski re-export nije ni planiran ni odobren,NONE — 0 odobreno / 0 integrisano; bez mass apply; runtime productImage nepromenjen,,YES (sourceSha256 + veličina fajla isti),https://www.carsystem.org/fileadmin/_processed_/7/5/csm_145987-cs-spotblender-spray-400ml-3D_fca40e0085.png,https://www.carsystem.org/fileadmin/products/images/145.987/145987-cs-spotblender-spray-400ml-3D.png,IMAGE_QUALITY_REVIEW_ONLY,pravilo: današnji manifest porekla (izvor = _processed_ PNG derivat); par NIJE meren,"NIJE potvrđen defekt. Isti tip izvora kao 15 izmerenih parova — to je razlog za merenje, ne rezultat merenja."
carsystem__carsystem-spray#FIT_MEASURES_BAKED_SHADOW,carsystem__carsystem-spray,carsystem,carsystem,Carsystem Spray,carsystem-spray,/products/carsystem/catalog/carsystem-spray.webp,660,660,FIT_MEASURES_BAKED_SHADOW,"crop/fit (rendering, ne asset)",HISTORICAL_CONFIRMED,KNOWN_RENDERING_ISSUE,unknown,,,A_OK_NO_CHANGE,CSS_RENDERING_PROBLEM,"rešenje = V6A hibridni subjectBox (merenjem, bez izmene fajla; bez cropa) — IMPLEMENTED_AND_VERIFIED u starom worktree-u, NIJE na main; ne portuje se",NONE — 0 odobreno / 0 integrisano; bez mass apply; runtime productImage nepromenjen,,YES (sourceSha256 + veličina fajla isti),https://www.carsystem.org/fileadmin/_processed_/2/c/csm_127.978-cs-spray-inkl-haerter-3D_4cf57e8a72.png,https://www.carsystem.org/fileadmin/products/images/127.978/127.978-cs-spray-inkl-haerter-3D.png,IMAGE_QUALITY_REVIEW_ONLY,historical-evidence/css-rendering-candidates.csv,"linearni manjak 7.9 %, manjak površine 9.4 %; inflacija boxa 1.1039"
carsystem__carsystem-spray#SOURCE_PIPELINE_REEXPORT_CANDIDATE_UNMEASURED,carsystem__carsystem-spray,carsystem,carsystem,Carsystem Spray,carsystem-spray,/products/carsystem/catalog/carsystem-spray.webp,660,660,SOURCE_PIPELINE_REEXPORT_CANDIDATE_UNMEASURED,tone/source re-export (kandidat),RULE_BASED_CANDIDATE,CANDIDATE_NOT_YET_MEASURED,unknown,,,A_OK_NO_CHANGE,CSS_RENDERING_PROBLEM,pipelineToneStatus = unknown; ekstrapolacija zabranjena (finalna odluka 9); sistemski re-export nije ni planiran ni odobren,NONE — 0 odobreno / 0 integrisano; bez mass apply; runtime productImage nepromenjen,,YES (sourceSha256 + veličina fajla isti),https://www.carsystem.org/fileadmin/_processed_/2/c/csm_127.978-cs-spray-inkl-haerter-3D_4cf57e8a72.png,https://www.carsystem.org/fileadmin/products/images/127.978/127.978-cs-spray-inkl-haerter-3D.png,IMAGE_QUALITY_REVIEW_ONLY,pravilo: današnji manifest porekla (izvor = _processed_ PNG derivat); par NIJE meren,"NIJE potvrđen defekt. Isti tip izvora kao 15 izmerenih parova — to je razlog za merenje, ne rezultat merenja."
carsystem__carsystem-spray-out-cards-metal#SOURCE_PIPELINE_REEXPORT_CANDIDATE_UNMEASURED,carsystem__carsystem-spray-out-cards-metal,carsystem,carsystem,Carsystem Spray Out Cards Metal,carsystem-spray-out-cards-metal,/products/carsystem/catalog/carsystem-spray-out-cards-metal.webp,660,726,SOURCE_PIPELINE_REEXPORT_CANDIDATE_UNMEASURED,tone/source re-export (kandidat),RULE_BASED_CANDIDATE,CANDIDATE_NOT_YET_MEASURED,unknown,,,A_OK_NO_CHANGE,NONE,pipelineToneStatus = unknown; ekstrapolacija zabranjena (finalna odluka 9); sistemski re-export nije ni planiran ni odobren,NONE — 0 odobreno / 0 integrisano; bez mass apply; runtime productImage nepromenjen,,YES (sourceSha256 + veličina fajla isti),https://www.carsystem.org/fileadmin/_processed_/a/e/csm_153758-759-spray-out-cards_438396339e.png,https://www.carsystem.org/fileadmin/products/images/153.758/153758-759-spray-out-cards.png,IMAGE_QUALITY_REVIEW_ONLY,pravilo: današnji manifest porekla (izvor = _processed_ PNG derivat); par NIJE meren,"NIJE potvrđen defekt. Isti tip izvora kao 15 izmerenih parova — to je razlog za merenje, ne rezultat merenja."
carsystem__carsystem-spray-plus#FIT_MEASURES_BAKED_SHADOW,carsystem__carsystem-spray-plus,carsystem,carsystem,Carsystem Spray Plus,carsystem-spray-plus,/products/carsystem/catalog/carsystem-spray-plus.webp,660,660,FIT_MEASURES_BAKED_SHADOW,"crop/fit (rendering, ne asset)",HISTORICAL_CONFIRMED,KNOWN_RENDERING_ISSUE,unknown,,,A_OK_NO_CHANGE,CSS_RENDERING_PROBLEM,"rešenje = V6A hibridni subjectBox (merenjem, bez izmene fajla; bez cropa) — IMPLEMENTED_AND_VERIFIED u starom worktree-u, NIJE na main; ne portuje se",NONE — 0 odobreno / 0 integrisano; bez mass apply; runtime productImage nepromenjen,,YES (sourceSha256 + veličina fajla isti),https://www.carsystem.org/fileadmin/_processed_/5/e/csm_135.597-cs-spray-plus-inkl-haerter-3D_d14c4d2d3a.png,https://www.carsystem.org/fileadmin/products/images/135.597/135.597-cs-spray-plus-inkl-haerter-3D.png,IMAGE_QUALITY_REVIEW_ONLY,historical-evidence/css-rendering-candidates.csv,"linearni manjak 7.9 %, manjak površine 9.4 %; inflacija boxa 1.1039"
carsystem__carsystem-spray-plus#SOURCE_PIPELINE_REEXPORT_CANDIDATE_UNMEASURED,carsystem__carsystem-spray-plus,carsystem,carsystem,Carsystem Spray Plus,carsystem-spray-plus,/products/carsystem/catalog/carsystem-spray-plus.webp,660,660,SOURCE_PIPELINE_REEXPORT_CANDIDATE_UNMEASURED,tone/source re-export (kandidat),RULE_BASED_CANDIDATE,CANDIDATE_NOT_YET_MEASURED,unknown,,,A_OK_NO_CHANGE,CSS_RENDERING_PROBLEM,pipelineToneStatus = unknown; ekstrapolacija zabranjena (finalna odluka 9); sistemski re-export nije ni planiran ni odobren,NONE — 0 odobreno / 0 integrisano; bez mass apply; runtime productImage nepromenjen,,YES (sourceSha256 + veličina fajla isti),https://www.carsystem.org/fileadmin/_processed_/5/e/csm_135.597-cs-spray-plus-inkl-haerter-3D_d14c4d2d3a.png,https://www.carsystem.org/fileadmin/products/images/135.597/135.597-cs-spray-plus-inkl-haerter-3D.png,IMAGE_QUALITY_REVIEW_ONLY,pravilo: današnji manifest porekla (izvor = _processed_ PNG derivat); par NIJE meren,"NIJE potvrđen defekt. Isti tip izvora kao 15 izmerenih parova — to je razlog za merenje, ne rezultat merenja."
carsystem__carsystem-spray-thinner#FIT_MEASURES_BAKED_SHADOW,carsystem__carsystem-spray-thinner,carsystem,carsystem,Carsystem Spray Thinner,carsystem-spray-thinner,/products/carsystem/catalog/carsystem-spray-thinner.webp,660,825,FIT_MEASURES_BAKED_SHADOW,"crop/fit (rendering, ne asset)",HISTORICAL_CONFIRMED,KNOWN_RENDERING_ISSUE,unknown,,,A_OK_NO_CHANGE,CSS_RENDERING_PROBLEM,"rešenje = V6A hibridni subjectBox (merenjem, bez izmene fajla; bez cropa) — IMPLEMENTED_AND_VERIFIED u starom worktree-u, NIJE na main; ne portuje se",NONE — 0 odobreno / 0 integrisano; bez mass apply; runtime productImage nepromenjen,,YES (sourceSha256 + veličina fajla isti),https://www.carsystem.org/fileadmin/_processed_/c/c/csm_124.315-cs-spray-verduenner_e49c26ca21.png,https://www.carsystem.org/fileadmin/products/images/124.315/124.315-cs-spray-verduenner.png,IMAGE_QUALITY_REVIEW_ONLY,historical-evidence/css-rendering-candidates.csv,"linearni manjak 22.3 %, manjak površine 22.6 %; inflacija boxa 1.2926"
carsystem__carsystem-spray-thinner#SOURCE_PIPELINE_REEXPORT_CANDIDATE_UNMEASURED,carsystem__carsystem-spray-thinner,carsystem,carsystem,Carsystem Spray Thinner,carsystem-spray-thinner,/products/carsystem/catalog/carsystem-spray-thinner.webp,660,825,SOURCE_PIPELINE_REEXPORT_CANDIDATE_UNMEASURED,tone/source re-export (kandidat),RULE_BASED_CANDIDATE,CANDIDATE_NOT_YET_MEASURED,unknown,,,A_OK_NO_CHANGE,CSS_RENDERING_PROBLEM,pipelineToneStatus = unknown; ekstrapolacija zabranjena (finalna odluka 9); sistemski re-export nije ni planiran ni odobren,NONE — 0 odobreno / 0 integrisano; bez mass apply; runtime productImage nepromenjen,,YES (sourceSha256 + veličina fajla isti),https://www.carsystem.org/fileadmin/_processed_/c/c/csm_124.315-cs-spray-verduenner_e49c26ca21.png,https://www.carsystem.org/fileadmin/products/images/124.315/124.315-cs-spray-verduenner.png,IMAGE_QUALITY_REVIEW_ONLY,pravilo: današnji manifest porekla (izvor = _processed_ PNG derivat); par NIJE meren,"NIJE potvrđen defekt. Isti tip izvora kao 15 izmerenih parova — to je razlog za merenje, ne rezultat merenja."
carsystem__carsystem-spraygun-cleaner#CLASS_B_DETERMINISTIC_FIX,carsystem__carsystem-spraygun-cleaner,carsystem,carsystem,Carsystem Spraygun cleaner,carsystem-spraygun-cleaner,/products/carsystem/catalog/carsystem-spraygun-cleaner.webp,660,1882,CLASS_B_DETERMINISTIC_FIX,asset (deterministički tretman),HISTORICAL_CONFIRMED,KNOWN_ASSET_ISSUE,unknown,,,B_DETERMINISTIC_FIX,SOURCE_IMAGE_PROBLEM,"klasa B — tretman tek posle odobrenja pilota (handoff §12.8); finalna pravila imaju prednost nad predlogom: bez cropa, bez globalnog brightness/gamma/contrast, bez AI",NONE — 0 odobreno / 0 integrisano; bez mass apply; runtime productImage nepromenjen,,YES (sourceSha256 + veličina fajla isti),https://www.carsystem.org/fileadmin/_processed_/3/4/csm_158627-spray-gun-cleaner_cb525e8d77.png,https://www.carsystem.org/fileadmin/products/images/158.627/158627-spray-gun-cleaner.png,IMAGE_QUALITY_REVIEW_ONLY,historical-evidence/CARSYSTEM_IMAGE_AUDIT.csv,nalaz: širok poluprovidni oreol/refleks u alfi | istorijski predlog: čišćenje alfa krive na ivici | rizik: nizak
carsystem__carsystem-spraygun-cleaner#SOURCE_PIPELINE_REEXPORT_CANDIDATE_UNMEASURED,carsystem__carsystem-spraygun-cleaner,carsystem,carsystem,Carsystem Spraygun cleaner,carsystem-spraygun-cleaner,/products/carsystem/catalog/carsystem-spraygun-cleaner.webp,660,1882,SOURCE_PIPELINE_REEXPORT_CANDIDATE_UNMEASURED,tone/source re-export (kandidat),RULE_BASED_CANDIDATE,CANDIDATE_NOT_YET_MEASURED,unknown,,,B_DETERMINISTIC_FIX,SOURCE_IMAGE_PROBLEM,pipelineToneStatus = unknown; ekstrapolacija zabranjena (finalna odluka 9); sistemski re-export nije ni planiran ni odobren,NONE — 0 odobreno / 0 integrisano; bez mass apply; runtime productImage nepromenjen,,YES (sourceSha256 + veličina fajla isti),https://www.carsystem.org/fileadmin/_processed_/3/4/csm_158627-spray-gun-cleaner_cb525e8d77.png,https://www.carsystem.org/fileadmin/products/images/158.627/158627-spray-gun-cleaner.png,IMAGE_QUALITY_REVIEW_ONLY,pravilo: današnji manifest porekla (izvor = _processed_ PNG derivat); par NIJE meren,"NIJE potvrđen defekt. Isti tip izvora kao 15 izmerenih parova — to je razlog za merenje, ne rezultat merenja."
carsystem__carsystem-squeezer#SOURCE_PIPELINE_REEXPORT_CANDIDATE_UNMEASURED,carsystem__carsystem-squeezer,carsystem,carsystem,Carsystem Squeezer,carsystem-squeezer,/products/carsystem/catalog/carsystem-squeezer.webp,660,505,SOURCE_PIPELINE_REEXPORT_CANDIDATE_UNMEASURED,tone/source re-export (kandidat),RULE_BASED_CANDIDATE,CANDIDATE_NOT_YET_MEASURED,unknown,,,A_OK_NO_CHANGE,NONE,pipelineToneStatus = unknown; ekstrapolacija zabranjena (finalna odluka 9); sistemski re-export nije ni planiran ni odobren,NONE — 0 odobreno / 0 integrisano; bez mass apply; runtime productImage nepromenjen,,YES (sourceSha256 + veličina fajla isti),https://www.carsystem.org/fileadmin/_processed_/1/7/csm_139858-157987-cs-squeezer-press-mit-logo_7c20f9f540.png,https://www.carsystem.org/fileadmin/products/images/157.987/139858-157987-cs-squeezer-press-mit-logo.png,IMAGE_QUALITY_REVIEW_ONLY,pravilo: današnji manifest porekla (izvor = _processed_ PNG derivat); par NIJE meren,"NIJE potvrđen defekt. Isti tip izvora kao 15 izmerenih parova — to je razlog za merenje, ne rezultat merenja."
carsystem__carsystem-star-dust-2-0-ffp2#SOURCE_PIPELINE_REEXPORT_CANDIDATE_UNMEASURED,carsystem__carsystem-star-dust-2-0-ffp2,carsystem,carsystem,Carsystem Star Dust 2.0 FFP2,carsystem-star-dust-2-0-ffp2,/products/carsystem/catalog/carsystem-star-dust-2-0-ffp2.webp,660,1012,SOURCE_PIPELINE_REEXPORT_CANDIDATE_UNMEASURED,tone/source re-export (kandidat),RULE_BASED_CANDIDATE,CANDIDATE_NOT_YET_MEASURED,unknown,,,A_OK_NO_CHANGE,NONE,pipelineToneStatus = unknown; ekstrapolacija zabranjena (finalna odluka 9); sistemski re-export nije ni planiran ni odobren,NONE — 0 odobreno / 0 integrisano; bez mass apply; runtime productImage nepromenjen,,YES (sourceSha256 + veličina fajla isti),https://www.carsystem.org/fileadmin/_processed_/b/8/csm_159949-cs-star-dust-ffp2_f837435b37.png,https://www.carsystem.org/fileadmin/products/images/159.949/159949-cs-star-dust-ffp2.png,IMAGE_QUALITY_REVIEW_ONLY,pravilo: današnji manifest porekla (izvor = _processed_ PNG derivat); par NIJE meren,"NIJE potvrđen defekt. Isti tip izvora kao 15 izmerenih parova — to je razlog za merenje, ne rezultat merenja."
carsystem__carsystem-star-dust-2-0-ffp3-with-valve#SOURCE_PIPELINE_REEXPORT_CANDIDATE_UNMEASURED,carsystem__carsystem-star-dust-2-0-ffp3-with-valve,carsystem,carsystem,Carsystem Star Dust 2.0 FFP3 with Valve,carsystem-star-dust-2-0-ffp3-with-valve,/products/carsystem/catalog/carsystem-star-dust-2-0-ffp3-with-valve.webp,660,876,SOURCE_PIPELINE_REEXPORT_CANDIDATE_UNMEASURED,tone/source re-export (kandidat),RULE_BASED_CANDIDATE,CANDIDATE_NOT_YET_MEASURED,unknown,,,A_OK_NO_CHANGE,NONE,pipelineToneStatus = unknown; ekstrapolacija zabranjena (finalna odluka 9); sistemski re-export nije ni planiran ni odobren,NONE — 0 odobreno / 0 integrisano; bez mass apply; runtime productImage nepromenjen,,YES (sourceSha256 + veličina fajla isti),https://www.carsystem.org/fileadmin/_processed_/c/b/csm_159950-cs-star-dust-ffp3_9c281ddc43.png,https://www.carsystem.org/fileadmin/products/images/159.950/159950-cs-star-dust-ffp3.png,IMAGE_QUALITY_REVIEW_ONLY,pravilo: današnji manifest porekla (izvor = _processed_ PNG derivat); par NIJE meren,"NIJE potvrđen defekt. Isti tip izvora kao 15 izmerenih parova — to je razlog za merenje, ne rezultat merenja."
carsystem__carsystem-star-mask#SOURCE_PIPELINE_REEXPORT_CANDIDATE_UNMEASURED,carsystem__carsystem-star-mask,carsystem,carsystem,Carsystem Star Mask,carsystem-star-mask,/products/carsystem/catalog/carsystem-star-mask.webp,660,527,SOURCE_PIPELINE_REEXPORT_CANDIDATE_UNMEASURED,tone/source re-export (kandidat),RULE_BASED_CANDIDATE,CANDIDATE_NOT_YET_MEASURED,unknown,,,A_OK_NO_CHANGE,NONE,pipelineToneStatus = unknown; ekstrapolacija zabranjena (finalna odluka 9); sistemski re-export nije ni planiran ni odobren,NONE — 0 odobreno / 0 integrisano; bez mass apply; runtime productImage nepromenjen,,YES (sourceSha256 + veličina fajla isti),https://www.carsystem.org/fileadmin/_processed_/6/e/csm_141143-141145-cs-star-mask-ffa2-p2-r_eacea50421.png,https://www.carsystem.org/fileadmin/products/images/141.143/141143-141145-cs-star-mask-ffa2-p2-r.png,IMAGE_QUALITY_REVIEW_ONLY,pravilo: današnji manifest porekla (izvor = _processed_ PNG derivat); par NIJE meren,"NIJE potvrđen defekt. Isti tip izvora kao 15 izmerenih parova — to je razlog za merenje, ne rezultat merenja."
carsystem__carsystem-star-mask-disc#SOURCE_PIPELINE_REEXPORT_CANDIDATE_UNMEASURED,carsystem__carsystem-star-mask-disc,carsystem,carsystem,Carsystem Star Mask Disc,carsystem-star-mask-disc,/products/carsystem/catalog/carsystem-star-mask-disc.webp,660,697,SOURCE_PIPELINE_REEXPORT_CANDIDATE_UNMEASURED,tone/source re-export (kandidat),RULE_BASED_CANDIDATE,CANDIDATE_NOT_YET_MEASURED,unknown,,,A_OK_NO_CHANGE,NONE,pipelineToneStatus = unknown; ekstrapolacija zabranjena (finalna odluka 9); sistemski re-export nije ni planiran ni odobren,NONE — 0 odobreno / 0 integrisano; bez mass apply; runtime productImage nepromenjen,,YES (sourceSha256 + veličina fajla isti),https://www.carsystem.org/fileadmin/_processed_/c/9/csm_144310-cs-star-mask-disk-filter-holder_de2833c407.png,https://www.carsystem.org/fileadmin/products/images/144.310/144310-cs-star-mask-disk-filter-holder.png,IMAGE_QUALITY_REVIEW_ONLY,pravilo: današnji manifest porekla (izvor = _processed_ PNG derivat); par NIJE meren,"NIJE potvrđen defekt. Isti tip izvora kao 15 izmerenih parova — to je razlog za merenje, ne rezultat merenja."
carsystem__carsystem-star-mask-pre-p2-r#SOURCE_PIPELINE_REEXPORT_CANDIDATE_UNMEASURED,carsystem__carsystem-star-mask-pre-p2-r,carsystem,carsystem,Carsystem Star Mask Pre P2 R,carsystem-star-mask-pre-p2-r,/products/carsystem/catalog/carsystem-star-mask-pre-p2-r.webp,660,634,SOURCE_PIPELINE_REEXPORT_CANDIDATE_UNMEASURED,tone/source re-export (kandidat),RULE_BASED_CANDIDATE,CANDIDATE_NOT_YET_MEASURED,unknown,,,A_OK_NO_CHANGE,NONE,pipelineToneStatus = unknown; ekstrapolacija zabranjena (finalna odluka 9); sistemski re-export nije ni planiran ni odobren,NONE — 0 odobreno / 0 integrisano; bez mass apply; runtime productImage nepromenjen,,YES (sourceSha256 + veličina fajla isti),https://www.carsystem.org/fileadmin/_processed_/9/7/csm_141154-cs-star-mask-pre-p2s-r_8065221345.png,https://www.carsystem.org/fileadmin/products/images/141.154/141154-cs-star-mask-pre-p2s-r.png,IMAGE_QUALITY_REVIEW_ONLY,pravilo: današnji manifest porekla (izvor = _processed_ PNG derivat); par NIJE meren,"NIJE potvrđen defekt. Isti tip izvora kao 15 izmerenih parova — to je razlog za merenje, ne rezultat merenja."
carsystem__carsystem-star-mask-refill#SOURCE_PIPELINE_REEXPORT_CANDIDATE_UNMEASURED,carsystem__carsystem-star-mask-refill,carsystem,carsystem,Carsystem Star Mask Refill,carsystem-star-mask-refill,/products/carsystem/catalog/carsystem-star-mask-refill.webp,660,383,SOURCE_PIPELINE_REEXPORT_CANDIDATE_UNMEASURED,tone/source re-export (kandidat),RULE_BASED_CANDIDATE,CANDIDATE_NOT_YET_MEASURED,unknown,,,A_OK_NO_CHANGE,NONE,pipelineToneStatus = unknown; ekstrapolacija zabranjena (finalna odluka 9); sistemski re-export nije ni planiran ni odobren,NONE — 0 odobreno / 0 integrisano; bez mass apply; runtime productImage nepromenjen,,YES (sourceSha256 + veličina fajla isti),https://www.carsystem.org/fileadmin/_processed_/0/0/csm_141224-cs-star-mask-refill-a2_b0c7fde064.png,https://www.carsystem.org/fileadmin/products/images/141.224/141224-cs-star-mask-refill-a2.png,IMAGE_QUALITY_REVIEW_ONLY,pravilo: današnji manifest porekla (izvor = _processed_ PNG derivat); par NIJE meren,"NIJE potvrđen defekt. Isti tip izvora kao 15 izmerenih parova — to je razlog za merenje, ne rezultat merenja."
carsystem__carsystem-staub-stop#SOURCE_PIPELINE_REEXPORT_CANDIDATE_UNMEASURED,carsystem__carsystem-staub-stop,carsystem,carsystem,Carsystem Staub Stop,carsystem-staub-stop,/products/carsystem/catalog/carsystem-staub-stop.webp,660,534,SOURCE_PIPELINE_REEXPORT_CANDIDATE_UNMEASURED,tone/source re-export (kandidat),RULE_BASED_CANDIDATE,CANDIDATE_NOT_YET_MEASURED,unknown,,,A_OK_NO_CHANGE,NONE,pipelineToneStatus = unknown; ekstrapolacija zabranjena (finalna odluka 9); sistemski re-export nije ni planiran ni odobren,NONE — 0 odobreno / 0 integrisano; bez mass apply; runtime productImage nepromenjen,,YES (sourceSha256 + veličina fajla isti),https://www.carsystem.org/fileadmin/_processed_/5/f/csm_132616-cs-staub-stop-standard-5er_ebb4ad3c91.png,https://www.carsystem.org/fileadmin/products/images/132.615/132616-cs-staub-stop-standard-5er.png,IMAGE_QUALITY_REVIEW_ONLY,pravilo: današnji manifest porekla (izvor = _processed_ PNG derivat); par NIJE meren,"NIJE potvrđen defekt. Isti tip izvora kao 15 izmerenih parova — to je razlog za merenje, ne rezultat merenja."
carsystem__carsystem-staub-stop-super-wave#SOURCE_PIPELINE_REEXPORT_CANDIDATE_UNMEASURED,carsystem__carsystem-staub-stop-super-wave,carsystem,carsystem,Carsystem Staub Stop Super Wave,carsystem-staub-stop-super-wave,/products/carsystem/catalog/carsystem-staub-stop-super-wave.webp,660,644,SOURCE_PIPELINE_REEXPORT_CANDIDATE_UNMEASURED,tone/source re-export (kandidat),RULE_BASED_CANDIDATE,CANDIDATE_NOT_YET_MEASURED,unknown,,,A_OK_NO_CHANGE,NONE,pipelineToneStatus = unknown; ekstrapolacija zabranjena (finalna odluka 9); sistemski re-export nije ni planiran ni odobren,NONE — 0 odobreno / 0 integrisano; bez mass apply; runtime productImage nepromenjen,,YES (sourceSha256 + veličina fajla isti),https://www.carsystem.org/fileadmin/_processed_/7/6/csm_148124-cs-staub-stop-super-wave-1-stueck_d924a75ca8.png,https://www.carsystem.org/fileadmin/products/images/148.124/148124-cs-staub-stop-super-wave-1-stueck.png,IMAGE_QUALITY_REVIEW_ONLY,pravilo: današnji manifest porekla (izvor = _processed_ PNG derivat); par NIJE meren,"NIJE potvrđen defekt. Isti tip izvora kao 15 izmerenih parova — to je razlog za merenje, ne rezultat merenja."
carsystem__carsystem-staub-stop-water-black#CLASS_D_AI_HIGH_RISK,carsystem__carsystem-staub-stop-water-black,carsystem,carsystem,Carsystem Staub Stop Water Black,carsystem-staub-stop-water-black,/products/carsystem/catalog/carsystem-staub-stop-water-black.webp,660,534,CLASS_D_AI_HIGH_RISK,manual review,MANUAL_REVIEW_REQUIRED,NO_ACTION_APPROVED,unknown,,,D_AI_HIGH_RISK,SOURCE_IMAGE_PROBLEM,klasa D — visok rizik; bez AI obrade; samo ručna odluka,NONE — 0 odobreno / 0 integrisano; bez mass apply; runtime productImage nepromenjen,,YES (sourceSha256 + veličina fajla isti),https://www.carsystem.org/fileadmin/_processed_/8/2/csm_158033-staub-stop-water-black-verpackung-tuecher_a526ce2969.png,https://www.carsystem.org/fileadmin/products/images/158.033/158033-staub-stop-water-black-verpackung-tuecher.png,IMAGE_QUALITY_REVIEW_ONLY,historical-evidence/CARSYSTEM_IMAGE_AUDIT.csv,nalaz: ravna crna silueta bez modelacije | rizik: visok — štampani natpis u najtamnijoj zoni
carsystem__carsystem-staub-stop-water-black#SOURCE_PIPELINE_REEXPORT_CANDIDATE_UNMEASURED,carsystem__carsystem-staub-stop-water-black,carsystem,carsystem,Carsystem Staub Stop Water Black,carsystem-staub-stop-water-black,/products/carsystem/catalog/carsystem-staub-stop-water-black.webp,660,534,SOURCE_PIPELINE_REEXPORT_CANDIDATE_UNMEASURED,tone/source re-export (kandidat),RULE_BASED_CANDIDATE,CANDIDATE_NOT_YET_MEASURED,unknown,,,D_AI_HIGH_RISK,SOURCE_IMAGE_PROBLEM,pipelineToneStatus = unknown; ekstrapolacija zabranjena (finalna odluka 9); sistemski re-export nije ni planiran ni odobren,NONE — 0 odobreno / 0 integrisano; bez mass apply; runtime productImage nepromenjen,,YES (sourceSha256 + veličina fajla isti),https://www.carsystem.org/fileadmin/_processed_/8/2/csm_158033-staub-stop-water-black-verpackung-tuecher_a526ce2969.png,https://www.carsystem.org/fileadmin/products/images/158.033/158033-staub-stop-water-black-verpackung-tuecher.png,IMAGE_QUALITY_REVIEW_ONLY,pravilo: današnji manifest porekla (izvor = _processed_ PNG derivat); par NIJE meren,"NIJE potvrđen defekt. Isti tip izvora kao 15 izmerenih parova — to je razlog za merenje, ne rezultat merenja."
carsystem__carsystem-steel#SOURCE_PIPELINE_REEXPORT_CANDIDATE_UNMEASURED,carsystem__carsystem-steel,carsystem,carsystem,Carsystem Steel,carsystem-steel,/products/carsystem/catalog/carsystem-steel.webp,660,388,SOURCE_PIPELINE_REEXPORT_CANDIDATE_UNMEASURED,tone/source re-export (kandidat),RULE_BASED_CANDIDATE,CANDIDATE_NOT_YET_MEASURED,unknown,,,A_OK_NO_CHANGE,NONE,pipelineToneStatus = unknown; ekstrapolacija zabranjena (finalna odluka 9); sistemski re-export nije ni planiran ni odobren,NONE — 0 odobreno / 0 integrisano; bez mass apply; runtime productImage nepromenjen,,YES (sourceSha256 + veličina fajla isti),https://www.carsystem.org/fileadmin/_processed_/0/3/csm_138587-cs-steel-inkl-haerter-kg-0_9_3c4475bec2.png,https://www.carsystem.org/fileadmin/products/images/138.587/138587-cs-steel-inkl-haerter-kg-0_9.png,IMAGE_QUALITY_REVIEW_ONLY,pravilo: današnji manifest porekla (izvor = _processed_ PNG derivat); par NIJE meren,"NIJE potvrđen defekt. Isti tip izvora kao 15 izmerenih parova — to je razlog za merenje, ne rezultat merenja."
carsystem__carsystem-stripping-disc#SOURCE_PIPELINE_REEXPORT_CANDIDATE_UNMEASURED,carsystem__carsystem-stripping-disc,carsystem,carsystem,Carsystem Stripping Disc,carsystem-stripping-disc,/products/carsystem/catalog/carsystem-stripping-disc.webp,660,657,SOURCE_PIPELINE_REEXPORT_CANDIDATE_UNMEASURED,tone/source re-export (kandidat),RULE_BASED_CANDIDATE,CANDIDATE_NOT_YET_MEASURED,unknown,,,A_OK_NO_CHANGE,NONE,pipelineToneStatus = unknown; ekstrapolacija zabranjena (finalna odluka 9); sistemski re-export nije ni planiran ni odobren,NONE — 0 odobreno / 0 integrisano; bez mass apply; runtime productImage nepromenjen,,YES (sourceSha256 + veličina fajla isti),https://www.carsystem.org/fileadmin/_processed_/a/f/csm_128000-cs-topline-paintoff-stripping-disc-150mm_00ac0a09fc.png,https://www.carsystem.org/fileadmin/products/images/127.999/128000-cs-topline-paintoff-stripping-disc-150mm.png,IMAGE_QUALITY_REVIEW_ONLY,pravilo: današnji manifest porekla (izvor = _processed_ PNG derivat); par NIJE meren,"NIJE potvrđen defekt. Isti tip izvora kao 15 izmerenih parova — to je razlog za merenje, ne rezultat merenja."
carsystem__carsystem-super-nitril-hand-i#SOURCE_PIPELINE_REEXPORT_CANDIDATE_UNMEASURED,carsystem__carsystem-super-nitril-hand-i,carsystem,carsystem,Carsystem Super Nitril Hand I,carsystem-super-nitril-hand-i,/products/carsystem/catalog/carsystem-super-nitril-hand-i.webp,660,727,SOURCE_PIPELINE_REEXPORT_CANDIDATE_UNMEASURED,tone/source re-export (kandidat),RULE_BASED_CANDIDATE,CANDIDATE_NOT_YET_MEASURED,unknown,,,A_OK_NO_CHANGE,NONE,pipelineToneStatus = unknown; ekstrapolacija zabranjena (finalna odluka 9); sistemski re-export nije ni planiran ni odobren,NONE — 0 odobreno / 0 integrisano; bez mass apply; runtime productImage nepromenjen,,YES (sourceSha256 + veličina fajla isti),https://www.carsystem.org/fileadmin/_processed_/2/d/csm_145130-131-super-nitril-hand-I_a2bf33dd74.png,https://www.carsystem.org/fileadmin/products/images/145.130/145130-131-super-nitril-hand-I.png,IMAGE_QUALITY_REVIEW_ONLY,pravilo: današnji manifest porekla (izvor = _processed_ PNG derivat); par NIJE meren,"NIJE potvrđen defekt. Isti tip izvora kao 15 izmerenih parova — to je razlog za merenje, ne rezultat merenja."
carsystem__carsystem-sweatshirt-black-teamcarsystem#CLASS_F_SPECIAL_MARKETING_IMAGE,carsystem__carsystem-sweatshirt-black-teamcarsystem,carsystem,carsystem,Carsystem Sweatshirt Black #teamCARSYSTEM,carsystem-sweatshirt-black-teamcarsystem,/products/carsystem/catalog/carsystem-sweatshirt-black-teamcarsystem.webp,660,1072,CLASS_F_SPECIAL_MARKETING_IMAGE,manual review,MANUAL_REVIEW_REQUIRED,NO_ACTION_APPROVED,unknown,,,F_SPECIAL_MARKETING_IMAGE,SOURCE_IMAGE_PROBLEM,klasa F — marketinška/merch fotografija; ne dira se,NONE — 0 odobreno / 0 integrisano; bez mass apply; runtime productImage nepromenjen,,YES (sourceSha256 + veličina fajla isti),https://www.carsystem.org/fileadmin/_processed_/3/c/csm_160325-160330-sweatshirt-schwarz-2025_8495d2ed64.webp,https://www.carsystem.org/fileadmin/products/images/160.325/160325-160330-sweatshirt-schwarz-2025.webp,APPROVED_RUNTIME_IMAGE,historical-evidence/CARSYSTEM_IMAGE_AUDIT.csv,nalaz: merch/model/brand composition | rizik: nema (ne dira se)
carsystem__carsystem-sweatshirt-grey-teamcarsystem#CLASS_F_SPECIAL_MARKETING_IMAGE,carsystem__carsystem-sweatshirt-grey-teamcarsystem,carsystem,carsystem,Carsystem Sweatshirt Grey #TeamCARSYSTEM,carsystem-sweatshirt-grey-teamcarsystem,/products/carsystem/catalog/carsystem-sweatshirt-grey-teamcarsystem.webp,660,718,CLASS_F_SPECIAL_MARKETING_IMAGE,manual review,MANUAL_REVIEW_REQUIRED,NO_ACTION_APPROVED,unknown,,,F_SPECIAL_MARKETING_IMAGE,SOURCE_IMAGE_PROBLEM,klasa F — marketinška/merch fotografija; ne dira se,NONE — 0 odobreno / 0 integrisano; bez mass apply; runtime productImage nepromenjen,,YES (sourceSha256 + veličina fajla isti),https://www.carsystem.org/fileadmin/_processed_/e/e/csm_159864-868-909-sweatshirt-grau_610353c282.png,https://www.carsystem.org/fileadmin/products/images/159.864/159864-868-909-sweatshirt-grau.png,IMAGE_QUALITY_REVIEW_ONLY,historical-evidence/CARSYSTEM_IMAGE_AUDIT.csv,nalaz: merch/model/brand composition | rizik: nema (ne dira se)
carsystem__carsystem-sweatshirt-grey-teamcarsystem#SOURCE_PIPELINE_REEXPORT_CANDIDATE_UNMEASURED,carsystem__carsystem-sweatshirt-grey-teamcarsystem,carsystem,carsystem,Carsystem Sweatshirt Grey #TeamCARSYSTEM,carsystem-sweatshirt-grey-teamcarsystem,/products/carsystem/catalog/carsystem-sweatshirt-grey-teamcarsystem.webp,660,718,SOURCE_PIPELINE_REEXPORT_CANDIDATE_UNMEASURED,tone/source re-export (kandidat),RULE_BASED_CANDIDATE,CANDIDATE_NOT_YET_MEASURED,unknown,,,F_SPECIAL_MARKETING_IMAGE,SOURCE_IMAGE_PROBLEM,pipelineToneStatus = unknown; ekstrapolacija zabranjena (finalna odluka 9); sistemski re-export nije ni planiran ni odobren,NONE — 0 odobreno / 0 integrisano; bez mass apply; runtime productImage nepromenjen,,YES (sourceSha256 + veličina fajla isti),https://www.carsystem.org/fileadmin/_processed_/e/e/csm_159864-868-909-sweatshirt-grau_610353c282.png,https://www.carsystem.org/fileadmin/products/images/159.864/159864-868-909-sweatshirt-grau.png,IMAGE_QUALITY_REVIEW_ONLY,pravilo: današnji manifest porekla (izvor = _processed_ PNG derivat); par NIJE meren,"NIJE potvrđen defekt. Isti tip izvora kao 15 izmerenih parova — to je razlog za merenje, ne rezultat merenja."
carsystem__carsystem-t-shirt-black-teamcarsystem#CLASS_F_SPECIAL_MARKETING_IMAGE,carsystem__carsystem-t-shirt-black-teamcarsystem,carsystem,carsystem,Carsystem T-Shirt Black #teamCARSYSTEM,carsystem-t-shirt-black-teamcarsystem,/products/carsystem/catalog/carsystem-t-shirt-black-teamcarsystem.webp,660,652,CLASS_F_SPECIAL_MARKETING_IMAGE,manual review,MANUAL_REVIEW_REQUIRED,NO_ACTION_APPROVED,unknown,,,F_SPECIAL_MARKETING_IMAGE,SOURCE_IMAGE_PROBLEM,klasa F — marketinška/merch fotografija; ne dira se,NONE — 0 odobreno / 0 integrisano; bez mass apply; runtime productImage nepromenjen,,YES (sourceSha256 + veličina fajla isti),https://www.carsystem.org/fileadmin/_processed_/d/f/csm_159387-391-cs-t-shirt-teamcarsystem_d48e89a7ce.png,https://www.carsystem.org/fileadmin/products/images/159.827/159387-391-cs-t-shirt-teamcarsystem.png,IMAGE_QUALITY_REVIEW_ONLY,historical-evidence/CARSYSTEM_IMAGE_AUDIT.csv,nalaz: merch/model/brand composition | rizik: nema (ne dira se)
carsystem__carsystem-t-shirt-black-teamcarsystem#SOURCE_PIPELINE_REEXPORT_CANDIDATE_UNMEASURED,carsystem__carsystem-t-shirt-black-teamcarsystem,carsystem,carsystem,Carsystem T-Shirt Black #teamCARSYSTEM,carsystem-t-shirt-black-teamcarsystem,/products/carsystem/catalog/carsystem-t-shirt-black-teamcarsystem.webp,660,652,SOURCE_PIPELINE_REEXPORT_CANDIDATE_UNMEASURED,tone/source re-export (kandidat),RULE_BASED_CANDIDATE,CANDIDATE_NOT_YET_MEASURED,unknown,,,F_SPECIAL_MARKETING_IMAGE,SOURCE_IMAGE_PROBLEM,pipelineToneStatus = unknown; ekstrapolacija zabranjena (finalna odluka 9); sistemski re-export nije ni planiran ni odobren,NONE — 0 odobreno / 0 integrisano; bez mass apply; runtime productImage nepromenjen,,YES (sourceSha256 + veličina fajla isti),https://www.carsystem.org/fileadmin/_processed_/d/f/csm_159387-391-cs-t-shirt-teamcarsystem_d48e89a7ce.png,https://www.carsystem.org/fileadmin/products/images/159.827/159387-391-cs-t-shirt-teamcarsystem.png,IMAGE_QUALITY_REVIEW_ONLY,pravilo: današnji manifest porekla (izvor = _processed_ PNG derivat); par NIJE meren,"NIJE potvrđen defekt. Isti tip izvora kao 15 izmerenih parova — to je razlog za merenje, ne rezultat merenja."
carsystem__carsystem-tape-off-disc-premium#SOURCE_PIPELINE_REEXPORT_CANDIDATE_UNMEASURED,carsystem__carsystem-tape-off-disc-premium,carsystem,carsystem,Carsystem Tape Off Disc Premium,carsystem-tape-off-disc-premium,/products/carsystem/catalog/carsystem-tape-off-disc-premium.webp,660,528,SOURCE_PIPELINE_REEXPORT_CANDIDATE_UNMEASURED,tone/source re-export (kandidat),RULE_BASED_CANDIDATE,CANDIDATE_NOT_YET_MEASURED,unknown,,,A_OK_NO_CHANGE,NONE,pipelineToneStatus = unknown; ekstrapolacija zabranjena (finalna odluka 9); sistemski re-export nije ni planiran ni odobren,NONE — 0 odobreno / 0 integrisano; bez mass apply; runtime productImage nepromenjen,,YES (sourceSha256 + veličina fajla isti),https://www.carsystem.org/fileadmin/_processed_/c/2/csm_152013-cs-tape-off-disc-premium_e722fb2c44.png,https://www.carsystem.org/fileadmin/products/images/152.013/152013-cs-tape-off-disc-premium.png,IMAGE_QUALITY_REVIEW_ONLY,pravilo: današnji manifest porekla (izvor = _processed_ PNG derivat); par NIJE meren,"NIJE potvrđen defekt. Isti tip izvora kao 15 izmerenih parova — to je razlog za merenje, ne rezultat merenja."
carsystem__carsystem-tape-off-tool#SOURCE_PIPELINE_REEXPORT_CANDIDATE_UNMEASURED,carsystem__carsystem-tape-off-tool,carsystem,carsystem,Carsystem Tape Off Tool,carsystem-tape-off-tool,/products/carsystem/catalog/carsystem-tape-off-tool.webp,660,246,SOURCE_PIPELINE_REEXPORT_CANDIDATE_UNMEASURED,tone/source re-export (kandidat),RULE_BASED_CANDIDATE,CANDIDATE_NOT_YET_MEASURED,unknown,,,A_OK_NO_CHANGE,NONE,pipelineToneStatus = unknown; ekstrapolacija zabranjena (finalna odluka 9); sistemski re-export nije ni planiran ni odobren,NONE — 0 odobreno / 0 integrisano; bez mass apply; runtime productImage nepromenjen,,YES (sourceSha256 + veličina fajla isti),https://www.carsystem.org/fileadmin/_processed_/a/6/csm_133172-cs-tape-off-tool_1483411394.png,https://www.carsystem.org/fileadmin/products/images/133.172/133172-cs-tape-off-tool.png,IMAGE_QUALITY_REVIEW_ONLY,pravilo: današnji manifest porekla (izvor = _processed_ PNG derivat); par NIJE meren,"NIJE potvrđen defekt. Isti tip izvora kao 15 izmerenih parova — to je razlog za merenje, ne rezultat merenja."
carsystem__carsystem-tec-line-matt-matting-mousse#SOURCE_PIPELINE_REEXPORT_CANDIDATE_UNMEASURED,carsystem__carsystem-tec-line-matt-matting-mousse,carsystem,carsystem,Carsystem Tec Line Matt Matting Mousse,carsystem-tec-line-matt-matting-mousse,/products/carsystem/catalog/carsystem-tec-line-matt-matting-mousse.webp,660,1148,SOURCE_PIPELINE_REEXPORT_CANDIDATE_UNMEASURED,tone/source re-export (kandidat),RULE_BASED_CANDIDATE,CANDIDATE_NOT_YET_MEASURED,unknown,,,A_OK_NO_CHANGE,NONE,pipelineToneStatus = unknown; ekstrapolacija zabranjena (finalna odluka 9); sistemski re-export nije ni planiran ni odobren,NONE — 0 odobreno / 0 integrisano; bez mass apply; runtime productImage nepromenjen,,YES (sourceSha256 + veličina fajla isti),https://www.carsystem.org/fileadmin/_processed_/9/e/csm_151947-cs-tec-line-matt-matting-mousse-kg1_0_f6e294f72d.png,https://www.carsystem.org/fileadmin/products/images/151.947/151947-cs-tec-line-matt-matting-mousse-kg1_0.png,IMAGE_QUALITY_REVIEW_ONLY,pravilo: današnji manifest porekla (izvor = _processed_ PNG derivat); par NIJE meren,"NIJE potvrđen defekt. Isti tip izvora kao 15 izmerenih parova — to je razlog za merenje, ne rezultat merenja."
carsystem__carsystem-tec-line-mattflex-pad#SOURCE_PIPELINE_REEXPORT_CANDIDATE_UNMEASURED,carsystem__carsystem-tec-line-mattflex-pad,carsystem,carsystem,Carsystem Tec Line Mattflex Pad,carsystem-tec-line-mattflex-pad,/products/carsystem/catalog/carsystem-tec-line-mattflex-pad.webp,660,645,SOURCE_PIPELINE_REEXPORT_CANDIDATE_UNMEASURED,tone/source re-export (kandidat),RULE_BASED_CANDIDATE,CANDIDATE_NOT_YET_MEASURED,unknown,,,A_OK_NO_CHANGE,NONE,pipelineToneStatus = unknown; ekstrapolacija zabranjena (finalna odluka 9); sistemski re-export nije ni planiran ni odobren,NONE — 0 odobreno / 0 integrisano; bez mass apply; runtime productImage nepromenjen,,YES (sourceSha256 + veličina fajla isti),https://www.carsystem.org/fileadmin/_processed_/4/9/csm_152686-87-88-157444-cs-tec-line-mattflex-pad-gruppe_75c69978cc.png,https://www.carsystem.org/fileadmin/products/images/152.686/152686-87-88-157444-cs-tec-line-mattflex-pad-gruppe.png,IMAGE_QUALITY_REVIEW_ONLY,pravilo: današnji manifest porekla (izvor = _processed_ PNG derivat); par NIJE meren,"NIJE potvrđen defekt. Isti tip izvora kao 15 izmerenih parova — to je razlog za merenje, ne rezultat merenja."
carsystem__carsystem-tec-line-mattflex-premium#SOURCE_PIPELINE_REEXPORT_CANDIDATE_UNMEASURED,carsystem__carsystem-tec-line-mattflex-premium,carsystem,carsystem,Carsystem Tec Line Mattflex Premium,carsystem-tec-line-mattflex-premium,/products/carsystem/catalog/carsystem-tec-line-mattflex-premium.webp,660,550,SOURCE_PIPELINE_REEXPORT_CANDIDATE_UNMEASURED,tone/source re-export (kandidat),RULE_BASED_CANDIDATE,CANDIDATE_NOT_YET_MEASURED,unknown,,,A_OK_NO_CHANGE,NONE,pipelineToneStatus = unknown; ekstrapolacija zabranjena (finalna odluka 9); sistemski re-export nije ni planiran ni odobren,NONE — 0 odobreno / 0 integrisano; bez mass apply; runtime productImage nepromenjen,,YES (sourceSha256 + veličina fajla isti),https://www.carsystem.org/fileadmin/_processed_/4/0/csm_151616-617-cs-tec-line-mattflex-premium-rolle-gruppe_0b798f5776.png,https://www.carsystem.org/fileadmin/products/images/151.616/151616-617-cs-tec-line-mattflex-premium-rolle-gruppe.png,IMAGE_QUALITY_REVIEW_ONLY,pravilo: današnji manifest porekla (izvor = _processed_ PNG derivat); par NIJE meren,"NIJE potvrđen defekt. Isti tip izvora kao 15 izmerenih parova — to je razlog za merenje, ne rezultat merenja."
carsystem__carsystem-tec-line-n20#SOURCE_PIPELINE_REEXPORT_CANDIDATE_UNMEASURED,carsystem__carsystem-tec-line-n20,carsystem,carsystem,Carsystem Tec Line N20,carsystem-tec-line-n20,/products/carsystem/catalog/carsystem-tec-line-n20.webp,660,692,SOURCE_PIPELINE_REEXPORT_CANDIDATE_UNMEASURED,tone/source re-export (kandidat),RULE_BASED_CANDIDATE,CANDIDATE_NOT_YET_MEASURED,unknown,,,A_OK_NO_CHANGE,NONE,pipelineToneStatus = unknown; ekstrapolacija zabranjena (finalna odluka 9); sistemski re-export nije ni planiran ni odobren,NONE — 0 odobreno / 0 integrisano; bez mass apply; runtime productImage nepromenjen,,YES (sourceSha256 + veličina fajla isti),https://www.carsystem.org/fileadmin/_processed_/6/1/csm_157438-439-440-441-442-443-cs-tec-line-n20-70x400-mm-gruppe_2d603493f4.png,https://www.carsystem.org/fileadmin/products/images/157.438/157438-439-440-441-442-443-cs-tec-line-n20-70x400-mm-gruppe.png,IMAGE_QUALITY_REVIEW_ONLY,pravilo: današnji manifest porekla (izvor = _processed_ PNG derivat); par NIJE meren,"NIJE potvrđen defekt. Isti tip izvora kao 15 izmerenih parova — to je razlog za merenje, ne rezultat merenja."
carsystem__carsystem-tec-line-pro-finish#SOURCE_PIPELINE_REEXPORT_CANDIDATE_UNMEASURED,carsystem__carsystem-tec-line-pro-finish,carsystem,carsystem,Carsystem Tec Line Pro Finish,carsystem-tec-line-pro-finish,/products/carsystem/catalog/carsystem-tec-line-pro-finish.webp,660,678,SOURCE_PIPELINE_REEXPORT_CANDIDATE_UNMEASURED,tone/source re-export (kandidat),RULE_BASED_CANDIDATE,CANDIDATE_NOT_YET_MEASURED,unknown,,,A_OK_NO_CHANGE,NONE,pipelineToneStatus = unknown; ekstrapolacija zabranjena (finalna odluka 9); sistemski re-export nije ni planiran ni odobren,NONE — 0 odobreno / 0 integrisano; bez mass apply; runtime productImage nepromenjen,,YES (sourceSha256 + veličina fajla isti),https://www.carsystem.org/fileadmin/_processed_/e/b/csm_152983-984-153256-257-cs-tec-line-pro-finish-150mm_3bc06bca00.png,https://www.carsystem.org/fileadmin/products/images/152.983/152983-984-153256-257-cs-tec-line-pro-finish-150mm.png,IMAGE_QUALITY_REVIEW_ONLY,pravilo: današnji manifest porekla (izvor = _processed_ PNG derivat); par NIJE meren,"NIJE potvrđen defekt. Isti tip izvora kao 15 izmerenih parova — to je razlog za merenje, ne rezultat merenja."
carsystem__carsystem-tec-line-softflex#SOURCE_PIPELINE_REEXPORT_CANDIDATE_UNMEASURED,carsystem__carsystem-tec-line-softflex,carsystem,carsystem,Carsystem Tec Line Softflex,carsystem-tec-line-softflex,/products/carsystem/catalog/carsystem-tec-line-softflex.webp,660,660,SOURCE_PIPELINE_REEXPORT_CANDIDATE_UNMEASURED,tone/source re-export (kandidat),RULE_BASED_CANDIDATE,CANDIDATE_NOT_YET_MEASURED,unknown,,,A_OK_NO_CHANGE,NONE,pipelineToneStatus = unknown; ekstrapolacija zabranjena (finalna odluka 9); sistemski re-export nije ni planiran ni odobren,NONE — 0 odobreno / 0 integrisano; bez mass apply; runtime productImage nepromenjen,,YES (sourceSha256 + veličina fajla isti),https://www.carsystem.org/fileadmin/_processed_/2/5/csm_152689-696-cs-tec-line-softlex-rolle-115x125mm_8280ff5c19.png,https://www.carsystem.org/fileadmin/products/images/152.689/152689-696-cs-tec-line-softlex-rolle-115x125mm.png,IMAGE_QUALITY_REVIEW_ONLY,pravilo: današnji manifest porekla (izvor = _processed_ PNG derivat); par NIJE meren,"NIJE potvrđen defekt. Isti tip izvora kao 15 izmerenih parova — to je razlog za merenje, ne rezultat merenja."
carsystem__carsystem-tec-line-stick#CLASS_B_DETERMINISTIC_FIX,carsystem__carsystem-tec-line-stick,carsystem,carsystem,Carsystem Tec Line Stick,carsystem-tec-line-stick,/products/carsystem/catalog/carsystem-tec-line-stick.webp,660,589,CLASS_B_DETERMINISTIC_FIX,asset (deterministički tretman),HISTORICAL_CONFIRMED,KNOWN_ASSET_ISSUE,unknown,,,B_DETERMINISTIC_FIX,BOTH,"klasa B — tretman tek posle odobrenja pilota (handoff §12.8); finalna pravila imaju prednost nad predlogom: bez cropa, bez globalnog brightness/gamma/contrast, bez AI",NONE — 0 odobreno / 0 integrisano; bez mass apply; runtime productImage nepromenjen,,YES (sourceSha256 + veličina fajla isti),https://www.carsystem.org/fileadmin/_processed_/b/2/csm_152554-cs-sensor-pad-18mm-rot-150-pads_verpackung_f1f6c6a193.png,https://www.carsystem.org/fileadmin/products/images/152.554/152554-cs-sensor-pad-18mm-rot-150-pads_verpackung.png,IMAGE_QUALITY_REVIEW_ONLY,historical-evidence/CARSYSTEM_IMAGE_AUDIT.csv,nalaz: širok poluprovidni oreol/refleks u alfi | istorijski predlog: čišćenje alfa krive na ivici | rizik: nizak
carsystem__carsystem-tec-line-stick#FIT_MEASURES_BAKED_SHADOW,carsystem__carsystem-tec-line-stick,carsystem,carsystem,Carsystem Tec Line Stick,carsystem-tec-line-stick,/products/carsystem/catalog/carsystem-tec-line-stick.webp,660,589,FIT_MEASURES_BAKED_SHADOW,"crop/fit (rendering, ne asset)",HISTORICAL_CONFIRMED,KNOWN_RENDERING_ISSUE,unknown,,,B_DETERMINISTIC_FIX,BOTH,"rešenje = V6A hibridni subjectBox (merenjem, bez izmene fajla; bez cropa) — IMPLEMENTED_AND_VERIFIED u starom worktree-u, NIJE na main; ne portuje se",NONE — 0 odobreno / 0 integrisano; bez mass apply; runtime productImage nepromenjen,,YES (sourceSha256 + veličina fajla isti),https://www.carsystem.org/fileadmin/_processed_/b/2/csm_152554-cs-sensor-pad-18mm-rot-150-pads_verpackung_f1f6c6a193.png,https://www.carsystem.org/fileadmin/products/images/152.554/152554-cs-sensor-pad-18mm-rot-150-pads_verpackung.png,IMAGE_QUALITY_REVIEW_ONLY,historical-evidence/css-rendering-candidates.csv,"linearni manjak 14.5 %, manjak površine 23.6 %; inflacija boxa 1.3085"
carsystem__carsystem-tec-line-stick#SOURCE_PIPELINE_REEXPORT_CANDIDATE_UNMEASURED,carsystem__carsystem-tec-line-stick,carsystem,carsystem,Carsystem Tec Line Stick,carsystem-tec-line-stick,/products/carsystem/catalog/carsystem-tec-line-stick.webp,660,589,SOURCE_PIPELINE_REEXPORT_CANDIDATE_UNMEASURED,tone/source re-export (kandidat),RULE_BASED_CANDIDATE,CANDIDATE_NOT_YET_MEASURED,unknown,,,B_DETERMINISTIC_FIX,BOTH,pipelineToneStatus = unknown; ekstrapolacija zabranjena (finalna odluka 9); sistemski re-export nije ni planiran ni odobren,NONE — 0 odobreno / 0 integrisano; bez mass apply; runtime productImage nepromenjen,,YES (sourceSha256 + veličina fajla isti),https://www.carsystem.org/fileadmin/_processed_/b/2/csm_152554-cs-sensor-pad-18mm-rot-150-pads_verpackung_f1f6c6a193.png,https://www.carsystem.org/fileadmin/products/images/152.554/152554-cs-sensor-pad-18mm-rot-150-pads_verpackung.png,IMAGE_QUALITY_REVIEW_ONLY,pravilo: današnji manifest porekla (izvor = _processed_ PNG derivat); par NIJE meren,"NIJE potvrđen defekt. Isti tip izvora kao 15 izmerenih parova — to je razlog za merenje, ne rezultat merenja."
carsystem__carsystem-tinting-paste-filler#FIT_MEASURES_BAKED_SHADOW,carsystem__carsystem-tinting-paste-filler,carsystem,carsystem,Carsystem Tinting paste filler,carsystem-tinting-paste-filler,/products/carsystem/catalog/carsystem-tinting-paste-filler.webp,660,889,FIT_MEASURES_BAKED_SHADOW,"crop/fit (rendering, ne asset)",HISTORICAL_CONFIRMED,KNOWN_RENDERING_ISSUE,unknown,,,A_OK_NO_CHANGE,CSS_RENDERING_PROBLEM,"rešenje = V6A hibridni subjectBox (merenjem, bez izmene fajla; bez cropa) — IMPLEMENTED_AND_VERIFIED u starom worktree-u, NIJE na main; ne portuje se",NONE — 0 odobreno / 0 integrisano; bez mass apply; runtime productImage nepromenjen,,YES (sourceSha256 + veličina fajla isti),https://www.carsystem.org/fileadmin/_processed_/3/5/csm_148504-05-06-07-cs-abtoenpaste-gruppe_f93db3ef6c.png,https://www.carsystem.org/fileadmin/products/images/148.504/148504-05-06-07-cs-abtoenpaste-gruppe.png,IMAGE_QUALITY_REVIEW_ONLY,historical-evidence/css-rendering-candidates.csv,"linearni manjak 7.8 %, manjak površine 10.3 %; inflacija boxa 1.1146"
carsystem__carsystem-tinting-paste-filler#SOURCE_PIPELINE_REEXPORT_CANDIDATE_UNMEASURED,carsystem__carsystem-tinting-paste-filler,carsystem,carsystem,Carsystem Tinting paste filler,carsystem-tinting-paste-filler,/products/carsystem/catalog/carsystem-tinting-paste-filler.webp,660,889,SOURCE_PIPELINE_REEXPORT_CANDIDATE_UNMEASURED,tone/source re-export (kandidat),RULE_BASED_CANDIDATE,CANDIDATE_NOT_YET_MEASURED,unknown,,,A_OK_NO_CHANGE,CSS_RENDERING_PROBLEM,pipelineToneStatus = unknown; ekstrapolacija zabranjena (finalna odluka 9); sistemski re-export nije ni planiran ni odobren,NONE — 0 odobreno / 0 integrisano; bez mass apply; runtime productImage nepromenjen,,YES (sourceSha256 + veličina fajla isti),https://www.carsystem.org/fileadmin/_processed_/3/5/csm_148504-05-06-07-cs-abtoenpaste-gruppe_f93db3ef6c.png,https://www.carsystem.org/fileadmin/products/images/148.504/148504-05-06-07-cs-abtoenpaste-gruppe.png,IMAGE_QUALITY_REVIEW_ONLY,pravilo: današnji manifest porekla (izvor = _processed_ PNG derivat); par NIJE meren,"NIJE potvrđen defekt. Isti tip izvora kao 15 izmerenih parova — to je razlog za merenje, ne rezultat merenja."
carsystem__carsystem-topline-soft-pad#SOURCE_PIPELINE_REEXPORT_CANDIDATE_UNMEASURED,carsystem__carsystem-topline-soft-pad,carsystem,carsystem,Carsystem Topline Soft Pad,carsystem-topline-soft-pad,/products/carsystem/catalog/carsystem-topline-soft-pad.webp,660,445,SOURCE_PIPELINE_REEXPORT_CANDIDATE_UNMEASURED,tone/source re-export (kandidat),RULE_BASED_CANDIDATE,CANDIDATE_NOT_YET_MEASURED,unknown,,,A_OK_NO_CHANGE,NONE,pipelineToneStatus = unknown; ekstrapolacija zabranjena (finalna odluka 9); sistemski re-export nije ni planiran ni odobren,NONE — 0 odobreno / 0 integrisano; bez mass apply; runtime productImage nepromenjen,,YES (sourceSha256 + veličina fajla isti),https://www.carsystem.org/fileadmin/_processed_/b/3/csm_126251-254-cs-topline-soft-pad-gruppe_1715a6b669.png,https://www.carsystem.org/fileadmin/products/images/126.251/126251-254-cs-topline-soft-pad-gruppe.png,IMAGE_QUALITY_REVIEW_ONLY,pravilo: današnji manifest porekla (izvor = _processed_ PNG derivat); par NIJE meren,"NIJE potvrđen defekt. Isti tip izvora kao 15 izmerenih parova — to je razlog za merenje, ne rezultat merenja."
carsystem__carsystem-topline-wp-s#CLASS_B_DETERMINISTIC_FIX,carsystem__carsystem-topline-wp-s,carsystem,carsystem,Carsystem Topline WP S,carsystem-topline-wp-s,/products/carsystem/catalog/carsystem-topline-wp-s.webp,660,796,CLASS_B_DETERMINISTIC_FIX,asset (deterministički tretman),HISTORICAL_CONFIRMED,KNOWN_ASSET_ISSUE,unknown,,,B_DETERMINISTIC_FIX,SOURCE_IMAGE_PROBLEM,"klasa B — tretman tek posle odobrenja pilota (handoff §12.8); finalna pravila imaju prednost nad predlogom: bez cropa, bez globalnog brightness/gamma/contrast, bez AI",NONE — 0 odobreno / 0 integrisano; bez mass apply; runtime productImage nepromenjen,,YES (sourceSha256 + veličina fajla isti),https://www.carsystem.org/fileadmin/_processed_/5/c/csm_136676-691-cs-topline-wp-s-230x280mm_93dfaf6cfc.png,https://www.carsystem.org/fileadmin/products/images/136.676/136676-691-cs-topline-wp-s-230x280mm.png,IMAGE_QUALITY_REVIEW_ONLY,historical-evidence/CARSYSTEM_IMAGE_AUDIT.csv,nalaz: puna pozadina bez cut-outa (materijal preko celog platna) | istorijski predlog: padding + blago izravnavanje nivoa; alfa nije potrebna | rizik: nizak
carsystem__carsystem-topline-wp-s#SOURCE_PIPELINE_REEXPORT_CANDIDATE_UNMEASURED,carsystem__carsystem-topline-wp-s,carsystem,carsystem,Carsystem Topline WP S,carsystem-topline-wp-s,/products/carsystem/catalog/carsystem-topline-wp-s.webp,660,796,SOURCE_PIPELINE_REEXPORT_CANDIDATE_UNMEASURED,tone/source re-export (kandidat),RULE_BASED_CANDIDATE,CANDIDATE_NOT_YET_MEASURED,unknown,,,B_DETERMINISTIC_FIX,SOURCE_IMAGE_PROBLEM,pipelineToneStatus = unknown; ekstrapolacija zabranjena (finalna odluka 9); sistemski re-export nije ni planiran ni odobren,NONE — 0 odobreno / 0 integrisano; bez mass apply; runtime productImage nepromenjen,,YES (sourceSha256 + veličina fajla isti),https://www.carsystem.org/fileadmin/_processed_/5/c/csm_136676-691-cs-topline-wp-s-230x280mm_93dfaf6cfc.png,https://www.carsystem.org/fileadmin/products/images/136.676/136676-691-cs-topline-wp-s-230x280mm.png,IMAGE_QUALITY_REVIEW_ONLY,pravilo: današnji manifest porekla (izvor = _processed_ PNG derivat); par NIJE meren,"NIJE potvrđen defekt. Isti tip izvora kao 15 izmerenih parova — to je razlog za merenje, ne rezultat merenja."
carsystem__carsystem-touch-up-fillable-20ml#SOURCE_PIPELINE_REEXPORT_CANDIDATE_UNMEASURED,carsystem__carsystem-touch-up-fillable-20ml,carsystem,carsystem,Carsystem Touch Up – fillable 20ml,carsystem-touch-up-fillable-20ml,/products/carsystem/catalog/carsystem-touch-up-fillable-20ml.webp,660,437,SOURCE_PIPELINE_REEXPORT_CANDIDATE_UNMEASURED,tone/source re-export (kandidat),RULE_BASED_CANDIDATE,CANDIDATE_NOT_YET_MEASURED,unknown,,,A_OK_NO_CHANGE,NONE,pipelineToneStatus = unknown; ekstrapolacija zabranjena (finalna odluka 9); sistemski re-export nije ni planiran ni odobren,NONE — 0 odobreno / 0 integrisano; bez mass apply; runtime productImage nepromenjen,,YES (sourceSha256 + veličina fajla isti),https://www.carsystem.org/fileadmin/_processed_/d/0/csm_150764-cs-touch-up-20ml_61842c6451.png,https://www.carsystem.org/fileadmin/products/images/150.764/150764-cs-touch-up-20ml.png,IMAGE_QUALITY_REVIEW_ONLY,pravilo: današnji manifest porekla (izvor = _processed_ PNG derivat); par NIJE meren,"NIJE potvrđen defekt. Isti tip izvora kao 15 izmerenih parova — to je razlog za merenje, ne rezultat merenja."
carsystem__carsystem-touch-up-fillable-50ml#SOURCE_PIPELINE_REEXPORT_CANDIDATE_UNMEASURED,carsystem__carsystem-touch-up-fillable-50ml,carsystem,carsystem,Carsystem Touch Up – fillable 50ml,carsystem-touch-up-fillable-50ml,/products/carsystem/catalog/carsystem-touch-up-fillable-50ml.webp,660,589,SOURCE_PIPELINE_REEXPORT_CANDIDATE_UNMEASURED,tone/source re-export (kandidat),RULE_BASED_CANDIDATE,CANDIDATE_NOT_YET_MEASURED,unknown,,,A_OK_NO_CHANGE,NONE,pipelineToneStatus = unknown; ekstrapolacija zabranjena (finalna odluka 9); sistemski re-export nije ni planiran ni odobren,NONE — 0 odobreno / 0 integrisano; bez mass apply; runtime productImage nepromenjen,,YES (sourceSha256 + veličina fajla isti),https://www.carsystem.org/fileadmin/_processed_/f/2/csm_150769-cs-touch-up-50ml_3b74438c20.png,https://www.carsystem.org/fileadmin/products/images/150.769/150769-cs-touch-up-50ml.png,IMAGE_QUALITY_REVIEW_ONLY,pravilo: današnji manifest porekla (izvor = _processed_ PNG derivat); par NIJE meren,"NIJE potvrđen defekt. Isti tip izvora kao 15 izmerenih parova — to je razlog za merenje, ne rezultat merenja."
carsystem__carsystem-uniflex-adapter-nozzle-v-nozzle#SOURCE_PIPELINE_REEXPORT_CANDIDATE_UNMEASURED,carsystem__carsystem-uniflex-adapter-nozzle-v-nozzle,carsystem,carsystem,Carsystem UNIFLEX Adapter Nozzle – V-Nozzle,carsystem-uniflex-adapter-nozzle-v-nozzle,/products/carsystem/catalog/carsystem-uniflex-adapter-nozzle-v-nozzle.webp,660,1719,SOURCE_PIPELINE_REEXPORT_CANDIDATE_UNMEASURED,tone/source re-export (kandidat),RULE_BASED_CANDIDATE,CANDIDATE_NOT_YET_MEASURED,unknown,,,A_OK_NO_CHANGE,NONE,pipelineToneStatus = unknown; ekstrapolacija zabranjena (finalna odluka 9); sistemski re-export nije ni planiran ni odobren,NONE — 0 odobreno / 0 integrisano; bez mass apply; runtime productImage nepromenjen,,YES (sourceSha256 + veličina fajla isti),https://www.carsystem.org/fileadmin/_processed_/c/2/csm_149010-cs-uniflex-adapt-spitze-flat-blade-10St_f442e4c5db.png,https://www.carsystem.org/fileadmin/products/images/149.010/149010-cs-uniflex-adapt-spitze-flat-blade-10St.png,IMAGE_QUALITY_REVIEW_ONLY,pravilo: današnji manifest porekla (izvor = _processed_ PNG derivat); par NIJE meren,"NIJE potvrđen defekt. Isti tip izvora kao 15 izmerenih parova — to je razlog za merenje, ne rezultat merenja."
carsystem__carsystem-uniflex-adapter-nozzle-wing-tip#SOURCE_PIPELINE_REEXPORT_CANDIDATE_UNMEASURED,carsystem__carsystem-uniflex-adapter-nozzle-wing-tip,carsystem,carsystem,Carsystem UNIFLEX Adapter Nozzle – Wing tip,carsystem-uniflex-adapter-nozzle-wing-tip,/products/carsystem/catalog/carsystem-uniflex-adapter-nozzle-wing-tip.webp,660,1398,SOURCE_PIPELINE_REEXPORT_CANDIDATE_UNMEASURED,tone/source re-export (kandidat),RULE_BASED_CANDIDATE,CANDIDATE_NOT_YET_MEASURED,unknown,,,A_OK_NO_CHANGE,NONE,pipelineToneStatus = unknown; ekstrapolacija zabranjena (finalna odluka 9); sistemski re-export nije ni planiran ni odobren,NONE — 0 odobreno / 0 integrisano; bez mass apply; runtime productImage nepromenjen,,YES (sourceSha256 + veličina fajla isti),https://www.carsystem.org/fileadmin/_processed_/3/c/csm_149009-cs-uniflex-adapt-spitze-fluegel-10er-pack_10eaaa18b3.png,https://www.carsystem.org/fileadmin/products/images/149.009/149009-cs-uniflex-adapt-spitze-fluegel-10er-pack.png,IMAGE_QUALITY_REVIEW_ONLY,pravilo: današnji manifest porekla (izvor = _processed_ PNG derivat); par NIJE meren,"NIJE potvrđen defekt. Isti tip izvora kao 15 izmerenih parova — to je razlog za merenje, ne rezultat merenja."
carsystem__carsystem-uniflex-air-gun#SOURCE_PIPELINE_REEXPORT_CANDIDATE_UNMEASURED,carsystem__carsystem-uniflex-air-gun,carsystem,carsystem,Carsystem UNIFLEX Air Gun,carsystem-uniflex-air-gun,/products/carsystem/catalog/carsystem-uniflex-air-gun.webp,660,638,SOURCE_PIPELINE_REEXPORT_CANDIDATE_UNMEASURED,tone/source re-export (kandidat),RULE_BASED_CANDIDATE,CANDIDATE_NOT_YET_MEASURED,unknown,,,A_OK_NO_CHANGE,NONE,pipelineToneStatus = unknown; ekstrapolacija zabranjena (finalna odluka 9); sistemski re-export nije ni planiran ni odobren,NONE — 0 odobreno / 0 integrisano; bez mass apply; runtime productImage nepromenjen,,YES (sourceSha256 + veličina fajla isti),https://www.carsystem.org/fileadmin/_processed_/1/a/csm_153224-cs-uniflex-air-gun_fdfb448480.png,https://www.carsystem.org/fileadmin/products/images/153.224/153224-cs-uniflex-air-gun.png,IMAGE_QUALITY_REVIEW_ONLY,pravilo: današnji manifest porekla (izvor = _processed_ PNG derivat); par NIJE meren,"NIJE potvrđen defekt. Isti tip izvora kao 15 izmerenih parova — to je razlog za merenje, ne rezultat merenja."
carsystem__carsystem-uniflex-glas#SOURCE_PIPELINE_REEXPORT_CANDIDATE_UNMEASURED,carsystem__carsystem-uniflex-glas,carsystem,carsystem,Carsystem UNIFLEX Glas,carsystem-uniflex-glas,/products/carsystem/catalog/carsystem-uniflex-glas.webp,660,1956,SOURCE_PIPELINE_REEXPORT_CANDIDATE_UNMEASURED,tone/source re-export (kandidat),RULE_BASED_CANDIDATE,CANDIDATE_NOT_YET_MEASURED,unknown,,,A_OK_NO_CHANGE,NONE,pipelineToneStatus = unknown; ekstrapolacija zabranjena (finalna odluka 9); sistemski re-export nije ni planiran ni odobren,NONE — 0 odobreno / 0 integrisano; bez mass apply; runtime productImage nepromenjen,,YES (sourceSha256 + veličina fajla isti),https://www.carsystem.org/fileadmin/_processed_/4/7/csm_148927-uniflex-glas-310ml_bf9b3c381c.png,https://www.carsystem.org/fileadmin/products/images/148.927/148927-uniflex-glas-310ml.png,IMAGE_QUALITY_REVIEW_ONLY,pravilo: današnji manifest porekla (izvor = _processed_ PNG derivat); par NIJE meren,"NIJE potvrđen defekt. Isti tip izvora kao 15 izmerenih parova — to je razlog za merenje, ne rezultat merenja."
carsystem__carsystem-uniflex-glas-fast-primer#SOURCE_PIPELINE_REEXPORT_CANDIDATE_UNMEASURED,carsystem__carsystem-uniflex-glas-fast-primer,carsystem,carsystem,Carsystem UNIFLEX Glas Fast-Primer,carsystem-uniflex-glas-fast-primer,/products/carsystem/catalog/carsystem-uniflex-glas-fast-primer.webp,660,931,SOURCE_PIPELINE_REEXPORT_CANDIDATE_UNMEASURED,tone/source re-export (kandidat),RULE_BASED_CANDIDATE,CANDIDATE_NOT_YET_MEASURED,unknown,,,A_OK_NO_CHANGE,NONE,pipelineToneStatus = unknown; ekstrapolacija zabranjena (finalna odluka 9); sistemski re-export nije ni planiran ni odobren,NONE — 0 odobreno / 0 integrisano; bez mass apply; runtime productImage nepromenjen,,YES (sourceSha256 + veličina fajla isti),https://www.carsystem.org/fileadmin/_processed_/2/a/csm_144036-cs-uniflex-glas-fast-primer-30ml_217fff4ffa.png,https://www.carsystem.org/fileadmin/products/images/144.036/144036-cs-uniflex-glas-fast-primer-30ml.png,IMAGE_QUALITY_REVIEW_ONLY,pravilo: današnji manifest porekla (izvor = _processed_ PNG derivat); par NIJE meren,"NIJE potvrđen defekt. Isti tip izvora kao 15 izmerenih parova — to je razlog za merenje, ne rezultat merenja."
carsystem__carsystem-uniflex-glas-hm#SOURCE_PIPELINE_REEXPORT_CANDIDATE_UNMEASURED,carsystem__carsystem-uniflex-glas-hm,carsystem,carsystem,Carsystem UNIFLEX Glas HM,carsystem-uniflex-glas-hm,/products/carsystem/catalog/carsystem-uniflex-glas-hm.webp,660,1846,SOURCE_PIPELINE_REEXPORT_CANDIDATE_UNMEASURED,tone/source re-export (kandidat),RULE_BASED_CANDIDATE,CANDIDATE_NOT_YET_MEASURED,unknown,,,A_OK_NO_CHANGE,NONE,pipelineToneStatus = unknown; ekstrapolacija zabranjena (finalna odluka 9); sistemski re-export nije ni planiran ni odobren,NONE — 0 odobreno / 0 integrisano; bez mass apply; runtime productImage nepromenjen,,YES (sourceSha256 + veličina fajla isti),https://www.carsystem.org/fileadmin/_processed_/0/8/csm_148928-cs-uniflex-glas-hm-schwarz-310ml_1cb193eeb5.png,https://www.carsystem.org/fileadmin/products/images/148.928/148928-cs-uniflex-glas-hm-schwarz-310ml.png,IMAGE_QUALITY_REVIEW_ONLY,pravilo: današnji manifest porekla (izvor = _processed_ PNG derivat); par NIJE meren,"NIJE potvrđen defekt. Isti tip izvora kao 15 izmerenih parova — to je razlog za merenje, ne rezultat merenja."
carsystem__carsystem-uniflex-gun#SOURCE_PIPELINE_REEXPORT_CANDIDATE_UNMEASURED,carsystem__carsystem-uniflex-gun,carsystem,carsystem,Carsystem UNIFLEX Gun,carsystem-uniflex-gun,/products/carsystem/catalog/carsystem-uniflex-gun.webp,660,463,SOURCE_PIPELINE_REEXPORT_CANDIDATE_UNMEASURED,tone/source re-export (kandidat),RULE_BASED_CANDIDATE,CANDIDATE_NOT_YET_MEASURED,unknown,,,A_OK_NO_CHANGE,NONE,pipelineToneStatus = unknown; ekstrapolacija zabranjena (finalna odluka 9); sistemski re-export nije ni planiran ni odobren,NONE — 0 odobreno / 0 integrisano; bez mass apply; runtime productImage nepromenjen,,YES (sourceSha256 + veličina fajla isti),https://www.carsystem.org/fileadmin/_processed_/2/a/csm_135108-139286-cs-uniflex-gun_7a32e0405b.png,https://www.carsystem.org/fileadmin/products/images/135.108/135108-139286-cs-uniflex-gun.png,IMAGE_QUALITY_REVIEW_ONLY,pravilo: današnji manifest porekla (izvor = _processed_ PNG derivat); par NIJE meren,"NIJE potvrđen defekt. Isti tip izvora kao 15 izmerenih parova — to je razlog za merenje, ne rezultat merenja."
carsystem__carsystem-uniflex-ms#FIT_MEASURES_BAKED_SHADOW,carsystem__carsystem-uniflex-ms,carsystem,carsystem,Carsystem UNIFLEX MS,carsystem-uniflex-ms,/products/carsystem/catalog/carsystem-uniflex-ms.webp,660,1277,FIT_MEASURES_BAKED_SHADOW,"crop/fit (rendering, ne asset)",HISTORICAL_CONFIRMED,KNOWN_RENDERING_ISSUE,unknown,,,A_OK_NO_CHANGE,CSS_RENDERING_PROBLEM,"rešenje = V6A hibridni subjectBox (merenjem, bez izmene fajla; bez cropa) — IMPLEMENTED_AND_VERIFIED u starom worktree-u, NIJE na main; ne portuje se",NONE — 0 odobreno / 0 integrisano; bez mass apply; runtime productImage nepromenjen,,YES (sourceSha256 + veličina fajla isti),https://www.carsystem.org/fileadmin/_processed_/e/5/csm_160132-cs-uniflex-ms-schwarz-290ml_c5224e1e51.webp,https://www.carsystem.org/fileadmin/products/images/159.108/160132-cs-uniflex-ms-schwarz-290ml.webp,APPROVED_RUNTIME_IMAGE,historical-evidence/css-rendering-candidates.csv,"linearni manjak 16.9 %, manjak površine 17.4 %; inflacija boxa 1.2108"
carsystem__carsystem-uniflex-nozzle#SOURCE_PIPELINE_REEXPORT_CANDIDATE_UNMEASURED,carsystem__carsystem-uniflex-nozzle,carsystem,carsystem,Carsystem UNIFLEX Nozzle,carsystem-uniflex-nozzle,/products/carsystem/catalog/carsystem-uniflex-nozzle.webp,660,215,SOURCE_PIPELINE_REEXPORT_CANDIDATE_UNMEASURED,tone/source re-export (kandidat),RULE_BASED_CANDIDATE,CANDIDATE_NOT_YET_MEASURED,unknown,,,A_OK_NO_CHANGE,NONE,pipelineToneStatus = unknown; ekstrapolacija zabranjena (finalna odluka 9); sistemski re-export nije ni planiran ni odobren,NONE — 0 odobreno / 0 integrisano; bez mass apply; runtime productImage nepromenjen,,YES (sourceSha256 + veličina fajla isti),https://www.carsystem.org/fileadmin/_processed_/6/7/csm_150292-155241-cs-ersatzspitze-fuer-uniflex-pu-ms_af7b90bc8b.png,https://www.carsystem.org/fileadmin/products/images/150.292/150292-155241-cs-ersatzspitze-fuer-uniflex-pu-ms.png,IMAGE_QUALITY_REVIEW_ONLY,pravilo: današnji manifest porekla (izvor = _processed_ PNG derivat); par NIJE meren,"NIJE potvrđen defekt. Isti tip izvora kao 15 izmerenih parova — to je razlog za merenje, ne rezultat merenja."
carsystem__carsystem-uniflex-pu#SOURCE_PIPELINE_REEXPORT_CANDIDATE_UNMEASURED,carsystem__carsystem-uniflex-pu,carsystem,carsystem,Carsystem UNIFLEX PU,carsystem-uniflex-pu,/products/carsystem/catalog/carsystem-uniflex-pu.webp,660,2742,SOURCE_PIPELINE_REEXPORT_CANDIDATE_UNMEASURED,tone/source re-export (kandidat),RULE_BASED_CANDIDATE,CANDIDATE_NOT_YET_MEASURED,unknown,,,A_OK_NO_CHANGE,NONE,pipelineToneStatus = unknown; ekstrapolacija zabranjena (finalna odluka 9); sistemski re-export nije ni planiran ni odobren,NONE — 0 odobreno / 0 integrisano; bez mass apply; runtime productImage nepromenjen,,YES (sourceSha256 + veličina fajla isti),https://www.carsystem.org/fileadmin/_processed_/7/b/csm_159160-cs-uniflex-pu-weiss-310ml_dbffd71f5c.png,https://www.carsystem.org/fileadmin/products/images/159.160/159160-cs-uniflex-pu-weiss-310ml.png,IMAGE_QUALITY_REVIEW_ONLY,pravilo: današnji manifest porekla (izvor = _processed_ PNG derivat); par NIJE meren,"NIJE potvrđen defekt. Isti tip izvora kao 15 izmerenih parova — to je razlog za merenje, ne rezultat merenja."
carsystem__carsystem-usb-stick#CLASS_F_SPECIAL_MARKETING_IMAGE,carsystem__carsystem-usb-stick,carsystem,carsystem,Carsystem USB-Stick,carsystem-usb-stick,/products/carsystem/catalog/carsystem-usb-stick.webp,660,583,CLASS_F_SPECIAL_MARKETING_IMAGE,manual review,MANUAL_REVIEW_REQUIRED,NO_ACTION_APPROVED,unknown,,,F_SPECIAL_MARKETING_IMAGE,SOURCE_IMAGE_PROBLEM,klasa F — marketinška/merch fotografija; ne dira se,NONE — 0 odobreno / 0 integrisano; bez mass apply; runtime productImage nepromenjen,,YES (sourceSha256 + veličina fajla isti),https://www.carsystem.org/fileadmin/_processed_/a/1/csm_155866-cs-usb-stick-twister-16gb-schwarz_2fbcb58601.png,https://www.carsystem.org/fileadmin/products/images/158.871/155866-cs-usb-stick-twister-16gb-schwarz.png,IMAGE_QUALITY_REVIEW_ONLY,historical-evidence/CARSYSTEM_IMAGE_AUDIT.csv,nalaz: merch/model/brand composition | rizik: nema (ne dira se)
carsystem__carsystem-usb-stick#SOURCE_PIPELINE_REEXPORT_CANDIDATE_UNMEASURED,carsystem__carsystem-usb-stick,carsystem,carsystem,Carsystem USB-Stick,carsystem-usb-stick,/products/carsystem/catalog/carsystem-usb-stick.webp,660,583,SOURCE_PIPELINE_REEXPORT_CANDIDATE_UNMEASURED,tone/source re-export (kandidat),RULE_BASED_CANDIDATE,CANDIDATE_NOT_YET_MEASURED,unknown,,,F_SPECIAL_MARKETING_IMAGE,SOURCE_IMAGE_PROBLEM,pipelineToneStatus = unknown; ekstrapolacija zabranjena (finalna odluka 9); sistemski re-export nije ni planiran ni odobren,NONE — 0 odobreno / 0 integrisano; bez mass apply; runtime productImage nepromenjen,,YES (sourceSha256 + veličina fajla isti),https://www.carsystem.org/fileadmin/_processed_/a/1/csm_155866-cs-usb-stick-twister-16gb-schwarz_2fbcb58601.png,https://www.carsystem.org/fileadmin/products/images/158.871/155866-cs-usb-stick-twister-16gb-schwarz.png,IMAGE_QUALITY_REVIEW_ONLY,pravilo: današnji manifest porekla (izvor = _processed_ PNG derivat); par NIJE meren,"NIJE potvrđen defekt. Isti tip izvora kao 15 izmerenih parova — to je razlog za merenje, ne rezultat merenja."
carsystem__carsystem-uv-clear#SOURCE_PIPELINE_REEXPORT_CANDIDATE_UNMEASURED,carsystem__carsystem-uv-clear,carsystem,carsystem,Carsystem UV Clear,carsystem-uv-clear,/products/carsystem/catalog/carsystem-uv-clear.webp,660,1406,SOURCE_PIPELINE_REEXPORT_CANDIDATE_UNMEASURED,tone/source re-export (kandidat),RULE_BASED_CANDIDATE,CANDIDATE_NOT_YET_MEASURED,unknown,,,A_OK_NO_CHANGE,NONE,pipelineToneStatus = unknown; ekstrapolacija zabranjena (finalna odluka 9); sistemski re-export nije ni planiran ni odobren,NONE — 0 odobreno / 0 integrisano; bez mass apply; runtime productImage nepromenjen,,YES (sourceSha256 + veličina fajla isti),https://www.carsystem.org/fileadmin/_processed_/f/5/csm_154528-cs-uv-clear-100ml_ca1d0ba4f4.png,https://www.carsystem.org/fileadmin/products/images/154.528/154528-cs-uv-clear-100ml.png,IMAGE_QUALITY_REVIEW_ONLY,pravilo: današnji manifest porekla (izvor = _processed_ PNG derivat); par NIJE meren,"NIJE potvrđen defekt. Isti tip izvora kao 15 izmerenih parova — to je razlog za merenje, ne rezultat merenja."
carsystem__carsystem-uv-filler-spray#FIT_MEASURES_BAKED_SHADOW,carsystem__carsystem-uv-filler-spray,carsystem,carsystem,Carsystem UV Filler Spray,carsystem-uv-filler-spray,/products/carsystem/catalog/carsystem-uv-filler-spray.webp,660,1378,FIT_MEASURES_BAKED_SHADOW,"crop/fit (rendering, ne asset)",HISTORICAL_CONFIRMED,KNOWN_RENDERING_ISSUE,unknown,,,A_OK_NO_CHANGE,CSS_RENDERING_PROBLEM,"rešenje = V6A hibridni subjectBox (merenjem, bez izmene fajla; bez cropa) — IMPLEMENTED_AND_VERIFIED u starom worktree-u, NIJE na main; ne portuje se",NONE — 0 odobreno / 0 integrisano; bez mass apply; runtime productImage nepromenjen,,YES (sourceSha256 + veličina fajla isti),https://www.carsystem.org/fileadmin/_processed_/7/5/csm_159.169-cs-uv-fueller-spray_7ee31f4a85.webp,https://www.carsystem.org/fileadmin/products/images/159.169/159.169-cs-uv-fueller-spray.webp,APPROVED_RUNTIME_IMAGE,historical-evidence/css-rendering-candidates.csv,"linearni manjak 29.7 %, manjak površine 31.8 %; inflacija boxa 1.4661"
carsystem__carsystem-uv-glasses#SOURCE_PIPELINE_REEXPORT_CANDIDATE_UNMEASURED,carsystem__carsystem-uv-glasses,carsystem,carsystem,Carsystem UV Glasses,carsystem-uv-glasses,/products/carsystem/catalog/carsystem-uv-glasses.webp,660,389,SOURCE_PIPELINE_REEXPORT_CANDIDATE_UNMEASURED,tone/source re-export (kandidat),RULE_BASED_CANDIDATE,CANDIDATE_NOT_YET_MEASURED,unknown,,,A_OK_NO_CHANGE,NONE,pipelineToneStatus = unknown; ekstrapolacija zabranjena (finalna odluka 9); sistemski re-export nije ni planiran ni odobren,NONE — 0 odobreno / 0 integrisano; bez mass apply; runtime productImage nepromenjen,,YES (sourceSha256 + veličina fajla isti),https://www.carsystem.org/fileadmin/_processed_/6/f/csm_154263-cs-uv-brille_b355544698.png,https://www.carsystem.org/fileadmin/products/images/154.263/154263-cs-uv-brille.png,IMAGE_QUALITY_REVIEW_ONLY,pravilo: današnji manifest porekla (izvor = _processed_ PNG derivat); par NIJE meren,"NIJE potvrđen defekt. Isti tip izvora kao 15 izmerenih parova — to je razlog za merenje, ne rezultat merenja."
carsystem__carsystem-uv-led-lamp#SOURCE_PIPELINE_REEXPORT_CANDIDATE_UNMEASURED,carsystem__carsystem-uv-led-lamp,carsystem,carsystem,Carsystem UV LED Lamp,carsystem-uv-led-lamp,/products/carsystem/catalog/carsystem-uv-led-lamp.webp,660,734,SOURCE_PIPELINE_REEXPORT_CANDIDATE_UNMEASURED,tone/source re-export (kandidat),RULE_BASED_CANDIDATE,CANDIDATE_NOT_YET_MEASURED,unknown,,,A_OK_NO_CHANGE,NONE,pipelineToneStatus = unknown; ekstrapolacija zabranjena (finalna odluka 9); sistemski re-export nije ni planiran ni odobren,NONE — 0 odobreno / 0 integrisano; bez mass apply; runtime productImage nepromenjen,,YES (sourceSha256 + veličina fajla isti),https://www.carsystem.org/fileadmin/_processed_/b/6/csm_154645-cs-uv-led-lampe-halblinks__1__21f6ac3f82.png,https://www.carsystem.org/fileadmin/products/images/154.645/154645-cs-uv-led-lampe-halblinks__1_.png,IMAGE_QUALITY_REVIEW_ONLY,pravilo: današnji manifest porekla (izvor = _processed_ PNG derivat); par NIJE meren,"NIJE potvrđen defekt. Isti tip izvora kao 15 izmerenih parova — to je razlog za merenje, ne rezultat merenja."
carsystem__carsystem-uv-smart-lamp#SOURCE_PIPELINE_REEXPORT_CANDIDATE_UNMEASURED,carsystem__carsystem-uv-smart-lamp,carsystem,carsystem,Carsystem UV Smart Lamp,carsystem-uv-smart-lamp,/products/carsystem/catalog/carsystem-uv-smart-lamp.webp,660,1789,SOURCE_PIPELINE_REEXPORT_CANDIDATE_UNMEASURED,tone/source re-export (kandidat),RULE_BASED_CANDIDATE,CANDIDATE_NOT_YET_MEASURED,unknown,,,A_OK_NO_CHANGE,NONE,pipelineToneStatus = unknown; ekstrapolacija zabranjena (finalna odluka 9); sistemski re-export nije ni planiran ni odobren,NONE — 0 odobreno / 0 integrisano; bez mass apply; runtime productImage nepromenjen,,YES (sourceSha256 + veličina fajla isti),https://www.carsystem.org/fileadmin/_processed_/2/d/csm_153777-cs-uv-smart-lamp_3026d8cd96.png,https://www.carsystem.org/fileadmin/products/images/153.777/153777-cs-uv-smart-lamp.png,IMAGE_QUALITY_REVIEW_ONLY,pravilo: današnji manifest porekla (izvor = _processed_ PNG derivat); par NIJE meren,"NIJE potvrđen defekt. Isti tip izvora kao 15 izmerenih parova — to je razlog za merenje, ne rezultat merenja."
carsystem__carsystem-uv-timer#SOURCE_PIPELINE_REEXPORT_CANDIDATE_UNMEASURED,carsystem__carsystem-uv-timer,carsystem,carsystem,Carsystem UV Timer,carsystem-uv-timer,/products/carsystem/catalog/carsystem-uv-timer.webp,660,660,SOURCE_PIPELINE_REEXPORT_CANDIDATE_UNMEASURED,tone/source re-export (kandidat),RULE_BASED_CANDIDATE,CANDIDATE_NOT_YET_MEASURED,unknown,,,A_OK_NO_CHANGE,NONE,pipelineToneStatus = unknown; ekstrapolacija zabranjena (finalna odluka 9); sistemski re-export nije ni planiran ni odobren,NONE — 0 odobreno / 0 integrisano; bez mass apply; runtime productImage nepromenjen,,YES (sourceSha256 + veličina fajla isti),https://www.carsystem.org/fileadmin/_processed_/f/1/csm_154772-uv-timer-fuer-strahler_11663747b6.png,https://www.carsystem.org/fileadmin/products/images/154.772/154772-uv-timer-fuer-strahler.png,IMAGE_QUALITY_REVIEW_ONLY,pravilo: današnji manifest porekla (izvor = _processed_ PNG derivat); par NIJE meren,"NIJE potvrđen defekt. Isti tip izvora kao 15 izmerenih parova — to je razlog za merenje, ne rezultat merenja."
carsystem__carsystem-wall-bracket-for-5-kg-polish#SOURCE_PIPELINE_REEXPORT_CANDIDATE_UNMEASURED,carsystem__carsystem-wall-bracket-for-5-kg-polish,carsystem,carsystem,Carsystem Wall Bracket for 5 kg Polish,carsystem-wall-bracket-for-5-kg-polish,/products/carsystem/catalog/carsystem-wall-bracket-for-5-kg-polish.webp,660,766,SOURCE_PIPELINE_REEXPORT_CANDIDATE_UNMEASURED,tone/source re-export (kandidat),RULE_BASED_CANDIDATE,CANDIDATE_NOT_YET_MEASURED,unknown,,,A_OK_NO_CHANGE,NONE,pipelineToneStatus = unknown; ekstrapolacija zabranjena (finalna odluka 9); sistemski re-export nije ni planiran ni odobren,NONE — 0 odobreno / 0 integrisano; bez mass apply; runtime productImage nepromenjen,,YES (sourceSha256 + veličina fajla isti),https://www.carsystem.org/fileadmin/_processed_/6/b/csm_156461-cs-wandhalter-fuer-5kg-politur_47572675f6.png,https://www.carsystem.org/fileadmin/products/images/156.461/156461-cs-wandhalter-fuer-5kg-politur.png,IMAGE_QUALITY_REVIEW_ONLY,pravilo: današnji manifest porekla (izvor = _processed_ PNG derivat); par NIJE meren,"NIJE potvrđen defekt. Isti tip izvora kao 15 izmerenih parova — to je razlog za merenje, ne rezultat merenja."
carsystem__carsystem-wall-dispenser-for-soft-bottle-2-l#SOURCE_PIPELINE_REEXPORT_CANDIDATE_UNMEASURED,carsystem__carsystem-wall-dispenser-for-soft-bottle-2-l,carsystem,carsystem,Carsystem Wall dispenser for Soft Bottle 2 l,carsystem-wall-dispenser-for-soft-bottle-2-l,/products/carsystem/catalog/carsystem-wall-dispenser-for-soft-bottle-2-l.webp,660,1371,SOURCE_PIPELINE_REEXPORT_CANDIDATE_UNMEASURED,tone/source re-export (kandidat),RULE_BASED_CANDIDATE,CANDIDATE_NOT_YET_MEASURED,unknown,,,A_OK_NO_CHANGE,NONE,pipelineToneStatus = unknown; ekstrapolacija zabranjena (finalna odluka 9); sistemski re-export nije ni planiran ni odobren,NONE — 0 odobreno / 0 integrisano; bez mass apply; runtime productImage nepromenjen,,YES (sourceSha256 + veličina fajla isti),https://www.carsystem.org/fileadmin/_processed_/2/e/csm_155350-cs-dispenser-fuer-handreinigungssystem_987a807791.png,https://www.carsystem.org/fileadmin/products/images/155.350/155350-cs-dispenser-fuer-handreinigungssystem.png,IMAGE_QUALITY_REVIEW_ONLY,pravilo: današnji manifest porekla (izvor = _processed_ PNG derivat); par NIJE meren,"NIJE potvrđen defekt. Isti tip izvora kao 15 izmerenih parova — to je razlog za merenje, ne rezultat merenja."
carsystem__carsystem-wax-puck#SOURCE_PIPELINE_REEXPORT_CANDIDATE_UNMEASURED,carsystem__carsystem-wax-puck,carsystem,carsystem,Carsystem Wax Puck,carsystem-wax-puck,/products/carsystem/catalog/carsystem-wax-puck.webp,660,345,SOURCE_PIPELINE_REEXPORT_CANDIDATE_UNMEASURED,tone/source re-export (kandidat),RULE_BASED_CANDIDATE,CANDIDATE_NOT_YET_MEASURED,unknown,,,A_OK_NO_CHANGE,NONE,pipelineToneStatus = unknown; ekstrapolacija zabranjena (finalna odluka 9); sistemski re-export nije ni planiran ni odobren,NONE — 0 odobreno / 0 integrisano; bez mass apply; runtime productImage nepromenjen,,YES (sourceSha256 + veličina fajla isti),https://www.carsystem.org/fileadmin/_processed_/a/b/csm_152565-cs-wax-puck_6edaed9a38.png,https://www.carsystem.org/fileadmin/products/images/152.565/152565-cs-wax-puck.png,IMAGE_QUALITY_REVIEW_ONLY,pravilo: današnji manifest porekla (izvor = _processed_ PNG derivat); par NIJE meren,"NIJE potvrđen defekt. Isti tip izvora kao 15 izmerenih parova — to je razlog za merenje, ne rezultat merenja."
carsystem__carsystem-wheel-cover#SOURCE_PIPELINE_REEXPORT_CANDIDATE_UNMEASURED,carsystem__carsystem-wheel-cover,carsystem,carsystem,Carsystem Wheel Cover,carsystem-wheel-cover,/products/carsystem/catalog/carsystem-wheel-cover.webp,660,503,SOURCE_PIPELINE_REEXPORT_CANDIDATE_UNMEASURED,tone/source re-export (kandidat),RULE_BASED_CANDIDATE,CANDIDATE_NOT_YET_MEASURED,unknown,,,A_OK_NO_CHANGE,NONE,pipelineToneStatus = unknown; ekstrapolacija zabranjena (finalna odluka 9); sistemski re-export nije ni planiran ni odobren,NONE — 0 odobreno / 0 integrisano; bez mass apply; runtime productImage nepromenjen,,YES (sourceSha256 + veličina fajla isti),https://www.carsystem.org/fileadmin/_processed_/7/b/csm_142483-cs-wheel-cover-17-pack-4-hauben_ab1f4878b2.png,https://www.carsystem.org/fileadmin/products/images/142.483/142483-cs-wheel-cover-17-pack-4-hauben.png,IMAGE_QUALITY_REVIEW_ONLY,pravilo: današnji manifest porekla (izvor = _processed_ PNG derivat); par NIJE meren,"NIJE potvrđen defekt. Isti tip izvora kao 15 izmerenih parova — to je razlog za merenje, ne rezultat merenja."
carsystem__carsystem-workshop-bucket#SOURCE_PIPELINE_REEXPORT_CANDIDATE_UNMEASURED,carsystem__carsystem-workshop-bucket,carsystem,carsystem,Carsystem Workshop Bucket,carsystem-workshop-bucket,/products/carsystem/catalog/carsystem-workshop-bucket.webp,660,748,SOURCE_PIPELINE_REEXPORT_CANDIDATE_UNMEASURED,tone/source re-export (kandidat),RULE_BASED_CANDIDATE,CANDIDATE_NOT_YET_MEASURED,unknown,,,A_OK_NO_CHANGE,NONE,pipelineToneStatus = unknown; ekstrapolacija zabranjena (finalna odluka 9); sistemski re-export nije ni planiran ni odobren,NONE — 0 odobreno / 0 integrisano; bez mass apply; runtime productImage nepromenjen,,YES (sourceSha256 + veličina fajla isti),https://www.carsystem.org/fileadmin/_processed_/e/1/csm_139442-cs-werkstatteimer-10-l._30d2524b1a.png,https://www.carsystem.org/fileadmin/products/images/139.442/139442-cs-werkstatteimer-10-l..png,IMAGE_QUALITY_REVIEW_ONLY,pravilo: današnji manifest porekla (izvor = _processed_ PNG derivat); par NIJE meren,"NIJE potvrđen defekt. Isti tip izvora kao 15 izmerenih parova — to je razlog za merenje, ne rezultat merenja."
carsystem__carsystem-workshop-seat#SOURCE_PIPELINE_REEXPORT_CANDIDATE_UNMEASURED,carsystem__carsystem-workshop-seat,carsystem,carsystem,Carsystem Workshop Seat,carsystem-workshop-seat,/products/carsystem/catalog/carsystem-workshop-seat.webp,660,888,SOURCE_PIPELINE_REEXPORT_CANDIDATE_UNMEASURED,tone/source re-export (kandidat),RULE_BASED_CANDIDATE,CANDIDATE_NOT_YET_MEASURED,unknown,,,A_OK_NO_CHANGE,NONE,pipelineToneStatus = unknown; ekstrapolacija zabranjena (finalna odluka 9); sistemski re-export nije ni planiran ni odobren,NONE — 0 odobreno / 0 integrisano; bez mass apply; runtime productImage nepromenjen,,YES (sourceSha256 + veličina fajla isti),https://www.carsystem.org/fileadmin/_processed_/5/9/csm_149427-cs-werstatt-sitzhocker_b4203965e8.png,https://www.carsystem.org/fileadmin/products/images/149.427/149427-cs-werstatt-sitzhocker.png,IMAGE_QUALITY_REVIEW_ONLY,pravilo: današnji manifest porekla (izvor = _processed_ PNG derivat); par NIJE meren,"NIJE potvrđen defekt. Isti tip izvora kao 15 izmerenih parova — to je razlog za merenje, ne rezultat merenja."
carsystem__carsystem-wr-lifting-tape#SOURCE_PIPELINE_REEXPORT_CANDIDATE_UNMEASURED,carsystem__carsystem-wr-lifting-tape,carsystem,carsystem,Carsystem WR-Lifting Tape,carsystem-wr-lifting-tape,/products/carsystem/catalog/carsystem-wr-lifting-tape.webp,660,404,SOURCE_PIPELINE_REEXPORT_CANDIDATE_UNMEASURED,tone/source re-export (kandidat),RULE_BASED_CANDIDATE,CANDIDATE_NOT_YET_MEASURED,unknown,,,A_OK_NO_CHANGE,NONE,pipelineToneStatus = unknown; ekstrapolacija zabranjena (finalna odluka 9); sistemski re-export nije ni planiran ni odobren,NONE — 0 odobreno / 0 integrisano; bez mass apply; runtime productImage nepromenjen,,YES (sourceSha256 + veličina fajla isti),https://www.carsystem.org/fileadmin/_processed_/d/e/csm_155722-wr-lifting-tape_ac2ff8e72a.png,https://www.carsystem.org/fileadmin/products/images/155.720/155722-wr-lifting-tape.png,IMAGE_QUALITY_REVIEW_ONLY,pravilo: današnji manifest porekla (izvor = _processed_ PNG derivat); par NIJE meren,"NIJE potvrđen defekt. Isti tip izvora kao 15 izmerenih parova — to je razlog za merenje, ne rezultat merenja."
carsystem__carsystem-x-stand-classic#CLASS_E_SOURCE_REPLACEMENT_PREFERRED,carsystem__carsystem-x-stand-classic,carsystem,carsystem,Carsystem X-Stand Classic,carsystem-x-stand-classic,/products/carsystem/catalog/carsystem-x-stand-classic.webp,660,302,CLASS_E_SOURCE_REPLACEMENT_PREFERRED,source replacement (bolji zvanični packshot),HISTORICAL_CONFIRMED,KNOWN_ASSET_ISSUE,confirmed,,,E_SOURCE_REPLACEMENT_PREFERRED,SOURCE_IMAGE_PROBLEM,klasa E — kandidat za zamenu izvora boljim ZVANIČNIM packshotom; bez AI; ništa nije preuzeto,NONE — 0 odobreno / 0 integrisano; bez mass apply; runtime productImage nepromenjen,,YES (sourceSha256 + veličina fajla isti),https://www.carsystem.org/fileadmin/_processed_/d/a/csm_137349-cs-x-staender-lackierstaender-h-50-100cm_cf6d0e4017.png,https://www.carsystem.org/fileadmin/products/images/137.349/137349-cs-x-staender-lackierstaender-h-50-100cm.png,IMAGE_QUALITY_REVIEW_ONLY,historical-evidence/CARSYSTEM_IMAGE_AUDIT.csv,nalaz: kompozicija sa umetnutom sličicom (katalog scan) | rizik: nizak
carsystem__carsystem-x-stand-classic#MEASURED_TONE_DEFECT,carsystem__carsystem-x-stand-classic,carsystem,carsystem,Carsystem X-Stand Classic,carsystem-x-stand-classic,/products/carsystem/catalog/carsystem-x-stand-classic.webp,660,302,MEASURED_TONE_DEFECT,tone/source re-export,MEASURED,CONFIRMED_QUALITY_ISSUE,confirmed,2.26,-41.0,E_SOURCE_REPLACEMENT_PREFERRED,SOURCE_IMAGE_PROBLEM,REEXPORT_FROM_OFFICIAL_ORIGINAL (ICC→sRGB samo ako profil postoji; bez globalnog brightness/gamma; bez AI) — tek posle odobrenja pilota,NONE — 0 odobreno / 0 integrisano; bez mass apply; runtime productImage nepromenjen,,YES (sourceSha256 + veličina fajla isti),https://www.carsystem.org/fileadmin/_processed_/d/a/csm_137349-cs-x-staender-lackierstaender-h-50-100cm_cf6d0e4017.png,https://www.carsystem.org/fileadmin/products/images/137.349/137349-cs-x-staender-lackierstaender-h-50-100cm.png,IMAGE_QUALITY_REVIEW_ONLY,historical-evidence/pipeline-tone-measurements.json,"izmeren par: original PNG 1000×457, ICC ne; medLum 170.7 → 100.7; 16573 piksela"
carsystem__carsystem-x-stand-top#CLASS_E_SOURCE_REPLACEMENT_PREFERRED,carsystem__carsystem-x-stand-top,carsystem,carsystem,Carsystem X-Stand Top,carsystem-x-stand-top,/products/carsystem/catalog/carsystem-x-stand-top.webp,660,302,CLASS_E_SOURCE_REPLACEMENT_PREFERRED,source replacement (bolji zvanični packshot),HISTORICAL_CONFIRMED,KNOWN_ASSET_ISSUE,unknown,,,E_SOURCE_REPLACEMENT_PREFERRED,SOURCE_IMAGE_PROBLEM,klasa E — kandidat za zamenu izvora boljim ZVANIČNIM packshotom; bez AI; ništa nije preuzeto,NONE — 0 odobreno / 0 integrisano; bez mass apply; runtime productImage nepromenjen,,YES (sourceSha256 + veličina fajla isti),https://www.carsystem.org/fileadmin/_processed_/9/9/csm_138851-cs-x-staender-gross_d88f18af79.png,https://www.carsystem.org/fileadmin/products/images/138.851/138851-cs-x-staender-gross.png,IMAGE_QUALITY_REVIEW_ONLY,historical-evidence/CARSYSTEM_IMAGE_AUDIT.csv,nalaz: kompozicija sa umetnutom sličicom (katalog scan) | rizik: nizak
carsystem__carsystem-x-stand-top#SOURCE_PIPELINE_REEXPORT_CANDIDATE_UNMEASURED,carsystem__carsystem-x-stand-top,carsystem,carsystem,Carsystem X-Stand Top,carsystem-x-stand-top,/products/carsystem/catalog/carsystem-x-stand-top.webp,660,302,SOURCE_PIPELINE_REEXPORT_CANDIDATE_UNMEASURED,tone/source re-export (kandidat),RULE_BASED_CANDIDATE,CANDIDATE_NOT_YET_MEASURED,unknown,,,E_SOURCE_REPLACEMENT_PREFERRED,SOURCE_IMAGE_PROBLEM,pipelineToneStatus = unknown; ekstrapolacija zabranjena (finalna odluka 9); sistemski re-export nije ni planiran ni odobren,NONE — 0 odobreno / 0 integrisano; bez mass apply; runtime productImage nepromenjen,,YES (sourceSha256 + veličina fajla isti),https://www.carsystem.org/fileadmin/_processed_/9/9/csm_138851-cs-x-staender-gross_d88f18af79.png,https://www.carsystem.org/fileadmin/products/images/138.851/138851-cs-x-staender-gross.png,IMAGE_QUALITY_REVIEW_ONLY,pravilo: današnji manifest porekla (izvor = _processed_ PNG derivat); par NIJE meren,"NIJE potvrđen defekt. Isti tip izvora kao 15 izmerenih parova — to je razlog za merenje, ne rezultat merenja."
carsystem__carsystem-zastitno-odelo#CLASS_E_SOURCE_REPLACEMENT_PREFERRED,carsystem__carsystem-zastitno-odelo,carsystem,carsystem,Carsystem zaštitno odelo,carsystem-zastitno-odelo,/products/carsystem/carsystem-zastitno-odelo.png,660,650,CLASS_E_SOURCE_REPLACEMENT_PREFERRED,source replacement (bolji zvanični packshot),HISTORICAL_CONFIRMED,KNOWN_ASSET_ISSUE,unknown,,,E_SOURCE_REPLACEMENT_PREFERRED,SOURCE_IMAGE_PROBLEM,klasa E — kandidat za zamenu izvora boljim ZVANIČNIM packshotom; bez AI; ništa nije preuzeto,NONE — 0 odobreno / 0 integrisano; bez mass apply; runtime productImage nepromenjen,,YES (legacy asset bez sync manifesta; veličina fajla ista),,,LOCAL_LEGITIMATE_IMAGE,historical-evidence/CARSYSTEM_IMAGE_AUDIT.csv,"nalaz: repo asset, nije zvanični carsystem.org packshot | rizik: nizak — zamena izvora, bez AI"
carsystem__carsystem-zip-hoodie-black#CLASS_F_SPECIAL_MARKETING_IMAGE,carsystem__carsystem-zip-hoodie-black,carsystem,carsystem,Carsystem Zip-Hoodie black,carsystem-zip-hoodie-black,/products/carsystem/catalog/carsystem-zip-hoodie-black.webp,660,1162,CLASS_F_SPECIAL_MARKETING_IMAGE,manual review,MANUAL_REVIEW_REQUIRED,NO_ACTION_APPROVED,unknown,,,F_SPECIAL_MARKETING_IMAGE,SOURCE_IMAGE_PROBLEM,klasa F — marketinška/merch fotografija; ne dira se,NONE — 0 odobreno / 0 integrisano; bez mass apply; runtime productImage nepromenjen,,YES (sourceSha256 + veličina fajla isti),https://www.carsystem.org/fileadmin/_processed_/0/4/csm_158084-158088-hoodie-mit-zipper-schwarz-2025_3f76e558ab.png,https://www.carsystem.org/fileadmin/products/images/158.084/158084-158088-hoodie-mit-zipper-schwarz-2025.png,IMAGE_QUALITY_REVIEW_ONLY,historical-evidence/CARSYSTEM_IMAGE_AUDIT.csv,nalaz: merch/model/brand composition | rizik: nema (ne dira se)
carsystem__carsystem-zip-hoodie-black#SOURCE_PIPELINE_REEXPORT_CANDIDATE_UNMEASURED,carsystem__carsystem-zip-hoodie-black,carsystem,carsystem,Carsystem Zip-Hoodie black,carsystem-zip-hoodie-black,/products/carsystem/catalog/carsystem-zip-hoodie-black.webp,660,1162,SOURCE_PIPELINE_REEXPORT_CANDIDATE_UNMEASURED,tone/source re-export (kandidat),RULE_BASED_CANDIDATE,CANDIDATE_NOT_YET_MEASURED,unknown,,,F_SPECIAL_MARKETING_IMAGE,SOURCE_IMAGE_PROBLEM,pipelineToneStatus = unknown; ekstrapolacija zabranjena (finalna odluka 9); sistemski re-export nije ni planiran ni odobren,NONE — 0 odobreno / 0 integrisano; bez mass apply; runtime productImage nepromenjen,,YES (sourceSha256 + veličina fajla isti),https://www.carsystem.org/fileadmin/_processed_/0/4/csm_158084-158088-hoodie-mit-zipper-schwarz-2025_3f76e558ab.png,https://www.carsystem.org/fileadmin/products/images/158.084/158084-158088-hoodie-mit-zipper-schwarz-2025.png,IMAGE_QUALITY_REVIEW_ONLY,pravilo: današnji manifest porekla (izvor = _processed_ PNG derivat); par NIJE meren,"NIJE potvrđen defekt. Isti tip izvora kao 15 izmerenih parova — to je razlog za merenje, ne rezultat merenja."
rupes__carsystem-rupes-47-105-replacement-carbon-brush#SOURCE_PIPELINE_REEXPORT_CANDIDATE_UNMEASURED,rupes__carsystem-rupes-47-105-replacement-carbon-brush,rupes,carsystem,RUPES 47.105 Replacement carbon brush,carsystem-rupes-47-105-replacement-carbon-brush,/products/carsystem/catalog/carsystem-rupes-47-105-replacement-carbon-brush.webp,660,488,SOURCE_PIPELINE_REEXPORT_CANDIDATE_UNMEASURED,tone/source re-export (kandidat),RULE_BASED_CANDIDATE,CANDIDATE_NOT_YET_MEASURED,unknown,,,A_OK_NO_CHANGE,NONE,pipelineToneStatus = unknown; ekstrapolacija zabranjena (finalna odluka 9); sistemski re-export nije ni planiran ni odobren,NONE — 0 odobreno / 0 integrisano; bez mass apply; runtime productImage nepromenjen,,YES (sourceSha256 + veličina fajla isti),https://www.carsystem.org/fileadmin/_processed_/f/5/csm_47.105-rupes-ersatz-kohlebuersten_verpackung_f9c30f22b4.png,https://www.carsystem.org/fileadmin/products/images/158.290/47.105-rupes-ersatz-kohlebuersten_verpackung.png,OFFICIAL_IMAGE_RIGHTS_REVIEW,pravilo: današnji manifest porekla (izvor = _processed_ PNG derivat); par NIJE meren,"NIJE potvrđen defekt. Isti tip izvora kao 15 izmerenih parova — to je razlog za merenje, ne rezultat merenja."
rupes__carsystem-rupes-9-holder-bigfoot#SOURCE_PIPELINE_REEXPORT_CANDIDATE_UNMEASURED,rupes__carsystem-rupes-9-holder-bigfoot,rupes,carsystem,Rupes 9. Holder BigFoot,carsystem-rupes-9-holder-bigfoot,/products/carsystem/catalog/carsystem-rupes-9-holder-bigfoot.webp,660,1004,SOURCE_PIPELINE_REEXPORT_CANDIDATE_UNMEASURED,tone/source re-export (kandidat),RULE_BASED_CANDIDATE,CANDIDATE_NOT_YET_MEASURED,unknown,,,A_OK_NO_CHANGE,NONE,pipelineToneStatus = unknown; ekstrapolacija zabranjena (finalna odluka 9); sistemski re-export nije ni planiran ni odobren,NONE — 0 odobreno / 0 integrisano; bez mass apply; runtime productImage nepromenjen,,YES (sourceSha256 + veličina fajla isti),https://www.carsystem.org/fileadmin/_processed_/d/2/csm_158.134-rupes-9.-wand-werkzeughalter-bigfoot_968fb6e2ae.png,https://www.carsystem.org/fileadmin/products/images/158.134/158.134-rupes-9.-wand-werkzeughalter-bigfoot.png,OFFICIAL_IMAGE_RIGHTS_REVIEW,pravilo: današnji manifest porekla (izvor = _processed_ PNG derivat); par NIJE meren,"NIJE potvrđen defekt. Isti tip izvora kao 15 izmerenih parova — to je razlog za merenje, ne rezultat merenja."
rupes__carsystem-rupes-angle-polishing-machine-lh76p#SOURCE_PIPELINE_REEXPORT_CANDIDATE_UNMEASURED,rupes__carsystem-rupes-angle-polishing-machine-lh76p,rupes,carsystem,RUPES Angle Polishing Machine LH76P,carsystem-rupes-angle-polishing-machine-lh76p,/products/carsystem/catalog/carsystem-rupes-angle-polishing-machine-lh76p.webp,660,483,SOURCE_PIPELINE_REEXPORT_CANDIDATE_UNMEASURED,tone/source re-export (kandidat),RULE_BASED_CANDIDATE,CANDIDATE_NOT_YET_MEASURED,unknown,,,A_OK_NO_CHANGE,NONE,pipelineToneStatus = unknown; ekstrapolacija zabranjena (finalna odluka 9); sistemski re-export nije ni planiran ni odobren,NONE — 0 odobreno / 0 integrisano; bez mass apply; runtime productImage nepromenjen,,YES (sourceSha256 + veličina fajla isti),https://www.carsystem.org/fileadmin/_processed_/7/6/csm_157.331-pneumatische-winkelpoliermaschine-lh76p_0a98fb1132.png,https://www.carsystem.org/fileadmin/products/images/157.331/157.331-pneumatische-winkelpoliermaschine-lh76p.png,OFFICIAL_IMAGE_RIGHTS_REVIEW,pravilo: današnji manifest porekla (izvor = _processed_ PNG derivat); par NIJE meren,"NIJE potvrđen defekt. Isti tip izvora kao 15 izmerenih parova — to je razlog za merenje, ne rezultat merenja."
rupes__carsystem-rupes-back-pad#SOURCE_PIPELINE_REEXPORT_CANDIDATE_UNMEASURED,rupes__carsystem-rupes-back-pad,rupes,carsystem,RUPES Back Pad,carsystem-rupes-back-pad,/products/carsystem/catalog/carsystem-rupes-back-pad.webp,660,259,SOURCE_PIPELINE_REEXPORT_CANDIDATE_UNMEASURED,tone/source re-export (kandidat),RULE_BASED_CANDIDATE,CANDIDATE_NOT_YET_MEASURED,unknown,,,A_OK_NO_CHANGE,NONE,pipelineToneStatus = unknown; ekstrapolacija zabranjena (finalna odluka 9); sistemski re-export nije ni planiran ni odobren,NONE — 0 odobreno / 0 integrisano; bez mass apply; runtime productImage nepromenjen,,YES (sourceSha256 + veličina fajla isti),https://www.carsystem.org/fileadmin/_processed_/6/1/csm_158.291-292-981.500_Back_pad-M8-150mm_674424b36c.png,https://www.carsystem.org/fileadmin/products/images/158.291/158.291-292-981.500_Back_pad-M8-150mm.png,OFFICIAL_IMAGE_RIGHTS_REVIEW,pravilo: današnji manifest porekla (izvor = _processed_ PNG derivat); par NIJE meren,"NIJE potvrđen defekt. Isti tip izvora kao 15 izmerenih parova — to je razlog za merenje, ne rezultat merenja."
rupes__carsystem-rupes-carrier#SOURCE_PIPELINE_REEXPORT_CANDIDATE_UNMEASURED,rupes__carsystem-rupes-carrier,rupes,carsystem,RUPES Carrier,carsystem-rupes-carrier,/products/carsystem/catalog/carsystem-rupes-carrier.webp,660,1011,SOURCE_PIPELINE_REEXPORT_CANDIDATE_UNMEASURED,tone/source re-export (kandidat),RULE_BASED_CANDIDATE,CANDIDATE_NOT_YET_MEASURED,unknown,,,A_OK_NO_CHANGE,NONE,pipelineToneStatus = unknown; ekstrapolacija zabranjena (finalna odluka 9); sistemski re-export nije ni planiran ni odobren,NONE — 0 odobreno / 0 integrisano; bez mass apply; runtime productImage nepromenjen,,YES (sourceSha256 + veličina fajla isti),https://www.carsystem.org/fileadmin/_processed_/6/f/csm_157342-rupes-carrier_b6a640bdab.png,https://www.carsystem.org/fileadmin/products/images/157.342/157342-rupes-carrier.png,OFFICIAL_IMAGE_RIGHTS_REVIEW,pravilo: današnji manifest porekla (izvor = _processed_ PNG derivat); par NIJE meren,"NIJE potvrđen defekt. Isti tip izvora kao 15 izmerenih parova — to je razlog za merenje, ne rezultat merenja."
rupes__carsystem-rupes-cleaning-and-maintenance-oil#SOURCE_PIPELINE_REEXPORT_CANDIDATE_UNMEASURED,rupes__carsystem-rupes-cleaning-and-maintenance-oil,rupes,carsystem,RUPES Cleaning and maintenance oil,carsystem-rupes-cleaning-and-maintenance-oil,/products/carsystem/catalog/carsystem-rupes-cleaning-and-maintenance-oil.webp,660,2190,SOURCE_PIPELINE_REEXPORT_CANDIDATE_UNMEASURED,tone/source re-export (kandidat),RULE_BASED_CANDIDATE,CANDIDATE_NOT_YET_MEASURED,unknown,,,A_OK_NO_CHANGE,NONE,pipelineToneStatus = unknown; ekstrapolacija zabranjena (finalna odluka 9); sistemski re-export nije ni planiran ni odobren,NONE — 0 odobreno / 0 integrisano; bez mass apply; runtime productImage nepromenjen,,YES (sourceSha256 + veličina fajla isti),https://www.carsystem.org/fileadmin/_processed_/5/e/csm_150.190-rupes-reinigungs-wartungsoel-9.1640_c80f4c2caa.png,https://www.carsystem.org/fileadmin/products/images/150.190/150.190-rupes-reinigungs-wartungsoel-9.1640.png,OFFICIAL_IMAGE_RIGHTS_REVIEW,pravilo: današnji manifest porekla (izvor = _processed_ PNG derivat); par NIJE meren,"NIJE potvrđen defekt. Isti tip izvora kao 15 izmerenih parova — to je razlog za merenje, ne rezultat merenja."
rupes__carsystem-rupes-ibrid-nano#SOURCE_PIPELINE_REEXPORT_CANDIDATE_UNMEASURED,rupes__carsystem-rupes-ibrid-nano,rupes,carsystem,RUPES Ibrid Nano,carsystem-rupes-ibrid-nano,/products/carsystem/catalog/carsystem-rupes-ibrid-nano.webp,660,440,SOURCE_PIPELINE_REEXPORT_CANDIDATE_UNMEASURED,tone/source re-export (kandidat),RULE_BASED_CANDIDATE,CANDIDATE_NOT_YET_MEASURED,unknown,,,A_OK_NO_CHANGE,NONE,pipelineToneStatus = unknown; ekstrapolacija zabranjena (finalna odluka 9); sistemski re-export nije ni planiran ni odobren,NONE — 0 odobreno / 0 integrisano; bez mass apply; runtime productImage nepromenjen,,YES (sourceSha256 + veličina fajla isti),https://www.carsystem.org/fileadmin/_processed_/e/e/csm_157318-157319-rupes-ibrid-nano-hr81m-hr81ml_5822e61fcb.png,https://www.carsystem.org/fileadmin/products/images/157.318/157318-157319-rupes-ibrid-nano-hr81m-hr81ml.png,OFFICIAL_IMAGE_RIGHTS_REVIEW,pravilo: današnji manifest porekla (izvor = _processed_ PNG derivat); par NIJE meren,"NIJE potvrđen defekt. Isti tip izvora kao 15 izmerenih parova — to je razlog za merenje, ne rezultat merenja."
rupes__carsystem-rupes-ibrid-nano-q-maq#SOURCE_PIPELINE_REEXPORT_CANDIDATE_UNMEASURED,rupes__carsystem-rupes-ibrid-nano-q-maq,rupes,carsystem,RUPES Ibrid Nano Q-MAQ,carsystem-rupes-ibrid-nano-q-maq,/products/carsystem/catalog/carsystem-rupes-ibrid-nano-q-maq.webp,660,535,SOURCE_PIPELINE_REEXPORT_CANDIDATE_UNMEASURED,tone/source re-export (kandidat),RULE_BASED_CANDIDATE,CANDIDATE_NOT_YET_MEASURED,unknown,,,A_OK_NO_CHANGE,NONE,pipelineToneStatus = unknown; ekstrapolacija zabranjena (finalna odluka 9); sistemski re-export nije ni planiran ni odobren,NONE — 0 odobreno / 0 integrisano; bez mass apply; runtime productImage nepromenjen,,YES (sourceSha256 + veličina fajla isti),https://www.carsystem.org/fileadmin/_processed_/c/6/csm_157320-rupes-ibrid-nano-q-mag-hqm83_stb_d9a9ef1ca3.png,https://www.carsystem.org/fileadmin/products/images/157.320/157320-rupes-ibrid-nano-q-mag-hqm83_stb.png,OFFICIAL_IMAGE_RIGHTS_REVIEW,pravilo: današnji manifest porekla (izvor = _processed_ PNG derivat); par NIJE meren,"NIJE potvrđen defekt. Isti tip izvora kao 15 izmerenih parova — to je razlog za merenje, ne rezultat merenja."
rupes__carsystem-rupes-mini-polishing-machine-hlr75stb#SOURCE_PIPELINE_REEXPORT_CANDIDATE_UNMEASURED,rupes__carsystem-rupes-mini-polishing-machine-hlr75stb,rupes,carsystem,RUPES Mini Polishing Machine HLR75STB,carsystem-rupes-mini-polishing-machine-hlr75stb,/products/carsystem/catalog/carsystem-rupes-mini-polishing-machine-hlr75stb.webp,660,499,SOURCE_PIPELINE_REEXPORT_CANDIDATE_UNMEASURED,tone/source re-export (kandidat),RULE_BASED_CANDIDATE,CANDIDATE_NOT_YET_MEASURED,unknown,,,A_OK_NO_CHANGE,NONE,pipelineToneStatus = unknown; ekstrapolacija zabranjena (finalna odluka 9); sistemski re-export nije ni planiran ni odobren,NONE — 0 odobreno / 0 integrisano; bez mass apply; runtime productImage nepromenjen,,YES (sourceSha256 + veličina fajla isti),https://www.carsystem.org/fileadmin/_processed_/d/7/csm_158646-647-rupes-hlr75-mini-polishing-kit_f62001e145.png,https://www.carsystem.org/fileadmin/products/images/158.647/158646-647-rupes-hlr75-mini-polishing-kit.png,OFFICIAL_IMAGE_RIGHTS_REVIEW,pravilo: današnji manifest porekla (izvor = _processed_ PNG derivat); par NIJE meren,"NIJE potvrđen defekt. Isti tip izvora kao 15 izmerenih parova — to je razlog za merenje, ne rezultat merenja."
rupes__carsystem-rupes-mini-random-orbital-sander-ld30#SOURCE_PIPELINE_REEXPORT_CANDIDATE_UNMEASURED,rupes__carsystem-rupes-mini-random-orbital-sander-ld30,rupes,carsystem,RUPES Mini Random Orbital Sander LD30,carsystem-rupes-mini-random-orbital-sander-ld30,/products/carsystem/catalog/carsystem-rupes-mini-random-orbital-sander-ld30.webp,660,467,SOURCE_PIPELINE_REEXPORT_CANDIDATE_UNMEASURED,tone/source re-export (kandidat),RULE_BASED_CANDIDATE,CANDIDATE_NOT_YET_MEASURED,unknown,,,A_OK_NO_CHANGE,NONE,pipelineToneStatus = unknown; ekstrapolacija zabranjena (finalna odluka 9); sistemski re-export nije ni planiran ni odobren,NONE — 0 odobreno / 0 integrisano; bez mass apply; runtime productImage nepromenjen,,YES (sourceSha256 + veličina fajla isti),https://www.carsystem.org/fileadmin/_processed_/f/9/csm_157330-rupes-bluetenschleifer-ld30_fad8fc2718.png,https://www.carsystem.org/fileadmin/products/images/157.330/157330-rupes-bluetenschleifer-ld30.png,OFFICIAL_IMAGE_RIGHTS_REVIEW,pravilo: današnji manifest porekla (izvor = _processed_ PNG derivat); par NIJE meren,"NIJE potvrđen defekt. Isti tip izvora kao 15 izmerenih parova — to je razlog za merenje, ne rezultat merenja."
rupes__carsystem-rupes-orbital-sander-re21aln#SOURCE_PIPELINE_REEXPORT_CANDIDATE_UNMEASURED,rupes__carsystem-rupes-orbital-sander-re21aln,rupes,carsystem,RUPES Orbital Sander RE21ALN,carsystem-rupes-orbital-sander-re21aln,/products/carsystem/catalog/carsystem-rupes-orbital-sander-re21aln.webp,660,546,SOURCE_PIPELINE_REEXPORT_CANDIDATE_UNMEASURED,tone/source re-export (kandidat),RULE_BASED_CANDIDATE,CANDIDATE_NOT_YET_MEASURED,unknown,,,A_OK_NO_CHANGE,NONE,pipelineToneStatus = unknown; ekstrapolacija zabranjena (finalna odluka 9); sistemski re-export nije ni planiran ni odobren,NONE — 0 odobreno / 0 integrisano; bez mass apply; runtime productImage nepromenjen,,YES (sourceSha256 + veličina fajla isti),https://www.carsystem.org/fileadmin/_processed_/c/b/csm_157454-rupes-schwingschleifer-re21aln_096ff055e9.png,https://www.carsystem.org/fileadmin/products/images/157.454/157454-rupes-schwingschleifer-re21aln.png,OFFICIAL_IMAGE_RIGHTS_REVIEW,pravilo: današnji manifest porekla (izvor = _processed_ PNG derivat); par NIJE meren,"NIJE potvrđen defekt. Isti tip izvora kao 15 izmerenih parova — to je razlog za merenje, ne rezultat merenja."
rupes__carsystem-rupes-orbital-sander-sl42aes#SOURCE_PIPELINE_REEXPORT_CANDIDATE_UNMEASURED,rupes__carsystem-rupes-orbital-sander-sl42aes,rupes,carsystem,RUPES Orbital Sander SL42AES,carsystem-rupes-orbital-sander-sl42aes,/products/carsystem/catalog/carsystem-rupes-orbital-sander-sl42aes.webp,660,413,SOURCE_PIPELINE_REEXPORT_CANDIDATE_UNMEASURED,tone/source re-export (kandidat),RULE_BASED_CANDIDATE,CANDIDATE_NOT_YET_MEASURED,unknown,,,A_OK_NO_CHANGE,NONE,pipelineToneStatus = unknown; ekstrapolacija zabranjena (finalna odluka 9); sistemski re-export nije ni planiran ni odobren,NONE — 0 odobreno / 0 integrisano; bez mass apply; runtime productImage nepromenjen,,YES (sourceSha256 + veličina fajla isti),https://www.carsystem.org/fileadmin/_processed_/e/6/csm_157.329-157.559-rupes-schwingschleifer-sl42aes_c8991190bb.png,https://www.carsystem.org/fileadmin/products/images/157.329/157.329-157.559-rupes-schwingschleifer-sl42aes.png,OFFICIAL_IMAGE_RIGHTS_REVIEW,pravilo: današnji manifest porekla (izvor = _processed_ PNG derivat); par NIJE meren,"NIJE potvrđen defekt. Isti tip izvora kao 15 izmerenih parova — to je razlog za merenje, ne rezultat merenja."
rupes__carsystem-rupes-orbital-sander-slp41a#BORDER_FRAME,rupes__carsystem-rupes-orbital-sander-slp41a,rupes,carsystem,RUPES Orbital Sander SLP41A,carsystem-rupes-orbital-sander-slp41a,/products/carsystem/catalog/carsystem-rupes-orbital-sander-slp41a.webp,660,301,BORDER_FRAME,border-frame,MEASURED,KNOWN_ASSET_ISSUE,unknown,,,B_DETERMINISTIC_FIX,SOURCE_IMAGE_PROBLEM,BORDER_FRAME_STRIP simulacija REJECT (R4 — proizvod 6 px od ivice) — NE SME u automatsku obradu; ručni pregled maske,NONE — 0 odobreno / 0 integrisano; bez mass apply; runtime productImage nepromenjen,,YES (sourceSha256 + veličina fajla isti),https://www.carsystem.org/fileadmin/_processed_/9/0/csm_157337-rupes-schwingschleifer-slp41a_f5e97ddf79.png,https://www.carsystem.org/fileadmin/products/images/157.337/157337-rupes-schwingschleifer-slp41a.png,OFFICIAL_IMAGE_RIGHTS_REVIEW,historical-evidence/alpha-frame-simulation.json + CARSYSTEM_IMAGE_AUDIT.csv,prsten 0: alfa 19 (max 36); današnji asset daje isti signal; `alpha<100→0` je ODBAČEN
rupes__carsystem-rupes-orbital-sander-slp41a#SOURCE_PIPELINE_REEXPORT_CANDIDATE_UNMEASURED,rupes__carsystem-rupes-orbital-sander-slp41a,rupes,carsystem,RUPES Orbital Sander SLP41A,carsystem-rupes-orbital-sander-slp41a,/products/carsystem/catalog/carsystem-rupes-orbital-sander-slp41a.webp,660,301,SOURCE_PIPELINE_REEXPORT_CANDIDATE_UNMEASURED,tone/source re-export (kandidat),RULE_BASED_CANDIDATE,CANDIDATE_NOT_YET_MEASURED,unknown,,,B_DETERMINISTIC_FIX,SOURCE_IMAGE_PROBLEM,pipelineToneStatus = unknown; ekstrapolacija zabranjena (finalna odluka 9); sistemski re-export nije ni planiran ni odobren,NONE — 0 odobreno / 0 integrisano; bez mass apply; runtime productImage nepromenjen,,YES (sourceSha256 + veličina fajla isti),https://www.carsystem.org/fileadmin/_processed_/9/0/csm_157337-rupes-schwingschleifer-slp41a_f5e97ddf79.png,https://www.carsystem.org/fileadmin/products/images/157.337/157337-rupes-schwingschleifer-slp41a.png,OFFICIAL_IMAGE_RIGHTS_REVIEW,pravilo: današnji manifest porekla (izvor = _processed_ PNG derivat); par NIJE meren,"NIJE potvrđen defekt. Isti tip izvora kao 15 izmerenih parova — to je razlog za merenje, ne rezultat merenja."
rupes__carsystem-rupes-polish-pad#SOURCE_PIPELINE_REEXPORT_CANDIDATE_UNMEASURED,rupes__carsystem-rupes-polish-pad,rupes,carsystem,RUPES Polish Pad,carsystem-rupes-polish-pad,/products/carsystem/catalog/carsystem-rupes-polish-pad.webp,660,349,SOURCE_PIPELINE_REEXPORT_CANDIDATE_UNMEASURED,tone/source re-export (kandidat),RULE_BASED_CANDIDATE,CANDIDATE_NOT_YET_MEASURED,unknown,,,A_OK_NO_CHANGE,NONE,pipelineToneStatus = unknown; ekstrapolacija zabranjena (finalna odluka 9); sistemski re-export nije ni planiran ni odobren,NONE — 0 odobreno / 0 integrisano; bez mass apply; runtime productImage nepromenjen,,YES (sourceSha256 + veličina fajla isti),https://www.carsystem.org/fileadmin/_processed_/f/1/csm_158853-856-rupes-polierpad_bdbe48cc19.png,https://www.carsystem.org/fileadmin/products/images/158.853/158853-856-rupes-polierpad.png,OFFICIAL_IMAGE_RIGHTS_REVIEW,pravilo: današnji manifest porekla (izvor = _processed_ PNG derivat); par NIJE meren,"NIJE potvrđen defekt. Isti tip izvora kao 15 izmerenih parova — to je razlog za merenje, ne rezultat merenja."
rupes__carsystem-rupes-polishing-machine-lh19e#BORDER_FRAME,rupes__carsystem-rupes-polishing-machine-lh19e,rupes,carsystem,RUPES Polishing Machine LH19E,carsystem-rupes-polishing-machine-lh19e,/products/carsystem/catalog/carsystem-rupes-polishing-machine-lh19e.webp,660,329,BORDER_FRAME,border-frame,MEASURED,KNOWN_ASSET_ISSUE,unknown,,,B_DETERMINISTIC_FIX,SOURCE_IMAGE_PROBLEM,"BORDER_FRAME_STRIP (K_MAX=4, RING_TOL=6, GUARD=8 px; R1–R10) — simulacija PASS; obrada tek posle odobrenja",NONE — 0 odobreno / 0 integrisano; bez mass apply; runtime productImage nepromenjen,,YES (sourceSha256 + veličina fajla isti),https://www.carsystem.org/fileadmin/_processed_/3/b/csm_157322-rupes-poliermaschine-lh19e-low_8d6654d89e.png,https://www.carsystem.org/fileadmin/products/images/157.322/157322-rupes-poliermaschine-lh19e-low.png,OFFICIAL_IMAGE_RIGHTS_REVIEW,historical-evidence/alpha-frame-simulation.json + CARSYSTEM_IMAGE_AUDIT.csv,prsten 0: alfa 17 (max 33); današnji asset daje isti signal; `alpha<100→0` je ODBAČEN
rupes__carsystem-rupes-polishing-machine-lh19e#SOURCE_PIPELINE_REEXPORT_CANDIDATE_UNMEASURED,rupes__carsystem-rupes-polishing-machine-lh19e,rupes,carsystem,RUPES Polishing Machine LH19E,carsystem-rupes-polishing-machine-lh19e,/products/carsystem/catalog/carsystem-rupes-polishing-machine-lh19e.webp,660,329,SOURCE_PIPELINE_REEXPORT_CANDIDATE_UNMEASURED,tone/source re-export (kandidat),RULE_BASED_CANDIDATE,CANDIDATE_NOT_YET_MEASURED,unknown,,,B_DETERMINISTIC_FIX,SOURCE_IMAGE_PROBLEM,pipelineToneStatus = unknown; ekstrapolacija zabranjena (finalna odluka 9); sistemski re-export nije ni planiran ni odobren,NONE — 0 odobreno / 0 integrisano; bez mass apply; runtime productImage nepromenjen,,YES (sourceSha256 + veličina fajla isti),https://www.carsystem.org/fileadmin/_processed_/3/b/csm_157322-rupes-poliermaschine-lh19e-low_8d6654d89e.png,https://www.carsystem.org/fileadmin/products/images/157.322/157322-rupes-poliermaschine-lh19e-low.png,OFFICIAL_IMAGE_RIGHTS_REVIEW,pravilo: današnji manifest porekla (izvor = _processed_ PNG derivat); par NIJE meren,"NIJE potvrđen defekt. Isti tip izvora kao 15 izmerenih parova — to je razlog za merenje, ne rezultat merenja."
rupes__carsystem-rupes-polishing-machine-lhr15#SOURCE_PIPELINE_REEXPORT_CANDIDATE_UNMEASURED,rupes__carsystem-rupes-polishing-machine-lhr15,rupes,carsystem,RUPES Polishing Machine LHR15,carsystem-rupes-polishing-machine-lhr15,/products/carsystem/catalog/carsystem-rupes-polishing-machine-lhr15.webp,660,376,SOURCE_PIPELINE_REEXPORT_CANDIDATE_UNMEASURED,tone/source re-export (kandidat),RULE_BASED_CANDIDATE,CANDIDATE_NOT_YET_MEASURED,unknown,,,A_OK_NO_CHANGE,NONE,pipelineToneStatus = unknown; ekstrapolacija zabranjena (finalna odluka 9); sistemski re-export nije ni planiran ni odobren,NONE — 0 odobreno / 0 integrisano; bez mass apply; runtime productImage nepromenjen,,YES (sourceSha256 + veličina fajla isti),https://www.carsystem.org/fileadmin/_processed_/4/6/csm_157323-lhr15IIIstd-exzenter-poliermaschine_adb46143f9.png,https://www.carsystem.org/fileadmin/products/images/157.323/157323-lhr15IIIstd-exzenter-poliermaschine.png,OFFICIAL_IMAGE_RIGHTS_REVIEW,pravilo: današnji manifest porekla (izvor = _processed_ PNG derivat); par NIJE meren,"NIJE potvrđen defekt. Isti tip izvora kao 15 izmerenih parova — to je razlog za merenje, ne rezultat merenja."
rupes__carsystem-rupes-polishing-machine-lhr75#BORDER_FRAME,rupes__carsystem-rupes-polishing-machine-lhr75,rupes,carsystem,RUPES Polishing Machine LHR75,carsystem-rupes-polishing-machine-lhr75,/products/carsystem/catalog/carsystem-rupes-polishing-machine-lhr75.webp,660,660,BORDER_FRAME,border-frame,MEASURED,KNOWN_ASSET_ISSUE,confirmed,,,B_DETERMINISTIC_FIX,SOURCE_IMAGE_PROBLEM,"BORDER_FRAME_STRIP (K_MAX=4, RING_TOL=6, GUARD=8 px; R1–R10) — simulacija PASS; obrada tek posle odobrenja",NONE — 0 odobreno / 0 integrisano; bez mass apply; runtime productImage nepromenjen,PILOT 157.332 LANCZOS_660 (automatika PASS; izbor korisnika) — pending_manual_review; NATIVE_560 samo dokaz,YES (sourceSha256 + veličina fajla isti),https://www.carsystem.org/fileadmin/_processed_/6/3/csm_157332-rupes-poliermaschine-lhr75_a857a1e9b0.png,https://www.carsystem.org/fileadmin/products/images/157.332/157332-rupes-poliermaschine-lhr75.png,OFFICIAL_IMAGE_RIGHTS_REVIEW,historical-evidence/alpha-frame-simulation.json + CARSYSTEM_IMAGE_AUDIT.csv,"prsten 0: alfa 54 (max 96), prsten 1: alfa 13 (max 25); današnji asset daje isti signal; `alpha<100→0` je ODBAČEN; okvir je i dalje vidljiv u tamnoj temi (asset nije zamenjen)"
rupes__carsystem-rupes-polishing-machine-lhr75#MEASURED_TONE_DEFECT,rupes__carsystem-rupes-polishing-machine-lhr75,rupes,carsystem,RUPES Polishing Machine LHR75,carsystem-rupes-polishing-machine-lhr75,/products/carsystem/catalog/carsystem-rupes-polishing-machine-lhr75.webp,660,660,MEASURED_TONE_DEFECT,tone/source re-export,MEASURED,CONFIRMED_QUALITY_ISSUE,confirmed,2.24,-71.1,B_DETERMINISTIC_FIX,SOURCE_IMAGE_PROBLEM,REEXPORT_FROM_OFFICIAL_ORIGINAL (ICC→sRGB samo ako profil postoji; bez globalnog brightness/gamma; bez AI) — tek posle odobrenja pilota,NONE — 0 odobreno / 0 integrisano; bez mass apply; runtime productImage nepromenjen,PILOT 157.332 LANCZOS_660 (automatika PASS; izbor korisnika) — pending_manual_review; NATIVE_560 samo dokaz,YES (sourceSha256 + veličina fajla isti),https://www.carsystem.org/fileadmin/_processed_/6/3/csm_157332-rupes-poliermaschine-lhr75_a857a1e9b0.png,https://www.carsystem.org/fileadmin/products/images/157.332/157332-rupes-poliermaschine-lhr75.png,OFFICIAL_IMAGE_RIGHTS_REVIEW,historical-evidence/pipeline-tone-measurements.json,"izmeren par: original PNG 560×560, ICC ne; medLum 90.0 → 26.0; 83480 piksela"
rupes__carsystem-rupes-polishing-machine-lhr75#PILOT_CASE_LHR75,rupes__carsystem-rupes-polishing-machine-lhr75,rupes,carsystem,RUPES Polishing Machine LHR75,carsystem-rupes-polishing-machine-lhr75,/products/carsystem/catalog/carsystem-rupes-polishing-machine-lhr75.webp,660,660,PILOT_CASE_LHR75,asset (pilot),HISTORICAL_CONFIRMED,KNOWN_ASSET_ISSUE,confirmed,,,B_DETERMINISTIC_FIX,SOURCE_IMAGE_PROBLEM,LHR75 kandidat = LANCZOS_660 (jedini odobren izuzetak od pravila „nikad upscale”); NATIVE_560 samo dokaz; pilot NIJE integrisan,NONE — 0 odobreno / 0 integrisano; bez mass apply; runtime productImage nepromenjen,PILOT 157.332 LANCZOS_660 (automatika PASS; izbor korisnika) — pending_manual_review; NATIVE_560 samo dokaz,YES (sourceSha256 + veličina fajla isti),https://www.carsystem.org/fileadmin/_processed_/6/3/csm_157332-rupes-poliermaschine-lhr75_a857a1e9b0.png,https://www.carsystem.org/fileadmin/products/images/157.332/157332-rupes-poliermaschine-lhr75.png,OFFICIAL_IMAGE_RIGHTS_REVIEW,handoff §11.6 + pilot tabela,"pilot rešava okvir i ton, ali je van repoa; `public/products/carsystem/enhanced/` ne postoji"
rupes__carsystem-rupes-polishing-machine-lhr75e#MEASURED_TONE_DEFECT,rupes__carsystem-rupes-polishing-machine-lhr75e,rupes,carsystem,RUPES Polishing Machine LHR75E,carsystem-rupes-polishing-machine-lhr75e,/products/carsystem/catalog/carsystem-rupes-polishing-machine-lhr75e.webp,660,609,MEASURED_TONE_DEFECT,tone/source re-export,MEASURED,CONFIRMED_QUALITY_ISSUE,confirmed,2.2,-78.0,A_OK_NO_CHANGE,NONE,REEXPORT_FROM_OFFICIAL_ORIGINAL (ICC→sRGB samo ako profil postoji; bez globalnog brightness/gamma; bez AI) — tek posle odobrenja pilota,NONE — 0 odobreno / 0 integrisano; bez mass apply; runtime productImage nepromenjen,,YES (sourceSha256 + veličina fajla isti),https://www.carsystem.org/fileadmin/_processed_/1/2/csm_157340-rupes-poliermaschine-lhr75e_d4bd3f901a.png,https://www.carsystem.org/fileadmin/products/images/157.340/157340-rupes-poliermaschine-lhr75e.png,OFFICIAL_IMAGE_RIGHTS_REVIEW,historical-evidence/pipeline-tone-measurements.json,"izmeren par: original PNG 797×736, ICC ne; medLum 68.3 → 15.0; 54172 piksela"
rupes__carsystem-rupes-random-orbital-sander-er#SOURCE_PIPELINE_REEXPORT_CANDIDATE_UNMEASURED,rupes__carsystem-rupes-random-orbital-sander-er,rupes,carsystem,RUPES Random Orbital Sander ER,carsystem-rupes-random-orbital-sander-er,/products/carsystem/catalog/carsystem-rupes-random-orbital-sander-er.webp,660,447,SOURCE_PIPELINE_REEXPORT_CANDIDATE_UNMEASURED,tone/source re-export (kandidat),RULE_BASED_CANDIDATE,CANDIDATE_NOT_YET_MEASURED,unknown,,,A_OK_NO_CHANGE,NONE,pipelineToneStatus = unknown; ekstrapolacija zabranjena (finalna odluka 9); sistemski re-export nije ni planiran ni odobren,NONE — 0 odobreno / 0 integrisano; bez mass apply; runtime productImage nepromenjen,,YES (sourceSha256 + veličina fajla isti),https://www.carsystem.org/fileadmin/_processed_/4/1/csm_158.283-rupes-exzenterschleifer-ER_01031a1b83.png,https://www.carsystem.org/fileadmin/products/images/158.283/158.283-rupes-exzenterschleifer-ER.png,OFFICIAL_IMAGE_RIGHTS_REVIEW,pravilo: današnji manifest porekla (izvor = _processed_ PNG derivat); par NIJE meren,"NIJE potvrđen defekt. Isti tip izvora kao 15 izmerenih parova — to je razlog za merenje, ne rezultat merenja."
rupes__carsystem-rupes-random-orbital-sander-ta50#SOURCE_PIPELINE_REEXPORT_CANDIDATE_UNMEASURED,rupes__carsystem-rupes-random-orbital-sander-ta50,rupes,carsystem,RUPES Random Orbital Sander TA50,carsystem-rupes-random-orbital-sander-ta50,/products/carsystem/catalog/carsystem-rupes-random-orbital-sander-ta50.webp,660,503,SOURCE_PIPELINE_REEXPORT_CANDIDATE_UNMEASURED,tone/source re-export (kandidat),RULE_BASED_CANDIDATE,CANDIDATE_NOT_YET_MEASURED,unknown,,,A_OK_NO_CHANGE,NONE,pipelineToneStatus = unknown; ekstrapolacija zabranjena (finalna odluka 9); sistemski re-export nije ni planiran ni odobren,NONE — 0 odobreno / 0 integrisano; bez mass apply; runtime productImage nepromenjen,,YES (sourceSha256 + veličina fajla isti),https://www.carsystem.org/fileadmin/_processed_/5/b/csm_157338-rupes-exzenterschleifer-ta50_5164142877.png,https://www.carsystem.org/fileadmin/products/images/157.338/157338-rupes-exzenterschleifer-ta50.png,OFFICIAL_IMAGE_RIGHTS_REVIEW,pravilo: današnji manifest porekla (izvor = _processed_ PNG derivat); par NIJE meren,"NIJE potvrđen defekt. Isti tip izvora kao 15 izmerenih parova — to je razlog za merenje, ne rezultat merenja."
rupes__carsystem-rupes-skorpio-e-rx#BORDER_FRAME,rupes__carsystem-rupes-skorpio-e-rx,rupes,carsystem,RUPES Skorpio E RX,carsystem-rupes-skorpio-e-rx,/products/carsystem/catalog/carsystem-rupes-skorpio-e-rx.webp,660,358,BORDER_FRAME,border-frame,MEASURED,KNOWN_ASSET_ISSUE,unknown,,,B_DETERMINISTIC_FIX,SOURCE_IMAGE_PROBLEM,BORDER_FRAME_STRIP simulacija REJECT (R1/R2 — okvir nepotpun) — NE SME u automatsku obradu; ručni pregled maske,NONE — 0 odobreno / 0 integrisano; bez mass apply; runtime productImage nepromenjen,,YES (sourceSha256 + veličina fajla isti),https://www.carsystem.org/fileadmin/_processed_/2/d/csm_157.326-157328-rupes-skorpio-e-rx_5f5fd22631.png,https://www.carsystem.org/fileadmin/products/images/157.326/157.326-157328-rupes-skorpio-e-rx.png,OFFICIAL_IMAGE_RIGHTS_REVIEW,historical-evidence/alpha-frame-simulation.json + CARSYSTEM_IMAGE_AUDIT.csv,prsten 0: alfa 13 (max 25); današnji asset daje isti signal; `alpha<100→0` je ODBAČEN
rupes__carsystem-rupes-skorpio-e-rx#SOURCE_PIPELINE_REEXPORT_CANDIDATE_UNMEASURED,rupes__carsystem-rupes-skorpio-e-rx,rupes,carsystem,RUPES Skorpio E RX,carsystem-rupes-skorpio-e-rx,/products/carsystem/catalog/carsystem-rupes-skorpio-e-rx.webp,660,358,SOURCE_PIPELINE_REEXPORT_CANDIDATE_UNMEASURED,tone/source re-export (kandidat),RULE_BASED_CANDIDATE,CANDIDATE_NOT_YET_MEASURED,unknown,,,B_DETERMINISTIC_FIX,SOURCE_IMAGE_PROBLEM,pipelineToneStatus = unknown; ekstrapolacija zabranjena (finalna odluka 9); sistemski re-export nije ni planiran ni odobren,NONE — 0 odobreno / 0 integrisano; bez mass apply; runtime productImage nepromenjen,,YES (sourceSha256 + veličina fajla isti),https://www.carsystem.org/fileadmin/_processed_/2/d/csm_157.326-157328-rupes-skorpio-e-rx_5f5fd22631.png,https://www.carsystem.org/fileadmin/products/images/157.326/157.326-157328-rupes-skorpio-e-rx.png,OFFICIAL_IMAGE_RIGHTS_REVIEW,pravilo: današnji manifest porekla (izvor = _processed_ PNG derivat); par NIJE meren,"NIJE potvrđen defekt. Isti tip izvora kao 15 izmerenih parova — to je razlog za merenje, ne rezultat merenja."
rupes__carsystem-rupes-skorpio-iii-rh#SOURCE_PIPELINE_REEXPORT_CANDIDATE_UNMEASURED,rupes__carsystem-rupes-skorpio-iii-rh,rupes,carsystem,RUPES Skorpio III RH,carsystem-rupes-skorpio-iii-rh,/products/carsystem/catalog/carsystem-rupes-skorpio-iii-rh.webp,660,515,SOURCE_PIPELINE_REEXPORT_CANDIDATE_UNMEASURED,tone/source re-export (kandidat),RULE_BASED_CANDIDATE,CANDIDATE_NOT_YET_MEASURED,unknown,,,A_OK_NO_CHANGE,NONE,pipelineToneStatus = unknown; ekstrapolacija zabranjena (finalna odluka 9); sistemski re-export nije ni planiran ni odobren,NONE — 0 odobreno / 0 integrisano; bez mass apply; runtime productImage nepromenjen,,YES (sourceSha256 + veličina fajla isti),https://www.carsystem.org/fileadmin/_processed_/1/c/csm_157334-336-rupes-skorpio-III-RH356a_5f740b6184.png,https://www.carsystem.org/fileadmin/products/images/157.334/157334-336-rupes-skorpio-III-RH356a.png,OFFICIAL_IMAGE_RIGHTS_REVIEW,pravilo: današnji manifest porekla (izvor = _processed_ PNG derivat); par NIJE meren,"NIJE potvrđen defekt. Isti tip izvora kao 15 izmerenih parova — to je razlog za merenje, ne rezultat merenja."
rupes__carsystem-rupes-vacuum-cleaner-s145#BORDER_FRAME,rupes__carsystem-rupes-vacuum-cleaner-s145,rupes,carsystem,RUPES Vacuum Cleaner S145,carsystem-rupes-vacuum-cleaner-s145,/products/carsystem/catalog/carsystem-rupes-vacuum-cleaner-s145.webp,660,872,BORDER_FRAME,border-frame,MEASURED,KNOWN_ASSET_ISSUE,unknown,,,B_DETERMINISTIC_FIX,SOURCE_IMAGE_PROBLEM,"BORDER_FRAME_STRIP (K_MAX=4, RING_TOL=6, GUARD=8 px; R1–R10) — simulacija PASS; obrada tek posle odobrenja",NONE — 0 odobreno / 0 integrisano; bez mass apply; runtime productImage nepromenjen,,YES (sourceSha256 + veličina fajla isti),https://www.carsystem.org/fileadmin/_processed_/3/a/csm_157343-344-157471-472-rupes-staubsauger-S145L_6518a0d792.png,https://www.carsystem.org/fileadmin/products/images/157.343/157343-344-157471-472-rupes-staubsauger-S145L.png,OFFICIAL_IMAGE_RIGHTS_REVIEW,historical-evidence/alpha-frame-simulation.json + CARSYSTEM_IMAGE_AUDIT.csv,"prsten 0: alfa 39 (max 71), prsten 1: alfa 1 (max 1); današnji asset daje isti signal; `alpha<100→0` je ODBAČEN"
rupes__carsystem-rupes-vacuum-cleaner-s145#SOURCE_PIPELINE_REEXPORT_CANDIDATE_UNMEASURED,rupes__carsystem-rupes-vacuum-cleaner-s145,rupes,carsystem,RUPES Vacuum Cleaner S145,carsystem-rupes-vacuum-cleaner-s145,/products/carsystem/catalog/carsystem-rupes-vacuum-cleaner-s145.webp,660,872,SOURCE_PIPELINE_REEXPORT_CANDIDATE_UNMEASURED,tone/source re-export (kandidat),RULE_BASED_CANDIDATE,CANDIDATE_NOT_YET_MEASURED,unknown,,,B_DETERMINISTIC_FIX,SOURCE_IMAGE_PROBLEM,pipelineToneStatus = unknown; ekstrapolacija zabranjena (finalna odluka 9); sistemski re-export nije ni planiran ni odobren,NONE — 0 odobreno / 0 integrisano; bez mass apply; runtime productImage nepromenjen,,YES (sourceSha256 + veličina fajla isti),https://www.carsystem.org/fileadmin/_processed_/3/a/csm_157343-344-157471-472-rupes-staubsauger-S145L_6518a0d792.png,https://www.carsystem.org/fileadmin/products/images/157.343/157343-344-157471-472-rupes-staubsauger-S145L.png,OFFICIAL_IMAGE_RIGHTS_REVIEW,pravilo: današnji manifest porekla (izvor = _processed_ PNG derivat); par NIJE meren,"NIJE potvrđen defekt. Isti tip izvora kao 15 izmerenih parova — to je razlog za merenje, ne rezultat merenja."
rupes__carsystem-rupes-workshop-carrier-kc28#SOURCE_PIPELINE_REEXPORT_CANDIDATE_UNMEASURED,rupes__carsystem-rupes-workshop-carrier-kc28,rupes,carsystem,RUPES Workshop Carrier KC28,carsystem-rupes-workshop-carrier-kc28,/products/carsystem/catalog/carsystem-rupes-workshop-carrier-kc28.webp,660,782,SOURCE_PIPELINE_REEXPORT_CANDIDATE_UNMEASURED,tone/source re-export (kandidat),RULE_BASED_CANDIDATE,CANDIDATE_NOT_YET_MEASURED,unknown,,,A_OK_NO_CHANGE,NONE,pipelineToneStatus = unknown; ekstrapolacija zabranjena (finalna odluka 9); sistemski re-export nije ni planiran ni odobren,NONE — 0 odobreno / 0 integrisano; bez mass apply; runtime productImage nepromenjen,,YES (sourceSha256 + veličina fajla isti),https://www.carsystem.org/fileadmin/_processed_/f/2/csm_157341-rupes-werkstattwagen-kc28_f39b09bba0.png,https://www.carsystem.org/fileadmin/products/images/157.341/157341-rupes-werkstattwagen-kc28.png,OFFICIAL_IMAGE_RIGHTS_REVIEW,pravilo: današnji manifest porekla (izvor = _processed_ PNG derivat); par NIJE meren,"NIJE potvrđen defekt. Isti tip izvora kao 15 izmerenih parova — to je razlog za merenje, ne rezultat merenja."
