slug,brand,role,image,display_image,matte,stage_format,metrics,backdrop
2210-onyx-activator,rm,glavna,/images/brands/rm/products/onyx/rm-2210-onyx-activator.webp,,cutout,square,alpha,
2220-agilis-activator,rm,glavna,/images/brands/rm/products/agilis/rm-2220-agilis-activator.webp,,cutout,portrait,alpha,
2520-onyx-easy-blender,rm,glavna,/images/brands/rm/products/onyx/rm-2520-onyx-easy-blender.webp,,cutout,portrait,alpha,
2530-agilis-blender,rm,glavna,/images/brands/rm/products/agilis/rm-2530-agilis-blender.webp,,cutout,portrait,alpha,
2560-agilis-amplifier,rm,glavna,/images/brands/rm/products/agilis/rm-2560-agilis-amplifier.webp,,cutout,portrait,alpha,
2p15-air-tune-r,rm,glavna,/images/brands/rm/products/pioneer/rm-2p15-air-tune-r.webp,,cutout,portrait,alpha,
2p80-texture-tune-r,rm,glavna,/images/brands/rm/products/pioneer/rm-2p80-texture-tune-r.webp,,cutout,portrait,alpha,
b-2p93-uv-bodyfill-r,rm,glavna,/images/brands/rm/products/pioneer/rm-b-2p93-uv-bodyfill-r.webp,,cutout,portrait,alpha,
c-2a40-airtop,rm,glavna,/images/brands/rm/products/onyx/rm-c-2a40-airtop.webp,,cutout,square,alpha,
c-2a46-ultratop,rm,glavna,/images/brands/rm/products/advance/rm-c-2a46-ultratop.webp,,cutout,portrait,alpha,
c-2a54-performtop,rm,glavna,/images/brands/rm/products/advance/rm-c-2a54-performtop.webp,,cutout,portrait,alpha,
c-2a57-mixtop,rm,glavna,/images/brands/rm/products/advance/rm-c-2a57-mixtop.webp,,cutout,portrait,alpha,
c-2a63-glosstop,rm,glavna,/images/brands/rm/products/advance/rm-c-2a63-glosstop.webp,,cutout,portrait,alpha,
c-2a64-glosstop,rm,glavna,/images/brands/rm/products/advance/rm-c-2a64-glosstop.webp,,cutout,portrait,alpha,
c-2a93-mattop,rm,glavna,/images/brands/rm/products/advance/rm-c-2a93-mattop.webp,,cutout,portrait,alpha,
c-2e10-clear-coat-premixed,rm,glavna,/images/brands/rm/products/element/rm-c-2e10-clear-coat-premixed.webp,,cutout,portrait,alpha,
c-2e50-clear-coat,rm,glavna,/images/brands/rm/products/element/rm-c-2e50-clear-coat.webp,,cutout,portrait,alpha,
c-2p30-uv-finish-r,rm,glavna,/images/brands/rm/products/pioneer/rm-c-2p30-uv-finish-r.webp,,cutout,portrait,alpha,
c-2p42-race-finish-r,rm,glavna,/images/brands/rm/products/agilis/rm-c-2p42-race-finish-r.webp,,cutout,portrait,alpha,
c-2p45-speed-finish-r,rm,glavna,/images/brands/rm/products/pioneer/rm-c-2p45-speed-finish-r.webp,,cutout,portrait,alpha,
c-2p55-multi-finish-r,rm,glavna,/images/brands/rm/products/pioneer/rm-c-2p55-multi-finish-r.webp,,cutout,portrait,alpha,
c-2p62-bright-finish-r,rm,glavna,/images/brands/rm/products/pioneer/rm-c-2p62-bright-finish-r.webp,,cutout,portrait,alpha,
c-2p85-power-finish-r,rm,glavna,/images/brands/rm/products/pioneer/rm-c-2p85-power-finish-r.webp,,cutout,portrait,alpha,
c-2p91-mat-finish-r,rm,glavna,/images/brands/rm/products/pioneer/rm-c-2p91-mat-finish-r.webp,,cutout,portrait,alpha,
c-2p96-satin-finish-r,rm,glavna,/images/brands/rm/products/pioneer/rm-c-2p96-satin-finish-r.webp,,cutout,portrait,alpha,
c-5450-ghd-clear,rm,glavna,/images/brands/rm/products/graphite/rm-c-5450-ghd-clear.webp,,cutout,portrait,alpha,
c-2p15-easy-finish-r,rm,glavna,/images/brands/rm/products/pioneer/rm-c-2p15-easy-finish-r.webp,,cutout,portrait,alpha,
ghd-topcoat,rm,glavna,/images/brands/rm/products/graphite/rm-ghd-topcoat.webp,,cutout,portrait,alpha,
h-2a14-topcure,rm,glavna,/images/brands/rm/products/onyx/rm-h-2a14-topcure.webp,,cutout,square,alpha,
h-2e20-hardener,rm,glavna,/images/brands/rm/products/element/rm-h-2e20-hardener.webp,,cutout,square,alpha,
h-2p05-clear-harden-r,rm,glavna,/images/brands/rm/products/pioneer/rm-h-2p05-clear-harden-r.webp,,cutout,square,alpha,
h-2p15-clear-harden-r,rm,glavna,/images/brands/rm/products/agilis/rm-h-2p15-clear-harden-r.webp,,cutout,square,alpha,
h-380-ghd-hardener,rm,glavna,/images/brands/rm/products/graphite/rm-h-380-ghd-hardener.webp,,cutout,portrait,alpha,
hb-032-hydromix,rm,glavna,/images/brands/rm/products/onyx/rm-hb-032-hydromix.webp,,cutout,portrait,alpha,
hb-036-hydromix-tropical,rm,glavna,/images/brands/rm/products/onyx/rm-hb-036-hydromix-tropical.webp,,cutout,portrait,alpha,
p-2a41-performfiller-white,rm,glavna,/images/brands/rm/products/onyx/rm-p-2a41-performfiller-white.webp,,cutout,portrait,alpha,
p-2a61-multiprotect-white,rm,glavna,/images/brands/rm/products/advance/rm-p-2a61-multiprotect-white.webp,,cutout,portrait,alpha,
p-2a63-multiprotect-grey,rm,glavna,/images/brands/rm/products/advance/rm-p-2a63-multiprotect-grey.webp,,cutout,portrait,alpha,
p-2a65-multiprotect-black,rm,glavna,/images/brands/rm/products/advance/rm-p-2a65-multiprotect-black.webp,,cutout,portrait,alpha,
p-2e23-primer-filler-grey,rm,glavna,/images/brands/rm/products/element/rm-p-2e23-primer-filler-grey.webp,,cutout,portrait,alpha,
p-2p23-air-purpos-r-grey,rm,glavna,/images/brands/rm/products/pioneer/rm-p-2p23-air-purpos-r-grey.webp,,cutout,portrait,alpha,
p-2p51-sanding-fill-r-white,rm,glavna,/images/brands/rm/products/pioneer/rm-p-2p51-sanding-fill-r-white.webp,,cutout,portrait,alpha,
p-2p55-sanding-fill-r-black,rm,glavna,/images/brands/rm/products/pioneer/rm-p-2p55-sanding-fill-r-black.webp,,cutout,portrait,alpha,
p-2p63-multi-purpos-r-grey,rm,glavna,/images/brands/rm/products/pioneer/rm-p-2p63-multi-purpos-r-grey.webp,,cutout,portrait,alpha,
p-2p81-race-wet-fill-r-white,rm,glavna,/images/brands/rm/products/agilis/rm-p-2p81-race-wet-fill-r-white.webp,,cutout,portrait,alpha,
p-2p85-race-wet-fill-r-black,rm,glavna,/images/brands/rm/products/pioneer/rm-p-2p85-race-wet-fill-r-black.webp,,cutout,portrait,alpha,
p-2p92-uv-fill-r-light-grey,rm,glavna,/images/brands/rm/products/pioneer/rm-p-2p92-uv-fill-r-light-grey.webp,,cutout,portrait,alpha,
p-2p94-uv-fill-r-dark-grey,rm,glavna,/images/brands/rm/products/pioneer/rm-p-2p94-uv-fill-r-dark-grey.webp,,cutout,portrait,alpha,
p-5480-ghd-universal-epoxy,rm,glavna,/images/brands/rm/products/graphite/rm-p-5480-ghd-universal-epoxy.webp,,cutout,portrait,alpha,
p-5530-ghd-uni-wash,rm,glavna,/images/brands/rm/products/graphite/rm-p-5530-ghd-uni-wash.webp,,cutout,portrait,alpha,
pm-2e32-filler-light-grey,rm,glavna,/images/brands/rm/products/element/rm-pm-2e32-filler-light-grey.webp,,cutout,portrait,alpha,
pm-2e34-filler-dark-grey,rm,glavna,/images/brands/rm/products/element/rm-pm-2e34-filler-dark-grey.webp,,cutout,portrait,alpha,
c-2a84-protecttop,rm,glavna,/images/brands/rm/products/advance/rm-c-2a84-protecttop.webp,,cutout,portrait,alpha,
r-2a10-airtopthinn,rm,glavna,/images/brands/rm/products/onyx/rm-r-2a10-airtopthinn.webp,,cutout,portrait,alpha,
r-2a14-multithinn,rm,glavna,/images/brands/rm/products/advance/rm-r-2a14-multithinn.webp,,cutout,portrait,alpha,
r-2e10-thinner-fast,rm,glavna,/images/brands/rm/products/element/rm-r-2e10-thinner-fast.webp,,cutout,portrait,alpha,
r-2p15-clear-thinn-r,rm,glavna,/images/brands/rm/products/pioneer/rm-r-2p15-clear-thinn-r.webp,,cutout,portrait,alpha,
r-2p20-under-thinn-r-medium,rm,glavna,/images/brands/rm/products/pioneer/rm-r-2p20-under-thinn-r-medium.webp,,cutout,portrait,alpha,
ra-050x-agilis-mix,rm,glavna,/images/brands/rm/products/agilis/rm-ra-050x-agilis-mix.webp,,cutout,portrait,alpha,
norbin-n15-v20-clear-voc,norbin,—,,,fallback (Vizuel u pripremi),,,
norbin-n15-v25-fast-clear-voc,norbin,—,,,fallback (Vizuel u pripremi),,,
norbin-n55-015-1k-plastic-primer,norbin,glavna,/products/norbin/supplied/norbin__norbin-n55-015-1k-plastic-primer.webp,,cutout,portrait,alpha,
norbin-n55-v20-2k-primer-filler-grey,norbin,—,,,fallback (Vizuel u pripremi),,,
norbin-n55-v29-2k-primer-filler-black,norbin,—,,,fallback (Vizuel u pripremi),,,
norbin-n60-v20-multifunctional-body-filler-hardener,norbin,—,,,fallback (Vizuel u pripremi),,,
norbin-n75-020-hardener-fast,norbin,—,,,fallback (Vizuel u pripremi),,,
norbin-n75-021-hardener-normal,norbin,—,,,fallback (Vizuel u pripremi),,,
norbin-n75-022-hardener-slow,norbin,—,,,fallback (Vizuel u pripremi),,,
norbin-n75-v21-clear-hardener-voc,norbin,—,,,fallback (Vizuel u pripremi),,,
norbin-n85-021-thinner,norbin,glavna,/products/norbin/supplied/norbin__norbin-n85-021-thinner.webp,,cutout,portrait,alpha,
norbin-n95-060-silicone-cleaner,norbin,—,,,fallback (Vizuel u pripremi),,,
baslac-12-20-bodyfiller-universal,baslac,glavna,/products/baslac/catalog/baslac-12-20-bodyfiller-universal.webp,,cutout,landscape,alpha,
baslac-20-22-2k-primerfiller,baslac,—,,,fallback (Vizuel u pripremi),,,
baslac-21-10-1k-plastic-primer,baslac,glavna,/products/baslac/catalog/baslac-21-10-1k-plastic-primer.webp,,cutout,square,alpha,
baslac-40-10-2k-panel-clear,baslac,glavna,/products/baslac/catalog/baslac-40-10-2k-panel-clear.webp,,backdrop,portrait,opaque-border,#ffffff
baslac-40-100-high-speed-2k-clear-voc,baslac,glavna,/products/baslac/catalog/baslac-40-100-high-speed-2k-clear-voc.webp,,cutout,portrait,alpha,
baslac-40-40-2k-universal-clear,baslac,glavna,/products/baslac/catalog/baslac-40-40-2k-universal-clear.webp,,backdrop,portrait,opaque-border,#ffffff
baslac-40-440-2k-voc-clear,baslac,glavna,/products/baslac/catalog/baslac-40-440-2k-voc-clear.webp,,backdrop,portrait,opaque-border,#ffffff
baslac-40-450-universal-clear-voc,baslac,glavna,/products/baslac/catalog/baslac-40-450-universal-clear-voc.webp,,backdrop,portrait,opaque-border,#ffffff
baslac-40-510-ambient-clear,baslac,glavna,/products/baslac/catalog/baslac-40-510-ambient-clear.webp,,backdrop,square,opaque-border,#ffffff
baslac-40-620-2k-clear-mat-voc,baslac,glavna,/products/baslac/catalog/baslac-40-620-2k-clear-mat-voc.webp,,cutout,portrait,alpha,
baslac-50-05-2k-hardener-ambient-uc,baslac,—,,,fallback (Vizuel u pripremi),,,
baslac-50-10-2k-primerfiller-hardener-extra-fast,baslac,—,,,fallback (Vizuel u pripremi),,,
baslac-50-15-2k-hardener-fast,baslac,glavna,/products/baslac/catalog/baslac-50-15-2k-hardener-fast.webp,,backdrop,square,opaque-border,#ffffff
baslac-50-20-hardener-normal,baslac,glavna,/products/baslac/catalog/baslac-50-15-2k-hardener-fast.webp,,backdrop,square,opaque-border,#ffffff
baslac-50-30-2k-hardener-slow,baslac,—,,,fallback (Vizuel u pripremi),,,
baslac-50-415-2k-clear-hardener-fast-voc,baslac,—,,,fallback (Vizuel u pripremi),,,
baslac-50-420-2k-clear-hardener-normal-voc,baslac,—,,,fallback (Vizuel u pripremi),,,
baslac-50-430-2k-clear-hardener-slow-voc,baslac,—,,,fallback (Vizuel u pripremi),,,
baslac-50-45-2k-activator,baslac,—,,,fallback (Vizuel u pripremi),,,
baslac-50-510-ambient-clear-hardener,baslac,—,,,fallback (Vizuel u pripremi),,,
baslac-50-530-ambient-clear-hardener-slow,baslac,—,,,fallback (Vizuel u pripremi),,,
baslac-51-515-2k-hardener-cv-fast,baslac,—,,,fallback (Vizuel u pripremi),,,
baslac-51-520-2k-hardener-cv-normal,baslac,—,,,fallback (Vizuel u pripremi),,,
baslac-51-530-2k-hardener-cv-slow,baslac,—,,,fallback (Vizuel u pripremi),,,
baslac-55-10-ep-hardener,baslac,—,,,fallback (Vizuel u pripremi),,,
baslac-56-20-bodyfiller-hardener,baslac,—,,,fallback (Vizuel u pripremi),,,
baslac-57-10-additive-washprimer,baslac,—,,,fallback (Vizuel u pripremi),,,
baslac-57-30-additive-washprimer-slow,baslac,—,,,fallback (Vizuel u pripremi),,,
baslac-60-05-speeding-reducer,baslac,—,,,fallback (Vizuel u pripremi),,,
baslac-60-10-reducer-universal-fast,baslac,—,,,fallback (Vizuel u pripremi),,,
baslac-60-30-reducer-universal-slow,baslac,—,,,fallback (Vizuel u pripremi),,,
baslac-60-40-reducer-universal-extra-slow,baslac,—,,,fallback (Vizuel u pripremi),,,
baslac-65-10-blending-reducer,baslac,—,,,fallback (Vizuel u pripremi),,,
baslac-70-10-silicone-remover-for-oil-silicone-and-grease,baslac,—,,,fallback (Vizuel u pripremi),,,
baslac-70-20-cleaner-plastic,baslac,glavna,/products/baslac/catalog/baslac-70-20-cleaner-plastic.webp,,cutout,square,alpha,
baslac-70-45-cleaner,baslac,—,,,fallback (Vizuel u pripremi),,,
baslac-80-10-additive-flex,baslac,glavna,/products/baslac/catalog/baslac-80-10-additive-flex.webp,,cutout,square,alpha,
baslac-80-20-additive-mat,baslac,glavna,/products/baslac/catalog/baslac-80-20-additive-mat.webp,,cutout,square,alpha,
baslac-80-30-additive-plast,baslac,—,,,fallback (Vizuel u pripremi),,,
baslac-81-30-additive-chassis,baslac,—,,,fallback (Vizuel u pripremi),,,
baslac-basecoat-35,baslac,glavna,/products/baslac/baslac--line-35-3.5l-family-packshot.webp,,cutout,portrait,alpha,
baslac-basecoat-45,baslac,glavna,/products/baslac/supplied/baslac__baslac-basecoat-45.webp,,cutout,portrait,alpha,
baslac-topcoat-30,baslac,glavna,/products/baslac/baslac--line-30-3.5l-family-packshot.webp,,cutout,portrait,alpha,
baslac-topcoat-30-cv,baslac,glavna,/products/baslac/baslac--line-30-3.5l-family-packshot.webp,,cutout,portrait,alpha,
baslac-30-s00,baslac,glavna,/products/baslac/baslac--line-30-3.5l-family-packshot.webp,,cutout,portrait,alpha,
baslac-30-s010,baslac,glavna,/products/baslac/baslac--line-30-3.5l-family-packshot.webp,,cutout,portrait,alpha,
baslac-30-s110,baslac,—,,,fallback (Vizuel u pripremi),,,
baslac-30-s120,baslac,—,,,fallback (Vizuel u pripremi),,,
baslac-30-s150,baslac,—,,,fallback (Vizuel u pripremi),,,
baslac-30-s160,baslac,—,,,fallback (Vizuel u pripremi),,,
baslac-30-s220,baslac,—,,,fallback (Vizuel u pripremi),,,
baslac-30-s230,baslac,—,,,fallback (Vizuel u pripremi),,,
baslac-30-s310,baslac,—,,,fallback (Vizuel u pripremi),,,
baslac-30-s320,baslac,—,,,fallback (Vizuel u pripremi),,,
baslac-30-s330,baslac,—,,,fallback (Vizuel u pripremi),,,
baslac-30-s411,baslac,—,,,fallback (Vizuel u pripremi),,,
baslac-30-s420,baslac,—,,,fallback (Vizuel u pripremi),,,
baslac-30-s511,baslac,—,,,fallback (Vizuel u pripremi),,,
baslac-30-s520,baslac,—,,,fallback (Vizuel u pripremi),,,
baslac-30-s530,baslac,—,,,fallback (Vizuel u pripremi),,,
baslac-30-s610,baslac,—,,,fallback (Vizuel u pripremi),,,
baslac-30-s621,baslac,—,,,fallback (Vizuel u pripremi),,,
baslac-30-s910,baslac,—,,,fallback (Vizuel u pripremi),,,
baslac-30-s920,baslac,glavna,/products/baslac/baslac--line-30-3.5l-family-packshot.webp,,cutout,portrait,alpha,
baslac-35-m01,baslac,glavna,/products/baslac/baslac--line-35-3.5l-family-packshot.webp,,cutout,portrait,alpha,
baslac-35-m1010,baslac,glavna,/products/baslac/baslac--line-35-3.5l-family-packshot.webp,,cutout,portrait,alpha,
baslac-35-m1021,baslac,—,,,fallback (Vizuel u pripremi),,,
baslac-35-m1110,baslac,—,,,fallback (Vizuel u pripremi),,,
baslac-35-m1120,baslac,—,,,fallback (Vizuel u pripremi),,,
baslac-35-m1130,baslac,—,,,fallback (Vizuel u pripremi),,,
baslac-35-m1140,baslac,—,,,fallback (Vizuel u pripremi),,,
baslac-35-m1150,baslac,—,,,fallback (Vizuel u pripremi),,,
baslac-35-m1160,baslac,—,,,fallback (Vizuel u pripremi),,,
baslac-35-m1170,baslac,—,,,fallback (Vizuel u pripremi),,,
baslac-35-m1220,baslac,—,,,fallback (Vizuel u pripremi),,,
baslac-35-m1230,baslac,—,,,fallback (Vizuel u pripremi),,,
baslac-35-m1310,baslac,—,,,fallback (Vizuel u pripremi),,,
baslac-35-m1320,baslac,—,,,fallback (Vizuel u pripremi),,,
baslac-35-m1330,baslac,—,,,fallback (Vizuel u pripremi),,,
baslac-35-m1340,baslac,—,,,fallback (Vizuel u pripremi),,,
baslac-35-m1350,baslac,—,,,fallback (Vizuel u pripremi),,,
baslac-35-m1360,baslac,—,,,fallback (Vizuel u pripremi),,,
baslac-35-m1370,baslac,—,,,fallback (Vizuel u pripremi),,,
baslac-35-m1390,baslac,—,,,fallback (Vizuel u pripremi),,,
baslac-35-m1411,baslac,—,,,fallback (Vizuel u pripremi),,,
baslac-35-m1420,baslac,—,,,fallback (Vizuel u pripremi),,,
baslac-35-m1430,baslac,—,,,fallback (Vizuel u pripremi),,,
baslac-35-m1511,baslac,—,,,fallback (Vizuel u pripremi),,,
baslac-35-m1516,baslac,—,,,fallback (Vizuel u pripremi),,,
baslac-35-m1521,baslac,—,,,fallback (Vizuel u pripremi),,,
baslac-35-m1530,baslac,—,,,fallback (Vizuel u pripremi),,,
baslac-35-m1610,baslac,—,,,fallback (Vizuel u pripremi),,,
baslac-35-m1910,baslac,glavna,/products/baslac/baslac--line-35-3.5l-family-packshot.webp,,cutout,portrait,alpha,
baslac-35-m1920,baslac,—,,,fallback (Vizuel u pripremi),,,
baslac-35-m1990,baslac,—,,,fallback (Vizuel u pripremi),,,
baslac-35-m211,baslac,—,,,fallback (Vizuel u pripremi),,,
baslac-35-m212,baslac,glavna,/products/baslac/baslac--line-35-3.5l-family-packshot.webp,,cutout,portrait,alpha,
baslac-35-m213,baslac,glavna,/products/baslac/baslac--line-35-3.5l-family-packshot.webp,,cutout,portrait,alpha,
baslac-35-m214,baslac,glavna,/products/baslac/baslac--line-35-3.5l-family-packshot.webp,,cutout,portrait,alpha,
baslac-35-m215,baslac,—,,,fallback (Vizuel u pripremi),,,
baslac-35-m216,baslac,—,,,fallback (Vizuel u pripremi),,,
baslac-35-m217,baslac,—,,,fallback (Vizuel u pripremi),,,
baslac-35-m218,baslac,—,,,fallback (Vizuel u pripremi),,,
baslac-35-m300,baslac,—,,,fallback (Vizuel u pripremi),,,
baslac-35-m302,baslac,—,,,fallback (Vizuel u pripremi),,,
baslac-35-m311,baslac,—,,,fallback (Vizuel u pripremi),,,
baslac-35-m312,baslac,—,,,fallback (Vizuel u pripremi),,,
baslac-35-m313,baslac,—,,,fallback (Vizuel u pripremi),,,
baslac-35-m331,baslac,—,,,fallback (Vizuel u pripremi),,,
baslac-35-m332,baslac,—,,,fallback (Vizuel u pripremi),,,
baslac-35-m341,baslac,—,,,fallback (Vizuel u pripremi),,,
baslac-35-m343,baslac,—,,,fallback (Vizuel u pripremi),,,
baslac-35-m352,baslac,—,,,fallback (Vizuel u pripremi),,,
baslac-35-m353,baslac,—,,,fallback (Vizuel u pripremi),,,
baslac-35-m381,baslac,—,,,fallback (Vizuel u pripremi),,,
baslac-35-m382,baslac,—,,,fallback (Vizuel u pripremi),,,
baslac-35-m391,baslac,—,,,fallback (Vizuel u pripremi),,,
baslac-35-m590,baslac,—,,,fallback (Vizuel u pripremi),,,
baslac-35-m599,baslac,—,,,fallback (Vizuel u pripremi),,,
baslac-45-r45,baslac,glavna,/products/baslac/supplied/baslac__baslac-45-r45.webp,,cutout,portrait,alpha,
baslac-45-w00,baslac,glavna,/products/baslac/supplied/baslac__baslac-basecoat-45.webp,,cutout,portrait,alpha,
baslac-45-w05,baslac,glavna,/products/baslac/supplied/baslac__baslac-basecoat-45.webp,,cutout,portrait,alpha,
baslac-45-w10,baslac,—,,,fallback (Vizuel u pripremi),,,
baslac-45-w1010,baslac,glavna,/products/baslac/supplied/baslac__baslac-basecoat-45.webp,,cutout,portrait,alpha,
baslac-45-w1011,baslac,glavna,/products/baslac/supplied/baslac__baslac-basecoat-45.webp,,cutout,portrait,alpha,
baslac-45-w1012,baslac,glavna,/products/baslac/supplied/baslac__baslac-basecoat-45.webp,,cutout,portrait,alpha,
baslac-45-w1019,baslac,glavna,/products/baslac/supplied/baslac__baslac-basecoat-45.webp,,cutout,portrait,alpha,
baslac-45-w1020,baslac,glavna,/products/baslac/supplied/baslac__baslac-basecoat-45.webp,,cutout,portrait,alpha,
baslac-45-w1110,baslac,glavna,/products/baslac/supplied/baslac__baslac-basecoat-45.webp,,cutout,portrait,alpha,
baslac-45-w1120,baslac,glavna,/products/baslac/supplied/baslac__baslac-basecoat-45.webp,,cutout,portrait,alpha,
baslac-45-w1130,baslac,glavna,/products/baslac/supplied/baslac__baslac-basecoat-45.webp,,cutout,portrait,alpha,
baslac-45-w1140,baslac,glavna,/products/baslac/supplied/baslac__baslac-basecoat-45.webp,,cutout,portrait,alpha,
baslac-45-w1147,baslac,glavna,/products/baslac/supplied/baslac__baslac-basecoat-45.webp,,cutout,portrait,alpha,
baslac-45-w1150,baslac,glavna,/products/baslac/supplied/baslac__baslac-basecoat-45.webp,,cutout,portrait,alpha,
baslac-45-w1160,baslac,glavna,/products/baslac/supplied/baslac__baslac-basecoat-45.webp,,cutout,portrait,alpha,
baslac-45-w1220,baslac,glavna,/products/baslac/supplied/baslac__baslac-basecoat-45.webp,,cutout,portrait,alpha,
baslac-45-w1310,baslac,glavna,/products/baslac/supplied/baslac__baslac-basecoat-45.webp,,cutout,portrait,alpha,
baslac-45-w1320,baslac,glavna,/products/baslac/supplied/baslac__baslac-basecoat-45.webp,,cutout,portrait,alpha,
baslac-45-w1340,baslac,glavna,/products/baslac/supplied/baslac__baslac-basecoat-45.webp,,cutout,portrait,alpha,
baslac-45-w1350,baslac,glavna,/products/baslac/supplied/baslac__baslac-basecoat-45.webp,,cutout,portrait,alpha,
baslac-45-w1360,baslac,glavna,/products/baslac/supplied/baslac__baslac-basecoat-45.webp,,cutout,portrait,alpha,
baslac-45-w1371,baslac,glavna,/products/baslac/supplied/baslac__baslac-basecoat-45.webp,,cutout,portrait,alpha,
baslac-45-w1390,baslac,glavna,/products/baslac/supplied/baslac__baslac-basecoat-45.webp,,cutout,portrait,alpha,
baslac-45-w1411,baslac,glavna,/products/baslac/supplied/baslac__baslac-basecoat-45.webp,,cutout,portrait,alpha,
baslac-45-w1420,baslac,glavna,/products/baslac/supplied/baslac__baslac-basecoat-45.webp,,cutout,portrait,alpha,
baslac-45-w1430,baslac,glavna,/products/baslac/supplied/baslac__baslac-basecoat-45.webp,,cutout,portrait,alpha,
baslac-45-w1510,baslac,glavna,/products/baslac/supplied/baslac__baslac-basecoat-45.webp,,cutout,portrait,alpha,
baslac-45-w1520,baslac,glavna,/products/baslac/supplied/baslac__baslac-basecoat-45.webp,,cutout,portrait,alpha,
baslac-45-w1530,baslac,glavna,/products/baslac/supplied/baslac__baslac-basecoat-45.webp,,cutout,portrait,alpha,
baslac-45-w1610,baslac,glavna,/products/baslac/supplied/baslac__baslac-basecoat-45.webp,,cutout,portrait,alpha,
baslac-45-w1621,baslac,glavna,/products/baslac/supplied/baslac__baslac-basecoat-45.webp,,cutout,portrait,alpha,
baslac-45-w1910,baslac,glavna,/products/baslac/supplied/baslac__baslac-basecoat-45.webp,,cutout,portrait,alpha,
baslac-45-w1920,baslac,glavna,/products/baslac/supplied/baslac__baslac-basecoat-45.webp,,cutout,portrait,alpha,
baslac-45-w1921,baslac,glavna,/products/baslac/supplied/baslac__baslac-basecoat-45.webp,,cutout,portrait,alpha,
baslac-45-w1930,baslac,glavna,/products/baslac/supplied/baslac__baslac-basecoat-45.webp,,cutout,portrait,alpha,
baslac-45-w1990,baslac,glavna,/products/baslac/supplied/baslac__baslac-basecoat-45.webp,,cutout,portrait,alpha,
baslac-45-w210,baslac,glavna,/products/baslac/supplied/baslac__baslac-basecoat-45.webp,,cutout,portrait,alpha,
baslac-45-w211,baslac,glavna,/products/baslac/supplied/baslac__baslac-basecoat-45.webp,,cutout,portrait,alpha,
baslac-45-w212,baslac,glavna,/products/baslac/supplied/baslac__baslac-basecoat-45.webp,,cutout,portrait,alpha,
baslac-45-w213,baslac,glavna,/products/baslac/supplied/baslac__baslac-basecoat-45.webp,,cutout,portrait,alpha,
baslac-45-w214,baslac,glavna,/products/baslac/supplied/baslac__baslac-basecoat-45.webp,,cutout,portrait,alpha,
baslac-45-w220,baslac,glavna,/products/baslac/supplied/baslac__baslac-basecoat-45.webp,,cutout,portrait,alpha,
baslac-45-w221,baslac,glavna,/products/baslac/supplied/baslac__baslac-basecoat-45.webp,,cutout,portrait,alpha,
baslac-45-w301,baslac,glavna,/products/baslac/supplied/baslac__baslac-basecoat-45.webp,,cutout,portrait,alpha,
baslac-45-w302,baslac,glavna,/products/baslac/supplied/baslac__baslac-basecoat-45.webp,,cutout,portrait,alpha,
baslac-45-w311,baslac,glavna,/products/baslac/supplied/baslac__baslac-basecoat-45.webp,,cutout,portrait,alpha,
baslac-45-w331,baslac,glavna,/products/baslac/supplied/baslac__baslac-basecoat-45.webp,,cutout,portrait,alpha,
baslac-45-w343,baslac,glavna,/products/baslac/supplied/baslac__baslac-basecoat-45.webp,,cutout,portrait,alpha,
baslac-45-w351,baslac,glavna,/products/baslac/supplied/baslac__baslac-basecoat-45.webp,,cutout,portrait,alpha,
baslac-45-w352,baslac,glavna,/products/baslac/supplied/baslac__baslac-basecoat-45.webp,,cutout,portrait,alpha,
baslac-45-w382,baslac,glavna,/products/baslac/supplied/baslac__baslac-basecoat-45.webp,,cutout,portrait,alpha,
baslac-45-w391,baslac,glavna,/products/baslac/supplied/baslac__baslac-basecoat-45.webp,,cutout,portrait,alpha,
baslac-45-w400,baslac,glavna,/products/baslac/supplied/baslac__baslac-basecoat-45.webp,,cutout,portrait,alpha,
baslac-45-w435,baslac,glavna,/products/baslac/supplied/baslac__baslac-basecoat-45.webp,,cutout,portrait,alpha,
baslac-45-w446,baslac,glavna,/products/baslac/supplied/baslac__baslac-basecoat-45.webp,,cutout,portrait,alpha,
baslac-45-w485,baslac,glavna,/products/baslac/supplied/baslac__baslac-basecoat-45.webp,,cutout,portrait,alpha,
baslac-45-w490,baslac,glavna,/products/baslac/supplied/baslac__baslac-basecoat-45.webp,,cutout,portrait,alpha,
baslac-45-w590,baslac,glavna,/products/baslac/supplied/baslac__baslac-basecoat-45.webp,,cutout,portrait,alpha,
baslac-45-w599,baslac,glavna,/products/baslac/supplied/baslac__baslac-basecoat-45.webp,,cutout,portrait,alpha,
baslac-49-w408,baslac,glavna,/products/baslac/supplied/baslac__baslac-basecoat-45.webp,,cutout,portrait,alpha,
baslac-49-w410,baslac,glavna,/products/baslac/supplied/baslac__baslac-basecoat-45.webp,,cutout,portrait,alpha,
baslac-49-w420,baslac,glavna,/products/baslac/supplied/baslac__baslac-basecoat-45.webp,,cutout,portrait,alpha,
baslac-49-w425,baslac,glavna,/products/baslac/supplied/baslac__baslac-basecoat-45.webp,,cutout,portrait,alpha,
baslac-49-w436,baslac,glavna,/products/baslac/supplied/baslac__baslac-basecoat-45.webp,,cutout,portrait,alpha,
baslac-49-w441,baslac,glavna,/products/baslac/supplied/baslac__baslac-basecoat-45.webp,,cutout,portrait,alpha,
baslac-49-w443,baslac,glavna,/products/baslac/supplied/baslac__baslac-basecoat-45.webp,,cutout,portrait,alpha,
baslac-49-w448,baslac,glavna,/products/baslac/supplied/baslac__baslac-basecoat-45.webp,,cutout,portrait,alpha,
baslac-49-w469,baslac,glavna,/products/baslac/supplied/baslac__baslac-basecoat-45.webp,,cutout,portrait,alpha,
baslac-49-w488,baslac,glavna,/products/baslac/supplied/baslac__baslac-basecoat-45.webp,,cutout,portrait,alpha,
baslac-30-s01,baslac,glavna,/products/baslac/baslac--line-30-3.5l-family-packshot.webp,,cutout,portrait,alpha,
baslac-20-24-2k-primerfiller-grey-1l,baslac,glavna,/products/baslac/baslac--20-24-2k-primerfiller-grey-1l-packshot.webp,,cutout,portrait,alpha,
baslac-20-24-2k-primerfiller-grey-4l,baslac,—,,,fallback (Vizuel u pripremi),,,
baslac-20-34-2k-primerfiller-white-1l,baslac,glavna,/products/baslac/supplied/baslac__baslac-20-34-2k-primerfiller-white-1l.webp,,cutout,portrait,alpha,
baslac-20-34-2k-primerfiller-white-4l,baslac,glavna,/products/baslac/baslac--20-34-2k-primerfiller-white-4l-packshot.webp,,cutout,portrait,alpha,
baslac-20-35-2k-primerfiller-wet-on-wet-white-3l,baslac,glavna,/products/baslac/baslac--20-35-2k-primerfiller-wet-on-wet-white-3l-packshot.webp,,cutout,portrait,alpha,
baslac-20-94-2k-primerfiller-black-1l,baslac,—,,,fallback (Vizuel u pripremi),,,
baslac-20-94-2k-primerfiller-black-4l,baslac,glavna,/products/baslac/baslac--20-94-2k-primerfiller-black-4l-packshot.webp,,cutout,portrait,alpha,
baslac-20-95-2k-primerfiller-wet-on-wet-black-3l,baslac,glavna,/products/baslac/baslac--20-95-2k-primerfiller-wet-on-wet-black-3l-packshot.webp,,cutout,portrait,alpha,
baslac-21-20-plastic-primer-400ml,baslac,—,,,fallback (Vizuel u pripremi),,,
baslac-21-11-2k-plastic-primer-voc-1l,baslac,—,,,fallback (Vizuel u pripremi),,,
baslac-25-30-2k-primerfiller-ep-4l,baslac,glavna,/products/baslac/baslac--25-30-2k-ep-primerfiller-4l-packshot.webp,,cutout,portrait,alpha,
baslac-27-10-2k-washprimer-1l,baslac,—,,,fallback (Vizuel u pripremi),,,
baslac-27-10-2k-washprimer-4l,baslac,glavna,/products/baslac/baslac--27-10-2k-washprimer-4l-packshot.webp,,cutout,portrait,alpha,
rm-diamont-bazna-boja,rm,glavna,/products/rm/rm-diamont-bazna-boja.webp,,cutout,portrait,alpha,
rm-diamont-bezbojni-lak,rm,—,,,fallback (Vizuel u pripremi),,,
rm-body-filler-white-b-2e11,rm,glavna,/products/rm/rm-body-filler-white-b-2e11.webp,,cutout,landscape,alpha,
rm-pasta-190-1l,rm,glavna,/products/rm/rm-pasta-190-1l.webp,/remastered/products/rm/rm-pasta-190-1l.webp,cutout,portrait,alpha,
rm-pasta-190-5l,rm,glavna,/products/rm/rm-pasta-190-5l.webp,/remastered/products/rm/rm-pasta-190-5l.webp,cutout,portrait,alpha,
carsystem-git-multi-green,carsystem,glavna,/products/carsystem/catalog/carsystem-git-multi-green.webp,/remastered/products/carsystem/catalog/carsystem-git-multi-green.webp,cutout,landscape,alpha,
carsystem-git-elastic-weiss,carsystem,glavna,/products/carsystem/carsystem-git-elastic-weiss.png,/remastered/products/carsystem/carsystem-git-elastic-weiss.png,cutout,landscape,alpha,
carsystem-f19-brusni-diskovi,carsystem,glavna,/products/carsystem/carsystem-f19-brusni-diskovi.png,,cutout,square,alpha,
carsystem-f19-brusni-diskovi,carsystem,galerija,/products/carsystem/carsystem-f19-brusni-diskovi-detail.jpg,,photo,square,canvas,
carsystem-f23-brusni-diskovi,carsystem,glavna,/products/carsystem/carsystem-f23-brusni-diskovi.png,,cutout,square,alpha,
carsystem-f23-brusni-diskovi,carsystem,galerija,/products/carsystem/carsystem-f23-brusni-diskovi-detail-1.jpg,,photo,square,opaque-border,
carsystem-finish-serija,carsystem,glavna,/products/carsystem/carsystem-finish-serija.png,,cutout,square,alpha,
carsystem-finish-serija,carsystem,galerija,/products/carsystem/carsystem-finish-serija-packovanje.webp,,cutout,square,alpha,
carsystem-zastitno-odelo,carsystem,glavna,/products/carsystem/carsystem-zastitno-odelo.png,,cutout,portrait,alpha,
carsystem-zastitno-odelo,carsystem,galerija,/products/carsystem/carsystem-zastitno-odelo-detail-1.jpg,,photo,portrait,canvas,
carsystem-zastitno-odelo,carsystem,galerija,/products/carsystem/carsystem-zastitno-odelo-detail-2.jpg,,photo,portrait,opaque-border,
baslac-30-s510-s-serija,baslac,—,,,fallback (Vizuel u pripremi),,,
baslac-60-20-razredjivac,baslac,—,,,fallback (Vizuel u pripremi),,,
norbin-n15-020-5l,norbin,glavna,/products/norbin/supplied/norbin__norbin-n15-020-5l.webp,,cutout,portrait,alpha,
norbin-n15-020-1l,norbin,glavna,/products/norbin/norbin-n15-020-1l.webp,,cutout,portrait,alpha,
carfit-maskirna-folija-4x5m,carfit,glavna,/products/carfit/carfit-maskirna-folija-4x5m.webp,,cutout,square,alpha,
carsystem-1k-easy-filler,carsystem,glavna,/products/carsystem/catalog/carsystem-1k-easy-filler.webp,,cutout,square,alpha,
carsystem-1k-easy-primer,carsystem,glavna,/products/carsystem/catalog/carsystem-1k-easy-primer.webp,,cutout,portrait,alpha,
carsystem-1k-epoxy-primer,carsystem,glavna,/products/carsystem/catalog/carsystem-1k-epoxy-primer.webp,,cutout,portrait,alpha,
carsystem-1k-nc-filler,carsystem,glavna,/products/carsystem/catalog/carsystem-1k-nc-filler.webp,,cutout,portrait,alpha,
carsystem-2k-carbo-clear-plus,carsystem,glavna,/products/carsystem/catalog/carsystem-2k-carbo-clear-plus.webp,,cutout,portrait,alpha,
carsystem-2k-carbo-filler-transparent-1-0,carsystem,glavna,/products/carsystem/catalog/carsystem-2k-carbo-filler-transparent-1-0.webp,/remastered/products/carsystem/catalog/carsystem-2k-carbo-filler-transparent-1-0.webp,cutout,square,alpha,
carsystem-2k-carbo-filler-transparent-1-0,carsystem,galerija,/products/carsystem/catalog/carsystem-2k-carbo-filler-transparent-1-0-2.webp,,photo,square,canvas,
carsystem-2k-carbo-filler-transparent-1-0,carsystem,galerija,/products/carsystem/catalog/carsystem-2k-carbo-filler-transparent-1-0-3.webp,,photo,square,canvas,
carsystem-2k-clear-voc-420,carsystem,glavna,/products/carsystem/catalog/carsystem-2k-clear-voc-420.webp,,cutout,portrait,alpha,
carsystem-2k-clear-voc-cc-19-as,carsystem,glavna,/products/carsystem/catalog/carsystem-2k-clear-voc-cc-19-as.webp,,cutout,portrait,alpha,
carsystem-2k-clear-voc-cc-25-hs-as,carsystem,glavna,/products/carsystem/catalog/carsystem-2k-clear-voc-cc-25-hs-as.webp,,cutout,square,alpha,
carsystem-2k-clear-voc-cc-25-hs-as,carsystem,galerija,/products/carsystem/catalog/carsystem-2k-clear-voc-cc-25-hs-as-2.webp,,photo,square,canvas,
carsystem-2k-clear-voc-cc-25-hs-as,carsystem,galerija,/products/carsystem/catalog/carsystem-2k-clear-voc-cc-25-hs-as-3.webp,,photo,square,canvas,
carsystem-2k-clear-voc-cc-26-eco-x-15-60,carsystem,glavna,/products/carsystem/catalog/carsystem-2k-clear-voc-cc-26-eco-x-15-60.webp,,cutout,square,alpha,
carsystem-2k-clear-voc-cc-26-eco-x-15-60,carsystem,galerija,/products/carsystem/catalog/carsystem-2k-clear-voc-cc-26-eco-x-15-60-2.webp,,photo,square,canvas,
carsystem-2k-clear-voc-cc-26-eco-x-15-60,carsystem,galerija,/products/carsystem/catalog/carsystem-2k-clear-voc-cc-26-eco-x-15-60-3.webp,,photo,square,canvas,
carsystem-2k-clear-voc-hs-sr,carsystem,glavna,/products/carsystem/catalog/carsystem-2k-clear-voc-hs-sr.webp,,cutout,portrait,alpha,
carsystem-2k-clear-voc-matt,carsystem,glavna,/products/carsystem/catalog/carsystem-2k-clear-voc-matt.webp,,cutout,square,alpha,
carsystem-2k-clear-voc-premium,carsystem,glavna,/products/carsystem/catalog/carsystem-2k-clear-voc-premium.webp,,cutout,portrait,alpha,
carsystem-2k-clear-voc-speed-plus,carsystem,glavna,/products/carsystem/catalog/carsystem-2k-clear-voc-speed-plus.webp,,cutout,square,alpha,
carsystem-2k-clear-voc-speed-plus,carsystem,galerija,/products/carsystem/catalog/carsystem-2k-clear-voc-speed-plus-2.webp,,backdrop,square,opaque-border,#ffffff
carsystem-2k-clear-voc-speed-plus,carsystem,galerija,/products/carsystem/catalog/carsystem-2k-clear-voc-speed-plus-3.webp,,backdrop,square,opaque-border,#ffffff
carsystem-2k-epoxy-fill-primer,carsystem,glavna,/products/carsystem/catalog/carsystem-2k-epoxy-fill-primer.webp,,cutout,portrait,alpha,
carsystem-2k-filler-air-plus,carsystem,glavna,/products/carsystem/catalog/carsystem-2k-filler-air-plus.webp,,cutout,square,alpha,
carsystem-2k-filler-vario-plus,carsystem,glavna,/products/carsystem/catalog/carsystem-2k-filler-vario-plus.webp,,cutout,square,alpha,
carsystem-2k-filler-wet-on-wet-plus,carsystem,glavna,/products/carsystem/catalog/carsystem-2k-filler-wet-on-wet-plus.webp,,cutout,square,alpha,
carsystem-2k-high-speed-klarlack,carsystem,glavna,/products/carsystem/catalog/carsystem-2k-high-speed-klarlack.webp,/remastered/products/carsystem/catalog/carsystem-2k-high-speed-klarlack.webp,cutout,portrait,alpha,
carsystem-2k-high-speed-klarlack,carsystem,galerija,/products/carsystem/catalog/carsystem-2k-high-speed-klarlack-2.webp,,photo,portrait,canvas,
carsystem-2k-high-speed-klarlack,carsystem,galerija,/products/carsystem/catalog/carsystem-2k-high-speed-klarlack-3.webp,,photo,portrait,canvas,
carsystem-2k-voc-filler-540,carsystem,glavna,/products/carsystem/catalog/carsystem-2k-voc-filler-540.webp,,cutout,square,alpha,
carsystem-30-years-ltd-coverall-jacket,carsystem,glavna,/products/carsystem/catalog/carsystem-30-years-ltd-coverall-jacket.webp,,cutout,square,alpha,
carsystem-30-years-ltd-coverall-jacket,carsystem,galerija,/products/carsystem/catalog/carsystem-30-years-ltd-coverall-jacket-2.webp,,photo,square,canvas,
carsystem-30-years-ltd-coverall-jacket,carsystem,galerija,/products/carsystem/catalog/carsystem-30-years-ltd-coverall-jacket-3.webp,,photo,square,canvas,
carsystem-acryl-thinner,carsystem,glavna,/products/carsystem/catalog/carsystem-acryl-thinner.webp,,cutout,portrait,alpha,
carsystem-activator,carsystem,glavna,/products/carsystem/catalog/carsystem-activator.webp,,cutout,portrait,alpha,
carsystem-adapter-for-cps-paint-cup-systems,carsystem,glavna,/products/carsystem/catalog/carsystem-adapter-for-cps-paint-cup-systems.webp,/remastered/products/carsystem/catalog/carsystem-adapter-for-cps-paint-cup-systems.webp,cutout,landscape,alpha,
carsystem-af-21-1k-filler,carsystem,glavna,/products/carsystem/catalog/carsystem-af-21-1k-filler.webp,,cutout,square,alpha,
carsystem-af-21-x-pert,carsystem,glavna,/products/carsystem/catalog/carsystem-af-21-x-pert.webp,,cutout,landscape,alpha,
carsystem-af-21-x-pert,carsystem,galerija,/products/carsystem/catalog/carsystem-af-21-x-pert-2.webp,,cutout,landscape,alpha,
carsystem-af-25-primer-wet-on-wet,carsystem,glavna,/products/carsystem/catalog/carsystem-af-25-primer-wet-on-wet.webp,,cutout,landscape,alpha,
carsystem-af-25-primer-wet-on-wet,carsystem,galerija,/products/carsystem/catalog/carsystem-af-25-primer-wet-on-wet-2.webp,,backdrop,landscape,opaque-border,#ffffff
carsystem-af-25-primer-wet-on-wet,carsystem,galerija,/products/carsystem/catalog/carsystem-af-25-primer-wet-on-wet-3.webp,,photo,landscape,canvas,
carsystem-air-hose-air-hose-coil,carsystem,glavna,/products/carsystem/catalog/carsystem-air-hose-air-hose-coil.webp,,cutout,landscape,alpha,
carsystem-air-hose-air-hose-coil,carsystem,galerija,/products/carsystem/catalog/carsystem-air-hose-air-hose-coil-2.webp,,photo,landscape,canvas,
carsystem-air-hose-air-hose-complete,carsystem,glavna,/products/carsystem/catalog/carsystem-air-hose-air-hose-complete.webp,,cutout,square,alpha,
carsystem-air-hose-air-hose-complete,carsystem,galerija,/products/carsystem/catalog/carsystem-air-hose-air-hose-coil-2.webp,,photo,square,canvas,
carsystem-all-in-one-covers,carsystem,glavna,/products/carsystem/catalog/carsystem-all-in-one-covers.webp,,cutout,landscape,alpha,
carsystem-all-in-one-covers,carsystem,galerija,/products/carsystem/catalog/carsystem-all-in-one-covers-2.webp,,photo,landscape,canvas,
carsystem-all-in-one-covers,carsystem,galerija,/products/carsystem/catalog/carsystem-all-in-one-covers-3.webp,,photo,landscape,canvas,
carsystem-alu-spezial,carsystem,glavna,/products/carsystem/catalog/carsystem-alu-spezial.webp,/remastered/products/carsystem/catalog/carsystem-alu-spezial.webp,cutout,landscape,alpha,
carsystem-aluminium-mesh,carsystem,glavna,/products/carsystem/catalog/carsystem-aluminium-mesh.webp,,cutout,square,alpha,
carsystem-anti-rust-putty,carsystem,glavna,/products/carsystem/catalog/carsystem-anti-rust-putty.webp,/remastered/products/carsystem/catalog/carsystem-anti-rust-putty.webp,cutout,landscape,alpha,
carsystem-applicator,carsystem,glavna,/products/carsystem/catalog/carsystem-applicator.webp,/remastered/products/carsystem/catalog/carsystem-applicator.webp,cutout,portrait,alpha,
carsystem-auto-mask,carsystem,glavna,/products/carsystem/catalog/carsystem-auto-mask.webp,,cutout,portrait,alpha,
carsystem-black-tape,carsystem,glavna,/products/carsystem/catalog/carsystem-black-tape.webp,,cutout,landscape,alpha,
carsystem-blacky,carsystem,glavna,/products/carsystem/catalog/carsystem-blacky.webp,,cutout,square,alpha,
carsystem-blow-off-gun,carsystem,glavna,/products/carsystem/catalog/carsystem-blow-off-gun.webp,,cutout,square,alpha,
carsystem-blow-off-stick,carsystem,glavna,/products/carsystem/catalog/carsystem-blow-off-stick.webp,,cutout,landscape,alpha,
carsystem-bodyshirt-black,carsystem,glavna,/products/carsystem/catalog/carsystem-bodyshirt-black.webp,,cutout,square,alpha,
carsystem-bodyshirt-black,carsystem,galerija,/products/carsystem/catalog/carsystem-bodyshirt-black-2.webp,,photo,square,opaque-border,
carsystem-bodyshirt-black,carsystem,galerija,/products/carsystem/catalog/carsystem-bodyshirt-black-3.webp,,photo,square,opaque-border,
carsystem-booth-mask,carsystem,glavna,/products/carsystem/catalog/carsystem-booth-mask.webp,,cutout,square,alpha,
carsystem-booth-mask,carsystem,galerija,/products/carsystem/catalog/carsystem-booth-mask-2.webp,,backdrop,square,opaque-border,#ffffff
carsystem-booth-mask-stick,carsystem,glavna,/products/carsystem/catalog/carsystem-booth-mask-stick.webp,,cutout,square,alpha,
carsystem-booth-mask-stick,carsystem,galerija,/products/carsystem/catalog/carsystem-booth-mask-stick-2.webp,,backdrop,square,opaque-border,#ffffff
carsystem-booth-mask-white,carsystem,glavna,/products/carsystem/catalog/carsystem-booth-mask-white.webp,,cutout,portrait,alpha,
carsystem-bpo-hardener,carsystem,glavna,/products/carsystem/catalog/carsystem-bpo-hardener.webp,,cutout,portrait,alpha,
carsystem-brush-set,carsystem,glavna,/products/carsystem/catalog/carsystem-brush-set.webp,,cutout,landscape,alpha,
carsystem-bumper-paint,carsystem,glavna,/products/carsystem/catalog/carsystem-bumper-paint.webp,,cutout,portrait,alpha,
carsystem-bumper-paint-spray,carsystem,glavna,/products/carsystem/catalog/carsystem-bumper-paint-spray.webp,,cutout,portrait,alpha,
carsystem-bumper-stand,carsystem,glavna,/products/carsystem/catalog/carsystem-bumper-stand.webp,/remastered/products/carsystem/catalog/carsystem-bumper-stand.webp,cutout,square,alpha,
carsystem-bumper-stand,carsystem,galerija,/products/carsystem/catalog/carsystem-bumper-stand-2.webp,,photo,square,canvas,
carsystem-bumper-stand,carsystem,galerija,/products/carsystem/catalog/carsystem-bumper-stand-3.webp,,photo,square,opaque-border,
carsystem-bumper-structurant-spray,carsystem,glavna,/products/carsystem/catalog/carsystem-bumper-structurant-spray.webp,,cutout,portrait,alpha,
carsystem-c-wax-c-80,carsystem,glavna,/products/carsystem/catalog/carsystem-c-wax-c-80.webp,/remastered/products/carsystem/catalog/carsystem-c-wax-c-80.webp,cutout,portrait,alpha,
carsystem-c-wax-c-80,carsystem,galerija,/products/carsystem/catalog/carsystem-c-wax-c-80-2.webp,,photo,portrait,canvas,
carsystem-can-scraper,carsystem,glavna,/products/carsystem/catalog/carsystem-can-scraper.webp,,cutout,square,alpha,
carsystem-can-scraper,carsystem,galerija,/products/carsystem/catalog/carsystem-can-scraper-2.webp,,photo,square,canvas,
carsystem-can-scraper,carsystem,galerija,/products/carsystem/catalog/carsystem-can-scraper-3.webp,,photo,square,canvas,
carsystem-cap-black,carsystem,glavna,/products/carsystem/catalog/carsystem-cap-black.webp,,cutout,square,alpha,
carsystem-cap-camouflage,carsystem,glavna,/products/carsystem/catalog/carsystem-cap-camouflage.webp,,cutout,square,alpha,
carsystem-car-clean-double-blue,carsystem,glavna,/products/carsystem/catalog/carsystem-car-clean-double-blue.webp,,cutout,portrait,alpha,
carsystem-car-clean-double-white,carsystem,glavna,/products/carsystem/catalog/carsystem-car-clean-double-white.webp,,cutout,square,alpha,
carsystem-car-clean-multi,carsystem,glavna,/products/carsystem/catalog/carsystem-car-clean-multi.webp,,cutout,landscape,alpha,
carsystem-car-clean-multi-extreme-box,carsystem,glavna,/products/carsystem/catalog/carsystem-car-clean-multi-extreme-box.webp,,cutout,portrait,alpha,
carsystem-car-clean-triple-blue,carsystem,glavna,/products/carsystem/catalog/carsystem-car-clean-triple-blue.webp,,cutout,portrait,alpha,
carsystem-car-clean-trolley,carsystem,glavna,/products/carsystem/catalog/carsystem-car-clean-trolley.webp,,cutout,portrait,alpha,
carsystem-car-clean-trolley,carsystem,galerija,/products/carsystem/catalog/carsystem-car-clean-trolley-2.webp,,cutout,portrait,alpha,
carsystem-car-clean-trolley,carsystem,galerija,/products/carsystem/catalog/carsystem-car-clean-trolley-3.webp,,cutout,portrait,alpha,
carsystem-car-mop-white,carsystem,glavna,/products/carsystem/catalog/carsystem-car-mop-white.webp,,cutout,landscape,alpha,
carsystem-car-mop-white,carsystem,galerija,/products/carsystem/catalog/carsystem-car-mop-white-2.webp,,backdrop,landscape,opaque-border,#ffffff
carsystem-car-polish-roll,carsystem,glavna,/products/carsystem/catalog/carsystem-car-polish-roll.webp,,cutout,portrait,alpha,
carsystem-car-sticker-plain,carsystem,glavna,/products/carsystem/catalog/carsystem-car-sticker-plain.webp,,cutout,square,alpha,
carsystem-carbo-putty,carsystem,glavna,/products/carsystem/catalog/carsystem-carbo-putty.webp,,cutout,square,alpha,
carsystem-carbo-putty,carsystem,galerija,/products/carsystem/catalog/carsystem-carbo-putty-2.webp,,photo,square,canvas,
carsystem-carbo-spray,carsystem,glavna,/products/carsystem/catalog/carsystem-carbo-spray.webp,,cutout,portrait,alpha,
carsystem-carbo-spray,carsystem,galerija,/products/carsystem/catalog/carsystem-carbo-spray-2.webp,,photo,portrait,canvas,
carsystem-carbo-spray,carsystem,galerija,/products/carsystem/catalog/carsystem-carbo-spray-3.webp,,photo,portrait,opaque-border,
carsystem-carbo-spray-thinner,carsystem,glavna,/products/carsystem/catalog/carsystem-carbo-spray-thinner.webp,,cutout,portrait,alpha,
carsystem-cc-20-x-pert,carsystem,glavna,/products/carsystem/catalog/carsystem-cc-20-x-pert.webp,,cutout,square,alpha,
carsystem-cc-20-x-pert,carsystem,galerija,/products/carsystem/catalog/carsystem-cc-20-x-pert-2.webp,,backdrop,square,opaque-border,#ffffff
carsystem-cc-20-x-pert,carsystem,galerija,/products/carsystem/catalog/carsystem-cc-20-x-pert-3.webp,,photo,square,canvas,
carsystem-cc-21-x-press-five,carsystem,glavna,/products/carsystem/catalog/carsystem-cc-21-x-press-five.webp,,cutout,square,alpha,
carsystem-cc-21-x-press-five,carsystem,galerija,/products/carsystem/catalog/carsystem-cc-21-x-press-five-2.webp,,photo,square,canvas,
carsystem-cc-21-x-press-five,carsystem,galerija,/products/carsystem/catalog/carsystem-cc-21-x-press-five-3.webp,,photo,square,opaque-border,
carsystem-classic-coverall-jacket-anthracite,carsystem,glavna,/products/carsystem/catalog/carsystem-classic-coverall-jacket-anthracite.webp,,cutout,portrait,alpha,
carsystem-classic-coverall-jacket-anthracite,carsystem,galerija,/products/carsystem/catalog/carsystem-classic-coverall-jacket-anthracite-2.webp,,photo,portrait,canvas,
carsystem-classic-coverall-jacket-anthracite,carsystem,galerija,/products/carsystem/catalog/carsystem-classic-coverall-jacket-anthracite-3.webp,,photo,portrait,opaque-border,
carsystem-classic-coverall-pants,carsystem,glavna,/products/carsystem/catalog/carsystem-classic-coverall-pants.webp,/remastered/products/carsystem/catalog/carsystem-classic-coverall-pants.webp,cutout,portrait,alpha,
carsystem-classic-coverall-pants,carsystem,galerija,/products/carsystem/catalog/carsystem-classic-coverall-pants-2.webp,,photo,portrait,canvas,
carsystem-classic-coverall-pants,carsystem,galerija,/products/carsystem/catalog/carsystem-classic-coverall-pants-3.webp,,photo,portrait,canvas,
carsystem-classicline-soft-pad,carsystem,glavna,/products/carsystem/catalog/carsystem-classicline-soft-pad.webp,,cutout,landscape,alpha,
carsystem-cleaning-wipes,carsystem,glavna,/products/carsystem/catalog/carsystem-cleaning-wipes.webp,,cutout,landscape,alpha,
carsystem-clear-coat-spray,carsystem,glavna,/products/carsystem/catalog/carsystem-clear-coat-spray.webp,/remastered/products/carsystem/catalog/carsystem-clear-coat-spray.webp,cutout,portrait,alpha,
carsystem-clear-coat-spray,carsystem,galerija,/products/carsystem/catalog/carsystem-clear-coat-spray-2.webp,,photo,portrait,canvas,
carsystem-cockpit-spray,carsystem,glavna,/products/carsystem/catalog/carsystem-cockpit-spray.webp,,cutout,portrait,alpha,
carsystem-coding-caps,carsystem,glavna,/products/carsystem/catalog/carsystem-coding-caps.webp,/remastered/products/carsystem/catalog/carsystem-coding-caps.webp,cutout,landscape,alpha,
carsystem-coffee-cup-black,carsystem,glavna,/products/carsystem/catalog/carsystem-coffee-cup-black.webp,,cutout,square,alpha,
carsystem-coffee-cup-black,carsystem,galerija,/products/carsystem/catalog/carsystem-coffee-cup-black-2.webp,,photo,square,canvas,
carsystem-color-match-card-paper,carsystem,glavna,/products/carsystem/catalog/carsystem-color-match-card-paper.webp,,cutout,portrait,alpha,
carsystem-colour-match-lamp,carsystem,glavna,/products/carsystem/catalog/carsystem-colour-match-lamp.webp,,cutout,portrait,alpha,
carsystem-colour-match-lamp,carsystem,galerija,/products/carsystem/catalog/carsystem-colour-match-lamp-2.webp,,photo,portrait,canvas,
carsystem-compound-x1500-hc,carsystem,glavna,/products/carsystem/catalog/carsystem-compound-x1500-hc.webp,,cutout,portrait,alpha,
carsystem-compound-x1500-hc,carsystem,galerija,/products/carsystem/catalog/carsystem-compound-x1500-hc-2.webp,,cutout,portrait,alpha,
carsystem-compound-x1500-hc,carsystem,galerija,/products/carsystem/catalog/carsystem-compound-x1500-hc-3.webp,,photo,portrait,opaque-border,
carsystem-control-spray,carsystem,glavna,/products/carsystem/catalog/carsystem-control-spray.webp,/remastered/products/carsystem/catalog/carsystem-control-spray.webp,cutout,portrait,alpha,
carsystem-cordless-sander-csh-cos01,carsystem,glavna,/products/carsystem/catalog/carsystem-cordless-sander-csh-cos01.webp,,cutout,square,alpha,
carsystem-cordless-sander-csh-cos01,carsystem,galerija,/products/carsystem/catalog/carsystem-cordless-sander-csh-cos01-2.webp,,photo,square,canvas,
carsystem-cordless-sander-csh-cos01,carsystem,galerija,/products/carsystem/catalog/carsystem-cordless-sander-csh-cos01-3.webp,,photo,square,canvas,
carsystem-coverall-2-0,carsystem,glavna,/products/carsystem/catalog/carsystem-coverall-2-0.webp,,cutout,portrait,alpha,
carsystem-coverall-black-suit,carsystem,glavna,/products/carsystem/catalog/carsystem-coverall-black-suit.webp,,cutout,portrait,alpha,
carsystem-coverall-black-suit,carsystem,galerija,/products/carsystem/catalog/carsystem-coverall-black-suit-2.webp,,backdrop,portrait,opaque-border,#001219
carsystem-coverall-black-suit,carsystem,galerija,/products/carsystem/catalog/carsystem-coverall-black-suit-3.webp,,photo,portrait,canvas,
carsystem-crash-film,carsystem,glavna,/products/carsystem/catalog/carsystem-crash-film.webp,/remastered/products/carsystem/catalog/carsystem-crash-film.webp,cutout,square,alpha,
carsystem-crash-film,carsystem,galerija,/products/carsystem/catalog/carsystem-crash-film-2.webp,,backdrop,square,opaque-border,#ffffff
carsystem-crash-film,carsystem,galerija,/products/carsystem/catalog/carsystem-crash-film-3.webp,,photo,square,opaque-border,
carsystem-cutter-knife-black,carsystem,glavna,/products/carsystem/catalog/carsystem-cutter-knife-black.webp,,cutout,landscape,alpha,
carsystem-cutter-knife-black,carsystem,galerija,/products/carsystem/catalog/carsystem-cutter-knife-black-2.webp,,backdrop,landscape,opaque-border,#ffffff
carsystem-dispenser-bottle-incl-cap,carsystem,glavna,/products/carsystem/catalog/carsystem-dispenser-bottle-incl-cap.webp,,cutout,portrait,alpha,
carsystem-dispenser-for-5-kg-polish,carsystem,glavna,/products/carsystem/catalog/carsystem-dispenser-for-5-kg-polish.webp,,cutout,portrait,alpha,
carsystem-dispenser-multi-mix,carsystem,glavna,/products/carsystem/catalog/carsystem-dispenser-multi-mix.webp,,cutout,portrait,alpha,
carsystem-doormat-logo-black,carsystem,glavna,/products/carsystem/catalog/carsystem-doormat-logo-black.webp,,cutout,landscape,alpha,
carsystem-doormat-logo-black,carsystem,galerija,/products/carsystem/catalog/carsystem-doormat-logo-black-2.webp,,photo,landscape,canvas,
carsystem-doormat-logo-black,carsystem,galerija,/products/carsystem/catalog/carsystem-doormat-logo-black-3.webp,,photo,landscape,canvas,
carsystem-double-sanding-soft-pad,carsystem,glavna,/products/carsystem/catalog/carsystem-double-sanding-soft-pad.webp,,cutout,landscape,alpha,
carsystem-double-sanding-soft-pad,carsystem,galerija,/products/carsystem/catalog/carsystem-double-sanding-soft-pad-2.webp,,backdrop,landscape,opaque-border,#ffffff
carsystem-dry-coat-2-0,carsystem,glavna,/products/carsystem/catalog/carsystem-dry-coat-2-0.webp,,cutout,square,alpha,
carsystem-dry-coat-2-0,carsystem,galerija,/products/carsystem/catalog/carsystem-dry-coat-2-0-2.webp,,backdrop,square,opaque-border,#ffffff
carsystem-dry-coat-2-0,carsystem,galerija,/products/carsystem/catalog/carsystem-dry-coat-2-0-3.webp,,backdrop,square,opaque-border,#ffffff
carsystem-dualmatic,carsystem,glavna,/products/carsystem/catalog/carsystem-dualmatic.webp,,cutout,landscape,alpha,
carsystem-dust-needle,carsystem,glavna,/products/carsystem/catalog/carsystem-dust-needle.webp,,cutout,landscape,alpha,
carsystem-easy-clean-box,carsystem,glavna,/products/carsystem/catalog/carsystem-easy-clean-box.webp,,cutout,square,alpha,
carsystem-easy-clean-box,carsystem,galerija,/products/carsystem/catalog/carsystem-easy-clean-box-2.webp,,photo,square,opaque-border,
carsystem-easy-clean-box,carsystem,galerija,/products/carsystem/catalog/carsystem-easy-clean-box-3.webp,,photo,square,canvas,
carsystem-easy-mask,carsystem,glavna,/products/carsystem/catalog/carsystem-easy-mask.webp,,cutout,square,alpha,
carsystem-easy-mask-ii,carsystem,glavna,/products/carsystem/catalog/carsystem-easy-mask-ii.webp,,cutout,landscape,alpha,
carsystem-easy-mask-ii,carsystem,galerija,/products/carsystem/catalog/carsystem-easy-mask-ii-2.webp,,photo,landscape,opaque-border,
carsystem-easy-mask-ii,carsystem,galerija,/products/carsystem/catalog/carsystem-easy-mask-ii-3.webp,,photo,landscape,canvas,
carsystem-ef-21-ep-filler,carsystem,glavna,/products/carsystem/catalog/carsystem-ef-21-ep-filler.webp,/remastered/products/carsystem/catalog/carsystem-ef-21-ep-filler.webp,cutout,portrait,alpha,
carsystem-elastic-beige,carsystem,glavna,/products/carsystem/catalog/carsystem-elastic-beige.webp,/remastered/products/carsystem/catalog/carsystem-elastic-beige.webp,cutout,landscape,alpha,
carsystem-elastic-green,carsystem,glavna,/products/carsystem/catalog/carsystem-elastic-green.webp,/remastered/products/carsystem/catalog/carsystem-elastic-green.webp,cutout,landscape,alpha,
carsystem-etch-primer,carsystem,glavna,/products/carsystem/catalog/carsystem-etch-primer.webp,,cutout,portrait,alpha,
carsystem-excenter-back-pad-multi-m,carsystem,glavna,/products/carsystem/catalog/carsystem-excenter-back-pad-multi-m.webp,,cutout,landscape,alpha,
carsystem-excenter-back-pad-t-19,carsystem,glavna,/products/carsystem/catalog/carsystem-excenter-back-pad-t-19.webp,,cutout,square,alpha,
carsystem-excenter-classic,carsystem,glavna,/products/carsystem/catalog/carsystem-excenter-classic.webp,,cutout,landscape,alpha,
carsystem-explorer-ltd-2-piece-coverall,carsystem,glavna,/products/carsystem/catalog/carsystem-explorer-ltd-2-piece-coverall.webp,,cutout,portrait,alpha,
carsystem-explorer-ltd-2-piece-coverall,carsystem,galerija,/products/carsystem/catalog/carsystem-explorer-ltd-2-piece-coverall-2.webp,,photo,portrait,canvas,
carsystem-explorer-ltd-2-piece-coverall,carsystem,galerija,/products/carsystem/catalog/carsystem-explorer-ltd-2-piece-coverall-3.webp,,photo,portrait,canvas,
carsystem-faser,carsystem,glavna,/products/carsystem/catalog/carsystem-faser.webp,/remastered/products/carsystem/catalog/carsystem-faser.webp,cutout,landscape,alpha,
carsystem-fill-putty,carsystem,glavna,/products/carsystem/catalog/carsystem-fill-putty.webp,/remastered/products/carsystem/catalog/carsystem-fill-putty.webp,cutout,square,alpha,
carsystem-fine-block,carsystem,glavna,/products/carsystem/catalog/carsystem-fine-block.webp,,cutout,square,alpha,
carsystem-fine-line-tape-blue,carsystem,glavna,/products/carsystem/catalog/carsystem-fine-line-tape-blue.webp,,cutout,square,alpha,
carsystem-fine-line-tape-blue,carsystem,galerija,/products/carsystem/catalog/carsystem-fine-line-tape-blue-2.webp,,photo,square,opaque-border,
carsystem-fine-line-tape-blue,carsystem,galerija,/products/carsystem/catalog/carsystem-fine-line-tape-blue-3.webp,,photo,square,opaque-border,
carsystem-fine-putty,carsystem,glavna,/products/carsystem/catalog/carsystem-fine-putty.webp,,cutout,square,alpha,
carsystem-finish-back-pad,carsystem,glavna,/products/carsystem/catalog/carsystem-finish-back-pad.webp,,cutout,landscape,alpha,
carsystem-finish-back-pad-m-14,carsystem,glavna,/products/carsystem/catalog/carsystem-finish-back-pad-m-14.webp,,cutout,square,alpha,
carsystem-finish-clay,carsystem,glavna,/products/carsystem/catalog/carsystem-finish-clay.webp,,cutout,landscape,alpha,
carsystem-finish-clay,carsystem,galerija,/products/carsystem/catalog/carsystem-finish-clay-2.webp,,photo,landscape,canvas,
carsystem-finish-control-foam-c-99,carsystem,glavna,/products/carsystem/catalog/carsystem-finish-control-foam-c-99.webp,,cutout,portrait,alpha,
carsystem-finish-control-foam-c-99,carsystem,galerija,/products/carsystem/catalog/carsystem-finish-control-foam-c-99-2.webp,,photo,portrait,opaque-border,
carsystem-finish-control-foam-c-99,carsystem,galerija,/products/carsystem/catalog/carsystem-finish-control-foam-c-99-3.webp,,photo,portrait,canvas,
carsystem-finish-foam-black-ah,carsystem,glavna,/products/carsystem/catalog/carsystem-finish-foam-black-ah.webp,,cutout,landscape,alpha,
carsystem-finish-foam-black-ah,carsystem,galerija,/products/carsystem/catalog/carsystem-finish-foam-black-ah-2.webp,,photo,landscape,canvas,
carsystem-finish-foam-black-ah,carsystem,galerija,/products/carsystem/catalog/carsystem-finish-foam-black-ah-3.webp,,photo,landscape,opaque-border,
carsystem-finish-foam-orange,carsystem,glavna,/products/carsystem/catalog/carsystem-finish-foam-orange.webp,,cutout,landscape,alpha,
carsystem-finish-foam-orange,carsystem,galerija,/products/carsystem/catalog/carsystem-finish-foam-orange-2.webp,,backdrop,landscape,opaque-border,#ffffff
carsystem-finish-foam-orange,carsystem,galerija,/products/carsystem/catalog/carsystem-finish-foam-orange-3.webp,,backdrop,landscape,opaque-border,#ffffff
carsystem-finish-foam-white-ah,carsystem,glavna,/products/carsystem/catalog/carsystem-finish-foam-white-ah.webp,,cutout,landscape,alpha,
carsystem-finish-foam-white-ah,carsystem,galerija,/products/carsystem/catalog/carsystem-finish-foam-white-ah-2.webp,,photo,landscape,opaque-border,
carsystem-finish-foam-white-ah,carsystem,galerija,/products/carsystem/catalog/carsystem-finish-foam-white-ah-3.webp,,backdrop,landscape,opaque-border,#ffffff
carsystem-finish-quadra-pad-c-10,carsystem,glavna,/products/carsystem/catalog/carsystem-finish-quadra-pad-c-10.webp,,cutout,landscape,alpha,
carsystem-finish-quadra-pad-c-10,carsystem,galerija,/products/carsystem/catalog/carsystem-finish-quadra-pad-c-10-2.webp,,backdrop,landscape,opaque-border,#ffffff
carsystem-finish-quadra-pad-c-10,carsystem,galerija,/products/carsystem/catalog/carsystem-finish-quadra-pad-c-10-3.webp,,backdrop,landscape,opaque-border,#ffffff
carsystem-finish-sander-back-pad,carsystem,glavna,/products/carsystem/catalog/carsystem-finish-sander-back-pad.webp,,cutout,square,alpha,
carsystem-finish-sander-rc-9332,carsystem,glavna,/products/carsystem/catalog/carsystem-finish-sander-rc-9332.webp,,cutout,square,alpha,
carsystem-finish-sandwich-pad-c-30,carsystem,glavna,/products/carsystem/catalog/carsystem-finish-sandwich-pad-c-30.webp,,cutout,landscape,alpha,
carsystem-finish-sandwich-pad-c-30,carsystem,galerija,/products/carsystem/catalog/carsystem-finish-sandwich-pad-c-30-2.webp,,backdrop,landscape,opaque-border,#ffffff
carsystem-finish-sandwich-pad-c-30,carsystem,galerija,/products/carsystem/catalog/carsystem-finish-sandwich-pad-c-30-3.webp,,backdrop,landscape,opaque-border,#ffffff
carsystem-finish-waffle-foam-black-ah,carsystem,glavna,/products/carsystem/catalog/carsystem-finish-waffle-foam-black-ah.webp,,cutout,landscape,alpha,
carsystem-finish-waffle-foam-black-ah,carsystem,galerija,/products/carsystem/catalog/carsystem-finish-waffle-foam-black-ah-2.webp,,photo,landscape,canvas,
carsystem-finish-waffle-foam-black-ah,carsystem,galerija,/products/carsystem/catalog/carsystem-finish-foam-white-ah-3.webp,,backdrop,landscape,opaque-border,#ffffff
carsystem-finish-waffle-pad-orange,carsystem,glavna,/products/carsystem/catalog/carsystem-finish-waffle-pad-orange.webp,,cutout,landscape,alpha,
carsystem-finish-waffle-pad-orange,carsystem,galerija,/products/carsystem/catalog/carsystem-finish-waffle-pad-orange-2.webp,,backdrop,landscape,opaque-border,#ffffff
carsystem-finish-waffle-pad-orange,carsystem,galerija,/products/carsystem/catalog/carsystem-finish-waffle-pad-orange-3.webp,,backdrop,landscape,opaque-border,#ffffff
carsystem-flex,carsystem,glavna,/products/carsystem/catalog/carsystem-flex.webp,,cutout,square,alpha,
carsystem-foam-tape,carsystem,glavna,/products/carsystem/catalog/carsystem-foam-tape.webp,,cutout,square,alpha,
carsystem-foam-tape,carsystem,galerija,/products/carsystem/catalog/carsystem-foam-tape-2.webp,,cutout,square,alpha,
carsystem-foam-tape,carsystem,galerija,/products/carsystem/catalog/carsystem-foam-tape-3.webp,,photo,square,canvas,
carsystem-foam-tape-t-soft,carsystem,glavna,/products/carsystem/catalog/carsystem-foam-tape-t-soft.webp,,cutout,square,alpha,
carsystem-foam-tape-t-soft,carsystem,galerija,/products/carsystem/catalog/carsystem-foam-tape-t-soft-2.webp,,photo,square,canvas,
carsystem-foam-tape-t-soft,carsystem,galerija,/products/carsystem/catalog/carsystem-foam-tape-t-soft-3.webp,,photo,square,canvas,
carsystem-glas,carsystem,glavna,/products/carsystem/catalog/carsystem-glas.webp,/remastered/products/carsystem/catalog/carsystem-glas.webp,cutout,landscape,alpha,
carsystem-glas-white,carsystem,glavna,/products/carsystem/catalog/carsystem-glas-white.webp,/remastered/products/carsystem/catalog/carsystem-glas-white.webp,cutout,landscape,alpha,
carsystem-glass-fibre-fleece,carsystem,glavna,/products/carsystem/catalog/carsystem-glass-fibre-fleece.webp,,photo,square,opaque-border,
carsystem-glass-fibre-mat,carsystem,glavna,/products/carsystem/catalog/carsystem-glass-fibre-mat.webp,/remastered/products/carsystem/catalog/carsystem-glass-fibre-mat.webp,cutout,portrait,alpha,
carsystem-glass-fibre-reinforced-putty,carsystem,glavna,/products/carsystem/catalog/carsystem-glass-fibre-reinforced-putty.webp,,cutout,square,alpha,
carsystem-grip-to-stick-interface-pad,carsystem,glavna,/products/carsystem/catalog/carsystem-grip-to-stick-interface-pad.webp,,cutout,landscape,alpha,
carsystem-grip-to-stick-interface-pad,carsystem,galerija,/products/carsystem/catalog/carsystem-grip-to-stick-interface-pad-2.webp,,photo,landscape,canvas,
carsystem-grip-to-stick-interface-pad,carsystem,galerija,/products/carsystem/catalog/carsystem-grip-to-stick-interface-pad-3.webp,,photo,landscape,canvas,
carsystem-gun-clean-set,carsystem,glavna,/products/carsystem/catalog/carsystem-gun-clean-set.webp,/remastered/products/carsystem/catalog/carsystem-gun-clean-set.webp,cutout,portrait,alpha,
carsystem-gun-clean-set,carsystem,galerija,/products/carsystem/catalog/carsystem-gun-clean-set-2.webp,,photo,portrait,canvas,
carsystem-gun-clean-set,carsystem,galerija,/products/carsystem/catalog/carsystem-gun-clean-set-3.webp,,photo,portrait,canvas,
carsystem-h2o-cleaner,carsystem,glavna,/products/carsystem/catalog/carsystem-h2o-cleaner.webp,,cutout,square,alpha,
carsystem-hand-cleaner,carsystem,glavna,/products/carsystem/catalog/carsystem-hand-cleaner.webp,,cutout,portrait,alpha,
carsystem-hand-cleaner-extreme,carsystem,glavna,/products/carsystem/catalog/carsystem-hand-cleaner-extreme.webp,,cutout,square,alpha,
carsystem-hand-mask,carsystem,glavna,/products/carsystem/catalog/carsystem-hand-mask.webp,,cutout,square,alpha,
carsystem-high-gloss-additive,carsystem,glavna,/products/carsystem/catalog/carsystem-high-gloss-additive.webp,,cutout,portrait,alpha,
carsystem-hoist-flag,carsystem,glavna,/products/carsystem/catalog/carsystem-hoist-flag.webp,,cutout,portrait,alpha,
carsystem-hoist-flag,carsystem,galerija,/products/carsystem/catalog/carsystem-hoist-flag-2.webp,,photo,portrait,opaque-border,
carsystem-hpp-primer,carsystem,glavna,/products/carsystem/catalog/carsystem-hpp-primer.webp,,cutout,landscape,alpha,
carsystem-hs-acryl-tape,carsystem,glavna,/products/carsystem/catalog/carsystem-hs-acryl-tape.webp,,cutout,square,alpha,
carsystem-hs-acryl-tape,carsystem,galerija,/products/carsystem/catalog/carsystem-hs-acryl-tape-2.webp,,photo,square,canvas,
carsystem-interface-pad,carsystem,glavna,/products/carsystem/catalog/carsystem-interface-pad.webp,,cutout,square,alpha,
carsystem-iso-ve-7030,carsystem,glavna,/products/carsystem/catalog/carsystem-iso-ve-7030.webp,,cutout,portrait,alpha,
carsystem-japanese-putty-knife,carsystem,glavna,/products/carsystem/catalog/carsystem-japanese-putty-knife.webp,,cutout,landscape,alpha,
carsystem-ks-100,carsystem,glavna,/products/carsystem/catalog/carsystem-ks-100.webp,,cutout,square,alpha,
carsystem-ks-1000,carsystem,glavna,/products/carsystem/catalog/carsystem-ks-1000.webp,,cutout,portrait,alpha,
carsystem-ks-1050,carsystem,glavna,/products/carsystem/catalog/carsystem-ks-1050.webp,,cutout,portrait,alpha,
carsystem-ks-200,carsystem,glavna,/products/carsystem/catalog/carsystem-ks-200.webp,,cutout,portrait,alpha,
carsystem-ks-250,carsystem,glavna,/products/carsystem/catalog/carsystem-ks-250.webp,,cutout,portrait,alpha,
carsystem-ks-300-2,carsystem,glavna,/products/carsystem/catalog/carsystem-ks-300-2.webp,,cutout,portrait,alpha,
carsystem-ks-3000-plus,carsystem,glavna,/products/carsystem/catalog/carsystem-ks-3000-plus.webp,,cutout,portrait,alpha,
carsystem-ks-400,carsystem,glavna,/products/carsystem/catalog/carsystem-ks-400.webp,,cutout,portrait,alpha,
carsystem-ks-4000-2,carsystem,glavna,/products/carsystem/catalog/carsystem-ks-4000-2.webp,,cutout,portrait,alpha,
carsystem-ks-50-2,carsystem,glavna,/products/carsystem/catalog/carsystem-ks-50-2.webp,,cutout,square,alpha,
carsystem-ks-500-2,carsystem,glavna,/products/carsystem/catalog/carsystem-ks-500-2.webp,,cutout,portrait,alpha,
carsystem-ks-550,carsystem,glavna,/products/carsystem/catalog/carsystem-ks-550.webp,,cutout,portrait,alpha,
carsystem-ks-800,carsystem,glavna,/products/carsystem/catalog/carsystem-ks-800.webp,,cutout,portrait,alpha,
carsystem-ks-850,carsystem,glavna,/products/carsystem/catalog/carsystem-ks-850.webp,,cutout,portrait,alpha,
carsystem-ks-brush,carsystem,glavna,/products/carsystem/catalog/carsystem-ks-brush.webp,,cutout,landscape,alpha,
carsystem-ks-dual-gun,carsystem,glavna,/products/carsystem/catalog/carsystem-ks-dual-gun.webp,,cutout,square,alpha,
carsystem-ks-gun,carsystem,glavna,/products/carsystem/catalog/carsystem-ks-gun.webp,,cutout,square,alpha,
carsystem-lamb-wool-pad-gold-s,carsystem,glavna,/products/carsystem/catalog/carsystem-lamb-wool-pad-gold-s.webp,,cutout,landscape,alpha,
carsystem-lamb-wool-pad-white-s-edge,carsystem,glavna,/products/carsystem/catalog/carsystem-lamb-wool-pad-white-s-edge.webp,,cutout,landscape,alpha,
carsystem-lamb-wool-pad-white-s-edge,carsystem,galerija,/products/carsystem/catalog/carsystem-lamb-wool-pad-white-s-edge-2.webp,,photo,landscape,canvas,
carsystem-lamb-wool-pad-white-s-edge,carsystem,galerija,/products/carsystem/catalog/carsystem-lamb-wool-pad-white-s-edge-3.webp,,photo,landscape,opaque-border,
carsystem-latex-gloves,carsystem,glavna,/products/carsystem/catalog/carsystem-latex-gloves.webp,,cutout,square,alpha,
carsystem-latex-hand-i-premium,carsystem,glavna,/products/carsystem/catalog/carsystem-latex-hand-i-premium.webp,,cutout,square,alpha,
carsystem-latex-hand-i-premium,carsystem,galerija,/products/carsystem/catalog/carsystem-latex-hand-i-premium-2.webp,,backdrop,square,opaque-border,#ffffff
carsystem-led-lamp,carsystem,glavna,/products/carsystem/catalog/carsystem-led-lamp.webp,,cutout,square,alpha,
carsystem-led-lamp,carsystem,galerija,/products/carsystem/catalog/carsystem-led-lamp-2.webp,,photo,square,canvas,
carsystem-led-lamp,carsystem,galerija,/products/carsystem/catalog/carsystem-led-lamp-3.webp,,photo,square,canvas,
carsystem-lighter-black,carsystem,glavna,/products/carsystem/catalog/carsystem-lighter-black.webp,,cutout,portrait,alpha,
carsystem-liquid-masking,carsystem,glavna,/products/carsystem/catalog/carsystem-liquid-masking.webp,,cutout,portrait,alpha,
carsystem-liquid-putty,carsystem,glavna,/products/carsystem/catalog/carsystem-liquid-putty.webp,,cutout,portrait,alpha,
carsystem-magnetic-flat-strip,carsystem,glavna,/products/carsystem/catalog/carsystem-magnetic-flat-strip.webp,,cutout,landscape,alpha,
carsystem-magnetic-gun-holder-plus,carsystem,glavna,/products/carsystem/catalog/carsystem-magnetic-gun-holder-plus.webp,,cutout,portrait,alpha,
carsystem-magnetic-gun-holder-plus,carsystem,galerija,/products/carsystem/catalog/carsystem-magnetic-gun-holder-plus-2.webp,,photo,portrait,opaque-border,
carsystem-magnetic-gun-holder-plus,carsystem,galerija,/products/carsystem/catalog/carsystem-magnetic-gun-holder-plus-3.webp,,photo,portrait,opaque-border,
carsystem-magnetic-sanding-protection,carsystem,glavna,/products/carsystem/catalog/carsystem-magnetic-sanding-protection.webp,,cutout,landscape,alpha,
carsystem-masking-film-blue,carsystem,glavna,/products/carsystem/catalog/carsystem-masking-film-blue.webp,,cutout,square,alpha,
carsystem-masking-film-green,carsystem,glavna,/products/carsystem/catalog/carsystem-masking-film-green.webp,,cutout,square,alpha,
carsystem-masking-film-green,carsystem,galerija,/products/carsystem/catalog/carsystem-masking-film-green-2.webp,,photo,square,canvas,
carsystem-masking-film-yellow,carsystem,glavna,/products/carsystem/catalog/carsystem-masking-film-yellow.webp,,cutout,square,alpha,
carsystem-masking-paper-master-ii,carsystem,glavna,/products/carsystem/catalog/carsystem-masking-paper-master-ii.webp,,cutout,landscape,alpha,
carsystem-masking-paper-top-ii,carsystem,glavna,/products/carsystem/catalog/carsystem-masking-paper-top-ii.webp,,cutout,landscape,alpha,
carsystem-master-tape-green,carsystem,glavna,/products/carsystem/catalog/carsystem-master-tape-green.webp,,cutout,square,alpha,
carsystem-master-tape-green,carsystem,galerija,/products/carsystem/catalog/carsystem-master-tape-green-2.webp,,photo,square,canvas,
carsystem-master-tape-green,carsystem,galerija,/products/carsystem/catalog/carsystem-master-tape-green-3.webp,,photo,square,canvas,
carsystem-master-tape-ii,carsystem,glavna,/products/carsystem/catalog/carsystem-master-tape-ii.webp,,cutout,square,alpha,
carsystem-metallic,carsystem,glavna,/products/carsystem/catalog/carsystem-metallic.webp,/remastered/products/carsystem/catalog/carsystem-metallic.webp,cutout,landscape,alpha,
carsystem-metallic,carsystem,galerija,/products/carsystem/catalog/carsystem-metallic-2.webp,,photo,landscape,canvas,
carsystem-micro-fiber-cloth-2-in-1,carsystem,glavna,/products/carsystem/catalog/carsystem-micro-fiber-cloth-2-in-1.webp,,cutout,square,alpha,
carsystem-micro-fiber-cloth-2-in-1,carsystem,galerija,/products/carsystem/catalog/carsystem-micro-fiber-cloth-2-in-1-2.webp,,photo,square,canvas,
carsystem-micro-fiber-cloth-2-in-1,carsystem,galerija,/products/carsystem/catalog/carsystem-micro-fiber-cloth-2-in-1-3.webp,,photo,square,opaque-border,
carsystem-micro-fiber-cloth-fluffy,carsystem,glavna,/products/carsystem/catalog/carsystem-micro-fiber-cloth-fluffy.webp,,cutout,square,alpha,
carsystem-micro-fiber-cloth-fluffy,carsystem,galerija,/products/carsystem/catalog/carsystem-micro-fiber-cloth-fluffy-2.webp,,photo,square,canvas,
carsystem-micro-fiber-cloth-fluffy,carsystem,galerija,/products/carsystem/catalog/carsystem-micro-fiber-cloth-fluffy-3.webp,,photo,square,opaque-border,
carsystem-micro-fiber-cloth-polish-extreme,carsystem,glavna,/products/carsystem/catalog/carsystem-micro-fiber-cloth-polish-extreme.webp,,cutout,square,alpha,
carsystem-micro-fiber-cloth-polish-extreme,carsystem,galerija,/products/carsystem/catalog/carsystem-micro-fiber-cloth-polish-extreme-2.webp,,photo,square,opaque-border,
carsystem-micro-fiber-cloth-polish-extreme,carsystem,galerija,/products/carsystem/catalog/carsystem-micro-fiber-cloth-polish-extreme-3.webp,,photo,square,canvas,
carsystem-micro-fiber-cloth-sky-blue,carsystem,glavna,/products/carsystem/catalog/carsystem-micro-fiber-cloth-sky-blue.webp,,cutout,square,alpha,
carsystem-micro-fiber-cloth-sky-blue,carsystem,galerija,/products/carsystem/catalog/carsystem-micro-fiber-cloth-sky-blue-2.webp,,photo,square,canvas,
carsystem-micro-fiber-cloth-sky-blue,carsystem,galerija,/products/carsystem/catalog/carsystem-micro-fiber-cloth-sky-blue-3.webp,,photo,square,opaque-border,
carsystem-micro-fiber-cloth-wave-cut,carsystem,glavna,/products/carsystem/catalog/carsystem-micro-fiber-cloth-wave-cut.webp,,cutout,square,alpha,
carsystem-micro-fiber-cloth-wave-cut,carsystem,galerija,/products/carsystem/catalog/carsystem-micro-fiber-cloth-wave-cut-2.webp,,photo,square,canvas,
carsystem-micro-fiber-cloth-wave-cut,carsystem,galerija,/products/carsystem/catalog/carsystem-micro-fiber-cloth-wave-cut-3.webp,,photo,square,opaque-border,
carsystem-micro-tip,carsystem,glavna,/products/carsystem/catalog/carsystem-micro-tip.webp,,cutout,landscape,alpha,
carsystem-microfiber-x300-duo,carsystem,glavna,/products/carsystem/catalog/carsystem-microfiber-x300-duo.webp,,cutout,square,alpha,
carsystem-microfiber-x300-duo,carsystem,galerija,/products/carsystem/catalog/carsystem-microfiber-x300-duo-2.webp,,cutout,square,alpha,
carsystem-microfiber-x300-duo,carsystem,galerija,/products/carsystem/catalog/carsystem-microfiber-x300-duo-3.webp,,photo,square,canvas,
carsystem-mini-back-pad,carsystem,glavna,/products/carsystem/catalog/carsystem-mini-back-pad.webp,,cutout,landscape,alpha,
carsystem-mini-sanding-machine-rc-9330,carsystem,glavna,/products/carsystem/catalog/carsystem-mini-sanding-machine-rc-9330.webp,,cutout,landscape,alpha,
carsystem-mixing-stick-black,carsystem,glavna,/products/carsystem/catalog/carsystem-mixing-stick-black.webp,,cutout,landscape,alpha,
carsystem-mixing-stick-fast,carsystem,glavna,/products/carsystem/catalog/carsystem-mixing-stick-fast.webp,,cutout,portrait,alpha,
carsystem-mixing-stick-fast,carsystem,galerija,/products/carsystem/catalog/carsystem-mixing-stick-fast-2.webp,,cutout,portrait,alpha,
carsystem-mmir-knife-premium,carsystem,glavna,/products/carsystem/catalog/carsystem-mmir-knife-premium.webp,,cutout,landscape,alpha,
carsystem-mmir-knife-premium,carsystem,galerija,/products/carsystem/catalog/carsystem-mmir-knife-premium-2.webp,,photo,landscape,canvas,
carsystem-mmir-mask-aqua-tec,carsystem,glavna,/products/carsystem/catalog/carsystem-mmir-mask-aqua-tec.webp,,cutout,square,alpha,
carsystem-mmir-mask-light-green,carsystem,glavna,/products/carsystem/catalog/carsystem-mmir-mask-light-green.webp,,cutout,square,alpha,
carsystem-mmir-trolley,carsystem,glavna,/products/carsystem/catalog/carsystem-mmir-trolley.webp,,cutout,square,alpha,
carsystem-mmir-trolley-box,carsystem,glavna,/products/carsystem/catalog/carsystem-mmir-trolley-box.webp,,cutout,landscape,alpha,
carsystem-mount-tape,carsystem,glavna,/products/carsystem/catalog/carsystem-mount-tape.webp,,cutout,square,alpha,
carsystem-ms-air-gun,carsystem,glavna,/products/carsystem/catalog/carsystem-ms-air-gun.webp,,cutout,square,alpha,
carsystem-ms-coupling,carsystem,glavna,/products/carsystem/catalog/carsystem-ms-coupling.webp,,cutout,landscape,alpha,
carsystem-multi,carsystem,glavna,/products/carsystem/catalog/carsystem-multi.webp,/remastered/products/carsystem/catalog/carsystem-multi.webp,cutout,landscape,alpha,
carsystem-multi-black-rapid,carsystem,glavna,/products/carsystem/catalog/carsystem-multi-black-rapid.webp,,cutout,landscape,alpha,
carsystem-multi-black-rapid,carsystem,galerija,/products/carsystem/catalog/carsystem-multi-black-rapid-2.webp,,photo,landscape,canvas,
carsystem-multi-black-rapid,carsystem,galerija,/products/carsystem/catalog/carsystem-multi-black-rapid-3.webp,,photo,landscape,opaque-border,
carsystem-multi-blue-rapid-changer-sf,carsystem,glavna,/products/carsystem/catalog/carsystem-multi-blue-rapid-changer-sf.webp,,cutout,landscape,alpha,
carsystem-multi-blue-rapid-changer-sf,carsystem,galerija,/products/carsystem/catalog/carsystem-multi-blue-rapid-changer-sf-2.webp,,photo,landscape,opaque-border,
carsystem-multi-blue-rapid-changer-sf,carsystem,galerija,/products/carsystem/catalog/carsystem-multi-blue-rapid-changer-sf-3.webp,,photo,landscape,canvas,
carsystem-multi-cleaning-wipes,carsystem,glavna,/products/carsystem/catalog/carsystem-multi-cleaning-wipes.webp,,cutout,portrait,alpha,
carsystem-multi-flow,carsystem,glavna,/products/carsystem/catalog/carsystem-multi-flow.webp,,cutout,square,alpha,
carsystem-multi-flow,carsystem,galerija,/products/carsystem/catalog/carsystem-multi-flow-2.webp,,photo,square,canvas,
carsystem-multi-flow,carsystem,galerija,/products/carsystem/catalog/carsystem-multi-flow-3.webp,,photo,square,opaque-border,
carsystem-multi-green-changer,carsystem,glavna,/products/carsystem/catalog/carsystem-multi-green-changer.webp,,cutout,landscape,alpha,
carsystem-multi-green-changer,carsystem,galerija,/products/carsystem/catalog/carsystem-multi-green-changer-2.webp,,backdrop,landscape,opaque-border,#030303
carsystem-multi-green-changer,carsystem,galerija,/products/carsystem/catalog/carsystem-multi-green-changer-3.webp,,photo,landscape,opaque-border,
carsystem-multi-green-glas,carsystem,glavna,/products/carsystem/catalog/carsystem-multi-green-glas.webp,/remastered/products/carsystem/catalog/carsystem-multi-green-glas.webp,cutout,landscape,alpha,
carsystem-multi-green-glas-light,carsystem,glavna,/products/carsystem/catalog/carsystem-multi-green-glas-light.webp,/remastered/products/carsystem/catalog/carsystem-multi-green-glas-light.webp,cutout,landscape,alpha,
carsystem-multi-green-glas-light,carsystem,galerija,/products/carsystem/catalog/carsystem-multi-green-glas-light-2.webp,,photo,landscape,opaque-border,
carsystem-multi-green-glas-light,carsystem,galerija,/products/carsystem/catalog/carsystem-multi-green-glas-light-3.webp,,photo,landscape,opaque-border,
carsystem-multi-green-plus-1-0-super-light,carsystem,glavna,/products/carsystem/catalog/carsystem-multi-green-plus-1-0-super-light.webp,/remastered/products/carsystem/catalog/carsystem-multi-green-plus-1-0-super-light.webp,cutout,landscape,alpha,
carsystem-multi-green-rapid,carsystem,glavna,/products/carsystem/catalog/carsystem-multi-green-rapid.webp,/remastered/products/carsystem/catalog/carsystem-multi-green-rapid.webp,cutout,landscape,alpha,
carsystem-multi-green-sf,carsystem,glavna,/products/carsystem/catalog/carsystem-multi-green-sf.webp,/remastered/products/carsystem/catalog/carsystem-multi-green-sf.webp,cutout,landscape,alpha,
carsystem-multi-green-sf,carsystem,galerija,/products/carsystem/catalog/carsystem-multi-green-sf-2.webp,,photo,landscape,canvas,
carsystem-multi-light,carsystem,glavna,/products/carsystem/catalog/carsystem-multi-light.webp,/remastered/products/carsystem/catalog/carsystem-multi-light.webp,cutout,landscape,alpha,
carsystem-multi-light,carsystem,galerija,/products/carsystem/catalog/carsystem-multi-light-2.webp,,cutout,landscape,alpha,
carsystem-multi-mix-bucket,carsystem,glavna,/products/carsystem/catalog/carsystem-multi-mix-bucket.webp,,cutout,portrait,alpha,
carsystem-multi-mix-cup,carsystem,glavna,/products/carsystem/catalog/carsystem-multi-mix-cup.webp,,cutout,square,alpha,
carsystem-multi-mix-lids,carsystem,glavna,/products/carsystem/catalog/carsystem-multi-mix-lids.webp,,cutout,landscape,alpha,
carsystem-multi-mix-lids,carsystem,galerija,/products/carsystem/catalog/carsystem-multi-mix-lids-2.webp,,photo,landscape,opaque-border,
carsystem-multi-mix-lids,carsystem,galerija,/products/carsystem/catalog/carsystem-multi-mix-lids-3.webp,,backdrop,landscape,opaque-border,#ffffff
carsystem-multi-plus,carsystem,glavna,/products/carsystem/catalog/carsystem-multi-plus.webp,/remastered/products/carsystem/catalog/carsystem-multi-plus.webp,cutout,landscape,alpha,
carsystem-multi-silver-light,carsystem,glavna,/products/carsystem/catalog/carsystem-multi-silver-light.webp,/remastered/products/carsystem/catalog/carsystem-multi-silver-light.webp,cutout,landscape,alpha,
carsystem-multi-soft,carsystem,glavna,/products/carsystem/catalog/carsystem-multi-soft.webp,/remastered/products/carsystem/catalog/carsystem-multi-soft.webp,cutout,landscape,alpha,
carsystem-multi-stand,carsystem,glavna,/products/carsystem/catalog/carsystem-multi-stand.webp,,cutout,portrait,alpha,
carsystem-multi-stand,carsystem,galerija,/products/carsystem/catalog/carsystem-multi-stand-2.webp,,photo,portrait,canvas,
carsystem-multi-stand,carsystem,galerija,/products/carsystem/catalog/carsystem-multi-stand-3.webp,,photo,portrait,canvas,
carsystem-multi-super-flex,carsystem,glavna,/products/carsystem/catalog/carsystem-multi-super-flex.webp,/remastered/products/carsystem/catalog/carsystem-multi-super-flex.webp,cutout,landscape,alpha,
carsystem-nano-carnauba-wax,carsystem,glavna,/products/carsystem/catalog/carsystem-nano-carnauba-wax.webp,,cutout,portrait,alpha,
carsystem-nano-easy-cleaner,carsystem,glavna,/products/carsystem/catalog/carsystem-nano-easy-cleaner.webp,,cutout,square,alpha,
carsystem-neopren-hand,carsystem,glavna,/products/carsystem/catalog/carsystem-neopren-hand.webp,,cutout,portrait,alpha,
carsystem-nippel-nipple-for-quick-connector,carsystem,glavna,/products/carsystem/catalog/carsystem-nippel-nipple-for-quick-connector.webp,,cutout,portrait,alpha,
carsystem-nippel-nipple-with-inner-thread,carsystem,glavna,/products/carsystem/catalog/carsystem-nippel-nipple-with-inner-thread.webp,,cutout,landscape,alpha,
carsystem-nippel-nipple-with-outer-thread,carsystem,glavna,/products/carsystem/catalog/carsystem-nippel-nipple-with-outer-thread.webp,,cutout,landscape,alpha,
carsystem-nitril-hand-premium-black,carsystem,glavna,/products/carsystem/catalog/carsystem-nitril-hand-premium-black.webp,,cutout,square,alpha,
carsystem-nitril-hand-premium-black,carsystem,galerija,/products/carsystem/catalog/carsystem-nitril-hand-premium-black-2.webp,,photo,square,canvas,
carsystem-nitril-hand-premium-black,carsystem,galerija,/products/carsystem/catalog/carsystem-nitril-hand-premium-black-3.webp,,photo,square,opaque-border,
carsystem-orbital-sander-csh-cms01-kit,carsystem,glavna,/products/carsystem/catalog/carsystem-orbital-sander-csh-cms01-kit.webp,/remastered/products/carsystem/catalog/carsystem-orbital-sander-csh-cms01-kit.webp,cutout,square,alpha,
carsystem-orbital-sander-csh-cms01-kit,carsystem,galerija,/products/carsystem/catalog/carsystem-orbital-sander-csh-cms01-kit-2.webp,,photo,square,canvas,
carsystem-orbital-sander-csh-cms01-kit,carsystem,galerija,/products/carsystem/catalog/carsystem-orbital-sander-csh-cms01-kit-3.webp,,photo,square,canvas,
carsystem-pad-saver,carsystem,glavna,/products/carsystem/catalog/carsystem-pad-saver.webp,,cutout,square,alpha,
carsystem-padded-jacket-black-2025,carsystem,glavna,/products/carsystem/catalog/carsystem-padded-jacket-black-2025.webp,,cutout,portrait,alpha,
carsystem-padded-jacket-black-2025,carsystem,galerija,/products/carsystem/catalog/carsystem-padded-jacket-black-2025-2.webp,,photo,portrait,canvas,
carsystem-padded-jacket-black-2025,carsystem,galerija,/products/carsystem/catalog/carsystem-padded-jacket-black-2025-3.webp,,photo,portrait,canvas,
carsystem-padded-vest-black,carsystem,glavna,/products/carsystem/catalog/carsystem-padded-vest-black.webp,,cutout,square,alpha,
carsystem-padded-vest-black,carsystem,galerija,/products/carsystem/catalog/carsystem-padded-vest-black-2.webp,,photo,square,canvas,
carsystem-padded-vest-black,carsystem,galerija,/products/carsystem/catalog/carsystem-padded-vest-black-3.webp,,photo,square,canvas,
carsystem-padded-vest-black-2025,carsystem,glavna,/products/carsystem/catalog/carsystem-padded-vest-black-2025.webp,,cutout,portrait,alpha,
carsystem-padded-vest-black-2025,carsystem,galerija,/products/carsystem/catalog/carsystem-padded-vest-black-2025-2.webp,,photo,portrait,canvas,
carsystem-padded-vest-black-2025,carsystem,galerija,/products/carsystem/catalog/carsystem-padded-jacket-black-2025-3.webp,,photo,portrait,canvas,
carsystem-paint-overall-blue,carsystem,glavna,/products/carsystem/catalog/carsystem-paint-overall-blue.webp,,cutout,portrait,alpha,
carsystem-paint-overall-blue,carsystem,galerija,/products/carsystem/catalog/carsystem-paint-overall-blue-2.webp,,photo,portrait,canvas,
carsystem-paint-overall-blue,carsystem,galerija,/products/carsystem/catalog/carsystem-paint-overall-blue-3.webp,,photo,portrait,canvas,
carsystem-paint-planer,carsystem,glavna,/products/carsystem/catalog/carsystem-paint-planer.webp,,cutout,landscape,alpha,
carsystem-paint-system-cps-2-0,carsystem,glavna,/products/carsystem/catalog/carsystem-paint-system-cps-2-0.webp,,cutout,portrait,alpha,
carsystem-paint-system-cps-2-0,carsystem,galerija,/products/carsystem/catalog/carsystem-paint-system-cps-2-0-2.webp,,cutout,portrait,alpha,
carsystem-paint-system-cps-2-0,carsystem,galerija,/products/carsystem/catalog/carsystem-paint-system-cps-2-0-3.webp,,photo,portrait,opaque-border,
carsystem-paint-system-cps-3-0,carsystem,glavna,/products/carsystem/catalog/carsystem-paint-system-cps-3-0.webp,,cutout,square,alpha,
carsystem-paint-system-cps-3-0,carsystem,galerija,/products/carsystem/catalog/carsystem-paint-system-cps-3-0-2.webp,,cutout,square,alpha,
carsystem-paint-system-cps-3-0,carsystem,galerija,/products/carsystem/catalog/carsystem-paint-system-cps-3-0-3.webp,,photo,square,opaque-border,
carsystem-paint-trolley,carsystem,glavna,/products/carsystem/catalog/carsystem-paint-trolley.webp,,cutout,square,alpha,
carsystem-paint-trolley-flexi-plus,carsystem,glavna,/products/carsystem/catalog/carsystem-paint-trolley-flexi-plus.webp,/remastered/products/carsystem/catalog/carsystem-paint-trolley-flexi-plus.webp,cutout,square,alpha,
carsystem-paper-trolley,carsystem,glavna,/products/carsystem/catalog/carsystem-paper-trolley.webp,,cutout,square,alpha,
carsystem-paper-trolley-1500,carsystem,glavna,/products/carsystem/catalog/carsystem-paper-trolley-1500.webp,,cutout,portrait,alpha,
carsystem-pdc-easy-paint,carsystem,glavna,/products/carsystem/catalog/carsystem-pdc-easy-paint.webp,,cutout,landscape,alpha,
carsystem-pdc-easy-paint,carsystem,galerija,/products/carsystem/catalog/carsystem-pdc-easy-paint-2.webp,,photo,landscape,opaque-border,
carsystem-pdc-easy-paint,carsystem,galerija,/products/carsystem/catalog/carsystem-pdc-easy-paint-3.webp,,photo,landscape,canvas,
carsystem-pen-trinity-gum-black,carsystem,glavna,/products/carsystem/catalog/carsystem-pen-trinity-gum-black.webp,,cutout,portrait,alpha,
carsystem-plastic-can-empty,carsystem,glavna,/products/carsystem/catalog/carsystem-plastic-can-empty.webp,,cutout,square,alpha,
carsystem-plastic-primer,carsystem,glavna,/products/carsystem/catalog/carsystem-plastic-primer.webp,,cutout,portrait,alpha,
carsystem-plastic-pro,carsystem,glavna,/products/carsystem/catalog/carsystem-plastic-pro.webp,/remastered/products/carsystem/catalog/carsystem-plastic-pro.webp,cutout,landscape,alpha,
carsystem-plastic-spreader,carsystem,glavna,/products/carsystem/catalog/carsystem-plastic-spreader.webp,,cutout,landscape,alpha,
carsystem-polish-c-05-cut,carsystem,glavna,/products/carsystem/catalog/carsystem-polish-c-05-cut.webp,,cutout,portrait,alpha,
carsystem-polish-c-05-cut,carsystem,galerija,/products/carsystem/catalog/carsystem-polish-c-05-cut-2.webp,,photo,portrait,opaque-border,
carsystem-polish-c-05-cut,carsystem,galerija,/products/carsystem/catalog/carsystem-polish-c-05-cut-3.webp,,photo,portrait,canvas,
carsystem-polish-c-07-cut,carsystem,glavna,/products/carsystem/catalog/carsystem-polish-c-07-cut.webp,,cutout,portrait,alpha,
carsystem-polish-c-07-cut,carsystem,galerija,/products/carsystem/catalog/carsystem-polish-c-07-cut-2.webp,,photo,portrait,canvas,
carsystem-polish-c-07-cut,carsystem,galerija,/products/carsystem/catalog/carsystem-polish-c-07-cut-3.webp,,photo,portrait,canvas,
carsystem-polish-c-10-strong,carsystem,glavna,/products/carsystem/catalog/carsystem-polish-c-10-strong.webp,,cutout,portrait,alpha,
carsystem-polish-c-30-finish,carsystem,glavna,/products/carsystem/catalog/carsystem-polish-c-30-finish.webp,/remastered/products/carsystem/catalog/carsystem-polish-c-30-finish.webp,cutout,portrait,alpha,
carsystem-polish-c-30-finish,carsystem,galerija,/products/carsystem/catalog/carsystem-finish-foam-white-ah-2.webp,,photo,portrait,opaque-border,
carsystem-polish-coarse-step-1,carsystem,glavna,/products/carsystem/catalog/carsystem-polish-coarse-step-1.webp,,cutout,portrait,alpha,
carsystem-polish-fine-step-2,carsystem,glavna,/products/carsystem/catalog/carsystem-polish-fine-step-2.webp,,cutout,portrait,alpha,
carsystem-polish-foam-green,carsystem,glavna,/products/carsystem/catalog/carsystem-polish-foam-green.webp,,cutout,landscape,alpha,
carsystem-polish-foam-green,carsystem,galerija,/products/carsystem/catalog/carsystem-polish-c-05-cut-2.webp,,photo,landscape,opaque-border,
carsystem-polish-foam-green,carsystem,galerija,/products/carsystem/catalog/carsystem-finish-foam-white-ah-3.webp,,backdrop,landscape,opaque-border,#ffffff
carsystem-polish-foam-white-sc,carsystem,glavna,/products/carsystem/catalog/carsystem-polish-foam-white-sc.webp,,cutout,landscape,alpha,
carsystem-polish-foam-white-sc,carsystem,galerija,/products/carsystem/catalog/carsystem-polish-foam-white-sc-2.webp,,photo,landscape,canvas,
carsystem-polish-foam-yellow,carsystem,glavna,/products/carsystem/catalog/carsystem-polish-foam-yellow.webp,,cutout,landscape,alpha,
carsystem-polish-foam-yellow,carsystem,galerija,/products/carsystem/catalog/carsystem-polish-foam-yellow-2.webp,,photo,landscape,canvas,
carsystem-polish-foam-yellow,carsystem,galerija,/products/carsystem/catalog/carsystem-finish-foam-white-ah-3.webp,,backdrop,landscape,opaque-border,#ffffff
carsystem-polish-waffle-foam-yellow,carsystem,glavna,/products/carsystem/catalog/carsystem-polish-waffle-foam-yellow.webp,,cutout,landscape,alpha,
carsystem-polish-waffle-foam-yellow,carsystem,galerija,/products/carsystem/catalog/carsystem-polish-waffle-foam-yellow-2.webp,,photo,landscape,canvas,
carsystem-polish-waffle-foam-yellow,carsystem,galerija,/products/carsystem/catalog/carsystem-polish-waffle-foam-yellow-3.webp,,photo,landscape,canvas,
carsystem-polish-x8000-ah,carsystem,glavna,/products/carsystem/catalog/carsystem-polish-x8000-ah.webp,,cutout,portrait,alpha,
carsystem-polish-x8000-ah,carsystem,galerija,/products/carsystem/catalog/carsystem-polish-x8000-ah-2.webp,,cutout,portrait,alpha,
carsystem-polish-x8000-ah,carsystem,galerija,/products/carsystem/catalog/carsystem-polish-x8000-ah-3.webp,,photo,portrait,opaque-border,
carsystem-polishing-back-pad,carsystem,glavna,/products/carsystem/catalog/carsystem-polishing-back-pad.webp,,cutout,square,alpha,
carsystem-polishing-machine-rc-166,carsystem,glavna,/products/carsystem/catalog/carsystem-polishing-machine-rc-166.webp,,cutout,square,alpha,
carsystem-polishing-pad-x1500,carsystem,glavna,/products/carsystem/catalog/carsystem-polishing-pad-x1500.webp,,cutout,landscape,alpha,
carsystem-polishing-pad-x1500,carsystem,galerija,/products/carsystem/catalog/carsystem-polishing-pad-x1500-2.webp,/remastered/products/carsystem/catalog/carsystem-polishing-pad-x1500-2.webp,cutout,landscape,alpha,
carsystem-polishing-pad-x1500,carsystem,galerija,/products/carsystem/catalog/carsystem-polishing-pad-x1500-3.webp,,photo,landscape,canvas,
carsystem-polishing-pad-x8000,carsystem,glavna,/products/carsystem/catalog/carsystem-polishing-pad-x8000.webp,/remastered/products/carsystem/catalog/carsystem-polishing-pad-x8000.webp,cutout,landscape,alpha,
carsystem-polishing-pad-x8000,carsystem,galerija,/products/carsystem/catalog/carsystem-polishing-pad-x8000-2.webp,/remastered/products/carsystem/catalog/carsystem-polishing-pad-x8000-2.webp,cutout,landscape,alpha,
carsystem-polishing-pad-x8000,carsystem,galerija,/products/carsystem/catalog/carsystem-polishing-pad-x8000-3.webp,,photo,landscape,canvas,
carsystem-polyester-repair-resin,carsystem,glavna,/products/carsystem/catalog/carsystem-polyester-repair-resin.webp,,cutout,portrait,alpha,
carsystem-polyester-repair-set,carsystem,glavna,/products/carsystem/catalog/carsystem-polyester-repair-set.webp,,cutout,square,alpha,
carsystem-power-pu-bond,carsystem,glavna,/products/carsystem/catalog/carsystem-power-pu-bond.webp,,cutout,square,alpha,
carsystem-power-pu-bond-film,carsystem,glavna,/products/carsystem/catalog/carsystem-power-pu-bond-film.webp,,cutout,landscape,alpha,
carsystem-power-pu-bond-gun,carsystem,glavna,/products/carsystem/catalog/carsystem-power-pu-bond-gun.webp,,cutout,landscape,alpha,
carsystem-power-pu-bond-mixer,carsystem,glavna,/products/carsystem/catalog/carsystem-power-pu-bond-mixer.webp,,cutout,portrait,alpha,
carsystem-prefill-spray,carsystem,glavna,/products/carsystem/catalog/carsystem-prefill-spray.webp,,cutout,portrait,alpha,
carsystem-prefill-spray-water,carsystem,glavna,/products/carsystem/catalog/carsystem-prefill-spray-water.webp,,cutout,portrait,alpha,
carsystem-prep-brush,carsystem,glavna,/products/carsystem/catalog/carsystem-prep-brush.webp,,cutout,landscape,alpha,
carsystem-prep-hand-ii,carsystem,glavna,/products/carsystem/catalog/carsystem-prep-hand-ii.webp,,cutout,square,alpha,
carsystem-prep-hand-iii,carsystem,glavna,/products/carsystem/catalog/carsystem-prep-hand-iii.webp,,cutout,square,alpha,
carsystem-prep-scuff,carsystem,glavna,/products/carsystem/catalog/carsystem-prep-scuff.webp,,cutout,portrait,alpha,
carsystem-prep-scuff,carsystem,galerija,/products/carsystem/catalog/carsystem-prep-scuff-2.webp,,photo,portrait,opaque-border,
carsystem-prep-scuff,carsystem,galerija,/products/carsystem/catalog/carsystem-prep-scuff-3.webp,,photo,portrait,canvas,
carsystem-primer-spray,carsystem,glavna,/products/carsystem/catalog/carsystem-primer-spray.webp,,cutout,portrait,alpha,
carsystem-primer-surfacing-spray,carsystem,glavna,/products/carsystem/catalog/carsystem-primer-surfacing-spray.webp,,cutout,portrait,alpha,
carsystem-primer-surfacing-spray,carsystem,galerija,/products/carsystem/catalog/carsystem-primer-surfacing-spray-2.webp,,photo,portrait,canvas,
carsystem-proflex-back-pad-psa,carsystem,glavna,/products/carsystem/catalog/carsystem-proflex-back-pad-psa.webp,,cutout,landscape,alpha,
carsystem-proflex-callisto-150-mm,carsystem,glavna,/products/carsystem/catalog/carsystem-proflex-callisto-150-mm.webp,,cutout,square,alpha,
carsystem-proflex-callisto-150-mm,carsystem,galerija,/products/carsystem/catalog/carsystem-proflex-callisto-150-mm-2.webp,,photo,square,canvas,
carsystem-proflex-callisto-150-mm,carsystem,galerija,/products/carsystem/catalog/carsystem-proflex-callisto-150-mm-3.webp,,backdrop,square,opaque-border,#ffffff
carsystem-proflex-callisto-33-mm,carsystem,glavna,/products/carsystem/catalog/carsystem-proflex-callisto-33-mm.webp,,cutout,square,alpha,
carsystem-proflex-callisto-33-mm,carsystem,galerija,/products/carsystem/catalog/carsystem-proflex-callisto-33-mm-2.webp,,photo,square,canvas,
carsystem-proflex-callisto-33-mm,carsystem,galerija,/products/carsystem/catalog/carsystem-proflex-callisto-150-mm-3.webp,,backdrop,square,opaque-border,#ffffff
carsystem-proflex-callisto-77-mm,carsystem,glavna,/products/carsystem/catalog/carsystem-proflex-callisto-77-mm.webp,,cutout,square,alpha,
carsystem-proflex-callisto-77-mm,carsystem,galerija,/products/carsystem/catalog/carsystem-proflex-callisto-77-mm-2.webp,,photo,square,canvas,
carsystem-proflex-callisto-77-mm,carsystem,galerija,/products/carsystem/catalog/carsystem-proflex-callisto-150-mm-3.webp,,backdrop,square,opaque-border,#ffffff
carsystem-proflex-hydra-152-mm,carsystem,glavna,/products/carsystem/catalog/carsystem-proflex-hydra-152-mm.webp,,cutout,square,alpha,
carsystem-proflex-hydra-152-mm,carsystem,galerija,/products/carsystem/catalog/carsystem-proflex-hydra-152-mm-2.webp,,photo,square,canvas,
carsystem-proflex-hydra-152-mm,carsystem,galerija,/products/carsystem/catalog/carsystem-proflex-hydra-152-mm-3.webp,,photo,square,canvas,
carsystem-proflex-hydra-75-mm,carsystem,glavna,/products/carsystem/catalog/carsystem-proflex-hydra-75-mm.webp,,cutout,square,alpha,
carsystem-proflex-hydra-75-mm,carsystem,galerija,/products/carsystem/catalog/carsystem-proflex-hydra-152-mm-2.webp,,photo,square,canvas,
carsystem-proflex-hydra-75-mm,carsystem,galerija,/products/carsystem/catalog/carsystem-proflex-hydra-75-mm-3.webp,,photo,square,opaque-border,
carsystem-proflex-interface-pad-150-mm-15-holes,carsystem,glavna,/products/carsystem/catalog/carsystem-proflex-interface-pad-150-mm-15-holes.webp,,cutout,landscape,alpha,
carsystem-proflex-interface-pad-150-mm-15-holes,carsystem,galerija,/products/carsystem/catalog/carsystem-proflex-interface-pad-150-mm-15-holes-2.webp,,backdrop,landscape,opaque-border,#ffffff
carsystem-proflex-interface-pad-150-mm-15-holes,carsystem,galerija,/products/carsystem/catalog/carsystem-proflex-interface-pad-150-mm-15-holes-3.webp,,photo,landscape,canvas,
carsystem-proflex-interface-pad-30-mm,carsystem,glavna,/products/carsystem/catalog/carsystem-proflex-interface-pad-30-mm.webp,,cutout,portrait,alpha,
carsystem-proflex-interface-pad-75-mm,carsystem,glavna,/products/carsystem/catalog/carsystem-proflex-interface-pad-75-mm.webp,,cutout,landscape,alpha,
carsystem-proflex-interface-pad-75-mm,carsystem,galerija,/products/carsystem/catalog/carsystem-proflex-interface-pad-75-mm-2.webp,,backdrop,landscape,opaque-border,#ffffff
carsystem-proflex-interface-pad-finish-150-mm-15-holes,carsystem,glavna,/products/carsystem/catalog/carsystem-proflex-interface-pad-finish-150-mm-15-holes.webp,,cutout,square,alpha,
carsystem-proflex-interface-pad-finish-150-mm-15-holes,carsystem,galerija,/products/carsystem/catalog/carsystem-proflex-interface-pad-finish-150-mm-15-holes-2.webp,,photo,square,opaque-border,
carsystem-proflex-interface-pad-finish-150-mm-15-holes,carsystem,galerija,/products/carsystem/catalog/carsystem-proflex-interface-pad-finish-150-mm-15-holes-3.webp,,photo,square,opaque-border,
carsystem-proflex-interface-pad-finish-75-mm,carsystem,glavna,/products/carsystem/catalog/carsystem-proflex-interface-pad-finish-75-mm.webp,,cutout,square,alpha,
carsystem-proflex-interface-pad-finish-75-mm,carsystem,galerija,/products/carsystem/catalog/carsystem-proflex-interface-pad-finish-75-mm-2.webp,,photo,square,opaque-border,
carsystem-proflex-interface-pad-finish-75-mm,carsystem,galerija,/products/carsystem/catalog/carsystem-proflex-interface-pad-finish-75-mm-3.webp,,photo,square,opaque-border,
carsystem-proflex-jupiter-152-mm,carsystem,glavna,/products/carsystem/catalog/carsystem-proflex-jupiter-152-mm.webp,,cutout,square,alpha,
carsystem-proflex-jupiter-152-mm-15-holes,carsystem,glavna,/products/carsystem/catalog/carsystem-proflex-jupiter-152-mm-15-holes.webp,,cutout,square,alpha,
carsystem-proflex-jupiter-152-mm-15-holes,carsystem,galerija,/products/carsystem/catalog/carsystem-proflex-jupiter-152-mm-15-holes-2.webp,,photo,square,canvas,
carsystem-proflex-jupiter-152-mm-15-holes,carsystem,galerija,/products/carsystem/catalog/carsystem-proflex-interface-pad-150-mm-15-holes-3.webp,,photo,square,canvas,
carsystem-proflex-jupiter-75-mm,carsystem,glavna,/products/carsystem/catalog/carsystem-proflex-jupiter-75-mm.webp,,cutout,square,alpha,
carsystem-proflex-jupiter-75-mm,carsystem,galerija,/products/carsystem/catalog/carsystem-proflex-jupiter-75-mm-2.webp,,photo,square,opaque-border,
carsystem-proflex-jupiter-75-mm,carsystem,galerija,/products/carsystem/catalog/carsystem-proflex-jupiter-75-mm-3.webp,,photo,square,opaque-border,
carsystem-proflex-jupiter-soft-152-mm,carsystem,glavna,/products/carsystem/catalog/carsystem-proflex-jupiter-soft-152-mm.webp,,cutout,square,alpha,
carsystem-proflex-jupiter-soft-152-mm,carsystem,galerija,/products/carsystem/catalog/carsystem-proflex-jupiter-soft-152-mm-2.webp,,photo,square,opaque-border,
carsystem-proflex-jupiter-soft-152-mm,carsystem,galerija,/products/carsystem/catalog/carsystem-proflex-jupiter-soft-152-mm-3.webp,,photo,square,canvas,
carsystem-proflex-jupiter-soft-75-mm,carsystem,glavna,/products/carsystem/catalog/carsystem-proflex-jupiter-soft-75-mm.webp,,cutout,square,alpha,
carsystem-proflex-jupiter-soft-75-mm,carsystem,galerija,/products/carsystem/catalog/carsystem-proflex-jupiter-soft-75-mm-2.webp,,photo,square,canvas,
carsystem-proflex-jupiter-soft-75-mm,carsystem,galerija,/products/carsystem/catalog/carsystem-proflex-jupiter-soft-75-mm-3.webp,,photo,square,canvas,
carsystem-proflex-jupiter-soft-h2o-152-mm,carsystem,glavna,/products/carsystem/catalog/carsystem-proflex-jupiter-soft-h2o-152-mm.webp,,cutout,square,alpha,
carsystem-proflex-jupiter-soft-h2o-152-mm,carsystem,galerija,/products/carsystem/catalog/carsystem-proflex-jupiter-soft-h2o-152-mm-2.webp,,photo,square,opaque-border,
carsystem-proflex-jupiter-soft-h2o-152-mm,carsystem,galerija,/products/carsystem/catalog/carsystem-proflex-jupiter-soft-h2o-152-mm-3.webp,,photo,square,opaque-border,
carsystem-proflex-jupiter-soft-h2o-77-mm,carsystem,glavna,/products/carsystem/catalog/carsystem-proflex-jupiter-soft-h2o-77-mm.webp,,cutout,square,alpha,
carsystem-proflex-jupiter-soft-h2o-77-mm,carsystem,galerija,/products/carsystem/catalog/carsystem-proflex-jupiter-soft-h2o-77-mm-2.webp,,photo,square,opaque-border,
carsystem-proflex-jupiter-soft-h2o-77-mm,carsystem,galerija,/products/carsystem/catalog/carsystem-proflex-jupiter-soft-h2o-77-mm-3.webp,,photo,square,opaque-border,
carsystem-proflex-mercury,carsystem,glavna,/products/carsystem/catalog/carsystem-proflex-mercury.webp,/remastered/products/carsystem/catalog/carsystem-proflex-mercury.webp,cutout,landscape,alpha,
carsystem-proflex-mercury,carsystem,galerija,/products/carsystem/catalog/carsystem-proflex-mercury-2.webp,,photo,landscape,opaque-border,
carsystem-proflex-mercury,carsystem,galerija,/products/carsystem/catalog/carsystem-proflex-mercury-3.webp,,photo,landscape,opaque-border,
carsystem-proflex-mercury-sanding-block,carsystem,glavna,/products/carsystem/catalog/carsystem-proflex-mercury-sanding-block.webp,,cutout,square,alpha,
carsystem-proflex-mercury-sanding-block,carsystem,galerija,/products/carsystem/catalog/carsystem-proflex-mercury-sanding-block-2.webp,,photo,square,canvas,
carsystem-proflex-mercury-sanding-block,carsystem,galerija,/products/carsystem/catalog/carsystem-proflex-mercury-sanding-block-3.webp,,photo,square,canvas,
carsystem-proflex-neptune,carsystem,glavna,/products/carsystem/catalog/carsystem-proflex-neptune.webp,/remastered/products/carsystem/catalog/carsystem-proflex-neptune.webp,cutout,square,alpha,
carsystem-proflex-neptune,carsystem,galerija,/products/carsystem/catalog/carsystem-proflex-neptune-2.webp,,photo,square,canvas,
carsystem-proflex-neptune-pad-maxgrip,carsystem,glavna,/products/carsystem/catalog/carsystem-proflex-neptune-pad-maxgrip.webp,,cutout,landscape,alpha,
carsystem-proflex-neptune-soft,carsystem,glavna,/products/carsystem/catalog/carsystem-proflex-neptune-soft.webp,,cutout,landscape,alpha,
carsystem-proflex-neptune-soft,carsystem,galerija,/products/carsystem/catalog/carsystem-proflex-neptune-soft-2.webp,,photo,landscape,canvas,
carsystem-proflex-neptune-soft,carsystem,galerija,/products/carsystem/catalog/carsystem-proflex-neptune-soft-3.webp,,photo,landscape,opaque-border,
carsystem-proflex-pluto,carsystem,glavna,/products/carsystem/catalog/carsystem-proflex-pluto.webp,,cutout,landscape,alpha,
carsystem-proflex-pluto,carsystem,galerija,/products/carsystem/catalog/carsystem-proflex-pluto-2.webp,,photo,landscape,canvas,
carsystem-proflex-pluto-sanding-block,carsystem,glavna,/products/carsystem/catalog/carsystem-proflex-pluto-sanding-block.webp,,cutout,square,alpha,
carsystem-proflex-pluto-sanding-block,carsystem,galerija,/products/carsystem/catalog/carsystem-proflex-pluto-sanding-block-2.webp,,photo,square,opaque-border,
carsystem-proflex-pluto-sanding-block,carsystem,galerija,/products/carsystem/catalog/carsystem-proflex-pluto-2.webp,,photo,square,canvas,
carsystem-proflex-styx,carsystem,glavna,/products/carsystem/catalog/carsystem-proflex-styx.webp,,cutout,landscape,alpha,
carsystem-proflex-styx,carsystem,galerija,/products/carsystem/catalog/carsystem-proflex-styx-2.webp,,cutout,landscape,alpha,
carsystem-proflex-styx,carsystem,galerija,/products/carsystem/catalog/carsystem-proflex-styx-3.webp,,photo,landscape,canvas,
carsystem-protective-film-spf,carsystem,glavna,/products/carsystem/catalog/carsystem-protective-film-spf.webp,,cutout,square,alpha,
carsystem-pump-for-hand-cleaner-3-l,carsystem,glavna,/products/carsystem/catalog/carsystem-pump-for-hand-cleaner-3-l.webp,,cutout,square,alpha,
carsystem-pump-sprayer,carsystem,glavna,/products/carsystem/catalog/carsystem-pump-sprayer.webp,,cutout,square,alpha,
carsystem-pump-sprayer,carsystem,galerija,/products/carsystem/catalog/carsystem-pump-sprayer-2.webp,,photo,square,canvas,
carsystem-pump-sprayer,carsystem,galerija,/products/carsystem/catalog/carsystem-pump-sprayer-3.webp,,photo,square,canvas,
carsystem-putty-dispenser,carsystem,glavna,/products/carsystem/catalog/carsystem-putty-dispenser.webp,,cutout,portrait,alpha,
carsystem-putty-knife,carsystem,glavna,/products/carsystem/catalog/carsystem-putty-knife.webp,,cutout,landscape,alpha,
carsystem-putty-mix-board,carsystem,glavna,/products/carsystem/catalog/carsystem-putty-mix-board.webp,,cutout,square,alpha,
carsystem-rallye-spray-gloss,carsystem,glavna,/products/carsystem/catalog/carsystem-rallye-spray-gloss.webp,,cutout,portrait,alpha,
carsystem-rallye-spray-matt,carsystem,glavna,/products/carsystem/catalog/carsystem-rallye-spray-matt.webp,,cutout,portrait,alpha,
carsystem-rallye-spray-matt,carsystem,galerija,/products/carsystem/catalog/carsystem-rallye-spray-matt-2.webp,,photo,portrait,canvas,
carsystem-rallye-spray-premium-black-glossy,carsystem,glavna,/products/carsystem/catalog/carsystem-rallye-spray-premium-black-glossy.webp,/remastered/products/carsystem/catalog/carsystem-rallye-spray-premium-black-glossy.webp,cutout,portrait,alpha,
carsystem-rallye-spray-premium-black-matt,carsystem,glavna,/products/carsystem/catalog/carsystem-rallye-spray-premium-black-matt.webp,/remastered/products/carsystem/catalog/carsystem-rallye-spray-premium-black-matt.webp,cutout,portrait,alpha,
carsystem-rallye-spray-premium-black-matt,carsystem,galerija,/products/carsystem/catalog/carsystem-rallye-spray-premium-black-matt-2.webp,,photo,portrait,canvas,
carsystem-rapid-charger-for-csh-battery-powered,carsystem,glavna,/products/carsystem/catalog/carsystem-rapid-charger-for-csh-battery-powered.webp,,cutout,square,alpha,
carsystem-rapid-charger-for-csh-battery-powered,carsystem,galerija,/products/carsystem/catalog/carsystem-rapid-charger-for-csh-battery-powered-2.webp,,cutout,square,alpha,
carsystem-red-tape,carsystem,glavna,/products/carsystem/catalog/carsystem-red-tape.webp,,cutout,square,alpha,
carsystem-red-tape,carsystem,galerija,/products/carsystem/catalog/carsystem-red-tape-2.webp,,cutout,square,alpha,
carsystem-red-tape,carsystem,galerija,/products/carsystem/catalog/carsystem-red-tape-3.webp,,photo,square,canvas,
carsystem-refinish-1,carsystem,glavna,/products/carsystem/catalog/carsystem-refinish-1.webp,,cutout,portrait,alpha,
carsystem-refinish-restorer,carsystem,glavna,/products/carsystem/catalog/carsystem-refinish-restorer.webp,,cutout,portrait,alpha,
carsystem-replacement-spray-head-adjustable,carsystem,glavna,/products/carsystem/catalog/carsystem-replacement-spray-head-adjustable.webp,,cutout,square,alpha,
carsystem-replacement-spray-head-red,carsystem,glavna,/products/carsystem/catalog/carsystem-replacement-spray-head-red.webp,,cutout,square,alpha,
carsystem-rotary-polisher-csh-crp01-kit,carsystem,glavna,/products/carsystem/catalog/carsystem-rotary-polisher-csh-crp01-kit.webp,,cutout,landscape,alpha,
carsystem-rotary-polisher-csh-crp01-kit,carsystem,galerija,/products/carsystem/catalog/carsystem-rotary-polisher-csh-crp01-kit-2.webp,,backdrop,landscape,opaque-border,#ffffff
carsystem-rotary-polisher-csh-crp01-kit,carsystem,galerija,/products/carsystem/catalog/carsystem-rotary-polisher-csh-crp01-kit-3.webp,,backdrop,landscape,opaque-border,#ffffff
carsystem-rubber-spreader-set,carsystem,glavna,/products/carsystem/catalog/carsystem-rubber-spreader-set.webp,,cutout,landscape,alpha,
carsystem-rubber-spreader-set,carsystem,galerija,/products/carsystem/catalog/carsystem-rubber-spreader-set-2.webp,,backdrop,landscape,opaque-border,#dadada
carsystem-rubber-spreader-set,carsystem,galerija,/products/carsystem/catalog/carsystem-rubber-spreader-set-3.webp,,photo,landscape,canvas,
carsystem-rupes-47-105-replacement-carbon-brush,rupes,glavna,/products/carsystem/catalog/carsystem-rupes-47-105-replacement-carbon-brush.webp,,cutout,square,alpha,
carsystem-rupes-9-holder-bigfoot,rupes,glavna,/products/carsystem/catalog/carsystem-rupes-9-holder-bigfoot.webp,,cutout,portrait,alpha,
carsystem-rupes-9-holder-bigfoot,rupes,galerija,/products/carsystem/catalog/carsystem-rupes-9-holder-bigfoot-2.webp,,backdrop,portrait,opaque-border,#ffffff
carsystem-rupes-angle-polishing-machine-lh76p,rupes,glavna,/products/carsystem/catalog/carsystem-rupes-angle-polishing-machine-lh76p.webp,,cutout,square,alpha,
carsystem-rupes-back-pad,rupes,glavna,/products/carsystem/catalog/carsystem-rupes-back-pad.webp,,cutout,landscape,alpha,
carsystem-rupes-carrier,rupes,glavna,/products/carsystem/catalog/carsystem-rupes-carrier.webp,,cutout,portrait,alpha,
carsystem-rupes-cleaning-and-maintenance-oil,rupes,glavna,/products/carsystem/catalog/carsystem-rupes-cleaning-and-maintenance-oil.webp,,cutout,portrait,alpha,
carsystem-rupes-ibrid-nano,rupes,glavna,/products/carsystem/catalog/carsystem-rupes-ibrid-nano.webp,,cutout,landscape,alpha,
carsystem-rupes-ibrid-nano,rupes,galerija,/products/carsystem/catalog/carsystem-rupes-ibrid-nano-2.webp,,photo,landscape,opaque-border,
carsystem-rupes-ibrid-nano,rupes,galerija,/products/carsystem/catalog/carsystem-rupes-ibrid-nano-3.webp,,backdrop,landscape,opaque-border,#ffffff
carsystem-rupes-ibrid-nano-q-maq,rupes,glavna,/products/carsystem/catalog/carsystem-rupes-ibrid-nano-q-maq.webp,,cutout,square,alpha,
carsystem-rupes-mini-polishing-machine-hlr75stb,rupes,glavna,/products/carsystem/catalog/carsystem-rupes-mini-polishing-machine-hlr75stb.webp,,cutout,square,alpha,
carsystem-rupes-mini-polishing-machine-hlr75stb,rupes,galerija,/products/carsystem/catalog/carsystem-rupes-mini-polishing-machine-hlr75stb-2.webp,,backdrop,square,opaque-border,#ffffff
carsystem-rupes-mini-random-orbital-sander-ld30,rupes,glavna,/products/carsystem/catalog/carsystem-rupes-mini-random-orbital-sander-ld30.webp,,cutout,square,alpha,
carsystem-rupes-orbital-sander-re21aln,rupes,glavna,/products/carsystem/catalog/carsystem-rupes-orbital-sander-re21aln.webp,,cutout,square,alpha,
carsystem-rupes-orbital-sander-sl42aes,rupes,glavna,/products/carsystem/catalog/carsystem-rupes-orbital-sander-sl42aes.webp,,cutout,landscape,alpha,
carsystem-rupes-orbital-sander-slp41a,rupes,glavna,/products/carsystem/catalog/carsystem-rupes-orbital-sander-slp41a.webp,/remastered/products/carsystem/catalog/carsystem-rupes-orbital-sander-slp41a.webp,cutout,landscape,alpha,
carsystem-rupes-polish-pad,rupes,glavna,/products/carsystem/catalog/carsystem-rupes-polish-pad.webp,,cutout,landscape,alpha,
carsystem-rupes-polish-pad,rupes,galerija,/products/carsystem/catalog/carsystem-rupes-polish-pad-2.webp,,cutout,landscape,alpha,
carsystem-rupes-polish-pad,rupes,galerija,/products/carsystem/catalog/carsystem-rupes-polish-pad-3.webp,,cutout,landscape,alpha,
carsystem-rupes-polishing-machine-lh19e,rupes,glavna,/products/carsystem/catalog/carsystem-rupes-polishing-machine-lh19e.webp,/remastered/products/carsystem/catalog/carsystem-rupes-polishing-machine-lh19e.webp,cutout,landscape,alpha,
carsystem-rupes-polishing-machine-lhr15,rupes,glavna,/products/carsystem/catalog/carsystem-rupes-polishing-machine-lhr15.webp,,cutout,landscape,alpha,
carsystem-rupes-polishing-machine-lhr75,rupes,glavna,/products/carsystem/catalog/carsystem-rupes-polishing-machine-lhr75.webp,/remastered/products/carsystem/catalog/carsystem-rupes-polishing-machine-lhr75.webp,cutout,landscape,alpha,
carsystem-rupes-polishing-machine-lhr75e,rupes,glavna,/products/carsystem/catalog/carsystem-rupes-polishing-machine-lhr75e.webp,,cutout,square,alpha,
carsystem-rupes-random-orbital-sander-er,rupes,glavna,/products/carsystem/catalog/carsystem-rupes-random-orbital-sander-er.webp,,cutout,landscape,alpha,
carsystem-rupes-random-orbital-sander-ta50,rupes,glavna,/products/carsystem/catalog/carsystem-rupes-random-orbital-sander-ta50.webp,,cutout,square,alpha,
carsystem-rupes-random-orbital-single-hand-sander-ra75,rupes,glavna,/products/carsystem/catalog/carsystem-rupes-random-orbital-single-hand-sander-ra75.webp,,cutout,square,alpha,
carsystem-rupes-skorpio-e-rx,rupes,glavna,/products/carsystem/catalog/carsystem-rupes-skorpio-e-rx.webp,/remastered/products/carsystem/catalog/carsystem-rupes-skorpio-e-rx.webp,cutout,landscape,alpha,
carsystem-rupes-skorpio-e-rx,rupes,galerija,/products/carsystem/catalog/carsystem-rupes-skorpio-e-rx-2.webp,,photo,landscape,opaque-border,
carsystem-rupes-skorpio-iii-rh,rupes,glavna,/products/carsystem/catalog/carsystem-rupes-skorpio-iii-rh.webp,,cutout,square,alpha,
carsystem-rupes-vacuum-cleaner-s145,rupes,glavna,/products/carsystem/catalog/carsystem-rupes-vacuum-cleaner-s145.webp,/remastered/products/carsystem/catalog/carsystem-rupes-vacuum-cleaner-s145.webp,cutout,portrait,alpha,
carsystem-rupes-workshop-carrier-kc28,rupes,glavna,/products/carsystem/catalog/carsystem-rupes-workshop-carrier-kc28.webp,,cutout,square,alpha,
carsystem-safety-coupling,carsystem,glavna,/products/carsystem/catalog/carsystem-safety-coupling.webp,,cutout,portrait,alpha,
carsystem-safety-lens,carsystem,glavna,/products/carsystem/catalog/carsystem-safety-lens.webp,,cutout,landscape,alpha,
carsystem-sanding-block-100-2-0,carsystem,glavna,/products/carsystem/catalog/carsystem-sanding-block-100-2-0.webp,,cutout,landscape,alpha,
carsystem-sanding-block-100-2-0,carsystem,galerija,/products/carsystem/catalog/carsystem-sanding-block-100-2-0-2.webp,,photo,landscape,opaque-border,
carsystem-sanding-block-100-2-0,carsystem,galerija,/products/carsystem/catalog/carsystem-sanding-block-100-2-0-3.webp,,photo,landscape,canvas,
carsystem-sanding-block-198-2-0,carsystem,glavna,/products/carsystem/catalog/carsystem-sanding-block-198-2-0.webp,,cutout,square,alpha,
carsystem-sanding-block-198-2-0,carsystem,galerija,/products/carsystem/catalog/carsystem-sanding-block-198-2-0-2.webp,,photo,square,canvas,
carsystem-sanding-block-198-kit,carsystem,glavna,/products/carsystem/catalog/carsystem-sanding-block-198-kit.webp,,cutout,landscape,alpha,
carsystem-sanding-block-198-kit,carsystem,galerija,/products/carsystem/catalog/carsystem-sanding-block-198-kit-2.webp,,photo,landscape,canvas,
carsystem-sanding-block-300-100,carsystem,glavna,/products/carsystem/catalog/carsystem-sanding-block-300-100.webp,,cutout,square,alpha,
carsystem-sanding-block-300-100,carsystem,galerija,/products/carsystem/catalog/carsystem-sanding-block-300-100-2.webp,,photo,square,canvas,
carsystem-sanding-block-300-100,carsystem,galerija,/products/carsystem/catalog/carsystem-sanding-block-300-100-3.webp,,photo,square,canvas,
carsystem-sanding-block-400-2-0,carsystem,glavna,/products/carsystem/catalog/carsystem-sanding-block-400-2-0.webp,,cutout,square,alpha,
carsystem-sanding-block-400-grip-flex,carsystem,glavna,/products/carsystem/catalog/carsystem-sanding-block-400-grip-flex.webp,,cutout,landscape,alpha,
carsystem-sanding-block-disc-kit-150,carsystem,glavna,/products/carsystem/catalog/carsystem-sanding-block-disc-kit-150.webp,,cutout,landscape,alpha,
carsystem-sanding-block-grip,carsystem,glavna,/products/carsystem/catalog/carsystem-sanding-block-grip.webp,,cutout,landscape,alpha,
carsystem-sanding-block-grip,carsystem,galerija,/products/carsystem/catalog/carsystem-sanding-block-grip-2.webp,,photo,landscape,canvas,
carsystem-sanding-block-grip-box,carsystem,glavna,/products/carsystem/catalog/carsystem-sanding-block-grip-box.webp,,cutout,square,alpha,
carsystem-sanding-block-hard,carsystem,glavna,/products/carsystem/catalog/carsystem-sanding-block-hard.webp,,cutout,landscape,alpha,
carsystem-sanding-disc-f-19-77-mm,carsystem,glavna,/products/carsystem/catalog/carsystem-sanding-disc-f-19-77-mm.webp,,cutout,square,alpha,
carsystem-sanding-disc-f-19-77-mm,carsystem,galerija,/products/carsystem/catalog/carsystem-sanding-disc-f-19-77-mm-2.webp,,photo,square,canvas,
carsystem-sanding-disc-f-19-77-mm,carsystem,galerija,/products/carsystem/catalog/carsystem-sanding-disc-f-19-77-mm-3.webp,,photo,square,canvas,
carsystem-sanding-disc-f-19-finish-77-mm,carsystem,glavna,/products/carsystem/catalog/carsystem-sanding-disc-f-19-finish-77-mm.webp,,cutout,square,alpha,
carsystem-sanding-disc-f-19-finish-77-mm,carsystem,galerija,/products/carsystem/catalog/carsystem-sanding-disc-f-19-finish-77-mm-2.webp,,photo,square,canvas,
carsystem-sanding-disc-f-19-finish-77-mm,carsystem,galerija,/products/carsystem/catalog/carsystem-sanding-disc-f-19-finish-77-mm-3.webp,,photo,square,opaque-border,
carsystem-sanding-disc-f-19-soft,carsystem,glavna,/products/carsystem/catalog/carsystem-sanding-disc-f-19-soft.webp,,cutout,square,alpha,
carsystem-sanding-disc-f-19-soft,carsystem,galerija,/products/carsystem/catalog/carsystem-sanding-disc-f-19-soft-2.webp,,photo,square,opaque-border,
carsystem-sanding-disc-f-19-soft,carsystem,galerija,/products/carsystem/catalog/carsystem-sanding-disc-f-19-soft-3.webp,,backdrop,square,opaque-border,#000000
carsystem-sanding-disc-p-25-ceramic,carsystem,glavna,/products/carsystem/catalog/carsystem-sanding-disc-p-25-ceramic.webp,,cutout,square,alpha,
carsystem-sanding-disc-p-25-ceramic,carsystem,galerija,/products/carsystem/catalog/carsystem-sanding-disc-p-25-ceramic-2.webp,,cutout,square,alpha,
carsystem-sanding-disc-p-25-ceramic,carsystem,galerija,/products/carsystem/catalog/carsystem-sanding-disc-p-25-ceramic-3.webp,,photo,square,opaque-border,
carsystem-sanding-fleece-v-19-disc,carsystem,glavna,/products/carsystem/catalog/carsystem-sanding-fleece-v-19-disc.webp,,cutout,landscape,alpha,
carsystem-sanding-fleece-v-19-disc,carsystem,galerija,/products/carsystem/catalog/carsystem-sanding-fleece-v-19-disc-2.webp,,photo,landscape,canvas,
carsystem-sanding-fleece-v-19-disc,carsystem,galerija,/products/carsystem/catalog/carsystem-sanding-fleece-v-19-disc-3.webp,,photo,landscape,opaque-border,
carsystem-sanding-fleece-v-19-pad-115-x-230-mm,carsystem,glavna,/products/carsystem/catalog/carsystem-sanding-fleece-v-19-pad-115-x-230-mm.webp,,cutout,square,alpha,
carsystem-sanding-fleece-v-19-pad-115-x-230-mm,carsystem,galerija,/products/carsystem/catalog/carsystem-sanding-fleece-v-19-pad-115-x-230-mm-2.webp,,photo,square,canvas,
carsystem-sanding-fleece-v-19-pad-115-x-230-mm,carsystem,galerija,/products/carsystem/catalog/carsystem-sanding-fleece-v-19-pad-115-x-230-mm-3.webp,,photo,square,opaque-border,
carsystem-sanding-fleece-v-19-roll-115-mm-x-10-m,carsystem,glavna,/products/carsystem/catalog/carsystem-sanding-fleece-v-19-roll-115-mm-x-10-m.webp,,cutout,square,alpha,
carsystem-sanding-fleece-v-19-roll-115-mm-x-10-m,carsystem,galerija,/products/carsystem/catalog/carsystem-sanding-fleece-v-19-roll-115-mm-x-10-m-2.webp,,photo,square,canvas,
carsystem-sanding-fleece-v-19-roll-115-mm-x-10-m,carsystem,galerija,/products/carsystem/catalog/carsystem-sanding-fleece-v-19-roll-115-mm-x-10-m-3.webp,,photo,square,canvas,
carsystem-sanding-strips-f-23-ceramic,carsystem,glavna,/products/carsystem/catalog/carsystem-sanding-strips-f-23-ceramic.webp,,cutout,square,alpha,
carsystem-sanding-strips-f-23-ceramic,carsystem,galerija,/products/carsystem/catalog/carsystem-sanding-strips-f-23-ceramic-2.webp,,photo,square,canvas,
carsystem-sanding-strips-f-23-ceramic,carsystem,galerija,/products/carsystem/catalog/carsystem-sanding-strips-f-23-ceramic-3.webp,,photo,square,opaque-border,
carsystem-sanding-strips-p-25-ceramic,carsystem,glavna,/products/carsystem/catalog/carsystem-sanding-strips-p-25-ceramic.webp,,cutout,square,alpha,
carsystem-sanding-strips-p-25-ceramic,carsystem,galerija,/products/carsystem/catalog/carsystem-sanding-strips-p-25-ceramic-2.webp,,photo,square,canvas,
carsystem-sanding-strips-p-25-ceramic,carsystem,galerija,/products/carsystem/catalog/carsystem-sanding-strips-p-25-ceramic-3.webp,,photo,square,canvas,
carsystem-sanding-water-sw20,carsystem,glavna,/products/carsystem/catalog/carsystem-sanding-water-sw20.webp,,cutout,square,alpha,
carsystem-sanding-water-sw20,carsystem,galerija,/products/carsystem/catalog/carsystem-sanding-water-sw20-2.webp,,photo,square,opaque-border,
carsystem-sanding-water-sw20,carsystem,galerija,/products/carsystem/catalog/carsystem-sanding-water-sw20-3.webp,,photo,square,canvas,
carsystem-scraper,carsystem,glavna,/products/carsystem/catalog/carsystem-scraper.webp,,cutout,square,alpha,
carsystem-shop-seat-pro,carsystem,glavna,/products/carsystem/catalog/carsystem-shop-seat-pro.webp,,cutout,square,alpha,
carsystem-silicone-remover-mild,carsystem,glavna,/products/carsystem/catalog/carsystem-silicone-remover-mild.webp,,cutout,portrait,alpha,
carsystem-silicone-remover-mild,carsystem,galerija,/products/carsystem/catalog/carsystem-silicone-remover-mild-2.webp,,photo,portrait,canvas,
carsystem-silicone-remover-water-2-0,carsystem,glavna,/products/carsystem/catalog/carsystem-silicone-remover-water-2-0.webp,,cutout,portrait,alpha,
carsystem-silver-tape,carsystem,glavna,/products/carsystem/catalog/carsystem-silver-tape.webp,,cutout,landscape,alpha,
carsystem-silver-wheel,carsystem,glavna,/products/carsystem/catalog/carsystem-silver-wheel.webp,,cutout,portrait,alpha,
carsystem-slim-tape,carsystem,glavna,/products/carsystem/catalog/carsystem-slim-tape.webp,,cutout,square,alpha,
carsystem-slim-tape-green,carsystem,glavna,/products/carsystem/catalog/carsystem-slim-tape-green.webp,,cutout,square,alpha,
carsystem-socks-carsystem-black-white,carsystem,glavna,/products/carsystem/catalog/carsystem-socks-carsystem-black-white.webp,,cutout,square,alpha,
carsystem-socks-carsystem-red-white,carsystem,glavna,/products/carsystem/catalog/carsystem-socks-carsystem-red-white.webp,,cutout,square,alpha,
carsystem-soft,carsystem,glavna,/products/carsystem/catalog/carsystem-soft.webp,,cutout,landscape,alpha,
carsystem-soft-interface-pad,carsystem,glavna,/products/carsystem/catalog/carsystem-soft-interface-pad.webp,,cutout,landscape,alpha,
carsystem-soft-roll,carsystem,glavna,/products/carsystem/catalog/carsystem-soft-roll.webp,,cutout,square,alpha,
carsystem-sound-deadening-panels,carsystem,glavna,/products/carsystem/catalog/carsystem-sound-deadening-panels.webp,,cutout,square,alpha,
carsystem-sound-deadening-panels,carsystem,galerija,/products/carsystem/catalog/carsystem-sound-deadening-panels-2.webp,,backdrop,square,opaque-border,#ffffff
carsystem-sound-deadening-panels,carsystem,galerija,/products/carsystem/catalog/carsystem-sound-deadening-panels-3.webp,,backdrop,square,opaque-border,#ffffff
carsystem-spare-battery-5-0ah,carsystem,glavna,/products/carsystem/catalog/carsystem-spare-battery-5-0ah.webp,/remastered/products/carsystem/catalog/carsystem-spare-battery-5-0ah.webp,cutout,square,alpha,
carsystem-speedmixer-10-kg,carsystem,glavna,/products/carsystem/catalog/carsystem-speedmixer-10-kg.webp,,cutout,portrait,alpha,
carsystem-speedmixer-3-kg,carsystem,glavna,/products/carsystem/catalog/carsystem-speedmixer-3-kg.webp,,cutout,landscape,alpha,
carsystem-spotblender,carsystem,glavna,/products/carsystem/catalog/carsystem-spotblender.webp,,cutout,portrait,alpha,
carsystem-spotblender-spray,carsystem,glavna,/products/carsystem/catalog/carsystem-spotblender-spray.webp,,cutout,portrait,alpha,
carsystem-spray,carsystem,glavna,/products/carsystem/catalog/carsystem-spray.webp,,cutout,portrait,alpha,
carsystem-spray-filler-spray,carsystem,glavna,/products/carsystem/catalog/carsystem-spray-filler-spray.webp,,cutout,portrait,alpha,
carsystem-spray-out-cards-metal,carsystem,glavna,/products/carsystem/catalog/carsystem-spray-out-cards-metal.webp,,cutout,square,alpha,
carsystem-spray-plus,carsystem,glavna,/products/carsystem/catalog/carsystem-spray-plus.webp,,cutout,portrait,alpha,
carsystem-spray-plus,carsystem,galerija,/products/carsystem/catalog/carsystem-spray-plus-2.webp,,photo,portrait,canvas,
carsystem-spray-plus,carsystem,galerija,/products/carsystem/catalog/carsystem-spray-plus-3.webp,,photo,portrait,opaque-border,
carsystem-spray-thinner,carsystem,glavna,/products/carsystem/catalog/carsystem-spray-thinner.webp,,cutout,portrait,alpha,
carsystem-spray-thinner,carsystem,galerija,/products/carsystem/catalog/carsystem-spray-plus-3.webp,,photo,portrait,opaque-border,
carsystem-spraygun-cleaner,carsystem,glavna,/products/carsystem/catalog/carsystem-spraygun-cleaner.webp,,cutout,portrait,alpha,
carsystem-spraygun-cleaner,carsystem,galerija,/products/carsystem/catalog/carsystem-spraygun-cleaner-2.webp,,photo,portrait,opaque-border,
carsystem-squeezer,carsystem,glavna,/products/carsystem/catalog/carsystem-squeezer.webp,,cutout,square,alpha,
carsystem-squeezer,carsystem,galerija,/products/carsystem/catalog/carsystem-squeezer-2.webp,,photo,square,canvas,
carsystem-staub-stop,carsystem,glavna,/products/carsystem/catalog/carsystem-staub-stop.webp,,cutout,square,alpha,
carsystem-staub-stop-super-wave,carsystem,glavna,/products/carsystem/catalog/carsystem-staub-stop-super-wave.webp,,cutout,square,alpha,
carsystem-staub-stop-super-wave,carsystem,galerija,/products/carsystem/catalog/carsystem-staub-stop-super-wave-2.webp,,photo,square,canvas,
carsystem-staub-stop-water,carsystem,glavna,/products/carsystem/catalog/carsystem-staub-stop-water.webp,,cutout,square,alpha,
carsystem-staub-stop-water,carsystem,galerija,/products/carsystem/catalog/carsystem-staub-stop-water-2.webp,,photo,square,canvas,
carsystem-staub-stop-water-black,carsystem,glavna,/products/carsystem/catalog/carsystem-staub-stop-water-black.webp,,cutout,square,alpha,
carsystem-staub-stop-water-black,carsystem,galerija,/products/carsystem/catalog/carsystem-staub-stop-water-black-2.webp,,backdrop,square,opaque-border,#ffffff
carsystem-staub-stop-water-black,carsystem,galerija,/products/carsystem/catalog/carsystem-staub-stop-water-black-3.webp,,photo,square,canvas,
carsystem-steel,carsystem,glavna,/products/carsystem/catalog/carsystem-steel.webp,,cutout,square,alpha,
carsystem-stripping-disc,carsystem,glavna,/products/carsystem/catalog/carsystem-stripping-disc.webp,,cutout,square,alpha,
carsystem-super-nitril-hand-i,carsystem,glavna,/products/carsystem/catalog/carsystem-super-nitril-hand-i.webp,,cutout,square,alpha,
carsystem-sweatshirt-black-teamcarsystem,carsystem,glavna,/products/carsystem/catalog/carsystem-sweatshirt-black-teamcarsystem.webp,,cutout,portrait,alpha,
carsystem-sweatshirt-grey-teamcarsystem,carsystem,glavna,/products/carsystem/catalog/carsystem-sweatshirt-grey-teamcarsystem.webp,,cutout,square,alpha,
carsystem-sweatshirt-grey-teamcarsystem,carsystem,galerija,/products/carsystem/catalog/carsystem-sweatshirt-grey-teamcarsystem-2.webp,,photo,square,canvas,
carsystem-sweatshirt-grey-teamcarsystem,carsystem,galerija,/products/carsystem/catalog/carsystem-sweatshirt-grey-teamcarsystem-3.webp,,photo,square,opaque-border,
carsystem-t-shirt-black-teamcarsystem,carsystem,glavna,/products/carsystem/catalog/carsystem-t-shirt-black-teamcarsystem.webp,,cutout,square,alpha,
carsystem-tape-off-disc-premium,carsystem,glavna,/products/carsystem/catalog/carsystem-tape-off-disc-premium.webp,,cutout,landscape,alpha,
carsystem-tape-off-disc-premium,carsystem,galerija,/products/carsystem/catalog/carsystem-tape-off-disc-premium-2.webp,/remastered/products/carsystem/catalog/carsystem-tape-off-disc-premium-2.webp,cutout,landscape,alpha,
carsystem-tape-off-tool,carsystem,glavna,/products/carsystem/catalog/carsystem-tape-off-tool.webp,,cutout,landscape,alpha,
carsystem-tec-line-matt-matting-mousse,carsystem,glavna,/products/carsystem/catalog/carsystem-tec-line-matt-matting-mousse.webp,,cutout,portrait,alpha,
carsystem-tec-line-matt-matting-mousse,carsystem,galerija,/products/carsystem/catalog/carsystem-tec-line-matt-matting-mousse-2.webp,,photo,portrait,canvas,
carsystem-tec-line-mattflex-pad,carsystem,glavna,/products/carsystem/catalog/carsystem-tec-line-mattflex-pad.webp,,cutout,square,alpha,
carsystem-tec-line-mattflex-pad,carsystem,galerija,/products/carsystem/catalog/carsystem-tec-line-mattflex-pad-2.webp,,photo,square,canvas,
carsystem-tec-line-mattflex-pad,carsystem,galerija,/products/carsystem/catalog/carsystem-tec-line-mattflex-pad-3.webp,,photo,square,canvas,
carsystem-tec-line-mattflex-premium,carsystem,glavna,/products/carsystem/catalog/carsystem-tec-line-mattflex-premium.webp,,cutout,square,alpha,
carsystem-tec-line-n20,carsystem,glavna,/products/carsystem/catalog/carsystem-tec-line-n20.webp,,cutout,square,alpha,
carsystem-tec-line-n20,carsystem,galerija,/products/carsystem/catalog/carsystem-tec-line-n20-2.webp,,photo,square,opaque-border,
carsystem-tec-line-n20,carsystem,galerija,/products/carsystem/catalog/carsystem-tec-line-n20-3.webp,,photo,square,canvas,
carsystem-tec-line-pro-finish,carsystem,glavna,/products/carsystem/catalog/carsystem-tec-line-pro-finish.webp,,cutout,square,alpha,
carsystem-tec-line-softflex,carsystem,glavna,/products/carsystem/catalog/carsystem-tec-line-softflex.webp,,cutout,square,alpha,
carsystem-tec-line-softflex,carsystem,galerija,/products/carsystem/catalog/carsystem-tec-line-softflex-2.webp,,photo,square,canvas,
carsystem-tec-line-softflex,carsystem,galerija,/products/carsystem/catalog/carsystem-tec-line-softflex-3.webp,,photo,square,canvas,
carsystem-tec-line-stick,carsystem,glavna,/products/carsystem/catalog/carsystem-tec-line-stick.webp,,cutout,square,alpha,
carsystem-thermo-spray,carsystem,glavna,/products/carsystem/catalog/carsystem-thermo-spray.webp,,cutout,portrait,alpha,
carsystem-tinting-paste-filler,carsystem,glavna,/products/carsystem/catalog/carsystem-tinting-paste-filler.webp,,cutout,portrait,alpha,
carsystem-top-tape,carsystem,glavna,/products/carsystem/catalog/carsystem-top-tape.webp,,cutout,square,alpha,
carsystem-topline-soft-pad,carsystem,glavna,/products/carsystem/catalog/carsystem-topline-soft-pad.webp,,cutout,landscape,alpha,
carsystem-topline-wp-s,carsystem,glavna,/products/carsystem/catalog/carsystem-topline-wp-s.webp,,cutout,square,alpha,
carsystem-topline-wp-s,carsystem,galerija,/products/carsystem/catalog/carsystem-topline-wp-s-2.webp,,photo,square,canvas,
carsystem-topline-wp-s,carsystem,galerija,/products/carsystem/catalog/carsystem-topline-wp-s-3.webp,,photo,square,canvas,
carsystem-touch-up-fillable-20ml,carsystem,glavna,/products/carsystem/catalog/carsystem-touch-up-fillable-20ml.webp,,cutout,landscape,alpha,
carsystem-touch-up-fillable-50ml,carsystem,glavna,/products/carsystem/catalog/carsystem-touch-up-fillable-50ml.webp,,cutout,square,alpha,
carsystem-uniflex-adapter-nozzle-v-nozzle,carsystem,glavna,/products/carsystem/catalog/carsystem-uniflex-adapter-nozzle-v-nozzle.webp,,cutout,portrait,alpha,
carsystem-uniflex-adapter-nozzle-wing-tip,carsystem,glavna,/products/carsystem/catalog/carsystem-uniflex-adapter-nozzle-wing-tip.webp,,cutout,portrait,alpha,
carsystem-uniflex-air-gun,carsystem,glavna,/products/carsystem/catalog/carsystem-uniflex-air-gun.webp,,cutout,square,alpha,
carsystem-uniflex-glas,carsystem,glavna,/products/carsystem/catalog/carsystem-uniflex-glas.webp,,cutout,portrait,alpha,
carsystem-uniflex-glas-fast-primer,carsystem,glavna,/products/carsystem/catalog/carsystem-uniflex-glas-fast-primer.webp,,cutout,portrait,alpha,
carsystem-uniflex-glas-hm,carsystem,glavna,/products/carsystem/catalog/carsystem-uniflex-glas-hm.webp,,cutout,portrait,alpha,
carsystem-uniflex-gun,carsystem,glavna,/products/carsystem/catalog/carsystem-uniflex-gun.webp,,cutout,square,alpha,
carsystem-uniflex-ms,carsystem,glavna,/products/carsystem/catalog/carsystem-uniflex-ms.webp,,cutout,portrait,alpha,
carsystem-uniflex-nozzle,carsystem,glavna,/products/carsystem/catalog/carsystem-uniflex-nozzle.webp,,cutout,landscape,alpha,
carsystem-uniflex-pu,carsystem,glavna,/products/carsystem/catalog/carsystem-uniflex-pu.webp,,cutout,portrait,alpha,
carsystem-usb-stick,carsystem,glavna,/products/carsystem/catalog/carsystem-usb-stick.webp,,cutout,square,alpha,
carsystem-uv-clear,carsystem,glavna,/products/carsystem/catalog/carsystem-uv-clear.webp,,cutout,portrait,alpha,
carsystem-uv-clear,carsystem,galerija,/products/carsystem/catalog/carsystem-uv-clear-2.webp,,photo,portrait,opaque-border,
carsystem-uv-filler-spray,carsystem,glavna,/products/carsystem/catalog/carsystem-uv-filler-spray.webp,/remastered/products/carsystem/catalog/carsystem-uv-filler-spray.webp,cutout,portrait,alpha,
carsystem-uv-filler-spray,carsystem,galerija,/products/carsystem/catalog/carsystem-uv-filler-spray-2.webp,,photo,portrait,opaque-border,
carsystem-uv-filler-spray,carsystem,galerija,/products/carsystem/catalog/carsystem-uv-filler-spray-3.webp,,photo,portrait,canvas,
carsystem-uv-glasses,carsystem,glavna,/products/carsystem/catalog/carsystem-uv-glasses.webp,,cutout,landscape,alpha,
carsystem-uv-led-lamp,carsystem,glavna,/products/carsystem/catalog/carsystem-uv-led-lamp.webp,,cutout,square,alpha,
carsystem-uv-led-lamp,carsystem,galerija,/products/carsystem/catalog/carsystem-uv-led-lamp-2.webp,,photo,square,canvas,
carsystem-uv-smart-lamp,carsystem,glavna,/products/carsystem/catalog/carsystem-uv-smart-lamp.webp,,cutout,portrait,alpha,
carsystem-uv-timer,carsystem,glavna,/products/carsystem/catalog/carsystem-uv-timer.webp,,cutout,square,alpha,
carsystem-wall-bracket-for-5-kg-polish,carsystem,glavna,/products/carsystem/catalog/carsystem-wall-bracket-for-5-kg-polish.webp,,cutout,square,alpha,
carsystem-wall-dispenser-for-soft-bottle-2-l,carsystem,glavna,/products/carsystem/catalog/carsystem-wall-dispenser-for-soft-bottle-2-l.webp,,cutout,portrait,alpha,
carsystem-wax-puck,carsystem,glavna,/products/carsystem/catalog/carsystem-wax-puck.webp,,cutout,landscape,alpha,
carsystem-wheel-cover,carsystem,glavna,/products/carsystem/catalog/carsystem-wheel-cover.webp,,cutout,square,alpha,
carsystem-wm-tape,carsystem,glavna,/products/carsystem/catalog/carsystem-wm-tape.webp,,cutout,square,alpha,
carsystem-wm-tape,carsystem,galerija,/products/carsystem/catalog/carsystem-wm-tape-2.webp,,photo,square,canvas,
carsystem-workshop-bucket,carsystem,glavna,/products/carsystem/catalog/carsystem-workshop-bucket.webp,,cutout,square,alpha,
carsystem-workshop-seat,carsystem,glavna,/products/carsystem/catalog/carsystem-workshop-seat.webp,,cutout,portrait,alpha,
carsystem-wr-lifting-tape,carsystem,glavna,/products/carsystem/catalog/carsystem-wr-lifting-tape.webp,,cutout,landscape,alpha,
carsystem-wr-lifting-tape,carsystem,galerija,/products/carsystem/catalog/carsystem-wr-lifting-tape-2.webp,,photo,landscape,canvas,
carsystem-wr-lifting-tape,carsystem,galerija,/products/carsystem/catalog/carsystem-wr-lifting-tape-3.webp,,photo,landscape,canvas,
carsystem-wr-lifting-tape-premium,carsystem,glavna,/products/carsystem/catalog/carsystem-wr-lifting-tape-premium.webp,,cutout,square,alpha,
carsystem-wr-lifting-tape-premium,carsystem,galerija,/products/carsystem/catalog/carsystem-wr-lifting-tape-premium-2.webp,,cutout,square,alpha,
carsystem-x-stand-classic,carsystem,glavna,/products/carsystem/catalog/carsystem-x-stand-classic.webp,/remastered/products/carsystem/catalog/carsystem-x-stand-classic.webp,cutout,landscape,alpha,
carsystem-x-stand-top,carsystem,glavna,/products/carsystem/catalog/carsystem-x-stand-top.webp,/remastered/products/carsystem/catalog/carsystem-x-stand-top.webp,cutout,landscape,alpha,
carsystem-zinc-spray,carsystem,glavna,/products/carsystem/catalog/carsystem-zinc-spray.webp,,cutout,portrait,alpha,
carsystem-zip-hoodie-black,carsystem,glavna,/products/carsystem/catalog/carsystem-zip-hoodie-black.webp,,cutout,portrait,alpha,
carsystem-zip-hoodie-black,carsystem,galerija,/products/carsystem/catalog/carsystem-zip-hoodie-black-2.webp,,photo,portrait,canvas,
carfit-1k-etch-primer-spray,carfit,glavna,/products/carfit/catalog/carfit-1k-etch-primer-spray.webp,,cutout,portrait,alpha,
carfit-1k-hi-build-primer-filler-spray,carfit,glavna,/products/carfit/catalog/carfit-1k-hi-build-primer-filler-spray.webp,,cutout,square,alpha,
carfit-1k-plastic-primer-spray,carfit,glavna,/products/carfit/catalog/carfit-1k-plastic-primer-spray.webp,,cutout,portrait,alpha,
carfit-2k-clearcoat-spray,carfit,glavna,/products/carfit/catalog/carfit-2k-clearcoat-spray.webp,,cutout,portrait,alpha,
carfit-2k-epoxy-primer-1-1,carfit,glavna,/products/carfit/catalog/carfit-2k-epoxy-primer-1-1.webp,,cutout,square,alpha,
carfit-2k-fast-air-primer-filler-3-1,carfit,glavna,/products/carfit/catalog/carfit-2k-fast-air-primer-filler-3-1.webp,,cutout,square,alpha,
carfit-2k-hs-acryl-primer-filler-4-1,carfit,glavna,/products/carfit/catalog/carfit-2k-hs-acryl-primer-filler-4-1.webp,,cutout,square,alpha,
carfit-2k-hs-perfect-clear,carfit,glavna,/products/carfit/catalog/carfit-2k-hs-perfect-clear.webp,,cutout,square,alpha,
carfit-2k-hs-scratch-resistent-clearcoat-2-1,carfit,glavna,/products/carfit/catalog/carfit-2k-hs-scratch-resistent-clearcoat-2-1.webp,,cutout,portrait,alpha,
carfit-2k-ms-clearcoat-industrial-use,carfit,glavna,/products/carfit/catalog/carfit-2k-ms-clearcoat-industrial-use.webp,,cutout,portrait,alpha,
carfit-2k-uhs-low-voc-clearcoat,carfit,glavna,/products/carfit/catalog/carfit-2k-uhs-low-voc-clearcoat.webp,,cutout,portrait,alpha,
carfit-2k-ultra-hs-clearcoat,carfit,glavna,/products/carfit/catalog/carfit-2k-ultra-hs-clearcoat.webp,,cutout,portrait,alpha,
carfit-2k-us-filler-4-1,carfit,glavna,/products/carfit/catalog/carfit-2k-us-filler-4-1.webp,,cutout,square,alpha,
carfit-2k-washprimer-2-1,carfit,glavna,/products/carfit/catalog/carfit-2k-washprimer-2-1.webp,,cutout,square,alpha,
carfit-alu-and-soft-putty,carfit,glavna,/products/carfit/catalog/carfit-alu-and-soft-putty.webp,,cutout,landscape,alpha,
carfit-bitumen-underbody-protection,carfit,glavna,/products/carfit/catalog/carfit-bitumen-underbody-protection.webp,,cutout,portrait,alpha,
carfit-black-paint-spray,carfit,glavna,/products/carfit/catalog/carfit-black-paint-spray.webp,,cutout,portrait,alpha,
carfit-blending-tape,carfit,glavna,/products/carfit/catalog/carfit-blending-tape.webp,,cutout,portrait,alpha,
carfit-car-clean-multi,carfit,glavna,/products/carfit/catalog/carfit-car-clean-multi.webp,,cutout,square,alpha,
carfit-car-clean-multi,carfit,galerija,/products/carfit/catalog/carfit-car-clean-multi-2.webp,,cutout,square,alpha,
carfit-carbon-putty,carfit,glavna,/products/carfit/catalog/carfit-carbon-putty.webp,,cutout,square,alpha,
carfit-cavity-preservation-spray,carfit,glavna,/products/carfit/catalog/carfit-cavity-preservation-spray.webp,,cutout,portrait,alpha,
carfit-clearcoar-matt,carfit,glavna,/products/carfit/catalog/carfit-clearcoar-matt.webp,,cutout,portrait,alpha,
carfit-color-net-disc,carfit,glavna,/products/carfit/catalog/carfit-color-net-disc.webp,,cutout,square,alpha,
carfit-cover-tape-orange-up-to-100c,carfit,glavna,/products/carfit/catalog/carfit-cover-tape-orange-up-to-100c.webp,,cutout,square,alpha,
carfit-cover-tape-up-to-100c,carfit,glavna,/products/carfit/catalog/carfit-cover-tape-up-to-100c.webp,,cutout,landscape,alpha,
carfit-cover-tape-up-to-80c,carfit,glavna,/products/carfit/catalog/carfit-cover-tape-up-to-80c.webp,,cutout,landscape,alpha,
carfit-cover-tape-water-resistant-up-to-120c,carfit,glavna,/products/carfit/catalog/carfit-cover-tape-water-resistant-up-to-120c.webp,,cutout,landscape,alpha,
carfit-coverall-black-label-edition,carfit,glavna,/products/carfit/catalog/carfit-coverall-black-label-edition.webp,,cutout,portrait,alpha,
carfit-coverpaper-waterproof,carfit,glavna,/products/carfit/catalog/carfit-coverpaper-waterproof.webp,,cutout,portrait,alpha,
carfit-cutting-compound,carfit,glavna,/products/carfit/catalog/carfit-cutting-compound.webp,,cutout,portrait,alpha,
carfit-disposable-floor-mats,carfit,glavna,/products/carfit/catalog/carfit-disposable-floor-mats.webp,,cutout,square,alpha,
carfit-disposable-seat-covers,carfit,glavna,/products/carfit/catalog/carfit-disposable-seat-covers.webp,,cutout,portrait,alpha,
carfit-double-layer-cleaning-cloths,carfit,glavna,/products/carfit/catalog/carfit-double-layer-cleaning-cloths.webp,,cutout,portrait,alpha,
carfit-epoxy-metal-filler,carfit,glavna,/products/carfit/catalog/carfit-epoxy-metal-filler.webp,,cutout,portrait,alpha,
carfit-express-clearcoat,carfit,glavna,/products/carfit/catalog/carfit-express-clearcoat.webp,,cutout,portrait,alpha,
carfit-fabric-tape,carfit,glavna,/products/carfit/catalog/carfit-fabric-tape.webp,,cutout,square,alpha,
carfit-fade-out-thinner,carfit,glavna,/products/carfit/catalog/carfit-fade-out-thinner.webp,,cutout,portrait,alpha,
carfit-fade-out-thinner-spray,carfit,glavna,/products/carfit/catalog/carfit-fade-out-thinner-spray.webp,,cutout,portrait,alpha,
carfit-fast-paint-system,carfit,glavna,/products/carfit/catalog/carfit-fast-paint-system.webp,,cutout,square,alpha,
carfit-fillable-spray-can,carfit,glavna,/products/carfit/catalog/carfit-fillable-spray-can.webp,,cutout,portrait,alpha,
carfit-fine-line-tape,carfit,glavna,/products/carfit/catalog/carfit-fine-line-tape.webp,,cutout,landscape,alpha,
carfit-finishing-compound,carfit,glavna,/products/carfit/catalog/carfit-finishing-compound.webp,,cutout,portrait,alpha,
carfit-flat-sanding-block,carfit,glavna,/products/carfit/catalog/carfit-flat-sanding-block.webp,,cutout,landscape,alpha,
carfit-folding-paint-stand-premium,carfit,glavna,/products/carfit/catalog/carfit-folding-paint-stand-premium.webp,/remastered/products/carfit/catalog/carfit-folding-paint-stand-premium.webp,cutout,square,alpha,
carfit-folding-paint-stand-premium,carfit,galerija,/products/carfit/catalog/carfit-folding-paint-stand-premium-2.webp,,cutout,square,alpha,
carfit-glas-plus-putty,carfit,glavna,/products/carfit/catalog/carfit-glas-plus-putty.webp,,cutout,square,alpha,
carfit-gold-paper-disc,carfit,glavna,/products/carfit/catalog/carfit-gold-paper-disc.webp,,cutout,square,alpha,
carfit-gun-cleaner,carfit,glavna,/products/carfit/catalog/carfit-gun-cleaner.webp,,cutout,portrait,alpha,
carfit-hand-sanding-block,carfit,glavna,/products/carfit/catalog/carfit-hand-sanding-block.webp,,cutout,landscape,alpha,
carfit-high-gloss-clearcoat-spray,carfit,glavna,/products/carfit/catalog/carfit-high-gloss-clearcoat-spray.webp,,cutout,portrait,alpha,
carfit-interface-pads,carfit,glavna,/products/carfit/catalog/carfit-interface-pads.webp,,cutout,landscape,alpha,
carfit-lifting-tape,carfit,glavna,/products/carfit/catalog/carfit-lifting-tape.webp,,cutout,square,alpha,
carfit-logo-tape,carfit,glavna,/products/carfit/catalog/carfit-logo-tape.webp,,cutout,portrait,alpha,
carfit-manual-polishing-and-sanding-pad,carfit,glavna,/products/carfit/catalog/carfit-manual-polishing-and-sanding-pad.webp,,cutout,landscape,alpha,
carfit-masking-film-with-electrostatic-effect,carfit,glavna,/products/carfit/catalog/carfit-masking-film-with-electrostatic-effect.webp,,cutout,square,alpha,
carfit-metal-test-cards,carfit,glavna,/products/carfit/catalog/carfit-metal-test-cards.webp,,cutout,landscape,alpha,
carfit-microfiber-cleaning-cloth,carfit,glavna,/products/carfit/catalog/carfit-microfiber-cleaning-cloth.webp,,cutout,square,alpha,
carfit-mixing-cups-and-mixing-lids,carfit,glavna,/products/carfit/catalog/carfit-mixing-cups-and-mixing-lids.webp,,cutout,square,alpha,
carfit-mixing-s-sticks,carfit,glavna,/products/carfit/catalog/carfit-mixing-s-sticks.webp,,cutout,square,alpha,
carfit-mobile-masking-paper-dispenser,carfit,glavna,/products/carfit/catalog/carfit-mobile-masking-paper-dispenser.webp,,cutout,square,alpha,
carfit-multi-putty,carfit,glavna,/products/carfit/catalog/carfit-multi-putty.webp,,cutout,square,alpha,
carfit-multi-soft-putty,carfit,glavna,/products/carfit/catalog/carfit-multi-soft-putty.webp,,cutout,square,alpha,
carfit-nitrile-gloves-palm-textured,carfit,glavna,/products/carfit/catalog/carfit-nitrile-gloves-palm-textured.webp,,cutout,square,alpha,
carfit-nonwoven-polishing-cloth,carfit,glavna,/products/carfit/catalog/carfit-nonwoven-polishing-cloth.webp,,cutout,portrait,alpha,
carfit-ozone-generators,carfit,glavna,/products/carfit/catalog/carfit-ozone-generators.webp,,cutout,square,alpha,
carfit-ozone-generators,carfit,galerija,/products/carfit/catalog/carfit-ozone-generators-2.webp,,cutout,square,alpha,
carfit-pads-for-polishing-discs-velcro,carfit,glavna,/products/carfit/catalog/carfit-pads-for-polishing-discs-velcro.webp,,cutout,landscape,alpha,
carfit-paint-remover-spray,carfit,glavna,/products/carfit/catalog/carfit-paint-remover-spray.webp,,cutout,portrait,alpha,
carfit-parking-sensor-masking-disc,carfit,glavna,/products/carfit/catalog/carfit-parking-sensor-masking-disc.webp,,cutout,portrait,alpha,
carfit-pe-mounting-tape,carfit,glavna,/products/carfit/catalog/carfit-pe-mounting-tape.webp,,cutout,square,alpha,
carfit-perfect-filler-4-1-grey,carfit,glavna,/products/carfit/catalog/carfit-perfect-filler-4-1-grey.webp,,cutout,portrait,alpha,
carfit-perfect-multi-green-putty,carfit,glavna,/products/carfit/catalog/carfit-perfect-multi-green-putty.webp,,cutout,square,alpha,
carfit-plastic-primer,carfit,glavna,/products/carfit/catalog/carfit-plastic-primer.webp,,cutout,portrait,alpha,
carfit-plastic-putty,carfit,glavna,/products/carfit/catalog/carfit-plastic-putty.webp,,cutout,square,alpha,
carfit-plastic-repair-kit,carfit,glavna,/products/carfit/catalog/carfit-plastic-repair-kit.webp,,cutout,portrait,alpha,
carfit-plastic-stapler-kit,carfit,glavna,/products/carfit/catalog/carfit-plastic-stapler-kit.webp,,cutout,square,alpha,
carfit-polishing-discs-velcro,carfit,glavna,/products/carfit/catalog/carfit-polishing-discs-velcro.webp,,cutout,landscape,alpha,
carfit-polishing-sponge-conical,carfit,glavna,/products/carfit/catalog/carfit-polishing-sponge-conical.webp,,cutout,landscape,alpha,
carfit-polyethylene-car-cover,carfit,glavna,/products/carfit/catalog/carfit-polyethylene-car-cover.webp,,cutout,landscape,alpha,
carfit-pretaped-masking-film,carfit,glavna,/products/carfit/catalog/carfit-pretaped-masking-film.webp,,cutout,portrait,alpha,
carfit-professional-nitrile-gloves,carfit,glavna,/products/carfit/catalog/carfit-professional-nitrile-gloves.webp,,photo,square,canvas,
carfit-pu-adhesive-and-sealant,carfit,glavna,/products/carfit/catalog/carfit-pu-adhesive-and-sealant.webp,,cutout,portrait,alpha,
carfit-pump-spray,carfit,glavna,/products/carfit/catalog/carfit-pump-spray.webp,,cutout,portrait,alpha,
carfit-purple-ceramic-film,carfit,glavna,/products/carfit/catalog/carfit-purple-ceramic-film.webp,,cutout,square,alpha,
carfit-rapid-air-clear-coat-voc,carfit,glavna,/products/carfit/catalog/carfit-rapid-air-clear-coat-voc.webp,,cutout,portrait,alpha,
carfit-red-film-abrasive-discs,carfit,glavna,/products/carfit/catalog/carfit-red-film-abrasive-discs.webp,,cutout,square,alpha,
carfit-rotating-paint-stand,carfit,glavna,/products/carfit/catalog/carfit-rotating-paint-stand.webp,,cutout,square,alpha,
carfit-rubber-sanding-block,carfit,glavna,/products/carfit/catalog/carfit-rubber-sanding-block.webp,/remastered/products/carfit/catalog/carfit-rubber-sanding-block.webp,cutout,landscape,alpha,
carfit-rubbing-compound,carfit,glavna,/products/carfit/catalog/carfit-rubbing-compound.webp,,cutout,portrait,alpha,
carfit-sanding-control-kit-and-sanding-powder,carfit,glavna,/products/carfit/catalog/carfit-sanding-control-kit-and-sanding-powder.webp,,cutout,square,alpha,
carfit-scr-mixing-lids,carfit,glavna,/products/carfit/catalog/carfit-scr-mixing-lids.webp,,cutout,square,alpha,
carfit-semi-round-sanding-block,carfit,glavna,/products/carfit/catalog/carfit-semi-round-sanding-block.webp,,cutout,landscape,alpha,
carfit-silicone-remover,carfit,glavna,/products/carfit/catalog/carfit-silicone-remover.webp,,cutout,portrait,alpha,
carfit-silicone-remover-strawberry,carfit,glavna,/products/carfit/catalog/carfit-silicone-remover-strawberry.webp,,cutout,portrait,alpha,
carfit-silikone-remover-strawberry-spray,carfit,glavna,/products/carfit/catalog/carfit-silikone-remover-strawberry-spray.webp,,cutout,portrait,alpha,
carfit-silver-wheel-spray,carfit,glavna,/products/carfit/catalog/carfit-silver-wheel-spray.webp,,cutout,portrait,alpha,
carfit-soft-interface-pads-micro,carfit,glavna,/products/carfit/catalog/carfit-soft-interface-pads-micro.webp,,cutout,square,alpha,
carfit-soft-masking-foam-tape,carfit,glavna,/products/carfit/catalog/carfit-soft-masking-foam-tape.webp,,cutout,square,alpha,
carfit-soft-plus-putty,carfit,glavna,/products/carfit/catalog/carfit-soft-plus-putty.webp,,cutout,square,alpha,
carfit-sontara-degreasing-and-cleaning-cloth,carfit,glavna,/products/carfit/catalog/carfit-sontara-degreasing-and-cleaning-cloth.webp,,cutout,square,alpha,
carfit-sponge-cut,carfit,glavna,/products/carfit/catalog/carfit-sponge-cut.webp,,cutout,landscape,alpha,
carfit-spray-putty,carfit,glavna,/products/carfit/catalog/carfit-spray-putty.webp,,cutout,square,alpha,
carfit-stirring-sticks,carfit,glavna,/products/carfit/catalog/carfit-stirring-sticks.webp,/remastered/products/carfit/catalog/carfit-stirring-sticks.webp,cutout,landscape,alpha,
carfit-stone-chip-protection,carfit,glavna,/products/carfit/catalog/carfit-stone-chip-protection.webp,,cutout,portrait,alpha,
carfit-stone-chip-protection-spray,carfit,glavna,/products/carfit/catalog/carfit-stone-chip-protection-spray.webp,,cutout,portrait,alpha,
carfit-tack-cloth,carfit,glavna,/products/carfit/catalog/carfit-tack-cloth.webp,,cutout,square,alpha,
carfit-tack-cloth-super-wave,carfit,glavna,/products/carfit/catalog/carfit-tack-cloth-super-wave.webp,,cutout,portrait,alpha,
carfit-tack-coating-for-spray-booth,carfit,glavna,/products/carfit/catalog/carfit-tack-coating-for-spray-booth.webp,,cutout,portrait,alpha,
carfit-tape-off-disk-premium,carfit,glavna,/products/carfit/catalog/carfit-tape-off-disk-premium.webp,,cutout,landscape,alpha,
carfit-texture-paint-spray,carfit,glavna,/products/carfit/catalog/carfit-texture-paint-spray.webp,,cutout,portrait,alpha,
carfit-thermo-paint-spray-650c,carfit,glavna,/products/carfit/catalog/carfit-thermo-paint-spray-650c.webp,,cutout,portrait,alpha,
carfit-touch-up-bottles,carfit,glavna,/products/carfit/catalog/carfit-touch-up-bottles.webp,,cutout,square,alpha,
carfit-touch-up-micro-applicator,carfit,glavna,/products/carfit/catalog/carfit-touch-up-micro-applicator.webp,,cutout,square,alpha,
carfit-underbody-protection-bitumen-spray,carfit,glavna,/products/carfit/catalog/carfit-underbody-protection-bitumen-spray.webp,,cutout,portrait,alpha,
carfit-universal-polishing-compound,carfit,glavna,/products/carfit/catalog/carfit-universal-polishing-compound.webp,,cutout,portrait,alpha,
carfit-universal-thinner,carfit,glavna,/products/carfit/catalog/carfit-universal-thinner.webp,,cutout,portrait,alpha,
carfit-very-fine-and-ultra-fine-abrasive-fleece,carfit,glavna,/products/carfit/catalog/carfit-very-fine-and-ultra-fine-abrasive-fleece.webp,,cutout,square,alpha,
carfit-wet-sanding-paper,carfit,glavna,/products/carfit/catalog/carfit-wet-sanding-paper.webp,,cutout,landscape,alpha,
carfit-windglass-glue-black,carfit,glavna,/products/carfit/catalog/carfit-windglass-glue-black.webp,,cutout,portrait,alpha,
carfit-woolen-polishing-disc-velcro,carfit,glavna,/products/carfit/catalog/carfit-woolen-polishing-disc-velcro.webp,,cutout,square,alpha,
carfit-zinc-spray,carfit,glavna,/products/carfit/catalog/carfit-zinc-spray.webp,,cutout,portrait,alpha,
befar-anti-hologram,befar,glavna,/products/befar/catalog/befar-anti-hologram.webp,,photo,square,opaque-border,
befar-anti-hologram,befar,galerija,/products/befar/catalog/befar-anti-hologram-2.webp,,photo,square,canvas,
befar-auto-polish,befar,glavna,/products/befar/catalog/befar-auto-polish.webp,,photo,square,opaque-border,
befar-auto-polish,befar,galerija,/products/befar/catalog/befar-auto-polish-2.webp,,photo,square,canvas,
befar-backing-pad,befar,glavna,/products/befar/catalog/befar-backing-pad.webp,,photo,square,opaque-border,
befar-backing-pad,befar,galerija,/products/befar/catalog/befar-backing-pad-2.webp,,photo,square,opaque-border,
befar-backing-pad,befar,galerija,/products/befar/catalog/befar-backing-pad-3.webp,,photo,square,opaque-border,
befar-carved-velcro-polishing-pad,befar,glavna,/products/befar/catalog/befar-carved-velcro-polishing-pad.webp,,photo,square,opaque-border,
befar-carved-velcro-polishing-pad,befar,galerija,/products/befar/catalog/befar-carved-velcro-polishing-pad-2.webp,,photo,square,opaque-border,
befar-carved-velcro-polishing-pad,befar,red Bela,/products/befar/supplied/befar__befar-carved-velcro-polishing-pad__05801.webp,,cutout,square,alpha,
befar-carved-velcro-polishing-pad,befar,red Narandžasta,/products/befar/catalog/befar-carved-velcro-polishing-pad-6.webp,,photo,square,opaque-border,
befar-carved-velcro-polishing-pad,befar,red Plava,/products/befar/catalog/befar-carved-velcro-polishing-pad-5.webp,,photo,square,opaque-border,
befar-carved-velcro-polishing-pad,befar,red Krem,/products/befar/catalog/befar-carved-velcro-polishing-pad-3.webp,,photo,square,opaque-border,
befar-carved-velcro-polishing-pad,befar,red Bordo,/products/befar/catalog/befar-carved-velcro-polishing-pad-4.webp,,photo,square,opaque-border,
befar-cream-compound,befar,glavna,/products/befar/catalog/befar-cream-compound.webp,,photo,square,opaque-border,
befar-cream-compound,befar,galerija,/products/befar/catalog/befar-cream-compound-2.webp,,photo,square,opaque-border,
befar-cream-compound,befar,galerija,/products/befar/catalog/befar-cream-compound-3.webp,,photo,square,opaque-border,
befar-drill-type-headlight-cleaning-pad,befar,glavna,/products/befar/catalog/befar-drill-type-headlight-cleaning-pad.webp,,photo,portrait,opaque-border,
befar-drill-type-headlight-cleaning-pad,befar,galerija,/products/befar/catalog/befar-drill-type-headlight-cleaning-pad-2.webp,,photo,portrait,opaque-border,
befar-drill-type-headlight-cleaning-pad,befar,galerija,/products/befar/catalog/befar-drill-type-headlight-cleaning-pad-3.webp,,photo,portrait,opaque-border,
befar-drill-type-wheel-cleaning-pad,befar,glavna,/products/befar/catalog/befar-drill-type-headlight-cleaning-pad.webp,,photo,portrait,opaque-border,
befar-drill-type-wheel-cleaning-pad,befar,galerija,/products/befar/catalog/befar-drill-type-headlight-cleaning-pad-2.webp,,photo,portrait,opaque-border,
befar-drill-type-wheel-cleaning-pad,befar,galerija,/products/befar/catalog/befar-drill-type-headlight-cleaning-pad-3.webp,,photo,portrait,opaque-border,
befar-ellipse-corrugated-polishing-compounding-pad,befar,glavna,/products/befar/catalog/befar-ellipse-corrugated-polishing-compounding-pad.webp,,photo,square,opaque-border,
befar-ellipse-corrugated-polishing-compounding-pad,befar,red Bela,/products/befar/catalog/befar-ellipse-corrugated-polishing-compounding-pad-5.webp,,photo,square,opaque-border,
befar-ellipse-corrugated-polishing-compounding-pad,befar,red Narandžasta,/products/befar/catalog/befar-ellipse-corrugated-polishing-compounding-pad-3.webp,,photo,square,opaque-border,
befar-ellipse-corrugated-polishing-compounding-pad,befar,red Žuta,/products/befar/catalog/befar-ellipse-corrugated-polishing-compounding-pad-4.webp,,photo,square,opaque-border,
befar-ellipse-corrugated-polishing-compounding-pad,befar,red Plava,/products/befar/catalog/befar-ellipse-corrugated-polishing-compounding-pad-2.webp,,photo,square,opaque-border,
befar-extra-cream-compound,befar,glavna,/products/befar/catalog/befar-extra-cream-compound.webp,,photo,portrait,opaque-border,
befar-extra-cream-compound,befar,galerija,/products/befar/catalog/befar-extra-cream-compound-2.webp,,photo,portrait,opaque-border,
befar-extra-cream-compound,befar,galerija,/products/befar/catalog/befar-extra-cream-compound-3.webp,,photo,portrait,opaque-border,
befar-hard-velcro-backing-pad,befar,glavna,/products/befar/catalog/befar-hard-velcro-backing-pad.webp,,photo,landscape,opaque-border,
befar-hard-velcro-backing-pad,befar,galerija,/products/befar/catalog/befar-hard-velcro-backing-pad-2.webp,,photo,landscape,opaque-border,
befar-headlight-cleaning-set,befar,glavna,/products/befar/catalog/befar-headlight-cleaning-set.webp,,photo,square,opaque-border,
befar-headlight-cleaning-set,befar,galerija,/products/befar/catalog/befar-headlight-cleaning-set-2.webp,,photo,square,canvas,
befar-leo-ceramic-application-block,befar,glavna,/products/befar/catalog/befar-leo-ceramic-application-block.webp,,photo,square,opaque-border,
befar-leo-ceramic-cloth,befar,glavna,/products/befar/catalog/befar-leo-ceramic-application-block.webp,,photo,square,opaque-border,
befar-leo-compound-polish-set,befar,glavna,/products/befar/catalog/befar-leo-compound-polish-set.webp,,photo,landscape,canvas,
befar-leo-compound-polish-set,befar,galerija,/products/befar/catalog/befar-leo-compound-polish-set-2.webp,,photo,landscape,opaque-border,
befar-leo-compound-polish-set,befar,galerija,/products/befar/catalog/befar-leo-compound-polish-set-3.webp,,photo,landscape,opaque-border,
befar-leo-detailing-backing-pad,befar,glavna,/products/befar/catalog/befar-leo-detailing-backing-pad.webp,,photo,portrait,opaque-border,
befar-leo-detailing-backing-pad,befar,galerija,/products/befar/catalog/befar-leo-detailing-backing-pad-2.webp,,photo,portrait,opaque-border,
befar-leo-detailing-backing-pad,befar,galerija,/products/befar/catalog/befar-leo-detailing-backing-pad-3.webp,,photo,portrait,opaque-border,
befar-leo-hamburger-pad,befar,glavna,/products/befar/catalog/befar-leo-hamburger-pad.webp,,photo,landscape,opaque-border,
befar-leo-hamburger-pad,befar,galerija,/products/befar/catalog/befar-leo-hamburger-pad-2.webp,,photo,landscape,opaque-border,
befar-leo-mini-detailing-cleaning-set,befar,glavna,/products/befar/catalog/befar-leo-mini-detailing-cleaning-set.webp,,photo,square,opaque-border,
befar-leo-nano-ceramic-paint-protector-set,befar,glavna,/products/befar/catalog/befar-leo-nano-ceramic-paint-protector-set.webp,,photo,landscape,opaque-border,
befar-leo-nano-ceramic-paint-protector-set,befar,galerija,/products/befar/catalog/befar-leo-nano-ceramic-paint-protector-set-2.webp,,photo,landscape,opaque-border,
befar-leo-nano-ceramic-paint-protector-set,befar,galerija,/products/befar/catalog/befar-leo-nano-ceramic-paint-protector-set-3.webp,,photo,landscape,opaque-border,
befar-leo-plus-advance-velcro-compounding-pad,befar,glavna,/products/befar/catalog/befar-leo-plus-advance-velcro-compounding-pad.webp,,photo,landscape,opaque-border,
befar-leo-plus-advance-velcro-compounding-pad,befar,galerija,/products/befar/catalog/befar-leo-plus-advance-velcro-compounding-pad-2.webp,,photo,landscape,opaque-border,
befar-leo-plus-advance-with-applicator-compounding-pad,befar,glavna,/products/befar/catalog/befar-leo-plus-advance-with-applicator-compounding-pad.webp,,photo,landscape,opaque-border,
befar-leo-plus-advance-with-applicator-compounding-pad,befar,galerija,/products/befar/catalog/befar-leo-plus-advance-with-applicator-compounding-pad-2.webp,,photo,landscape,opaque-border,
befar-leo-plus-air-lines-orbital-velcro-compounding-pad,befar,glavna,/products/befar/catalog/befar-leo-plus-air-lines-orbital-velcro-compounding-pad.webp,,photo,landscape,opaque-border,
befar-leo-plus-air-lines-with-16-holes-orbital-velcro-compounding-pad,befar,glavna,/products/befar/catalog/befar-leo-plus-air-lines-with-16-holes-orbital-velcro-compounding-pad.webp,,photo,square,opaque-border,
befar-leo-premium-advance-velcro-compounding-pad,befar,glavna,/products/befar/catalog/befar-leo-premium-advance-velcro-compounding-pad.webp,,photo,landscape,opaque-border,
befar-leo-premium-advance-velcro-compounding-pad,befar,galerija,/products/befar/catalog/befar-leo-premium-advance-velcro-compounding-pad-2.webp,,photo,landscape,opaque-border,
befar-leo-premium-advance-with-applicator-compounding-pad,befar,glavna,/products/befar/catalog/befar-leo-premium-advance-with-applicator-compounding-pad.webp,,photo,square,opaque-border,
befar-leo-premium-air-lines-velcro-compounding-pad,befar,glavna,/products/befar/catalog/befar-leo-premium-air-lines-velcro-compounding-pad.webp,,photo,landscape,opaque-border,
befar-leo-premium-air-lines-velcro-compounding-pad,befar,galerija,/products/befar/catalog/befar-leo-premium-air-lines-velcro-compounding-pad-2.webp,,photo,landscape,opaque-border,
befar-leo-premium-compounding-pad,befar,glavna,/products/befar/catalog/befar-leo-premium-compounding-pad.webp,,photo,landscape,opaque-border,
befar-leo-premium-compounding-pad,befar,galerija,/products/befar/catalog/befar-leo-premium-compounding-pad-2.webp,,photo,landscape,opaque-border,
befar-liquid-compound,befar,glavna,/products/befar/catalog/befar-liquid-compound.webp,,photo,square,opaque-border,
befar-liquid-compound,befar,galerija,/products/befar/catalog/befar-liquid-compound-2.webp,,photo,square,canvas,
befar-m14-adapter,befar,glavna,/products/befar/catalog/befar-drill-type-headlight-cleaning-pad.webp,,photo,portrait,opaque-border,
befar-m14-adapter,befar,galerija,/products/befar/catalog/befar-drill-type-headlight-cleaning-pad-2.webp,,photo,portrait,opaque-border,
befar-m14-adapter,befar,galerija,/products/befar/catalog/befar-drill-type-headlight-cleaning-pad-3.webp,,photo,portrait,opaque-border,
befar-medium-hard-velcro-backing-pad,befar,glavna,/products/befar/catalog/befar-medium-hard-velcro-backing-pad.webp,,photo,square,opaque-border,
befar-medium-hard-velcro-backing-pad,befar,galerija,/products/befar/catalog/befar-medium-hard-velcro-backing-pad-2.webp,,photo,square,opaque-border,
befar-microfiber-cloths,befar,glavna,/products/befar/catalog/befar-microfiber-cloths.webp,,photo,portrait,opaque-border,
befar-microfiber-cloths,befar,galerija,/products/befar/catalog/befar-microfiber-cloths-2.webp,,photo,portrait,opaque-border,
befar-microfiber-cloths,befar,galerija,/products/befar/catalog/befar-microfiber-cloths-3.webp,,photo,portrait,canvas,
befar-non-woven-abrasive,befar,glavna,/products/befar/catalog/befar-non-woven-abrasive.webp,,photo,landscape,opaque-border,
befar-non-woven-abrasive,befar,galerija,/products/befar/catalog/befar-non-woven-abrasive-2.webp,,photo,landscape,opaque-border,
befar-paint-protector,befar,glavna,/products/befar/catalog/befar-paint-protector.webp,,photo,landscape,canvas,
befar-paint-protector,befar,galerija,/products/befar/catalog/befar-paint-protector-2.webp,,photo,landscape,canvas,
befar-plastic-putty-applicator,befar,glavna,/products/befar/catalog/befar-plastic-putty-applicator.webp,,photo,landscape,opaque-border,
befar-plate-type-felt-backing-pad,befar,glavna,/products/befar/catalog/befar-plate-type-felt-backing-pad.webp,,photo,portrait,opaque-border,
befar-plate-type-felt-backing-pad,befar,galerija,/products/befar/catalog/befar-plate-type-felt-backing-pad-2.webp,,photo,portrait,opaque-border,
befar-plus-hand-compounding-pad,befar,glavna,/products/befar/catalog/befar-plus-hand-compounding-pad.webp,,photo,square,opaque-border,
befar-plus-velcro-polishing-pad,befar,glavna,/products/befar/catalog/befar-plus-velcro-polishing-pad.webp,,photo,landscape,opaque-border,
befar-plus-velcro-polishing-pad,befar,galerija,/products/befar/catalog/befar-plus-velcro-polishing-pad-2.webp,,photo,landscape,opaque-border,
befar-plus-velcro-polishing-pad,befar,galerija,/products/befar/catalog/befar-plus-velcro-polishing-pad-3.webp,,photo,landscape,canvas,
befar-plus-velcro-polishing-pad,befar,red Narandžasta · 150 × 25 mm,/products/befar/catalog/befar-plus-velcro-polishing-pad-7.webp,,photo,landscape,opaque-border,
befar-plus-velcro-polishing-pad,befar,red Plava · 150 × 25 mm,/products/befar/catalog/befar-plus-velcro-polishing-pad-6.webp,,photo,landscape,canvas,
befar-plus-velcro-polishing-pad,befar,red Krem · 150 × 25 mm,/products/befar/catalog/befar-plus-velcro-polishing-pad-4.webp,,photo,landscape,canvas,
befar-plus-velcro-polishing-pad,befar,red Bordo · 150 × 25 mm,/products/befar/catalog/befar-plus-velcro-polishing-pad-5.webp,,photo,landscape,opaque-border,
befar-plus-velcro-woolpad,befar,glavna,/products/befar/catalog/befar-plus-velcro-woolpad.webp,,photo,square,opaque-border,
befar-plus-wax-pad-conical-pad,befar,glavna,/products/befar/catalog/befar-plus-wax-pad-conical-pad.webp,,photo,landscape,opaque-border,
befar-plus-with-applicator-compounding-pad,befar,glavna,/products/befar/catalog/befar-plus-with-applicator-compounding-pad.webp,,photo,square,opaque-border,
befar-plus-with-applicator-compounding-pad,befar,galerija,/products/befar/catalog/befar-plus-with-applicator-compounding-pad-2.webp,,photo,square,opaque-border,
befar-plus-with-applicator-compounding-pad,befar,galerija,/products/befar/catalog/befar-plus-with-applicator-compounding-pad-7.webp,,photo,square,opaque-border,
befar-plus-with-applicator-compounding-pad,befar,galerija,/products/befar/catalog/befar-plus-with-applicator-compounding-pad-8.webp,,photo,square,opaque-border,
befar-plus-with-applicator-compounding-pad,befar,galerija,/products/befar/catalog/befar-plus-with-applicator-compounding-pad-9.webp,,photo,square,opaque-border,
befar-plus-with-applicator-compounding-pad,befar,galerija,/products/befar/catalog/befar-plus-with-applicator-compounding-pad-10.webp,,backdrop,square,opaque-border,#cccfe3
befar-plus-with-applicator-compounding-pad,befar,red Narandžasta · 150 × 50 mm,/products/befar/catalog/befar-plus-with-applicator-compounding-pad-5.webp,,photo,square,canvas,
befar-plus-with-applicator-compounding-pad,befar,red Plava · 150 × 50 mm,/products/befar/catalog/befar-plus-with-applicator-compounding-pad-3.webp,,photo,square,canvas,
befar-plus-with-applicator-compounding-pad,befar,red Krem · 150 × 45 mm,/products/befar/catalog/befar-plus-with-applicator-compounding-pad-4.webp,,photo,square,canvas,
befar-plus-with-applicator-compounding-pad,befar,red Bordo · 150 × 50 mm,/products/befar/catalog/befar-plus-with-applicator-compounding-pad-6.webp,,photo,square,canvas,
befar-polishing-sponge-with-applicator,befar,glavna,/products/befar/catalog/befar-polishing-sponge-with-applicator.webp,,photo,landscape,canvas,
befar-polishing-sponge-with-applicator,befar,red Bela,/products/befar/catalog/befar-polishing-sponge-with-applicator-5.webp,,photo,landscape,canvas,
befar-polishing-sponge-with-applicator,befar,red Narandžasta,/products/befar/catalog/befar-polishing-sponge-with-applicator-4.webp,,photo,landscape,canvas,
befar-polishing-sponge-with-applicator,befar,red Crna,/products/befar/catalog/befar-polishing-sponge-with-applicator-2.webp,,photo,landscape,opaque-border,
befar-polishing-sponge-with-applicator,befar,red Žuta,/products/befar/catalog/befar-polishing-sponge-with-applicator-3.webp,,photo,landscape,opaque-border,
befar-sanding-block-hard-red,befar,glavna,/products/befar/catalog/befar-sanding-block-hard-red.webp,,photo,square,opaque-border,
befar-sanding-block-soft-orange,befar,glavna,/products/befar/catalog/befar-sanding-block-soft-orange.webp,,photo,square,opaque-border,
befar-sanding-pad,befar,glavna,/products/befar/catalog/befar-sanding-pad.webp,,photo,portrait,canvas,
befar-sanding-pad,befar,galerija,/products/befar/catalog/befar-sanding-pad-2.webp,,photo,portrait,opaque-border,
befar-sandwich-velcro-backing-pad,befar,glavna,/products/befar/catalog/befar-sandwich-velcro-backing-pad.webp,,photo,square,opaque-border,
befar-sandwich-velcro-backing-pad,befar,galerija,/products/befar/catalog/befar-sandwich-velcro-backing-pad-2.webp,,photo,square,opaque-border,
befar-soft-velcro-backing-pad,befar,glavna,/products/befar/catalog/befar-soft-velcro-backing-pad.webp,,photo,landscape,opaque-border,
befar-soft-velcro-backing-pad,befar,galerija,/products/befar/catalog/befar-soft-velcro-backing-pad-2.webp,,photo,landscape,opaque-border,
befar-static-foil,befar,glavna,/products/befar/catalog/befar-static-foil.webp,,photo,square,opaque-border,
befar-tack-cloth,befar,glavna,/products/befar/catalog/befar-tack-cloth.webp,,photo,landscape,opaque-border,
befar-turkuaz-compound,befar,glavna,/products/befar/catalog/befar-turkuaz-compound.webp,,photo,square,opaque-border,
befar-turkuaz-polish,befar,glavna,/products/befar/catalog/befar-turkuaz-compound.webp,,photo,square,opaque-border,
befar-turkuaz-sanding-block-blue,befar,glavna,/products/befar/catalog/befar-turkuaz-sanding-block-blue.webp,,photo,square,opaque-border,
befar-turkuaz-static-foil,befar,glavna,/products/befar/catalog/befar-turkuaz-static-foil.webp,,photo,square,opaque-border,
befar-turkuaz-with-applicator-compounding-pad,befar,glavna,/products/befar/catalog/befar-turkuaz-with-applicator-compounding-pad.webp,,photo,square,opaque-border,
befar-velcro-polishing-pad,befar,glavna,/products/befar/catalog/befar-velcro-polishing-pad.webp,,photo,square,opaque-border,
befar-velcro-polishing-pad,befar,galerija,/products/befar/catalog/befar-velcro-polishing-pad-2.webp,,photo,square,opaque-border,
befar-velcro-polishing-pad,befar,galerija,/products/befar/catalog/befar-velcro-polishing-pad-3.webp,,photo,square,opaque-border,
befar-velcro-polishing-pad,befar,galerija,/products/befar/catalog/befar-velcro-polishing-pad-8.webp,,photo,square,opaque-border,
befar-velcro-polishing-pad,befar,galerija,/products/befar/catalog/befar-velcro-polishing-pad-9.webp,,photo,square,opaque-border,
befar-velcro-polishing-pad,befar,galerija,/products/befar/catalog/befar-velcro-polishing-pad-10.webp,,photo,square,canvas,
befar-velcro-polishing-pad,befar,galerija,/products/befar/catalog/befar-velcro-polishing-pad-11.webp,,photo,square,canvas,
befar-velcro-polishing-pad,befar,red Bela · 80 × 25 mm,/products/befar/catalog/befar-velcro-polishing-pad-5.webp,,photo,square,opaque-border,
befar-velcro-polishing-pad,befar,red Narandžasta · 80 × 25 mm,/products/befar/catalog/befar-velcro-polishing-pad-4.webp,,photo,square,opaque-border,
befar-velcro-polishing-pad,befar,red Crna · 80 × 25 mm,/products/befar/catalog/befar-velcro-polishing-pad-6.webp,,photo,square,opaque-border,
befar-velcro-polishing-pad,befar,red Žuta · 80 × 25 mm,/products/befar/catalog/befar-velcro-polishing-pad-7.webp,,photo,square,canvas,
befar-velcro-polishing-pad,befar,red Plava · 80 × 25 mm,/products/befar/supplied/befar__befar-velcro-polishing-pad__44805.webp,,cutout,square,alpha,
befar-velcro-polishing-pad,befar,red Krem · 80 × 25 mm,/products/befar/supplied/befar__befar-velcro-polishing-pad__44806.webp,,cutout,square,alpha,
befar-velcro-polishing-pad,befar,red Bordo · 80 × 25 mm,/products/befar/supplied/befar__befar-velcro-polishing-pad__44807.webp,,cutout,square,alpha,
befar-velcro-woolpad,befar,glavna,/products/befar/catalog/befar-velcro-woolpad.webp,,photo,landscape,canvas,
befar-waffle-velcro-polishing-pad,befar,glavna,/products/befar/catalog/befar-waffle-velcro-polishing-pad.webp,,photo,landscape,opaque-border,
befar-waffle-velcro-polishing-pad,befar,galerija,/products/befar/catalog/befar-waffle-velcro-polishing-pad-2.webp,,photo,landscape,opaque-border,
befar-waffle-velcro-polishing-pad,befar,galerija,/products/befar/catalog/befar-waffle-velcro-polishing-pad-6.webp,,photo,landscape,opaque-border,
befar-waffle-velcro-polishing-pad,befar,red Bela · 80 × 25 mm,/products/befar/catalog/befar-waffle-velcro-polishing-pad-3.webp,,photo,landscape,canvas,
befar-waffle-velcro-polishing-pad,befar,red Narandžasta · 80 × 25 mm,/products/befar/catalog/befar-waffle-velcro-polishing-pad-4.webp,,photo,landscape,opaque-border,
befar-waffle-velcro-polishing-pad,befar,red Crna · 80 × 25 mm,/products/befar/supplied/befar__befar-waffle-velcro-polishing-pad__448031.webp,,cutout,landscape,alpha,
befar-waffle-velcro-polishing-pad,befar,red Žuta · 80 × 25 mm,/products/befar/catalog/befar-waffle-velcro-polishing-pad-5.webp,,photo,landscape,opaque-border,
befar-waffle-velcro-polishing-pad,befar,red Plava · 80 × 25 mm,/products/befar/catalog/befar-waffle-velcro-polishing-pad-7.webp,,photo,landscape,opaque-border,
befar-waffle-velcro-polishing-pad,befar,red Bordo · 80 × 25 mm,/products/befar/supplied/befar__befar-waffle-velcro-polishing-pad__448061.webp,,cutout,landscape,alpha,
befar-waffle-velcro-polishing-pad,befar,red Crna · 150 × 25 mm,/products/befar/supplied/befar__befar-waffle-velcro-polishing-pad__04503.webp,,cutout,landscape,alpha,
befar-with-applicator-compounding-pad,befar,glavna,/products/befar/catalog/befar-with-applicator-compounding-pad.webp,,photo,landscape,opaque-border,
befar-with-applicator-compounding-pad,befar,red Bela,/products/befar/catalog/befar-with-applicator-compounding-pad-4.webp,,photo,landscape,opaque-border,
befar-with-applicator-compounding-pad,befar,red Narandžasta,/products/befar/catalog/befar-with-applicator-compounding-pad-2.webp,,photo,landscape,opaque-border,
befar-with-applicator-compounding-pad,befar,red Žuta,/products/befar/catalog/befar-with-applicator-compounding-pad-3.webp,,photo,landscape,opaque-border,
rm-a-1510-diamont-blender,rm,glavna,/products/rm/catalog/rm-a-1510-diamont-blender.webp,,cutout,portrait,alpha,
rm-a-2010-bril-852,rm,—,,,fallback (Vizuel u pripremi),,,
rm-a-2530x-agilis-blender,rm,glavna,/products/rm/catalog/rm-a-2530x-agilis-blender.webp,,cutout,portrait,alpha,
rm-a-2540-agilis-blender-x-treme,rm,—,,,fallback (Vizuel u pripremi),,,
rm-a-2610-onyx-interior,rm,glavna,/products/rm/catalog/rm-a-2610-onyx-interior.webp,,cutout,portrait,alpha,
rm-a-2810-hydropure,rm,—,,,fallback (Vizuel u pripremi),,,
rm-a-2a14-speedadd,rm,glavna,/products/rm/catalog/rm-a-2a14-speedadd.webp,,cutout,portrait,alpha,
rm-a-2a44-flexadd,rm,glavna,/products/rm/catalog/rm-a-2a44-flexadd.webp,,cutout,portrait,alpha,
rm-a-2a45-plasticadd,rm,glavna,/products/rm/catalog/rm-a-2a45-plasticadd.webp,,cutout,portrait,alpha,
rm-a-2a54-blendingadd,rm,glavna,/products/rm/catalog/rm-a-2a54-blendingadd.webp,,cutout,square,alpha,
rm-a-2a84-textureadd,rm,glavna,/products/rm/catalog/rm-a-2a84-textureadd.webp,,cutout,portrait,alpha,
rm-a-2p05-flex-tune-r,rm,glavna,/products/rm/catalog/rm-a-2p05-flex-tune-r.webp,,cutout,portrait,alpha,
rm-a-2p17-fast-tune-r,rm,glavna,/products/rm/catalog/rm-a-2p17-fast-tune-r.webp,,cutout,portrait,alpha,
rm-a-2p30-uv-blending-thinn-r,rm,glavna,/products/rm/catalog/rm-a-2p30-uv-blending-thinn-r.webp,,cutout,portrait,alpha,
rm-a-2p35-blending-thinn-r,rm,glavna,/products/rm/catalog/rm-a-2p35-blending-thinn-r.webp,,cutout,square,alpha,
rm-a-2p40-plastic-tune-r,rm,glavna,/products/rm/catalog/rm-a-2p40-plastic-tune-r.webp,,cutout,portrait,alpha,
rm-a-2rm9-matting-agent,rm,glavna,/products/rm/catalog/rm-a-2rm9-matting-agent.webp,,cutout,portrait,alpha,
rm-a-5200-ghd-deco-a,rm,—,,,fallback (Vizuel u pripremi),,,
rm-a-5480-ghd-additive-for-universal-ep,rm,glavna,/products/rm/catalog/rm-a-5480-ghd-additive-for-universal-ep.webp,,cutout,portrait,alpha,
rm-a-5700-ghd-tinting-paste,rm,—,,,fallback (Vizuel u pripremi),,,
rm-agilis,rm,glavna,/products/rm/catalog/rm-agilis.webp,,cutout,landscape,alpha,
rm-agilis-esense,rm,glavna,/products/rm/catalog/rm-agilis-esense.webp,,cutout,portrait,alpha,
rm-agilis-esense-x-treme,rm,glavna,/products/rm/catalog/rm-agilis-esense.webp,,cutout,portrait,alpha,
rm-agilis-x-treme,rm,—,,,fallback (Vizuel u pripremi),,,
rm-am-2a54-blendingadd,rm,glavna,/products/rm/catalog/rm-am-2a54-blendingadd.webp,,cutout,portrait,alpha,
rm-am-2p35-blending-thinn-r,rm,—,,,fallback (Vizuel u pripremi),,,
rm-b-2a13-brushbody,rm,glavna,/products/rm/catalog/rm-b-2a13-brushbody.webp,,cutout,portrait,alpha,
rm-b-2a16-performbody,rm,glavna,/products/rm/catalog/rm-b-2a16-performbody.webp,,cutout,landscape,alpha,
rm-b-2a16c-performbody,rm,glavna,/products/rm/catalog/rm-b-2a16c-performbody.webp,,cutout,portrait,alpha,
rm-b-2a16cl-performbody,rm,glavna,/products/rm/catalog/rm-b-2a16cl-performbody.webp,,cutout,portrait,alpha,
rm-b-2a26-fastbody,rm,glavna,/products/rm/catalog/rm-b-2a26-fastbody.webp,,cutout,landscape,alpha,
rm-b-2a36-flexbody,rm,glavna,/products/rm/catalog/rm-b-2a36-flexbody.webp,,cutout,landscape,alpha,
rm-b-2a42-plasticbody,rm,glavna,/products/rm/catalog/rm-b-2a42-plasticbody.webp,,cutout,landscape,alpha,
rm-b-2a56-lightbody,rm,glavna,/products/rm/catalog/rm-b-2a56-lightbody.webp,,cutout,landscape,alpha,
rm-b-2a63-spraybody,rm,glavna,/products/rm/catalog/rm-b-2a63-spraybody.webp,,cutout,portrait,alpha,
rm-b-2p13-spray-bodyfill-r,rm,glavna,/products/rm/catalog/rm-b-2p13-spray-bodyfill-r.webp,,cutout,portrait,alpha,
rm-b-2p21-metal-bodyfill-r,rm,glavna,/products/rm/catalog/rm-b-2p21-metal-bodyfill-r.webp,,cutout,landscape,alpha,
rm-b-2p21c-metal-bodyfill-r,rm,glavna,/products/rm/catalog/rm-b-2p21c-metal-bodyfill-r.webp,,cutout,portrait,alpha,
rm-b-2p42-plastic-bodyfill-r,rm,glavna,/products/rm/catalog/rm-b-2p42-plastic-bodyfill-r.webp,,cutout,landscape,alpha,
rm-b-2p57-sf-bodyfill-r,rm,glavna,/products/rm/catalog/rm-b-2p57-sf-bodyfill-r.webp,,cutout,landscape,alpha,
rm-bc-020-thinner,rm,glavna,/products/rm/catalog/rm-bc-020-thinner.webp,,cutout,portrait,alpha,
rm-bc-030-thinner,rm,glavna,/products/rm/catalog/rm-bc-030-thinner.webp,,cutout,portrait,alpha,
rm-bc-040-thinner,rm,glavna,/products/rm/catalog/rm-bc-040-thinner.webp,,cutout,portrait,alpha,
rm-c-2a44-fasttop,rm,glavna,/products/rm/catalog/rm-c-2a44-fasttop.webp,,cutout,portrait,alpha,
rm-c-2a95-mattop,rm,—,,,fallback (Vizuel u pripremi),,,
rm-c-2p52-easy-air-finish-r,rm,glavna,/products/rm/catalog/rm-c-2p52-easy-air-finish-r.webp,,backdrop,portrait,opaque-border,#ffffff
rm-c-2p65-intense-finish-r,rm,glavna,/products/rm/catalog/rm-c-2p65-intense-finish-r.webp,,backdrop,portrait,opaque-border,#ffffff
rm-c-2rm2-wheel-clear-coat,rm,—,,,fallback (Vizuel u pripremi),,,
rm-d-121-ultra-flash-flake-diamond,rm,—,,,fallback (Vizuel u pripremi),,,
rm-d-403-diamont-jet-black,rm,glavna,/products/rm/catalog/rm-d-403-diamont-jet-black.webp,,cutout,portrait,alpha,
rm-db-403-onyx-hd-deep-black,rm,—,,,fallback (Vizuel u pripremi),,,
rm-diamont,rm,glavna,/products/rm/catalog/rm-diamont.webp,,backdrop,square,opaque-border,#ffffff
rm-ghd-cv-12,rm,—,,,fallback (Vizuel u pripremi),,,
rm-ghd-cv-40m,rm,—,,,fallback (Vizuel u pripremi),,,
rm-gv-100-ghd-thinner,rm,—,,,fallback (Vizuel u pripremi),,,
rm-gv-200-ghd-thinner,rm,—,,,fallback (Vizuel u pripremi),,,
rm-gv-300-ghd-thinner,rm,—,,,fallback (Vizuel u pripremi),,,
rm-gv-400-ghd-thinner,rm,—,,,fallback (Vizuel u pripremi),,,
rm-h-2a20-airtopcure,rm,glavna,/products/rm/catalog/rm-h-2a20-airtopcure.webp,,cutout,portrait,alpha,
rm-h-2a23-protectcure-epoxy,rm,glavna,/products/rm/catalog/rm-h-2a23-protectcure-epoxy.webp,,cutout,portrait,alpha,
rm-h-2a24-topcure,rm,glavna,/products/rm/catalog/rm-h-2a24-topcure.webp,,cutout,square,alpha,
rm-h-2a26-protectcure-wash,rm,glavna,/products/rm/catalog/rm-h-2a26-protectcure-wash.webp,,cutout,portrait,alpha,
rm-h-2a30-fillcure,rm,glavna,/products/rm/catalog/rm-h-2a30-fillcure.webp,,cutout,square,alpha,
rm-h-2a31-fillcure-slow,rm,—,,,fallback (Vizuel u pripremi),,,
rm-h-2a34-topcure,rm,glavna,/products/rm/catalog/rm-h-2a34-topcure.webp,,cutout,square,alpha,
rm-h-2a60-protectcure-multi,rm,glavna,/products/rm/catalog/rm-h-2a60-protectcure-multi.webp,,cutout,portrait,alpha,
rm-h-2a80-fillcure-plus,rm,—,,,fallback (Vizuel u pripremi),,,
rm-h-2a81-fillcure-plus-slow,rm,—,,,fallback (Vizuel u pripremi),,,
rm-h-2a94-matcure,rm,glavna,/products/rm/catalog/rm-h-2a94-matcure.webp,,cutout,portrait,alpha,
rm-h-2e23-filler-hardener,rm,glavna,/products/rm/catalog/rm-h-2e23-filler-hardener.webp,,cutout,portrait,alpha,
rm-h-2p16-metal-harden-r,rm,glavna,/products/rm/catalog/rm-h-2p16-metal-harden-r.webp,,cutout,portrait,alpha,
rm-h-2p20-air-harden-r,rm,glavna,/products/rm/catalog/rm-h-2p20-air-harden-r.webp,,cutout,portrait,alpha,
rm-h-2p25-clear-harden-r,rm,glavna,/products/rm/catalog/rm-h-2p25-clear-harden-r.webp,,cutout,square,alpha,
rm-h-2p35-clear-harden-r,rm,glavna,/products/rm/catalog/rm-h-2p35-clear-harden-r.webp,,cutout,square,alpha,
rm-h-2p60-multi-harden-r,rm,glavna,/products/rm/catalog/rm-h-2p60-multi-harden-r.webp,,cutout,portrait,alpha,
rm-h-2p80-filler-harden-r-plus,rm,—,,,fallback (Vizuel u pripremi),,,
rm-h-2p81-filler-harden-r-plus-slow,rm,—,,,fallback (Vizuel u pripremi),,,
rm-h-2p84-filler-harden-r,rm,glavna,/products/rm/catalog/rm-h-2p84-filler-harden-r.webp,,cutout,portrait,alpha,
rm-h-2p95-matshade-harden-r,rm,glavna,/products/rm/catalog/rm-h-2p95-matshade-harden-r.webp,,cutout,portrait,alpha,
rm-h-2p96-matshade-harden-r,rm,—,,,fallback (Vizuel u pripremi),,,
rm-h-2rm1-body-harden-r,rm,glavna,/products/rm/catalog/rm-h-2rm1-body-harden-r.webp,,cutout,portrait,alpha,
rm-h-2rm1c-body-harden-r,rm,glavna,/products/rm/catalog/rm-h-2rm1c-body-harden-r.webp,,cutout,portrait,alpha,
rm-h-2rm1cl-body-harden-r,rm,glavna,/products/rm/catalog/rm-h-2rm1cl-body-harden-r.webp,,cutout,portrait,alpha,
rm-h-2rm2-wheel-clear-coat-hardener,rm,—,,,fallback (Vizuel u pripremi),,,
rm-h-2rm3-spray-body-harden-r,rm,glavna,/products/rm/catalog/rm-h-2rm3-spray-body-harden-r.webp,,cutout,portrait,alpha,
rm-h-340-ghd-protect-filler-hardener,rm,—,,,fallback (Vizuel u pripremi),,,
rm-h-5430-ghd-slow-activator,rm,—,,,fallback (Vizuel u pripremi),,,
rm-h-5480-ghd-universal-ep-hardener,rm,glavna,/products/rm/catalog/rm-h-5480-ghd-universal-ep-hardener.webp,,cutout,portrait,alpha,
rm-h-700-ghd-hardener,rm,—,,,fallback (Vizuel u pripremi),,,
rm-h-750-ghd-hardener,rm,—,,,fallback (Vizuel u pripremi),,,
rm-h-770-ghd-hardener,rm,—,,,fallback (Vizuel u pripremi),,,
rm-hb-002-onyx-hd,rm,glavna,/products/rm/catalog/rm-hb-002-onyx-hd.webp,,cutout,portrait,alpha,
rm-hb-015-agilis-minor-repair,rm,—,,,fallback (Vizuel u pripremi),,,
rm-hb-034-hydromix-slow,rm,glavna,/products/rm/catalog/rm-hb-034-hydromix-slow.webp,,cutout,portrait,alpha,
rm-hb-10s-gleam-silver-onyx-hd,rm,—,,,fallback (Vizuel u pripremi),,,
rm-onyx-blender-plus,rm,—,,,fallback (Vizuel u pripremi),,,
rm-onyx-hd,rm,glavna,/products/rm/catalog/rm-onyx-hd.webp,,cutout,portrait,alpha,
rm-onyx-hd-tropical,rm,—,,,fallback (Vizuel u pripremi),,,
rm-p-2a23-epoxyprotect-grey,rm,glavna,/products/rm/catalog/rm-p-2a23-epoxyprotect-grey.webp,,cutout,portrait,alpha,
rm-p-2a26-corrosionprotect,rm,glavna,/products/rm/catalog/rm-p-2a26-corrosionprotect.webp,,cutout,portrait,alpha,
rm-p-2a31-easyfiller-white,rm,glavna,/products/rm/catalog/rm-p-2a31-easyfiller-white.webp,,cutout,portrait,alpha,
rm-p-2a35-easyfiller-black,rm,glavna,/products/rm/catalog/rm-p-2a35-easyfiller-black.webp,,cutout,portrait,alpha,
rm-p-2a45-performfiller-black,rm,glavna,/products/rm/catalog/rm-p-2a45-performfiller-black.webp,,cutout,portrait,alpha,
rm-p-2a70-adhesionpromoter,rm,glavna,/products/rm/catalog/rm-p-2a70-adhesionpromoter.webp,,cutout,portrait,alpha,
rm-p-2a71-quickfiller-white,rm,glavna,/products/rm/catalog/rm-p-2a71-quickfiller-white.webp,,cutout,portrait,alpha,
rm-p-2a75-quickfiller-black,rm,glavna,/products/rm/catalog/rm-p-2a75-quickfiller-black.webp,,cutout,portrait,alpha,
rm-p-2a81-speedfiller-white,rm,—,,,fallback (Vizuel u pripremi),,,
rm-p-2a85-speedfiller-black,rm,—,,,fallback (Vizuel u pripremi),,,
rm-p-2p16-metal-prim-r-beige,rm,glavna,/products/rm/catalog/rm-p-2p16-metal-prim-r-beige.webp,,cutout,portrait,alpha,
rm-p-2p21-air-purpos-r-white,rm,glavna,/products/rm/catalog/rm-p-2p21-air-purpos-r-white.webp,,cutout,portrait,alpha,
rm-p-2p25-air-purpos-r-black,rm,glavna,/products/rm/catalog/rm-p-2p25-air-purpos-r-black.webp,,cutout,portrait,alpha,
rm-p-2p33-water-fill-r-grey,rm,glavna,/products/rm/catalog/rm-p-2p33-water-fill-r-grey.webp,,cutout,portrait,alpha,
rm-p-2p43-plastic-fill-r-grey,rm,glavna,/products/rm/catalog/rm-p-2p43-plastic-fill-r-grey.webp,,cutout,portrait,alpha,
rm-p-2p53-sanding-fill-r-plus-grey,rm,glavna,/products/rm/catalog/rm-p-2p53-sanding-fill-r-plus-grey.webp,,cutout,portrait,alpha,
rm-p-2p61-multi-purpos-r-white,rm,glavna,/products/rm/catalog/rm-p-2p61-multi-purpos-r-white.webp,,cutout,portrait,alpha,
rm-p-2p65-multi-purpos-r-black,rm,glavna,/products/rm/catalog/rm-p-2p65-multi-purpos-r-black.webp,,cutout,portrait,alpha,
rm-p-2p71-wet-fill-r-white,rm,glavna,/products/rm/catalog/rm-p-2p71-wet-fill-r-white.webp,,cutout,portrait,alpha,
rm-p-2p75-wet-fill-r-black,rm,glavna,/products/rm/catalog/rm-p-2p75-wet-fill-r-black.webp,,cutout,portrait,alpha,
rm-p-2p93-uv-fill-r-grey,rm,glavna,/products/rm/catalog/rm-p-2p93-uv-fill-r-grey.webp,,cutout,portrait,alpha,
rm-p-5430w-ghd-surfacer-white,rm,—,,,fallback (Vizuel u pripremi),,,
rm-p-5433-ghd-chassismix,rm,—,,,fallback (Vizuel u pripremi),,,
rm-p-5520-ghd-multi-primer-filler-cf,rm,—,,,fallback (Vizuel u pripremi),,,
rm-p-5540-ghd-protect-primer-filler,rm,—,,,fallback (Vizuel u pripremi),,,
rm-pk-1a05-metalprep,rm,glavna,/products/rm/catalog/rm-pk-1a05-metalprep.webp,,cutout,portrait,alpha,
rm-pk-1a15-undercoatprep,rm,glavna,/products/rm/catalog/rm-pk-1a15-undercoatprep.webp,,cutout,portrait,alpha,
rm-pk-1p10-silicone-remov-r,rm,glavna,/products/rm/catalog/rm-pk-1p10-silicone-remov-r.webp,,cutout,portrait,alpha,
rm-pk-2a15-undercoat-hydroprep,rm,glavna,/products/rm/catalog/rm-pk-2a15-undercoat-hydroprep.webp,,cutout,portrait,alpha,
rm-pk-2a25-topcoat-hydroprep,rm,glavna,/products/rm/catalog/rm-pk-2a25-topcoat-hydroprep.webp,,cutout,portrait,alpha,
rm-pk-2a35-plasticprep,rm,glavna,/products/rm/catalog/rm-pk-2a35-plasticprep.webp,,cutout,portrait,alpha,
rm-pk-2p10-multi-clean-r,rm,glavna,/products/rm/catalog/rm-pk-2p10-multi-clean-r.webp,,cutout,portrait,alpha,
rm-pk-2p20-pre-clean-r,rm,glavna,/products/rm/catalog/rm-pk-2p20-pre-clean-r.webp,,cutout,portrait,alpha,
rm-pk-2p40-plastic-clean-r,rm,glavna,/products/rm/catalog/rm-pk-2p40-plastic-clean-r.webp,,cutout,portrait,alpha,
rm-pk-2p50-pro-prep-r,rm,glavna,/products/rm/catalog/rm-pk-2p50-pro-prep-r.webp,,cutout,portrait,alpha,
rm-pm-2a20-plasticadhesion,rm,glavna,/products/rm/catalog/rm-pm-2a20-plasticadhesion.webp,,cutout,portrait,alpha,
rm-pm-2a32-1k-protect-light-grey,rm,glavna,/products/rm/catalog/rm-pm-2a32-1k-protect-light-grey.webp,,cutout,portrait,alpha,
rm-pm-2a34-1k-protect-dark-grey,rm,glavna,/products/rm/catalog/rm-pm-2a34-1k-protect-dark-grey.webp,,cutout,portrait,alpha,
rm-pm-2p10-plastic-prim-r,rm,glavna,/products/rm/catalog/rm-pm-2p10-plastic-prim-r.webp,,cutout,portrait,alpha,
rm-pm-2p12-fill-r-light-grey,rm,glavna,/products/rm/catalog/rm-pm-2p12-fill-r-light-grey.webp,,cutout,portrait,alpha,
rm-pm-2p14-fill-r-dark-grey,rm,glavna,/products/rm/catalog/rm-pm-2p14-fill-r-dark-grey.webp,,cutout,portrait,alpha,
rm-pm-2p93-uv-fill-r-grey,rm,glavna,/products/rm/catalog/rm-pm-2p93-uv-fill-r-grey.webp,,cutout,portrait,alpha,
rm-r-2a20-airtopthinn,rm,—,,,fallback (Vizuel u pripremi),,,
rm-r-2a24-multithinn,rm,glavna,/products/rm/catalog/rm-r-2a24-multithinn.webp,,cutout,portrait,alpha,
rm-r-2a34-multithinn,rm,glavna,/products/rm/catalog/rm-r-2a34-multithinn.webp,,cutout,portrait,alpha,
rm-r-2e20-thinner-medium,rm,glavna,/products/rm/catalog/rm-r-2e20-thinner-medium.webp,,cutout,portrait,alpha,
rm-r-2e30-thinner-slow,rm,glavna,/products/rm/catalog/rm-r-2e30-thinner-slow.webp,,cutout,portrait,alpha,
rm-r-2p25-clear-thinn-r,rm,glavna,/products/rm/catalog/rm-r-2p25-clear-thinn-r.webp,,cutout,portrait,alpha,
rm-r-2p30-uv-thinn-r,rm,glavna,/products/rm/catalog/rm-r-2p30-uv-thinn-r.webp,,cutout,portrait,alpha,
rm-r-2p35-clear-thinn-r,rm,glavna,/products/rm/catalog/rm-r-2p35-clear-thinn-r.webp,,cutout,portrait,alpha,
rm-r-2p45-clear-thinn-r,rm,—,,,fallback (Vizuel u pripremi),,,
rm-ra-040-agilis-mix,rm,—,,,fallback (Vizuel u pripremi),,,
rm-ra-050-agilis-mix,rm,glavna,/products/rm/catalog/rm-ra-050-agilis-mix.webp,,cutout,portrait,alpha,
rm-ra-220-agilis-interior-mix,rm,glavna,/products/rm/catalog/rm-ra-220-agilis-interior-mix.webp,,cutout,portrait,alpha,
rm-sc-t2a203-pure-black,rm,glavna,/products/rm/catalog/rm-sc-t2a203-pure-black.webp,,cutout,portrait,alpha,
rm-sc-t2a204-mat-black,rm,glavna,/products/rm/catalog/rm-sc-t2a204-mat-black.webp,,cutout,portrait,alpha,
rm-sc-t2p203-pure-black,rm,glavna,/products/rm/catalog/rm-sc-t2p203-pure-black.webp,,cutout,portrait,alpha,
rm-sc-t2p204-mat-black,rm,glavna,/products/rm/catalog/rm-sc-t2p204-mat-black.webp,,cutout,portrait,alpha,
rm-t-2a55-topcoatmix,rm,glavna,/products/rm/catalog/rm-t-2a55-topcoatmix.webp,,cutout,square,alpha,
rm-t-2p55-topcoat-mix-r,rm,glavna,/products/rm/catalog/rm-t-2p55-topcoat-mix-r.webp,,cutout,portrait,alpha,
rm-uno-hd,rm,glavna,/products/rm/supplied/rm__rm-uno-hd.webp,,cutout,portrait,alpha,
befar-sundjer-narandzasti-25x150,befar,glavna,/products/befar/befar-sundjer-narandzasti-25x150.svg,,cutout,square,nema (vektor/neizmereno),
befar-sundjer-narandzasti-50x150,befar,glavna,/products/befar/befar-sundjer-narandzasti-50x150.svg,,cutout,square,nema (vektor/neizmereno),
befar-sundjer-crni-25x150,befar,glavna,/products/befar/befar-sundjer-crni-25x150.svg,,cutout,square,nema (vektor/neizmereno),
befar-sundjer-crni-50x150,befar,glavna,/products/befar/befar-sundjer-crni-50x150.svg,,cutout,square,nema (vektor/neizmereno),
befar-sundjer-beli-25x150,befar,glavna,/products/befar/befar-sundjer-beli-25x150.svg,,cutout,square,nema (vektor/neizmereno),
befar-sundjer-beli-50x150,befar,glavna,/products/befar/befar-sundjer-beli-50x150.svg,,cutout,square,nema (vektor/neizmereno),
befar-sundjer-plavi-25x150,befar,glavna,/products/befar/befar-sundjer-plavi-25x150.svg,,cutout,square,nema (vektor/neizmereno),
befar-sundjer-plavi-50x150,befar,glavna,/products/befar/befar-sundjer-plavi-50x150.svg,,cutout,square,nema (vektor/neizmereno),
cosmos-lac-automotive-030-400-ml-prefilled-030-1k,cosmos-lac,glavna,/products/cosmos-lac/automotive/cosmos-lac-automotive-030-400-ml-prefilled-030-1k.webp,,cutout,portrait,alpha,
cosmos-lac-automotive-250-400-ml-antichip-250-white,cosmos-lac,glavna,/products/cosmos-lac/automotive/cosmos-lac-automotive-250-400-ml-antichip-250-white.webp,,cutout,portrait,alpha,
cosmos-lac-automotive-251-400-ml-antichip-251-black,cosmos-lac,glavna,/products/cosmos-lac/automotive/cosmos-lac-automotive-251-400-ml-antichip-251-black.webp,,cutout,portrait,alpha,
cosmos-lac-automotive-252-400-ml-antichip-252-grey,cosmos-lac,glavna,/products/cosmos-lac/automotive/cosmos-lac-automotive-252-400-ml-antichip-252-grey.webp,,cutout,portrait,alpha,
cosmos-lac-automotive-510-400-ml-vinyl-fabric-510-black,cosmos-lac,glavna,/products/cosmos-lac/automotive/cosmos-lac-automotive-510-400-ml-vinyl-fabric-510-black.webp,,cutout,portrait,alpha,
cosmos-lac-automotive-560-400-ml-bumper-paint-560-white,cosmos-lac,glavna,/products/cosmos-lac/automotive/cosmos-lac-automotive-560-400-ml-bumper-paint-560-white.webp,,cutout,portrait,alpha,
cosmos-lac-automotive-561-400-ml-bumper-paint-561-black,cosmos-lac,glavna,/products/cosmos-lac/automotive/cosmos-lac-automotive-561-400-ml-bumper-paint-561-black.webp,,cutout,portrait,alpha,
cosmos-lac-automotive-562-400-ml-bumper-paint-562-grey,cosmos-lac,glavna,/products/cosmos-lac/automotive/cosmos-lac-automotive-562-400-ml-bumper-paint-562-grey.webp,,cutout,portrait,alpha,
cosmos-lac-automotive-563-400-ml-bumper-paint-563-anthracite,cosmos-lac,glavna,/products/cosmos-lac/automotive/cosmos-lac-automotive-563-400-ml-bumper-paint-563-anthracite.webp,,cutout,portrait,alpha,
cosmos-lac-automotive-564-400-ml-bumper-paint-564-black-structure,cosmos-lac,glavna,/products/cosmos-lac/automotive/cosmos-lac-automotive-564-400-ml-bumper-paint-564-black-structure.webp,,cutout,portrait,alpha,
cosmos-lac-automotive-701-400-ml-brake-caliper-engine-paint-701-red,cosmos-lac,glavna,/products/cosmos-lac/automotive/cosmos-lac-automotive-701-400-ml-brake-caliper-engine-paint-701-red.webp,,cutout,portrait,alpha,
cosmos-lac-automotive-702-400-ml-brake-caliper-engine-paint-702-yellow,cosmos-lac,glavna,/products/cosmos-lac/automotive/cosmos-lac-automotive-702-400-ml-brake-caliper-engine-paint-702-yellow.webp,,cutout,portrait,alpha,
cosmos-lac-automotive-703-400-ml-brake-caliper-engine-paint-703-blue,cosmos-lac,glavna,/products/cosmos-lac/automotive/cosmos-lac-automotive-703-400-ml-brake-caliper-engine-paint-703-blue.webp,,cutout,portrait,alpha,
cosmos-lac-automotive-711-400-ml-backlight-711-black,cosmos-lac,glavna,/products/cosmos-lac/automotive/cosmos-lac-automotive-711-400-ml-backlight-711-black.webp,,cutout,portrait,alpha,
cosmos-lac-automotive-712-400-ml-backlight-712-red,cosmos-lac,glavna,/products/cosmos-lac/automotive/cosmos-lac-automotive-712-400-ml-backlight-712-red.webp,,cutout,portrait,alpha,
cosmos-lac-automotive-719-200-ml-quick-start-719,cosmos-lac,glavna,/products/cosmos-lac/automotive/cosmos-lac-automotive-719-200-ml-quick-start-719.webp,,cutout,portrait,alpha,
cosmos-lac-chalk-effect-cl-n01-mat-400-ml-chalk-effect-n01-charcoal,cosmos-lac,glavna,/products/cosmos-lac/chalk-effect/cosmos-lac-chalk-effect-cl-n01-mat-400-ml-chalk-effect-n01-charcoal.webp,,cutout,portrait,alpha,
cosmos-lac-chalk-effect-cl-n02-mat-400-ml-chalk-effect-n02-pure-white,cosmos-lac,glavna,/products/cosmos-lac/chalk-effect/cosmos-lac-chalk-effect-cl-n02-mat-400-ml-chalk-effect-n02-pure-white.webp,,cutout,portrait,alpha,
cosmos-lac-chalk-effect-cl-n03-mat-400-ml-chalk-effect-n03-cloudy-white,cosmos-lac,glavna,/products/cosmos-lac/chalk-effect/cosmos-lac-chalk-effect-cl-n03-mat-400-ml-chalk-effect-n03-cloudy-white.webp,,cutout,portrait,alpha,
cosmos-lac-chalk-effect-cl-n04-mat-400-ml-chalk-effect-n04-cream,cosmos-lac,glavna,/products/cosmos-lac/chalk-effect/cosmos-lac-chalk-effect-cl-n04-mat-400-ml-chalk-effect-n04-cream.webp,,cutout,portrait,alpha,
cosmos-lac-chalk-effect-cl-n05-mat-400-ml-chalk-effect-n05-dolphin-grey,cosmos-lac,glavna,/products/cosmos-lac/chalk-effect/cosmos-lac-chalk-effect-cl-n05-mat-400-ml-chalk-effect-n05-dolphin-grey.webp,,cutout,portrait,alpha,
cosmos-lac-chalk-effect-cl-n06-mat-400-ml-chalk-effect-n06-english-manor,cosmos-lac,glavna,/products/cosmos-lac/chalk-effect/cosmos-lac-chalk-effect-cl-n06-mat-400-ml-chalk-effect-n06-english-manor.webp,,cutout,portrait,alpha,
cosmos-lac-chalk-effect-cl-n07-mat-400-ml-chalk-effect-n07-duck-egg-blue,cosmos-lac,glavna,/products/cosmos-lac/chalk-effect/cosmos-lac-chalk-effect-cl-n07-mat-400-ml-chalk-effect-n07-duck-egg-blue.webp,,cutout,portrait,alpha,
cosmos-lac-chalk-effect-cl-n08-mat-400-ml-chalk-effect-n08-scottish-green,cosmos-lac,glavna,/products/cosmos-lac/chalk-effect/cosmos-lac-chalk-effect-cl-n08-mat-400-ml-chalk-effect-n08-scottish-green.webp,,cutout,portrait,alpha,
cosmos-lac-chalk-effect-cl-n09-mat-400-ml-chalk-effect-n09-moroccan-turquoise,cosmos-lac,glavna,/products/cosmos-lac/chalk-effect/cosmos-lac-chalk-effect-cl-n09-mat-400-ml-chalk-effect-n09-moroccan-turquoise.webp,,cutout,portrait,alpha,
cosmos-lac-chalk-effect-cl-n10-mat-400-ml-chalk-effect-n10-dirty-lilac,cosmos-lac,glavna,/products/cosmos-lac/chalk-effect/cosmos-lac-chalk-effect-cl-n10-mat-400-ml-chalk-effect-n10-dirty-lilac.webp,,cutout,portrait,alpha,
cosmos-lac-chalk-effect-cl-n11-mat-400-ml-chalk-effect-n11-budapest-pink,cosmos-lac,glavna,/products/cosmos-lac/chalk-effect/cosmos-lac-chalk-effect-cl-n11-mat-400-ml-chalk-effect-n11-budapest-pink.webp,,cutout,portrait,alpha,
cosmos-lac-chalk-effect-cl-n12-mat-400-ml-chalk-effect-n12-bubblegum,cosmos-lac,glavna,/products/cosmos-lac/chalk-effect/cosmos-lac-chalk-effect-cl-n12-mat-400-ml-chalk-effect-n12-bubblegum.webp,,cutout,portrait,alpha,
cosmos-lac-chalk-effect-cl-n13-mat-400-ml-chalk-effect-n13-vanilla,cosmos-lac,glavna,/products/cosmos-lac/chalk-effect/cosmos-lac-chalk-effect-cl-n13-mat-400-ml-chalk-effect-n13-vanilla.webp,,cutout,portrait,alpha,
cosmos-lac-chalk-effect-cl-n14-mat-400-ml-chalk-effect-n14-greek-blue,cosmos-lac,glavna,/products/cosmos-lac/chalk-effect/cosmos-lac-chalk-effect-cl-n14-mat-400-ml-chalk-effect-n14-greek-blue.webp,,cutout,portrait,alpha,
cosmos-lac-chalk-effect-cl-n15-mat-400-ml-chalk-effect-n15-royal-blue,cosmos-lac,glavna,/products/cosmos-lac/chalk-effect/cosmos-lac-chalk-effect-cl-n15-mat-400-ml-chalk-effect-n15-royal-blue.webp,,cutout,portrait,alpha,
cosmos-lac-chalk-effect-cl-n16-mat-400-ml-chalk-effect-n16-aegean-blue,cosmos-lac,glavna,/products/cosmos-lac/chalk-effect/cosmos-lac-chalk-effect-cl-n16-mat-400-ml-chalk-effect-n16-aegean-blue.webp,,cutout,portrait,alpha,
cosmos-lac-chalk-effect-cl-n17-mat-400-ml-chalk-effect-n17-tuscan-sunset,cosmos-lac,glavna,/products/cosmos-lac/chalk-effect/cosmos-lac-chalk-effect-cl-n17-mat-400-ml-chalk-effect-n17-tuscan-sunset.webp,,cutout,portrait,alpha,
cosmos-lac-chalk-effect-cl-n18-mat-400-ml-chalk-effect-n18-indian-green,cosmos-lac,glavna,/products/cosmos-lac/chalk-effect/cosmos-lac-chalk-effect-cl-n18-mat-400-ml-chalk-effect-n18-indian-green.webp,,cutout,portrait,alpha,
cosmos-lac-chalk-effect-cl-n19-mat-400-ml-chalk-effect-n19-dark-sangria,cosmos-lac,glavna,/products/cosmos-lac/chalk-effect/cosmos-lac-chalk-effect-cl-n19-mat-400-ml-chalk-effect-n19-dark-sangria.webp,,cutout,portrait,alpha,
cosmos-lac-chalk-effect-cl-n20-mat-400-ml-chalk-effect-n20-shadow-grey,cosmos-lac,glavna,/products/cosmos-lac/chalk-effect/cosmos-lac-chalk-effect-cl-n20-mat-400-ml-chalk-effect-n20-shadow-grey.webp,,cutout,portrait,alpha,
cosmos-lac-chalk-effect-cl-n21-mat-400-ml-chalk-effect-n21-coral-blush,cosmos-lac,glavna,/products/cosmos-lac/chalk-effect/cosmos-lac-chalk-effect-cl-n21-mat-400-ml-chalk-effect-n21-coral-blush.webp,,cutout,portrait,alpha,
cosmos-lac-chalk-effect-cl-n22-mat-400-ml-chalk-effect-n22-bloodstone,cosmos-lac,glavna,/products/cosmos-lac/chalk-effect/cosmos-lac-chalk-effect-cl-n22-mat-400-ml-chalk-effect-n22-bloodstone.webp,,cutout,portrait,alpha,
cosmos-lac-chalk-effect-cl-n23-mat-400-ml-chalk-effect-n23-khaki-brown,cosmos-lac,glavna,/products/cosmos-lac/chalk-effect/cosmos-lac-chalk-effect-cl-n23-mat-400-ml-chalk-effect-n23-khaki-brown.webp,,cutout,portrait,alpha,
cosmos-lac-chalk-effect-cl-n24-mat-400-ml-chalk-effect-n24-latte,cosmos-lac,glavna,/products/cosmos-lac/chalk-effect/cosmos-lac-chalk-effect-cl-n24-mat-400-ml-chalk-effect-n24-latte.webp,,cutout,portrait,alpha,
cosmos-lac-chalk-effect-cl-n25-mat-400-ml-chalk-effect-n25-versailles-gold,cosmos-lac,glavna,/products/cosmos-lac/chalk-effect/cosmos-lac-chalk-effect-cl-n25-mat-400-ml-chalk-effect-n25-versailles-gold.webp,,cutout,portrait,alpha,
cosmos-lac-chalk-effect-cl-n26-mat-400-ml-chalk-effect-n26-cream-linen,cosmos-lac,glavna,/products/cosmos-lac/chalk-effect/cosmos-lac-chalk-effect-cl-n26-mat-400-ml-chalk-effect-n26-cream-linen.webp,,cutout,portrait,alpha,
cosmos-lac-chalk-effect-cl-n27-mat-400-ml-chalk-effect-n27-nordic-olive,cosmos-lac,glavna,/products/cosmos-lac/chalk-effect/cosmos-lac-chalk-effect-cl-n27-mat-400-ml-chalk-effect-n27-nordic-olive.webp,,cutout,portrait,alpha,
cosmos-lac-chalk-effect-cl-n28-mat-400-ml-chalk-effect-n28-velvet-citrus,cosmos-lac,glavna,/products/cosmos-lac/chalk-effect/cosmos-lac-chalk-effect-cl-n28-mat-400-ml-chalk-effect-n28-velvet-citrus.webp,,cutout,portrait,alpha,
cosmos-lac-chalk-effect-cl-n29-mat-400-ml-chalk-effect-n29-imperial-violet,cosmos-lac,glavna,/products/cosmos-lac/chalk-effect/cosmos-lac-chalk-effect-cl-n29-mat-400-ml-chalk-effect-n29-imperial-violet.webp,,cutout,portrait,alpha,
cosmos-lac-chalk-effect-cl-n30-mat-400-ml-chalk-effect-n30-ashen-lavender,cosmos-lac,glavna,/products/cosmos-lac/chalk-effect/cosmos-lac-chalk-effect-cl-n30-mat-400-ml-chalk-effect-n30-ashen-lavender.webp,,cutout,portrait,alpha,
cosmos-lac-chalk-effect-cl-n31-mat-400-ml-chalk-effect-n31-salmon-di-venezia,cosmos-lac,glavna,/products/cosmos-lac/chalk-effect/cosmos-lac-chalk-effect-cl-n31-mat-400-ml-chalk-effect-n31-salmon-di-venezia.webp,,cutout,portrait,alpha,
cosmos-lac-chalk-effect-cl-n32-mat-400-ml-chalk-effect-n32-smoked-fig,cosmos-lac,glavna,/products/cosmos-lac/chalk-effect/cosmos-lac-chalk-effect-cl-n32-mat-400-ml-chalk-effect-n32-smoked-fig.webp,,cutout,portrait,alpha,
cosmos-lac-chalk-effect-cl-n33-mat-400-ml-chalk-effect-n33-british-biscuit,cosmos-lac,glavna,/products/cosmos-lac/chalk-effect/cosmos-lac-chalk-effect-cl-n33-mat-400-ml-chalk-effect-n33-british-biscuit.webp,,cutout,portrait,alpha,
cosmos-lac-chalk-effect-cl-n52-mat-400-ml-chalk-effect-n52-matt-varnish,cosmos-lac,glavna,/products/cosmos-lac/chalk-effect/cosmos-lac-chalk-effect-cl-n52-mat-400-ml-chalk-effect-n52-matt-varnish.webp,,cutout,portrait,alpha,
cosmos-lac-cleaners-205-400-ml-contact-cleaner-205,cosmos-lac,glavna,/products/cosmos-lac/cleaners/cosmos-lac-cleaners-205-400-ml-contact-cleaner-205.webp,,cutout,portrait,alpha,
cosmos-lac-cleaners-718-400-ml-sticker-glue-remover-718,cosmos-lac,glavna,/products/cosmos-lac/cleaners/cosmos-lac-cleaners-718-400-ml-sticker-glue-remover-718.webp,,cutout,portrait,alpha,
cosmos-lac-cleaners-732-400-ml-air-duster-732,cosmos-lac,glavna,/products/cosmos-lac/cleaners/cosmos-lac-cleaners-732-400-ml-air-duster-732.webp,,cutout,portrait,alpha,
cosmos-lac-cleaners-733-400-ml-paint-remover-733,cosmos-lac,glavna,/products/cosmos-lac/cleaners/cosmos-lac-cleaners-733-400-ml-paint-remover-733.webp,,cutout,portrait,alpha,
cosmos-lac-cleaners-750-400-ml-brake-cleaner-750,cosmos-lac,glavna,/products/cosmos-lac/cleaners/cosmos-lac-cleaners-750-400-ml-brake-cleaner-750.webp,,cutout,portrait,alpha,
cosmos-lac-cleaners-751-400-ml-carburetor-cleaner-751,cosmos-lac,glavna,/products/cosmos-lac/cleaners/cosmos-lac-cleaners-751-400-ml-carburetor-cleaner-751.webp,,cutout,portrait,alpha,
cosmos-lac-cleaners-752-400-ml-textile-cleaner-752,cosmos-lac,glavna,/products/cosmos-lac/cleaners/cosmos-lac-cleaners-752-400-ml-textile-cleaner-752.webp,,cutout,portrait,alpha,
cosmos-lac-easy-max-cl-800-ral-9010-400-ml-easy-max-ral-9010-800-white,cosmos-lac,glavna,/products/cosmos-lac/easy-max/cosmos-lac-easy-max-cl-800-ral-9010-400-ml-easy-max-ral-9010-800-white.webp,,cutout,portrait,alpha,
cosmos-lac-easy-max-cl-801-ral-9001-400-ml-easy-max-ral-9001-801-cream-white,cosmos-lac,glavna,/products/cosmos-lac/easy-max/cosmos-lac-easy-max-cl-801-ral-9001-400-ml-easy-max-ral-9001-801-cream-white.webp,,cutout,portrait,alpha,
cosmos-lac-easy-max-cl-802-ral-9002-400-ml-easy-max-ral-9002-802-grey-white,cosmos-lac,glavna,/products/cosmos-lac/easy-max/cosmos-lac-easy-max-cl-802-ral-9002-400-ml-easy-max-ral-9002-802-grey-white.webp,,cutout,portrait,alpha,
cosmos-lac-easy-max-cl-803-ral-9005-400-ml-easy-max-ral-9005-803-black,cosmos-lac,glavna,/products/cosmos-lac/easy-max/cosmos-lac-easy-max-cl-803-ral-9005-400-ml-easy-max-ral-9005-803-black.webp,,cutout,portrait,alpha,
cosmos-lac-easy-max-cl-804-ral-7021-400-ml-easy-max-ral-7021-804-black-grey,cosmos-lac,glavna,/products/cosmos-lac/easy-max/cosmos-lac-easy-max-cl-804-ral-7021-400-ml-easy-max-ral-7021-804-black-grey.webp,,cutout,portrait,alpha,
cosmos-lac-easy-max-cl-805-ral-7011-400-ml-easy-max-ral-7011-805-iron-grey,cosmos-lac,glavna,/products/cosmos-lac/easy-max/cosmos-lac-easy-max-cl-805-ral-7011-400-ml-easy-max-ral-7011-805-iron-grey.webp,,cutout,portrait,alpha,
cosmos-lac-easy-max-cl-806-ral-7015-400-ml-easy-max-ral-7015-806-dark-grey,cosmos-lac,glavna,/products/cosmos-lac/easy-max/cosmos-lac-easy-max-cl-806-ral-7015-400-ml-easy-max-ral-7015-806-dark-grey.webp,,cutout,portrait,alpha,
cosmos-lac-easy-max-cl-807-ral-7040-400-ml-easy-max-ral-7040-807-grey,cosmos-lac,glavna,/products/cosmos-lac/easy-max/cosmos-lac-easy-max-cl-807-ral-7040-400-ml-easy-max-ral-7040-807-grey.webp,,cutout,portrait,alpha,
cosmos-lac-easy-max-cl-808-ral-7033-400-ml-easy-max-ral-7033-808-cement-grey,cosmos-lac,glavna,/products/cosmos-lac/easy-max/cosmos-lac-easy-max-cl-808-ral-7033-400-ml-easy-max-ral-7033-808-cement-grey.webp,,cutout,portrait,alpha,
cosmos-lac-easy-max-cl-809-ral-1015-400-ml-easy-max-ral-1015-809-light-ivory,cosmos-lac,glavna,/products/cosmos-lac/easy-max/cosmos-lac-easy-max-cl-809-ral-1015-400-ml-easy-max-ral-1015-809-light-ivory.webp,,cutout,portrait,alpha,
cosmos-lac-easy-max-cl-810-ral-3004-400-ml-easy-max-ral-3004-810-purple-red,cosmos-lac,glavna,/products/cosmos-lac/easy-max/cosmos-lac-easy-max-cl-810-ral-3004-400-ml-easy-max-ral-3004-810-purple-red.webp,,cutout,portrait,alpha,
cosmos-lac-easy-max-cl-811-ral-3002-400-ml-easy-max-ral-3002-811-dark-red,cosmos-lac,glavna,/products/cosmos-lac/easy-max/cosmos-lac-easy-max-cl-811-ral-3002-400-ml-easy-max-ral-3002-811-dark-red.webp,,cutout,portrait,alpha,
cosmos-lac-easy-max-cl-812-ral-3020-400-ml-easy-max-ral-3020-812-red,cosmos-lac,glavna,/products/cosmos-lac/easy-max/cosmos-lac-easy-max-cl-812-ral-3020-400-ml-easy-max-ral-3020-812-red.webp,,cutout,portrait,alpha,
cosmos-lac-easy-max-cl-813-ral-1018-400-ml-easy-max-ral-1018-813-yellow,cosmos-lac,glavna,/products/cosmos-lac/easy-max/cosmos-lac-easy-max-cl-813-ral-1018-400-ml-easy-max-ral-1018-813-yellow.webp,,cutout,portrait,alpha,
cosmos-lac-easy-max-cl-814-ral-6001-400-ml-easy-max-ral-6001-814-dark-green,cosmos-lac,glavna,/products/cosmos-lac/easy-max/cosmos-lac-easy-max-cl-814-ral-6001-400-ml-easy-max-ral-6001-814-dark-green.webp,,cutout,portrait,alpha,
cosmos-lac-easy-max-cl-815-ral-8011-400-ml-easy-max-ral-8011-815-brown,cosmos-lac,glavna,/products/cosmos-lac/easy-max/cosmos-lac-easy-max-cl-815-ral-8011-400-ml-easy-max-ral-8011-815-brown.webp,,cutout,portrait,alpha,
cosmos-lac-easy-max-cl-816-ral-5005-400-ml-easy-max-ral-5005-816-dark-blue,cosmos-lac,glavna,/products/cosmos-lac/easy-max/cosmos-lac-easy-max-cl-816-ral-5005-400-ml-easy-max-ral-5005-816-dark-blue.webp,,cutout,portrait,alpha,
cosmos-lac-easy-max-cl-817-ral-5012-400-ml-easy-max-ral-5012-817-blue,cosmos-lac,glavna,/products/cosmos-lac/easy-max/cosmos-lac-easy-max-cl-817-ral-5012-400-ml-easy-max-ral-5012-817-blue.webp,,cutout,portrait,alpha,
cosmos-lac-easy-max-cl-818-ral-5010-400-ml-easy-max-ral-5010-818-gentian-blue,cosmos-lac,glavna,/products/cosmos-lac/easy-max/cosmos-lac-easy-max-cl-818-ral-5010-400-ml-easy-max-ral-5010-818-gentian-blue.webp,,cutout,portrait,alpha,
cosmos-lac-easy-max-cl-819-ral-5018-400-ml-easy-max-ral-5018-819-turquoise-blue,cosmos-lac,glavna,/products/cosmos-lac/easy-max/cosmos-lac-easy-max-cl-819-ral-5018-400-ml-easy-max-ral-5018-819-turquoise-blue.webp,,cutout,portrait,alpha,
cosmos-lac-easy-max-cl-823-ral-1007-400-ml-easy-max-ral-1007-823-daffodil-yellow,cosmos-lac,glavna,/products/cosmos-lac/easy-max/cosmos-lac-easy-max-cl-823-ral-1007-400-ml-easy-max-ral-1007-823-daffodil-yellow.webp,,cutout,portrait,alpha,
cosmos-lac-easy-max-cl-824-ral-5013-400-ml-easy-max-ral-5013-824-cobalt-blue,cosmos-lac,glavna,/products/cosmos-lac/easy-max/cosmos-lac-easy-max-cl-824-ral-5013-400-ml-easy-max-ral-5013-824-cobalt-blue.webp,,cutout,portrait,alpha,
cosmos-lac-easy-max-cl-825-ral-6011-400-ml-easy-max-ral-6011-825-reseda-green,cosmos-lac,glavna,/products/cosmos-lac/easy-max/cosmos-lac-easy-max-cl-825-ral-6011-400-ml-easy-max-ral-6011-825-reseda-green.webp,,cutout,portrait,alpha,
cosmos-lac-easy-max-cl-826-ral-8004-400-ml-easy-max-ral-8004-826-copper-brown,cosmos-lac,glavna,/products/cosmos-lac/easy-max/cosmos-lac-easy-max-cl-826-ral-8004-400-ml-easy-max-ral-8004-826-copper-brown.webp,,cutout,portrait,alpha,
cosmos-lac-easy-max-cl-830-ral-8003-400-ml-easy-max-ral-8003-830-clay-brown,cosmos-lac,glavna,/products/cosmos-lac/easy-max/cosmos-lac-easy-max-cl-830-ral-8003-400-ml-easy-max-ral-8003-830-clay-brown.webp,,cutout,portrait,alpha,
cosmos-lac-easy-max-cl-831-ral-2010-400-ml-easy-max-ral-2010-831-orange,cosmos-lac,glavna,/products/cosmos-lac/easy-max/cosmos-lac-easy-max-cl-831-ral-2010-400-ml-easy-max-ral-2010-831-orange.webp,,cutout,portrait,alpha,
cosmos-lac-easy-max-cl-860-ral-6018-400-ml-easy-max-ral-6018-860-green,cosmos-lac,glavna,/products/cosmos-lac/easy-max/cosmos-lac-easy-max-cl-860-ral-6018-400-ml-easy-max-ral-6018-860-green.webp,,cutout,portrait,alpha,
cosmos-lac-easy-max-cl-861-ral-6005-400-ml-easy-max-ral-6005-861-moss-green,cosmos-lac,glavna,/products/cosmos-lac/easy-max/cosmos-lac-easy-max-cl-861-ral-6005-400-ml-easy-max-ral-6005-861-moss-green.webp,,cutout,portrait,alpha,
cosmos-lac-easy-max-cl-868-ral-4010-400-ml-easy-max-ral-4010-868-magenta,cosmos-lac,glavna,/products/cosmos-lac/easy-max/cosmos-lac-easy-max-cl-868-ral-4010-400-ml-easy-max-ral-4010-868-magenta.webp,,cutout,portrait,alpha,
cosmos-lac-easy-max-cl-870-ral-4005-400-ml-easy-max-ral-4005-870-blue-lilac,cosmos-lac,glavna,/products/cosmos-lac/easy-max/cosmos-lac-easy-max-cl-870-ral-4005-400-ml-easy-max-ral-4005-870-blue-lilac.webp,,cutout,portrait,alpha,
cosmos-lac-easy-max-cl-871-400-ml-easy-max-871-pastel-beige,cosmos-lac,glavna,/products/cosmos-lac/easy-max/cosmos-lac-easy-max-cl-871-400-ml-easy-max-871-pastel-beige.webp,,cutout,portrait,alpha,
cosmos-lac-easy-max-cl-872-400-ml-easy-max-872-pastel-pink,cosmos-lac,glavna,/products/cosmos-lac/easy-max/cosmos-lac-easy-max-cl-872-400-ml-easy-max-872-pastel-pink.webp,,cutout,portrait,alpha,
cosmos-lac-easy-max-cl-873-400-ml-easy-max-873-pastel-green,cosmos-lac,glavna,/products/cosmos-lac/easy-max/cosmos-lac-easy-max-cl-873-400-ml-easy-max-873-pastel-green.webp,,cutout,portrait,alpha,
cosmos-lac-easy-max-cl-874-400-ml-easy-max-874-pastel-yellow,cosmos-lac,glavna,/products/cosmos-lac/easy-max/cosmos-lac-easy-max-cl-874-400-ml-easy-max-874-pastel-yellow.webp,,cutout,portrait,alpha,
cosmos-lac-easy-max-cl-875-400-ml-easy-max-875-pastel-blue,cosmos-lac,glavna,/products/cosmos-lac/easy-max/cosmos-lac-easy-max-cl-875-400-ml-easy-max-875-pastel-blue.webp,,cutout,portrait,alpha,
cosmos-lac-easy-max-cl-876-400-ml-easy-max-876-pastel-mocca,cosmos-lac,glavna,/products/cosmos-lac/easy-max/cosmos-lac-easy-max-cl-876-400-ml-easy-max-876-pastel-mocca.webp,,cutout,portrait,alpha,
cosmos-lac-easy-max-cl-900-400-ml-easy-max-metallic-900-pewter-silver,cosmos-lac,glavna,/products/cosmos-lac/easy-max/cosmos-lac-easy-max-cl-900-400-ml-easy-max-metallic-900-pewter-silver.webp,,cutout,portrait,alpha,
cosmos-lac-easy-max-cl-901-400-ml-easy-max-metallic-901-gold,cosmos-lac,glavna,/products/cosmos-lac/easy-max/cosmos-lac-easy-max-cl-901-400-ml-easy-max-metallic-901-gold.webp,,cutout,portrait,alpha,
cosmos-lac-easy-max-cl-902-400-ml-easy-max-metallic-902-bronze,cosmos-lac,glavna,/products/cosmos-lac/easy-max/cosmos-lac-easy-max-cl-902-400-ml-easy-max-metallic-902-bronze.webp,,cutout,portrait,alpha,
cosmos-lac-easy-max-cl-903-400-ml-easy-max-metallic-903-copper,cosmos-lac,glavna,/products/cosmos-lac/easy-max/cosmos-lac-easy-max-cl-903-400-ml-easy-max-metallic-903-copper.webp,,cutout,portrait,alpha,
cosmos-lac-easy-max-cl-910-400-ml-easy-max-glitter-910-silver,cosmos-lac,glavna,/products/cosmos-lac/easy-max/cosmos-lac-easy-max-cl-910-400-ml-easy-max-glitter-910-silver.webp,,cutout,portrait,alpha,
cosmos-lac-easy-max-cl-911-400-ml-easy-max-glitter-911-gold,cosmos-lac,glavna,/products/cosmos-lac/easy-max/cosmos-lac-easy-max-cl-911-400-ml-easy-max-glitter-911-gold.webp,,cutout,portrait,alpha,
cosmos-lac-easy-max-cl-920-400-ml-easy-max-marble-effect-920-white,cosmos-lac,glavna,/products/cosmos-lac/easy-max/cosmos-lac-easy-max-cl-920-400-ml-easy-max-marble-effect-920-white.webp,,cutout,portrait,alpha,
cosmos-lac-easy-max-cl-921-400-ml-easy-max-marble-effect-921-black,cosmos-lac,glavna,/products/cosmos-lac/easy-max/cosmos-lac-easy-max-cl-921-400-ml-easy-max-marble-effect-921-black.webp,,cutout,portrait,alpha,
cosmos-lac-easy-max-cl-922-400-ml-easy-max-marble-effect-922-gold,cosmos-lac,glavna,/products/cosmos-lac/easy-max/cosmos-lac-easy-max-cl-922-400-ml-easy-max-marble-effect-922-gold.webp,,cutout,portrait,alpha,
cosmos-lac-easy-max-cl-923-400-ml-easy-max-marble-effect-923-silver,cosmos-lac,glavna,/products/cosmos-lac/easy-max/cosmos-lac-easy-max-cl-923-400-ml-easy-max-marble-effect-923-silver.webp,,cutout,portrait,alpha,
cosmos-lac-easy-max-cl-930-400-ml-easy-max-granite-effect-930-grey,cosmos-lac,glavna,/products/cosmos-lac/easy-max/cosmos-lac-easy-max-cl-930-400-ml-easy-max-granite-effect-930-grey.webp,,cutout,portrait,alpha,
cosmos-lac-easy-max-cl-931-400-ml-easy-max-granite-effect-931-beige,cosmos-lac,glavna,/products/cosmos-lac/easy-max/cosmos-lac-easy-max-cl-931-400-ml-easy-max-granite-effect-931-beige.webp,,cutout,portrait,alpha,
cosmos-lac-easy-max-cl-932-400-ml-easy-max-granite-effect-932-terraccota,cosmos-lac,glavna,/products/cosmos-lac/easy-max/cosmos-lac-easy-max-cl-932-400-ml-easy-max-granite-effect-932-terraccota.webp,,cutout,portrait,alpha,
cosmos-lac-easy-max-cl-933-400-ml-easy-max-granite-effect-933-black,cosmos-lac,glavna,/products/cosmos-lac/easy-max/cosmos-lac-easy-max-cl-933-400-ml-easy-max-granite-effect-933-black.webp,,cutout,portrait,alpha,
cosmos-lac-easy-max-cl-940-400-ml-easy-max-sand-effect-940-beige,cosmos-lac,glavna,/products/cosmos-lac/easy-max/cosmos-lac-easy-max-cl-940-400-ml-easy-max-sand-effect-940-beige.webp,,cutout,portrait,alpha,
cosmos-lac-easy-max-cl-941-400-ml-easy-max-sand-effect-941-grey,cosmos-lac,glavna,/products/cosmos-lac/easy-max/cosmos-lac-easy-max-cl-941-400-ml-easy-max-sand-effect-941-grey.webp,,cutout,portrait,alpha,
cosmos-lac-effect-450-400-ml-chrome-effect-450,cosmos-lac,glavna,/products/cosmos-lac/effect/cosmos-lac-effect-450-400-ml-chrome-effect-450.webp,,cutout,portrait,alpha,
cosmos-lac-effect-451-400-ml-gold-effect-451,cosmos-lac,glavna,/products/cosmos-lac/effect/cosmos-lac-effect-451-400-ml-gold-effect-451.webp,,cutout,portrait,alpha,
cosmos-lac-fast-acrylic-ral-1007-sjaj-400-ml-fast-acrylic-ral-1007-daffodil-yellow,cosmos-lac,glavna,/products/cosmos-lac/fast-acrylic/cosmos-lac-fast-acrylic-ral-1007-sjaj-400-ml-fast-acrylic-ral-1007-daffodil-yellow.webp,,cutout,portrait,alpha,
cosmos-lac-fast-acrylic-ral-1015-sjaj-400-ml-fast-acrylic-ral-1015-light-ivory,cosmos-lac,glavna,/products/cosmos-lac/fast-acrylic/cosmos-lac-fast-acrylic-ral-1015-sjaj-400-ml-fast-acrylic-ral-1015-light-ivory.webp,,cutout,portrait,alpha,
cosmos-lac-fast-acrylic-ral-1018-sjaj-400-ml-fast-acrylic-ral-1018-zinc-yellow,cosmos-lac,glavna,/products/cosmos-lac/fast-acrylic/cosmos-lac-fast-acrylic-ral-1018-sjaj-400-ml-fast-acrylic-ral-1018-zinc-yellow.webp,,cutout,portrait,alpha,
cosmos-lac-fast-acrylic-ral-2003-sjaj-400-ml-fast-acrylic-ral-2003-pastel-orange,cosmos-lac,glavna,/products/cosmos-lac/fast-acrylic/cosmos-lac-fast-acrylic-ral-2003-sjaj-400-ml-fast-acrylic-ral-2003-pastel-orange.webp,,cutout,portrait,alpha,
cosmos-lac-fast-acrylic-ral-2010-sjaj-400-ml-fast-acrylic-ral-2010-signal-orange,cosmos-lac,glavna,/products/cosmos-lac/fast-acrylic/cosmos-lac-fast-acrylic-ral-2010-sjaj-400-ml-fast-acrylic-ral-2010-signal-orange.webp,,cutout,portrait,alpha,
cosmos-lac-fast-acrylic-ral-3000-sjaj-400-ml-fast-acrylic-ral-3000-flame-red,cosmos-lac,glavna,/products/cosmos-lac/fast-acrylic/cosmos-lac-fast-acrylic-ral-3000-sjaj-400-ml-fast-acrylic-ral-3000-flame-red.webp,,cutout,portrait,alpha,
cosmos-lac-fast-acrylic-ral-3002-sjaj-400-ml-fast-acrylic-ral-3002-carmine-red,cosmos-lac,glavna,/products/cosmos-lac/fast-acrylic/cosmos-lac-fast-acrylic-ral-3002-sjaj-400-ml-fast-acrylic-ral-3002-carmine-red.webp,,cutout,portrait,alpha,
cosmos-lac-fast-acrylic-ral-3003-sjaj-400-ml-fast-acrylic-ral-3003-ruby-red,cosmos-lac,glavna,/products/cosmos-lac/fast-acrylic/cosmos-lac-fast-acrylic-ral-3003-sjaj-400-ml-fast-acrylic-ral-3003-ruby-red.webp,,cutout,portrait,alpha,
cosmos-lac-fast-acrylic-ral-3004-sjaj-400-ml-fast-acrylic-ral-3004-purple-red,cosmos-lac,glavna,/products/cosmos-lac/fast-acrylic/cosmos-lac-fast-acrylic-ral-3004-sjaj-400-ml-fast-acrylic-ral-3004-purple-red.webp,,cutout,portrait,alpha,
cosmos-lac-fast-acrylic-ral-5010-sjaj-400-ml-fast-acrylic-ral-5010-gentian-blue,cosmos-lac,glavna,/products/cosmos-lac/fast-acrylic/cosmos-lac-fast-acrylic-ral-5010-sjaj-400-ml-fast-acrylic-ral-5010-gentian-blue.webp,,cutout,portrait,alpha,
cosmos-lac-fast-acrylic-ral-5012-sjaj-400-ml-fast-acrylic-ral-5012-light-blue,cosmos-lac,glavna,/products/cosmos-lac/fast-acrylic/cosmos-lac-fast-acrylic-ral-5012-sjaj-400-ml-fast-acrylic-ral-5012-light-blue.webp,,cutout,portrait,alpha,
cosmos-lac-fast-acrylic-ral-5013-sjaj-400-ml-fast-acrylic-ral-5013-cobalt-blue,cosmos-lac,glavna,/products/cosmos-lac/fast-acrylic/cosmos-lac-fast-acrylic-ral-5013-sjaj-400-ml-fast-acrylic-ral-5013-cobalt-blue.webp,,cutout,portrait,alpha,
cosmos-lac-fast-acrylic-ral-5017-sjaj-400-ml-fast-acrylic-ral-5017-traffic-blue,cosmos-lac,glavna,/products/cosmos-lac/fast-acrylic/cosmos-lac-fast-acrylic-ral-5017-sjaj-400-ml-fast-acrylic-ral-5017-traffic-blue.webp,,cutout,portrait,alpha,
cosmos-lac-fast-acrylic-ral-6001-sjaj-400-ml-fast-acrylic-ral-6001-emerald-green,cosmos-lac,glavna,/products/cosmos-lac/fast-acrylic/cosmos-lac-fast-acrylic-ral-6001-sjaj-400-ml-fast-acrylic-ral-6001-emerald-green.webp,,cutout,portrait,alpha,
cosmos-lac-fast-acrylic-ral-6002-sjaj-400-ml-fast-acrylic-ral-6002-leaf-green,cosmos-lac,glavna,/products/cosmos-lac/fast-acrylic/cosmos-lac-fast-acrylic-ral-6002-sjaj-400-ml-fast-acrylic-ral-6002-leaf-green.webp,,cutout,portrait,alpha,
cosmos-lac-fast-acrylic-ral-6005-sjaj-400-ml-fast-acrylic-ral-6005-moss-green,cosmos-lac,glavna,/products/cosmos-lac/fast-acrylic/cosmos-lac-fast-acrylic-ral-6005-sjaj-400-ml-fast-acrylic-ral-6005-moss-green.webp,,cutout,portrait,alpha,
cosmos-lac-fast-acrylic-ral-6018-sjaj-400-ml-fast-acrylic-ral-6018-yellow-green,cosmos-lac,glavna,/products/cosmos-lac/fast-acrylic/cosmos-lac-fast-acrylic-ral-6018-sjaj-400-ml-fast-acrylic-ral-6018-yellow-green.webp,,cutout,portrait,alpha,
cosmos-lac-fast-acrylic-ral-7011-sjaj-400-ml-fast-acrylic-ral-7011-iron-grey,cosmos-lac,glavna,/products/cosmos-lac/fast-acrylic/cosmos-lac-fast-acrylic-ral-7011-sjaj-400-ml-fast-acrylic-ral-7011-iron-grey.webp,,cutout,portrait,alpha,
cosmos-lac-fast-acrylic-ral-7016-sjaj-400-ml-fast-acrylic-ral-7016-anthracite-grey,cosmos-lac,glavna,/products/cosmos-lac/fast-acrylic/cosmos-lac-fast-acrylic-ral-7016-sjaj-400-ml-fast-acrylic-ral-7016-anthracite-grey.webp,,cutout,portrait,alpha,
cosmos-lac-fast-acrylic-ral-7042-sjaj-400-ml-fast-acrylic-ral-7042-traffic-grey-a,cosmos-lac,glavna,/products/cosmos-lac/fast-acrylic/cosmos-lac-fast-acrylic-ral-7042-sjaj-400-ml-fast-acrylic-ral-7042-traffic-grey-a.webp,,cutout,portrait,alpha,
cosmos-lac-fast-acrylic-ral-8003-sjaj-400-ml-fast-acrylic-ral-8003-clay-brown,cosmos-lac,glavna,/products/cosmos-lac/fast-acrylic/cosmos-lac-fast-acrylic-ral-8003-sjaj-400-ml-fast-acrylic-ral-8003-clay-brown.webp,,cutout,portrait,alpha,
cosmos-lac-fast-acrylic-ral-8011-sjaj-400-ml-fast-acrylic-ral-8011-nut-brown,cosmos-lac,glavna,/products/cosmos-lac/fast-acrylic/cosmos-lac-fast-acrylic-ral-8011-sjaj-400-ml-fast-acrylic-ral-8011-nut-brown.webp,,cutout,portrait,alpha,
cosmos-lac-fast-acrylic-ral-8017-sjaj-400-ml-fast-acrylic-ral-8017-chocolate-brown,cosmos-lac,glavna,/products/cosmos-lac/fast-acrylic/cosmos-lac-fast-acrylic-ral-8017-sjaj-400-ml-fast-acrylic-ral-8017-chocolate-brown.webp,,cutout,portrait,alpha,
cosmos-lac-fast-acrylic-ral-9005-mat-400-ml-fast-acrylic-ral-9005-matt-black,cosmos-lac,glavna,/products/cosmos-lac/fast-acrylic/cosmos-lac-fast-acrylic-ral-9005-mat-400-ml-fast-acrylic-ral-9005-matt-black.webp,,cutout,portrait,alpha,
cosmos-lac-fast-acrylic-ral-9005-sjaj-400-ml-fast-acrylic-ral-9005-gloss-black,cosmos-lac,glavna,/products/cosmos-lac/fast-acrylic/cosmos-lac-fast-acrylic-ral-9005-sjaj-400-ml-fast-acrylic-ral-9005-gloss-black.webp,,cutout,portrait,alpha,
cosmos-lac-fast-acrylic-ral-9010-mat-400-ml-fast-acrylic-ral-9010-matt-white,cosmos-lac,glavna,/products/cosmos-lac/fast-acrylic/cosmos-lac-fast-acrylic-ral-9010-mat-400-ml-fast-acrylic-ral-9010-matt-white.webp,,cutout,portrait,alpha,
cosmos-lac-fast-acrylic-ral-9010-sjaj-400-ml-fast-acrylic-ral-9010-gloss-white,cosmos-lac,glavna,/products/cosmos-lac/fast-acrylic/cosmos-lac-fast-acrylic-ral-9010-sjaj-400-ml-fast-acrylic-ral-9010-gloss-white.webp,,cutout,portrait,alpha,
cosmos-lac-fast-acrylic-r307-sjaj-400-ml-fast-acrylic-r307-bright-silver,cosmos-lac,glavna,/products/cosmos-lac/fast-acrylic/cosmos-lac-fast-acrylic-r307-sjaj-400-ml-fast-acrylic-r307-bright-silver.webp,,cutout,portrait,alpha,
cosmos-lac-fast-acrylic-r308-sjaj-400-ml-fast-acrylic-r308-bright-gold,cosmos-lac,glavna,/products/cosmos-lac/fast-acrylic/cosmos-lac-fast-acrylic-r308-sjaj-400-ml-fast-acrylic-r308-bright-gold.webp,,cutout,portrait,alpha,
cosmos-lac-flame-blue-fb-100-400-ml-flame-blue-fb-100-vanilla,cosmos-lac,glavna,/products/cosmos-lac/flame-blue/cosmos-lac-flame-blue-fb-100-400-ml-flame-blue-fb-100-vanilla.webp,,cutout,portrait,alpha,
cosmos-lac-flame-blue-fb-102-400-ml-flame-blue-fb-102-zinc-yellow,cosmos-lac,glavna,/products/cosmos-lac/flame-blue/cosmos-lac-flame-blue-fb-102-400-ml-flame-blue-fb-102-zinc-yellow.webp,,cutout,portrait,alpha,
cosmos-lac-flame-blue-fb-104-400-ml-flame-blue-fb-104-cadmium-yellow,cosmos-lac,glavna,/products/cosmos-lac/flame-blue/cosmos-lac-flame-blue-fb-104-400-ml-flame-blue-fb-104-cadmium-yellow.webp,,cutout,portrait,alpha,
cosmos-lac-flame-blue-fb-106-400-ml-flame-blue-fb-106-signal-yellow,cosmos-lac,glavna,/products/cosmos-lac/flame-blue/cosmos-lac-flame-blue-fb-106-400-ml-flame-blue-fb-106-signal-yellow.webp,,cutout,portrait,alpha,
cosmos-lac-flame-blue-fb-110-400-ml-flame-blue-fb-110-melon-yellow,cosmos-lac,glavna,/products/cosmos-lac/flame-blue/cosmos-lac-flame-blue-fb-110-400-ml-flame-blue-fb-110-melon-yellow.webp,,cutout,portrait,alpha,
cosmos-lac-flame-blue-fb-112-400-ml-flame-blue-fb-112-saffron,cosmos-lac,glavna,/products/cosmos-lac/flame-blue/cosmos-lac-flame-blue-fb-112-400-ml-flame-blue-fb-112-saffron.webp,,cutout,portrait,alpha,
cosmos-lac-flame-blue-fb-114-400-ml-flame-blue-fb-114-dahlia,cosmos-lac,glavna,/products/cosmos-lac/flame-blue/cosmos-lac-flame-blue-fb-114-400-ml-flame-blue-fb-114-dahlia.webp,,cutout,portrait,alpha,
cosmos-lac-flame-blue-fb-200-400-ml-flame-blue-fb-200-peach,cosmos-lac,glavna,/products/cosmos-lac/flame-blue/cosmos-lac-flame-blue-fb-200-400-ml-flame-blue-fb-200-peach.webp,,cutout,portrait,alpha,
cosmos-lac-flame-blue-fb-202-400-ml-flame-blue-fb-202-pastel-orange,cosmos-lac,glavna,/products/cosmos-lac/flame-blue/cosmos-lac-flame-blue-fb-202-400-ml-flame-blue-fb-202-pastel-orange.webp,,cutout,portrait,alpha,
cosmos-lac-flame-blue-fb-204-400-ml-flame-blue-fb-204-light-orange,cosmos-lac,glavna,/products/cosmos-lac/flame-blue/cosmos-lac-flame-blue-fb-204-400-ml-flame-blue-fb-204-light-orange.webp,,cutout,portrait,alpha,
cosmos-lac-flame-blue-fb-208-400-ml-flame-blue-fb-208-cold-peach,cosmos-lac,glavna,/products/cosmos-lac/flame-blue/cosmos-lac-flame-blue-fb-208-400-ml-flame-blue-fb-208-cold-peach.webp,,cutout,portrait,alpha,
cosmos-lac-flame-blue-fb-210-400-ml-flame-blue-fb-210-apricot,cosmos-lac,glavna,/products/cosmos-lac/flame-blue/cosmos-lac-flame-blue-fb-210-400-ml-flame-blue-fb-210-apricot.webp,,cutout,portrait,alpha,
cosmos-lac-flame-blue-fb-212-400-ml-flame-blue-fb-212-orange,cosmos-lac,glavna,/products/cosmos-lac/flame-blue/cosmos-lac-flame-blue-fb-212-400-ml-flame-blue-fb-212-orange.webp,,cutout,portrait,alpha,
cosmos-lac-flame-blue-fb-214-400-ml-flame-blue-fb-214-red-orange,cosmos-lac,glavna,/products/cosmos-lac/flame-blue/cosmos-lac-flame-blue-fb-214-400-ml-flame-blue-fb-214-red-orange.webp,,cutout,portrait,alpha,
cosmos-lac-flame-blue-fb-304-400-ml-flame-blue-fb-304-signal-red,cosmos-lac,glavna,/products/cosmos-lac/flame-blue/cosmos-lac-flame-blue-fb-304-400-ml-flame-blue-fb-304-signal-red.webp,,cutout,portrait,alpha,
cosmos-lac-flame-blue-fb-306-400-ml-flame-blue-fb-306-ruby-red,cosmos-lac,glavna,/products/cosmos-lac/flame-blue/cosmos-lac-flame-blue-fb-306-400-ml-flame-blue-fb-306-ruby-red.webp,,cutout,portrait,alpha,
cosmos-lac-flame-blue-fb-308-400-ml-flame-blue-fb-308-piglet-pink-light,cosmos-lac,glavna,/products/cosmos-lac/flame-blue/cosmos-lac-flame-blue-fb-308-400-ml-flame-blue-fb-308-piglet-pink-light.webp,,cutout,portrait,alpha,
cosmos-lac-flame-blue-fb-310-400-ml-flame-blue-fb-310-piglet-pink,cosmos-lac,glavna,/products/cosmos-lac/flame-blue/cosmos-lac-flame-blue-fb-310-400-ml-flame-blue-fb-310-piglet-pink.webp,,cutout,portrait,alpha,
cosmos-lac-flame-blue-fb-311-400-ml-flame-blue-fb-311-crazy-cherry,cosmos-lac,glavna,/products/cosmos-lac/flame-blue/cosmos-lac-flame-blue-fb-311-400-ml-flame-blue-fb-311-crazy-cherry.webp,,cutout,portrait,alpha,
cosmos-lac-flame-blue-fb-312-400-ml-flame-blue-fb-312-fire-red,cosmos-lac,glavna,/products/cosmos-lac/flame-blue/cosmos-lac-flame-blue-fb-312-400-ml-flame-blue-fb-312-fire-red.webp,,cutout,portrait,alpha,
cosmos-lac-flame-blue-fb-313-400-ml-flame-blue-fb-313-cherry-dark,cosmos-lac,glavna,/products/cosmos-lac/flame-blue/cosmos-lac-flame-blue-fb-313-400-ml-flame-blue-fb-313-cherry-dark.webp,,cutout,portrait,alpha,
cosmos-lac-flame-blue-fb-318-400-ml-flame-blue-fb-318-traffic-purple-dark,cosmos-lac,glavna,/products/cosmos-lac/flame-blue/cosmos-lac-flame-blue-fb-318-400-ml-flame-blue-fb-318-traffic-purple-dark.webp,,cutout,portrait,alpha,
cosmos-lac-flame-blue-fb-320-400-ml-flame-blue-fb-320-burgundy,cosmos-lac,glavna,/products/cosmos-lac/flame-blue/cosmos-lac-flame-blue-fb-320-400-ml-flame-blue-fb-320-burgundy.webp,,cutout,portrait,alpha,
cosmos-lac-flame-blue-fb-322-400-ml-flame-blue-fb-322-aubergine,cosmos-lac,glavna,/products/cosmos-lac/flame-blue/cosmos-lac-flame-blue-fb-322-400-ml-flame-blue-fb-322-aubergine.webp,,cutout,portrait,alpha,
cosmos-lac-flame-blue-fb-399-400-ml-flame-blue-fb-399-erica-violet-light,cosmos-lac,glavna,/products/cosmos-lac/flame-blue/cosmos-lac-flame-blue-fb-399-400-ml-flame-blue-fb-399-erica-violet-light.webp,,cutout,portrait,alpha,
cosmos-lac-flame-blue-fb-400-400-ml-flame-blue-fb-400-erica-violet,cosmos-lac,glavna,/products/cosmos-lac/flame-blue/cosmos-lac-flame-blue-fb-400-400-ml-flame-blue-fb-400-erica-violet.webp,,cutout,portrait,alpha,
cosmos-lac-flame-blue-fb-401-400-ml-flame-blue-fb-401-erica-pastel,cosmos-lac,glavna,/products/cosmos-lac/flame-blue/cosmos-lac-flame-blue-fb-401-400-ml-flame-blue-fb-401-erica-pastel.webp,,cutout,portrait,alpha,
cosmos-lac-flame-blue-fb-402-400-ml-flame-blue-fb-402-telemagenta,cosmos-lac,glavna,/products/cosmos-lac/flame-blue/cosmos-lac-flame-blue-fb-402-400-ml-flame-blue-fb-402-telemagenta.webp,,cutout,portrait,alpha,
cosmos-lac-flame-blue-fb-404-400-ml-flame-blue-fb-404-traffic-purple,cosmos-lac,glavna,/products/cosmos-lac/flame-blue/cosmos-lac-flame-blue-fb-404-400-ml-flame-blue-fb-404-traffic-purple.webp,,cutout,portrait,alpha,
cosmos-lac-flame-blue-fb-406-400-ml-flame-blue-fb-406-lavender,cosmos-lac,glavna,/products/cosmos-lac/flame-blue/cosmos-lac-flame-blue-fb-406-400-ml-flame-blue-fb-406-lavender.webp,,cutout,portrait,alpha,
cosmos-lac-flame-blue-fb-408-400-ml-flame-blue-fb-408-grape,cosmos-lac,glavna,/products/cosmos-lac/flame-blue/cosmos-lac-flame-blue-fb-408-400-ml-flame-blue-fb-408-grape.webp,,cutout,portrait,alpha,
cosmos-lac-flame-blue-fb-410-400-ml-flame-blue-fb-410-blackberry,cosmos-lac,glavna,/products/cosmos-lac/flame-blue/cosmos-lac-flame-blue-fb-410-400-ml-flame-blue-fb-410-blackberry.webp,,cutout,portrait,alpha,
cosmos-lac-flame-blue-fb-412-400-ml-flame-blue-fb-412-currant,cosmos-lac,glavna,/products/cosmos-lac/flame-blue/cosmos-lac-flame-blue-fb-412-400-ml-flame-blue-fb-412-currant.webp,,cutout,portrait,alpha,
cosmos-lac-flame-blue-fb-414-400-ml-flame-blue-fb-414-viola-pastel,cosmos-lac,glavna,/products/cosmos-lac/flame-blue/cosmos-lac-flame-blue-fb-414-400-ml-flame-blue-fb-414-viola-pastel.webp,,cutout,portrait,alpha,
cosmos-lac-flame-blue-fb-416-400-ml-flame-blue-fb-416-viola-light,cosmos-lac,glavna,/products/cosmos-lac/flame-blue/cosmos-lac-flame-blue-fb-416-400-ml-flame-blue-fb-416-viola-light.webp,,cutout,portrait,alpha,
cosmos-lac-flame-blue-fb-418-400-ml-flame-blue-fb-418-viola,cosmos-lac,glavna,/products/cosmos-lac/flame-blue/cosmos-lac-flame-blue-fb-418-400-ml-flame-blue-fb-418-viola.webp,,cutout,portrait,alpha,
cosmos-lac-flame-blue-fb-420-400-ml-flame-blue-fb-420-viola-dark,cosmos-lac,glavna,/products/cosmos-lac/flame-blue/cosmos-lac-flame-blue-fb-420-400-ml-flame-blue-fb-420-viola-dark.webp,,cutout,portrait,alpha,
cosmos-lac-flame-blue-fb-424-400-ml-flame-blue-fb-424-cosmos-blue-light,cosmos-lac,glavna,/products/cosmos-lac/flame-blue/cosmos-lac-flame-blue-fb-424-400-ml-flame-blue-fb-424-cosmos-blue-light.webp,,cutout,portrait,alpha,
cosmos-lac-flame-blue-fb-426-400-ml-flame-blue-fb-426-cosmos-blue,cosmos-lac,glavna,/products/cosmos-lac/flame-blue/cosmos-lac-flame-blue-fb-426-400-ml-flame-blue-fb-426-cosmos-blue.webp,,cutout,portrait,alpha,
cosmos-lac-flame-blue-fb-428-400-ml-flame-blue-fb-428-cosmos-blue-dark,cosmos-lac,glavna,/products/cosmos-lac/flame-blue/cosmos-lac-flame-blue-fb-428-400-ml-flame-blue-fb-428-cosmos-blue-dark.webp,,cutout,portrait,alpha,
cosmos-lac-flame-blue-fb-502-400-ml-flame-blue-fb-502-lighting-blue,cosmos-lac,glavna,/products/cosmos-lac/flame-blue/cosmos-lac-flame-blue-fb-502-400-ml-flame-blue-fb-502-lighting-blue.webp,,cutout,portrait,alpha,
cosmos-lac-flame-blue-fb-504-400-ml-flame-blue-fb-504-light-blue-light,cosmos-lac,glavna,/products/cosmos-lac/flame-blue/cosmos-lac-flame-blue-fb-504-400-ml-flame-blue-fb-504-light-blue-light.webp,,cutout,portrait,alpha,
cosmos-lac-flame-blue-fb-508-400-ml-flame-blue-fb-508-light-blue,cosmos-lac,glavna,/products/cosmos-lac/flame-blue/cosmos-lac-flame-blue-fb-508-400-ml-flame-blue-fb-508-light-blue.webp,,cutout,portrait,alpha,
cosmos-lac-flame-blue-fb-510-400-ml-flame-blue-fb-510-sky-blue,cosmos-lac,glavna,/products/cosmos-lac/flame-blue/cosmos-lac-flame-blue-fb-510-400-ml-flame-blue-fb-510-sky-blue.webp,,cutout,portrait,alpha,
cosmos-lac-flame-blue-fb-512-400-ml-flame-blue-fb-512-signal-blue,cosmos-lac,glavna,/products/cosmos-lac/flame-blue/cosmos-lac-flame-blue-fb-512-400-ml-flame-blue-fb-512-signal-blue.webp,,cutout,portrait,alpha,
cosmos-lac-flame-blue-fb-514-400-ml-flame-blue-fb-514-true-blue,cosmos-lac,glavna,/products/cosmos-lac/flame-blue/cosmos-lac-flame-blue-fb-514-400-ml-flame-blue-fb-514-true-blue.webp,,cutout,portrait,alpha,
cosmos-lac-flame-blue-fb-516-400-ml-flame-blue-fb-516-cream-blue-light,cosmos-lac,glavna,/products/cosmos-lac/flame-blue/cosmos-lac-flame-blue-fb-516-400-ml-flame-blue-fb-516-cream-blue-light.webp,,cutout,portrait,alpha,
cosmos-lac-flame-blue-fb-518-400-ml-flame-blue-fb-518-cream-blue,cosmos-lac,glavna,/products/cosmos-lac/flame-blue/cosmos-lac-flame-blue-fb-518-400-ml-flame-blue-fb-518-cream-blue.webp,,cutout,portrait,alpha,
cosmos-lac-flame-blue-fb-520-400-ml-flame-blue-fb-520-cream-blue-dark,cosmos-lac,glavna,/products/cosmos-lac/flame-blue/cosmos-lac-flame-blue-fb-520-400-ml-flame-blue-fb-520-cream-blue-dark.webp,,cutout,portrait,alpha,
cosmos-lac-flame-blue-fb-522-400-ml-flame-blue-fb-522-sapphire-blue,cosmos-lac,glavna,/products/cosmos-lac/flame-blue/cosmos-lac-flame-blue-fb-522-400-ml-flame-blue-fb-522-sapphire-blue.webp,,cutout,portrait,alpha,
cosmos-lac-flame-blue-fb-524-400-ml-flame-blue-fb-524-denim-blue-pastel,cosmos-lac,glavna,/products/cosmos-lac/flame-blue/cosmos-lac-flame-blue-fb-524-400-ml-flame-blue-fb-524-denim-blue-pastel.webp,,cutout,portrait,alpha,
cosmos-lac-flame-blue-fb-526-400-ml-flame-blue-fb-526-denim-blue-light,cosmos-lac,glavna,/products/cosmos-lac/flame-blue/cosmos-lac-flame-blue-fb-526-400-ml-flame-blue-fb-526-denim-blue-light.webp,,cutout,portrait,alpha,
cosmos-lac-flame-blue-fb-528-400-ml-flame-blue-fb-528-denim-blue,cosmos-lac,glavna,/products/cosmos-lac/flame-blue/cosmos-lac-flame-blue-fb-528-400-ml-flame-blue-fb-528-denim-blue.webp,,cutout,portrait,alpha,
cosmos-lac-flame-blue-fb-530-400-ml-flame-blue-fb-530-denim-blue-dark,cosmos-lac,glavna,/products/cosmos-lac/flame-blue/cosmos-lac-flame-blue-fb-530-400-ml-flame-blue-fb-530-denim-blue-dark.webp,,cutout,portrait,alpha,
cosmos-lac-flame-blue-fb-600-400-ml-flame-blue-fb-600-riviera-light,cosmos-lac,glavna,/products/cosmos-lac/flame-blue/cosmos-lac-flame-blue-fb-600-400-ml-flame-blue-fb-600-riviera-light.webp,,cutout,portrait,alpha,
cosmos-lac-flame-blue-fb-602-400-ml-flame-blue-fb-602-riviera,cosmos-lac,glavna,/products/cosmos-lac/flame-blue/cosmos-lac-flame-blue-fb-602-400-ml-flame-blue-fb-602-riviera.webp,,cutout,portrait,alpha,
cosmos-lac-flame-blue-fb-604-400-ml-flame-blue-fb-604-lagoon-blue,cosmos-lac,glavna,/products/cosmos-lac/flame-blue/cosmos-lac-flame-blue-fb-604-400-ml-flame-blue-fb-604-lagoon-blue.webp,,cutout,portrait,alpha,
cosmos-lac-flame-blue-fb-606-400-ml-flame-blue-fb-606-ocean-blue,cosmos-lac,glavna,/products/cosmos-lac/flame-blue/cosmos-lac-flame-blue-fb-606-400-ml-flame-blue-fb-606-ocean-blue.webp,,cutout,portrait,alpha,
cosmos-lac-flame-blue-fb-614-400-ml-flame-blue-fb-614-aqua-pastel,cosmos-lac,glavna,/products/cosmos-lac/flame-blue/cosmos-lac-flame-blue-fb-614-400-ml-flame-blue-fb-614-aqua-pastel.webp,,cutout,portrait,alpha,
cosmos-lac-flame-blue-fb-616-400-ml-flame-blue-fb-616-aqua-light,cosmos-lac,glavna,/products/cosmos-lac/flame-blue/cosmos-lac-flame-blue-fb-616-400-ml-flame-blue-fb-616-aqua-light.webp,,cutout,portrait,alpha,
cosmos-lac-flame-blue-fb-618-400-ml-flame-blue-fb-618-aqua,cosmos-lac,glavna,/products/cosmos-lac/flame-blue/cosmos-lac-flame-blue-fb-618-400-ml-flame-blue-fb-618-aqua.webp,,cutout,portrait,alpha,
cosmos-lac-flame-blue-fb-620-400-ml-flame-blue-fb-620-aqua-dark,cosmos-lac,glavna,/products/cosmos-lac/flame-blue/cosmos-lac-flame-blue-fb-620-400-ml-flame-blue-fb-620-aqua-dark.webp,,cutout,portrait,alpha,
cosmos-lac-flame-blue-fb-624-400-ml-flame-blue-fb-624-pistachio-light,cosmos-lac,glavna,/products/cosmos-lac/flame-blue/cosmos-lac-flame-blue-fb-624-400-ml-flame-blue-fb-624-pistachio-light.webp,,cutout,portrait,alpha,
cosmos-lac-flame-blue-fb-626-400-ml-flame-blue-fb-626-pistachio,cosmos-lac,glavna,/products/cosmos-lac/flame-blue/cosmos-lac-flame-blue-fb-626-400-ml-flame-blue-fb-626-pistachio.webp,,cutout,portrait,alpha,
cosmos-lac-flame-blue-fb-628-400-ml-flame-blue-fb-628-grass-green,cosmos-lac,glavna,/products/cosmos-lac/flame-blue/cosmos-lac-flame-blue-fb-628-400-ml-flame-blue-fb-628-grass-green.webp,,cutout,portrait,alpha,
cosmos-lac-flame-blue-fb-630-400-ml-flame-blue-fb-630-fern-green,cosmos-lac,glavna,/products/cosmos-lac/flame-blue/cosmos-lac-flame-blue-fb-630-400-ml-flame-blue-fb-630-fern-green.webp,,cutout,portrait,alpha,
cosmos-lac-flame-blue-fb-632-400-ml-flame-blue-fb-632-leaf-green,cosmos-lac,glavna,/products/cosmos-lac/flame-blue/cosmos-lac-flame-blue-fb-632-400-ml-flame-blue-fb-632-leaf-green.webp,,cutout,portrait,alpha,
cosmos-lac-flame-blue-fb-634-400-ml-flame-blue-fb-634-moss-green,cosmos-lac,glavna,/products/cosmos-lac/flame-blue/cosmos-lac-flame-blue-fb-634-400-ml-flame-blue-fb-634-moss-green.webp,,cutout,portrait,alpha,
cosmos-lac-flame-blue-fb-636-400-ml-flame-blue-fb-636-fir-green,cosmos-lac,glavna,/products/cosmos-lac/flame-blue/cosmos-lac-flame-blue-fb-636-400-ml-flame-blue-fb-636-fir-green.webp,,cutout,portrait,alpha,
cosmos-lac-flame-blue-fb-638-400-ml-flame-blue-fb-638-kiwi-pastel,cosmos-lac,glavna,/products/cosmos-lac/flame-blue/cosmos-lac-flame-blue-fb-638-400-ml-flame-blue-fb-638-kiwi-pastel.webp,,cutout,portrait,alpha,
cosmos-lac-flame-blue-fb-640-400-ml-flame-blue-fb-640-kiwi-light,cosmos-lac,glavna,/products/cosmos-lac/flame-blue/cosmos-lac-flame-blue-fb-640-400-ml-flame-blue-fb-640-kiwi-light.webp,,cutout,portrait,alpha,
cosmos-lac-flame-blue-fb-642-400-ml-flame-blue-fb-642-kiwi,cosmos-lac,glavna,/products/cosmos-lac/flame-blue/cosmos-lac-flame-blue-fb-642-400-ml-flame-blue-fb-642-kiwi.webp,,cutout,portrait,alpha,
cosmos-lac-flame-blue-fb-644-400-ml-flame-blue-fb-644-kiwi-dark,cosmos-lac,glavna,/products/cosmos-lac/flame-blue/cosmos-lac-flame-blue-fb-644-400-ml-flame-blue-fb-644-kiwi-dark.webp,,cutout,portrait,alpha,
cosmos-lac-flame-blue-fb-654-400-ml-flame-blue-fb-654-primavera-green,cosmos-lac,glavna,/products/cosmos-lac/flame-blue/cosmos-lac-flame-blue-fb-654-400-ml-flame-blue-fb-654-primavera-green.webp,,cutout,portrait,alpha,
cosmos-lac-flame-blue-fb-656-400-ml-flame-blue-fb-656-tarzan-green,cosmos-lac,glavna,/products/cosmos-lac/flame-blue/cosmos-lac-flame-blue-fb-656-400-ml-flame-blue-fb-656-tarzan-green.webp,,cutout,portrait,alpha,
cosmos-lac-flame-blue-fb-658-400-ml-flame-blue-fb-658-camo-green,cosmos-lac,glavna,/products/cosmos-lac/flame-blue/cosmos-lac-flame-blue-fb-658-400-ml-flame-blue-fb-658-camo-green.webp,,cutout,portrait,alpha,
cosmos-lac-flame-blue-fb-660-400-ml-flame-blue-fb-660-olive,cosmos-lac,glavna,/products/cosmos-lac/flame-blue/cosmos-lac-flame-blue-fb-660-400-ml-flame-blue-fb-660-olive.webp,,cutout,portrait,alpha,
cosmos-lac-flame-blue-fb-662-400-ml-flame-blue-fb-662-menthol-pastel,cosmos-lac,glavna,/products/cosmos-lac/flame-blue/cosmos-lac-flame-blue-fb-662-400-ml-flame-blue-fb-662-menthol-pastel.webp,,cutout,portrait,alpha,
cosmos-lac-flame-blue-fb-664-400-ml-flame-blue-fb-664-menthol-light,cosmos-lac,glavna,/products/cosmos-lac/flame-blue/cosmos-lac-flame-blue-fb-664-400-ml-flame-blue-fb-664-menthol-light.webp,,cutout,portrait,alpha,
cosmos-lac-flame-blue-fb-666-400-ml-flame-blue-fb-666-menthol,cosmos-lac,glavna,/products/cosmos-lac/flame-blue/cosmos-lac-flame-blue-fb-666-400-ml-flame-blue-fb-666-menthol.webp,,cutout,portrait,alpha,
cosmos-lac-flame-blue-fb-668-400-ml-flame-blue-fb-668-menthol-dark,cosmos-lac,glavna,/products/cosmos-lac/flame-blue/cosmos-lac-flame-blue-fb-668-400-ml-flame-blue-fb-668-menthol-dark.webp,,cutout,portrait,alpha,
cosmos-lac-flame-blue-fb-670-400-ml-flame-blue-fb-670-turquoise-light,cosmos-lac,glavna,/products/cosmos-lac/flame-blue/cosmos-lac-flame-blue-fb-670-400-ml-flame-blue-fb-670-turquoise-light.webp,,cutout,portrait,alpha,
cosmos-lac-flame-blue-fb-672-400-ml-flame-blue-fb-672-turquoise,cosmos-lac,glavna,/products/cosmos-lac/flame-blue/cosmos-lac-flame-blue-fb-672-400-ml-flame-blue-fb-672-turquoise.webp,,cutout,portrait,alpha,
cosmos-lac-flame-blue-fb-674-400-ml-flame-blue-fb-674-turquoise-dark,cosmos-lac,glavna,/products/cosmos-lac/flame-blue/cosmos-lac-flame-blue-fb-674-400-ml-flame-blue-fb-674-turquoise-dark.webp,,cutout,portrait,alpha,
cosmos-lac-flame-blue-fb-702-400-ml-flame-blue-fb-702-ivory-light,cosmos-lac,glavna,/products/cosmos-lac/flame-blue/cosmos-lac-flame-blue-fb-702-400-ml-flame-blue-fb-702-ivory-light.webp,,cutout,portrait,alpha,
cosmos-lac-flame-blue-fb-704-400-ml-flame-blue-fb-704-beige-brown,cosmos-lac,glavna,/products/cosmos-lac/flame-blue/cosmos-lac-flame-blue-fb-704-400-ml-flame-blue-fb-704-beige-brown.webp,,cutout,portrait,alpha,
cosmos-lac-flame-blue-fb-706-400-ml-flame-blue-fb-706-ocher,cosmos-lac,glavna,/products/cosmos-lac/flame-blue/cosmos-lac-flame-blue-fb-706-400-ml-flame-blue-fb-706-ocher.webp,,cutout,portrait,alpha,
cosmos-lac-flame-blue-fb-708-400-ml-flame-blue-fb-708-nut,cosmos-lac,glavna,/products/cosmos-lac/flame-blue/cosmos-lac-flame-blue-fb-708-400-ml-flame-blue-fb-708-nut.webp,,cutout,portrait,alpha,
cosmos-lac-flame-blue-fb-710-400-ml-flame-blue-fb-710-chocolate,cosmos-lac,glavna,/products/cosmos-lac/flame-blue/cosmos-lac-flame-blue-fb-710-400-ml-flame-blue-fb-710-chocolate.webp,,cutout,portrait,alpha,
cosmos-lac-flame-blue-fb-716-400-ml-flame-blue-fb-716-cookie-dough-pastel,cosmos-lac,glavna,/products/cosmos-lac/flame-blue/cosmos-lac-flame-blue-fb-716-400-ml-flame-blue-fb-716-cookie-dough-pastel.webp,,cutout,portrait,alpha,
cosmos-lac-flame-blue-fb-717-400-ml-flame-blue-fb-717-cookie-dough,cosmos-lac,glavna,/products/cosmos-lac/flame-blue/cosmos-lac-flame-blue-fb-717-400-ml-flame-blue-fb-717-cookie-dough.webp,,cutout,portrait,alpha,
cosmos-lac-flame-blue-fb-718-400-ml-flame-blue-fb-718-macadamia-pastel,cosmos-lac,glavna,/products/cosmos-lac/flame-blue/cosmos-lac-flame-blue-fb-718-400-ml-flame-blue-fb-718-macadamia-pastel.webp,,cutout,portrait,alpha,
cosmos-lac-flame-blue-fb-719-400-ml-flame-blue-fb-719-macadamia,cosmos-lac,glavna,/products/cosmos-lac/flame-blue/cosmos-lac-flame-blue-fb-719-400-ml-flame-blue-fb-719-macadamia.webp,,cutout,portrait,alpha,
cosmos-lac-flame-blue-fb-732-400-ml-flame-blue-fb-732-grey-beige-light,cosmos-lac,glavna,/products/cosmos-lac/flame-blue/cosmos-lac-flame-blue-fb-732-400-ml-flame-blue-fb-732-grey-beige-light.webp,,cutout,portrait,alpha,
cosmos-lac-flame-blue-fb-734-400-ml-flame-blue-fb-734-grey-beige,cosmos-lac,glavna,/products/cosmos-lac/flame-blue/cosmos-lac-flame-blue-fb-734-400-ml-flame-blue-fb-734-grey-beige.webp,,cutout,portrait,alpha,
cosmos-lac-flame-blue-fb-736-400-ml-flame-blue-fb-736-khaki-grey,cosmos-lac,glavna,/products/cosmos-lac/flame-blue/cosmos-lac-flame-blue-fb-736-400-ml-flame-blue-fb-736-khaki-grey.webp,,cutout,portrait,alpha,
cosmos-lac-flame-blue-fb-738-400-ml-flame-blue-fb-738-dark-brown,cosmos-lac,glavna,/products/cosmos-lac/flame-blue/cosmos-lac-flame-blue-fb-738-400-ml-flame-blue-fb-738-dark-brown.webp,,cutout,portrait,alpha,
cosmos-lac-flame-blue-fb-808-400-ml-flame-blue-fb-808-terracotta-grey-pastel,cosmos-lac,glavna,/products/cosmos-lac/flame-blue/cosmos-lac-flame-blue-fb-808-400-ml-flame-blue-fb-808-terracotta-grey-pastel.webp,,cutout,portrait,alpha,
cosmos-lac-flame-blue-fb-810-400-ml-flame-blue-fb-810-terracotta-grey-light,cosmos-lac,glavna,/products/cosmos-lac/flame-blue/cosmos-lac-flame-blue-fb-810-400-ml-flame-blue-fb-810-terracotta-grey-light.webp,,cutout,portrait,alpha,
cosmos-lac-flame-blue-fb-812-400-ml-flame-blue-fb-812-terracotta-grey,cosmos-lac,glavna,/products/cosmos-lac/flame-blue/cosmos-lac-flame-blue-fb-812-400-ml-flame-blue-fb-812-terracotta-grey.webp,,cutout,portrait,alpha,
cosmos-lac-flame-blue-fb-820-400-ml-flame-blue-fb-820-violet-grey-middle,cosmos-lac,glavna,/products/cosmos-lac/flame-blue/cosmos-lac-flame-blue-fb-820-400-ml-flame-blue-fb-820-violet-grey-middle.webp,,cutout,portrait,alpha,
cosmos-lac-flame-blue-fb-822-400-ml-flame-blue-fb-822-violet-grey,cosmos-lac,glavna,/products/cosmos-lac/flame-blue/cosmos-lac-flame-blue-fb-822-400-ml-flame-blue-fb-822-violet-grey.webp,,cutout,portrait,alpha,
cosmos-lac-flame-blue-fb-834-400-ml-flame-blue-fb-834-light-grey-neutral,cosmos-lac,glavna,/products/cosmos-lac/flame-blue/cosmos-lac-flame-blue-fb-834-400-ml-flame-blue-fb-834-light-grey-neutral.webp,,cutout,portrait,alpha,
cosmos-lac-flame-blue-fb-836-400-ml-flame-blue-fb-836-middle-grey-neutral,cosmos-lac,glavna,/products/cosmos-lac/flame-blue/cosmos-lac-flame-blue-fb-836-400-ml-flame-blue-fb-836-middle-grey-neutral.webp,,cutout,portrait,alpha,
cosmos-lac-flame-blue-fb-838-400-ml-flame-blue-fb-838-grey-neutral,cosmos-lac,glavna,/products/cosmos-lac/flame-blue/cosmos-lac-flame-blue-fb-838-400-ml-flame-blue-fb-838-grey-neutral.webp,,cutout,portrait,alpha,
cosmos-lac-flame-blue-fb-840-400-ml-flame-blue-fb-840-dark-grey-neutral,cosmos-lac,glavna,/products/cosmos-lac/flame-blue/cosmos-lac-flame-blue-fb-840-400-ml-flame-blue-fb-840-dark-grey-neutral.webp,,cutout,portrait,alpha,
cosmos-lac-flame-blue-fb-842-400-ml-flame-blue-fb-842-anthracite-grey-middle,cosmos-lac,glavna,/products/cosmos-lac/flame-blue/cosmos-lac-flame-blue-fb-842-400-ml-flame-blue-fb-842-anthracite-grey-middle.webp,,cutout,portrait,alpha,
cosmos-lac-flame-blue-fb-844-400-ml-flame-blue-fb-844-anthracite-grey,cosmos-lac,glavna,/products/cosmos-lac/flame-blue/cosmos-lac-flame-blue-fb-844-400-ml-flame-blue-fb-844-anthracite-grey.webp,,cutout,portrait,alpha,
cosmos-lac-flame-blue-fb-846-400-ml-flame-blue-fb-846-anthracite-grey-dark,cosmos-lac,glavna,/products/cosmos-lac/flame-blue/cosmos-lac-flame-blue-fb-846-400-ml-flame-blue-fb-846-anthracite-grey-dark.webp,,cutout,portrait,alpha,
cosmos-lac-flame-blue-fb-900-400-ml-flame-blue-fb-900-pure-white,cosmos-lac,glavna,/products/cosmos-lac/flame-blue/cosmos-lac-flame-blue-fb-900-400-ml-flame-blue-fb-900-pure-white.webp,,cutout,portrait,alpha,
cosmos-lac-flame-blue-fb-902-400-ml-flame-blue-fb-902-ultra-chrome,cosmos-lac,glavna,/products/cosmos-lac/flame-blue/cosmos-lac-flame-blue-fb-902-400-ml-flame-blue-fb-902-ultra-chrome.webp,,cutout,portrait,alpha,
cosmos-lac-flame-blue-fb-904-400-ml-flame-blue-fb-904-deep-black,cosmos-lac,glavna,/products/cosmos-lac/flame-blue/cosmos-lac-flame-blue-fb-904-400-ml-flame-blue-fb-904-deep-black.webp,,cutout,portrait,alpha,
cosmos-lac-flame-blue-fb-906-400-ml-flame-blue-fb-906-gold,cosmos-lac,glavna,/products/cosmos-lac/flame-blue/cosmos-lac-flame-blue-fb-906-400-ml-flame-blue-fb-906-gold.webp,,cutout,portrait,alpha,
cosmos-lac-flame-blue-fb-908-400-ml-flame-blue-fb-908-copper,cosmos-lac,glavna,/products/cosmos-lac/flame-blue/cosmos-lac-flame-blue-fb-908-400-ml-flame-blue-fb-908-copper.webp,,cutout,portrait,alpha,
cosmos-lac-flame-blue-fb-1000-400-ml-flame-blue-fb-1000-fluo-yellow,cosmos-lac,glavna,/products/cosmos-lac/flame-blue/cosmos-lac-flame-blue-fb-1000-400-ml-flame-blue-fb-1000-fluo-yellow.webp,,cutout,portrait,alpha,
cosmos-lac-flame-blue-fb-1002-400-ml-flame-blue-fb-1002-fluo-orange,cosmos-lac,glavna,/products/cosmos-lac/flame-blue/cosmos-lac-flame-blue-fb-1002-400-ml-flame-blue-fb-1002-fluo-orange.webp,,cutout,portrait,alpha,
cosmos-lac-flame-blue-fb-1004-400-ml-flame-blue-fb-1004-fluo-pink,cosmos-lac,glavna,/products/cosmos-lac/flame-blue/cosmos-lac-flame-blue-fb-1004-400-ml-flame-blue-fb-1004-fluo-pink.webp,,cutout,portrait,alpha,
cosmos-lac-flame-blue-fb-1006-400-ml-flame-blue-fb-1006-fluo-green,cosmos-lac,glavna,/products/cosmos-lac/flame-blue/cosmos-lac-flame-blue-fb-1006-400-ml-flame-blue-fb-1006-fluo-green.webp,,cutout,portrait,alpha,
cosmos-lac-flame-blue-fb-3000-providna-400-ml-flame-blue-fb-3000-transparent-white,cosmos-lac,glavna,/products/cosmos-lac/flame-blue/cosmos-lac-flame-blue-fb-3000-providna-400-ml-flame-blue-fb-3000-transparent-white.webp,,cutout,portrait,alpha,
cosmos-lac-flame-blue-fb-3004-providna-400-ml-flame-blue-fb-3004-transparent-black,cosmos-lac,glavna,/products/cosmos-lac/flame-blue/cosmos-lac-flame-blue-fb-3004-providna-400-ml-flame-blue-fb-3004-transparent-black.webp,,cutout,portrait,alpha,
cosmos-lac-flame-booster-b-901-500-ml-flame-booster-b-901-thick-black,cosmos-lac,glavna,/products/cosmos-lac/flame-booster/cosmos-lac-flame-booster-b-901-500-ml-flame-booster-b-901-thick-black.webp,,cutout,portrait,alpha,
cosmos-lac-flame-booster-b-902-500-ml-flame-booster-b-902-ultra-chrome,cosmos-lac,glavna,/products/cosmos-lac/flame-booster/cosmos-lac-flame-booster-b-902-500-ml-flame-booster-b-902-ultra-chrome.webp,,cutout,portrait,alpha,
cosmos-lac-flame-orange-fo-100-400-ml-flame-orange-fo-100-vanilla,cosmos-lac,glavna,/products/cosmos-lac/flame-orange/cosmos-lac-flame-orange-fo-100-400-ml-flame-orange-fo-100-vanilla.webp,,cutout,portrait,alpha,
cosmos-lac-flame-orange-fo-102-400-ml-flame-orange-fo-102-zinc-yellow,cosmos-lac,glavna,/products/cosmos-lac/flame-orange/cosmos-lac-flame-orange-fo-102-400-ml-flame-orange-fo-102-zinc-yellow.webp,,cutout,portrait,alpha,
cosmos-lac-flame-orange-fo-104-400-ml-flame-orange-fo-104-cadmium-yellow,cosmos-lac,glavna,/products/cosmos-lac/flame-orange/cosmos-lac-flame-orange-fo-104-400-ml-flame-orange-fo-104-cadmium-yellow.webp,,cutout,portrait,alpha,
cosmos-lac-flame-orange-fo-106-400-ml-flame-orange-fo-106-signal-yellow,cosmos-lac,glavna,/products/cosmos-lac/flame-orange/cosmos-lac-flame-orange-fo-106-400-ml-flame-orange-fo-106-signal-yellow.webp,,cutout,portrait,alpha,
cosmos-lac-flame-orange-fo-107-400-ml-flame-orange-fo-107-melon-light,cosmos-lac,glavna,/products/cosmos-lac/flame-orange/cosmos-lac-flame-orange-fo-107-400-ml-flame-orange-fo-107-melon-light.webp,,cutout,portrait,alpha,
cosmos-lac-flame-orange-fo-110-400-ml-flame-orange-fo-110-melon-yellow,cosmos-lac,glavna,/products/cosmos-lac/flame-orange/cosmos-lac-flame-orange-fo-110-400-ml-flame-orange-fo-110-melon-yellow.webp,,cutout,portrait,alpha,
cosmos-lac-flame-orange-fo-111-400-ml-flame-orange-fo-111-melon-dark,cosmos-lac,glavna,/products/cosmos-lac/flame-orange/cosmos-lac-flame-orange-fo-111-400-ml-flame-orange-fo-111-melon-dark.webp,,cutout,portrait,alpha,
cosmos-lac-flame-orange-fo-113-400-ml-flame-orange-fo-113-curry,cosmos-lac,glavna,/products/cosmos-lac/flame-orange/cosmos-lac-flame-orange-fo-113-400-ml-flame-orange-fo-113-curry.webp,,cutout,portrait,alpha,
cosmos-lac-flame-orange-fo-198-400-ml-flame-orange-fo-198-peach-middle,cosmos-lac,glavna,/products/cosmos-lac/flame-orange/cosmos-lac-flame-orange-fo-198-400-ml-flame-orange-fo-198-peach-middle.webp,,cutout,portrait,alpha,
cosmos-lac-flame-orange-fo-200-400-ml-flame-orange-fo-200-peach,cosmos-lac,glavna,/products/cosmos-lac/flame-orange/cosmos-lac-flame-orange-fo-200-400-ml-flame-orange-fo-200-peach.webp,,cutout,portrait,alpha,
cosmos-lac-flame-orange-fo-202-400-ml-flame-orange-fo-202-pastel-orange,cosmos-lac,glavna,/products/cosmos-lac/flame-orange/cosmos-lac-flame-orange-fo-202-400-ml-flame-orange-fo-202-pastel-orange.webp,,cutout,portrait,alpha,
cosmos-lac-flame-orange-fo-204-400-ml-flame-orange-fo-204-light-orange,cosmos-lac,glavna,/products/cosmos-lac/flame-orange/cosmos-lac-flame-orange-fo-204-400-ml-flame-orange-fo-204-light-orange.webp,,cutout,portrait,alpha,
cosmos-lac-flame-orange-fo-205-400-ml-flame-orange-fo-205-peach-dark,cosmos-lac,glavna,/products/cosmos-lac/flame-orange/cosmos-lac-flame-orange-fo-205-400-ml-flame-orange-fo-205-peach-dark.webp,,cutout,portrait,alpha,
cosmos-lac-flame-orange-fo-208-400-ml-flame-orange-fo-208-cold-peach,cosmos-lac,glavna,/products/cosmos-lac/flame-orange/cosmos-lac-flame-orange-fo-208-400-ml-flame-orange-fo-208-cold-peach.webp,,cutout,portrait,alpha,
cosmos-lac-flame-orange-fo-210-400-ml-flame-orange-fo-210-apricot,cosmos-lac,glavna,/products/cosmos-lac/flame-orange/cosmos-lac-flame-orange-fo-210-400-ml-flame-orange-fo-210-apricot.webp,,cutout,portrait,alpha,
cosmos-lac-flame-orange-fo-212-400-ml-flame-orange-fo-212-orange,cosmos-lac,glavna,/products/cosmos-lac/flame-orange/cosmos-lac-flame-orange-fo-212-400-ml-flame-orange-fo-212-orange.webp,,cutout,portrait,alpha,
cosmos-lac-flame-orange-fo-214-400-ml-flame-orange-fo-214-red-orange,cosmos-lac,glavna,/products/cosmos-lac/flame-orange/cosmos-lac-flame-orange-fo-214-400-ml-flame-orange-fo-214-red-orange.webp,,cutout,portrait,alpha,
cosmos-lac-flame-orange-fo-303-400-ml-flame-orange-fo-303-red-pastel,cosmos-lac,glavna,/products/cosmos-lac/flame-orange/cosmos-lac-flame-orange-fo-303-400-ml-flame-orange-fo-303-red-pastel.webp,,cutout,portrait,alpha,
cosmos-lac-flame-orange-fo-304-400-ml-flame-orange-fo-304-signal-red,cosmos-lac,glavna,/products/cosmos-lac/flame-orange/cosmos-lac-flame-orange-fo-304-400-ml-flame-orange-fo-304-signal-red.webp,,cutout,portrait,alpha,
cosmos-lac-flame-orange-fo-305-400-ml-flame-orange-fo-305-coral-red,cosmos-lac,glavna,/products/cosmos-lac/flame-orange/cosmos-lac-flame-orange-fo-305-400-ml-flame-orange-fo-305-coral-red.webp,,cutout,portrait,alpha,
cosmos-lac-flame-orange-fo-306-400-ml-flame-orange-fo-306-ruby-red,cosmos-lac,glavna,/products/cosmos-lac/flame-orange/cosmos-lac-flame-orange-fo-306-400-ml-flame-orange-fo-306-ruby-red.webp,,cutout,portrait,alpha,
cosmos-lac-flame-orange-fo-307-400-ml-flame-orange-fo-307-coral,cosmos-lac,glavna,/products/cosmos-lac/flame-orange/cosmos-lac-flame-orange-fo-307-400-ml-flame-orange-fo-307-coral.webp,,cutout,portrait,alpha,
cosmos-lac-flame-orange-fo-308-400-ml-flame-orange-fo-308-piglet-pink-light,cosmos-lac,glavna,/products/cosmos-lac/flame-orange/cosmos-lac-flame-orange-fo-308-400-ml-flame-orange-fo-308-piglet-pink-light.webp,,cutout,portrait,alpha,
cosmos-lac-flame-orange-fo-309-400-ml-flame-orange-fo-309-piglet-pink-middle,cosmos-lac,glavna,/products/cosmos-lac/flame-orange/cosmos-lac-flame-orange-fo-309-400-ml-flame-orange-fo-309-piglet-pink-middle.webp,,cutout,portrait,alpha,
cosmos-lac-flame-orange-fo-310-400-ml-flame-orange-fo-310-piglet-pink,cosmos-lac,glavna,/products/cosmos-lac/flame-orange/cosmos-lac-flame-orange-fo-310-400-ml-flame-orange-fo-310-piglet-pink.webp,,cutout,portrait,alpha,
cosmos-lac-flame-orange-fo-311-400-ml-flame-orange-fo-311-crazy-cherry,cosmos-lac,glavna,/products/cosmos-lac/flame-orange/cosmos-lac-flame-orange-fo-311-400-ml-flame-orange-fo-311-crazy-cherry.webp,,cutout,portrait,alpha,
cosmos-lac-flame-orange-fo-312-400-ml-flame-orange-fo-312-fire-red,cosmos-lac,glavna,/products/cosmos-lac/flame-orange/cosmos-lac-flame-orange-fo-312-400-ml-flame-orange-fo-312-fire-red.webp,,cutout,portrait,alpha,
cosmos-lac-flame-orange-fo-313-400-ml-flame-orange-fo-313-cherry-dark,cosmos-lac,glavna,/products/cosmos-lac/flame-orange/cosmos-lac-flame-orange-fo-313-400-ml-flame-orange-fo-313-cherry-dark.webp,,cutout,portrait,alpha,
cosmos-lac-flame-orange-fo-318-400-ml-flame-orange-fo-318-traffic-purple-dark,cosmos-lac,glavna,/products/cosmos-lac/flame-orange/cosmos-lac-flame-orange-fo-318-400-ml-flame-orange-fo-318-traffic-purple-dark.webp,,cutout,portrait,alpha,
cosmos-lac-flame-orange-fo-320-400-ml-flame-orange-fo-320-burgundy,cosmos-lac,glavna,/products/cosmos-lac/flame-orange/cosmos-lac-flame-orange-fo-320-400-ml-flame-orange-fo-320-burgundy.webp,,cutout,portrait,alpha,
cosmos-lac-flame-orange-fo-322-400-ml-flame-orange-fo-322-aubergine,cosmos-lac,glavna,/products/cosmos-lac/flame-orange/cosmos-lac-flame-orange-fo-322-400-ml-flame-orange-fo-322-aubergine.webp,,cutout,portrait,alpha,
cosmos-lac-flame-orange-fo-323-400-ml-flame-orange-fo-323-aubergine-dark,cosmos-lac,glavna,/products/cosmos-lac/flame-orange/cosmos-lac-flame-orange-fo-323-400-ml-flame-orange-fo-323-aubergine-dark.webp,,cutout,portrait,alpha,
cosmos-lac-flame-orange-fo-396-400-ml-flame-orange-fo-396-violet,cosmos-lac,glavna,/products/cosmos-lac/flame-orange/cosmos-lac-flame-orange-fo-396-400-ml-flame-orange-fo-396-violet.webp,,cutout,portrait,alpha,
cosmos-lac-flame-orange-fo-397-400-ml-flame-orange-fo-397-crazy-violet,cosmos-lac,glavna,/products/cosmos-lac/flame-orange/cosmos-lac-flame-orange-fo-397-400-ml-flame-orange-fo-397-crazy-violet.webp,,cutout,portrait,alpha,
cosmos-lac-flame-orange-fo-398-400-ml-flame-orange-fo-398-deep-violet,cosmos-lac,glavna,/products/cosmos-lac/flame-orange/cosmos-lac-flame-orange-fo-398-400-ml-flame-orange-fo-398-deep-violet.webp,,cutout,portrait,alpha,
cosmos-lac-flame-orange-fo-399-400-ml-flame-orange-fo-399-erica-violet-light,cosmos-lac,glavna,/products/cosmos-lac/flame-orange/cosmos-lac-flame-orange-fo-399-400-ml-flame-orange-fo-399-erica-violet-light.webp,,cutout,portrait,alpha,
cosmos-lac-flame-orange-fo-400-400-ml-flame-orange-fo-400-erica-violet,cosmos-lac,glavna,/products/cosmos-lac/flame-orange/cosmos-lac-flame-orange-fo-400-400-ml-flame-orange-fo-400-erica-violet.webp,,cutout,portrait,alpha,
cosmos-lac-flame-orange-fo-401-400-ml-flame-orange-fo-401-erica-pastel,cosmos-lac,glavna,/products/cosmos-lac/flame-orange/cosmos-lac-flame-orange-fo-401-400-ml-flame-orange-fo-401-erica-pastel.webp,,cutout,portrait,alpha,
cosmos-lac-flame-orange-fo-402-400-ml-flame-orange-fo-402-telemagenta,cosmos-lac,glavna,/products/cosmos-lac/flame-orange/cosmos-lac-flame-orange-fo-402-400-ml-flame-orange-fo-402-telemagenta.webp,,cutout,portrait,alpha,
cosmos-lac-flame-orange-fo-403-400-ml-flame-orange-fo-403-deep-violet-dark,cosmos-lac,glavna,/products/cosmos-lac/flame-orange/cosmos-lac-flame-orange-fo-403-400-ml-flame-orange-fo-403-deep-violet-dark.webp,,cutout,portrait,alpha,
cosmos-lac-flame-orange-fo-404-400-ml-flame-orange-fo-404-traffic-purple,cosmos-lac,glavna,/products/cosmos-lac/flame-orange/cosmos-lac-flame-orange-fo-404-400-ml-flame-orange-fo-404-traffic-purple.webp,,cutout,portrait,alpha,
cosmos-lac-flame-orange-fo-405-400-ml-flame-orange-fo-405-erica-pastel-middle,cosmos-lac,glavna,/products/cosmos-lac/flame-orange/cosmos-lac-flame-orange-fo-405-400-ml-flame-orange-fo-405-erica-pastel-middle.webp,,cutout,portrait,alpha,
cosmos-lac-flame-orange-fo-407-400-ml-flame-orange-fo-407-erica-violet-middle,cosmos-lac,glavna,/products/cosmos-lac/flame-orange/cosmos-lac-flame-orange-fo-407-400-ml-flame-orange-fo-407-erica-violet-middle.webp,,cutout,portrait,alpha,
cosmos-lac-flame-orange-fo-408-400-ml-flame-orange-fo-408-grape,cosmos-lac,glavna,/products/cosmos-lac/flame-orange/cosmos-lac-flame-orange-fo-408-400-ml-flame-orange-fo-408-grape.webp,,cutout,portrait,alpha,
cosmos-lac-flame-orange-fo-409-400-ml-flame-orange-fo-409-erica-pink,cosmos-lac,glavna,/products/cosmos-lac/flame-orange/cosmos-lac-flame-orange-fo-409-400-ml-flame-orange-fo-409-erica-pink.webp,,cutout,portrait,alpha,
cosmos-lac-flame-orange-fo-410-400-ml-flame-orange-fo-410-blackberry,cosmos-lac,glavna,/products/cosmos-lac/flame-orange/cosmos-lac-flame-orange-fo-410-400-ml-flame-orange-fo-410-blackberry.webp,,cutout,portrait,alpha,
cosmos-lac-flame-orange-fo-412-400-ml-flame-orange-fo-412-currant,cosmos-lac,glavna,/products/cosmos-lac/flame-orange/cosmos-lac-flame-orange-fo-412-400-ml-flame-orange-fo-412-currant.webp,,cutout,portrait,alpha,
cosmos-lac-flame-orange-fo-415-400-ml-flame-orange-fo-415-crocus,cosmos-lac,glavna,/products/cosmos-lac/flame-orange/cosmos-lac-flame-orange-fo-415-400-ml-flame-orange-fo-415-crocus.webp,,cutout,portrait,alpha,
cosmos-lac-flame-orange-fo-416-400-ml-flame-orange-fo-416-viola-light,cosmos-lac,glavna,/products/cosmos-lac/flame-orange/cosmos-lac-flame-orange-fo-416-400-ml-flame-orange-fo-416-viola-light.webp,,cutout,portrait,alpha,
cosmos-lac-flame-orange-fo-418-400-ml-flame-orange-fo-418-viola,cosmos-lac,glavna,/products/cosmos-lac/flame-orange/cosmos-lac-flame-orange-fo-418-400-ml-flame-orange-fo-418-viola.webp,,cutout,portrait,alpha,
cosmos-lac-flame-orange-fo-420-400-ml-flame-orange-fo-420-viola-dark,cosmos-lac,glavna,/products/cosmos-lac/flame-orange/cosmos-lac-flame-orange-fo-420-400-ml-flame-orange-fo-420-viola-dark.webp,,cutout,portrait,alpha,
cosmos-lac-flame-orange-fo-422-400-ml-flame-orange-fo-422-cosmos-blue-pastel,cosmos-lac,glavna,/products/cosmos-lac/flame-orange/cosmos-lac-flame-orange-fo-422-400-ml-flame-orange-fo-422-cosmos-blue-pastel.webp,,cutout,portrait,alpha,
cosmos-lac-flame-orange-fo-424-400-ml-flame-orange-fo-424-cosmos-blue-light,cosmos-lac,glavna,/products/cosmos-lac/flame-orange/cosmos-lac-flame-orange-fo-424-400-ml-flame-orange-fo-424-cosmos-blue-light.webp,,cutout,portrait,alpha,
cosmos-lac-flame-orange-fo-426-400-ml-flame-orange-fo-426-cosmos-blue,cosmos-lac,glavna,/products/cosmos-lac/flame-orange/cosmos-lac-flame-orange-fo-426-400-ml-flame-orange-fo-426-cosmos-blue.webp,,cutout,portrait,alpha,
cosmos-lac-flame-orange-fo-428-400-ml-flame-orange-fo-428-cosmos-blue-dark,cosmos-lac,glavna,/products/cosmos-lac/flame-orange/cosmos-lac-flame-orange-fo-428-400-ml-flame-orange-fo-428-cosmos-blue-dark.webp,,cutout,portrait,alpha,
cosmos-lac-flame-orange-fo-502-400-ml-flame-orange-fo-502-lighting-blue,cosmos-lac,glavna,/products/cosmos-lac/flame-orange/cosmos-lac-flame-orange-fo-502-400-ml-flame-orange-fo-502-lighting-blue.webp,,cutout,portrait,alpha,
cosmos-lac-flame-orange-fo-504-400-ml-flame-orange-fo-504-light-blue-light,cosmos-lac,glavna,/products/cosmos-lac/flame-orange/cosmos-lac-flame-orange-fo-504-400-ml-flame-orange-fo-504-light-blue-light.webp,,cutout,portrait,alpha,
cosmos-lac-flame-orange-fo-508-400-ml-flame-orange-fo-508-light-blue,cosmos-lac,glavna,/products/cosmos-lac/flame-orange/cosmos-lac-flame-orange-fo-508-400-ml-flame-orange-fo-508-light-blue.webp,,cutout,portrait,alpha,
cosmos-lac-flame-orange-fo-510-400-ml-flame-orange-fo-510-sky-blue,cosmos-lac,glavna,/products/cosmos-lac/flame-orange/cosmos-lac-flame-orange-fo-510-400-ml-flame-orange-fo-510-sky-blue.webp,,cutout,portrait,alpha,
cosmos-lac-flame-orange-fo-511-400-ml-flame-orange-fo-511-crazy-blue,cosmos-lac,glavna,/products/cosmos-lac/flame-orange/cosmos-lac-flame-orange-fo-511-400-ml-flame-orange-fo-511-crazy-blue.webp,,cutout,portrait,alpha,
cosmos-lac-flame-orange-fo-512-400-ml-flame-orange-fo-512-signal-blue,cosmos-lac,glavna,/products/cosmos-lac/flame-orange/cosmos-lac-flame-orange-fo-512-400-ml-flame-orange-fo-512-signal-blue.webp,,cutout,portrait,alpha,
cosmos-lac-flame-orange-fo-514-400-ml-flame-orange-fo-514-true-blue,cosmos-lac,glavna,/products/cosmos-lac/flame-orange/cosmos-lac-flame-orange-fo-514-400-ml-flame-orange-fo-514-true-blue.webp,,cutout,portrait,alpha,
cosmos-lac-flame-orange-fo-515-400-ml-flame-orange-fo-515-ultramarine-blue,cosmos-lac,glavna,/products/cosmos-lac/flame-orange/cosmos-lac-flame-orange-fo-515-400-ml-flame-orange-fo-515-ultramarine-blue.webp,,cutout,portrait,alpha,
cosmos-lac-flame-orange-fo-516-400-ml-flame-orange-fo-516-cream-blue-light,cosmos-lac,glavna,/products/cosmos-lac/flame-orange/cosmos-lac-flame-orange-fo-516-400-ml-flame-orange-fo-516-cream-blue-light.webp,,cutout,portrait,alpha,
cosmos-lac-flame-orange-fo-518-400-ml-flame-orange-fo-518-cream-blue,cosmos-lac,glavna,/products/cosmos-lac/flame-orange/cosmos-lac-flame-orange-fo-518-400-ml-flame-orange-fo-518-cream-blue.webp,,cutout,portrait,alpha,
cosmos-lac-flame-orange-fo-520-400-ml-flame-orange-fo-520-cream-blue-dark,cosmos-lac,glavna,/products/cosmos-lac/flame-orange/cosmos-lac-flame-orange-fo-520-400-ml-flame-orange-fo-520-cream-blue-dark.webp,,cutout,portrait,alpha,
cosmos-lac-flame-orange-fo-522-400-ml-flame-orange-fo-522-sapphire-blue,cosmos-lac,glavna,/products/cosmos-lac/flame-orange/cosmos-lac-flame-orange-fo-522-400-ml-flame-orange-fo-522-sapphire-blue.webp,,cutout,portrait,alpha,
cosmos-lac-flame-orange-fo-523-400-ml-flame-orange-fo-523-sapphire-blue-dark,cosmos-lac,glavna,/products/cosmos-lac/flame-orange/cosmos-lac-flame-orange-fo-523-400-ml-flame-orange-fo-523-sapphire-blue-dark.webp,,cutout,portrait,alpha,
cosmos-lac-flame-orange-fo-531-400-ml-flame-orange-fo-531-verdigris-light,cosmos-lac,glavna,/products/cosmos-lac/flame-orange/cosmos-lac-flame-orange-fo-531-400-ml-flame-orange-fo-531-verdigris-light.webp,,cutout,portrait,alpha,
cosmos-lac-flame-orange-fo-532-400-ml-flame-orange-fo-532-verdigris-middle,cosmos-lac,glavna,/products/cosmos-lac/flame-orange/cosmos-lac-flame-orange-fo-532-400-ml-flame-orange-fo-532-verdigris-middle.webp,,cutout,portrait,alpha,
cosmos-lac-flame-orange-fo-533-400-ml-flame-orange-fo-533-verdigris,cosmos-lac,glavna,/products/cosmos-lac/flame-orange/cosmos-lac-flame-orange-fo-533-400-ml-flame-orange-fo-533-verdigris.webp,,cutout,portrait,alpha,
cosmos-lac-flame-orange-fo-601-400-ml-flame-orange-fo-601-crazy-riviera,cosmos-lac,glavna,/products/cosmos-lac/flame-orange/cosmos-lac-flame-orange-fo-601-400-ml-flame-orange-fo-601-crazy-riviera.webp,,cutout,portrait,alpha,
cosmos-lac-flame-orange-fo-602-400-ml-flame-orange-fo-602-riviera,cosmos-lac,glavna,/products/cosmos-lac/flame-orange/cosmos-lac-flame-orange-fo-602-400-ml-flame-orange-fo-602-riviera.webp,,cutout,portrait,alpha,
cosmos-lac-flame-orange-fo-604-400-ml-flame-orange-fo-604-lagoon-blue,cosmos-lac,glavna,/products/cosmos-lac/flame-orange/cosmos-lac-flame-orange-fo-604-400-ml-flame-orange-fo-604-lagoon-blue.webp,,cutout,portrait,alpha,
cosmos-lac-flame-orange-fo-605-400-ml-flame-orange-fo-605-lagoon-blue-dark,cosmos-lac,glavna,/products/cosmos-lac/flame-orange/cosmos-lac-flame-orange-fo-605-400-ml-flame-orange-fo-605-lagoon-blue-dark.webp,,cutout,portrait,alpha,
cosmos-lac-flame-orange-fo-606-400-ml-flame-orange-fo-606-ocean-blue,cosmos-lac,glavna,/products/cosmos-lac/flame-orange/cosmos-lac-flame-orange-fo-606-400-ml-flame-orange-fo-606-ocean-blue.webp,,cutout,portrait,alpha,
cosmos-lac-flame-orange-fo-608-400-ml-flame-orange-fo-608-sage-middle,cosmos-lac,glavna,/products/cosmos-lac/flame-orange/cosmos-lac-flame-orange-fo-608-400-ml-flame-orange-fo-608-sage-middle.webp,,cutout,portrait,alpha,
cosmos-lac-flame-orange-fo-609-400-ml-flame-orange-fo-609-sage,cosmos-lac,glavna,/products/cosmos-lac/flame-orange/cosmos-lac-flame-orange-fo-609-400-ml-flame-orange-fo-609-sage.webp,,cutout,portrait,alpha,
cosmos-lac-flame-orange-fo-610-400-ml-flame-orange-fo-610-sage-dark,cosmos-lac,glavna,/products/cosmos-lac/flame-orange/cosmos-lac-flame-orange-fo-610-400-ml-flame-orange-fo-610-sage-dark.webp,,cutout,portrait,alpha,
cosmos-lac-flame-orange-fo-613-400-ml-flame-orange-fo-613-aqua-pastel-light,cosmos-lac,glavna,/products/cosmos-lac/flame-orange/cosmos-lac-flame-orange-fo-613-400-ml-flame-orange-fo-613-aqua-pastel-light.webp,,cutout,portrait,alpha,
cosmos-lac-flame-orange-fo-614-400-ml-flame-orange-fo-614-aqua-pastel,cosmos-lac,glavna,/products/cosmos-lac/flame-orange/cosmos-lac-flame-orange-fo-614-400-ml-flame-orange-fo-614-aqua-pastel.webp,,cutout,portrait,alpha,
cosmos-lac-flame-orange-fo-615-400-ml-flame-orange-fo-615-crazy-aqua,cosmos-lac,glavna,/products/cosmos-lac/flame-orange/cosmos-lac-flame-orange-fo-615-400-ml-flame-orange-fo-615-crazy-aqua.webp,,cutout,portrait,alpha,
cosmos-lac-flame-orange-fo-616-400-ml-flame-orange-fo-616-aqua-light,cosmos-lac,glavna,/products/cosmos-lac/flame-orange/cosmos-lac-flame-orange-fo-616-400-ml-flame-orange-fo-616-aqua-light.webp,,cutout,portrait,alpha,
cosmos-lac-flame-orange-fo-618-400-ml-flame-orange-fo-618-aqua,cosmos-lac,glavna,/products/cosmos-lac/flame-orange/cosmos-lac-flame-orange-fo-618-400-ml-flame-orange-fo-618-aqua.webp,,cutout,portrait,alpha,
cosmos-lac-flame-orange-fo-621-400-ml-flame-orange-fo-621-mustard-middle,cosmos-lac,glavna,/products/cosmos-lac/flame-orange/cosmos-lac-flame-orange-fo-621-400-ml-flame-orange-fo-621-mustard-middle.webp,,cutout,portrait,alpha,
cosmos-lac-flame-orange-fo-622-400-ml-flame-orange-fo-622-mustard-light,cosmos-lac,glavna,/products/cosmos-lac/flame-orange/cosmos-lac-flame-orange-fo-622-400-ml-flame-orange-fo-622-mustard-light.webp,,cutout,portrait,alpha,
cosmos-lac-flame-orange-fo-623-400-ml-flame-orange-fo-623-crazy-green,cosmos-lac,glavna,/products/cosmos-lac/flame-orange/cosmos-lac-flame-orange-fo-623-400-ml-flame-orange-fo-623-crazy-green.webp,,cutout,portrait,alpha,
cosmos-lac-flame-orange-fo-624-400-ml-flame-orange-fo-624-pistachio-light,cosmos-lac,glavna,/products/cosmos-lac/flame-orange/cosmos-lac-flame-orange-fo-624-400-ml-flame-orange-fo-624-pistachio-light.webp,,cutout,portrait,alpha,
cosmos-lac-flame-orange-fo-625-400-ml-flame-orange-fo-625-mustard,cosmos-lac,glavna,/products/cosmos-lac/flame-orange/cosmos-lac-flame-orange-fo-625-400-ml-flame-orange-fo-625-mustard.webp,,cutout,portrait,alpha,
cosmos-lac-flame-orange-fo-627-400-ml-flame-orange-fo-627-crazy-grass,cosmos-lac,glavna,/products/cosmos-lac/flame-orange/cosmos-lac-flame-orange-fo-627-400-ml-flame-orange-fo-627-crazy-grass.webp,,cutout,portrait,alpha,
cosmos-lac-flame-orange-fo-628-400-ml-flame-orange-fo-628-grass-green,cosmos-lac,glavna,/products/cosmos-lac/flame-orange/cosmos-lac-flame-orange-fo-628-400-ml-flame-orange-fo-628-grass-green.webp,,cutout,portrait,alpha,
cosmos-lac-flame-orange-fo-629-400-ml-flame-orange-fo-629-juice-green,cosmos-lac,glavna,/products/cosmos-lac/flame-orange/cosmos-lac-flame-orange-fo-629-400-ml-flame-orange-fo-629-juice-green.webp,,cutout,portrait,alpha,
cosmos-lac-flame-orange-fo-631-400-ml-flame-orange-fo-631-mustard-dark,cosmos-lac,glavna,/products/cosmos-lac/flame-orange/cosmos-lac-flame-orange-fo-631-400-ml-flame-orange-fo-631-mustard-dark.webp,,cutout,portrait,alpha,
cosmos-lac-flame-orange-fo-632-400-ml-flame-orange-fo-632-leaf-green,cosmos-lac,glavna,/products/cosmos-lac/flame-orange/cosmos-lac-flame-orange-fo-632-400-ml-flame-orange-fo-632-leaf-green.webp,,cutout,portrait,alpha,
cosmos-lac-flame-orange-fo-633-400-ml-flame-orange-fo-633-khaki-green,cosmos-lac,glavna,/products/cosmos-lac/flame-orange/cosmos-lac-flame-orange-fo-633-400-ml-flame-orange-fo-633-khaki-green.webp,,cutout,portrait,alpha,
cosmos-lac-flame-orange-fo-636-400-ml-flame-orange-fo-636-fir-green,cosmos-lac,glavna,/products/cosmos-lac/flame-orange/cosmos-lac-flame-orange-fo-636-400-ml-flame-orange-fo-636-fir-green.webp,,cutout,portrait,alpha,
cosmos-lac-flame-orange-fo-637-400-ml-flame-orange-fo-637-pear-light,cosmos-lac,glavna,/products/cosmos-lac/flame-orange/cosmos-lac-flame-orange-fo-637-400-ml-flame-orange-fo-637-pear-light.webp,,cutout,portrait,alpha,
cosmos-lac-flame-orange-fo-639-400-ml-flame-orange-fo-639-pear,cosmos-lac,glavna,/products/cosmos-lac/flame-orange/cosmos-lac-flame-orange-fo-639-400-ml-flame-orange-fo-639-pear.webp,,cutout,portrait,alpha,
cosmos-lac-flame-orange-fo-640-400-ml-flame-orange-fo-640-kiwi-light,cosmos-lac,glavna,/products/cosmos-lac/flame-orange/cosmos-lac-flame-orange-fo-640-400-ml-flame-orange-fo-640-kiwi-light.webp,,cutout,portrait,alpha,
cosmos-lac-flame-orange-fo-641-400-ml-flame-orange-fo-641-pear-dark,cosmos-lac,glavna,/products/cosmos-lac/flame-orange/cosmos-lac-flame-orange-fo-641-400-ml-flame-orange-fo-641-pear-dark.webp,,cutout,portrait,alpha,
cosmos-lac-flame-orange-fo-642-400-ml-flame-orange-fo-642-kiwi,cosmos-lac,glavna,/products/cosmos-lac/flame-orange/cosmos-lac-flame-orange-fo-642-400-ml-flame-orange-fo-642-kiwi.webp,,cutout,portrait,alpha,
cosmos-lac-flame-orange-fo-644-400-ml-flame-orange-fo-644-kiwi-dark,cosmos-lac,glavna,/products/cosmos-lac/flame-orange/cosmos-lac-flame-orange-fo-644-400-ml-flame-orange-fo-644-kiwi-dark.webp,,cutout,portrait,alpha,
cosmos-lac-flame-orange-fo-663-400-ml-flame-orange-fo-663-mint,cosmos-lac,glavna,/products/cosmos-lac/flame-orange/cosmos-lac-flame-orange-fo-663-400-ml-flame-orange-fo-663-mint.webp,,cutout,portrait,alpha,
cosmos-lac-flame-orange-fo-664-400-ml-flame-orange-fo-664-menthol-light,cosmos-lac,glavna,/products/cosmos-lac/flame-orange/cosmos-lac-flame-orange-fo-664-400-ml-flame-orange-fo-664-menthol-light.webp,,cutout,portrait,alpha,
cosmos-lac-flame-orange-fo-666-400-ml-flame-orange-fo-666-menthol,cosmos-lac,glavna,/products/cosmos-lac/flame-orange/cosmos-lac-flame-orange-fo-666-400-ml-flame-orange-fo-666-menthol.webp,,cutout,portrait,alpha,
cosmos-lac-flame-orange-fo-667-400-ml-flame-orange-fo-667-crazy-menthol,cosmos-lac,glavna,/products/cosmos-lac/flame-orange/cosmos-lac-flame-orange-fo-667-400-ml-flame-orange-fo-667-crazy-menthol.webp,,cutout,portrait,alpha,
cosmos-lac-flame-orange-fo-670-400-ml-flame-orange-fo-670-turquoise-light,cosmos-lac,glavna,/products/cosmos-lac/flame-orange/cosmos-lac-flame-orange-fo-670-400-ml-flame-orange-fo-670-turquoise-light.webp,,cutout,portrait,alpha,
cosmos-lac-flame-orange-fo-672-400-ml-flame-orange-fo-672-turquoise,cosmos-lac,glavna,/products/cosmos-lac/flame-orange/cosmos-lac-flame-orange-fo-672-400-ml-flame-orange-fo-672-turquoise.webp,,cutout,portrait,alpha,
cosmos-lac-flame-orange-fo-675-400-ml-flame-orange-fo-675-emerald-green,cosmos-lac,glavna,/products/cosmos-lac/flame-orange/cosmos-lac-flame-orange-fo-675-400-ml-flame-orange-fo-675-emerald-green.webp,,cutout,portrait,alpha,
cosmos-lac-flame-orange-fo-697-400-ml-flame-orange-fo-697-cocoa-light,cosmos-lac,glavna,/products/cosmos-lac/flame-orange/cosmos-lac-flame-orange-fo-697-400-ml-flame-orange-fo-697-cocoa-light.webp,,cutout,portrait,alpha,
cosmos-lac-flame-orange-fo-698-400-ml-flame-orange-fo-698-cocoa,cosmos-lac,glavna,/products/cosmos-lac/flame-orange/cosmos-lac-flame-orange-fo-698-400-ml-flame-orange-fo-698-cocoa.webp,,cutout,portrait,alpha,
cosmos-lac-flame-orange-fo-699-400-ml-flame-orange-fo-699-brown-red,cosmos-lac,glavna,/products/cosmos-lac/flame-orange/cosmos-lac-flame-orange-fo-699-400-ml-flame-orange-fo-699-brown-red.webp,,cutout,portrait,alpha,
cosmos-lac-flame-orange-fo-702-400-ml-flame-orange-fo-702-ivory-light,cosmos-lac,glavna,/products/cosmos-lac/flame-orange/cosmos-lac-flame-orange-fo-702-400-ml-flame-orange-fo-702-ivory-light.webp,,cutout,portrait,alpha,
cosmos-lac-flame-orange-fo-703-400-ml-flame-orange-fo-703-milk-coffee,cosmos-lac,glavna,/products/cosmos-lac/flame-orange/cosmos-lac-flame-orange-fo-703-400-ml-flame-orange-fo-703-milk-coffee.webp,,cutout,portrait,alpha,
cosmos-lac-flame-orange-fo-704-400-ml-flame-orange-fo-704-beige-brown,cosmos-lac,glavna,/products/cosmos-lac/flame-orange/cosmos-lac-flame-orange-fo-704-400-ml-flame-orange-fo-704-beige-brown.webp,,cutout,portrait,alpha,
cosmos-lac-flame-orange-fo-706-400-ml-flame-orange-fo-706-ocher,cosmos-lac,glavna,/products/cosmos-lac/flame-orange/cosmos-lac-flame-orange-fo-706-400-ml-flame-orange-fo-706-ocher.webp,,cutout,portrait,alpha,
cosmos-lac-flame-orange-fo-708-400-ml-flame-orange-fo-708-nut,cosmos-lac,glavna,/products/cosmos-lac/flame-orange/cosmos-lac-flame-orange-fo-708-400-ml-flame-orange-fo-708-nut.webp,,cutout,portrait,alpha,
cosmos-lac-flame-orange-fo-710-400-ml-flame-orange-fo-710-chocolate,cosmos-lac,glavna,/products/cosmos-lac/flame-orange/cosmos-lac-flame-orange-fo-710-400-ml-flame-orange-fo-710-chocolate.webp,,cutout,portrait,alpha,
cosmos-lac-flame-orange-fo-732-400-ml-flame-orange-fo-732-grey-beige-light,cosmos-lac,glavna,/products/cosmos-lac/flame-orange/cosmos-lac-flame-orange-fo-732-400-ml-flame-orange-fo-732-grey-beige-light.webp,,cutout,portrait,alpha,
cosmos-lac-flame-orange-fo-734-400-ml-flame-orange-fo-734-grey-beige,cosmos-lac,glavna,/products/cosmos-lac/flame-orange/cosmos-lac-flame-orange-fo-734-400-ml-flame-orange-fo-734-grey-beige.webp,,cutout,portrait,alpha,
cosmos-lac-flame-orange-fo-736-400-ml-flame-orange-fo-736-khaki-grey,cosmos-lac,glavna,/products/cosmos-lac/flame-orange/cosmos-lac-flame-orange-fo-736-400-ml-flame-orange-fo-736-khaki-grey.webp,,cutout,portrait,alpha,
cosmos-lac-flame-orange-fo-830-400-ml-flame-orange-fo-830-stone-grey-light,cosmos-lac,glavna,/products/cosmos-lac/flame-orange/cosmos-lac-flame-orange-fo-830-400-ml-flame-orange-fo-830-stone-grey-light.webp,,cutout,portrait,alpha,
cosmos-lac-flame-orange-fo-831-400-ml-flame-orange-fo-831-stone-grey-middle,cosmos-lac,glavna,/products/cosmos-lac/flame-orange/cosmos-lac-flame-orange-fo-831-400-ml-flame-orange-fo-831-stone-grey-middle.webp,,cutout,portrait,alpha,
cosmos-lac-flame-orange-fo-832-400-ml-flame-orange-fo-832-stone-grey,cosmos-lac,glavna,/products/cosmos-lac/flame-orange/cosmos-lac-flame-orange-fo-832-400-ml-flame-orange-fo-832-stone-grey.webp,,cutout,portrait,alpha,
cosmos-lac-flame-orange-fo-833-400-ml-flame-orange-fo-833-stone-grey-dark,cosmos-lac,glavna,/products/cosmos-lac/flame-orange/cosmos-lac-flame-orange-fo-833-400-ml-flame-orange-fo-833-stone-grey-dark.webp,,cutout,portrait,alpha,
cosmos-lac-flame-orange-fo-834-400-ml-flame-orange-fo-834-light-grey-neutral,cosmos-lac,glavna,/products/cosmos-lac/flame-orange/cosmos-lac-flame-orange-fo-834-400-ml-flame-orange-fo-834-light-grey-neutral.webp,,cutout,portrait,alpha,
cosmos-lac-flame-orange-fo-836-400-ml-flame-orange-fo-836-middle-grey-neutral,cosmos-lac,glavna,/products/cosmos-lac/flame-orange/cosmos-lac-flame-orange-fo-836-400-ml-flame-orange-fo-836-middle-grey-neutral.webp,,cutout,portrait,alpha,
cosmos-lac-flame-orange-fo-840-400-ml-flame-orange-fo-840-dark-grey-neutral,cosmos-lac,glavna,/products/cosmos-lac/flame-orange/cosmos-lac-flame-orange-fo-840-400-ml-flame-orange-fo-840-dark-grey-neutral.webp,,cutout,portrait,alpha,
cosmos-lac-flame-orange-fo-844-400-ml-flame-orange-fo-844-anthracite-grey,cosmos-lac,glavna,/products/cosmos-lac/flame-orange/cosmos-lac-flame-orange-fo-844-400-ml-flame-orange-fo-844-anthracite-grey.webp,,cutout,portrait,alpha,
cosmos-lac-flame-orange-fo-900-400-ml-flame-orange-fo-900-pure-white,cosmos-lac,glavna,/products/cosmos-lac/flame-orange/cosmos-lac-flame-orange-fo-900-400-ml-flame-orange-fo-900-pure-white.webp,,cutout,portrait,alpha,
cosmos-lac-flame-orange-fo-901-400-ml-flame-orange-fo-901-thick-black,cosmos-lac,glavna,/products/cosmos-lac/flame-orange/cosmos-lac-flame-orange-fo-901-400-ml-flame-orange-fo-901-thick-black.webp,,cutout,portrait,alpha,
cosmos-lac-flame-orange-fo-902-400-ml-flame-orange-fo-902-ultra-chrome,cosmos-lac,glavna,/products/cosmos-lac/flame-orange/cosmos-lac-flame-orange-fo-902-400-ml-flame-orange-fo-902-ultra-chrome.webp,,cutout,portrait,alpha,
cosmos-lac-flame-orange-fo-904-400-ml-flame-orange-fo-904-deep-black,cosmos-lac,glavna,/products/cosmos-lac/flame-orange/cosmos-lac-flame-orange-fo-904-400-ml-flame-orange-fo-904-deep-black.webp,,cutout,portrait,alpha,
cosmos-lac-flame-orange-fo-906-400-ml-flame-orange-fo-906-gold,cosmos-lac,glavna,/products/cosmos-lac/flame-orange/cosmos-lac-flame-orange-fo-906-400-ml-flame-orange-fo-906-gold.webp,,cutout,portrait,alpha,
cosmos-lac-fluorescent-marking-490-fluorescent-paint-490-red,cosmos-lac,glavna,/products/cosmos-lac/fluorescent-marking/cosmos-lac-fluorescent-marking-490-fluorescent-paint-490-red.webp,,cutout,portrait,alpha,
cosmos-lac-fluorescent-marking-491-fluorescent-paint-491-orange,cosmos-lac,glavna,/products/cosmos-lac/fluorescent-marking/cosmos-lac-fluorescent-marking-491-fluorescent-paint-491-orange.webp,,cutout,portrait,alpha,
cosmos-lac-fluorescent-marking-493-fluorescent-paint-493-green,cosmos-lac,glavna,/products/cosmos-lac/fluorescent-marking/cosmos-lac-fluorescent-marking-493-fluorescent-paint-493-green.webp,,cutout,portrait,alpha,
cosmos-lac-fluorescent-marking-494-fluorescent-paint-494-yellow,cosmos-lac,glavna,/products/cosmos-lac/fluorescent-marking/cosmos-lac-fluorescent-marking-494-fluorescent-paint-494-yellow.webp,,cutout,portrait,alpha,
cosmos-lac-fluorescent-marking-571-forest-trail-marking-571-red,cosmos-lac,glavna,/products/cosmos-lac/fluorescent-marking/cosmos-lac-fluorescent-marking-571-forest-trail-marking-571-red.webp,,cutout,portrait,alpha,
cosmos-lac-fluorescent-marking-572-forest-trail-marking-572-orange,cosmos-lac,glavna,/products/cosmos-lac/fluorescent-marking/cosmos-lac-fluorescent-marking-572-forest-trail-marking-572-orange.webp,,cutout,portrait,alpha,
cosmos-lac-fluorescent-marking-573-forest-trail-marking-573-yellow,cosmos-lac,glavna,/products/cosmos-lac/fluorescent-marking/cosmos-lac-fluorescent-marking-573-forest-trail-marking-573-yellow.webp,,cutout,portrait,alpha,
cosmos-lac-fluorescent-marking-574-forest-trail-marking-574-blue,cosmos-lac,glavna,/products/cosmos-lac/fluorescent-marking/cosmos-lac-fluorescent-marking-574-forest-trail-marking-574-blue.webp,,cutout,portrait,alpha,
cosmos-lac-fluorescent-marking-575-forest-trail-marking-575-white,cosmos-lac,glavna,/products/cosmos-lac/fluorescent-marking/cosmos-lac-fluorescent-marking-575-forest-trail-marking-575-white.webp,,cutout,portrait,alpha,
cosmos-lac-fluorescent-marking-591-road-construction-marking-591-orange,cosmos-lac,glavna,/products/cosmos-lac/fluorescent-marking/cosmos-lac-fluorescent-marking-591-road-construction-marking-591-orange.webp,,cutout,portrait,alpha,
cosmos-lac-fluorescent-marking-593-road-construction-marking-593-green,cosmos-lac,glavna,/products/cosmos-lac/fluorescent-marking/cosmos-lac-fluorescent-marking-593-road-construction-marking-593-green.webp,,cutout,portrait,alpha,
cosmos-lac-fluorescent-marking-594-road-construction-marking-594-yellow,cosmos-lac,glavna,/products/cosmos-lac/fluorescent-marking/cosmos-lac-fluorescent-marking-594-road-construction-marking-594-yellow.webp,,cutout,portrait,alpha,
cosmos-lac-fluorescent-marking-595-road-construction-marking-595-white,cosmos-lac,glavna,/products/cosmos-lac/fluorescent-marking/cosmos-lac-fluorescent-marking-595-road-construction-marking-595-white.webp,,cutout,portrait,alpha,
cosmos-lac-high-heat-700-c-350-400-ml-high-heat-350-silver,cosmos-lac,glavna,/products/cosmos-lac/high-heat-700-c/cosmos-lac-high-heat-700-c-350-400-ml-high-heat-350-silver.webp,,cutout,portrait,alpha,
cosmos-lac-high-heat-700-c-351-400-ml-high-heat-351-black,cosmos-lac,glavna,/products/cosmos-lac/high-heat-700-c/cosmos-lac-high-heat-700-c-351-400-ml-high-heat-351-black.webp,,cutout,portrait,alpha,
cosmos-lac-high-heat-700-c-352-400-ml-high-heat-352-white,cosmos-lac,glavna,/products/cosmos-lac/high-heat-700-c/cosmos-lac-high-heat-700-c-352-400-ml-high-heat-352-white.webp,,cutout,portrait,alpha,
cosmos-lac-high-heat-700-c-353-400-ml-high-heat-353-red,cosmos-lac,glavna,/products/cosmos-lac/high-heat-700-c/cosmos-lac-high-heat-700-c-353-400-ml-high-heat-353-red.webp,,cutout,portrait,alpha,
cosmos-lac-high-heat-700-c-356-400-ml-high-heat-356-anthracite,cosmos-lac,glavna,/products/cosmos-lac/high-heat-700-c/cosmos-lac-high-heat-700-c-356-400-ml-high-heat-356-anthracite.webp,,cutout,portrait,alpha,
cosmos-lac-home-380-400-ml-paint-for-aluminums-380-white,cosmos-lac,glavna,/products/cosmos-lac/home/cosmos-lac-home-380-400-ml-paint-for-aluminums-380-white.webp,,cutout,portrait,alpha,
cosmos-lac-home-400-400-ml-white-smalto-400-white,cosmos-lac,glavna,/products/cosmos-lac/home/cosmos-lac-home-400-400-ml-white-smalto-400-white.webp,,cutout,portrait,alpha,
cosmos-lac-home-401-400-ml-porcelain-paint-401-white,cosmos-lac,glavna,/products/cosmos-lac/home/cosmos-lac-home-401-400-ml-porcelain-paint-401-white.webp,,cutout,portrait,alpha,
cosmos-lac-home-402-400-ml-radiator-lacquer-402-white,cosmos-lac,glavna,/products/cosmos-lac/home/cosmos-lac-home-402-400-ml-radiator-lacquer-402-white.webp,,cutout,portrait,alpha,
cosmos-lac-home-403-400-ml-radiator-lacquer-403-silver,cosmos-lac,glavna,/products/cosmos-lac/home/cosmos-lac-home-403-400-ml-radiator-lacquer-403-silver.webp,,cutout,portrait,alpha,
cosmos-lac-home-741-providna-400-ml-power-glue-741-transparent,cosmos-lac,glavna,/products/cosmos-lac/home/cosmos-lac-home-741-providna-400-ml-power-glue-741-transparent.webp,,cutout,portrait,alpha,
cosmos-lac-lubricants-200-400-ml-multimax-1000-200,cosmos-lac,glavna,/products/cosmos-lac/lubricants/cosmos-lac-lubricants-200-400-ml-multimax-1000-200.webp,,cutout,portrait,alpha,
cosmos-lac-lubricants-203-400-ml-silicone-oil-203,cosmos-lac,glavna,/products/cosmos-lac/lubricants/cosmos-lac-lubricants-203-400-ml-silicone-oil-203.webp,,cutout,portrait,alpha,
cosmos-lac-lubricants-204-400-ml-lithium-grease-204,cosmos-lac,glavna,/products/cosmos-lac/lubricants/cosmos-lac-lubricants-204-400-ml-lithium-grease-204.webp,,cutout,portrait,alpha,
cosmos-lac-lubricants-208-400-ml-penetrating-oil-anti-corrosion-208,cosmos-lac,glavna,/products/cosmos-lac/lubricants/cosmos-lac-lubricants-208-400-ml-penetrating-oil-anti-corrosion-208.webp,,cutout,portrait,alpha,
cosmos-lac-lubricants-210-400-ml-chain-grease-210,cosmos-lac,glavna,/products/cosmos-lac/lubricants/cosmos-lac-lubricants-210-400-ml-chain-grease-210.webp,,cutout,portrait,alpha,
cosmos-lac-lubricants-742-400-ml-penetrating-oil-ptfe-742,cosmos-lac,glavna,/products/cosmos-lac/lubricants/cosmos-lac-lubricants-742-400-ml-penetrating-oil-ptfe-742.webp,,cutout,portrait,alpha,
cosmos-lac-lubricants-743-400-ml-dry-ptfe-oil-743,cosmos-lac,glavna,/products/cosmos-lac/lubricants/cosmos-lac-lubricants-743-400-ml-dry-ptfe-oil-743.webp,,cutout,portrait,alpha,
cosmos-lac-lubricants-744-400-ml-lithium-grease-ptfe-744,cosmos-lac,glavna,/products/cosmos-lac/lubricants/cosmos-lac-lubricants-744-400-ml-lithium-grease-ptfe-744.webp,,cutout,portrait,alpha,
cosmos-lac-lubricants-745-400-ml-copper-grease-1100-c-745,cosmos-lac,glavna,/products/cosmos-lac/lubricants/cosmos-lac-lubricants-745-400-ml-copper-grease-1100-c-745.webp,,cutout,portrait,alpha,
cosmos-lac-lubricants-746-400-ml-cut-drill-oil-746,cosmos-lac,glavna,/products/cosmos-lac/lubricants/cosmos-lac-lubricants-746-400-ml-cut-drill-oil-746.webp,,cutout,portrait,alpha,
cosmos-lac-lubricants-747-400-ml-vaseline-spray-747,cosmos-lac,glavna,/products/cosmos-lac/lubricants/cosmos-lac-lubricants-747-400-ml-vaseline-spray-747.webp,,cutout,portrait,alpha,
cosmos-lac-lubricants-748-400-ml-leak-detector-748,cosmos-lac,glavna,/products/cosmos-lac/lubricants/cosmos-lac-lubricants-748-400-ml-leak-detector-748.webp,,cutout,portrait,alpha,
cosmos-lac-lubricants-749-400-ml-rust-shock-freeze-penetrating-oil-749,cosmos-lac,glavna,/products/cosmos-lac/lubricants/cosmos-lac-lubricants-749-400-ml-rust-shock-freeze-penetrating-oil-749.webp,,cutout,portrait,alpha,
cosmos-lac-lubricants-753-400-ml-anti-spatter-for-welding-753,cosmos-lac,glavna,/products/cosmos-lac/lubricants/cosmos-lac-lubricants-753-400-ml-anti-spatter-for-welding-753.webp,,cutout,portrait,alpha,
cosmos-lac-master-mechanic-01-500-ml-master-mechanic-primer-01-grey,cosmos-lac,glavna,/products/cosmos-lac/master-mechanic/cosmos-lac-master-mechanic-01-500-ml-master-mechanic-primer-01-grey.webp,,cutout,portrait,alpha,
cosmos-lac-master-mechanic-01-500-ml-master-mechanic-primer-01-white,cosmos-lac,glavna,/products/cosmos-lac/master-mechanic/cosmos-lac-master-mechanic-01-500-ml-master-mechanic-primer-01-white.webp,,cutout,portrait,alpha,
cosmos-lac-master-mechanic-02-500-ml-master-mechanic-filler-02-black,cosmos-lac,glavna,/products/cosmos-lac/master-mechanic/cosmos-lac-master-mechanic-02-500-ml-master-mechanic-filler-02-black.webp,,cutout,portrait,alpha,
cosmos-lac-master-mechanic-02-500-ml-master-mechanic-filler-02-grey,cosmos-lac,glavna,/products/cosmos-lac/master-mechanic/cosmos-lac-master-mechanic-02-500-ml-master-mechanic-filler-02-grey.webp,,cutout,portrait,alpha,
cosmos-lac-master-mechanic-03-500-ml-master-mechanic-epoxy-primer-03-grey,cosmos-lac,glavna,/products/cosmos-lac/master-mechanic/cosmos-lac-master-mechanic-03-500-ml-master-mechanic-epoxy-primer-03-grey.webp,,cutout,portrait,alpha,
cosmos-lac-master-mechanic-04-500-ml-master-mechanic-wash-primer-04-light-yellow,cosmos-lac,glavna,/products/cosmos-lac/master-mechanic/cosmos-lac-master-mechanic-04-500-ml-master-mechanic-wash-primer-04-light-yellow.webp,,cutout,portrait,alpha,
cosmos-lac-master-mechanic-05-providna-500-ml-master-mechanic-plastic-primer-05-transparent,cosmos-lac,glavna,/products/cosmos-lac/master-mechanic/cosmos-lac-master-mechanic-05-providna-500-ml-master-mechanic-plastic-primer-05-transparent.webp,,cutout,portrait,alpha,
cosmos-lac-master-mechanic-06-500-ml-master-mechanic-control-guide-06-black,cosmos-lac,glavna,/products/cosmos-lac/master-mechanic/cosmos-lac-master-mechanic-06-500-ml-master-mechanic-control-guide-06-black.webp,,cutout,portrait,alpha,
cosmos-lac-master-mechanic-10-mat-500-ml-master-mechanic-ral-paint-10-black-matt,cosmos-lac,glavna,/products/cosmos-lac/master-mechanic/cosmos-lac-master-mechanic-10-mat-500-ml-master-mechanic-ral-paint-10-black-matt.webp,,cutout,portrait,alpha,
cosmos-lac-master-mechanic-10-sjaj-500-ml-master-mechanic-ral-paint-10-black-gloss,cosmos-lac,glavna,/products/cosmos-lac/master-mechanic/cosmos-lac-master-mechanic-10-sjaj-500-ml-master-mechanic-ral-paint-10-black-gloss.webp,,cutout,portrait,alpha,
cosmos-lac-master-mechanic-10-500-ml-master-mechanic-ral-paint-10-silver,cosmos-lac,glavna,/products/cosmos-lac/master-mechanic/cosmos-lac-master-mechanic-10-500-ml-master-mechanic-ral-paint-10-silver.webp,,cutout,portrait,alpha,
cosmos-lac-master-mechanic-10-mat-500-ml-master-mechanic-ral-paint-10-white-matt,cosmos-lac,glavna,/products/cosmos-lac/master-mechanic/cosmos-lac-master-mechanic-10-mat-500-ml-master-mechanic-ral-paint-10-white-matt.webp,,cutout,portrait,alpha,
cosmos-lac-master-mechanic-10-sjaj-500-ml-master-mechanic-ral-paint-10-white-gloss,cosmos-lac,glavna,/products/cosmos-lac/master-mechanic/cosmos-lac-master-mechanic-10-sjaj-500-ml-master-mechanic-ral-paint-10-white-gloss.webp,,cutout,portrait,alpha,
cosmos-lac-master-mechanic-11-sjaj-500-ml-master-mechanic-bumber-paint-11-black-gloss,cosmos-lac,glavna,/products/cosmos-lac/master-mechanic/cosmos-lac-master-mechanic-11-sjaj-500-ml-master-mechanic-bumber-paint-11-black-gloss.webp,,cutout,portrait,alpha,
cosmos-lac-master-mechanic-11s-500-ml-master-mechanic-bumber-paint-11s-black-structure,cosmos-lac,glavna,/products/cosmos-lac/master-mechanic/cosmos-lac-master-mechanic-11s-500-ml-master-mechanic-bumber-paint-11s-black-structure.webp,,cutout,portrait,alpha,
cosmos-lac-master-mechanic-12-500-ml-master-mechanic-heat-resistant-paint-12-black,cosmos-lac,glavna,/products/cosmos-lac/master-mechanic/cosmos-lac-master-mechanic-12-500-ml-master-mechanic-heat-resistant-paint-12-black.webp,,cutout,portrait,alpha,
cosmos-lac-master-mechanic-12-500-ml-master-mechanic-heat-resistant-paint-12-silver,cosmos-lac,glavna,/products/cosmos-lac/master-mechanic/cosmos-lac-master-mechanic-12-500-ml-master-mechanic-heat-resistant-paint-12-silver.webp,,cutout,portrait,alpha,
cosmos-lac-master-mechanic-13-500-ml-master-mechanic-antigravel-paintable-13-black,cosmos-lac,glavna,/products/cosmos-lac/master-mechanic/cosmos-lac-master-mechanic-13-500-ml-master-mechanic-antigravel-paintable-13-black.webp,,cutout,portrait,alpha,
cosmos-lac-master-mechanic-13-500-ml-master-mechanic-antigravel-paintable-13-grey,cosmos-lac,glavna,/products/cosmos-lac/master-mechanic/cosmos-lac-master-mechanic-13-500-ml-master-mechanic-antigravel-paintable-13-grey.webp,,cutout,portrait,alpha,
cosmos-lac-master-mechanic-13-500-ml-master-mechanic-antigravel-paintable-13-white,cosmos-lac,glavna,/products/cosmos-lac/master-mechanic/cosmos-lac-master-mechanic-13-500-ml-master-mechanic-antigravel-paintable-13-white.webp,,cutout,portrait,alpha,
cosmos-lac-master-mechanic-14-500-ml-master-mechanic-wheel-paint-14-black,cosmos-lac,glavna,/products/cosmos-lac/master-mechanic/cosmos-lac-master-mechanic-14-500-ml-master-mechanic-wheel-paint-14-black.webp,,cutout,portrait,alpha,
cosmos-lac-master-mechanic-14-500-ml-master-mechanic-wheel-paint-14-silver,cosmos-lac,glavna,/products/cosmos-lac/master-mechanic/cosmos-lac-master-mechanic-14-500-ml-master-mechanic-wheel-paint-14-silver.webp,,cutout,portrait,alpha,
cosmos-lac-master-mechanic-15-500-ml-master-mechanic-brake-caliper-paint-15-blue,cosmos-lac,glavna,/products/cosmos-lac/master-mechanic/cosmos-lac-master-mechanic-15-500-ml-master-mechanic-brake-caliper-paint-15-blue.webp,,cutout,portrait,alpha,
cosmos-lac-master-mechanic-15-500-ml-master-mechanic-brake-caliper-paint-15-red,cosmos-lac,glavna,/products/cosmos-lac/master-mechanic/cosmos-lac-master-mechanic-15-500-ml-master-mechanic-brake-caliper-paint-15-red.webp,,cutout,portrait,alpha,
cosmos-lac-master-mechanic-15-500-ml-master-mechanic-brake-caliper-paint-15-yellow,cosmos-lac,glavna,/products/cosmos-lac/master-mechanic/cosmos-lac-master-mechanic-15-500-ml-master-mechanic-brake-caliper-paint-15-yellow.webp,,cutout,portrait,alpha,
cosmos-lac-master-mechanic-20-providna-500-ml-master-mechanic-clear-coat-20-transparent,cosmos-lac,glavna,/products/cosmos-lac/master-mechanic/cosmos-lac-master-mechanic-20-providna-500-ml-master-mechanic-clear-coat-20-transparent.webp,,cutout,portrait,alpha,
cosmos-lac-metallic-332-400-ml-metallic-effect-332-blue,cosmos-lac,glavna,/products/cosmos-lac/metallic/cosmos-lac-metallic-332-400-ml-metallic-effect-332-blue.webp,,cutout,portrait,alpha,
cosmos-lac-metallic-334-400-ml-metallic-effect-334-green,cosmos-lac,glavna,/products/cosmos-lac/metallic/cosmos-lac-metallic-334-400-ml-metallic-effect-334-green.webp,,cutout,portrait,alpha,
cosmos-lac-metallic-335-400-ml-metallic-effect-335-black,cosmos-lac,glavna,/products/cosmos-lac/metallic/cosmos-lac-metallic-335-400-ml-metallic-effect-335-black.webp,,cutout,portrait,alpha,
cosmos-lac-metallic-336-400-ml-metallic-effect-336-red,cosmos-lac,glavna,/products/cosmos-lac/metallic/cosmos-lac-metallic-336-400-ml-metallic-effect-336-red.webp,,cutout,portrait,alpha,
cosmos-lac-metallic-338-400-ml-metallic-effect-338-silver,cosmos-lac,glavna,/products/cosmos-lac/metallic/cosmos-lac-metallic-338-400-ml-metallic-effect-338-silver.webp,,cutout,portrait,alpha,
cosmos-lac-primers-233-providna-400-ml-plastic-primer-233-transparent,cosmos-lac,glavna,/products/cosmos-lac/primers/cosmos-lac-primers-233-providna-400-ml-plastic-primer-233-transparent.webp,,cutout,portrait,alpha,
cosmos-lac-primers-342-400-ml-acrylic-primer-filler-342-grey,cosmos-lac,glavna,/products/cosmos-lac/primers/cosmos-lac-primers-342-400-ml-acrylic-primer-filler-342-grey.webp,,cutout,portrait,alpha,
cosmos-lac-primers-343-400-ml-acrylic-primer-filler-343-beige,cosmos-lac,glavna,/products/cosmos-lac/primers/cosmos-lac-primers-343-400-ml-acrylic-primer-filler-343-beige.webp,,cutout,portrait,alpha,
cosmos-lac-primers-344-400-ml-metal-primer-344-red,cosmos-lac,glavna,/products/cosmos-lac/primers/cosmos-lac-primers-344-400-ml-metal-primer-344-red.webp,,cutout,portrait,alpha,
cosmos-lac-primers-345-400-ml-metal-primer-345-white,cosmos-lac,glavna,/products/cosmos-lac/primers/cosmos-lac-primers-345-400-ml-metal-primer-345-white.webp,,cutout,portrait,alpha,
cosmos-lac-primers-346-400-ml-metal-primer-346-grey,cosmos-lac,glavna,/products/cosmos-lac/primers/cosmos-lac-primers-346-400-ml-metal-primer-346-grey.webp,,cutout,portrait,alpha,
cosmos-lac-primers-348-400-ml-metal-primer-348-black,cosmos-lac,glavna,/products/cosmos-lac/primers/cosmos-lac-primers-348-400-ml-metal-primer-348-black.webp,,cutout,portrait,alpha,
cosmos-lac-primers-349-400-ml-special-metal-primer-349-white,cosmos-lac,glavna,/products/cosmos-lac/primers/cosmos-lac-primers-349-400-ml-special-metal-primer-349-white.webp,,cutout,portrait,alpha,
cosmos-lac-primers-449-400-ml-special-metal-primer-449-grey,cosmos-lac,glavna,/products/cosmos-lac/primers/cosmos-lac-primers-449-400-ml-special-metal-primer-449-grey.webp,,cutout,portrait,alpha,
cosmos-lac-putties-acrylic-putty-water-based,cosmos-lac,glavna,/products/cosmos-lac/putties/cosmos-lac-putties-acrylic-putty-water-based.webp,,cutout,square,alpha,
cosmos-lac-putties-iron-filler,cosmos-lac,glavna,/products/cosmos-lac/putties/cosmos-lac-putties-iron-filler.webp,/remastered/products/cosmos-lac/putties/cosmos-lac-putties-iron-filler.webp,cutout,landscape,alpha,
cosmos-lac-putties-marble-adhesive-filler,cosmos-lac,glavna,/products/cosmos-lac/putties/cosmos-lac-putties-marble-adhesive-filler.webp,/remastered/products/cosmos-lac/putties/cosmos-lac-putties-marble-adhesive-filler.webp,cutout,landscape,alpha,
cosmos-lac-putties-polyester-putty-fiber-filler,cosmos-lac,glavna,/products/cosmos-lac/putties/cosmos-lac-putties-polyester-putty-fiber-filler.webp,/remastered/products/cosmos-lac/putties/cosmos-lac-putties-polyester-putty-fiber-filler.webp,cutout,landscape,alpha,
cosmos-lac-putties-1-kg-fiberglass-premium-thixotropic-resin-1kg,cosmos-lac,glavna,/products/cosmos-lac/putties/cosmos-lac-putties-1-kg-fiberglass-premium-thixotropic-resin-1kg.webp,,cutout,square,alpha,
cosmos-lac-putties-5-kg-fiberglass-premium-thixotropic-resin-5kg,cosmos-lac,glavna,/products/cosmos-lac/putties/cosmos-lac-putties-5-kg-fiberglass-premium-thixotropic-resin-5kg.webp,,cutout,portrait,alpha,
cosmos-lac-ral-400-ml-500-ml-ral-brass-r310,cosmos-lac,glavna,/products/cosmos-lac/ral/cosmos-lac-ral-400-ml-500-ml-ral-brass-r310.webp,,cutout,portrait,alpha,
cosmos-lac-ral-400-ml-500-ml-ral-copper-r309,cosmos-lac,glavna,/products/cosmos-lac/ral/cosmos-lac-ral-400-ml-500-ml-ral-copper-r309.webp,,cutout,portrait,alpha,
cosmos-lac-ral-400-ml-500-ml-ral-gold-r308,cosmos-lac,glavna,/products/cosmos-lac/ral/cosmos-lac-ral-400-ml-500-ml-ral-gold-r308.webp,,cutout,portrait,alpha,
cosmos-lac-ral-400-ml-500-ml-ral-silver-r307,cosmos-lac,glavna,/products/cosmos-lac/ral/cosmos-lac-ral-400-ml-500-ml-ral-silver-r307.webp,,cutout,portrait,alpha,
cosmos-lac-ral-ral-3002-sjaj-400-ml-500-ml-ral-3002-carmine-red,cosmos-lac,glavna,/products/cosmos-lac/ral/cosmos-lac-ral-ral-3002-sjaj-400-ml-500-ml-ral-3002-carmine-red.webp,,cutout,portrait,alpha,
cosmos-lac-ral-ral-4006-sjaj-400-ml-500-ml-ral-4006-traffic-purple,cosmos-lac,glavna,/products/cosmos-lac/ral/cosmos-lac-ral-ral-4006-sjaj-400-ml-500-ml-ral-4006-traffic-purple.webp,,cutout,portrait,alpha,
cosmos-lac-ral-ral-5015-sjaj-400-ml-500-ml-ral-5015-sky-blue,cosmos-lac,glavna,/products/cosmos-lac/ral/cosmos-lac-ral-ral-5015-sjaj-400-ml-500-ml-ral-5015-sky-blue.webp,,cutout,portrait,alpha,
cosmos-lac-ral-ral-7015-sjaj-400-ml-500-ml-ral-7015-slate-grey,cosmos-lac,glavna,/products/cosmos-lac/ral/cosmos-lac-ral-ral-7015-sjaj-400-ml-500-ml-ral-7015-slate-grey.webp,,cutout,portrait,alpha,
cosmos-lac-ral-ral-8014-sjaj-400-ml-500-ml-ral-8014-sepia-brown,cosmos-lac,glavna,/products/cosmos-lac/ral/cosmos-lac-ral-ral-8014-sjaj-400-ml-500-ml-ral-8014-sepia-brown.webp,,cutout,portrait,alpha,
cosmos-lac-ral-cl-301-ral-9010-mat-400-ml-500-ml-ral-9010-matt-white,cosmos-lac,glavna,/products/cosmos-lac/ral/cosmos-lac-ral-cl-301-ral-9010-mat-400-ml-500-ml-ral-9010-matt-white.webp,,cutout,portrait,alpha,
cosmos-lac-ral-cl-301-ral-9010-sjaj-400-ml-500-ml-ral-9010-gloss-white,cosmos-lac,glavna,/products/cosmos-lac/ral/cosmos-lac-ral-cl-301-ral-9010-sjaj-400-ml-500-ml-ral-9010-gloss-white.webp,,cutout,portrait,alpha,
cosmos-lac-ral-cl-302-ral-1014-sjaj-400-ml-500-ml-ral-1014-ivory,cosmos-lac,glavna,/products/cosmos-lac/ral/cosmos-lac-ral-cl-302-ral-1014-sjaj-400-ml-500-ml-ral-1014-ivory.webp,,cutout,portrait,alpha,
cosmos-lac-ral-cl-304-ral-9005-mat-400-ml-500-ml-ral-9005-matt-black,cosmos-lac,glavna,/products/cosmos-lac/ral/cosmos-lac-ral-cl-304-ral-9005-mat-400-ml-500-ml-ral-9005-matt-black.webp,,cutout,portrait,alpha,
cosmos-lac-ral-cl-304-ral-9005-polusjaj-400-ml-500-ml-ral-9005-semigloss-black,cosmos-lac,glavna,/products/cosmos-lac/ral/cosmos-lac-ral-cl-304-ral-9005-polusjaj-400-ml-500-ml-ral-9005-semigloss-black.webp,,cutout,portrait,alpha,
cosmos-lac-ral-cl-304-ral-9005-sjaj-400-ml-500-ml-ral-9005-gloss-black,cosmos-lac,glavna,/products/cosmos-lac/ral/cosmos-lac-ral-cl-304-ral-9005-sjaj-400-ml-500-ml-ral-9005-gloss-black.webp,,cutout,portrait,alpha,
cosmos-lac-ral-cl-305-ral-7011-sjaj-400-ml-500-ml-ral-7011-iron-grey,cosmos-lac,glavna,/products/cosmos-lac/ral/cosmos-lac-ral-cl-305-ral-7011-sjaj-400-ml-500-ml-ral-7011-iron-grey.webp,,cutout,portrait,alpha,
cosmos-lac-ral-cl-306-ral-7042-sjaj-400-ml-500-ml-ral-7042-traffic-grey-a,cosmos-lac,glavna,/products/cosmos-lac/ral/cosmos-lac-ral-cl-306-ral-7042-sjaj-400-ml-500-ml-ral-7042-traffic-grey-a.webp,,cutout,portrait,alpha,
cosmos-lac-ral-cl-311-ral-3003-sjaj-400-ml-500-ml-ral-3003-ruby-red,cosmos-lac,glavna,/products/cosmos-lac/ral/cosmos-lac-ral-cl-311-ral-3003-sjaj-400-ml-500-ml-ral-3003-ruby-red.webp,,cutout,portrait,alpha,
cosmos-lac-ral-cl-312-ral-3020-sjaj-400-ml-500-ml-ral-3020-traffic-red,cosmos-lac,glavna,/products/cosmos-lac/ral/cosmos-lac-ral-cl-312-ral-3020-sjaj-400-ml-500-ml-ral-3020-traffic-red.webp,,cutout,portrait,alpha,
cosmos-lac-ral-cl-313-ral-1018-sjaj-400-ml-500-ml-ral-1018-zinc-yellow,cosmos-lac,glavna,/products/cosmos-lac/ral/cosmos-lac-ral-cl-313-ral-1018-sjaj-400-ml-500-ml-ral-1018-zinc-yellow.webp,,cutout,portrait,alpha,
cosmos-lac-ral-cl-314-ral-6005-sjaj-400-ml-500-ml-ral-6005-moss-green,cosmos-lac,glavna,/products/cosmos-lac/ral/cosmos-lac-ral-cl-314-ral-6005-sjaj-400-ml-500-ml-ral-6005-moss-green.webp,,cutout,portrait,alpha,
cosmos-lac-ral-cl-315-ral-8011-sjaj-400-ml-500-ml-ral-8011-nut-brown,cosmos-lac,glavna,/products/cosmos-lac/ral/cosmos-lac-ral-cl-315-ral-8011-sjaj-400-ml-500-ml-ral-8011-nut-brown.webp,,cutout,portrait,alpha,
cosmos-lac-ral-cl-316-ral-5010-sjaj-400-ml-500-ml-ral-5010-gentian-blue,cosmos-lac,glavna,/products/cosmos-lac/ral/cosmos-lac-ral-cl-316-ral-5010-sjaj-400-ml-500-ml-ral-5010-gentian-blue.webp,,cutout,portrait,alpha,
cosmos-lac-ral-cl-317-ral-5012-sjaj-400-ml-500-ml-ral-5012-light-blue,cosmos-lac,glavna,/products/cosmos-lac/ral/cosmos-lac-ral-cl-317-ral-5012-sjaj-400-ml-500-ml-ral-5012-light-blue.webp,,cutout,portrait,alpha,
cosmos-lac-ral-cl-318-ral-8017-sjaj-400-ml-500-ml-ral-8017-chocolate-brown,cosmos-lac,glavna,/products/cosmos-lac/ral/cosmos-lac-ral-cl-318-ral-8017-sjaj-400-ml-500-ml-ral-8017-chocolate-brown.webp,,cutout,portrait,alpha,
cosmos-lac-ral-cl-319-ral-7035-sjaj-400-ml-500-ml-ral-7035-light-grey,cosmos-lac,glavna,/products/cosmos-lac/ral/cosmos-lac-ral-cl-319-ral-7035-sjaj-400-ml-500-ml-ral-7035-light-grey.webp,,cutout,portrait,alpha,
cosmos-lac-ral-cl-320-ral-1028-sjaj-400-ml-500-ml-ral-1028-melon-yellow,cosmos-lac,glavna,/products/cosmos-lac/ral/cosmos-lac-ral-cl-320-ral-1028-sjaj-400-ml-500-ml-ral-1028-melon-yellow.webp,,cutout,portrait,alpha,
cosmos-lac-ral-cl-321-ral-1007-sjaj-400-ml-500-ml-ral-1007-daffodil-yellow,cosmos-lac,glavna,/products/cosmos-lac/ral/cosmos-lac-ral-cl-321-ral-1007-sjaj-400-ml-500-ml-ral-1007-daffodil-yellow.webp,,cutout,portrait,alpha,
cosmos-lac-ral-cl-322-ral-7016-sjaj-400-ml-500-ml-ral-7016-anthracite-grey,cosmos-lac,glavna,/products/cosmos-lac/ral/cosmos-lac-ral-cl-322-ral-7016-sjaj-400-ml-500-ml-ral-7016-anthracite-grey.webp,,cutout,portrait,alpha,
cosmos-lac-ral-cl-324-ral-8003-sjaj-400-ml-500-ml-ral-8003-clay-brown,cosmos-lac,glavna,/products/cosmos-lac/ral/cosmos-lac-ral-cl-324-ral-8003-sjaj-400-ml-500-ml-ral-8003-clay-brown.webp,,cutout,portrait,alpha,
cosmos-lac-ral-cl-325-ral-3009-sjaj-400-ml-500-ml-ral-3009-oxide-red,cosmos-lac,glavna,/products/cosmos-lac/ral/cosmos-lac-ral-cl-325-ral-3009-sjaj-400-ml-500-ml-ral-3009-oxide-red.webp,,cutout,portrait,alpha,
cosmos-lac-ral-cl-329-ral-2003-sjaj-400-ml-500-ml-ral-2003-pastel-orange,cosmos-lac,glavna,/products/cosmos-lac/ral/cosmos-lac-ral-cl-329-ral-2003-sjaj-400-ml-500-ml-ral-2003-pastel-orange.webp,,cutout,portrait,alpha,
cosmos-lac-ral-cl-330-ral-3000-sjaj-400-ml-500-ml-ral-3000-flame-red,cosmos-lac,glavna,/products/cosmos-lac/ral/cosmos-lac-ral-cl-330-ral-3000-sjaj-400-ml-500-ml-ral-3000-flame-red.webp,,cutout,portrait,alpha,
cosmos-lac-ral-cl-331-ral-2010-sjaj-400-ml-500-ml-ral-2010-signal-orange,cosmos-lac,glavna,/products/cosmos-lac/ral/cosmos-lac-ral-cl-331-ral-2010-sjaj-400-ml-500-ml-ral-2010-signal-orange.webp,,cutout,portrait,alpha,
cosmos-lac-ral-cl-341-ral-5017-sjaj-400-ml-500-ml-ral-5017-traffic-blue,cosmos-lac,glavna,/products/cosmos-lac/ral/cosmos-lac-ral-cl-341-ral-5017-sjaj-400-ml-500-ml-ral-5017-traffic-blue.webp,,cutout,portrait,alpha,
cosmos-lac-ral-cl-347-ral-1015-sjaj-400-ml-500-ml-ral-1015-light-ivory,cosmos-lac,glavna,/products/cosmos-lac/ral/cosmos-lac-ral-cl-347-ral-1015-sjaj-400-ml-500-ml-ral-1015-light-ivory.webp,,cutout,portrait,alpha,
cosmos-lac-ral-cl-411-ral-7001-sjaj-400-ml-500-ml-ral-7001-silver-grey,cosmos-lac,glavna,/products/cosmos-lac/ral/cosmos-lac-ral-cl-411-ral-7001-sjaj-400-ml-500-ml-ral-7001-silver-grey.webp,,cutout,portrait,alpha,
cosmos-lac-ral-cl-412-ral-9002-sjaj-400-ml-500-ml-ral-9002-grey-white,cosmos-lac,glavna,/products/cosmos-lac/ral/cosmos-lac-ral-cl-412-ral-9002-sjaj-400-ml-500-ml-ral-9002-grey-white.webp,,cutout,portrait,alpha,
cosmos-lac-ral-cl-413-ral-5013-sjaj-400-ml-500-ml-ral-5013-cobalt-blue,cosmos-lac,glavna,/products/cosmos-lac/ral/cosmos-lac-ral-cl-413-ral-5013-sjaj-400-ml-500-ml-ral-5013-cobalt-blue.webp,,cutout,portrait,alpha,
cosmos-lac-ral-cl-414-ral-8004-sjaj-400-ml-500-ml-ral-8004-copper-brown,cosmos-lac,glavna,/products/cosmos-lac/ral/cosmos-lac-ral-cl-414-ral-8004-sjaj-400-ml-500-ml-ral-8004-copper-brown.webp,,cutout,portrait,alpha,
cosmos-lac-ral-cl-415-ral-1013-sjaj-400-ml-500-ml-ral-1013-oyster-white,cosmos-lac,glavna,/products/cosmos-lac/ral/cosmos-lac-ral-cl-415-ral-1013-sjaj-400-ml-500-ml-ral-1013-oyster-white.webp,,cutout,portrait,alpha,
cosmos-lac-ral-cl-416-ral-8016-sjaj-400-ml-500-ml-ral-8016-mahogany-brown,cosmos-lac,glavna,/products/cosmos-lac/ral/cosmos-lac-ral-cl-416-ral-8016-sjaj-400-ml-500-ml-ral-8016-mahogany-brown.webp,,cutout,portrait,alpha,
cosmos-lac-ral-cl-417-ral-5002-sjaj-400-ml-500-ml-ral-5002-ultramarine-blue,cosmos-lac,glavna,/products/cosmos-lac/ral/cosmos-lac-ral-cl-417-ral-5002-sjaj-400-ml-500-ml-ral-5002-ultramarine-blue.webp,,cutout,portrait,alpha,
cosmos-lac-ral-cl-418-ral-5018-sjaj-400-ml-500-ml-ral-5018-turquoise-blue,cosmos-lac,glavna,/products/cosmos-lac/ral/cosmos-lac-ral-cl-418-ral-5018-sjaj-400-ml-500-ml-ral-5018-turquoise-blue.webp,,cutout,portrait,alpha,
cosmos-lac-ral-cl-419-ral-8019-sjaj-400-ml-500-ml-ral-8019-grey-brown,cosmos-lac,glavna,/products/cosmos-lac/ral/cosmos-lac-ral-cl-419-ral-8019-sjaj-400-ml-500-ml-ral-8019-grey-brown.webp,,cutout,portrait,alpha,
cosmos-lac-ral-cl-420-ral-7021-sjaj-400-ml-500-ml-ral-7021-black-grey,cosmos-lac,glavna,/products/cosmos-lac/ral/cosmos-lac-ral-cl-420-ral-7021-sjaj-400-ml-500-ml-ral-7021-black-grey.webp,,cutout,portrait,alpha,
cosmos-lac-ral-cl-425-ral-9001-sjaj-400-ml-500-ml-ral-9001-cream,cosmos-lac,glavna,/products/cosmos-lac/ral/cosmos-lac-ral-cl-425-ral-9001-sjaj-400-ml-500-ml-ral-9001-cream.webp,,cutout,portrait,alpha,
cosmos-lac-ral-cl-426-ral-9003-sjaj-400-ml-500-ml-ral-9003-signal-white,cosmos-lac,glavna,/products/cosmos-lac/ral/cosmos-lac-ral-cl-426-ral-9003-sjaj-400-ml-500-ml-ral-9003-signal-white.webp,,cutout,portrait,alpha,
cosmos-lac-ral-cl-427-ral-9007-sjaj-400-ml-500-ml-ral-9007-grey-aluminium,cosmos-lac,glavna,/products/cosmos-lac/ral/cosmos-lac-ral-cl-427-ral-9007-sjaj-400-ml-500-ml-ral-9007-grey-aluminium.webp,,cutout,portrait,alpha,
cosmos-lac-ral-cl-428-ral-6028-sjaj-400-ml-500-ml-ral-6028-pine-green,cosmos-lac,glavna,/products/cosmos-lac/ral/cosmos-lac-ral-cl-428-ral-6028-sjaj-400-ml-500-ml-ral-6028-pine-green.webp,,cutout,portrait,alpha,
cosmos-lac-ral-cl-453-ral-1023-sjaj-400-ml-500-ml-ral-1023-traffic-yellow,cosmos-lac,glavna,/products/cosmos-lac/ral/cosmos-lac-ral-cl-453-ral-1023-sjaj-400-ml-500-ml-ral-1023-traffic-yellow.webp,,cutout,portrait,alpha,
cosmos-lac-ral-cl-455-ral-6009-sjaj-400-ml-500-ml-ral-6009-fir-green,cosmos-lac,glavna,/products/cosmos-lac/ral/cosmos-lac-ral-cl-455-ral-6009-sjaj-400-ml-500-ml-ral-6009-fir-green.webp,,cutout,portrait,alpha,
cosmos-lac-ral-cl-460-ral-6002-sjaj-400-ml-500-ml-ral-6002-leaf-green,cosmos-lac,glavna,/products/cosmos-lac/ral/cosmos-lac-ral-cl-460-ral-6002-sjaj-400-ml-500-ml-ral-6002-leaf-green.webp,,cutout,portrait,alpha,
cosmos-lac-ral-cl-462-ral-6001-sjaj-400-ml-500-ml-ral-6001-emerald-green,cosmos-lac,glavna,/products/cosmos-lac/ral/cosmos-lac-ral-cl-462-ral-6001-sjaj-400-ml-500-ml-ral-6001-emerald-green.webp,,cutout,portrait,alpha,
cosmos-lac-ral-cl-463-ral-6018-sjaj-400-ml-500-ml-ral-6018-yellow-green,cosmos-lac,glavna,/products/cosmos-lac/ral/cosmos-lac-ral-cl-463-ral-6018-sjaj-400-ml-500-ml-ral-6018-yellow-green.webp,,cutout,portrait,alpha,
cosmos-lac-ral-cl-464-ral-3004-sjaj-400-ml-500-ml-ral-3004-purple-red,cosmos-lac,glavna,/products/cosmos-lac/ral/cosmos-lac-ral-cl-464-ral-3004-sjaj-400-ml-500-ml-ral-3004-purple-red.webp,,cutout,portrait,alpha,
cosmos-lac-ral-cl-465-ral-3015-sjaj-400-ml-500-ml-ral-3015-light-pink,cosmos-lac,glavna,/products/cosmos-lac/ral/cosmos-lac-ral-cl-465-ral-3015-sjaj-400-ml-500-ml-ral-3015-light-pink.webp,,cutout,portrait,alpha,
cosmos-lac-ral-cl-466-ral-8000-sjaj-400-ml-500-ml-ral-8000-green-brown,cosmos-lac,glavna,/products/cosmos-lac/ral/cosmos-lac-ral-cl-466-ral-8000-sjaj-400-ml-500-ml-ral-8000-green-brown.webp,,cutout,portrait,alpha,
cosmos-lac-ral-cl-468-ral-4003-sjaj-400-ml-500-ml-ral-4003-heather-violet,cosmos-lac,glavna,/products/cosmos-lac/ral/cosmos-lac-ral-cl-468-ral-4003-sjaj-400-ml-500-ml-ral-4003-heather-violet.webp,,cutout,portrait,alpha,
cosmos-lac-ral-cl-469-ral-4005-sjaj-400-ml-500-ml-ral-4005-blue-lilac,cosmos-lac,glavna,/products/cosmos-lac/ral/cosmos-lac-ral-cl-469-ral-4005-sjaj-400-ml-500-ml-ral-4005-blue-lilac.webp,,cutout,portrait,alpha,
cosmos-lac-sealer-260-400-ml-sealer-260-black,cosmos-lac,glavna,/products/cosmos-lac/sealer/cosmos-lac-sealer-260-400-ml-sealer-260-black.webp,,cutout,portrait,alpha,
cosmos-lac-sealer-261-400-ml-sealer-261-grey,cosmos-lac,glavna,/products/cosmos-lac/sealer/cosmos-lac-sealer-261-400-ml-sealer-261-grey.webp,,cutout,portrait,alpha,
cosmos-lac-sealer-262-400-ml-sealer-262-white,cosmos-lac,glavna,/products/cosmos-lac/sealer/cosmos-lac-sealer-262-400-ml-sealer-262-white.webp,,cutout,portrait,alpha,
cosmos-lac-sealer-263-400-ml-sealer-263-brick-red,cosmos-lac,glavna,/products/cosmos-lac/sealer/cosmos-lac-sealer-263-400-ml-sealer-263-brick-red.webp,,cutout,portrait,alpha,
cosmos-lac-spray-bike-400-ml-spray-bike-cobweb-black,cosmos-lac,glavna,/products/cosmos-lac/spray-bike/cosmos-lac-spray-bike-400-ml-spray-bike-cobweb-black.webp,,cutout,portrait,alpha,
cosmos-lac-spray-bike-400-ml-spray-bike-cobweb-celadon,cosmos-lac,glavna,/products/cosmos-lac/spray-bike/cosmos-lac-spray-bike-400-ml-spray-bike-cobweb-celadon.webp,,cutout,portrait,alpha,
cosmos-lac-spray-bike-400-ml-spray-bike-cobweb-gold,cosmos-lac,glavna,/products/cosmos-lac/spray-bike/cosmos-lac-spray-bike-400-ml-spray-bike-cobweb-gold.webp,,cutout,portrait,alpha,
cosmos-lac-spray-bike-400-ml-spray-bike-cobweb-silver,cosmos-lac,glavna,/products/cosmos-lac/spray-bike/cosmos-lac-spray-bike-400-ml-spray-bike-cobweb-silver.webp,,cutout,portrait,alpha,
cosmos-lac-spray-bike-400-ml-spray-bike-cobweb-white,cosmos-lac,glavna,/products/cosmos-lac/spray-bike/cosmos-lac-spray-bike-400-ml-spray-bike-cobweb-white.webp,,cutout,portrait,alpha,
cosmos-lac-spray-bike-100-400-ml-spray-bike-london-collection-100-blackfriars,cosmos-lac,glavna,/products/cosmos-lac/spray-bike/cosmos-lac-spray-bike-100-400-ml-spray-bike-london-collection-100-blackfriars.webp,,cutout,portrait,alpha,
cosmos-lac-spray-bike-101-400-ml-spray-bike-london-collection-101-whitechapel,cosmos-lac,glavna,/products/cosmos-lac/spray-bike/cosmos-lac-spray-bike-101-400-ml-spray-bike-london-collection-101-whitechapel.webp,,cutout,portrait,alpha,
cosmos-lac-spray-bike-102-400-ml-spray-bike-london-collection-102-chalk-farm,cosmos-lac,glavna,/products/cosmos-lac/spray-bike/cosmos-lac-spray-bike-102-400-ml-spray-bike-london-collection-102-chalk-farm.webp,,cutout,portrait,alpha,
cosmos-lac-spray-bike-103-400-ml-spray-bike-london-collection-103-primrose-hill,cosmos-lac,glavna,/products/cosmos-lac/spray-bike/cosmos-lac-spray-bike-103-400-ml-spray-bike-london-collection-103-primrose-hill.webp,,cutout,portrait,alpha,
cosmos-lac-spray-bike-104-400-ml-spray-bike-london-collection-104-goldhawk-road,cosmos-lac,glavna,/products/cosmos-lac/spray-bike/cosmos-lac-spray-bike-104-400-ml-spray-bike-london-collection-104-goldhawk-road.webp,,cutout,portrait,alpha,
cosmos-lac-spray-bike-105-400-ml-spray-bike-london-collection-105-sands-end,cosmos-lac,glavna,/products/cosmos-lac/spray-bike/cosmos-lac-spray-bike-105-400-ml-spray-bike-london-collection-105-sands-end.webp,,cutout,portrait,alpha,
cosmos-lac-spray-bike-106-400-ml-spray-bike-london-collection-106-whetstone,cosmos-lac,glavna,/products/cosmos-lac/spray-bike/cosmos-lac-spray-bike-106-400-ml-spray-bike-london-collection-106-whetstone.webp,,cutout,portrait,alpha,
cosmos-lac-spray-bike-107-400-ml-spray-bike-london-collection-107-royal-oak,cosmos-lac,glavna,/products/cosmos-lac/spray-bike/cosmos-lac-spray-bike-107-400-ml-spray-bike-london-collection-107-royal-oak.webp,,cutout,portrait,alpha,
cosmos-lac-spray-bike-108-400-ml-spray-bike-london-collection-108-bethnal-green,cosmos-lac,glavna,/products/cosmos-lac/spray-bike/cosmos-lac-spray-bike-108-400-ml-spray-bike-london-collection-108-bethnal-green.webp,,cutout,portrait,alpha,
cosmos-lac-spray-bike-109-400-ml-spray-bike-london-collection-109-limehouse,cosmos-lac,glavna,/products/cosmos-lac/spray-bike/cosmos-lac-spray-bike-109-400-ml-spray-bike-london-collection-109-limehouse.webp,,cutout,portrait,alpha,
cosmos-lac-spray-bike-110-400-ml-spray-bike-london-collection-110-parsons-green,cosmos-lac,glavna,/products/cosmos-lac/spray-bike/cosmos-lac-spray-bike-110-400-ml-spray-bike-london-collection-110-parsons-green.webp,,cutout,portrait,alpha,
cosmos-lac-spray-bike-111-400-ml-spray-bike-london-collection-111-greenwich,cosmos-lac,glavna,/products/cosmos-lac/spray-bike/cosmos-lac-spray-bike-111-400-ml-spray-bike-london-collection-111-greenwich.webp,,cutout,portrait,alpha,
cosmos-lac-spray-bike-112-400-ml-spray-bike-london-collection-112-coldharbour-lane,cosmos-lac,glavna,/products/cosmos-lac/spray-bike/cosmos-lac-spray-bike-112-400-ml-spray-bike-london-collection-112-coldharbour-lane.webp,,cutout,portrait,alpha,
cosmos-lac-spray-bike-113-400-ml-spray-bike-london-collection-113-bayswater,cosmos-lac,glavna,/products/cosmos-lac/spray-bike/cosmos-lac-spray-bike-113-400-ml-spray-bike-london-collection-113-bayswater.webp,,cutout,portrait,alpha,
cosmos-lac-spray-bike-114-400-ml-spray-bike-london-collection-114-battersea,cosmos-lac,glavna,/products/cosmos-lac/spray-bike/cosmos-lac-spray-bike-114-400-ml-spray-bike-london-collection-114-battersea.webp,,cutout,portrait,alpha,
cosmos-lac-spray-bike-115-400-ml-spray-bike-london-collection-115-plumstead,cosmos-lac,glavna,/products/cosmos-lac/spray-bike/cosmos-lac-spray-bike-115-400-ml-spray-bike-london-collection-115-plumstead.webp,,cutout,portrait,alpha,
cosmos-lac-spray-bike-116-400-ml-spray-bike-london-collection-116-salmon-lane,cosmos-lac,glavna,/products/cosmos-lac/spray-bike/cosmos-lac-spray-bike-116-400-ml-spray-bike-london-collection-116-salmon-lane.webp,,cutout,portrait,alpha,
cosmos-lac-spray-bike-117-400-ml-spray-bike-london-collection-117-strawberry-hill,cosmos-lac,glavna,/products/cosmos-lac/spray-bike/cosmos-lac-spray-bike-117-400-ml-spray-bike-london-collection-117-strawberry-hill.webp,,cutout,portrait,alpha,
cosmos-lac-spray-bike-118-400-ml-spray-bike-london-collection-118-redbridge,cosmos-lac,glavna,/products/cosmos-lac/spray-bike/cosmos-lac-spray-bike-118-400-ml-spray-bike-london-collection-118-redbridge.webp,,cutout,portrait,alpha,
cosmos-lac-spray-bike-119-400-ml-spray-bike-london-collection-119-brick-lane,cosmos-lac,glavna,/products/cosmos-lac/spray-bike/cosmos-lac-spray-bike-119-400-ml-spray-bike-london-collection-119-brick-lane.webp,,cutout,portrait,alpha,
cosmos-lac-spray-bike-120-400-ml-spray-bike-london-collection-120-marylebone,cosmos-lac,glavna,/products/cosmos-lac/spray-bike/cosmos-lac-spray-bike-120-400-ml-spray-bike-london-collection-120-marylebone.webp,,cutout,portrait,alpha,
cosmos-lac-spray-bike-121-400-ml-spray-bike-london-collection-121-clay-hill,cosmos-lac,glavna,/products/cosmos-lac/spray-bike/cosmos-lac-spray-bike-121-400-ml-spray-bike-london-collection-121-clay-hill.webp,,cutout,portrait,alpha,
cosmos-lac-spray-bike-122-400-ml-spray-bike-london-collection-122-silvertown,cosmos-lac,glavna,/products/cosmos-lac/spray-bike/cosmos-lac-spray-bike-122-400-ml-spray-bike-london-collection-122-silvertown.webp,,cutout,portrait,alpha,
cosmos-lac-spray-bike-123-400-ml-spray-bike-london-collection-123-gray-s-inn,cosmos-lac,glavna,/products/cosmos-lac/spray-bike/cosmos-lac-spray-bike-123-400-ml-spray-bike-london-collection-123-gray-s-inn.webp,,cutout,portrait,alpha,
cosmos-lac-spray-bike-201-400-ml-spray-bike-historic-collection-201-chicago-yellow,cosmos-lac,glavna,/products/cosmos-lac/spray-bike/cosmos-lac-spray-bike-201-400-ml-spray-bike-historic-collection-201-chicago-yellow.webp,,cutout,portrait,alpha,
cosmos-lac-spray-bike-202-400-ml-spray-bike-historic-collection-202-milan-celadon-1,cosmos-lac,glavna,/products/cosmos-lac/spray-bike/cosmos-lac-spray-bike-202-400-ml-spray-bike-historic-collection-202-milan-celadon-1.webp,,cutout,portrait,alpha,
cosmos-lac-spray-bike-203-400-ml-spray-bike-historic-collection-203-milan-celadon-2,cosmos-lac,glavna,/products/cosmos-lac/spray-bike/cosmos-lac-spray-bike-203-400-ml-spray-bike-historic-collection-203-milan-celadon-2.webp,,cutout,portrait,alpha,
cosmos-lac-spray-bike-204-400-ml-spray-bike-historic-collection-204-coventry-red,cosmos-lac,glavna,/products/cosmos-lac/spray-bike/cosmos-lac-spray-bike-204-400-ml-spray-bike-historic-collection-204-coventry-red.webp,,cutout,portrait,alpha,
cosmos-lac-spray-bike-205-400-ml-spray-bike-historic-collection-205-meise-orange,cosmos-lac,glavna,/products/cosmos-lac/spray-bike/cosmos-lac-spray-bike-205-400-ml-spray-bike-historic-collection-205-meise-orange.webp,,cutout,portrait,alpha,
cosmos-lac-spray-bike-206-400-ml-spray-bike-historic-collection-206-milan-blue,cosmos-lac,glavna,/products/cosmos-lac/spray-bike/cosmos-lac-spray-bike-206-400-ml-spray-bike-historic-collection-206-milan-blue.webp,,cutout,portrait,alpha,
cosmos-lac-spray-bike-221-400-ml-spray-bike-vintage-collection-221-bradbury,cosmos-lac,glavna,/products/cosmos-lac/spray-bike/cosmos-lac-spray-bike-221-400-ml-spray-bike-vintage-collection-221-bradbury.webp,,cutout,portrait,alpha,
cosmos-lac-spray-bike-222-400-ml-spray-bike-vintage-collection-222-hercules,cosmos-lac,glavna,/products/cosmos-lac/spray-bike/cosmos-lac-spray-bike-222-400-ml-spray-bike-vintage-collection-222-hercules.webp,,cutout,portrait,alpha,
cosmos-lac-spray-bike-223-400-ml-spray-bike-vintage-collection-223-humber,cosmos-lac,glavna,/products/cosmos-lac/spray-bike/cosmos-lac-spray-bike-223-400-ml-spray-bike-vintage-collection-223-humber.webp,,cutout,portrait,alpha,
cosmos-lac-spray-bike-224-400-ml-spray-bike-vintage-collection-224-excelsior,cosmos-lac,glavna,/products/cosmos-lac/spray-bike/cosmos-lac-spray-bike-224-400-ml-spray-bike-vintage-collection-224-excelsior.webp,,cutout,portrait,alpha,
cosmos-lac-spray-bike-225-400-ml-spray-bike-vintage-collection-225-eagle,cosmos-lac,glavna,/products/cosmos-lac/spray-bike/cosmos-lac-spray-bike-225-400-ml-spray-bike-vintage-collection-225-eagle.webp,,cutout,portrait,alpha,
cosmos-lac-spray-bike-226-400-ml-spray-bike-vintage-collection-226-calcott,cosmos-lac,glavna,/products/cosmos-lac/spray-bike/cosmos-lac-spray-bike-226-400-ml-spray-bike-vintage-collection-226-calcott.webp,,cutout,portrait,alpha,
cosmos-lac-spray-bike-227-400-ml-spray-bike-vintage-collection-227-perry,cosmos-lac,glavna,/products/cosmos-lac/spray-bike/cosmos-lac-spray-bike-227-400-ml-spray-bike-vintage-collection-227-perry.webp,,cutout,portrait,alpha,
cosmos-lac-spray-bike-228-400-ml-spray-bike-vintage-collection-228-warrick,cosmos-lac,glavna,/products/cosmos-lac/spray-bike/cosmos-lac-spray-bike-228-400-ml-spray-bike-vintage-collection-228-warrick.webp,,cutout,portrait,alpha,
cosmos-lac-spray-bike-229-400-ml-spray-bike-vintage-collection-229-ariel,cosmos-lac,glavna,/products/cosmos-lac/spray-bike/cosmos-lac-spray-bike-229-400-ml-spray-bike-vintage-collection-229-ariel.webp,,cutout,portrait,alpha,
cosmos-lac-spray-bike-230-400-ml-spray-bike-vintage-collection-230-elswick,cosmos-lac,glavna,/products/cosmos-lac/spray-bike/cosmos-lac-spray-bike-230-400-ml-spray-bike-vintage-collection-230-elswick.webp,,cutout,portrait,alpha,
cosmos-lac-spray-bike-231-400-ml-spray-bike-vintage-collection-231-rudge,cosmos-lac,glavna,/products/cosmos-lac/spray-bike/cosmos-lac-spray-bike-231-400-ml-spray-bike-vintage-collection-231-rudge.webp,,cutout,portrait,alpha,
cosmos-lac-spray-bike-232-400-ml-spray-bike-vintage-collection-232-carlton,cosmos-lac,glavna,/products/cosmos-lac/spray-bike/cosmos-lac-spray-bike-232-400-ml-spray-bike-vintage-collection-232-carlton.webp,,cutout,portrait,alpha,
cosmos-lac-spray-bike-241-400-ml-spray-bike-pop-collection-241-bomber,cosmos-lac,glavna,/products/cosmos-lac/spray-bike/cosmos-lac-spray-bike-241-400-ml-spray-bike-pop-collection-241-bomber.webp,,cutout,portrait,alpha,
cosmos-lac-spray-bike-242-400-ml-spray-bike-pop-collection-242-memphis,cosmos-lac,glavna,/products/cosmos-lac/spray-bike/cosmos-lac-spray-bike-242-400-ml-spray-bike-pop-collection-242-memphis.webp,,cutout,portrait,alpha,
cosmos-lac-spray-bike-243-400-ml-spray-bike-pop-collection-243-superbe,cosmos-lac,glavna,/products/cosmos-lac/spray-bike/cosmos-lac-spray-bike-243-400-ml-spray-bike-pop-collection-243-superbe.webp,,cutout,portrait,alpha,
cosmos-lac-spray-bike-244-400-ml-spray-bike-pop-collection-244-mustang,cosmos-lac,glavna,/products/cosmos-lac/spray-bike/cosmos-lac-spray-bike-244-400-ml-spray-bike-pop-collection-244-mustang.webp,,cutout,portrait,alpha,
cosmos-lac-spray-bike-245-400-ml-spray-bike-pop-collection-245-grifter,cosmos-lac,glavna,/products/cosmos-lac/spray-bike/cosmos-lac-spray-bike-245-400-ml-spray-bike-pop-collection-245-grifter.webp,,cutout,portrait,alpha,
cosmos-lac-spray-bike-246-400-ml-spray-bike-pop-collection-246-quasar,cosmos-lac,glavna,/products/cosmos-lac/spray-bike/cosmos-lac-spray-bike-246-400-ml-spray-bike-pop-collection-246-quasar.webp,,cutout,portrait,alpha,
cosmos-lac-spray-bike-247-400-ml-spray-bike-pop-collection-247-winkie,cosmos-lac,glavna,/products/cosmos-lac/spray-bike/cosmos-lac-spray-bike-247-400-ml-spray-bike-pop-collection-247-winkie.webp,,cutout,portrait,alpha,
cosmos-lac-spray-bike-248-400-ml-spray-bike-pop-collection-248-mirage,cosmos-lac,glavna,/products/cosmos-lac/spray-bike/cosmos-lac-spray-bike-248-400-ml-spray-bike-pop-collection-248-mirage.webp,,cutout,portrait,alpha,
cosmos-lac-spray-bike-249-400-ml-spray-bike-pop-collection-249-riviera,cosmos-lac,glavna,/products/cosmos-lac/spray-bike/cosmos-lac-spray-bike-249-400-ml-spray-bike-pop-collection-249-riviera.webp,,cutout,portrait,alpha,
cosmos-lac-spray-bike-250-400-ml-spray-bike-pop-collection-250-royale,cosmos-lac,glavna,/products/cosmos-lac/spray-bike/cosmos-lac-spray-bike-250-400-ml-spray-bike-pop-collection-250-royale.webp,,cutout,portrait,alpha,
cosmos-lac-spray-bike-251-400-ml-spray-bike-pop-collection-251-misty,cosmos-lac,glavna,/products/cosmos-lac/spray-bike/cosmos-lac-spray-bike-251-400-ml-spray-bike-pop-collection-251-misty.webp,,cutout,portrait,alpha,
cosmos-lac-spray-bike-252-400-ml-spray-bike-pop-collection-252-calypso,cosmos-lac,glavna,/products/cosmos-lac/spray-bike/cosmos-lac-spray-bike-252-400-ml-spray-bike-pop-collection-252-calypso.webp,,cutout,portrait,alpha,
cosmos-lac-spray-bike-261-400-ml-spray-bike-fluorescent-collection-261-fluro-light-blue,cosmos-lac,glavna,/products/cosmos-lac/spray-bike/cosmos-lac-spray-bike-261-400-ml-spray-bike-fluorescent-collection-261-fluro-light-blue.webp,,cutout,portrait,alpha,
cosmos-lac-spray-bike-262-400-ml-spray-bike-fluorescent-collection-262-fluro-green,cosmos-lac,glavna,/products/cosmos-lac/spray-bike/cosmos-lac-spray-bike-262-400-ml-spray-bike-fluorescent-collection-262-fluro-green.webp,,cutout,portrait,alpha,
cosmos-lac-spray-bike-263-400-ml-spray-bike-fluorescent-collection-263-fluro-orange,cosmos-lac,glavna,/products/cosmos-lac/spray-bike/cosmos-lac-spray-bike-263-400-ml-spray-bike-fluorescent-collection-263-fluro-orange.webp,,cutout,portrait,alpha,
cosmos-lac-spray-bike-264-400-ml-spray-bike-fluorescent-collection-264-fluro-pink,cosmos-lac,glavna,/products/cosmos-lac/spray-bike/cosmos-lac-spray-bike-264-400-ml-spray-bike-fluorescent-collection-264-fluro-pink.webp,,cutout,portrait,alpha,
cosmos-lac-spray-bike-265-400-ml-spray-bike-fluorescent-collection-265-fluro-magenta,cosmos-lac,glavna,/products/cosmos-lac/spray-bike/cosmos-lac-spray-bike-265-400-ml-spray-bike-fluorescent-collection-265-fluro-magenta.webp,,cutout,portrait,alpha,
cosmos-lac-spray-bike-266-400-ml-spray-bike-fluorescent-collection-266-fluro-yellow,cosmos-lac,glavna,/products/cosmos-lac/spray-bike/cosmos-lac-spray-bike-266-400-ml-spray-bike-fluorescent-collection-266-fluro-yellow.webp,,cutout,portrait,alpha,
cosmos-lac-spray-bike-267-400-ml-spray-bike-nightshade-collection-267-raven-grey,cosmos-lac,glavna,/products/cosmos-lac/spray-bike/cosmos-lac-spray-bike-267-400-ml-spray-bike-nightshade-collection-267-raven-grey.webp,,cutout,portrait,alpha,
cosmos-lac-spray-bike-268-400-ml-spray-bike-nightshade-collection-268-elderberry,cosmos-lac,glavna,/products/cosmos-lac/spray-bike/cosmos-lac-spray-bike-268-400-ml-spray-bike-nightshade-collection-268-elderberry.webp,,cutout,portrait,alpha,
cosmos-lac-spray-bike-269-400-ml-spray-bike-nightshade-collection-269-moorland,cosmos-lac,glavna,/products/cosmos-lac/spray-bike/cosmos-lac-spray-bike-269-400-ml-spray-bike-nightshade-collection-269-moorland.webp,,cutout,portrait,alpha,
cosmos-lac-spray-bike-270-400-ml-spray-bike-nightshade-collection-270-storm,cosmos-lac,glavna,/products/cosmos-lac/spray-bike/cosmos-lac-spray-bike-270-400-ml-spray-bike-nightshade-collection-270-storm.webp,,cutout,portrait,alpha,
cosmos-lac-spray-bike-271-400-ml-spray-bike-nightshade-collection-271-black-cherry,cosmos-lac,glavna,/products/cosmos-lac/spray-bike/cosmos-lac-spray-bike-271-400-ml-spray-bike-nightshade-collection-271-black-cherry.webp,,cutout,portrait,alpha,
cosmos-lac-spray-bike-272-400-ml-spray-bike-nightshade-collection-272-peacock,cosmos-lac,glavna,/products/cosmos-lac/spray-bike/cosmos-lac-spray-bike-272-400-ml-spray-bike-nightshade-collection-272-peacock.webp,,cutout,portrait,alpha,
cosmos-lac-spray-bike-400-sjaj-400-ml-spray-bike-frame-builder-s-400-transparent-finish-gloss,cosmos-lac,glavna,/products/cosmos-lac/spray-bike/cosmos-lac-spray-bike-400-sjaj-400-ml-spray-bike-frame-builder-s-400-transparent-finish-gloss.webp,,cutout,portrait,alpha,
cosmos-lac-spray-bike-401-mat-400-ml-spray-bike-frame-builder-s-401-transparent-finish-matte,cosmos-lac,glavna,/products/cosmos-lac/spray-bike/cosmos-lac-spray-bike-401-mat-400-ml-spray-bike-frame-builder-s-401-transparent-finish-matte.webp,,cutout,portrait,alpha,
cosmos-lac-spray-bike-410-400-ml-spray-bike-frame-builder-s-410-frame-builder-s-putty,cosmos-lac,glavna,/products/cosmos-lac/spray-bike/cosmos-lac-spray-bike-410-400-ml-spray-bike-frame-builder-s-410-frame-builder-s-putty.webp,,cutout,portrait,alpha,
cosmos-lac-spray-bike-420-400-ml-spray-bike-frame-builder-s-420-carbon-primer,cosmos-lac,glavna,/products/cosmos-lac/spray-bike/cosmos-lac-spray-bike-420-400-ml-spray-bike-frame-builder-s-420-carbon-primer.webp,,cutout,portrait,alpha,
cosmos-lac-spray-bike-430-400-ml-spray-bike-frame-builder-s-430-metal-primer,cosmos-lac,glavna,/products/cosmos-lac/spray-bike/cosmos-lac-spray-bike-430-400-ml-spray-bike-frame-builder-s-430-metal-primer.webp,,cutout,portrait,alpha,
cosmos-lac-spray-bike-440-400-ml-spray-bike-frame-builder-s-440-cold-zinc,cosmos-lac,glavna,/products/cosmos-lac/spray-bike/cosmos-lac-spray-bike-440-400-ml-spray-bike-frame-builder-s-440-cold-zinc.webp,,cutout,portrait,alpha,
cosmos-lac-spray-bike-450-400-ml-spray-bike-frame-builder-s-450-top-wax,cosmos-lac,glavna,/products/cosmos-lac/spray-bike/cosmos-lac-spray-bike-450-400-ml-spray-bike-frame-builder-s-450-top-wax.webp,,cutout,portrait,alpha,
cosmos-lac-spray-bike-460-400-ml-spray-bike-frame-builder-s-460-metal-plating-copper,cosmos-lac,glavna,/products/cosmos-lac/spray-bike/cosmos-lac-spray-bike-460-400-ml-spray-bike-frame-builder-s-460-metal-plating-copper.webp,,cutout,portrait,alpha,
cosmos-lac-spray-bike-461-400-ml-spray-bike-frame-builder-s-461-metal-plating-bronze-gold,cosmos-lac,glavna,/products/cosmos-lac/spray-bike/cosmos-lac-spray-bike-461-400-ml-spray-bike-frame-builder-s-461-metal-plating-bronze-gold.webp,,cutout,portrait,alpha,
cosmos-lac-spray-bike-462-400-ml-spray-bike-frame-builder-s-462-metal-plating-brass-gold,cosmos-lac,glavna,/products/cosmos-lac/spray-bike/cosmos-lac-spray-bike-462-400-ml-spray-bike-frame-builder-s-462-metal-plating-brass-gold.webp,,cutout,portrait,alpha,
cosmos-lac-spray-bike-463-400-ml-spray-bike-frame-builder-s-463-metal-plating-pewter-silver,cosmos-lac,glavna,/products/cosmos-lac/spray-bike/cosmos-lac-spray-bike-463-400-ml-spray-bike-frame-builder-s-463-metal-plating-pewter-silver.webp,,cutout,portrait,alpha,
cosmos-lac-spray-bike-601-400-ml-spray-bike-keirin-collection-601-keirin-flake-gold,cosmos-lac,glavna,/products/cosmos-lac/spray-bike/cosmos-lac-spray-bike-601-400-ml-spray-bike-keirin-collection-601-keirin-flake-gold.webp,,cutout,portrait,alpha,
cosmos-lac-spray-bike-602-400-ml-spray-bike-keirin-collection-602-keirin-flake-silver,cosmos-lac,glavna,/products/cosmos-lac/spray-bike/cosmos-lac-spray-bike-602-400-ml-spray-bike-keirin-collection-602-keirin-flake-silver.webp,,cutout,portrait,alpha,
cosmos-lac-spray-bike-603-400-ml-spray-bike-keirin-collection-603-keirin-flake-red,cosmos-lac,glavna,/products/cosmos-lac/spray-bike/cosmos-lac-spray-bike-603-400-ml-spray-bike-keirin-collection-603-keirin-flake-red.webp,,cutout,portrait,alpha,
cosmos-lac-spray-bike-604-400-ml-spray-bike-keirin-collection-604-keirin-flake-blue,cosmos-lac,glavna,/products/cosmos-lac/spray-bike/cosmos-lac-spray-bike-604-400-ml-spray-bike-keirin-collection-604-keirin-flake-blue.webp,,cutout,portrait,alpha,
cosmos-lac-spray-bike-605-400-ml-spray-bike-keirin-collection-605-keirin-flake-green,cosmos-lac,glavna,/products/cosmos-lac/spray-bike/cosmos-lac-spray-bike-605-400-ml-spray-bike-keirin-collection-605-keirin-flake-green.webp,,cutout,portrait,alpha,
cosmos-lac-spray-bike-606-400-ml-spray-bike-keirin-collection-606-keirin-flake-multi,cosmos-lac,glavna,/products/cosmos-lac/spray-bike/cosmos-lac-spray-bike-606-400-ml-spray-bike-keirin-collection-606-keirin-flake-multi.webp,,cutout,portrait,alpha,
cosmos-lac-varnishes-370-providna-400-ml-metal-varnish-370-transparent,cosmos-lac,glavna,/products/cosmos-lac/varnishes/cosmos-lac-varnishes-370-providna-400-ml-metal-varnish-370-transparent.webp,,cutout,portrait,alpha,
cosmos-lac-varnishes-601-400-ml-tinted-wood-varnish-601-mahogany,cosmos-lac,glavna,/products/cosmos-lac/varnishes/cosmos-lac-varnishes-601-400-ml-tinted-wood-varnish-601-mahogany.webp,,cutout,portrait,alpha,
cosmos-lac-varnishes-603-400-ml-tinted-wood-varnish-603-walnut,cosmos-lac,glavna,/products/cosmos-lac/varnishes/cosmos-lac-varnishes-603-400-ml-tinted-wood-varnish-603-walnut.webp,,cutout,portrait,alpha,
cosmos-lac-varnishes-604-400-ml-tinted-wood-varnish-604-oak,cosmos-lac,glavna,/products/cosmos-lac/varnishes/cosmos-lac-varnishes-604-400-ml-tinted-wood-varnish-604-oak.webp,,cutout,portrait,alpha,
cosmos-lac-varnishes-607-400-ml-tinted-wood-varnish-607-teak,cosmos-lac,glavna,/products/cosmos-lac/varnishes/cosmos-lac-varnishes-607-400-ml-tinted-wood-varnish-607-teak.webp,,cutout,portrait,alpha,
cosmos-lac-w-wood-care-sjaj-w-wood-impregnating-varnish-transparent-gloss,cosmos-lac,glavna,/products/cosmos-lac/w-wood-care/cosmos-lac-w-wood-care-sjaj-w-wood-impregnating-varnish-transparent-gloss.webp,,cutout,square,alpha,
cosmos-lac-w-wood-care-w-wood-impregnating-varnish-chestnut,cosmos-lac,glavna,/products/cosmos-lac/w-wood-care/cosmos-lac-w-wood-care-w-wood-impregnating-varnish-chestnut.webp,,cutout,square,alpha,
cosmos-lac-w-wood-care-w-wood-impregnating-varnish-green,cosmos-lac,glavna,/products/cosmos-lac/w-wood-care/cosmos-lac-w-wood-care-w-wood-impregnating-varnish-green.webp,,cutout,square,alpha,
cosmos-lac-w-wood-care-w-wood-impregnating-varnish-pine,cosmos-lac,glavna,/products/cosmos-lac/w-wood-care/cosmos-lac-w-wood-care-w-wood-impregnating-varnish-pine.webp,,cutout,square,alpha,
cosmos-lac-w-wood-care-w-wood-impregnating-varnish-rosewood,cosmos-lac,glavna,/products/cosmos-lac/w-wood-care/cosmos-lac-w-wood-care-w-wood-impregnating-varnish-rosewood.webp,,cutout,square,alpha,
cosmos-lac-w-wood-care-w-wood-impregnating-varnish-walnut,cosmos-lac,glavna,/products/cosmos-lac/w-wood-care/cosmos-lac-w-wood-care-w-wood-impregnating-varnish-walnut.webp,,cutout,square,alpha,
cosmos-lac-w-wood-care-cl-610-mat-w-water-based-varnish-610-matt,cosmos-lac,glavna,/products/cosmos-lac/w-wood-care/cosmos-lac-w-wood-care-cl-610-mat-w-water-based-varnish-610-matt.webp,,cutout,portrait,alpha,
cosmos-lac-w-wood-care-cl-611-saten-w-water-based-varnish-611-satin,cosmos-lac,glavna,/products/cosmos-lac/w-wood-care/cosmos-lac-w-wood-care-cl-611-saten-w-water-based-varnish-611-satin.webp,,cutout,portrait,alpha,
cosmos-lac-wheel-rim-229-mat-400-ml-wheel-rim-229-deluxe-silver-matte,cosmos-lac,glavna,/products/cosmos-lac/wheel-rim/cosmos-lac-wheel-rim-229-mat-400-ml-wheel-rim-229-deluxe-silver-matte.webp,,cutout,portrait,alpha,
cosmos-lac-wheel-rim-326-400-ml-wheel-rim-326-aluminium,cosmos-lac,glavna,/products/cosmos-lac/wheel-rim/cosmos-lac-wheel-rim-326-400-ml-wheel-rim-326-aluminium.webp,,cutout,portrait,alpha,
cosmos-lac-wheel-rim-327-400-ml-wheel-rim-327-black-diamond,cosmos-lac,glavna,/products/cosmos-lac/wheel-rim/cosmos-lac-wheel-rim-327-400-ml-wheel-rim-327-black-diamond.webp,,cutout,portrait,alpha,
cosmos-lac-wheel-rim-328-400-ml-wheel-rim-328-silver-diamond,cosmos-lac,glavna,/products/cosmos-lac/wheel-rim/cosmos-lac-wheel-rim-328-400-ml-wheel-rim-328-silver-diamond.webp,,cutout,portrait,alpha,
cosmos-lac-wood-putties-1-water-based-wood-putty-1-mahogany-light,cosmos-lac,glavna,/products/cosmos-lac/wood-putties/cosmos-lac-wood-putties-1-water-based-wood-putty-1-mahogany-light.webp,,cutout,square,alpha,
cosmos-lac-wood-putties-2-water-based-wood-putty-2-mahogany-dark,cosmos-lac,glavna,/products/cosmos-lac/wood-putties/cosmos-lac-wood-putties-2-water-based-wood-putty-2-mahogany-dark.webp,,cutout,square,alpha,
cosmos-lac-wood-putties-3-water-based-wood-putty-3-walnut-light,cosmos-lac,glavna,/products/cosmos-lac/wood-putties/cosmos-lac-wood-putties-3-water-based-wood-putty-3-walnut-light.webp,,cutout,square,alpha,
cosmos-lac-wood-putties-4-water-based-wood-putty-4-walnut-semi-dark,cosmos-lac,glavna,/products/cosmos-lac/wood-putties/cosmos-lac-wood-putties-4-water-based-wood-putty-4-walnut-semi-dark.webp,,cutout,square,alpha,
cosmos-lac-wood-putties-5-water-based-wood-putty-5-walnut-dark,cosmos-lac,glavna,/products/cosmos-lac/wood-putties/cosmos-lac-wood-putties-5-water-based-wood-putty-5-walnut-dark.webp,,cutout,square,alpha,
cosmos-lac-wood-putties-6-water-based-wood-putty-6-pine,cosmos-lac,glavna,/products/cosmos-lac/wood-putties/cosmos-lac-wood-putties-6-water-based-wood-putty-6-pine.webp,,cutout,square,alpha,
cosmos-lac-wood-putties-7-water-based-wood-putty-7-maple-tree,cosmos-lac,glavna,/products/cosmos-lac/wood-putties/cosmos-lac-wood-putties-7-water-based-wood-putty-7-maple-tree.webp,,cutout,square,alpha,
cosmos-lac-wood-putties-8-water-based-wood-putty-8-oregon,cosmos-lac,glavna,/products/cosmos-lac/wood-putties/cosmos-lac-wood-putties-8-water-based-wood-putty-8-oregon.webp,,cutout,square,alpha,
cosmos-lac-wood-putties-9-water-based-wood-putty-9-oak,cosmos-lac,glavna,/products/cosmos-lac/wood-putties/cosmos-lac-wood-putties-9-water-based-wood-putty-9-oak.webp,,cutout,square,alpha,
cosmos-lac-wood-putties-10-water-based-wood-putty-10-natural,cosmos-lac,glavna,/products/cosmos-lac/wood-putties/cosmos-lac-wood-putties-10-water-based-wood-putty-10-natural.webp,,cutout,square,alpha,
cosmos-lac-wood-putties-11-water-based-wood-putty-11-beech,cosmos-lac,glavna,/products/cosmos-lac/wood-putties/cosmos-lac-wood-putties-11-water-based-wood-putty-11-beech.webp,,cutout,square,alpha,
cosmos-lac-wood-putties-12-water-based-wood-putty-12-white,cosmos-lac,glavna,/products/cosmos-lac/wood-putties/cosmos-lac-wood-putties-12-water-based-wood-putty-12-white.webp,,cutout,square,alpha,
cosmos-lac-wood-putties-13-water-based-wood-putty-13-black,cosmos-lac,glavna,/products/cosmos-lac/wood-putties/cosmos-lac-wood-putties-13-water-based-wood-putty-13-black.webp,,cutout,square,alpha,
cosmos-lac-wood-putties-14-water-based-wood-putty-14-grey,cosmos-lac,glavna,/products/cosmos-lac/wood-putties/cosmos-lac-wood-putties-14-water-based-wood-putty-14-grey.webp,,cutout,square,alpha,
cosmos-lac-wood-putties-15-water-based-wood-putty-15-oak-dark,cosmos-lac,glavna,/products/cosmos-lac/wood-putties/cosmos-lac-wood-putties-15-water-based-wood-putty-15-oak-dark.webp,,cutout,square,alpha,
cosmos-lac-wood-putties-16-water-based-wood-putty-16-teak,cosmos-lac,glavna,/products/cosmos-lac/wood-putties/cosmos-lac-wood-putties-16-water-based-wood-putty-16-teak.webp,,cutout,square,alpha,
cosmos-lac-wood-putties-17-water-based-wood-putty-17-cherry,cosmos-lac,glavna,/products/cosmos-lac/wood-putties/cosmos-lac-wood-putties-17-water-based-wood-putty-17-cherry.webp,,cutout,square,alpha,
cosmos-lac-wood-putties-18-water-based-wood-putty-18-cherry-light,cosmos-lac,glavna,/products/cosmos-lac/wood-putties/cosmos-lac-wood-putties-18-water-based-wood-putty-18-cherry-light.webp,,cutout,square,alpha,
cosmos-lac-zinc-500-400-ml-zinc-maximum-500,cosmos-lac,glavna,/products/cosmos-lac/zinc/cosmos-lac-zinc-500-400-ml-zinc-maximum-500.webp,,cutout,portrait,alpha,
cosmos-lac-zinc-501-400-ml-alu-zinc-501,cosmos-lac,glavna,/products/cosmos-lac/zinc/cosmos-lac-zinc-501-400-ml-alu-zinc-501.webp,,cutout,portrait,alpha,
cosmos-lac-easy-max-glitter-912-multi,cosmos-lac,—,,,fallback (Vizuel u pripremi),,,
cosmos-lac-ral-9003-matt-signal-white,cosmos-lac,—,,,fallback (Vizuel u pripremi),,,
cosmos-lac-flame-orange-fo-314-piglet-pink-dark,cosmos-lac,—,,,fallback (Vizuel u pripremi),,,
cosmos-lac-chrome-effect-450-container,cosmos-lac,—,,,fallback (Vizuel u pripremi),,,
cosmos-lac-gold-effect-451-container,cosmos-lac,—,,,fallback (Vizuel u pripremi),,,
cosmos-lac-high-heat-350-silver-container,cosmos-lac,—,,,fallback (Vizuel u pripremi),,,
cosmos-lac-high-heat-351-black-container,cosmos-lac,—,,,fallback (Vizuel u pripremi),,,
cosmos-lac-high-heat-353-maroon-container,cosmos-lac,—,,,fallback (Vizuel u pripremi),,,
cosmos-lac-acrylic-varnish-376-gloss,cosmos-lac,—,,,fallback (Vizuel u pripremi),,,
cosmos-lac-acrylic-varnish-377-matt,cosmos-lac,—,,,fallback (Vizuel u pripremi),,,
cosmos-lac-acrylic-varnish-378-satin,cosmos-lac,—,,,fallback (Vizuel u pripremi),,,
satajet-x-5500,sata,—,,,fallback (Vizuel u pripremi),,,
sata-adam-2,sata,—,,,fallback (Vizuel u pripremi),,,
sata-adam-x,sata,—,,,fallback (Vizuel u pripremi),,,
sata-adam-x-pro,sata,—,,,fallback (Vizuel u pripremi),,,
sata-clean-rcs,sata,—,,,fallback (Vizuel u pripremi),,,
sata-dry-jet-2,sata,—,,,fallback (Vizuel u pripremi),,,
sata-dry-jet-stativ,sata,—,,,fallback (Vizuel u pripremi),,,
sata-hku,sata,—,,,fallback (Vizuel u pripremi),,,
sata-hrs,sata,—,,,fallback (Vizuel u pripremi),,,
sata-hrs-e,sata,—,,,fallback (Vizuel u pripremi),,,
sata-jet-k,sata,—,,,fallback (Vizuel u pripremi),,,
sata-jet-x,sata,—,,,fallback (Vizuel u pripremi),,,
sata-jet-x-basecoat-edition,sata,—,,,fallback (Vizuel u pripremi),,,
sata-jet-x-by-stilbruch-edition,sata,—,,,fallback (Vizuel u pripremi),,,
sata-jet-x-clearcoat-edition,sata,—,,,fallback (Vizuel u pripremi),,,
sata-lackierpistolenkoffer,sata,—,,,fallback (Vizuel u pripremi),,,
sata-lcs-the-liner,sata,—,,,fallback (Vizuel u pripremi),,,
sata-luftmikrometer,sata,—,,,fallback (Vizuel u pripremi),,,
sata-manometer,sata,—,,,fallback (Vizuel u pripremi),,,
sata-material-pressure-tank-10,sata,—,,,fallback (Vizuel u pripremi),,,
sata-material-pressure-tank-22,sata,—,,,fallback (Vizuel u pripremi),,,
sata-material-pressure-tank-45,sata,—,,,fallback (Vizuel u pripremi),,,
sata-mini-set-2,sata,—,,,fallback (Vizuel u pripremi),,,
sata-multi-clean-2,sata,—,,,fallback (Vizuel u pripremi),,,
sata-release-agent-spray-system,sata,—,,,fallback (Vizuel u pripremi),,,
sata-reusable-aluminium-flow-cup,sata,—,,,fallback (Vizuel u pripremi),,,
sata-reusable-aluminium-hanging-cups,sata,—,,,fallback (Vizuel u pripremi),,,
sata-reusable-plastic-flow-cup,sata,—,,,fallback (Vizuel u pripremi),,,
sata-reusable-plastic-hanging-cups,sata,—,,,fallback (Vizuel u pripremi),,,
sata-rps-the-original,sata,—,,,fallback (Vizuel u pripremi),,,
sata-spray-master-rp,sata,—,,,fallback (Vizuel u pripremi),,,
sata-suit-basic,sata,—,,,fallback (Vizuel u pripremi),,,
sata-suit-race,sata,—,,,fallback (Vizuel u pripremi),,,
sata-suit-race-ladies,sata,—,,,fallback (Vizuel u pripremi),,,
sata-suit-standard-men,sata,—,,,fallback (Vizuel u pripremi),,,
sata-truesun,sata,—,,,fallback (Vizuel u pripremi),,,
sata-vario-top-spray,sata,—,,,fallback (Vizuel u pripremi),,,
satagraph-4,sata,—,,,fallback (Vizuel u pripremi),,,
satajet-100-b,sata,—,,,fallback (Vizuel u pripremi),,,
satajet-1000-b,sata,—,,,fallback (Vizuel u pripremi),,,
satajet-1000-b-lignum-3,sata,—,,,fallback (Vizuel u pripremi),,,
satajet-1000-h,sata,—,,,fallback (Vizuel u pripremi),,,
satajet-1000-k,sata,—,,,fallback (Vizuel u pripremi),,,
satajet-1000-kk,sata,—,,,fallback (Vizuel u pripremi),,,
satajet-1500-b,sata,glavna,/products/sata/supplied/sata__satajet-1500-b.webp,,cutout,portrait,alpha,
satajet-20-b,sata,—,,,fallback (Vizuel u pripremi),,,
satajet-3000-b,sata,glavna,/products/sata/supplied/sata__satajet-3000-b.webp,,cutout,portrait,alpha,
satajet-3000-k,sata,—,,,fallback (Vizuel u pripremi),,,
satajet-3000-k-spray-mix,sata,—,,,fallback (Vizuel u pripremi),,,
satajet-5000-b,sata,—,,,fallback (Vizuel u pripremi),,,
satajet-h,sata,—,,,fallback (Vizuel u pripremi),,,
satajet-k-1800-spray-mix,sata,—,,,fallback (Vizuel u pripremi),,,
satajet-x-5500-clear-coat-edition,sata,—,,,fallback (Vizuel u pripremi),,,
satajet-x-5500-phaser,sata,—,,,fallback (Vizuel u pripremi),,,
sataminijet-1000-k,sata,—,,,fallback (Vizuel u pripremi),,,
sataminijet-4400-b,sata,—,,,fallback (Vizuel u pripremi),,,
sata-1-0-l-aluminium-pressure-pot-max-pressure-10-bar-hrs,sata,—,,,fallback (Vizuel u pripremi),,,
sata-air-cap-protector,sata,—,,,fallback (Vizuel u pripremi),,,
sata-air-cap-protector-uv,sata,—,,,fallback (Vizuel u pripremi),,,
sata-air-check-set-compressed-air-quality-control-device,sata,—,,,fallback (Vizuel u pripremi),,,
sata-air-hose,sata,—,,,fallback (Vizuel u pripremi),,,
sata-air-hose-din-8541-max-20-bar,sata,—,,,fallback (Vizuel u pripremi),,,
sata-air-hose-g-1-4,sata,—,,,fallback (Vizuel u pripremi),,,
sata-air-hose-one-connection-included-clean-rcs,sata,—,,,fallback (Vizuel u pripremi),,,
sata-air-tester-atomisation-air-quick-tester,sata,—,,,fallback (Vizuel u pripremi),,,
sata-airless-paint-hose,sata,—,,,fallback (Vizuel u pripremi),,,
sata-ball-tap-teflon,sata,—,,,fallback (Vizuel u pripremi),,,
sata-ball-tap-teflon-with-bilateral-thread-female-hose,sata,—,,,fallback (Vizuel u pripremi),,,
sata-care-set-spray-gun-care-bag-containing-1-large,sata,—,,,fallback (Vizuel u pripremi),,,
sata-cert-with-archive-spray-pattern-block-single-sheet,sata,—,,,fallback (Vizuel u pripremi),,,
sata-cleaning-brush,sata,—,,,fallback (Vizuel u pripremi),,,
sata-cleaning-brush-double-sided-for-spray-guns,sata,—,,,fallback (Vizuel u pripremi),,,
sata-cleaning-brush-double-sided-silicone-free,sata,—,,,fallback (Vizuel u pripremi),,,
sata-cleaning-brush-for-spray-guns,sata,—,,,fallback (Vizuel u pripremi),,,
sata-cleaning-brush-large-for-spray-guns,sata,—,,,fallback (Vizuel u pripremi),,,
sata-cleaning-kit-with-2-cleaning-brushes-medium-and-12,sata,—,,,fallback (Vizuel u pripremi),,,
sata-compressed-air-driven-hand-agitator,sata,—,,,fallback (Vizuel u pripremi),,,
sata-conversion-kit-external-cleaning-agent-suction-and-clean-rcs,sata,—,,,fallback (Vizuel u pripremi),,,
sata-coupling-nipple,sata,—,,,fallback (Vizuel u pripremi),,,
sata-coupling-with,sata,—,,,fallback (Vizuel u pripremi),,,
sata-cup-adapter-qcc-minijet-4-laminated,sata,—,,,fallback (Vizuel u pripremi),,,
sata-distance-marker,sata,—,,,fallback (Vizuel u pripremi),,,
sata-door-wand-steel,sata,—,,,fallback (Vizuel u pripremi),,,
sata-door-wand-steel-with-flexible-guideway-hose,sata,—,,,fallback (Vizuel u pripremi),,,
sata-dosenboy-to-cut-out-can-lids-from-cans-up-to-height,sata,—,,,fallback (Vizuel u pripremi),,,
sata-double-pipe-suction-unit-with-quick-coupling,sata,—,,,fallback (Vizuel u pripremi),,,
sata-extension-with-jet-1000-b,sata,—,,,fallback (Vizuel u pripremi),,,
sata-extension-with-jet-1000-k,sata,—,,,fallback (Vizuel u pripremi),,,
sata-fibre-air-hose-with-mini-quick-coupling,sata,—,,,fallback (Vizuel u pripremi),,,
sata-flexible-quick-coupling-nipple,sata,—,,,fallback (Vizuel u pripremi),,,
sata-foam-inlay-with-pinched-inlay-truesun,sata,—,,,fallback (Vizuel u pripremi),,,
sata-free-passage-type-quick-coupling-hrs,sata,—,,,fallback (Vizuel u pripremi),,,
sata-gravity-gun-holder,sata,—,,,fallback (Vizuel u pripremi),,,
sata-ground-plate-rps-the-original,sata,—,,,fallback (Vizuel u pripremi),,,
sata-high-performance-grease-silicone-and-acid-free-100,sata,—,,,fallback (Vizuel u pripremi),,,
sata-hook-wand-connection-ii,sata,—,,,fallback (Vizuel u pripremi),,,
sata-hose-clean-rcs,sata,—,,,fallback (Vizuel u pripremi),,,
sata-hose-pair-mini-set-2,sata,—,,,fallback (Vizuel u pripremi),,,
sata-hose-pair-vario-top-spray,sata,—,,,fallback (Vizuel u pripremi),,,
sata-insert,sata,—,,,fallback (Vizuel u pripremi),,,
sata-insertion-drawer,sata,—,,,fallback (Vizuel u pripremi),,,
sata-intermediate-piece-and-for-material-connection,sata,—,,,fallback (Vizuel u pripremi),,,
sata-material-coupling-with-plug-in-nipple,sata,—,,,fallback (Vizuel u pripremi),,,
sata-material-hose,sata,—,,,fallback (Vizuel u pripremi),,,
sata-material-hose-solvent-resistant,sata,—,,,fallback (Vizuel u pripremi),,,
sata-nipple,sata,—,,,fallback (Vizuel u pripremi),,,
sata-nipple-with-swivel-nut,sata,—,,,fallback (Vizuel u pripremi),,,
sata-nozzle-cleaning-kit-includes-sealing-insert-and-cap-jet-3000-k-spray-mix,sata,—,,,fallback (Vizuel u pripremi),,,
sata-nozzle-cleaning-needles,sata,—,,,fallback (Vizuel u pripremi),,,
sata-nozzle-cleaning-set-jet-k-1800-spray-mix,sata,—,,,fallback (Vizuel u pripremi),,,
sata-nylon-wand-connection-ii,sata,—,,,fallback (Vizuel u pripremi),,,
sata-nylon-wand-flexible,sata,—,,,fallback (Vizuel u pripremi),,,
sata-nylon-wand-flexible-1500-long-screwable-6-hole,sata,—,,,fallback (Vizuel u pripremi),,,
sata-nylon-wand-semi-rigid,sata,—,,,fallback (Vizuel u pripremi),,,
sata-paint-hose-solvent-resistant,sata,—,,,fallback (Vizuel u pripremi),,,
sata-protective-sleeve,sata,—,,,fallback (Vizuel u pripremi),,,
sata-pump-spray-cleaning-bottle-not-suitable,sata,—,,,fallback (Vizuel u pripremi),,,
sata-pvc-air-hose-with-mini-quick-coupling-nipple-with-minijet-4400-b,sata,—,,,fallback (Vizuel u pripremi),,,
sata-pvc-compressed-air-hose-with-mini-quick-coupling-jet-20-b,sata,—,,,fallback (Vizuel u pripremi),,,
sata-qmr-quick-material-regulator,sata,—,,,fallback (Vizuel u pripremi),,,
sata-quick-coupling,sata,—,,,fallback (Vizuel u pripremi),,,
sata-quick-coupling-nipple,sata,—,,,fallback (Vizuel u pripremi),,,
sata-quick-coupling-with-hose-olive,sata,—,,,fallback (Vizuel u pripremi),,,
sata-quick-coupling-with-hose-olive-and-quick-coupling,sata,—,,,fallback (Vizuel u pripremi),,,
sata-rps-adapter-with-qcc-and-connection,sata,—,,,fallback (Vizuel u pripremi),,,
sata-rps-depot-to-store-rps-boxes-rps-the-original,sata,—,,,fallback (Vizuel u pripremi),,,
sata-sataclean-wet-holding-tray,sata,—,,,fallback (Vizuel u pripremi),,,
sata-sge-air-hose,sata,—,,,fallback (Vizuel u pripremi),,,
sata-sge-paint-hose-with-ascension-pipe,sata,—,,,fallback (Vizuel u pripremi),,,
sata-shaker-ring-rps-the-original,sata,—,,,fallback (Vizuel u pripremi),,,
sata-spray-bottle-1-0-l,sata,—,,,fallback (Vizuel u pripremi),,,
sata-spray-gun-adapter-with-qcc-and-connection-thread,sata,—,,,fallback (Vizuel u pripremi),,,
sata-spray-gun-holder,sata,—,,,fallback (Vizuel u pripremi),,,
sata-spray-gun-holder-with-strainer-holder,sata,—,,,fallback (Vizuel u pripremi),,,
sata-spray-mix-double-hose-material-connection-air,sata,—,,,fallback (Vizuel u pripremi),,,
sata-spray-mix-hose-pair,sata,—,,,fallback (Vizuel u pripremi),,,
sata-spray-mix-hose-pair-material-connection-air,sata,—,,,fallback (Vizuel u pripremi),,,
sata-spray-pattern-blocks-with-25-sheets,sata,—,,,fallback (Vizuel u pripremi),,,
sata-storage-case-sata-truesun-incl-foam-inlay-truesun,sata,—,,,fallback (Vizuel u pripremi),,,
sata-suction-hose-cpl-vario-top-spray,sata,—,,,fallback (Vizuel u pripremi),,,
sata-suit-grey,sata,—,,,fallback (Vizuel u pripremi),,,
sata-suit-space,sata,—,,,fallback (Vizuel u pripremi),,,
sata-threaded-nipple-galvanised-vario-top-spray,sata,—,,,fallback (Vizuel u pripremi),,,
sata-triple-spray-gun-holder,sata,—,,,fallback (Vizuel u pripremi),,,
sata-trolley-cpl-vario-top-spray,sata,—,,,fallback (Vizuel u pripremi),,,
sata-turbo-blow-with-quick-coupling-nipple-blow-gun,sata,—,,,fallback (Vizuel u pripremi),,,
sata-universal-spray-gun-and-hose-holder,sata,—,,,fallback (Vizuel u pripremi),,,
sata-universal-spray-gun-holder-foldable,sata,—,,,fallback (Vizuel u pripremi),,,
sata-universal-spray-gun-holder-foldable-magnetic,sata,—,,,fallback (Vizuel u pripremi),,,
sata-vario-top-spray-f-double-diaphragm-pump-1-1-mobile-vario-top-spray,sata,—,,,fallback (Vizuel u pripremi),,,
sata-venturi-door-wand-steel-rigid-spraying-forward,sata,—,,,fallback (Vizuel u pripremi),,,
sata-venturi-hook-wand-hook-nozzle-cpl-with-flexible,sata,—,,,fallback (Vizuel u pripremi),,,
sata-venturi-hook-wand-with-flexible-guide-hose-venturi,sata,—,,,fallback (Vizuel u pripremi),,,
sata-viscosity-cup,sata,—,,,fallback (Vizuel u pripremi),,,
sata-wet-dry-cleaner,sata,—,,,fallback (Vizuel u pripremi),,,
