image_id,brand,product_name,slug,public_code,manufacturer_code,article_number,variant_key,variant,package,missing_reason,current_image_path,official_image_available,official_image_url,image_rights_status,action_required,suggested_filename,target_path,priority,notes
baslac__baslac-20-22-2k-primerfiller,baslac,baslac 20-22 2K Primerfiller,baslac-20-22-2k-primerfiller,,20-22,20-22,,,Na upit,OFFICIAL_IMAGE_NOT_PUBLISHED,/images/products/placeholder-product.svg,NO,,N/A (proizvođač ne objavljuje sliku),USER_SUPPLY,baslac__baslac-20-22-2k-primerfiller.webp,/products/baslac/supplied/baslac__baslac-20-22-2k-primerfiller.webp,P2,
baslac__baslac-20-24-2k-primerfiller-grey-4l,baslac,Baslac 20-24 2K Primerfiller Grey 4 L,baslac-20-24-2k-primerfiller-grey-4l,,,,20-24-4L,,4 L,PACKAGE_OR_VARIANT_IMAGE_MISSING,/images/products/placeholder-product.svg,UNKNOWN,,,USER_SUPPLY,baslac__baslac-20-24-2k-primerfiller-grey-4l.webp,/products/baslac/supplied/baslac__baslac-20-24-2k-primerfiller-grey-4l.webp,P3,druga varijanta iste kartice ima sliku; ova koristi placeholder (nema pogrešnog sibling fallback-a)
baslac__baslac-20-94-2k-primerfiller-black-1l,baslac,Baslac 20-94 2K Primerfiller Black 1 L,baslac-20-94-2k-primerfiller-black-1l,,20-94,20-94,20-94-1L,,1 L,PACKAGE_OR_VARIANT_IMAGE_MISSING,/images/products/placeholder-product.svg,UNKNOWN,,,USER_SUPPLY,baslac__baslac-20-94-2k-primerfiller-black-1l.webp,/products/baslac/supplied/baslac__baslac-20-94-2k-primerfiller-black-1l.webp,P3,druga varijanta iste kartice ima sliku; ova koristi placeholder (nema pogrešnog sibling fallback-a)
baslac__baslac-21-11-2k-plastic-primer-voc-1l,baslac,Baslac 21-11 2K Plastic Primer VOC 1 L,baslac-21-11-2k-plastic-primer-voc-1l,,21-11,21-11,,,1 L,USER_SUPPLY_REQUIRED,/images/products/placeholder-product.svg,UNKNOWN,,,USER_SUPPLY,baslac__baslac-21-11-2k-plastic-primer-voc-1l.webp,/products/baslac/supplied/baslac__baslac-21-11-2k-plastic-primer-voc-1l.webp,P2,
baslac__baslac-21-20-plastic-primer-400ml,baslac,Baslac 21-20 Plastic Primer 400 ml,baslac-21-20-plastic-primer-400ml,,21-20,21-20,,,400 ml,USER_SUPPLY_REQUIRED,/images/products/placeholder-product.svg,UNKNOWN,,,USER_SUPPLY,baslac__baslac-21-20-plastic-primer-400ml.webp,/products/baslac/supplied/baslac__baslac-21-20-plastic-primer-400ml.webp,P2,
baslac__baslac-27-10-2k-washprimer-1l,baslac,Baslac 27-10 2K Washprimer 1 L,baslac-27-10-2k-washprimer-1l,,27-10,27-10,27-10-1L,,1 L,PACKAGE_OR_VARIANT_IMAGE_MISSING,/images/products/placeholder-product.svg,UNKNOWN,,,USER_SUPPLY,baslac__baslac-27-10-2k-washprimer-1l.webp,/products/baslac/supplied/baslac__baslac-27-10-2k-washprimer-1l.webp,P3,druga varijanta iste kartice ima sliku; ova koristi placeholder (nema pogrešnog sibling fallback-a)
baslac__baslac-30-s510-s-serija,baslac,Baslac 30-S510,baslac-30-s510-s-serija,,,,,,Na upit,USER_SUPPLY_REQUIRED,/images/products/placeholder-product.svg,UNKNOWN,,,USER_SUPPLY,baslac__baslac-30-s510-s-serija.webp,/products/baslac/supplied/baslac__baslac-30-s510-s-serija.webp,P2,
baslac__baslac-45-w10,baslac,baslac 45-W10 3-Stage Additive and Blending Clear,baslac-45-w10,,45-W10,45-W10,,,"0,5 L",USER_SUPPLY_REQUIRED,/images/products/placeholder-product.svg,UNKNOWN,,,USER_SUPPLY,baslac__baslac-45-w10.webp,/products/baslac/supplied/baslac__baslac-45-w10.webp,P2,
baslac__baslac-50-05-2k-hardener-ambient-uc,baslac,baslac 50-05 2K Hardener Ambient UC,baslac-50-05-2k-hardener-ambient-uc,,50-05,50-05,,,Na upit,OFFICIAL_IMAGE_NOT_PUBLISHED,/images/products/placeholder-product.svg,NO,,N/A (proizvođač ne objavljuje sliku),USER_SUPPLY,baslac__baslac-50-05-2k-hardener-ambient-uc.webp,/products/baslac/supplied/baslac__baslac-50-05-2k-hardener-ambient-uc.webp,P2,
baslac__baslac-50-10-2k-primerfiller-hardener-extra-fast,baslac,baslac 50-10 2K Primerfiller Hardener Extra Fast,baslac-50-10-2k-primerfiller-hardener-extra-fast,,50-10,50-10,,,Na upit,OFFICIAL_IMAGE_NOT_PUBLISHED,/images/products/placeholder-product.svg,NO,,N/A (proizvođač ne objavljuje sliku),USER_SUPPLY,baslac__baslac-50-10-2k-primerfiller-hardener-extra-fast.webp,/products/baslac/supplied/baslac__baslac-50-10-2k-primerfiller-hardener-extra-fast.webp,P2,
baslac__baslac-50-30-2k-hardener-slow,baslac,baslac 50-30 2K Hardener Slow,baslac-50-30-2k-hardener-slow,,50-30,50-30,,,Na upit,OFFICIAL_IMAGE_NOT_PUBLISHED,/images/products/placeholder-product.svg,NO,,N/A (proizvođač ne objavljuje sliku),USER_SUPPLY,baslac__baslac-50-30-2k-hardener-slow.webp,/products/baslac/supplied/baslac__baslac-50-30-2k-hardener-slow.webp,P2,
baslac__baslac-50-415-2k-clear-hardener-fast-voc,baslac,baslac 50-415 2K Clear Hardener Fast VOC,baslac-50-415-2k-clear-hardener-fast-voc,,50-415,50-415,,,Na upit,OFFICIAL_IMAGE_NOT_PUBLISHED,/images/products/placeholder-product.svg,NO,,N/A (proizvođač ne objavljuje sliku),USER_SUPPLY,baslac__baslac-50-415-2k-clear-hardener-fast-voc.webp,/products/baslac/supplied/baslac__baslac-50-415-2k-clear-hardener-fast-voc.webp,P2,
baslac__baslac-50-420-2k-clear-hardener-normal-voc,baslac,baslac 50-420 2K Clear Hardener Normal VOC,baslac-50-420-2k-clear-hardener-normal-voc,,50-420,50-420,,,Na upit,OFFICIAL_IMAGE_NOT_PUBLISHED,/images/products/placeholder-product.svg,NO,,N/A (proizvođač ne objavljuje sliku),USER_SUPPLY,baslac__baslac-50-420-2k-clear-hardener-normal-voc.webp,/products/baslac/supplied/baslac__baslac-50-420-2k-clear-hardener-normal-voc.webp,P2,
baslac__baslac-50-430-2k-clear-hardener-slow-voc,baslac,baslac 50-430 2K Clear Hardener Slow VOC,baslac-50-430-2k-clear-hardener-slow-voc,,50-430,50-430,,,Na upit,OFFICIAL_IMAGE_NOT_PUBLISHED,/images/products/placeholder-product.svg,NO,,N/A (proizvođač ne objavljuje sliku),USER_SUPPLY,baslac__baslac-50-430-2k-clear-hardener-slow-voc.webp,/products/baslac/supplied/baslac__baslac-50-430-2k-clear-hardener-slow-voc.webp,P2,
baslac__baslac-50-45-2k-activator,baslac,baslac 50-45 2K Activator,baslac-50-45-2k-activator,,50-45,50-45,,,Na upit,OFFICIAL_IMAGE_NOT_PUBLISHED,/images/products/placeholder-product.svg,NO,,N/A (proizvođač ne objavljuje sliku),USER_SUPPLY,baslac__baslac-50-45-2k-activator.webp,/products/baslac/supplied/baslac__baslac-50-45-2k-activator.webp,P2,
baslac__baslac-50-510-ambient-clear-hardener,baslac,baslac 50-510 Ambient Clear Hardener,baslac-50-510-ambient-clear-hardener,,50-510,50-510,,,Na upit,OFFICIAL_IMAGE_NOT_PUBLISHED,/images/products/placeholder-product.svg,NO,,N/A (proizvođač ne objavljuje sliku),USER_SUPPLY,baslac__baslac-50-510-ambient-clear-hardener.webp,/products/baslac/supplied/baslac__baslac-50-510-ambient-clear-hardener.webp,P2,
baslac__baslac-50-530-ambient-clear-hardener-slow,baslac,baslac 50-530 Ambient Clear Hardener slow,baslac-50-530-ambient-clear-hardener-slow,,50-530,50-530,,,Na upit,OFFICIAL_IMAGE_NOT_PUBLISHED,/images/products/placeholder-product.svg,NO,,N/A (proizvođač ne objavljuje sliku),USER_SUPPLY,baslac__baslac-50-530-ambient-clear-hardener-slow.webp,/products/baslac/supplied/baslac__baslac-50-530-ambient-clear-hardener-slow.webp,P2,
baslac__baslac-51-515-2k-hardener-cv-fast,baslac,baslac 51-515 2K Hardener CV fast,baslac-51-515-2k-hardener-cv-fast,,51-515,51-515,,,Na upit,OFFICIAL_IMAGE_NOT_PUBLISHED,/images/products/placeholder-product.svg,NO,,N/A (proizvođač ne objavljuje sliku),USER_SUPPLY,baslac__baslac-51-515-2k-hardener-cv-fast.webp,/products/baslac/supplied/baslac__baslac-51-515-2k-hardener-cv-fast.webp,P2,
baslac__baslac-51-520-2k-hardener-cv-normal,baslac,baslac 51-520 2K Hardener CV Normal,baslac-51-520-2k-hardener-cv-normal,,51-520,51-520,,,Na upit,OFFICIAL_IMAGE_NOT_PUBLISHED,/images/products/placeholder-product.svg,NO,,N/A (proizvođač ne objavljuje sliku),USER_SUPPLY,baslac__baslac-51-520-2k-hardener-cv-normal.webp,/products/baslac/supplied/baslac__baslac-51-520-2k-hardener-cv-normal.webp,P2,
baslac__baslac-51-530-2k-hardener-cv-slow,baslac,baslac 51-530 2K Hardener CV slow,baslac-51-530-2k-hardener-cv-slow,,51-530,51-530,,,Na upit,OFFICIAL_IMAGE_NOT_PUBLISHED,/images/products/placeholder-product.svg,NO,,N/A (proizvođač ne objavljuje sliku),USER_SUPPLY,baslac__baslac-51-530-2k-hardener-cv-slow.webp,/products/baslac/supplied/baslac__baslac-51-530-2k-hardener-cv-slow.webp,P2,
baslac__baslac-55-10-ep-hardener,baslac,baslac 55-10 EP Hardener,baslac-55-10-ep-hardener,,55-10,55-10,,,Na upit,OFFICIAL_IMAGE_NOT_PUBLISHED,/images/products/placeholder-product.svg,NO,,N/A (proizvođač ne objavljuje sliku),USER_SUPPLY,baslac__baslac-55-10-ep-hardener.webp,/products/baslac/supplied/baslac__baslac-55-10-ep-hardener.webp,P2,
baslac__baslac-56-20-bodyfiller-hardener,baslac,baslac 56-20 Bodyfiller Hardener,baslac-56-20-bodyfiller-hardener,,56-20,56-20,,,Na upit,OFFICIAL_IMAGE_NOT_PUBLISHED,/images/products/placeholder-product.svg,NO,,N/A (proizvođač ne objavljuje sliku),USER_SUPPLY,baslac__baslac-56-20-bodyfiller-hardener.webp,/products/baslac/supplied/baslac__baslac-56-20-bodyfiller-hardener.webp,P2,
baslac__baslac-57-10-additive-washprimer,baslac,baslac 57-10 Additive Washprimer,baslac-57-10-additive-washprimer,,57-10,57-10,,,Na upit,OFFICIAL_IMAGE_NOT_PUBLISHED,/images/products/placeholder-product.svg,NO,,N/A (proizvođač ne objavljuje sliku),USER_SUPPLY,baslac__baslac-57-10-additive-washprimer.webp,/products/baslac/supplied/baslac__baslac-57-10-additive-washprimer.webp,P2,
baslac__baslac-57-30-additive-washprimer-slow,baslac,baslac 57-30 Additive Washprimer slow,baslac-57-30-additive-washprimer-slow,,57-30,57-30,,,Na upit,OFFICIAL_IMAGE_NOT_PUBLISHED,/images/products/placeholder-product.svg,NO,,N/A (proizvođač ne objavljuje sliku),USER_SUPPLY,baslac__baslac-57-30-additive-washprimer-slow.webp,/products/baslac/supplied/baslac__baslac-57-30-additive-washprimer-slow.webp,P2,
baslac__baslac-60-05-speeding-reducer,baslac,baslac 60-05 Speeding Reducer,baslac-60-05-speeding-reducer,,60-05,60-05,,,Na upit,OFFICIAL_IMAGE_NOT_PUBLISHED,/images/products/placeholder-product.svg,NO,,N/A (proizvođač ne objavljuje sliku),USER_SUPPLY,baslac__baslac-60-05-speeding-reducer.webp,/products/baslac/supplied/baslac__baslac-60-05-speeding-reducer.webp,P2,
baslac__baslac-60-10-reducer-universal-fast,baslac,baslac 60-10 Reducer Universal Fast,baslac-60-10-reducer-universal-fast,,60-10,60-10,,,Na upit,OFFICIAL_IMAGE_NOT_PUBLISHED,/images/products/placeholder-product.svg,NO,,N/A (proizvođač ne objavljuje sliku),USER_SUPPLY,baslac__baslac-60-10-reducer-universal-fast.webp,/products/baslac/supplied/baslac__baslac-60-10-reducer-universal-fast.webp,P2,
baslac__baslac-60-20-razredjivac,baslac,Baslac 60-20 razređivač,baslac-60-20-razredjivac,,60-20,60-20,,,5 L,USER_SUPPLY_REQUIRED,/images/products/placeholder-product.svg,UNKNOWN,,,USER_SUPPLY,baslac__baslac-60-20-razredjivac.webp,/products/baslac/supplied/baslac__baslac-60-20-razredjivac.webp,P2,
baslac__baslac-60-30-reducer-universal-slow,baslac,baslac 60-30 Reducer Universal Slow,baslac-60-30-reducer-universal-slow,,60-30,60-30,,,Na upit,OFFICIAL_IMAGE_NOT_PUBLISHED,/images/products/placeholder-product.svg,NO,,N/A (proizvođač ne objavljuje sliku),USER_SUPPLY,baslac__baslac-60-30-reducer-universal-slow.webp,/products/baslac/supplied/baslac__baslac-60-30-reducer-universal-slow.webp,P2,
baslac__baslac-60-40-reducer-universal-extra-slow,baslac,baslac 60-40 Reducer Universal Extra Slow,baslac-60-40-reducer-universal-extra-slow,,60-40,60-40,,,Na upit,OFFICIAL_IMAGE_NOT_PUBLISHED,/images/products/placeholder-product.svg,NO,,N/A (proizvođač ne objavljuje sliku),USER_SUPPLY,baslac__baslac-60-40-reducer-universal-extra-slow.webp,/products/baslac/supplied/baslac__baslac-60-40-reducer-universal-extra-slow.webp,P2,
baslac__baslac-65-10-blending-reducer,baslac,baslac 65-10 Blending Reducer,baslac-65-10-blending-reducer,,65-10,65-10,,,Na upit,OFFICIAL_IMAGE_NOT_PUBLISHED,/images/products/placeholder-product.svg,NO,,N/A (proizvođač ne objavljuje sliku),USER_SUPPLY,baslac__baslac-65-10-blending-reducer.webp,/products/baslac/supplied/baslac__baslac-65-10-blending-reducer.webp,P2,
baslac__baslac-70-10-silicone-remover-for-oil-silicone-and-grease,baslac,"baslac 70-10 Silicone Remover for oil, silicone and grease",baslac-70-10-silicone-remover-for-oil-silicone-and-grease,,70-10,70-10,,,Na upit,OFFICIAL_IMAGE_NOT_PUBLISHED,/images/products/placeholder-product.svg,NO,,N/A (proizvođač ne objavljuje sliku),USER_SUPPLY,baslac__baslac-70-10-silicone-remover-for-oil-silicone-and-grease.webp,/products/baslac/supplied/baslac__baslac-70-10-silicone-remover-for-oil-silicone-and-grease.webp,P2,
baslac__baslac-70-45-cleaner,baslac,baslac 70-45 Cleaner,baslac-70-45-cleaner,,70-45,70-45,,,Na upit,OFFICIAL_IMAGE_NOT_PUBLISHED,/images/products/placeholder-product.svg,NO,,N/A (proizvođač ne objavljuje sliku),USER_SUPPLY,baslac__baslac-70-45-cleaner.webp,/products/baslac/supplied/baslac__baslac-70-45-cleaner.webp,P2,
baslac__baslac-80-30-additive-plast,baslac,baslac 80-30 Additive Plast,baslac-80-30-additive-plast,,80-30,80-30,,,Na upit,OFFICIAL_IMAGE_NOT_PUBLISHED,/images/products/placeholder-product.svg,NO,,N/A (proizvođač ne objavljuje sliku),USER_SUPPLY,baslac__baslac-80-30-additive-plast.webp,/products/baslac/supplied/baslac__baslac-80-30-additive-plast.webp,P2,
baslac__baslac-81-30-additive-chassis,baslac,baslac 81-30 Additive Chassis,baslac-81-30-additive-chassis,,81-30,81-30,,,Na upit,OFFICIAL_IMAGE_NOT_PUBLISHED,/images/products/placeholder-product.svg,NO,,N/A (proizvođač ne objavljuje sliku),USER_SUPPLY,baslac__baslac-81-30-additive-chassis.webp,/products/baslac/supplied/baslac__baslac-81-30-additive-chassis.webp,P2,
cosmos-lac__cosmos-lac-acrylic-varnish-376-gloss,cosmos-lac,Cosmos Lac Acrylic Varnish 376 Gloss,cosmos-lac-acrylic-varnish-376-gloss,,,,376,Gloss,400 ml,OFFICIAL_IMAGE_AVAILABLE_NOT_IMPORTED,/images/products/placeholder-product.svg,YES (cosmoslac.com; nije u zvaničnom Brand Kit-u),https://cosmoslac.com/wp-content/uploads/acrylic-varnish-376-gloss.png,RIGHTS_NOT_CONFIRMED (izvor slika je bio Brand Kit; ova slika postoji samo na sajtu),IMPORT_OFFICIAL_IF_APPROVED,cosmos-lac__cosmos-lac-acrylic-varnish-376-gloss.webp,/products/cosmos-lac/supplied/cosmos-lac__cosmos-lac-acrylic-varnish-376-gloss.webp,P3,
cosmos-lac__cosmos-lac-acrylic-varnish-377-matt,cosmos-lac,Cosmos Lac Acrylic Varnish 377 Matt,cosmos-lac-acrylic-varnish-377-matt,,,,377,Matt,400 ml,OFFICIAL_IMAGE_AVAILABLE_NOT_IMPORTED,/images/products/placeholder-product.svg,YES (cosmoslac.com; nije u zvaničnom Brand Kit-u),https://cosmoslac.com/wp-content/uploads/acrylic-varnish-377-matt.png,RIGHTS_NOT_CONFIRMED (izvor slika je bio Brand Kit; ova slika postoji samo na sajtu),IMPORT_OFFICIAL_IF_APPROVED,cosmos-lac__cosmos-lac-acrylic-varnish-377-matt.webp,/products/cosmos-lac/supplied/cosmos-lac__cosmos-lac-acrylic-varnish-377-matt.webp,P3,
cosmos-lac__cosmos-lac-acrylic-varnish-378-satin,cosmos-lac,Cosmos Lac Acrylic Varnish 378 Satin,cosmos-lac-acrylic-varnish-378-satin,,,,378,Satin,400 ml,OFFICIAL_IMAGE_AVAILABLE_NOT_IMPORTED,/images/products/placeholder-product.svg,YES (cosmoslac.com; nije u zvaničnom Brand Kit-u),https://cosmoslac.com/wp-content/uploads/acrylic-varnish-378-satin.png,RIGHTS_NOT_CONFIRMED (izvor slika je bio Brand Kit; ova slika postoji samo na sajtu),IMPORT_OFFICIAL_IF_APPROVED,cosmos-lac__cosmos-lac-acrylic-varnish-378-satin.webp,/products/cosmos-lac/supplied/cosmos-lac__cosmos-lac-acrylic-varnish-378-satin.webp,P3,
cosmos-lac__cosmos-lac-chrome-effect-450-container,cosmos-lac,Cosmos Lac Chrome Effect 450 Container,cosmos-lac-chrome-effect-450-container,,,,,,175 ml,OFFICIAL_IMAGE_AVAILABLE_NOT_IMPORTED,/images/products/placeholder-product.svg,YES (cosmoslac.com; nije u zvaničnom Brand Kit-u),https://cosmoslac.com/wp-content/uploads/chrome-effect-450-container-v2.png,RIGHTS_NOT_CONFIRMED (izvor slika je bio Brand Kit; ova slika postoji samo na sajtu),IMPORT_OFFICIAL_IF_APPROVED,cosmos-lac__cosmos-lac-chrome-effect-450-container.webp,/products/cosmos-lac/supplied/cosmos-lac__cosmos-lac-chrome-effect-450-container.webp,P2,
cosmos-lac__cosmos-lac-easy-max-glitter-912-multi,cosmos-lac,Cosmos Lac Easy Max Glitter 912 Multi,cosmos-lac-easy-max-glitter-912-multi,,,,912,912 Multi,400 ml,OFFICIAL_IMAGE_AVAILABLE_NOT_IMPORTED,/images/products/placeholder-product.svg,YES (cosmoslac.com; nije u zvaničnom Brand Kit-u),https://cosmoslac.com/wp-content/uploads/easy-max-glitter-912-multi-1.png,RIGHTS_NOT_CONFIRMED (izvor slika je bio Brand Kit; ova slika postoji samo na sajtu),IMPORT_OFFICIAL_IF_APPROVED,cosmos-lac__cosmos-lac-easy-max-glitter-912-multi.webp,/products/cosmos-lac/supplied/cosmos-lac__cosmos-lac-easy-max-glitter-912-multi.webp,P3,
cosmos-lac__cosmos-lac-flame-orange-fo-314-piglet-pink-dark,cosmos-lac,Cosmos Lac Flame Orange FO-314 Piglet Pink Dark,cosmos-lac-flame-orange-fo-314-piglet-pink-dark,,,,FO-314,314 Piglet Pink Dark,400 ml,OFFICIAL_IMAGE_AVAILABLE_NOT_IMPORTED,/images/products/placeholder-product.svg,YES (cosmoslac.com; nije u zvaničnom Brand Kit-u),https://cosmoslac.com/wp-content/uploads/flame-orange-fo-314-piglet-pink-dark.png,RIGHTS_NOT_CONFIRMED (izvor slika je bio Brand Kit; ova slika postoji samo na sajtu),IMPORT_OFFICIAL_IF_APPROVED,cosmos-lac__cosmos-lac-flame-orange-fo-314-piglet-pink-dark.webp,/products/cosmos-lac/supplied/cosmos-lac__cosmos-lac-flame-orange-fo-314-piglet-pink-dark.webp,P3,
cosmos-lac__cosmos-lac-gold-effect-451-container,cosmos-lac,Cosmos Lac Gold Effect 451 Container,cosmos-lac-gold-effect-451-container,,,,,,175 ml,OFFICIAL_IMAGE_AVAILABLE_NOT_IMPORTED,/images/products/placeholder-product.svg,YES (cosmoslac.com; nije u zvaničnom Brand Kit-u),https://cosmoslac.com/wp-content/uploads/gold-effect-451-container-v2.png,RIGHTS_NOT_CONFIRMED (izvor slika je bio Brand Kit; ova slika postoji samo na sajtu),IMPORT_OFFICIAL_IF_APPROVED,cosmos-lac__cosmos-lac-gold-effect-451-container.webp,/products/cosmos-lac/supplied/cosmos-lac__cosmos-lac-gold-effect-451-container.webp,P2,
cosmos-lac__cosmos-lac-high-heat-350-silver-container,cosmos-lac,Cosmos Lac High Heat 350 Silver Container,cosmos-lac-high-heat-350-silver-container,,,,350,Silver Container,175 ml / 750 ml,OFFICIAL_IMAGE_AVAILABLE_NOT_IMPORTED,/images/products/placeholder-product.svg,YES (cosmoslac.com; nije u zvaničnom Brand Kit-u),https://cosmoslac.com/wp-content/uploads/high-heat-350-silver-container-175ml-v2.png,RIGHTS_NOT_CONFIRMED (izvor slika je bio Brand Kit; ova slika postoji samo na sajtu),IMPORT_OFFICIAL_IF_APPROVED,cosmos-lac__cosmos-lac-high-heat-350-silver-container.webp,/products/cosmos-lac/supplied/cosmos-lac__cosmos-lac-high-heat-350-silver-container.webp,P3,
cosmos-lac__cosmos-lac-high-heat-351-black-container,cosmos-lac,Cosmos Lac High Heat 351 Black Container,cosmos-lac-high-heat-351-black-container,,,,351,Black Container,175 ml / 750 ml,OFFICIAL_IMAGE_AVAILABLE_NOT_IMPORTED,/images/products/placeholder-product.svg,YES (cosmoslac.com; nije u zvaničnom Brand Kit-u),https://cosmoslac.com/wp-content/uploads/high-heat-351-black-container-175ml-v2.png,RIGHTS_NOT_CONFIRMED (izvor slika je bio Brand Kit; ova slika postoji samo na sajtu),IMPORT_OFFICIAL_IF_APPROVED,cosmos-lac__cosmos-lac-high-heat-351-black-container.webp,/products/cosmos-lac/supplied/cosmos-lac__cosmos-lac-high-heat-351-black-container.webp,P3,
cosmos-lac__cosmos-lac-high-heat-353-maroon-container,cosmos-lac,Cosmos Lac High Heat 353 Maroon Container,cosmos-lac-high-heat-353-maroon-container,,,,353,Maroon Container,175 ml / 750 ml,OFFICIAL_IMAGE_AVAILABLE_NOT_IMPORTED,/images/products/placeholder-product.svg,YES (cosmoslac.com; nije u zvaničnom Brand Kit-u),https://cosmoslac.com/wp-content/uploads/high-heat-353-maroon-container-175ml-v2.png,RIGHTS_NOT_CONFIRMED (izvor slika je bio Brand Kit; ova slika postoji samo na sajtu),IMPORT_OFFICIAL_IF_APPROVED,cosmos-lac__cosmos-lac-high-heat-353-maroon-container.webp,/products/cosmos-lac/supplied/cosmos-lac__cosmos-lac-high-heat-353-maroon-container.webp,P3,
cosmos-lac__cosmos-lac-ral-9003-matt-signal-white,cosmos-lac,Cosmos Lac RAL 9003 Matt Signal White,cosmos-lac-ral-9003-matt-signal-white,,,,CL-RAL-9003-MATT-SIGNAL-WHITE,Matt Signal White,Na upit,OFFICIAL_IMAGE_AVAILABLE_NOT_IMPORTED,/images/products/placeholder-product.svg,YES (cosmoslac.com; nije u zvaničnom Brand Kit-u),https://cosmoslac.com/wp-content/uploads/ral-9003-matt-signal-white-v2.png,RIGHTS_NOT_CONFIRMED (izvor slika je bio Brand Kit; ova slika postoji samo na sajtu),IMPORT_OFFICIAL_IF_APPROVED,cosmos-lac__cosmos-lac-ral-9003-matt-signal-white.webp,/products/cosmos-lac/supplied/cosmos-lac__cosmos-lac-ral-9003-matt-signal-white.webp,P3,
norbin__norbin-n15-v20-clear-voc,norbin,Norbin N15-V20 Clear VOC,norbin-n15-v20-clear-voc,,N15-V20,N15-V20,,,4 L,OFFICIAL_IMAGE_NOT_PUBLISHED,/images/products/placeholder-product.svg,NO,,N/A (proizvođač ne objavljuje sliku),USER_SUPPLY,norbin__norbin-n15-v20-clear-voc.webp,/products/norbin/supplied/norbin__norbin-n15-v20-clear-voc.webp,P2,
norbin__norbin-n15-v25-fast-clear-voc,norbin,Norbin N15-V25 Fast Clear VOC,norbin-n15-v25-fast-clear-voc,,N15-V25,N15-V25,,,5 L,OFFICIAL_IMAGE_NOT_PUBLISHED,/images/products/placeholder-product.svg,NO,,N/A (proizvođač ne objavljuje sliku),USER_SUPPLY,norbin__norbin-n15-v25-fast-clear-voc.webp,/products/norbin/supplied/norbin__norbin-n15-v25-fast-clear-voc.webp,P2,
norbin__norbin-n55-v20-2k-primer-filler-grey,norbin,Norbin N55-V20 2K Primer Filler grey,norbin-n55-v20-2k-primer-filler-grey,,N55-V20,N55-V20,,,"2,5 L",OFFICIAL_IMAGE_NOT_PUBLISHED,/images/products/placeholder-product.svg,NO,,N/A (proizvođač ne objavljuje sliku),USER_SUPPLY,norbin__norbin-n55-v20-2k-primer-filler-grey.webp,/products/norbin/supplied/norbin__norbin-n55-v20-2k-primer-filler-grey.webp,P2,
norbin__norbin-n55-v29-2k-primer-filler-black,norbin,Norbin N55-V29 2K Primer Filler black,norbin-n55-v29-2k-primer-filler-black,,N55-V29,N55-V29,,,"2,5 L",OFFICIAL_IMAGE_NOT_PUBLISHED,/images/products/placeholder-product.svg,NO,,N/A (proizvođač ne objavljuje sliku),USER_SUPPLY,norbin__norbin-n55-v29-2k-primer-filler-black.webp,/products/norbin/supplied/norbin__norbin-n55-v29-2k-primer-filler-black.webp,P2,
norbin__norbin-n60-v20-multifunctional-body-filler-hardener,norbin,Norbin N60-V20 Multifunctional Body Filler + Hardener,norbin-n60-v20-multifunctional-body-filler-hardener,,N60-V20,N60-V20,,,"0,05 kg",OFFICIAL_IMAGE_NOT_PUBLISHED,/images/products/placeholder-product.svg,NO,,N/A (proizvođač ne objavljuje sliku),USER_SUPPLY,norbin__norbin-n60-v20-multifunctional-body-filler-hardener.webp,/products/norbin/supplied/norbin__norbin-n60-v20-multifunctional-body-filler-hardener.webp,P2,
norbin__norbin-n75-020-hardener-fast,norbin,Norbin N75-020 Hardener Fast,norbin-n75-020-hardener-fast,,N75-020,N75-020,,,"0,5 L",OFFICIAL_IMAGE_NOT_PUBLISHED,/images/products/placeholder-product.svg,NO,,N/A (proizvođač ne objavljuje sliku),USER_SUPPLY,norbin__norbin-n75-020-hardener-fast.webp,/products/norbin/supplied/norbin__norbin-n75-020-hardener-fast.webp,P2,
norbin__norbin-n75-021-hardener-normal,norbin,Norbin N75-021 Hardener Normal,norbin-n75-021-hardener-normal,,N75-021,N75-021,,,"0,5 L",OFFICIAL_IMAGE_NOT_PUBLISHED,/images/products/placeholder-product.svg,NO,,N/A (proizvođač ne objavljuje sliku),USER_SUPPLY,norbin__norbin-n75-021-hardener-normal.webp,/products/norbin/supplied/norbin__norbin-n75-021-hardener-normal.webp,P2,
norbin__norbin-n75-022-hardener-slow,norbin,Norbin N75-022 Hardener Slow,norbin-n75-022-hardener-slow,,N75-022,N75-022,,,"2,5 L",OFFICIAL_IMAGE_NOT_PUBLISHED,/images/products/placeholder-product.svg,NO,,N/A (proizvođač ne objavljuje sliku),USER_SUPPLY,norbin__norbin-n75-022-hardener-slow.webp,/products/norbin/supplied/norbin__norbin-n75-022-hardener-slow.webp,P2,
norbin__norbin-n75-v21-clear-hardener-voc,norbin,Norbin N75-V21 Clear Hardener VOC,norbin-n75-v21-clear-hardener-voc,,N75-V21,N75-V21,,,1 L,OFFICIAL_IMAGE_NOT_PUBLISHED,/images/products/placeholder-product.svg,NO,,N/A (proizvođač ne objavljuje sliku),USER_SUPPLY,norbin__norbin-n75-v21-clear-hardener-voc.webp,/products/norbin/supplied/norbin__norbin-n75-v21-clear-hardener-voc.webp,P2,
norbin__norbin-n95-060-silicone-cleaner,norbin,Norbin N95-060 Silicone cleaner,norbin-n95-060-silicone-cleaner,,N95-060,N95-060,,,5 L,OFFICIAL_IMAGE_NOT_PUBLISHED,/images/products/placeholder-product.svg,NO,,N/A (proizvođač ne objavljuje sliku),USER_SUPPLY,norbin__norbin-n95-060-silicone-cleaner.webp,/products/norbin/supplied/norbin__norbin-n95-060-silicone-cleaner.webp,P2,
rm__group-rm-ghd-hardener,rm,R-M GHD HARDENER,rm-h-700-ghd-hardener,,,H 700 H 750 H 770,,,,PLACEHOLDER_ACCEPTED,/images/products/placeholder-product.svg,UNKNOWN,,,KEEP_PLACEHOLDER,rm__group-rm-ghd-hardener.webp,/products/rm/supplied/rm__group-rm-ghd-hardener.webp,P4,"jedna reprezentativna slika grupe pokriva 3 zapisa (H 700, H 750, H 770); Reprezentativna slika grupe. Ne tvrdi se da etiketa na slici odgovara svakoj oznaci; oznaka se bira u katalogu, na kartici konkretnog proizvoda.; DEFERRED_OWNER_IMAGE_SUPPLY: vlasnik ne traži sliku za ovu grupu u ovom periodu; proizvodi ostaju u katalogu"
rm__group-rm-ghd-thinner,rm,R-M GHD THINNER,rm-gv-100-ghd-thinner,,,GV 100 GV 200 GV 300 GV 400,,,,PLACEHOLDER_ACCEPTED,/images/products/placeholder-product.svg,UNKNOWN,,,KEEP_PLACEHOLDER,rm__group-rm-ghd-thinner.webp,/products/rm/supplied/rm__group-rm-ghd-thinner.webp,P4,"jedna reprezentativna slika grupe pokriva 4 zapisa (GV 100, GV 200, GV 300, GV 400); Reprezentativna slika grupe. Ne tvrdi se da etiketa na slici odgovara svakoj oznaci; oznaka se bira u katalogu, na kartici konkretnog proizvoda.; DEFERRED_OWNER_IMAGE_SUPPLY: vlasnik ne traži sliku za ovu grupu u ovom periodu; proizvodi ostaju u katalogu"
rm__rm-a-2010-bril-852,rm,R-M BRIL 852,rm-a-2010-bril-852,,A 2010,A 2010,,,Na upit,OFFICIAL_IMAGE_NOT_PUBLISHED,/images/products/placeholder-product.svg,NO,,N/A (proizvođač ne objavljuje sliku),USER_SUPPLY,rm__rm-a-2010-bril-852.webp,/products/rm/supplied/rm__rm-a-2010-bril-852.webp,P2,
rm__rm-a-2540-agilis-blender-x-treme,rm,R-M AGILIS BLENDER X-TREME,rm-a-2540-agilis-blender-x-treme,,A 2540,A 2540,,,Na upit,OFFICIAL_IMAGE_NOT_PUBLISHED,/images/products/placeholder-product.svg,NO,,N/A (proizvođač ne objavljuje sliku),USER_SUPPLY,rm__rm-a-2540-agilis-blender-x-treme.webp,/products/rm/supplied/rm__rm-a-2540-agilis-blender-x-treme.webp,P2,
rm__rm-a-2810-hydropure,rm,R-M HYDROPURE,rm-a-2810-hydropure,,A 2810,A 2810,,,Na upit,OFFICIAL_IMAGE_NOT_PUBLISHED,/images/products/placeholder-product.svg,NO,,N/A (proizvođač ne objavljuje sliku),USER_SUPPLY,rm__rm-a-2810-hydropure.webp,/products/rm/supplied/rm__rm-a-2810-hydropure.webp,P2,
rm__rm-a-5200-ghd-deco-a,rm,R-M GHD DECO A,rm-a-5200-ghd-deco-a,,A 5200,A 5200,,,Na upit,OFFICIAL_IMAGE_NOT_PUBLISHED,/images/products/placeholder-product.svg,NO,,N/A (proizvođač ne objavljuje sliku),USER_SUPPLY,rm__rm-a-5200-ghd-deco-a.webp,/products/rm/supplied/rm__rm-a-5200-ghd-deco-a.webp,P2,
rm__rm-a-5700-ghd-tinting-paste,rm,R-M GHD TINTING PASTE,rm-a-5700-ghd-tinting-paste,,A 5700,A 5700,,,Na upit,OFFICIAL_IMAGE_NOT_PUBLISHED,/images/products/placeholder-product.svg,NO,,N/A (proizvođač ne objavljuje sliku),USER_SUPPLY,rm__rm-a-5700-ghd-tinting-paste.webp,/products/rm/supplied/rm__rm-a-5700-ghd-tinting-paste.webp,P2,
rm__rm-agilis-x-treme,rm,R-M AGILIS X-TREME,rm-agilis-x-treme,,AGILIS X-TREME,AGILIS X-TREME,,,Na upit,OFFICIAL_IMAGE_NOT_PUBLISHED,/images/products/placeholder-product.svg,NO,,N/A (proizvođač ne objavljuje sliku),USER_SUPPLY,rm__rm-agilis-x-treme.webp,/products/rm/supplied/rm__rm-agilis-x-treme.webp,P2,
rm__rm-am-2p35-blending-thinn-r,rm,R-M BLENDING Thinn-R,rm-am-2p35-blending-thinn-r,,AM 2P35,AM 2P35,,,Na upit,OFFICIAL_IMAGE_NOT_PUBLISHED,/images/products/placeholder-product.svg,NO,,N/A (proizvođač ne objavljuje sliku),USER_SUPPLY,rm__rm-am-2p35-blending-thinn-r.webp,/products/rm/supplied/rm__rm-am-2p35-blending-thinn-r.webp,P2,
rm__rm-c-2a95-mattop,rm,R-M MatTOP,rm-c-2a95-mattop,,C 2A95,C 2A95,,,Na upit,OFFICIAL_IMAGE_NOT_PUBLISHED,/images/products/placeholder-product.svg,NO,,N/A (proizvođač ne objavljuje sliku),USER_SUPPLY,rm__rm-c-2a95-mattop.webp,/products/rm/supplied/rm__rm-c-2a95-mattop.webp,P2,
rm__rm-c-2rm2-wheel-clear-coat,rm,R-M WHEEL CLEAR COAT,rm-c-2rm2-wheel-clear-coat,,C 2RM2,C 2RM2,,,Na upit,OFFICIAL_IMAGE_NOT_PUBLISHED,/images/products/placeholder-product.svg,NO,,N/A (proizvođač ne objavljuje sliku),USER_SUPPLY,rm__rm-c-2rm2-wheel-clear-coat.webp,/products/rm/supplied/rm__rm-c-2rm2-wheel-clear-coat.webp,P2,
rm__rm-d-121-ultra-flash-flake-diamond,rm,R-M ULTRA FLASH FLAKE DIAMOND,rm-d-121-ultra-flash-flake-diamond,,D 121,D 121,,,Na upit,OFFICIAL_IMAGE_NOT_PUBLISHED,/images/products/placeholder-product.svg,NO,,N/A (proizvođač ne objavljuje sliku),USER_SUPPLY,rm__rm-d-121-ultra-flash-flake-diamond.webp,/products/rm/supplied/rm__rm-d-121-ultra-flash-flake-diamond.webp,P2,
rm__rm-db-403-onyx-hd-deep-black,rm,R-M ONYX HD Deep Black,rm-db-403-onyx-hd-deep-black,,DB 403,DB 403,,,Na upit,OFFICIAL_IMAGE_NOT_PUBLISHED,/images/products/placeholder-product.svg,NO,,N/A (proizvođač ne objavljuje sliku),USER_SUPPLY,rm__rm-db-403-onyx-hd-deep-black.webp,/products/rm/supplied/rm__rm-db-403-onyx-hd-deep-black.webp,P2,
rm__rm-diamont-bezbojni-lak,rm,R-M DIAMONT bezbojni lak,rm-diamont-bezbojni-lak,,,,,,1 L,USER_SUPPLY_REQUIRED,/images/products/placeholder-product.svg,UNKNOWN,,,USER_SUPPLY,rm__rm-diamont-bezbojni-lak.webp,/products/rm/supplied/rm__rm-diamont-bezbojni-lak.webp,P2,galerija: 1
rm__rm-ghd-cv-12,rm,R-M GHD CV 12,rm-ghd-cv-12,,GHD CV 12,GHD CV 12,,,Na upit,OFFICIAL_IMAGE_NOT_PUBLISHED,/images/products/placeholder-product.svg,NO,,N/A (proizvođač ne objavljuje sliku),USER_SUPPLY,rm__rm-ghd-cv-12.webp,/products/rm/supplied/rm__rm-ghd-cv-12.webp,P2,
rm__rm-ghd-cv-40m,rm,R-M GHD CV 40M,rm-ghd-cv-40m,,GHD CV 40M,GHD CV 40M,,,Na upit,OFFICIAL_IMAGE_NOT_PUBLISHED,/images/products/placeholder-product.svg,NO,,N/A (proizvođač ne objavljuje sliku),USER_SUPPLY,rm__rm-ghd-cv-40m.webp,/products/rm/supplied/rm__rm-ghd-cv-40m.webp,P2,
rm__rm-h-2a31-fillcure-slow,rm,R-M FillCURE Slow,rm-h-2a31-fillcure-slow,,H 2A31,H 2A31,,,Na upit,OFFICIAL_IMAGE_NOT_PUBLISHED,/images/products/placeholder-product.svg,NO,,N/A (proizvođač ne objavljuje sliku),USER_SUPPLY,rm__rm-h-2a31-fillcure-slow.webp,/products/rm/supplied/rm__rm-h-2a31-fillcure-slow.webp,P2,
rm__rm-h-2a80-fillcure-plus,rm,R-M FillCURE Plus,rm-h-2a80-fillcure-plus,,H 2A80,H 2A80,,,Na upit,OFFICIAL_IMAGE_NOT_PUBLISHED,/images/products/placeholder-product.svg,NO,,N/A (proizvođač ne objavljuje sliku),USER_SUPPLY,rm__rm-h-2a80-fillcure-plus.webp,/products/rm/supplied/rm__rm-h-2a80-fillcure-plus.webp,P2,
rm__rm-h-2a81-fillcure-plus-slow,rm,R-M FillCURE Plus slow,rm-h-2a81-fillcure-plus-slow,,H 2A81,H 2A81,,,Na upit,OFFICIAL_IMAGE_NOT_PUBLISHED,/images/products/placeholder-product.svg,NO,,N/A (proizvođač ne objavljuje sliku),USER_SUPPLY,rm__rm-h-2a81-fillcure-plus-slow.webp,/products/rm/supplied/rm__rm-h-2a81-fillcure-plus-slow.webp,P2,
rm__rm-h-2p80-filler-harden-r-plus,rm,R-M FILLER Harden-R Plus,rm-h-2p80-filler-harden-r-plus,,H 2P80,H 2P80,,,Na upit,OFFICIAL_IMAGE_NOT_PUBLISHED,/images/products/placeholder-product.svg,NO,,N/A (proizvođač ne objavljuje sliku),USER_SUPPLY,rm__rm-h-2p80-filler-harden-r-plus.webp,/products/rm/supplied/rm__rm-h-2p80-filler-harden-r-plus.webp,P2,
rm__rm-h-2p81-filler-harden-r-plus-slow,rm,R-M FILLER Harden-R Plus slow,rm-h-2p81-filler-harden-r-plus-slow,,H 2P81,H 2P81,,,Na upit,OFFICIAL_IMAGE_NOT_PUBLISHED,/images/products/placeholder-product.svg,NO,,N/A (proizvođač ne objavljuje sliku),USER_SUPPLY,rm__rm-h-2p81-filler-harden-r-plus-slow.webp,/products/rm/supplied/rm__rm-h-2p81-filler-harden-r-plus-slow.webp,P2,
rm__rm-h-2p96-matshade-harden-r,rm,R-M MATSHADE Harden-R,rm-h-2p96-matshade-harden-r,,H 2P96,H 2P96,,,Na upit,OFFICIAL_IMAGE_NOT_PUBLISHED,/images/products/placeholder-product.svg,NO,,N/A (proizvođač ne objavljuje sliku),USER_SUPPLY,rm__rm-h-2p96-matshade-harden-r.webp,/products/rm/supplied/rm__rm-h-2p96-matshade-harden-r.webp,P2,
rm__rm-h-340-ghd-protect-filler-hardener,rm,R-M GHD PROTECT FILLER HARDENER,rm-h-340-ghd-protect-filler-hardener,,H 340,H 340,,,Na upit,OFFICIAL_IMAGE_NOT_PUBLISHED,/images/products/placeholder-product.svg,NO,,N/A (proizvođač ne objavljuje sliku),USER_SUPPLY,rm__rm-h-340-ghd-protect-filler-hardener.webp,/products/rm/supplied/rm__rm-h-340-ghd-protect-filler-hardener.webp,P2,
rm__rm-h-5430-ghd-slow-activator,rm,R-M GHD SLOW ACTIVATOR,rm-h-5430-ghd-slow-activator,,H 5430,H 5430,,,Na upit,OFFICIAL_IMAGE_NOT_PUBLISHED,/images/products/placeholder-product.svg,NO,,N/A (proizvođač ne objavljuje sliku),USER_SUPPLY,rm__rm-h-5430-ghd-slow-activator.webp,/products/rm/supplied/rm__rm-h-5430-ghd-slow-activator.webp,P2,
rm__rm-hb-015-agilis-minor-repair,rm,R-M AGILIS Minor Repair,rm-hb-015-agilis-minor-repair,,HB 015,HB 015,,,Na upit,OFFICIAL_IMAGE_NOT_PUBLISHED,/images/products/placeholder-product.svg,NO,,N/A (proizvođač ne objavljuje sliku),USER_SUPPLY,rm__rm-hb-015-agilis-minor-repair.webp,/products/rm/supplied/rm__rm-hb-015-agilis-minor-repair.webp,P2,
rm__rm-hb-10s-gleam-silver-onyx-hd,rm,R-M Gleam Silver ONYX HD,rm-hb-10s-gleam-silver-onyx-hd,,HB 10S,HB 10S,,,Na upit,OFFICIAL_IMAGE_NOT_PUBLISHED,/images/products/placeholder-product.svg,NO,,N/A (proizvođač ne objavljuje sliku),USER_SUPPLY,rm__rm-hb-10s-gleam-silver-onyx-hd.webp,/products/rm/supplied/rm__rm-hb-10s-gleam-silver-onyx-hd.webp,P2,
rm__rm-onyx-blender-plus,rm,R-M ONYX BLENDER PLUS,rm-onyx-blender-plus,,A 2525,A 2525,,,Na upit,OFFICIAL_IMAGE_NOT_PUBLISHED,/images/products/placeholder-product.svg,NO,,N/A (proizvođač ne objavljuje sliku),USER_SUPPLY,rm__rm-onyx-blender-plus.webp,/products/rm/supplied/rm__rm-onyx-blender-plus.webp,P2,
rm__rm-onyx-hd-tropical,rm,R-M ONYX HD TROPICAL,rm-onyx-hd-tropical,,ONYX HD TROPICAL,ONYX HD TROPICAL,,,Na upit,OFFICIAL_IMAGE_NOT_PUBLISHED,/images/products/placeholder-product.svg,NO,,N/A (proizvođač ne objavljuje sliku),USER_SUPPLY,rm__rm-onyx-hd-tropical.webp,/products/rm/supplied/rm__rm-onyx-hd-tropical.webp,P2,
rm__rm-p-2a81-speedfiller-white,rm,R-M SpeedFILLER White,rm-p-2a81-speedfiller-white,,P 2A81,P 2A81,,,Na upit,OFFICIAL_IMAGE_NOT_PUBLISHED,/images/products/placeholder-product.svg,NO,,N/A (proizvođač ne objavljuje sliku),USER_SUPPLY,rm__rm-p-2a81-speedfiller-white.webp,/products/rm/supplied/rm__rm-p-2a81-speedfiller-white.webp,P2,
rm__rm-p-2a85-speedfiller-black,rm,R-M SpeedFILLER Black,rm-p-2a85-speedfiller-black,,P 2A85,P 2A85,,,Na upit,OFFICIAL_IMAGE_NOT_PUBLISHED,/images/products/placeholder-product.svg,NO,,N/A (proizvođač ne objavljuje sliku),USER_SUPPLY,rm__rm-p-2a85-speedfiller-black.webp,/products/rm/supplied/rm__rm-p-2a85-speedfiller-black.webp,P2,
rm__rm-p-5430w-ghd-surfacer-white,rm,R-M GHD SURFACER WHITE,rm-p-5430w-ghd-surfacer-white,,P 5430W,P 5430W,,,Na upit,OFFICIAL_IMAGE_NOT_PUBLISHED,/images/products/placeholder-product.svg,NO,,N/A (proizvođač ne objavljuje sliku),USER_SUPPLY,rm__rm-p-5430w-ghd-surfacer-white.webp,/products/rm/supplied/rm__rm-p-5430w-ghd-surfacer-white.webp,P2,
rm__rm-p-5433-ghd-chassismix,rm,R-M GHD CHASSISMIX,rm-p-5433-ghd-chassismix,,P 5433,P 5433,,,Na upit,OFFICIAL_IMAGE_NOT_PUBLISHED,/images/products/placeholder-product.svg,NO,,N/A (proizvođač ne objavljuje sliku),USER_SUPPLY,rm__rm-p-5433-ghd-chassismix.webp,/products/rm/supplied/rm__rm-p-5433-ghd-chassismix.webp,P2,
rm__rm-p-5520-ghd-multi-primer-filler-cf,rm,R-M GHD MULTI PRIMER FILLER CF,rm-p-5520-ghd-multi-primer-filler-cf,,P 5520,P 5520,,,Na upit,OFFICIAL_IMAGE_NOT_PUBLISHED,/images/products/placeholder-product.svg,NO,,N/A (proizvođač ne objavljuje sliku),USER_SUPPLY,rm__rm-p-5520-ghd-multi-primer-filler-cf.webp,/products/rm/supplied/rm__rm-p-5520-ghd-multi-primer-filler-cf.webp,P2,
rm__rm-p-5540-ghd-protect-primer-filler,rm,R-M GHD PROTECT PRIMER FILLER,rm-p-5540-ghd-protect-primer-filler,,P 5540,P 5540,,,Na upit,OFFICIAL_IMAGE_NOT_PUBLISHED,/images/products/placeholder-product.svg,NO,,N/A (proizvođač ne objavljuje sliku),USER_SUPPLY,rm__rm-p-5540-ghd-protect-primer-filler.webp,/products/rm/supplied/rm__rm-p-5540-ghd-protect-primer-filler.webp,P2,
rm__rm-r-2a20-airtopthinn,rm,R-M AirtopTHINN,rm-r-2a20-airtopthinn,,R 2A20,R 2A20,,,Na upit,OFFICIAL_IMAGE_NOT_PUBLISHED,/images/products/placeholder-product.svg,NO,,N/A (proizvođač ne objavljuje sliku),USER_SUPPLY,rm__rm-r-2a20-airtopthinn.webp,/products/rm/supplied/rm__rm-r-2a20-airtopthinn.webp,P2,
rm__rm-r-2p45-clear-thinn-r,rm,R-M CLEAR Thinn-R,rm-r-2p45-clear-thinn-r,,R 2P45,R 2P45,,,Na upit,OFFICIAL_IMAGE_NOT_PUBLISHED,/images/products/placeholder-product.svg,NO,,N/A (proizvođač ne objavljuje sliku),USER_SUPPLY,rm__rm-r-2p45-clear-thinn-r.webp,/products/rm/supplied/rm__rm-r-2p45-clear-thinn-r.webp,P2,
rm__rm-ra-040-agilis-mix,rm,R-M AGILIS MIX,rm-ra-040-agilis-mix,,RA 040,RA 040,,,Na upit,OFFICIAL_IMAGE_NOT_PUBLISHED,/images/products/placeholder-product.svg,NO,,N/A (proizvođač ne objavljuje sliku),USER_SUPPLY,rm__rm-ra-040-agilis-mix.webp,/products/rm/supplied/rm__rm-ra-040-agilis-mix.webp,P2,
rm__rm-uno-hd,rm,R-M UNO HD,rm-uno-hd,,,,,,Na upit,OFFICIAL_IMAGE_NOT_PUBLISHED,/images/products/placeholder-product.svg,NO,,N/A (proizvođač ne objavljuje sliku),USER_SUPPLY,rm__rm-uno-hd.webp,/products/rm/supplied/rm__rm-uno-hd.webp,P2,
sata__sata-1-0-l-aluminium-pressure-pot-max-pressure-10-bar-hrs,sata,"Aluminijumska posuda pod pritiskom 1,0 l (maks. 10 bar / 150 psi), komplet sa navojnim prstenom",sata-1-0-l-aluminium-pressure-pot-max-pressure-10-bar-hrs,,41806,41806,,,Art. 41806,OFFICIAL_IMAGE_RIGHTS_REVIEW,/images/products/placeholder-product.svg,YES,https://www.sata.com/media/48/37/a5/1788164909/41806_MAIN.WEBP.WEBP,RIGHTS_NOT_CONFIRMED,RIGHTS_DECISION,sata__sata-1-0-l-aluminium-pressure-pot-max-pressure-10-bar-hrs.webp,/products/sata/supplied/sata__sata-1-0-l-aluminium-pressure-pot-max-pressure-10-bar-hrs.webp,P3,
sata__sata-adam-2,sata,SATA adam 2,sata-adam-2,,,160689 160788 160796 160846 160861 160879 162081 195214 195230 195925 211540 211565 211573 1031682 1031723,,,,OFFICIAL_IMAGE_RIGHTS_REVIEW,/images/products/placeholder-product.svg,YES,https://www.sata.com/media/c4/67/99/1788164856/160689_MAIN.WEBP.WEBP,RIGHTS_NOT_CONFIRMED,RIGHTS_DECISION,sata__sata-adam-2.webp,/products/sata/supplied/sata__sata-adam-2.webp,P2,15 redova artikala; redovi bez sopstvene slike dele packshot kartice
sata__sata-adam-x,sata,SATA adam X,sata-adam-x,,1201996,1201996,,,Art. 1201996,OFFICIAL_IMAGE_RIGHTS_REVIEW,/images/products/placeholder-product.svg,YES,https://www.sata.com/media/bb/cf/c5/1788164806/1201996_MAIN.WEBP.WEBP,RIGHTS_NOT_CONFIRMED,RIGHTS_DECISION,sata__sata-adam-x.webp,/products/sata/supplied/sata__sata-adam-x.webp,P2,
sata__sata-adam-x-pro,sata,SATA adam X pro,sata-adam-x-pro,,1202001,1202001,,,Art. 1202001,OFFICIAL_IMAGE_RIGHTS_REVIEW,/images/products/placeholder-product.svg,YES,https://www.sata.com/media/42/6e/f6/1788164805/1202001_MAIN.WEBP.WEBP,RIGHTS_NOT_CONFIRMED,RIGHTS_DECISION,sata__sata-adam-x-pro.webp,/products/sata/supplied/sata__sata-adam-x-pro.webp,P2,
sata__sata-air-cap-protector,sata,Zaštita vazdušne kape (Air cap protector),sata-air-cap-protector,4 izvedbe,,1054006 1054014 1054022 1054030,,,,OFFICIAL_IMAGE_RIGHTS_REVIEW,/images/products/placeholder-product.svg,YES,https://www.sata.com/media/c0/a0/e0/1788164905/1054006_MAIN.WEBP.WEBP,RIGHTS_NOT_CONFIRMED,RIGHTS_DECISION,sata__sata-air-cap-protector.webp,/products/sata/supplied/sata__sata-air-cap-protector.webp,P3,4 redova artikala; redovi bez sopstvene slike dele packshot kartice
sata__sata-air-cap-protector-uv,sata,Zaštita vazdušne kape UV (Air cap protector UV),sata-air-cap-protector-uv,3 izvedbe,,1040807 1040815 1044594,,,,OFFICIAL_IMAGE_RIGHTS_REVIEW,/images/products/placeholder-product.svg,YES,https://www.sata.com/media/3e/b8/e0/1788164905/1040807_MAIN.WEBP.WEBP,RIGHTS_NOT_CONFIRMED,RIGHTS_DECISION,sata__sata-air-cap-protector-uv.webp,/products/sata/supplied/sata__sata-air-cap-protector-uv.webp,P3,3 redova artikala; redovi bez sopstvene slike dele packshot kartice
sata__sata-air-check-set-compressed-air-quality-control-device,sata,SATA air check set — uređaj za kontrolu kvaliteta komprimovanog vazduha,sata-air-check-set-compressed-air-quality-control-device,,7096,7096,,,Art. 7096,OFFICIAL_IMAGE_RIGHTS_REVIEW,/images/products/placeholder-product.svg,YES,https://www.sata.com/media/7d/2a/64/1788164908/7096_MAIN.WEBP.WEBP,RIGHTS_NOT_CONFIRMED,RIGHTS_DECISION,sata__sata-air-check-set-compressed-air-quality-control-device.webp,/products/sata/supplied/sata__sata-air-check-set-compressed-air-quality-control-device.webp,P3,
sata__sata-air-hose,sata,SATA crevo za vazduh,sata-air-hose,11 izvedbi,,4754 9902 13870 37655 50252 50591 50641 51300 53090 189068 195420,,,,OFFICIAL_IMAGE_RIGHTS_REVIEW,/images/products/placeholder-product.svg,YES_PARTIAL (10/11 artikala),https://www.sata.com/media/2f/b2/77/1788164910/9902_MAIN.WEBP.WEBP,RIGHTS_NOT_CONFIRMED,RIGHTS_DECISION,sata__sata-air-hose.webp,/products/sata/supplied/sata__sata-air-hose.webp,P3,11 redova artikala; redovi bez sopstvene slike dele packshot kartice
sata__sata-air-hose-din-8541-max-20-bar,sata,"SATA crevo za vazduh na metar, DIN 8541, maks. 20 bar",sata-air-hose-din-8541-max-20-bar,2 izvedbe,,27300 27318,,,,OFFICIAL_IMAGE_RIGHTS_REVIEW,/images/products/placeholder-product.svg,YES_PARTIAL (1/2 artikala),https://www.sata.com/media/15/32/78/1788164910/27300_MAIN.WEBP.WEBP,RIGHTS_NOT_CONFIRMED,RIGHTS_DECISION,sata__sata-air-hose-din-8541-max-20-bar.webp,/products/sata/supplied/sata__sata-air-hose-din-8541-max-20-bar.webp,P3,2 redova artikala; redovi bez sopstvene slike dele packshot kartice
sata__sata-air-hose-g-1-4,sata,"Crevo za vazduh G 1/4, 500 mm",sata-air-hose-g-1-4,,16063,16063,,,Art. 16063,PLACEHOLDER_ACCEPTED,/images/products/placeholder-product.svg,NO,,RIGHTS_NOT_CONFIRMED,KEEP_PLACEHOLDER,sata__sata-air-hose-g-1-4.webp,/products/sata/supplied/sata__sata-air-hose-g-1-4.webp,P4,pribor faze 2 bez zvanične slike; placeholder je prihvatljiv dok vlasnik ne odluči drugačije
sata__sata-air-hose-one-connection-included-clean-rcs,sata,"SATA crevo za vazduh, sa jednim priključkom, 13 mm, plavo, 0.5 m, G 1/2"" unutrašnji navoj",sata-air-hose-one-connection-included-clean-rcs,,146514,146514,,,Art. 146514,OFFICIAL_IMAGE_RIGHTS_REVIEW,/images/products/placeholder-product.svg,YES,https://www.sata.com/media/e3/fb/f3/1788164910/146514_MAIN.WEBP.WEBP,RIGHTS_NOT_CONFIRMED,RIGHTS_DECISION,sata__sata-air-hose-one-connection-included-clean-rcs.webp,/products/sata/supplied/sata__sata-air-hose-one-connection-included-clean-rcs.webp,P3,
sata__sata-air-tester-atomisation-air-quick-tester,sata,SATA air tester — brzi tester vazduha za raspršivanje,sata-air-tester-atomisation-air-quick-tester,,156299,156299,,,Art. 156299,OFFICIAL_IMAGE_RIGHTS_REVIEW,/images/products/placeholder-product.svg,YES,https://www.sata.com/media/3e/0f/bc/1788164908/156299_MAIN.WEBP.WEBP,RIGHTS_NOT_CONFIRMED,RIGHTS_DECISION,sata__sata-air-tester-atomisation-air-quick-tester.webp,/products/sata/supplied/sata__sata-air-tester-atomisation-air-quick-tester.webp,P3,
sata__sata-airless-paint-hose,sata,SATA airless crevo za boju,sata-airless-paint-hose,3 izvedbe,,19943 19968 19976,,,,OFFICIAL_IMAGE_RIGHTS_REVIEW,/images/products/placeholder-product.svg,YES,https://www.sata.com/media/93/6c/72/1788164910/19943_MAIN.WEBP.WEBP,RIGHTS_NOT_CONFIRMED,RIGHTS_DECISION,sata__sata-airless-paint-hose.webp,/products/sata/supplied/sata__sata-airless-paint-hose.webp,P3,3 redova artikala; redovi bez sopstvene slike dele packshot kartice
sata__sata-ball-tap-teflon,sata,"Kuglasta slavina (teflon), G 3/8"" unutrašnji navoj",sata-ball-tap-teflon,,7989,7989,,,Art. 7989,OFFICIAL_IMAGE_RIGHTS_REVIEW,/images/products/placeholder-product.svg,YES,https://www.sata.com/media/bd/e6/80/1788164911/7989_MAIN.WEBP.WEBP,RIGHTS_NOT_CONFIRMED,RIGHTS_DECISION,sata__sata-ball-tap-teflon.webp,/products/sata/supplied/sata__sata-ball-tap-teflon.webp,P3,
sata__sata-ball-tap-teflon-with-bilateral-thread-female-hose,sata,"Kuglasta slavina (teflon) sa obostranim unutrašnjim navojem i priključkom za crevo, 9 mm, G 3/8""",sata-ball-tap-teflon-with-bilateral-thread-female-hose,,1171751,1171751,,,Art. 1171751,PLACEHOLDER_ACCEPTED,/images/products/placeholder-product.svg,NO,,RIGHTS_NOT_CONFIRMED,KEEP_PLACEHOLDER,sata__sata-ball-tap-teflon-with-bilateral-thread-female-hose.webp,/products/sata/supplied/sata__sata-ball-tap-teflon-with-bilateral-thread-female-hose.webp,P4,pribor faze 2 bez zvanične slike; placeholder je prihvatljiv dok vlasnik ne odluči drugačije
sata__sata-care-set-spray-gun-care-bag-containing-1-large,sata,"SATA care set spray gun care bag containing 1 large cleaning brush, 5 medium-sized cleaning brushes, 5 double-sided cleaning brushes, 12 nozzle cleaning needles, 1 tube high performance grease, silicone- and acid-free, 100 g",sata-care-set-spray-gun-care-bag-containing-1-large,,162628,162628,,,Art. 162628,OFFICIAL_IMAGE_RIGHTS_REVIEW,/images/products/placeholder-product.svg,YES,https://www.sata.com/media/1d/39/8e/1788164913/162628_MAIN.WEBP.WEBP,RIGHTS_NOT_CONFIRMED,RIGHTS_DECISION,sata__sata-care-set-spray-gun-care-bag-containing-1-large.webp,/products/sata/supplied/sata__sata-care-set-spray-gun-care-bag-containing-1-large.webp,P3,
sata__sata-cert-with-archive-spray-pattern-block-single-sheet,sata,"SATA cert, with archive, spray pattern block, single sheet holder and distance marker",sata-cert-with-archive-spray-pattern-block-single-sheet,,161596,161596,,,Art. 161596,OFFICIAL_IMAGE_RIGHTS_REVIEW,/images/products/placeholder-product.svg,YES,https://www.sata.com/media/72/e2/0c/1788164914/161596_MAIN.WEBP.WEBP,RIGHTS_NOT_CONFIRMED,RIGHTS_DECISION,sata__sata-cert-with-archive-spray-pattern-block-single-sheet.webp,/products/sata/supplied/sata__sata-cert-with-archive-spray-pattern-block-single-sheet.webp,P3,
sata__sata-clean-rcs,sata,SATA clean RCS,sata-clean-rcs,,,145581 192518 202564,,,,OFFICIAL_IMAGE_RIGHTS_REVIEW,/images/products/placeholder-product.svg,YES,https://www.sata.com/media/22/ac/44/1788164804/145581_MAIN.WEBP.WEBP,RIGHTS_NOT_CONFIRMED,RIGHTS_DECISION,sata__sata-clean-rcs.webp,/products/sata/supplied/sata__sata-clean-rcs.webp,P2,3 redova artikala; redovi bez sopstvene slike dele packshot kartice
sata__sata-cleaning-brush,sata,Četka za čišćenje,sata-cleaning-brush,4 izvedbe,,18648 29280 53496 147017,,,,OFFICIAL_IMAGE_RIGHTS_REVIEW,/images/products/placeholder-product.svg,YES_PARTIAL (3/4 artikala),https://www.sata.com/media/d6/ff/2a/1788164914/18648_MAIN.WEBP.WEBP,RIGHTS_NOT_CONFIRMED,RIGHTS_DECISION,sata__sata-cleaning-brush.webp,/products/sata/supplied/sata__sata-cleaning-brush.webp,P3,4 redova artikala; redovi bez sopstvene slike dele packshot kartice
sata__sata-cleaning-brush-double-sided-for-spray-guns,sata,"Dvostrana četka za čišćenje pištolja, pakovanje 10 kom.",sata-cleaning-brush-double-sided-for-spray-guns,,9209,9209,,,Art. 9209,OFFICIAL_IMAGE_RIGHTS_REVIEW,/images/products/placeholder-product.svg,YES,https://www.sata.com/media/16/ce/ce/1788164913/9209_MAIN.WEBP.WEBP,RIGHTS_NOT_CONFIRMED,RIGHTS_DECISION,sata__sata-cleaning-brush-double-sided-for-spray-guns.webp,/products/sata/supplied/sata__sata-cleaning-brush-double-sided-for-spray-guns.webp,P3,
sata__sata-cleaning-brush-double-sided-silicone-free,sata,"Dvostrana četka za čišćenje, bez silikona",sata-cleaning-brush-double-sided-silicone-free,,64220,64220,,,Art. 64220,PLACEHOLDER_ACCEPTED,/images/products/placeholder-product.svg,NO,,RIGHTS_NOT_CONFIRMED,KEEP_PLACEHOLDER,sata__sata-cleaning-brush-double-sided-silicone-free.webp,/products/sata/supplied/sata__sata-cleaning-brush-double-sided-silicone-free.webp,P4,pribor faze 2 bez zvanične slike; placeholder je prihvatljiv dok vlasnik ne odluči drugačije
sata__sata-cleaning-brush-for-spray-guns,sata,"Četka za čišćenje pištolja, pakovanje 10 kom.",sata-cleaning-brush-for-spray-guns,,6007,6007,,,Art. 6007,OFFICIAL_IMAGE_RIGHTS_REVIEW,/images/products/placeholder-product.svg,YES,https://www.sata.com/media/ca/8b/40/1788164913/6007_MAIN.WEBP.WEBP,RIGHTS_NOT_CONFIRMED,RIGHTS_DECISION,sata__sata-cleaning-brush-for-spray-guns.webp,/products/sata/supplied/sata__sata-cleaning-brush-for-spray-guns.webp,P3,
sata__sata-cleaning-brush-large-for-spray-guns,sata,"Velika četka za čišćenje pištolja, pakovanje 5 kom.",sata-cleaning-brush-large-for-spray-guns,,158840,158840,,,Art. 158840,OFFICIAL_IMAGE_RIGHTS_REVIEW,/images/products/placeholder-product.svg,YES,https://www.sata.com/media/e4/b5/40/1788164914/158840_MAIN.WEBP.WEBP,RIGHTS_NOT_CONFIRMED,RIGHTS_DECISION,sata__sata-cleaning-brush-large-for-spray-guns.webp,/products/sata/supplied/sata__sata-cleaning-brush-large-for-spray-guns.webp,P3,
sata__sata-cleaning-kit-with-2-cleaning-brushes-medium-and-12,sata,SATA komplet za čišćenje: 2 srednje četke i 12 igala za čišćenje dizni,sata-cleaning-kit-with-2-cleaning-brushes-medium-and-12,,64030,64030,,,Art. 64030,OFFICIAL_IMAGE_RIGHTS_REVIEW,/images/products/placeholder-product.svg,YES,https://www.sata.com/media/89/ce/1f/1788164914/64030_MAIN.WEBP.WEBP,RIGHTS_NOT_CONFIRMED,RIGHTS_DECISION,sata__sata-cleaning-kit-with-2-cleaning-brushes-medium-and-12.webp,/products/sata/supplied/sata__sata-cleaning-kit-with-2-cleaning-brushes-medium-and-12.webp,P3,
sata__sata-compressed-air-driven-hand-agitator,sata,SATA ručna mešalica na komprimovani vazduh,sata-compressed-air-driven-hand-agitator,,16477,16477,,,Art. 16477,OFFICIAL_IMAGE_RIGHTS_REVIEW,/images/products/placeholder-product.svg,YES,https://www.sata.com/media/39/19/60/1788164914/16477_MAIN.WEBP.WEBP,RIGHTS_NOT_CONFIRMED,RIGHTS_DECISION,sata__sata-compressed-air-driven-hand-agitator.webp,/products/sata/supplied/sata__sata-compressed-air-driven-hand-agitator.webp,P3,
sata__sata-conversion-kit-external-cleaning-agent-suction-and-clean-rcs,sata,Komplet za prepravku na spoljno sredstvo za čišćenje — usis i recirkulacija,sata-conversion-kit-external-cleaning-agent-suction-and-clean-rcs,,189472,189472,,,Art. 189472,OFFICIAL_IMAGE_RIGHTS_REVIEW,/images/products/placeholder-product.svg,YES,https://www.sata.com/media/6b/4f/21/1788164909/189472_MAIN.WEBP.WEBP,RIGHTS_NOT_CONFIRMED,RIGHTS_DECISION,sata__sata-conversion-kit-external-cleaning-agent-suction-and-clean-rcs.webp,/products/sata/supplied/sata__sata-conversion-kit-external-cleaning-agent-suction-and-clean-rcs.webp,P3,
sata__sata-coupling-nipple,sata,"Nipla za spojku, pakovanje 3 kom. za SATAgraph 1 / 2 / 3 / 4",sata-coupling-nipple,,32615,32615,,,Art. 32615,OFFICIAL_IMAGE_RIGHTS_REVIEW,/images/products/placeholder-product.svg,YES,https://www.sata.com/media/45/ca/ff/1788164911/32615_MAIN.WEBP.WEBP,RIGHTS_NOT_CONFIRMED,RIGHTS_DECISION,sata__sata-coupling-nipple.webp,/products/sata/supplied/sata__sata-coupling-nipple.webp,P3,
sata__sata-coupling-with,sata,"Spojka, G 1/8"" unutrašnji navoj za SATA BVD i Spray-Master",sata-coupling-with,,53793,53793,,,Art. 53793,OFFICIAL_IMAGE_RIGHTS_REVIEW,/images/products/placeholder-product.svg,YES,https://www.sata.com/media/42/0a/e2/1788164912/53793_MAIN.WEBP.WEBP,RIGHTS_NOT_CONFIRMED,RIGHTS_DECISION,sata__sata-coupling-with.webp,/products/sata/supplied/sata__sata-coupling-with.webp,P3,
sata__sata-cup-adapter-qcc-minijet-4-laminated,sata,"Adapter za čašu QCC, minijet 4, laminiran",sata-cup-adapter-qcc-minijet-4-laminated,,129346,129346,,,Art. 129346,OFFICIAL_IMAGE_RIGHTS_REVIEW,/images/products/placeholder-product.svg,YES,https://www.sata.com/media/b4/24/ab/1788164908/129346_MAIN.WEBP.WEBP,RIGHTS_NOT_CONFIRMED,RIGHTS_DECISION,sata__sata-cup-adapter-qcc-minijet-4-laminated.webp,/products/sata/supplied/sata__sata-cup-adapter-qcc-minijet-4-laminated.webp,P3,
sata__sata-distance-marker,sata,Marker rastojanja za SATA cert,sata-distance-marker,,161661,161661,,,Art. 161661,OFFICIAL_IMAGE_RIGHTS_REVIEW,/images/products/placeholder-product.svg,YES,https://www.sata.com/media/17/13/c0/1788164914/161661_MAIN.WEBP.WEBP,RIGHTS_NOT_CONFIRMED,RIGHTS_DECISION,sata__sata-distance-marker.webp,/products/sata/supplied/sata__sata-distance-marker.webp,P3,
sata__sata-door-wand-steel,sata,Čelična sonda za vrata,sata-door-wand-steel,2 izvedbe,,16071 1158452,,,,OFFICIAL_IMAGE_RIGHTS_REVIEW,/images/products/placeholder-product.svg,YES,https://www.sata.com/media/16/ff/b1/1788164909/16071_MAIN.WEBP.WEBP,RIGHTS_NOT_CONFIRMED,RIGHTS_DECISION,sata__sata-door-wand-steel.webp,/products/sata/supplied/sata__sata-door-wand-steel.webp,P3,2 redova artikala; redovi bez sopstvene slike dele packshot kartice
sata__sata-door-wand-steel-with-flexible-guideway-hose,sata,"Čelična sonda za vrata sa fleksibilnim vodećim crevom, Ø 8 mm, radna dužina 150 mm, 1000 mm, rotaciona mlaznica 360°, rotacioni mlaz i prskanje napred",sata-door-wand-steel-with-flexible-guideway-hose,,196832,196832,,,Art. 196832,OFFICIAL_IMAGE_RIGHTS_REVIEW,/images/products/placeholder-product.svg,YES,https://www.sata.com/media/1e/4d/62/1788164909/196832_MAIN.WEBP.WEBP,RIGHTS_NOT_CONFIRMED,RIGHTS_DECISION,sata__sata-door-wand-steel-with-flexible-guideway-hose.webp,/products/sata/supplied/sata__sata-door-wand-steel-with-flexible-guideway-hose.webp,P3,
sata__sata-dosenboy-to-cut-out-can-lids-from-cans-up-to-height,sata,"SATA dosenboy, to cut out can lids from cans up to 36 cm height",sata-dosenboy-to-cut-out-can-lids-from-cans-up-to-height,,59675,59675,,,Art. 59675,OFFICIAL_IMAGE_RIGHTS_REVIEW,/images/products/placeholder-product.svg,YES,https://www.sata.com/media/34/0a/75/1788164914/59675_MAIN.WEBP.WEBP,RIGHTS_NOT_CONFIRMED,RIGHTS_DECISION,sata__sata-dosenboy-to-cut-out-can-lids-from-cans-up-to-height.webp,/products/sata/supplied/sata__sata-dosenboy-to-cut-out-can-lids-from-cans-up-to-height.webp,P3,
sata__sata-double-pipe-suction-unit-with-quick-coupling,sata,Usisna jedinica sa dve cevi i brzom spojkom za mašinu za pranje pištolja SATA multi-clean,sata-double-pipe-suction-unit-with-quick-coupling,,45864,45864,,,Art. 45864,OFFICIAL_IMAGE_RIGHTS_REVIEW,/images/products/placeholder-product.svg,YES,https://www.sata.com/media/e1/70/86/1788164912/45864_MAIN.WEBP.WEBP,RIGHTS_NOT_CONFIRMED,RIGHTS_DECISION,sata__sata-double-pipe-suction-unit-with-quick-coupling.webp,/products/sata/supplied/sata__sata-double-pipe-suction-unit-with-quick-coupling.webp,P3,
sata__sata-dry-jet-2,sata,SATA dry jet 2,sata-dry-jet-2,,,86165 217489,,,,OFFICIAL_IMAGE_RIGHTS_REVIEW,/images/products/placeholder-product.svg,YES,https://www.sata.com/media/a7/2c/48/1788164854/86165_MAIN.WEBP.WEBP,RIGHTS_NOT_CONFIRMED,RIGHTS_DECISION,sata__sata-dry-jet-2.webp,/products/sata/supplied/sata__sata-dry-jet-2.webp,P2,2 redova artikala; redovi bez sopstvene slike dele packshot kartice
sata__sata-dry-jet-stativ,sata,SATA dry jet Stativ,sata-dry-jet-stativ,,,82198 223008,,,,OFFICIAL_IMAGE_RIGHTS_REVIEW,/images/products/placeholder-product.svg,YES,https://www.sata.com/media/b2/c8/de/1788164854/82198_MAIN.WEBP.WEBP,RIGHTS_NOT_CONFIRMED,RIGHTS_DECISION,sata__sata-dry-jet-stativ.webp,/products/sata/supplied/sata__sata-dry-jet-stativ.webp,P2,2 redova artikala; redovi bez sopstvene slike dele packshot kartice
sata__sata-extension-with-jet-1000-b,sata,Nastavci sa mlaznicom za SATAjet 1000 B,sata-extension-with-jet-1000-b,15 izvedbi,,154211 154229 154237 154252 154260 154278 154294 154302 154310 178533 185520 196162 196170 196188 197269,,,,OFFICIAL_IMAGE_RIGHTS_REVIEW,/images/products/placeholder-product.svg,YES_PARTIAL (10/15 artikala),https://www.sata.com/media/fc/83/c4/1788164906/154211_MAIN.WEBP.WEBP,RIGHTS_NOT_CONFIRMED,RIGHTS_DECISION,sata__sata-extension-with-jet-1000-b.webp,/products/sata/supplied/sata__sata-extension-with-jet-1000-b.webp,P3,15 redova artikala; redovi bez sopstvene slike dele packshot kartice
sata__sata-extension-with-jet-1000-k,sata,Nastavci sa mlaznicom za SATAjet 1000 K,sata-extension-with-jet-1000-k,12 izvedbi,,154435 154443 154450 154476 154484 154492 154518 154526 154534 154559 154567 154575,,,,OFFICIAL_IMAGE_RIGHTS_REVIEW,/images/products/placeholder-product.svg,YES,https://www.sata.com/media/a4/ca/d2/1788164906/154435_MAIN.WEBP.WEBP,RIGHTS_NOT_CONFIRMED,RIGHTS_DECISION,sata__sata-extension-with-jet-1000-k.webp,/products/sata/supplied/sata__sata-extension-with-jet-1000-k.webp,P3,12 redova artikala; redovi bez sopstvene slike dele packshot kartice
sata__sata-fibre-air-hose-with-mini-quick-coupling,sata,"SATA Fibre air hose, 2.5 m long with G 1/4"" (female thread), mini quick coupling for SATAgraph 1 / 2 / 3 (jet 20 B)",sata-fibre-air-hose-with-mini-quick-coupling,,134791,134791,,,Art. 134791,OFFICIAL_IMAGE_RIGHTS_REVIEW,/images/products/placeholder-product.svg,YES,https://www.sata.com/media/91/15/e8/1788164910/134791_MAIN.WEBP.WEBP,RIGHTS_NOT_CONFIRMED,RIGHTS_DECISION,sata__sata-fibre-air-hose-with-mini-quick-coupling.webp,/products/sata/supplied/sata__sata-fibre-air-hose-with-mini-quick-coupling.webp,P3,
sata__sata-flexible-quick-coupling-nipple,sata,"Fleksibilna nipla za brzu spojku, G 1/4"" unutrašnji navoj",sata-flexible-quick-coupling-nipple,,99895,99895,,,Art. 99895,OFFICIAL_IMAGE_RIGHTS_REVIEW,/images/products/placeholder-product.svg,YES,https://www.sata.com/media/e7/91/a0/1788164912/99895_MAIN.WEBP.WEBP,RIGHTS_NOT_CONFIRMED,RIGHTS_DECISION,sata__sata-flexible-quick-coupling-nipple.webp,/products/sata/supplied/sata__sata-flexible-quick-coupling-nipple.webp,P3,
sata__sata-foam-inlay-with-pinched-inlay-truesun,sata,Penasti uložak,sata-foam-inlay-with-pinched-inlay-truesun,,1013151,1013151,,,Art. 1013151,OFFICIAL_IMAGE_RIGHTS_REVIEW,/images/products/placeholder-product.svg,YES,https://www.sata.com/media/e9/68/e9/1788164914/1013151_MAIN.WEBP.WEBP,RIGHTS_NOT_CONFIRMED,RIGHTS_DECISION,sata__sata-foam-inlay-with-pinched-inlay-truesun.webp,/products/sata/supplied/sata__sata-foam-inlay-with-pinched-inlay-truesun.webp,P3,
sata__sata-free-passage-type-quick-coupling-hrs,sata,Brza spojka sa slobodnim prolazom,sata-free-passage-type-quick-coupling-hrs,,8359,8359,,,Art. 8359,OFFICIAL_IMAGE_RIGHTS_REVIEW,/images/products/placeholder-product.svg,YES,https://www.sata.com/media/82/96/db/1788164913/8359_MAIN.WEBP.WEBP,RIGHTS_NOT_CONFIRMED,RIGHTS_DECISION,sata__sata-free-passage-type-quick-coupling-hrs.webp,/products/sata/supplied/sata__sata-free-passage-type-quick-coupling-hrs.webp,P3,
sata__sata-gravity-gun-holder,sata,SATA držač za pištolje sa gornjom čašom,sata-gravity-gun-holder,,9886,9886,,,Art. 9886,OFFICIAL_IMAGE_RIGHTS_REVIEW,/images/products/placeholder-product.svg,YES,https://www.sata.com/media/07/d5/c6/1788164905/9886_MAIN.WEBP.WEBP,RIGHTS_NOT_CONFIRMED,RIGHTS_DECISION,sata__sata-gravity-gun-holder.webp,/products/sata/supplied/sata__sata-gravity-gun-holder.webp,P3,
sata__sata-ground-plate-rps-the-original,sata,Podna ploča,sata-ground-plate-rps-the-original,,197723,197723,,,Art. 197723,OFFICIAL_IMAGE_RIGHTS_REVIEW,/images/products/placeholder-product.svg,YES,https://www.sata.com/media/b7/56/1d/1788164908/197723_MAIN.WEBP.WEBP,RIGHTS_NOT_CONFIRMED,RIGHTS_DECISION,sata__sata-ground-plate-rps-the-original.webp,/products/sata/supplied/sata__sata-ground-plate-rps-the-original.webp,P3,
sata__sata-high-performance-grease-silicone-and-acid-free-100,sata,"SATA mast visokih performansi za pištolje, bez silikona i kiselina, 100 ml",sata-high-performance-grease-silicone-and-acid-free-100,,48173,48173,,,Art. 48173,OFFICIAL_IMAGE_RIGHTS_REVIEW,/images/products/placeholder-product.svg,YES,https://www.sata.com/media/8c/e6/86/1788164914/48173_MAIN.WEBP.WEBP,RIGHTS_NOT_CONFIRMED,RIGHTS_DECISION,sata__sata-high-performance-grease-silicone-and-acid-free-100.webp,/products/sata/supplied/sata__sata-high-performance-grease-silicone-and-acid-free-100.webp,P3,
sata__sata-hku,sata,SATA HKU,sata-hku,,,14555 34389,,,,OFFICIAL_IMAGE_RIGHTS_REVIEW,/images/products/placeholder-product.svg,YES,https://www.sata.com/media/3a/a4/8c/1788164805/14555_MAIN.WEBP.WEBP,RIGHTS_NOT_CONFIRMED,RIGHTS_DECISION,sata__sata-hku.webp,/products/sata/supplied/sata__sata-hku.webp,P2,2 redova artikala; redovi bez sopstvene slike dele packshot kartice
sata__sata-hook-wand-connection-ii,sata,"Kukasta sonda, priključak II",sata-hook-wand-connection-ii,,54460,54460,,,Art. 54460,OFFICIAL_IMAGE_RIGHTS_REVIEW,/images/products/placeholder-product.svg,YES,https://www.sata.com/media/23/95/68/1788164909/54460_MAIN.WEBP.WEBP,RIGHTS_NOT_CONFIRMED,RIGHTS_DECISION,sata__sata-hook-wand-connection-ii.webp,/products/sata/supplied/sata__sata-hook-wand-connection-ii.webp,P3,
sata__sata-hose-clean-rcs,sata,"Crevo, pakovanje 2 kom.",sata-hose-clean-rcs,,147025,147025,,,Art. 147025,PLACEHOLDER_ACCEPTED,/images/products/placeholder-product.svg,NO,,RIGHTS_NOT_CONFIRMED,KEEP_PLACEHOLDER,sata__sata-hose-clean-rcs.webp,/products/sata/supplied/sata__sata-hose-clean-rcs.webp,P4,pribor faze 2 bez zvanične slike; placeholder je prihvatljiv dok vlasnik ne odluči drugačije
sata__sata-hose-pair-mini-set-2,sata,SATA par creva za SATA mini Set 2,sata-hose-pair-mini-set-2,2 izvedbe,,19869 187708,,,,OFFICIAL_IMAGE_RIGHTS_REVIEW,/images/products/placeholder-product.svg,YES,https://www.sata.com/media/c3/86/16/1788164911/19869_MAIN.WEBP.WEBP,RIGHTS_NOT_CONFIRMED,RIGHTS_DECISION,sata__sata-hose-pair-mini-set-2.webp,/products/sata/supplied/sata__sata-hose-pair-mini-set-2.webp,P3,2 redova artikala; redovi bez sopstvene slike dele packshot kartice
sata__sata-hose-pair-vario-top-spray,sata,SATA par creva za SATA vario top spray,sata-hose-pair-vario-top-spray,9 izvedbi,,77834 77842 77859 147504 147512 147520 187716 187724 187732,,,,OFFICIAL_IMAGE_RIGHTS_REVIEW,/images/products/placeholder-product.svg,YES,https://www.sata.com/media/a2/5f/e3/1788164911/77834_MAIN.WEBP.WEBP,RIGHTS_NOT_CONFIRMED,RIGHTS_DECISION,sata__sata-hose-pair-vario-top-spray.webp,/products/sata/supplied/sata__sata-hose-pair-vario-top-spray.webp,P3,9 redova artikala; redovi bez sopstvene slike dele packshot kartice
sata__sata-hrs,sata,SATA HRS,sata-hrs,,,9795 11072 11858 12658 24018,,,,OFFICIAL_IMAGE_RIGHTS_REVIEW,/images/products/placeholder-product.svg,YES,https://www.sata.com/media/67/f6/e1/1788164854/9795_MAIN.WEBP.WEBP,RIGHTS_NOT_CONFIRMED,RIGHTS_DECISION,sata__sata-hrs.webp,/products/sata/supplied/sata__sata-hrs.webp,P2,5 redova artikala; redovi bez sopstvene slike dele packshot kartice
sata__sata-hrs-e,sata,SATA HRS-E,sata-hrs-e,,,77347 172882 207290 1044825,,,,OFFICIAL_IMAGE_RIGHTS_REVIEW,/images/products/placeholder-product.svg,YES,https://www.sata.com/media/41/c5/3c/1788164853/77347_MAIN.WEBP.WEBP,RIGHTS_NOT_CONFIRMED,RIGHTS_DECISION,sata__sata-hrs-e.webp,/products/sata/supplied/sata__sata-hrs-e.webp,P2,4 redova artikala; redovi bez sopstvene slike dele packshot kartice
sata__sata-insert,sata,Uložak za držač pištolja sa držačem sita za SATAminijet,sata-insert,,134932,134932,,,Art. 134932,OFFICIAL_IMAGE_RIGHTS_REVIEW,/images/products/placeholder-product.svg,YES,https://www.sata.com/media/24/24/76/1788164906/134932_MAIN.WEBP.WEBP,RIGHTS_NOT_CONFIRMED,RIGHTS_DECISION,sata__sata-insert.webp,/products/sata/supplied/sata__sata-insert.webp,P3,
sata__sata-insertion-drawer,sata,Uložna fioka za mokru posudu SATA clean,sata-insertion-drawer,,67942,67942,,,Art. 67942,OFFICIAL_IMAGE_RIGHTS_REVIEW,/images/products/placeholder-product.svg,YES,https://www.sata.com/media/51/7e/12/1788164906/67942_MAIN.WEBP.WEBP,RIGHTS_NOT_CONFIRMED,RIGHTS_DECISION,sata__sata-insertion-drawer.webp,/products/sata/supplied/sata__sata-insertion-drawer.webp,P3,
sata__sata-intermediate-piece-and-for-material-connection,sata,"Međukomad za priključak materijala, G 1/4"" unutrašnji navoj, 3/8"" spoljašnji navoj",sata-intermediate-piece-and-for-material-connection,,191551,191551,,,Art. 191551,OFFICIAL_IMAGE_RIGHTS_REVIEW,/images/products/placeholder-product.svg,YES,https://www.sata.com/media/f7/ee/ff/1788164908/191551_MAIN.WEBP.WEBP,RIGHTS_NOT_CONFIRMED,RIGHTS_DECISION,sata__sata-intermediate-piece-and-for-material-connection.webp,/products/sata/supplied/sata__sata-intermediate-piece-and-for-material-connection.webp,P3,
sata__sata-jet-k,sata,SATA jet K,sata-jet-k,,,1238840 1238866 1238874 1238882 1238890 1238907 1238915 1238923 1238931 1238949 1238981 1238999 1239004 1239012 1239020 1239038 1239046 1255224 1255258 1255266 1255521 1255539 1255547 1255563 1255589 1255860 1255919 1255927 1255935 1255943 1255951 1255969 1255977 1257519 1257527,,,,OFFICIAL_IMAGE_RIGHTS_REVIEW,/images/products/placeholder-product.svg,YES,https://www.sata.com/media/ea/87/17/1788164842/1238840_MAIN.WEBP.WEBP,RIGHTS_NOT_CONFIRMED,RIGHTS_DECISION,sata__sata-jet-k.webp,/products/sata/supplied/sata__sata-jet-k.webp,P2,35 redova artikala; redovi bez sopstvene slike dele packshot kartice
sata__sata-jet-x,sata,SATA jet X,sata-jet-x,,,1200013 1200021 1200039 1200047 1200055 1200063 1200071 1200089 1200097 1200104 1200112 1200120 1200138 1200146 1200154 1200162 1200170 1200188 1200196 1200203 1200211 1200229 1200237 1200245 1200253 1200261 1200279 1200287 1200295 1200302 1200310 1200328 1200336 1200344 1200352 1200360 1200378 1200386 1200394 1200401 1200419 1200427 1200435 1200443 1200451 1200469 1200477 1200485 1200493 1200500 1200518 1200526 1200534 1200542 1200550 1200568 1200576 1200584 1201938 1201946 1201954 1201962 1201970 1201988 1215583 1215591 1215608 1215616,,,,OFFICIAL_IMAGE_RIGHTS_REVIEW,/images/products/placeholder-product.svg,YES,https://www.sata.com/media/c6/99/72/1788164823/1200013_MAIN.WEBP.WEBP,RIGHTS_NOT_CONFIRMED,RIGHTS_DECISION,sata__sata-jet-x.webp,/products/sata/supplied/sata__sata-jet-x.webp,P2,68 redova artikala; redovi bez sopstvene slike dele packshot kartice
sata__sata-jet-x-basecoat-edition,sata,SATA jet X basecoat Edition,sata-jet-x-basecoat-edition,,,1267021 1267089 1267097 1267146 1267170 1267295 1267344 1267352 1267451 1267485 1267493 1267500 1267518 1267526 1267534 1267542 1268847,,,,OFFICIAL_IMAGE_RIGHTS_REVIEW,/images/products/placeholder-product.svg,YES,https://www.sata.com/media/96/a9/39/1788164809/1267021_MAIN.WEBP.WEBP,RIGHTS_NOT_CONFIRMED,RIGHTS_DECISION,sata__sata-jet-x-basecoat-edition.webp,/products/sata/supplied/sata__sata-jet-x-basecoat-edition.webp,P2,17 redova artikala; redovi bez sopstvene slike dele packshot kartice
sata__sata-jet-x-by-stilbruch-edition,sata,SATA jet X by Stilbruch Edition,sata-jet-x-by-stilbruch-edition,,,1266528 1266651 1266669 1266677 1266734 1266742 1266750 1266768 1266776 1266784 1266792 1266809 1266817 1266825 1266859 1266867 1266875,,,,OFFICIAL_IMAGE_RIGHTS_REVIEW,/images/products/placeholder-product.svg,YES,https://www.sata.com/media/f5/49/4d/1788164812/1266528_MAIN.WEBP.WEBP,RIGHTS_NOT_CONFIRMED,RIGHTS_DECISION,sata__sata-jet-x-by-stilbruch-edition.webp,/products/sata/supplied/sata__sata-jet-x-by-stilbruch-edition.webp,P2,17 redova artikala; redovi bez sopstvene slike dele packshot kartice
sata__sata-jet-x-clearcoat-edition,sata,SATA jet X clearcoat Edition,sata-jet-x-clearcoat-edition,,,1266891 1266924 1266932 1266940 1266958,,,,OFFICIAL_IMAGE_RIGHTS_REVIEW,/images/products/placeholder-product.svg,YES,https://www.sata.com/media/75/da/14/1788164808/1266891_MAIN.WEBP.WEBP,RIGHTS_NOT_CONFIRMED,RIGHTS_DECISION,sata__sata-jet-x-clearcoat-edition.webp,/products/sata/supplied/sata__sata-jet-x-clearcoat-edition.webp,P2,5 redova artikala; redovi bez sopstvene slike dele packshot kartice
sata__sata-lackierpistolenkoffer,sata,SATA Kofer za pištolj za lakiranje,sata-lackierpistolenkoffer,,,1172 153288 1222851 1223445 1230078 1231365 1231381 1231886,,,,OFFICIAL_IMAGE_RIGHTS_REVIEW,/images/products/placeholder-product.svg,YES,https://www.sata.com/media/9e/d5/54/1788164907/153288_MAIN.WEBP.WEBP,RIGHTS_NOT_CONFIRMED,RIGHTS_DECISION,sata__sata-lackierpistolenkoffer.webp,/products/sata/supplied/sata__sata-lackierpistolenkoffer.webp,P2,8 redova artikala; redovi bez sopstvene slike dele packshot kartice
sata__sata-lcs-the-liner,sata,SATA LCS - the Liner,sata-lcs-the-liner,,,1195818 1195826 1195834 1195850 1195868 1195876 1239476 1239525,,,,OFFICIAL_IMAGE_RIGHTS_REVIEW,/images/products/placeholder-product.svg,YES,https://www.sata.com/media/37/0e/2b/1788164848/1195818_MAIN.WEBP.WEBP,RIGHTS_NOT_CONFIRMED,RIGHTS_DECISION,sata__sata-lcs-the-liner.webp,/products/sata/supplied/sata__sata-lcs-the-liner.webp,P2,8 redova artikala; redovi bez sopstvene slike dele packshot kartice
sata__sata-luftmikrometer,sata,SATA Mikrometar vazduha,sata-luftmikrometer,,,9860 27771 48934,,,,OFFICIAL_IMAGE_RIGHTS_REVIEW,/images/products/placeholder-product.svg,YES,https://www.sata.com/media/3d/0a/c5/1788164805/27771_MAIN.WEBP.WEBP,RIGHTS_NOT_CONFIRMED,RIGHTS_DECISION,sata__sata-luftmikrometer.webp,/products/sata/supplied/sata__sata-luftmikrometer.webp,P2,3 redova artikala; redovi bez sopstvene slike dele packshot kartice
sata__sata-manometer,sata,SATA Manometar,sata-manometer,,,4002 18937 18960 19158 22046 22319 25015 25064 48736 62075 74625 123513 156026,,,,OFFICIAL_IMAGE_RIGHTS_REVIEW,/images/products/placeholder-product.svg,YES,https://www.sata.com/media/72/5a/fb/1788164805/4002_MAIN.WEBP.WEBP,RIGHTS_NOT_CONFIRMED,RIGHTS_DECISION,sata__sata-manometer.webp,/products/sata/supplied/sata__sata-manometer.webp,P2,13 redova artikala; redovi bez sopstvene slike dele packshot kartice
sata__sata-material-coupling-with-plug-in-nipple,sata,"SATA spojka za materijal sa utičnom niplom, 3/8"" spoljašnji navoj, G 3/8"" unutrašnji navoj za SATA pištolje sa dovodom pod pritiskom",sata-material-coupling-with-plug-in-nipple,,91140,91140,,,Art. 91140,OFFICIAL_IMAGE_RIGHTS_REVIEW,/images/products/placeholder-product.svg,YES,https://www.sata.com/media/88/6b/9f/1788164912/91140_MAIN.WEBP.WEBP,RIGHTS_NOT_CONFIRMED,RIGHTS_DECISION,sata__sata-material-coupling-with-plug-in-nipple.webp,/products/sata/supplied/sata__sata-material-coupling-with-plug-in-nipple.webp,P3,
sata__sata-material-hose,sata,SATA crevo za materijal,sata-material-hose,3 izvedbe,,49155 49999 50161,,,,OFFICIAL_IMAGE_RIGHTS_REVIEW,/images/products/placeholder-product.svg,YES_PARTIAL (2/3 artikala),https://www.sata.com/media/40/8e/2b/1788164910/49999_MAIN.WEBP.WEBP,RIGHTS_NOT_CONFIRMED,RIGHTS_DECISION,sata__sata-material-hose.webp,/products/sata/supplied/sata__sata-material-hose.webp,P3,3 redova artikala; redovi bez sopstvene slike dele packshot kartice
sata__sata-material-hose-solvent-resistant,sata,"Crevo za materijal, otporno na rastvarače, 9 x 3.5 mm, rolna 50 m",sata-material-hose-solvent-resistant,,54114,54114,,,Art. 54114,OFFICIAL_IMAGE_RIGHTS_REVIEW,/images/products/placeholder-product.svg,YES,https://www.sata.com/media/66/d4/4a/1788164910/54114_MAIN.WEBP.WEBP,RIGHTS_NOT_CONFIRMED,RIGHTS_DECISION,sata__sata-material-hose-solvent-resistant.webp,/products/sata/supplied/sata__sata-material-hose-solvent-resistant.webp,P3,
sata__sata-material-pressure-tank-10,sata,SATA material pressure tank 10,sata-material-pressure-tank-10,,,1182740 1182815 1182823 1182831 1182849 1182906,,,,OFFICIAL_IMAGE_RIGHTS_REVIEW,/images/products/placeholder-product.svg,YES,https://www.sata.com/media/c6/9f/a5/1788164806/1182740_MAIN.WEBP.WEBP,RIGHTS_NOT_CONFIRMED,RIGHTS_DECISION,sata__sata-material-pressure-tank-10.webp,/products/sata/supplied/sata__sata-material-pressure-tank-10.webp,P2,6 redova artikala; redovi bez sopstvene slike dele packshot kartice
sata__sata-material-pressure-tank-22,sata,SATA material pressure tank 22,sata-material-pressure-tank-22,,,1182914 1182922 1182930 1182948 1182956 1182964 1182972 1182980,,,,OFFICIAL_IMAGE_RIGHTS_REVIEW,/images/products/placeholder-product.svg,YES,https://www.sata.com/media/a1/ae/75/1788164857/1182914_MAIN.WEBP.WEBP,RIGHTS_NOT_CONFIRMED,RIGHTS_DECISION,sata__sata-material-pressure-tank-22.webp,/products/sata/supplied/sata__sata-material-pressure-tank-22.webp,P2,8 redova artikala; redovi bez sopstvene slike dele packshot kartice
sata__sata-material-pressure-tank-45,sata,SATA material pressure tank 45,sata-material-pressure-tank-45,,,1182998 1183003 1183011 1183029 1183037 1183045 1183053 1183061,,,,OFFICIAL_IMAGE_RIGHTS_REVIEW,/images/products/placeholder-product.svg,YES,https://www.sata.com/media/6a/3f/37/1788164857/1182998_MAIN.WEBP.WEBP,RIGHTS_NOT_CONFIRMED,RIGHTS_DECISION,sata__sata-material-pressure-tank-45.webp,/products/sata/supplied/sata__sata-material-pressure-tank-45.webp,P2,8 redova artikala; redovi bez sopstvene slike dele packshot kartice
sata__sata-mini-set-2,sata,SATA mini Set 2,sata-mini-set-2,,,21733 56408 57232 83444 120840,,,,OFFICIAL_IMAGE_RIGHTS_REVIEW,/images/products/placeholder-product.svg,YES,https://www.sata.com/media/34/d8/3e/1788164857/56408_MAIN.WEBP.WEBP,RIGHTS_NOT_CONFIRMED,RIGHTS_DECISION,sata__sata-mini-set-2.webp,/products/sata/supplied/sata__sata-mini-set-2.webp,P2,5 redova artikala; redovi bez sopstvene slike dele packshot kartice
sata__sata-multi-clean-2,sata,SATA multi clean 2,sata-multi-clean-2,,38257,38257,,,Art. 38257,OFFICIAL_IMAGE_RIGHTS_REVIEW,/images/products/placeholder-product.svg,YES,https://www.sata.com/media/53/6f/7f/1788164805/38257_MAIN.WEBP.WEBP,RIGHTS_NOT_CONFIRMED,RIGHTS_DECISION,sata__sata-multi-clean-2.webp,/products/sata/supplied/sata__sata-multi-clean-2.webp,P2,
sata__sata-nipple,sata,Nipla za SATA brzu spojku,sata-nipple,3 izvedbe,,13508 13516 13524,,,,OFFICIAL_IMAGE_RIGHTS_REVIEW,/images/products/placeholder-product.svg,YES,https://www.sata.com/media/cd/8e/89/1788164911/13508_MAIN.WEBP.WEBP,RIGHTS_NOT_CONFIRMED,RIGHTS_DECISION,sata__sata-nipple.webp,/products/sata/supplied/sata__sata-nipple.webp,P3,3 redova artikala; redovi bez sopstvene slike dele packshot kartice
sata__sata-nipple-with-swivel-nut,sata,Nipla sa okretnom navrtkom za spojku za materijal,sata-nipple-with-swivel-nut,,91108,91108,,,Art. 91108,OFFICIAL_IMAGE_RIGHTS_REVIEW,/images/products/placeholder-product.svg,YES,https://www.sata.com/media/c7/42/53/1788164912/91108_MAIN.WEBP.WEBP,RIGHTS_NOT_CONFIRMED,RIGHTS_DECISION,sata__sata-nipple-with-swivel-nut.webp,/products/sata/supplied/sata__sata-nipple-with-swivel-nut.webp,P3,
sata__sata-nozzle-cleaning-kit-includes-sealing-insert-and-cap-jet-3000-k-spray-mix,sata,"SATA komplet za čišćenje dizni, sa zaptivnim uloškom i kapicom",sata-nozzle-cleaning-kit-includes-sealing-insert-and-cap-jet-3000-k-spray-mix,,30833,30833,,,Art. 30833,OFFICIAL_IMAGE_RIGHTS_REVIEW,/images/products/placeholder-product.svg,YES,https://www.sata.com/media/4c/5b/93/1788164914/30833_MAIN.WEBP.WEBP,RIGHTS_NOT_CONFIRMED,RIGHTS_DECISION,sata__sata-nozzle-cleaning-kit-includes-sealing-insert-and-cap-jet-3000-k-spray-mix.webp,/products/sata/supplied/sata__sata-nozzle-cleaning-kit-includes-sealing-insert-and-cap-jet-3000-k-spray-mix.webp,P3,
sata__sata-nozzle-cleaning-needles,sata,SATA igle za čišćenje dizni,sata-nozzle-cleaning-needles,2 izvedbe,,9894 62174,,,,OFFICIAL_IMAGE_RIGHTS_REVIEW,/images/products/placeholder-product.svg,YES,https://www.sata.com/media/6a/32/3b/1788164913/9894_MAIN.WEBP.WEBP,RIGHTS_NOT_CONFIRMED,RIGHTS_DECISION,sata__sata-nozzle-cleaning-needles.webp,/products/sata/supplied/sata__sata-nozzle-cleaning-needles.webp,P3,2 redova artikala; redovi bez sopstvene slike dele packshot kartice
sata__sata-nozzle-cleaning-set-jet-k-1800-spray-mix,sata,SATA set za čišćenje dizni,sata-nozzle-cleaning-set-jet-k-1800-spray-mix,,1112854,1112854,,,Art. 1112854,OFFICIAL_IMAGE_RIGHTS_REVIEW,/images/products/placeholder-product.svg,YES,https://www.sata.com/media/0f/09/ae/1788164914/1112854_MAIN.WEBP.WEBP,RIGHTS_NOT_CONFIRMED,RIGHTS_DECISION,sata__sata-nozzle-cleaning-set-jet-k-1800-spray-mix.webp,/products/sata/supplied/sata__sata-nozzle-cleaning-set-jet-k-1800-spray-mix.webp,P3,
sata__sata-nylon-wand-connection-ii,sata,"Najlonska sonda, priključak II, 1500 mm",sata-nylon-wand-connection-ii,,77941,77941,,,Art. 77941,OFFICIAL_IMAGE_RIGHTS_REVIEW,/images/products/placeholder-product.svg,YES,https://www.sata.com/media/08/bd/92/1788164909/77941_MAIN.WEBP.WEBP,RIGHTS_NOT_CONFIRMED,RIGHTS_DECISION,sata__sata-nylon-wand-connection-ii.webp,/products/sata/supplied/sata__sata-nylon-wand-connection-ii.webp,P3,
sata__sata-nylon-wand-flexible,sata,Fleksibilna najlonska sonda,sata-nylon-wand-flexible,4 izvedbe,,11874 16105 16113 1058826,,,,OFFICIAL_IMAGE_RIGHTS_REVIEW,/images/products/placeholder-product.svg,YES,https://www.sata.com/media/66/ac/37/1788164909/11874_MAIN.WEBP.WEBP,RIGHTS_NOT_CONFIRMED,RIGHTS_DECISION,sata__sata-nylon-wand-flexible.webp,/products/sata/supplied/sata__sata-nylon-wand-flexible.webp,P3,4 redova artikala; redovi bez sopstvene slike dele packshot kartice
sata__sata-nylon-wand-flexible-1500-long-screwable-6-hole,sata,"Nylon wand, flexible 1500 long, ø 8 mm, screwable rotary nozzle, 6-hole, spraying slit 0.5 mm",sata-nylon-wand-flexible-1500-long-screwable-6-hole,,222729,222729,,,Art. 222729,OFFICIAL_IMAGE_RIGHTS_REVIEW,/images/products/placeholder-product.svg,YES,https://www.sata.com/media/84/86/31/1788164909/222729_MAIN.WEBP.WEBP,RIGHTS_NOT_CONFIRMED,RIGHTS_DECISION,sata__sata-nylon-wand-flexible-1500-long-screwable-6-hole.webp,/products/sata/supplied/sata__sata-nylon-wand-flexible-1500-long-screwable-6-hole.webp,P3,
sata__sata-nylon-wand-semi-rigid,sata,"Polukruta najlonska sonda, Ø 6 mm, 1500 mm, rotaciona mlaznica 360°, koso prskanje napred i nazad",sata-nylon-wand-semi-rigid,,51185,51185,,,Art. 51185,OFFICIAL_IMAGE_RIGHTS_REVIEW,/images/products/placeholder-product.svg,YES,https://www.sata.com/media/50/85/cf/1788164909/51185_MAIN.WEBP.WEBP,RIGHTS_NOT_CONFIRMED,RIGHTS_DECISION,sata__sata-nylon-wand-semi-rigid.webp,/products/sata/supplied/sata__sata-nylon-wand-semi-rigid.webp,P3,
sata__sata-paint-hose-solvent-resistant,sata,"Crevo za boju, otporno na rastvarače, 6 x 3 mm, rolna 50 m",sata-paint-hose-solvent-resistant,,61259,61259,,,Art. 61259,PLACEHOLDER_ACCEPTED,/images/products/placeholder-product.svg,NO,,RIGHTS_NOT_CONFIRMED,KEEP_PLACEHOLDER,sata__sata-paint-hose-solvent-resistant.webp,/products/sata/supplied/sata__sata-paint-hose-solvent-resistant.webp,P4,pribor faze 2 bez zvanične slike; placeholder je prihvatljiv dok vlasnik ne odluči drugačije
sata__sata-protective-sleeve,sata,Zaštitni rukavac za par creva,sata-protective-sleeve,3 izvedbe,,160994 161000 161018,,,,OFFICIAL_IMAGE_RIGHTS_REVIEW,/images/products/placeholder-product.svg,YES,https://www.sata.com/media/34/43/a3/1788164911/160994_MAIN.WEBP.WEBP,RIGHTS_NOT_CONFIRMED,RIGHTS_DECISION,sata__sata-protective-sleeve.webp,/products/sata/supplied/sata__sata-protective-sleeve.webp,P3,3 redova artikala; redovi bez sopstvene slike dele packshot kartice
sata__sata-pump-spray-cleaning-bottle-not-suitable,sata,Boca sa pumpicom za čišćenje (nije za razređivač),sata-pump-spray-cleaning-bottle-not-suitable,,127860,127860,,,Art. 127860,OFFICIAL_IMAGE_RIGHTS_REVIEW,/images/products/placeholder-product.svg,YES,https://www.sata.com/media/4e/a6/c5/1788164914/127860_MAIN.WEBP.WEBP,RIGHTS_NOT_CONFIRMED,RIGHTS_DECISION,sata__sata-pump-spray-cleaning-bottle-not-suitable.webp,/products/sata/supplied/sata__sata-pump-spray-cleaning-bottle-not-suitable.webp,P3,
sata__sata-pvc-air-hose-with-mini-quick-coupling-nipple-with-minijet-4400-b,sata,"SATA PVC crevo za vazduh sa mini brzom spojkom i niplama, 2 m, G 1/4"" unutrašnji navoj",sata-pvc-air-hose-with-mini-quick-coupling-nipple-with-minijet-4400-b,,54353,54353,,,Art. 54353,OFFICIAL_IMAGE_RIGHTS_REVIEW,/images/products/placeholder-product.svg,YES,https://www.sata.com/media/56/1f/84/1788164910/54353_MAIN.WEBP.WEBP,RIGHTS_NOT_CONFIRMED,RIGHTS_DECISION,sata__sata-pvc-air-hose-with-mini-quick-coupling-nipple-with-minijet-4400-b.webp,/products/sata/supplied/sata__sata-pvc-air-hose-with-mini-quick-coupling-nipple-with-minijet-4400-b.webp,P3,
sata__sata-pvc-compressed-air-hose-with-mini-quick-coupling-jet-20-b,sata,"SATA PVC crevo za komprimovani vazduh sa mini brzom spojkom i niplom, providno, 3 m, G 1/4"" unutrašnji navoj",sata-pvc-compressed-air-hose-with-mini-quick-coupling-jet-20-b,,32987,32987,,,Art. 32987,OFFICIAL_IMAGE_RIGHTS_REVIEW,/images/products/placeholder-product.svg,YES,https://www.sata.com/media/d7/19/ee/1788164910/32987_MAIN.WEBP.WEBP,RIGHTS_NOT_CONFIRMED,RIGHTS_DECISION,sata__sata-pvc-compressed-air-hose-with-mini-quick-coupling-jet-20-b.webp,/products/sata/supplied/sata__sata-pvc-compressed-air-hose-with-mini-quick-coupling-jet-20-b.webp,P3,
sata__sata-qmr-quick-material-regulator,sata,SATA QMR (Quick Material Regulator),sata-qmr-quick-material-regulator,5 izvedbi,,1162817 1185596 1185603 1186213 1202019,,,,OFFICIAL_IMAGE_RIGHTS_REVIEW,/images/products/placeholder-product.svg,YES,https://www.sata.com/media/1e/c7/26/1788164905/1162817_MAIN.WEBP.WEBP,RIGHTS_NOT_CONFIRMED,RIGHTS_DECISION,sata__sata-qmr-quick-material-regulator.webp,/products/sata/supplied/sata__sata-qmr-quick-material-regulator.webp,P3,5 redova artikala; redovi bez sopstvene slike dele packshot kartice
sata__sata-quick-coupling,sata,SATA brza spojka,sata-quick-coupling,6 izvedbi,,13581 13599 13607 13615 13623 16170,,,,OFFICIAL_IMAGE_RIGHTS_REVIEW,/images/products/placeholder-product.svg,YES,https://www.sata.com/media/55/4b/92/1788164913/13581_MAIN.WEBP.WEBP,RIGHTS_NOT_CONFIRMED,RIGHTS_DECISION,sata__sata-quick-coupling.webp,/products/sata/supplied/sata__sata-quick-coupling.webp,P3,6 redova artikala; redovi bez sopstvene slike dele packshot kartice
sata__sata-quick-coupling-nipple,sata,SATA nipla za brzu spojku,sata-quick-coupling-nipple,2 izvedbe,,6981 1188912,,,,OFFICIAL_IMAGE_RIGHTS_REVIEW,/images/products/placeholder-product.svg,YES,https://www.sata.com/media/b0/e5/56/1788164912/6981_MAIN.WEBP.WEBP,RIGHTS_NOT_CONFIRMED,RIGHTS_DECISION,sata__sata-quick-coupling-nipple.webp,/products/sata/supplied/sata__sata-quick-coupling-nipple.webp,P3,2 redova artikala; redovi bez sopstvene slike dele packshot kartice
sata__sata-quick-coupling-with-hose-olive,sata,SATA brza spojka sa priključkom za crevo,sata-quick-coupling-with-hose-olive,2 izvedbe,,13631 13649,,,,OFFICIAL_IMAGE_RIGHTS_REVIEW,/images/products/placeholder-product.svg,YES,https://www.sata.com/media/a4/d8/32/1788164913/13631_MAIN.WEBP.WEBP,RIGHTS_NOT_CONFIRMED,RIGHTS_DECISION,sata__sata-quick-coupling-with-hose-olive.webp,/products/sata/supplied/sata__sata-quick-coupling-with-hose-olive.webp,P3,2 redova artikala; redovi bez sopstvene slike dele packshot kartice
sata__sata-quick-coupling-with-hose-olive-and-quick-coupling,sata,"SATA brza spojka sa priključkom za crevo i nipla za brzu spojku, 9 mm, crveno, G 1/4"" unutrašnji navoj, po 2 kom.",sata-quick-coupling-with-hose-olive-and-quick-coupling,,7237,7237,,,Art. 7237,PLACEHOLDER_ACCEPTED,/images/products/placeholder-product.svg,NO,,RIGHTS_NOT_CONFIRMED,KEEP_PLACEHOLDER,sata__sata-quick-coupling-with-hose-olive-and-quick-coupling.webp,/products/sata/supplied/sata__sata-quick-coupling-with-hose-olive-and-quick-coupling.webp,P4,pribor faze 2 bez zvanične slike; placeholder je prihvatljiv dok vlasnik ne odluči drugačije
sata__sata-release-agent-spray-system,sata,SATA Release agent spray system,sata-release-agent-spray-system,,187740,187740,,,Art. 187740,OFFICIAL_IMAGE_NOT_PUBLISHED,/images/products/placeholder-product.svg,NO,,RIGHTS_NOT_CONFIRMED,USER_SUPPLY,sata__sata-release-agent-spray-system.webp,/products/sata/supplied/sata__sata-release-agent-spray-system.webp,P2,
sata__sata-reusable-aluminium-flow-cup,sata,SATA Reusable aluminium flow cup,sata-reusable-aluminium-flow-cup,,,6601 46631 96685 125948 137729 198911 1013432 1013440,,,,OFFICIAL_IMAGE_RIGHTS_REVIEW,/images/products/placeholder-product.svg,YES,https://www.sata.com/media/68/52/45/1788164849/6601_MAIN.WEBP.WEBP,RIGHTS_NOT_CONFIRMED,RIGHTS_DECISION,sata__sata-reusable-aluminium-flow-cup.webp,/products/sata/supplied/sata__sata-reusable-aluminium-flow-cup.webp,P2,8 redova artikala; redovi bez sopstvene slike dele packshot kartice
sata__sata-reusable-aluminium-hanging-cups,sata,SATA Reusable aluminium hanging cups,sata-reusable-aluminium-hanging-cups,,,2691 26120,,,,OFFICIAL_IMAGE_RIGHTS_REVIEW,/images/products/placeholder-product.svg,YES,https://www.sata.com/media/45/ef/7b/1788164803/2691_MAIN.WEBP.WEBP,RIGHTS_NOT_CONFIRMED,RIGHTS_DECISION,sata__sata-reusable-aluminium-hanging-cups.webp,/products/sata/supplied/sata__sata-reusable-aluminium-hanging-cups.webp,P2,2 redova artikala; redovi bez sopstvene slike dele packshot kartice
sata__sata-reusable-plastic-flow-cup,sata,SATA Reusable plastic flow cup,sata-reusable-plastic-flow-cup,,,7591 7633 15669 27243 48587 49379 60384 95802 120675 125443 128470 197541 1004960,,,,OFFICIAL_IMAGE_RIGHTS_REVIEW,/images/products/placeholder-product.svg,YES,https://www.sata.com/media/cc/a9/58/1788164849/7591_MAIN.WEBP.WEBP,RIGHTS_NOT_CONFIRMED,RIGHTS_DECISION,sata__sata-reusable-plastic-flow-cup.webp,/products/sata/supplied/sata__sata-reusable-plastic-flow-cup.webp,P2,13 redova artikala; redovi bez sopstvene slike dele packshot kartice
sata__sata-reusable-plastic-hanging-cups,sata,SATA Reusable plastic hanging cups,sata-reusable-plastic-hanging-cups,,21444,21444,,,Art. 21444,OFFICIAL_IMAGE_RIGHTS_REVIEW,/images/products/placeholder-product.svg,YES,https://www.sata.com/media/41/3e/0d/1788164803/21444_MAIN.WEBP.WEBP,RIGHTS_NOT_CONFIRMED,RIGHTS_DECISION,sata__sata-reusable-plastic-hanging-cups.webp,/products/sata/supplied/sata__sata-reusable-plastic-hanging-cups.webp,P2,
sata__sata-rps-adapter-with-qcc-and-connection,sata,RPS adapter sa QCC priključkom,sata-rps-adapter-with-qcc-and-connection,18 izvedbi,,125211 125237 125252 125278 125294 126326 133595 133827 135798 147272 150136 150151 164608 188292 188318 188664 193276 215079,,,,OFFICIAL_IMAGE_RIGHTS_REVIEW,/images/products/placeholder-product.svg,YES,https://www.sata.com/media/47/c5/32/1788164907/125211_MAIN.WEBP.WEBP,RIGHTS_NOT_CONFIRMED,RIGHTS_DECISION,sata__sata-rps-adapter-with-qcc-and-connection.webp,/products/sata/supplied/sata__sata-rps-adapter-with-qcc-and-connection.webp,P3,18 redova artikala; redovi bez sopstvene slike dele packshot kartice
sata__sata-rps-depot-to-store-rps-boxes-rps-the-original,sata,SATA RPS depot — za odlaganje RPS kutija,sata-rps-depot-to-store-rps-boxes-rps-the-original,,144840,144840,,,Art. 144840,OFFICIAL_IMAGE_RIGHTS_REVIEW,/images/products/placeholder-product.svg,YES,https://www.sata.com/media/97/dd/4c/1788164908/144840_MAIN.WEBP.WEBP,RIGHTS_NOT_CONFIRMED,RIGHTS_DECISION,sata__sata-rps-depot-to-store-rps-boxes-rps-the-original.webp,/products/sata/supplied/sata__sata-rps-depot-to-store-rps-boxes-rps-the-original.webp,P3,
sata__sata-rps-the-original,sata,SATA RPS - the Original,sata-rps-the-original,,,1202043 1202077 1202100 1202134 1202142 1202150 1202259 1202267 1214816 1214824,,,,OFFICIAL_IMAGE_RIGHTS_REVIEW,/images/products/placeholder-product.svg,YES,https://www.sata.com/media/ae/17/3a/1788164847/1202043_MAIN.WEBP.WEBP,RIGHTS_NOT_CONFIRMED,RIGHTS_DECISION,sata__sata-rps-the-original.webp,/products/sata/supplied/sata__sata-rps-the-original.webp,P2,10 redova artikala; redovi bez sopstvene slike dele packshot kartice
sata__sata-sataclean-wet-holding-tray,sata,SATAclean mokra posuda za odlaganje 3 pištolja,sata-sataclean-wet-holding-tray,,60095,60095,,,Art. 60095,OFFICIAL_IMAGE_RIGHTS_REVIEW,/images/products/placeholder-product.svg,YES,https://www.sata.com/media/a2/fe/9e/1788164905/60095_MAIN.WEBP.WEBP,RIGHTS_NOT_CONFIRMED,RIGHTS_DECISION,sata__sata-sataclean-wet-holding-tray.webp,/products/sata/supplied/sata__sata-sataclean-wet-holding-tray.webp,P3,
sata__sata-sge-air-hose,sata,"SGE crevo za vazduh, 9 mm unutrašnji prečnik, 10 m",sata-sge-air-hose,,27722,27722,,,Art. 27722,OFFICIAL_IMAGE_RIGHTS_REVIEW,/images/products/placeholder-product.svg,YES,https://www.sata.com/media/fe/03/a9/1788164910/27722_MAIN.WEBP.WEBP,RIGHTS_NOT_CONFIRMED,RIGHTS_DECISION,sata__sata-sge-air-hose.webp,/products/sata/supplied/sata__sata-sge-air-hose.webp,P3,
sata__sata-sge-paint-hose-with-ascension-pipe,sata,"SGE crevo za boju sa usponskom cevi, 6 mm unutrašnji prečnik, 5 m",sata-sge-paint-hose-with-ascension-pipe,,27730,27730,,,Art. 27730,OFFICIAL_IMAGE_RIGHTS_REVIEW,/images/products/placeholder-product.svg,YES,https://www.sata.com/media/63/6e/26/1788164910/27730_MAIN.WEBP.WEBP,RIGHTS_NOT_CONFIRMED,RIGHTS_DECISION,sata__sata-sge-paint-hose-with-ascension-pipe.webp,/products/sata/supplied/sata__sata-sge-paint-hose-with-ascension-pipe.webp,P3,
sata__sata-shaker-ring-rps-the-original,sata,Prsten za mućkanje (Shaker ring),sata-shaker-ring-rps-the-original,2 izvedbe,,117051 173435,,,,OFFICIAL_IMAGE_RIGHTS_REVIEW,/images/products/placeholder-product.svg,YES_PARTIAL (1/2 artikala),https://www.sata.com/media/db/3f/84/1788164908/173435_MAIN.WEBP.WEBP,RIGHTS_NOT_CONFIRMED,RIGHTS_DECISION,sata__sata-shaker-ring-rps-the-original.webp,/products/sata/supplied/sata__sata-shaker-ring-rps-the-original.webp,P3,2 redova artikala; redovi bez sopstvene slike dele packshot kartice
sata__sata-spray-bottle-1-0-l,sata,"Boca sa raspršivačem 1,0 l",sata-spray-bottle-1-0-l,,127852,127852,,,Art. 127852,OFFICIAL_IMAGE_RIGHTS_REVIEW,/images/products/placeholder-product.svg,YES,https://www.sata.com/media/25/04/dd/1788164914/127852_MAIN.WEBP.WEBP,RIGHTS_NOT_CONFIRMED,RIGHTS_DECISION,sata__sata-spray-bottle-1-0-l.webp,/products/sata/supplied/sata__sata-spray-bottle-1-0-l.webp,P3,
sata__sata-spray-gun-adapter-with-qcc-and-connection-thread,sata,"Spray gun adapter No. 9 with QCC and connection thread G 3/8"" male thread -18 NPSF",sata-spray-gun-adapter-with-qcc-and-connection-thread,,135111,135111,,,Art. 135111,OFFICIAL_IMAGE_RIGHTS_REVIEW,/images/products/placeholder-product.svg,YES,https://www.sata.com/media/1d/ed/e9/1788164907/135111_MAIN.WEBP.WEBP,RIGHTS_NOT_CONFIRMED,RIGHTS_DECISION,sata__sata-spray-gun-adapter-with-qcc-and-connection-thread.webp,/products/sata/supplied/sata__sata-spray-gun-adapter-with-qcc-and-connection-thread.webp,P3,
sata__sata-spray-gun-holder,sata,SATA držač pištolja,sata-spray-gun-holder,2 izvedbe,,40188 69328,,,,OFFICIAL_IMAGE_RIGHTS_REVIEW,/images/products/placeholder-product.svg,YES,https://www.sata.com/media/4a/08/d3/1788164905/40188_MAIN.WEBP.WEBP,RIGHTS_NOT_CONFIRMED,RIGHTS_DECISION,sata__sata-spray-gun-holder.webp,/products/sata/supplied/sata__sata-spray-gun-holder.webp,P3,2 redova artikala; redovi bez sopstvene slike dele packshot kartice
sata__sata-spray-gun-holder-with-strainer-holder,sata,Držač pištolja sa držačem sita,sata-spray-gun-holder-with-strainer-holder,,134882,134882,,,Art. 134882,OFFICIAL_IMAGE_RIGHTS_REVIEW,/images/products/placeholder-product.svg,YES,https://www.sata.com/media/3e/43/36/1788164906/134882_MAIN.WEBP.WEBP,RIGHTS_NOT_CONFIRMED,RIGHTS_DECISION,sata__sata-spray-gun-holder-with-strainer-holder.webp,/products/sata/supplied/sata__sata-spray-gun-holder-with-strainer-holder.webp,P3,
sata__sata-spray-master-rp,sata,SATA spray master RP,sata-spray-master-rp,,,72900 73734 74120,,,,OFFICIAL_IMAGE_RIGHTS_REVIEW,/images/products/placeholder-product.svg,YES,https://www.sata.com/media/fa/48/7b/1788164801/72900_MAIN.WEBP.WEBP,RIGHTS_NOT_CONFIRMED,RIGHTS_DECISION,sata__sata-spray-master-rp.webp,/products/sata/supplied/sata__sata-spray-master-rp.webp,P2,3 redova artikala; redovi bez sopstvene slike dele packshot kartice
sata__sata-spray-mix-double-hose-material-connection-air,sata,"SATA spray mix dvostruko crevo (priključak materijala + priključak vazduha), 6 x 6 mm, 15 m, M16 x 1.6 unutrašnji navoj, G 1/4"" unutrašnji navoj",sata-spray-mix-double-hose-material-connection-air,,1006073,1006073,,,Art. 1006073,PLACEHOLDER_ACCEPTED,/images/products/placeholder-product.svg,NO,,RIGHTS_NOT_CONFIRMED,KEEP_PLACEHOLDER,sata__sata-spray-mix-double-hose-material-connection-air.webp,/products/sata/supplied/sata__sata-spray-mix-double-hose-material-connection-air.webp,P4,pribor faze 2 bez zvanične slike; placeholder je prihvatljiv dok vlasnik ne odluči drugačije
sata__sata-spray-mix-hose-pair,sata,SATA spray mix par creva,sata-spray-mix-hose-pair,3 izvedbe,,19984 19992 20008,,,,OFFICIAL_IMAGE_RIGHTS_REVIEW,/images/products/placeholder-product.svg,YES,https://www.sata.com/media/13/d4/a8/1788164911/19984_MAIN.WEBP.WEBP,RIGHTS_NOT_CONFIRMED,RIGHTS_DECISION,sata__sata-spray-mix-hose-pair.webp,/products/sata/supplied/sata__sata-spray-mix-hose-pair.webp,P3,3 redova artikala; redovi bez sopstvene slike dele packshot kartice
sata__sata-spray-mix-hose-pair-material-connection-air,sata,SATA spray mix par creva (priključak materijala M16 + priključak vazduha),sata-spray-mix-hose-pair-material-connection-air,3 izvedbe,,1006081 1006099 1006106,,,,OFFICIAL_IMAGE_RIGHTS_REVIEW,/images/products/placeholder-product.svg,YES,https://www.sata.com/media/74/da/da/1788164911/1006081_MAIN.WEBP.WEBP,RIGHTS_NOT_CONFIRMED,RIGHTS_DECISION,sata__sata-spray-mix-hose-pair-material-connection-air.webp,/products/sata/supplied/sata__sata-spray-mix-hose-pair-material-connection-air.webp,P3,3 redova artikala; redovi bez sopstvene slike dele packshot kartice
sata__sata-spray-pattern-blocks-with-25-sheets,sata,"Blokovi za probni otisak mlaza, 25 listova, pakovanje 2 kom. za SATA cert",sata-spray-pattern-blocks-with-25-sheets,,161646,161646,,,Art. 161646,OFFICIAL_IMAGE_RIGHTS_REVIEW,/images/products/placeholder-product.svg,YES,https://www.sata.com/media/82/fc/b6/1788164914/161646_MAIN.WEBP.WEBP,RIGHTS_NOT_CONFIRMED,RIGHTS_DECISION,sata__sata-spray-pattern-blocks-with-25-sheets.webp,/products/sata/supplied/sata__sata-spray-pattern-blocks-with-25-sheets.webp,P3,
sata__sata-storage-case-sata-truesun-incl-foam-inlay-truesun,sata,"Kofer za SATA trueSun, sa penastim uloškom",sata-storage-case-sata-truesun-incl-foam-inlay-truesun,,1013094,1013094,,,Art. 1013094,OFFICIAL_IMAGE_RIGHTS_REVIEW,/images/products/placeholder-product.svg,YES,https://www.sata.com/media/df/0c/d2/1788164914/1013094_MAIN.WEBP.WEBP,RIGHTS_NOT_CONFIRMED,RIGHTS_DECISION,sata__sata-storage-case-sata-truesun-incl-foam-inlay-truesun.webp,/products/sata/supplied/sata__sata-storage-case-sata-truesun-incl-foam-inlay-truesun.webp,P3,
sata__sata-suction-hose-cpl-vario-top-spray,sata,"Usisno crevo, komplet",sata-suction-hose-cpl-vario-top-spray,2 izvedbe,,45047 62232,,,,OFFICIAL_IMAGE_RIGHTS_REVIEW,/images/products/placeholder-product.svg,YES,https://www.sata.com/media/d9/1a/a9/1788164910/45047_MAIN.WEBP.WEBP,RIGHTS_NOT_CONFIRMED,RIGHTS_DECISION,sata__sata-suction-hose-cpl-vario-top-spray.webp,/products/sata/supplied/sata__sata-suction-hose-cpl-vario-top-spray.webp,P3,2 redova artikala; redovi bez sopstvene slike dele packshot kartice
sata__sata-suit-basic,sata,SATA suit Basic,sata-suit-basic,,,1196163 1202481 1202499 1202506 1202514,,,,OFFICIAL_IMAGE_RIGHTS_REVIEW,/images/products/placeholder-product.svg,YES,https://www.sata.com/media/1b/76/db/1788164855/1196163_MAIN.WEBP.WEBP,RIGHTS_NOT_CONFIRMED,RIGHTS_DECISION,sata__sata-suit-basic.webp,/products/sata/supplied/sata__sata-suit-basic.webp,P2,5 redova artikala; redovi bez sopstvene slike dele packshot kartice
sata__sata-suit-grey,sata,"SATA suit grey — zaštitno odelo, L (50/52), 100% poliester",sata-suit-grey,,143255,143255,,,Art. 143255,PLACEHOLDER_ACCEPTED,/images/products/placeholder-product.svg,NO,,RIGHTS_NOT_CONFIRMED,KEEP_PLACEHOLDER,sata__sata-suit-grey.webp,/products/sata/supplied/sata__sata-suit-grey.webp,P4,pribor faze 2 bez zvanične slike; placeholder je prihvatljiv dok vlasnik ne odluči drugačije
sata__sata-suit-race,sata,SATA suit race,sata-suit-race,,,184267 184275 184283 184291 184309,,,,OFFICIAL_IMAGE_RIGHTS_REVIEW,/images/products/placeholder-product.svg,YES,https://www.sata.com/media/88/3c/e9/1788164855/184267_MAIN.WEBP.WEBP,RIGHTS_NOT_CONFIRMED,RIGHTS_DECISION,sata__sata-suit-race.webp,/products/sata/supplied/sata__sata-suit-race.webp,P2,5 redova artikala; redovi bez sopstvene slike dele packshot kartice
sata__sata-suit-race-ladies,sata,SATA suit race ladies,sata-suit-race-ladies,,,1154020 1154038 1154046 1154054 1154062,,,,OFFICIAL_IMAGE_RIGHTS_REVIEW,/images/products/placeholder-product.svg,YES,https://www.sata.com/media/0e/7a/6e/1788164855/1154020_MAIN.WEBP.WEBP,RIGHTS_NOT_CONFIRMED,RIGHTS_DECISION,sata__sata-suit-race-ladies.webp,/products/sata/supplied/sata__sata-suit-race-ladies.webp,P2,5 redova artikala; redovi bez sopstvene slike dele packshot kartice
sata__sata-suit-space,sata,SATA suit space — zaštitno odelo,sata-suit-space,4 izvedbe,,212035 212043 212050 212068,,,,PLACEHOLDER_ACCEPTED,/images/products/placeholder-product.svg,NO,,RIGHTS_NOT_CONFIRMED,KEEP_PLACEHOLDER,sata__sata-suit-space.webp,/products/sata/supplied/sata__sata-suit-space.webp,P4,4 redova artikala; redovi bez sopstvene slike dele packshot kartice; pribor faze 2 bez zvanične slike; placeholder je prihvatljiv dok vlasnik ne odluči drugačije
sata__sata-suit-standard-men,sata,SATA suit Standard Men,sata-suit-standard-men,,,1202522 1202530 1202548 1202556 1202564 1202613 1202621 1202639 1202647 1204487,,,,OFFICIAL_IMAGE_RIGHTS_REVIEW,/images/products/placeholder-product.svg,YES,https://www.sata.com/media/13/f8/32/1788164854/1202522_MAIN.WEBP.WEBP,RIGHTS_NOT_CONFIRMED,RIGHTS_DECISION,sata__sata-suit-standard-men.webp,/products/sata/supplied/sata__sata-suit-standard-men.webp,P2,10 redova artikala; redovi bez sopstvene slike dele packshot kartice
sata__sata-threaded-nipple-galvanised-vario-top-spray,sata,"Navojna nipla, pocinkovana, 1/2"" spoljašnji navoj",sata-threaded-nipple-galvanised-vario-top-spray,,41384,41384,,,Art. 41384,OFFICIAL_IMAGE_RIGHTS_REVIEW,/images/products/placeholder-product.svg,YES,https://www.sata.com/media/cf/4a/00/1788164911/41384_MAIN.WEBP.WEBP,RIGHTS_NOT_CONFIRMED,RIGHTS_DECISION,sata__sata-threaded-nipple-galvanised-vario-top-spray.webp,/products/sata/supplied/sata__sata-threaded-nipple-galvanised-vario-top-spray.webp,P3,
sata__sata-triple-spray-gun-holder,sata,Trostruki držač pištolja za zidnu montažu,sata-triple-spray-gun-holder,,134916,134916,,,Art. 134916,OFFICIAL_IMAGE_RIGHTS_REVIEW,/images/products/placeholder-product.svg,YES,https://www.sata.com/media/37/f5/7d/1788164906/134916_MAIN.WEBP.WEBP,RIGHTS_NOT_CONFIRMED,RIGHTS_DECISION,sata__sata-triple-spray-gun-holder.webp,/products/sata/supplied/sata__sata-triple-spray-gun-holder.webp,P3,
sata__sata-trolley-cpl-vario-top-spray,sata,"Kolica, komplet",sata-trolley-cpl-vario-top-spray,,17483,17483,,,Art. 17483,OFFICIAL_IMAGE_RIGHTS_REVIEW,/images/products/placeholder-product.svg,YES,https://www.sata.com/media/92/3a/9c/1788164909/17483_MAIN.WEBP.WEBP,RIGHTS_NOT_CONFIRMED,RIGHTS_DECISION,sata__sata-trolley-cpl-vario-top-spray.webp,/products/sata/supplied/sata__sata-trolley-cpl-vario-top-spray.webp,P3,
sata__sata-truesun,sata,SATA trueSun,sata-truesun,,1006411,1006411,,,Art. 1006411,OFFICIAL_IMAGE_RIGHTS_REVIEW,/images/products/placeholder-product.svg,YES,https://www.sata.com/media/cf/53/ec/1788164805/1006411_MAIN.WEBP.WEBP,RIGHTS_NOT_CONFIRMED,RIGHTS_DECISION,sata__sata-truesun.webp,/products/sata/supplied/sata__sata-truesun.webp,P2,
sata__sata-turbo-blow-with-quick-coupling-nipple-blow-gun,sata,"SATA turbo blow — pištolj za izduvavanje, sa niplom za brzu spojku",sata-turbo-blow-with-quick-coupling-nipple-blow-gun,,133306,133306,,,Art. 133306,OFFICIAL_IMAGE_RIGHTS_REVIEW,/images/products/placeholder-product.svg,YES,https://www.sata.com/media/13/4f/64/1788164854/133306_MAIN.WEBP.WEBP,RIGHTS_NOT_CONFIRMED,RIGHTS_DECISION,sata__sata-turbo-blow-with-quick-coupling-nipple-blow-gun.webp,/products/sata/supplied/sata__sata-turbo-blow-with-quick-coupling-nipple-blow-gun.webp,P3,
sata__sata-universal-spray-gun-and-hose-holder,sata,SATA univerzalni držač pištolja i creva za sve SATA pištolje,sata-universal-spray-gun-and-hose-holder,,192195,192195,,,Art. 192195,OFFICIAL_IMAGE_RIGHTS_REVIEW,/images/products/placeholder-product.svg,YES,https://www.sata.com/media/26/80/d9/1788164905/192195_MAIN.WEBP.WEBP,RIGHTS_NOT_CONFIRMED,RIGHTS_DECISION,sata__sata-universal-spray-gun-and-hose-holder.webp,/products/sata/supplied/sata__sata-universal-spray-gun-and-hose-holder.webp,P3,
sata__sata-universal-spray-gun-holder-foldable,sata,"SATA univerzalni držač pištolja, sklopivi",sata-universal-spray-gun-holder-foldable,2 izvedbe,,1083807 1110527,,,,PLACEHOLDER_ACCEPTED,/images/products/placeholder-product.svg,NO,,RIGHTS_NOT_CONFIRMED,KEEP_PLACEHOLDER,sata__sata-universal-spray-gun-holder-foldable.webp,/products/sata/supplied/sata__sata-universal-spray-gun-holder-foldable.webp,P4,2 redova artikala; redovi bez sopstvene slike dele packshot kartice; pribor faze 2 bez zvanične slike; placeholder je prihvatljiv dok vlasnik ne odluči drugačije
sata__sata-universal-spray-gun-holder-foldable-magnetic,sata,"SATA univerzalni držač pištolja, sklopivi, magnetni",sata-universal-spray-gun-holder-foldable-magnetic,,1103522,1103522,,,Art. 1103522,OFFICIAL_IMAGE_RIGHTS_REVIEW,/images/products/placeholder-product.svg,YES,https://www.sata.com/media/bf/21/b3/1788164906/1103522_MAIN.WEBP.WEBP,RIGHTS_NOT_CONFIRMED,RIGHTS_DECISION,sata__sata-universal-spray-gun-holder-foldable-magnetic.webp,/products/sata/supplied/sata__sata-universal-spray-gun-holder-foldable-magnetic.webp,P3,
sata__sata-vario-top-spray,sata,SATA vario top spray,sata-vario-top-spray,,,56010 61507 61515 62745 72678 72694 81406 81661 90662 95109 138941 138958,,,,OFFICIAL_IMAGE_RIGHTS_REVIEW,/images/products/placeholder-product.svg,YES,https://www.sata.com/media/8b/2d/43/1788164854/61507_MAIN.WEBP.WEBP,RIGHTS_NOT_CONFIRMED,RIGHTS_DECISION,sata__sata-vario-top-spray.webp,/products/sata/supplied/sata__sata-vario-top-spray.webp,P2,12 redova artikala; redovi bez sopstvene slike dele packshot kartice
sata__sata-vario-top-spray-f-double-diaphragm-pump-1-1-mobile-vario-top-spray,sata,"SATA vario top spray F, double diaphragm pump 1:1, mobile, with material fine pressure regulator, suction tube + 2. gun connection, without spray gun and hoses",sata-vario-top-spray-f-double-diaphragm-pump-1-1-mobile-vario-top-spray,,63974,63974,,,Art. 63974,OFFICIAL_IMAGE_RIGHTS_REVIEW,/images/products/placeholder-product.svg,YES,https://www.sata.com/media/4f/b0/5e/1788164854/63974_MAIN.WEBP.WEBP,RIGHTS_NOT_CONFIRMED,RIGHTS_DECISION,sata__sata-vario-top-spray-f-double-diaphragm-pump-1-1-mobile-vario-top-spray.webp,/products/sata/supplied/sata__sata-vario-top-spray-f-double-diaphragm-pump-1-1-mobile-vario-top-spray.webp,P3,
sata__sata-venturi-door-wand-steel-rigid-spraying-forward,sata,"Venturi-door wand, steel, rigid, spraying forward, Ø 5 mm, 740 mm long, with flexible guideway hose 550 mm for application on surfaces and in cavities, not for underbody protection",sata-venturi-door-wand-steel-rigid-spraying-forward,,1114991,1114991,,,Art. 1114991,PLACEHOLDER_ACCEPTED,/images/products/placeholder-product.svg,NO,,RIGHTS_NOT_CONFIRMED,KEEP_PLACEHOLDER,sata__sata-venturi-door-wand-steel-rigid-spraying-forward.webp,/products/sata/supplied/sata__sata-venturi-door-wand-steel-rigid-spraying-forward.webp,P4,pribor faze 2 bez zvanične slike; placeholder je prihvatljiv dok vlasnik ne odluči drugačije
sata__sata-venturi-hook-wand-hook-nozzle-cpl-with-flexible,sata,"Venturi hook wand Ø 5 mm, hook nozzle cpl. in 300 mm length, with flexible guide hose, Venturi spray tube, for cavity and surface application",sata-venturi-hook-wand-hook-nozzle-cpl-with-flexible,,206904,206904,,,Art. 206904,PLACEHOLDER_ACCEPTED,/images/products/placeholder-product.svg,NO,,RIGHTS_NOT_CONFIRMED,KEEP_PLACEHOLDER,sata__sata-venturi-hook-wand-hook-nozzle-cpl-with-flexible.webp,/products/sata/supplied/sata__sata-venturi-hook-wand-hook-nozzle-cpl-with-flexible.webp,P4,pribor faze 2 bez zvanične slike; placeholder je prihvatljiv dok vlasnik ne odluči drugačije
sata__sata-venturi-hook-wand-with-flexible-guide-hose-venturi,sata,"Venturi kukasta sonda sa fleksibilnim vodećim crevom, za šupljine i površine",sata-venturi-hook-wand-with-flexible-guide-hose-venturi,2 izvedbe,,11866 16139,,,,OFFICIAL_IMAGE_RIGHTS_REVIEW,/images/products/placeholder-product.svg,YES,https://www.sata.com/media/06/53/15/1788164909/11866_MAIN.WEBP.WEBP,RIGHTS_NOT_CONFIRMED,RIGHTS_DECISION,sata__sata-venturi-hook-wand-with-flexible-guide-hose-venturi.webp,/products/sata/supplied/sata__sata-venturi-hook-wand-with-flexible-guide-hose-venturi.webp,P3,2 redova artikala; redovi bez sopstvene slike dele packshot kartice
sata__sata-viscosity-cup,sata,SATA čaša za merenje viskoziteta,sata-viscosity-cup,2 izvedbe,,9845 9852,,,,OFFICIAL_IMAGE_RIGHTS_REVIEW,/images/products/placeholder-product.svg,YES,https://www.sata.com/media/51/73/f8/1788164914/9845_MAIN.WEBP.WEBP,RIGHTS_NOT_CONFIRMED,RIGHTS_DECISION,sata__sata-viscosity-cup.webp,/products/sata/supplied/sata__sata-viscosity-cup.webp,P3,2 redova artikala; redovi bez sopstvene slike dele packshot kartice
sata__sata-wet-dry-cleaner,sata,SATA wet & dry cleaner,sata-wet-dry-cleaner,2 izvedbe,,75358 83881,,,,OFFICIAL_IMAGE_RIGHTS_REVIEW,/images/products/placeholder-product.svg,YES,https://www.sata.com/media/fa/57/1a/1788164914/75358_MAIN.WEBP.WEBP,RIGHTS_NOT_CONFIRMED,RIGHTS_DECISION,sata__sata-wet-dry-cleaner.webp,/products/sata/supplied/sata__sata-wet-dry-cleaner.webp,P3,2 redova artikala; redovi bez sopstvene slike dele packshot kartice
sata__satagraph-4,sata,SATAgraph 4,satagraph-4,,,227629 227637 227645,,,,OFFICIAL_IMAGE_RIGHTS_REVIEW,/images/products/placeholder-product.svg,YES,https://www.sata.com/media/16/66/ec/1788164802/227629_MAIN.WEBP.WEBP,RIGHTS_NOT_CONFIRMED,RIGHTS_DECISION,sata__satagraph-4.webp,/products/sata/supplied/sata__satagraph-4.webp,P2,3 redova artikala; redovi bez sopstvene slike dele packshot kartice
sata__satajet-100-b,sata,SATAjet 100 B,satajet-100-b,,,145185 145193 145201 145219 145722 145730 145748 146134 146142 146159 146175 146183 146217 146373 146969 147421 147447 147454 147470 153023 175174 175182 182592 189613 203125 1012632 1012640 1012658 1012666 1012674 1012682 1012690 1012707 1012715,,,,OFFICIAL_IMAGE_RIGHTS_REVIEW,/images/products/placeholder-product.svg,YES,https://www.sata.com/media/09/13/4f/1788164837/145185_MAIN.WEBP.WEBP,RIGHTS_NOT_CONFIRMED,RIGHTS_DECISION,sata__satajet-100-b.webp,/products/sata/supplied/sata__satajet-100-b.webp,P2,34 redova artikala; redovi bez sopstvene slike dele packshot kartice
sata__satajet-1000-b,sata,SATAjet 1000 B,satajet-1000-b,,,149302 149310 149328 149344 149351 149377 149385 149393 149401 149419 149427 149435 149443 150342 150391 150409 151183 151191 151209 151217 151225 151233 151241 151258 154161 154179 154922 157875 157883 157891 157909 157917 157925 157933 157941 157958 157966 157974 157982 157990 158089 158097 158139 158147 164962 214320 1003194 1003201 1003219 1003227 1003235 1003243,,,,OFFICIAL_IMAGE_RIGHTS_REVIEW,/images/products/placeholder-product.svg,YES,https://www.sata.com/media/94/44/da/1788164800/149302_MAIN.WEBP.WEBP,RIGHTS_NOT_CONFIRMED,RIGHTS_DECISION,sata__satajet-1000-b.webp,/products/sata/supplied/sata__satajet-1000-b.webp,P2,52 redova artikala; redovi bez sopstvene slike dele packshot kartice
sata__satajet-1000-b-lignum-3,sata,SATAjet 1000 B Lignum 3,satajet-1000-b-lignum-3,,,1107772 1107780 1107798 1107805 1107813 1107821 1107839 1107847,,,,OFFICIAL_IMAGE_RIGHTS_REVIEW,/images/products/placeholder-product.svg,YES,https://www.sata.com/media/f8/78/d8/1788164835/1107772_MAIN.WEBP.WEBP,RIGHTS_NOT_CONFIRMED,RIGHTS_DECISION,sata__satajet-1000-b-lignum-3.webp,/products/sata/supplied/sata__satajet-1000-b-lignum-3.webp,P2,8 redova artikala; redovi bez sopstvene slike dele packshot kartice
sata__satajet-1000-h,sata,SATAjet 1000 H,satajet-1000-h,,,151266 151274 153353 161034,,,,OFFICIAL_IMAGE_RIGHTS_REVIEW,/images/products/placeholder-product.svg,YES,https://www.sata.com/media/e1/a2/28/1788164841/151266_MAIN.WEBP.WEBP,RIGHTS_NOT_CONFIRMED,RIGHTS_DECISION,sata__satajet-1000-h.webp,/products/sata/supplied/sata__satajet-1000-h.webp,P2,4 redova artikala; redovi bez sopstvene slike dele packshot kartice
sata__satajet-1000-k,sata,SATAjet 1000 K,satajet-1000-k,,,132092 132100 132118 132126 132134 132142 139196 139204 139212 139220 139238 141903 141911 141929 141937 141945 141952 141960 141978 141986 142000 142018 153486 153494 154336 154344 154351 154369 154930 161232 193664 206490 211979 1004928,,,,OFFICIAL_IMAGE_RIGHTS_REVIEW,/images/products/placeholder-product.svg,YES,https://www.sata.com/media/2c/65/d5/1788164840/132092_MAIN.WEBP.WEBP,RIGHTS_NOT_CONFIRMED,RIGHTS_DECISION,sata__satajet-1000-k.webp,/products/sata/supplied/sata__satajet-1000-k.webp,P2,34 redova artikala; redovi bez sopstvene slike dele packshot kartice
sata__satajet-1000-kk,sata,SATAjet 1000 KK,satajet-1000-kk,,153700,153700,,,Art. 153700,OFFICIAL_IMAGE_RIGHTS_REVIEW,/images/products/placeholder-product.svg,YES,https://www.sata.com/media/93/fb/c6/1788164801/153700_MAIN.WEBP.WEBP,RIGHTS_NOT_CONFIRMED,RIGHTS_DECISION,sata__satajet-1000-kk.webp,/products/sata/supplied/sata__satajet-1000-kk.webp,P2,
sata__satajet-20-b,sata,SATAjet 20 B,satajet-20-b,,,65078 65581 65649 66316 69229 86181 86199 86207 86215 86223 90381 189035,,,,OFFICIAL_IMAGE_RIGHTS_REVIEW,/images/products/placeholder-product.svg,YES,https://www.sata.com/media/1c/00/7c/1788164837/65078_MAIN.WEBP.WEBP,RIGHTS_NOT_CONFIRMED,RIGHTS_DECISION,sata__satajet-20-b.webp,/products/sata/supplied/sata__satajet-20-b.webp,P2,12 redova artikala; redovi bez sopstvene slike dele packshot kartice
sata__satajet-3000-k,sata,SATAjet 3000 K,satajet-3000-k,,,92924 92932 93336 93344 93351 93369 93377 93385 93393 96164 96172 137844 141994 142265 193656 223511,,,,OFFICIAL_IMAGE_RIGHTS_REVIEW,/images/products/placeholder-product.svg,YES,https://www.sata.com/media/d7/f7/a9/1788164839/92924_MAIN.WEBP.WEBP,RIGHTS_NOT_CONFIRMED,RIGHTS_DECISION,sata__satajet-3000-k.webp,/products/sata/supplied/sata__satajet-3000-k.webp,P2,16 redova artikala; redovi bez sopstvene slike dele packshot kartice
sata__satajet-3000-k-spray-mix,sata,SATAjet 3000 K spray mix,satajet-3000-k-spray-mix,,,120006 120014,,,,OFFICIAL_IMAGE_RIGHTS_REVIEW,/images/products/placeholder-product.svg,YES,https://www.sata.com/media/96/40/1f/1788164801/120006_MAIN.WEBP.WEBP,RIGHTS_NOT_CONFIRMED,RIGHTS_DECISION,sata__satajet-3000-k-spray-mix.webp,/products/sata/supplied/sata__satajet-3000-k-spray-mix.webp,P2,2 redova artikala; redovi bez sopstvene slike dele packshot kartice
sata__satajet-5000-b,sata,SATAjet 5000 B,satajet-5000-b,,,209775 209783 209791 209809 209890 209908 209916 210559 210567 210575 210591 210609 210732 210831 210849 210856 215640 1005075 1117523 1117531,,,,OFFICIAL_IMAGE_RIGHTS_REVIEW,/images/products/placeholder-product.svg,YES,https://www.sata.com/media/e9/01/cf/1788164832/209775_MAIN.WEBP.WEBP,RIGHTS_NOT_CONFIRMED,RIGHTS_DECISION,sata__satajet-5000-b.webp,/products/sata/supplied/sata__satajet-5000-b.webp,P2,20 redova artikala; redovi bez sopstvene slike dele packshot kartice
sata__satajet-h,sata,SATAjet H,satajet-h,,,23721 23739 23747,,,,OFFICIAL_IMAGE_RIGHTS_REVIEW,/images/products/placeholder-product.svg,YES,https://www.sata.com/media/0b/24/4a/1788164802/23721_MAIN.WEBP.WEBP,RIGHTS_NOT_CONFIRMED,RIGHTS_DECISION,sata__satajet-h.webp,/products/sata/supplied/sata__satajet-h.webp,P2,3 redova artikala; redovi bez sopstvene slike dele packshot kartice
sata__satajet-k-1800-spray-mix,sata,SATAjet K 1800 spray mix,satajet-k-1800-spray-mix,,,1068023 1090076 1091454,,,,OFFICIAL_IMAGE_RIGHTS_REVIEW,/images/products/placeholder-product.svg,YES,https://www.sata.com/media/06/06/c3/1788164801/1068023_MAIN.WEBP.WEBP,RIGHTS_NOT_CONFIRMED,RIGHTS_DECISION,sata__satajet-k-1800-spray-mix.webp,/products/sata/supplied/sata__satajet-k-1800-spray-mix.webp,P2,3 redova artikala; redovi bez sopstvene slike dele packshot kartice
sata__satajet-x-5500,sata,SATAjet X 5500,satajet-x-5500,CF1931072,CF1931072,1061548 1061556 1061564 1061572 1061580 1061598 1061605 1061613 1061621 1061647 1061697 1061712 1061746 1061788 1061803 1061829 1061879 1061887 1061895 1061902 1061910 1061928 1061936 1061944 1061952 1061960 1061978 1061994 1062025 1062033 1062067 1062075 1062108 1062124 1062158 1062166 1106534 1106542 1106550 1106568 1126889 1126897 1202663 1202803,,,,OFFICIAL_IMAGE_RIGHTS_REVIEW,/images/products/placeholder-product.svg,YES,https://www.sata.com/media/8e/1c/d5/1788164830/1061548_MAIN.WEBP.WEBP,RIGHTS_NOT_CONFIRMED,RIGHTS_DECISION,sata__satajet-x-5500.webp,/products/sata/supplied/sata__satajet-x-5500.webp,P2,44 redova artikala; redovi bez sopstvene slike dele packshot kartice
sata__satajet-x-5500-clear-coat-edition,sata,SATAjet X 5500 Clear Coat Edition,satajet-x-5500-clear-coat-edition,,,1174573 1185893,,,,OFFICIAL_IMAGE_RIGHTS_REVIEW,/images/products/placeholder-product.svg,YES,https://www.sata.com/media/aa/87/44/1788164799/1174573_MAIN.WEBP.WEBP,RIGHTS_NOT_CONFIRMED,RIGHTS_DECISION,sata__satajet-x-5500-clear-coat-edition.webp,/products/sata/supplied/sata__satajet-x-5500-clear-coat-edition.webp,P2,2 redova artikala; redovi bez sopstvene slike dele packshot kartice
sata__satajet-x-5500-phaser,sata,SATAjet X 5500 PHASER,satajet-x-5500-phaser,,,1096066 1096074 1096082 1096090 1096107 1096115 1096123 1096131 1096149 1096157 1150002 1150010,,,,OFFICIAL_IMAGE_RIGHTS_REVIEW,/images/products/placeholder-product.svg,YES,https://www.sata.com/media/d3/f2/67/1788164827/1096066_MAIN.WEBP.WEBP,RIGHTS_NOT_CONFIRMED,RIGHTS_DECISION,sata__satajet-x-5500-phaser.webp,/products/sata/supplied/sata__satajet-x-5500-phaser.webp,P2,12 redova artikala; redovi bez sopstvene slike dele packshot kartice
sata__sataminijet-1000-k,sata,SATAminijet 1000 K,sataminijet-1000-k,,,187450 187468 187476 187484 187492 190280 190298 190306 190314 190322 197152,,,,OFFICIAL_IMAGE_RIGHTS_REVIEW,/images/products/placeholder-product.svg,YES,https://www.sata.com/media/1e/5b/96/1788164841/187450_MAIN.WEBP.WEBP,RIGHTS_NOT_CONFIRMED,RIGHTS_DECISION,sata__sataminijet-1000-k.webp,/products/sata/supplied/sata__sataminijet-1000-k.webp,P2,11 redova artikala; redovi bez sopstvene slike dele packshot kartice
sata__sataminijet-4400-b,sata,SATAminijet 4400 B,sataminijet-4400-b,,,197970 197988 197996 198002 198010 198069 198077 198085 198093 198168 198176 198184 198192 198200 198218 198226 198234 198242 198358 198366 198374 198382 202382 202390 202416 204156 204164 204172 204180 204198 204206 1065136 1114149,,,,OFFICIAL_IMAGE_RIGHTS_REVIEW,/images/products/placeholder-product.svg,YES,https://www.sata.com/media/b9/f3/4e/1788164838/197970_MAIN.WEBP.WEBP,RIGHTS_NOT_CONFIRMED,RIGHTS_DECISION,sata__sataminijet-4400-b.webp,/products/sata/supplied/sata__sataminijet-4400-b.webp,P2,33 redova artikala; redovi bez sopstvene slike dele packshot kartice
