articleNumber,officialSpecification,officialName,inCatalogue,onWebsite,finalStatus,localSlug,runtimeOwners,integrity
"138.924","Medium / P 220 - P 280","Classicline Soft Pad","true","true","IMPORTED_NEW","carsystem-classicline-soft-pad","carsystem-classicline-soft-pad","OK"
"138.925","Fine / P 320 - P 400","Classicline Soft Pad","true","true","IMPORTED_NEW","carsystem-classicline-soft-pad","carsystem-classicline-soft-pad","OK"
"138.926","Super fine / P 400 - P 500","Classicline Soft Pad","true","true","IMPORTED_NEW","carsystem-classicline-soft-pad","carsystem-classicline-soft-pad","OK"
"138.927","Ultra fine / P 800 - P 1200","Classicline Soft Pad","true","true","IMPORTED_NEW","carsystem-classicline-soft-pad","carsystem-classicline-soft-pad","OK"
"125.779","400 ml","Control-Spray","true","true","IMPORTED_NEW","carsystem-control-spray","carsystem-control-spray","OK"
"160.183","Fine / brown / P 240","Double Sanding Soft Pad","true","true","IMPORTED_NEW","carsystem-double-sanding-soft-pad","carsystem-double-sanding-soft-pad","OK"
"160.185","Super Fine / green / P 500","Double Sanding Soft Pad","true","true","IMPORTED_NEW","carsystem-double-sanding-soft-pad","carsystem-double-sanding-soft-pad","OK"
"160.186","Microfine / purple / P 1500","Double Sanding Soft Pad","true","true","IMPORTED_NEW","carsystem-double-sanding-soft-pad","carsystem-double-sanding-soft-pad","OK"
"158.487","Set: 1 applicator/ 1 foam ring / storage tray","Dry Coat 2.0","true","true","IMPORTED_NEW","carsystem-dry-coat-2-0","carsystem-dry-coat-2-0","OK"
"158.488","Dry Coat 2.0 foam ring set of 2","Dry Coat 2.0","true","true","IMPORTED_NEW","carsystem-dry-coat-2-0","carsystem-dry-coat-2-0","OK"
"158.489","Refill, 2 pcs. / black / 30 g","Dry Coat 2.0","true","true","IMPORTED_NEW","carsystem-dry-coat-2-0","carsystem-dry-coat-2-0","OK"
"158.490","Refill, 2 pcs / orange / 15 g","Dry Coat 2.0","true","true","IMPORTED_NEW","carsystem-dry-coat-2-0","carsystem-dry-coat-2-0","OK"
"156.570","Grip","Excenter Back Pad Multi M","true","true","IMPORTED_NEW","carsystem-excenter-back-pad-multi-m","carsystem-excenter-back-pad-multi-m","OK"
"156.564","Soft / grip / M8 and 5/16""","Excenter Back Pad T.19","true","true","IMPORTED_NEW","carsystem-excenter-back-pad-t-19","carsystem-excenter-back-pad-t-19","OK"
"156.227","Medium / grip / M8 and 5/16""","Excenter Back Pad T.19","true","true","IMPORTED_NEW","carsystem-excenter-back-pad-t-19","carsystem-excenter-back-pad-t-19","OK"
"156.563","Hard / grip / M8 and 5/16""","Excenter Back Pad T.19","true","true","IMPORTED_NEW","carsystem-excenter-back-pad-t-19","carsystem-excenter-back-pad-t-19","OK"
"139.653","Without back pad / 5 mm orbital diameter","Excenter Classic","true","true","IMPORTED_NEW","carsystem-excenter-classic","carsystem-excenter-classic","OK"
"140.979","800","Fine Block","true","true","IMPORTED_NEW","carsystem-fine-block","carsystem-fine-block","OK"
"140.980","1500","Fine Block","true","true","IMPORTED_NEW","carsystem-fine-block","carsystem-fine-block","OK"
"140.981","2000","Fine Block","true","true","IMPORTED_NEW","carsystem-fine-block","carsystem-fine-block","OK"
"140.982","3000","Fine Block","true","true","IMPORTED_NEW","carsystem-fine-block","carsystem-fine-block","OK"
"144.917","5/16"" UNF connections","Finish Sander Back Pad","true","true","IMPORTED_NEW","carsystem-finish-sander-back-pad","carsystem-finish-sander-back-pad","OK"
"143.388","Incl. back pad / 2.5 mm orbital diameter","Finish Sander RC 9332","true","true","IMPORTED_NEW","carsystem-finish-sander-rc-9332","carsystem-finish-sander-rc-9332","OK"
"159.677","5 pcs/ pack / Ø 30 mm","Grip To Stick Interface Pad","true","true","IMPORTED_NEW","carsystem-grip-to-stick-interface-pad","carsystem-grip-to-stick-interface-pad","OK"
"156.225","10 mm","Interface Pad","true","true","IMPORTED_NEW","carsystem-interface-pad","carsystem-interface-pad","OK"
"156.226","5 mm","Interface Pad","true","true","IMPORTED_NEW","carsystem-interface-pad","carsystem-interface-pad","OK"
"144.768","Medium / stick / 28 mm","Mini Back Pad","true","true","IMPORTED_NEW","carsystem-mini-back-pad","carsystem-mini-back-pad","OK"
"144.769","Medium / grip / 28 mm","Mini Back Pad","true","true","IMPORTED_NEW","carsystem-mini-back-pad","carsystem-mini-back-pad","OK"
"154.099","Pad Saver / 5 pcs. /bag","Pad Saver","true","true","IMPORTED_NEW","carsystem-pad-saver","carsystem-pad-saver","OK"
"142.995","Paint Planer","Paint Planer","true","true","IMPORTED_NEW","carsystem-paint-planer","carsystem-paint-planer","OK"
"142.996","Holder","Paint Planer","true","true","IMPORTED_NEW","carsystem-paint-planer","carsystem-paint-planer","OK"
"159.696","5 cm","Prep-Brush","true","true","IMPORTED_NEW","carsystem-prep-brush","carsystem-prep-brush","OK"
"137.547","1.3 kg","Prep & Scuff","true","true","IMPORTED_NEW","carsystem-prep-scuff","carsystem-prep-scuff","OK"
"137.779","Dispenser for 5,0 kg","Prep & Scuff","true","false","IMPORTED_NEW","carsystem-prep-scuff","carsystem-prep-scuff","OK"
"155.153","Stick/ 1/4"" inner thread","ProFlex Back Pad PSA","true","true","IMPORTED_NEW","carsystem-proflex-back-pad-psa","carsystem-proflex-back-pad-psa","OK"
"158.797","Grit 3000","ProFlex Callisto","true","true","IMPORTED_NEW","carsystem-proflex-callisto-150-mm","carsystem-proflex-callisto-150-mm","OK"
"159.301","Grit 6000 +","ProFlex Callisto","true","true","IMPORTED_NEW","carsystem-proflex-callisto-150-mm","carsystem-proflex-callisto-150-mm","OK"
"158.793","Grit 3000","ProFlex Callisto","true","true","IMPORTED_NEW","carsystem-proflex-callisto-33-mm","carsystem-proflex-callisto-33-mm","OK"
"159.299","Grit 6000 +","ProFlex Callisto","true","true","IMPORTED_NEW","carsystem-proflex-callisto-33-mm","carsystem-proflex-callisto-33-mm","OK"
"158.795","Grit 3000","ProFlex Callisto","true","true","IMPORTED_NEW","carsystem-proflex-callisto-77-mm","carsystem-proflex-callisto-77-mm","OK"
"159.300","Grit 6000 +","ProFlex Callisto","true","true","IMPORTED_NEW","carsystem-proflex-callisto-77-mm","carsystem-proflex-callisto-77-mm","OK"
"159.463","Grit 3000","ProFlex Hydra","true","true","IMPORTED_NEW","carsystem-proflex-hydra-152-mm","carsystem-proflex-hydra-152-mm","OK"
"159.461","Grit 3000","ProFlex Hydra","true","true","IMPORTED_NEW","carsystem-proflex-hydra-75-mm","carsystem-proflex-hydra-75-mm","OK"
"159.078","Velcro® Loop Back","ProFlex Interface Pad Finish","true","true","IMPORTED_NEW","carsystem-proflex-interface-pad-finish-150-mm-15-holes","carsystem-proflex-interface-pad-finish-150-mm-15-holes","OK"
"159.079","Velcro® Loop Back","ProFlex Interface Pad Finish","true","true","IMPORTED_NEW","carsystem-proflex-interface-pad-finish-75-mm","carsystem-proflex-interface-pad-finish-75-mm","OK"
"154.295","Soft / 10 mm","ProFlex Interface Pad","true","true","IMPORTED_NEW","carsystem-proflex-interface-pad-150-mm-15-holes","carsystem-proflex-interface-pad-150-mm-15-holes","OK"
"154.193","Medium / 10 mm","ProFlex Interface Pad","true","true","IMPORTED_NEW","carsystem-proflex-interface-pad-150-mm-15-holes","carsystem-proflex-interface-pad-150-mm-15-holes","OK"
"155.100","Hard / 5 mm","ProFlex Interface Pad","true","true","IMPORTED_NEW","carsystem-proflex-interface-pad-150-mm-15-holes","carsystem-proflex-interface-pad-150-mm-15-holes","OK"
"157.137","Hard / 5 mm","ProFlex Interface Pad","true","true","IMPORTED_NEW","carsystem-proflex-interface-pad-30-mm","carsystem-proflex-interface-pad-30-mm","OK"
"154.296","Soft / 10 mm","ProFlex Interface Pad","true","true","IMPORTED_NEW","carsystem-proflex-interface-pad-75-mm","carsystem-proflex-interface-pad-75-mm","OK"
"154.194","Medium / 10 mm","ProFlex Interface Pad","true","true","IMPORTED_NEW","carsystem-proflex-interface-pad-75-mm","carsystem-proflex-interface-pad-75-mm","OK"
"155.098","Hard / 5 mm","ProFlex Interface Pad","true","true","IMPORTED_NEW","carsystem-proflex-interface-pad-75-mm","carsystem-proflex-interface-pad-75-mm","OK"
"154.660","P 1500","ProFlex Jupiter","true","true","IMPORTED_NEW","carsystem-proflex-jupiter-152-mm","carsystem-proflex-jupiter-152-mm","OK"
"154.661","P 2000","ProFlex Jupiter","true","true","IMPORTED_NEW","carsystem-proflex-jupiter-152-mm","carsystem-proflex-jupiter-152-mm","OK"
"154.662","P 2500","ProFlex Jupiter","true","true","IMPORTED_NEW","carsystem-proflex-jupiter-152-mm","carsystem-proflex-jupiter-152-mm","OK"
"154.663","P 3000","ProFlex Jupiter","true","true","IMPORTED_NEW","carsystem-proflex-jupiter-152-mm","carsystem-proflex-jupiter-152-mm","OK"
"154.449","P 600","ProFlex Jupiter","true","true","IMPORTED_NEW","carsystem-proflex-jupiter-152-mm-15-holes","carsystem-proflex-jupiter-152-mm-15-holes","OK"
"154.450","P 800","ProFlex Jupiter","true","true","IMPORTED_NEW","carsystem-proflex-jupiter-152-mm-15-holes","carsystem-proflex-jupiter-152-mm-15-holes","OK"
"154.451","P 1000","ProFlex Jupiter","true","true","IMPORTED_NEW","carsystem-proflex-jupiter-152-mm-15-holes","carsystem-proflex-jupiter-152-mm-15-holes","OK"
"154.452","P 1200","ProFlex Jupiter","true","true","IMPORTED_NEW","carsystem-proflex-jupiter-152-mm-15-holes","carsystem-proflex-jupiter-152-mm-15-holes","OK"
"154.453","P 1500","ProFlex Jupiter","true","true","IMPORTED_NEW","carsystem-proflex-jupiter-152-mm-15-holes","carsystem-proflex-jupiter-152-mm-15-holes","OK"
"153.469","P 2000","ProFlex Jupiter","true","true","IMPORTED_NEW","carsystem-proflex-jupiter-152-mm-15-holes","carsystem-proflex-jupiter-152-mm-15-holes","OK"
"153.470","P 2500","ProFlex Jupiter","true","true","IMPORTED_NEW","carsystem-proflex-jupiter-152-mm-15-holes","carsystem-proflex-jupiter-152-mm-15-holes","OK"
"153.471","P 3000","ProFlex Jupiter","true","true","IMPORTED_NEW","carsystem-proflex-jupiter-152-mm-15-holes","carsystem-proflex-jupiter-152-mm-15-holes","OK"
"156.939","P 4000","ProFlex Jupiter","true","true","IMPORTED_NEW","carsystem-proflex-jupiter-152-mm-15-holes","carsystem-proflex-jupiter-152-mm-15-holes","OK"
"154.444","P 600","ProFlex Jupiter","true","true","IMPORTED_NEW","carsystem-proflex-jupiter-75-mm","carsystem-proflex-jupiter-75-mm","OK"
"154.445","P 800","ProFlex Jupiter","true","true","IMPORTED_NEW","carsystem-proflex-jupiter-75-mm","carsystem-proflex-jupiter-75-mm","OK"
"154.446","P 1000","ProFlex Jupiter","true","true","IMPORTED_NEW","carsystem-proflex-jupiter-75-mm","carsystem-proflex-jupiter-75-mm","OK"
"154.447","P 1200","ProFlex Jupiter","true","true","IMPORTED_NEW","carsystem-proflex-jupiter-75-mm","carsystem-proflex-jupiter-75-mm","OK"
"154.448","P 1500","ProFlex Jupiter","true","true","IMPORTED_NEW","carsystem-proflex-jupiter-75-mm","carsystem-proflex-jupiter-75-mm","OK"
"153.466","P 2000","ProFlex Jupiter","true","true","IMPORTED_NEW","carsystem-proflex-jupiter-75-mm","carsystem-proflex-jupiter-75-mm","OK"
"153.467","P 2500","ProFlex Jupiter","true","true","IMPORTED_NEW","carsystem-proflex-jupiter-75-mm","carsystem-proflex-jupiter-75-mm","OK"
"153.468","P 3000","ProFlex Jupiter","true","true","IMPORTED_NEW","carsystem-proflex-jupiter-75-mm","carsystem-proflex-jupiter-75-mm","OK"
"156.946","P 4000","ProFlex Jupiter","true","true","IMPORTED_NEW","carsystem-proflex-jupiter-75-mm","carsystem-proflex-jupiter-75-mm","OK"
"156.509","P 600","ProFlex Jupiter Soft","true","true","IMPORTED_NEW","carsystem-proflex-jupiter-soft-152-mm","carsystem-proflex-jupiter-soft-152-mm","OK"
"156.510","P 800","ProFlex Jupiter Soft","true","true","IMPORTED_NEW","carsystem-proflex-jupiter-soft-152-mm","carsystem-proflex-jupiter-soft-152-mm","OK"
"156.511","P 1000","ProFlex Jupiter Soft","true","true","IMPORTED_NEW","carsystem-proflex-jupiter-soft-152-mm","carsystem-proflex-jupiter-soft-152-mm","OK"
"156.512","P 1200","ProFlex Jupiter Soft","true","true","IMPORTED_NEW","carsystem-proflex-jupiter-soft-152-mm","carsystem-proflex-jupiter-soft-152-mm","OK"
"156.513","P 1500","ProFlex Jupiter Soft","true","true","IMPORTED_NEW","carsystem-proflex-jupiter-soft-152-mm","carsystem-proflex-jupiter-soft-152-mm","OK"
"156.514","P 2000","ProFlex Jupiter Soft","true","true","IMPORTED_NEW","carsystem-proflex-jupiter-soft-152-mm","carsystem-proflex-jupiter-soft-152-mm","OK"
"156.522","P 1500","ProFlex Jupiter Soft","false","true","IMPORTED_NEW","carsystem-proflex-jupiter-soft-75-mm","carsystem-proflex-jupiter-soft-75-mm","OK"
"156.523","P 2000","ProFlex Jupiter Soft","false","true","IMPORTED_NEW","carsystem-proflex-jupiter-soft-75-mm","carsystem-proflex-jupiter-soft-75-mm","OK"
"156.515","P 2500","ProFlex Jupiter Soft H2O","true","true","IMPORTED_NEW","carsystem-proflex-jupiter-soft-h2o-152-mm","carsystem-proflex-jupiter-soft-h2o-152-mm","OK"
"156.516","P 3000","ProFlex Jupiter Soft H2O","true","true","IMPORTED_NEW","carsystem-proflex-jupiter-soft-h2o-152-mm","carsystem-proflex-jupiter-soft-h2o-152-mm","OK"
"156.517","P 4000","ProFlex Jupiter Soft H2O","true","true","IMPORTED_NEW","carsystem-proflex-jupiter-soft-h2o-152-mm","carsystem-proflex-jupiter-soft-h2o-152-mm","OK"
"156.524","P 2500","ProFlex Jupiter Soft H2O","true","true","IMPORTED_NEW","carsystem-proflex-jupiter-soft-h2o-77-mm","carsystem-proflex-jupiter-soft-h2o-77-mm","OK"
"156.525","P 3000","ProFlex Jupiter Soft H2O","true","true","IMPORTED_NEW","carsystem-proflex-jupiter-soft-h2o-77-mm","carsystem-proflex-jupiter-soft-h2o-77-mm","OK"
"156.526","P 4000","ProFlex Jupiter Soft H2O","true","true","IMPORTED_NEW","carsystem-proflex-jupiter-soft-h2o-77-mm","carsystem-proflex-jupiter-soft-h2o-77-mm","OK"
"154.437","P 1500","ProFlex Mercury","true","true","IMPORTED_NEW","carsystem-proflex-mercury","carsystem-proflex-mercury","OK"
"153.460","P 2000","ProFlex Mercury","true","true","IMPORTED_NEW","carsystem-proflex-mercury","carsystem-proflex-mercury","OK"
"153.461","P 2500","ProFlex Mercury","true","true","IMPORTED_NEW","carsystem-proflex-mercury","carsystem-proflex-mercury","OK"
"153.462","P 3000","ProFlex Mercury","true","true","IMPORTED_NEW","carsystem-proflex-mercury","carsystem-proflex-mercury","OK"
"156.555","Soft / red","ProFlex Mercury Sanding Block","true","true","IMPORTED_NEW","carsystem-proflex-mercury-sanding-block","carsystem-proflex-mercury-sanding-block","OK"
"154.173","Hard / black","ProFlex Mercury Sanding Block","true","true","IMPORTED_NEW","carsystem-proflex-mercury-sanding-block","carsystem-proflex-mercury-sanding-block","OK"
"153.472","P 600","ProFlex Neptune","true","true","IMPORTED_NEW","carsystem-proflex-neptune","carsystem-proflex-neptune","OK"
"153.473","P 800","ProFlex Neptune","true","true","IMPORTED_NEW","carsystem-proflex-neptune","carsystem-proflex-neptune","OK"
"154.454","P 1000","ProFlex Neptune","true","true","IMPORTED_NEW","carsystem-proflex-neptune","carsystem-proflex-neptune","OK"
"154.455","P 1200","ProFlex Neptune","true","true","IMPORTED_NEW","carsystem-proflex-neptune","carsystem-proflex-neptune","OK"
"153.474","P 1500","ProFlex Neptune","true","true","IMPORTED_NEW","carsystem-proflex-neptune","carsystem-proflex-neptune","OK"
"158.097","Soft - medium","ProFlex Neptune Pad MaxGrip","true","true","IMPORTED_NEW","carsystem-proflex-neptune-pad-maxgrip","carsystem-proflex-neptune-pad-maxgrip","OK"
"157.791","P 600","ProFlex Neptune Soft","true","true","IMPORTED_NEW","carsystem-proflex-neptune-soft","carsystem-proflex-neptune-soft","OK"
"157.792","P 800","ProFlex Neptune Soft","true","true","IMPORTED_NEW","carsystem-proflex-neptune-soft","carsystem-proflex-neptune-soft","OK"
"157.794","P 1000","ProFlex Neptune Soft","true","true","IMPORTED_NEW","carsystem-proflex-neptune-soft","carsystem-proflex-neptune-soft","OK"
"154.428","P 1500","ProFlex Pluto","true","true","IMPORTED_NEW","carsystem-proflex-pluto","carsystem-proflex-pluto","OK"
"154.429","P 2000","ProFlex Pluto","true","true","IMPORTED_NEW","carsystem-proflex-pluto","carsystem-proflex-pluto","OK"
"154.430","P 2500","ProFlex Pluto","true","true","IMPORTED_NEW","carsystem-proflex-pluto","carsystem-proflex-pluto","OK"
"154.431","P 3000","ProFlex Pluto","true","true","IMPORTED_NEW","carsystem-proflex-pluto","carsystem-proflex-pluto","OK"
"154.432","P 4000","ProFlex Pluto","true","true","IMPORTED_NEW","carsystem-proflex-pluto","carsystem-proflex-pluto","OK"
"154.433","P 5000","ProFlex Pluto","true","true","IMPORTED_NEW","carsystem-proflex-pluto","carsystem-proflex-pluto","OK"
"156.557","Soft / red","ProFlex Pluto Sanding Block","true","true","IMPORTED_NEW","carsystem-proflex-pluto-sanding-block","carsystem-proflex-pluto-sanding-block","OK"
"156.556","Hard / black","ProFlex Pluto Sanding Block","true","true","IMPORTED_NEW","carsystem-proflex-pluto-sanding-block","carsystem-proflex-pluto-sanding-block","OK"
"159.738","petrol-blue / P 1500","ProFlex Styx","true","true","IMPORTED_NEW","carsystem-proflex-styx","carsystem-proflex-styx","OK"
"159.739","greyish-green / P 3000","ProFlex Styx","true","true","IMPORTED_NEW","carsystem-proflex-styx","carsystem-proflex-styx","OK"
"158.291","Rupes 981.500 - M8 / 150 mm","RUPES Back Pad","true","true","IMPORTED_NEW","carsystem-rupes-back-pad","carsystem-rupes-back-pad","OK"
"158.292","Rupes 981.600 / 5/16 "" / 150 mm","RUPES Back Pad","true","true","IMPORTED_NEW","carsystem-rupes-back-pad","carsystem-rupes-back-pad","OK"
"157.318","HR81M / STB Ibrid Nano short neck","RUPES Ibrid Nano","true","true","IMPORTED_NEW","carsystem-rupes-ibrid-nano","carsystem-rupes-ibrid-nano","OK"
"157.319","HR81ML / STB Ibrid Nano long neck","RUPES Ibrid Nano","true","true","IMPORTED_NEW","carsystem-rupes-ibrid-nano","carsystem-rupes-ibrid-nano","OK"
"158.370","Polish Pad 9.DA 40S / extrafine / white","RUPES Ibrid Nano","true","true","IMPORTED_NEW","carsystem-rupes-ibrid-nano","carsystem-rupes-ibrid-nano","OK"
"157.718","Polish Pad 9.DA 40M / fine / yellow","RUPES Ibrid Nano","true","true","IMPORTED_NEW","carsystem-rupes-ibrid-nano","carsystem-rupes-ibrid-nano","OK"
"157.717","Polish Pad 9.DA 40H / hard / blue","RUPES Ibrid Nano","true","true","IMPORTED_NEW","carsystem-rupes-ibrid-nano","carsystem-rupes-ibrid-nano","OK"
"157.784","Back pad 995.001C / Velcro® daisy discs / 30 mm","RUPES Ibrid Nano","true","true","IMPORTED_NEW","carsystem-rupes-ibrid-nano","carsystem-rupes-ibrid-nano","OK"
"157.785","Back pad 996.001C / Velcro® daisy discs / 50 mm","RUPES Ibrid Nano","true","true","IMPORTED_NEW","carsystem-rupes-ibrid-nano","carsystem-rupes-ibrid-nano","OK"
"157.786","Back pad 997.001C / Self adhesive daisy discs / 30 mm","RUPES Ibrid Nano","true","true","IMPORTED_NEW","carsystem-rupes-ibrid-nano","carsystem-rupes-ibrid-nano","OK"
"157.787","Rotation unit 562.390","RUPES Ibrid Nano","true","true","IMPORTED_NEW","carsystem-rupes-ibrid-nano","carsystem-rupes-ibrid-nano","OK"
"157.788","Orbital diameter unit / 3mm","RUPES Ibrid Nano","true","true","IMPORTED_NEW","carsystem-rupes-ibrid-nano","carsystem-rupes-ibrid-nano","OK"
"157.320","MAQ HQM83 / STB / Ibrid Nano Q-MAG","RUPES Ibrid Nano Q-MAQ","true","true","IMPORTED_NEW","carsystem-rupes-ibrid-nano-q-maq","carsystem-rupes-ibrid-nano-q-maq","OK"
"157.644","Back pad / 75 mm","RUPES Ibrid Nano Q-MAQ","true","true","IMPORTED_NEW","carsystem-rupes-ibrid-nano-q-maq","carsystem-rupes-ibrid-nano-q-maq","OK"
"157.330","LD30 / 1.5 mm orbital diameter","RUPES Mini Random Orbital Sander LD30","false","true","IMPORTED_NEW","carsystem-rupes-mini-random-orbital-sander-ld30","carsystem-rupes-mini-random-orbital-sander-ld30","OK"
"157.454","RE21ALN / 3 mm orbital diameter","RUPES Orbital Sander RE21ALN","true","true","IMPORTED_NEW","carsystem-rupes-orbital-sander-re21aln","carsystem-rupes-orbital-sander-re21aln","OK"
"157.558","Sanding plate 988.001MH / 70 x 198 mm","RUPES Orbital Sander RE21ALN","true","true","IMPORTED_NEW","carsystem-rupes-orbital-sander-re21aln","carsystem-rupes-orbital-sander-re21aln","OK"
"157.329","SL42AES / 4.8 mm orbital diameter","RUPES Orbital Sander SL42AES","true","true","IMPORTED_NEW","carsystem-rupes-orbital-sander-sl42aes","carsystem-rupes-orbital-sander-sl42aes","OK"
"157.337","SLP41A / 4.8 mm orbital diameter","RUPES Orbital Sander SLP41A","true","true","IMPORTED_NEW","carsystem-rupes-orbital-sander-slp41a","carsystem-rupes-orbital-sander-slp41a","OK"
"157.559","rubber plate 619.153MH / 70 x 400 mm","RUPES Orbital Sander SLP41A","true","true","IMPORTED_NEW","carsystem-rupes-orbital-sander-slp41a","carsystem-rupes-orbital-sander-slp41a","OK"
"158.283","ER303TE / 3 mm orbital diameter","RUPES Random Orbital Sander ER","false","true","IMPORTED_NEW","carsystem-rupes-random-orbital-sander-er","carsystem-rupes-random-orbital-sander-er","OK"
"158.284","ER305TE / 5 mm orbital diameter","RUPES Random Orbital Sander ER","false","true","IMPORTED_NEW","carsystem-rupes-random-orbital-sander-er","carsystem-rupes-random-orbital-sander-er","OK"
"157.338","TA50 / 3 mm orbital diameter","RUPES Random Orbital Sander TA50","false","true","IMPORTED_NEW","carsystem-rupes-random-orbital-sander-ta50","carsystem-rupes-random-orbital-sander-ta50","OK"
"159.007","9P01.055 / M6 / 75 mm","RUPES Random Orbital Sander TA50","false","true","IMPORTED_NEW","carsystem-rupes-random-orbital-sander-ta50","carsystem-rupes-random-orbital-sander-ta50","OK"
"157.333","RA75 / 3 mm orbital diameter","RUPES Random Orbital Single-Hand Sander RA75","true","true","IMPORTED_NEW","carsystem-rupes-random-orbital-single-hand-sander-ra75","carsystem-rupes-random-orbital-single-hand-sander-ra75","OK"
"147.663","Rupes Pad Velcro 5/16'' - RA75 soft","RUPES Random Orbital Single-Hand Sander RA75","true","true","IMPORTED_NEW","carsystem-rupes-random-orbital-single-hand-sander-ra75","carsystem-rupes-random-orbital-single-hand-sander-ra75","OK"
"157.326","RX253A / 3 mm orbital diameter","RUPES Skorpio E RX","true","true","IMPORTED_NEW","carsystem-rupes-skorpio-e-rx","carsystem-rupes-skorpio-e-rx","OK"
"157.328","RX256A / 6 mm orbital diameter","RUPES Skorpio E RX","true","true","IMPORTED_NEW","carsystem-rupes-skorpio-e-rx","carsystem-rupes-skorpio-e-rx","OK"
"157.334","RH353A / 3 mm orbital diameter","RUPES Skorpio III RH","true","true","IMPORTED_NEW","carsystem-rupes-skorpio-iii-rh","carsystem-rupes-skorpio-iii-rh","OK"
"157.335","RH356A / 6 mm orbital diameter","RUPES Skorpio III RH","true","true","IMPORTED_NEW","carsystem-rupes-skorpio-iii-rh","carsystem-rupes-skorpio-iii-rh","OK"
"160.224","70 x 100 mm - with extraction","Sanding Block 100 2.0","true","true","IMPORTED_NEW","carsystem-sanding-block-100-2-0","carsystem-sanding-block-100-2-0","OK"
"159.535","Multi holes / 70 x 198 mm","Sanding Block 198 2.0","true","true","IMPORTED_NEW","carsystem-sanding-block-198-2-0","carsystem-sanding-block-198-2-0","OK"
"148.702","22 holes / 70 x 198 mm","Sanding Block 198 Kit","true","true","IMPORTED_NEW","carsystem-sanding-block-198-kit","carsystem-sanding-block-198-kit","OK"
"160.172","70 x 100 mm","Sanding Block 300 + 100","true","true","IMPORTED_NEW","carsystem-sanding-block-300-100","carsystem-sanding-block-300-100","OK"
"159.571","70 x 300 mm","Sanding Block 300 + 100","true","true","IMPORTED_NEW","carsystem-sanding-block-300-100","carsystem-sanding-block-300-100","OK"
"159.534","Multi holes / 70 x 400 mm","Sanding Block 400 2.0","true","true","IMPORTED_NEW","carsystem-sanding-block-400-2-0","carsystem-sanding-block-400-2-0","OK"
"150.088","14 holes / 70 x 400 mm","Sanding Block 400 Grip Flex","true","true","IMPORTED_NEW","carsystem-sanding-block-400-grip-flex","carsystem-sanding-block-400-grip-flex","OK"
"151.904","150 mm / 15 holes","Sanding Block Disc Kit 150","true","true","IMPORTED_NEW","carsystem-sanding-block-disc-kit-150","carsystem-sanding-block-disc-kit-150","OK"
"142.009","Velcro® 150 mm","Sanding Block Grip Box","true","true","IMPORTED_NEW","carsystem-sanding-block-grip-box","carsystem-sanding-block-grip-box","OK"
"137.439","150 mm","Sanding Block Grip","true","true","IMPORTED_NEW","carsystem-sanding-block-grip","carsystem-sanding-block-grip","OK"
"137.431","125 mm x 70 mm","Sanding Block Hard","true","true","IMPORTED_NEW","carsystem-sanding-block-hard","carsystem-sanding-block-hard","OK"
"156.046","P 80","Sanding Disc F.19","true","true","MATCHED_EXISTING","carsystem-f19-brusni-diskovi","carsystem-f19-brusni-diskovi","OK"
"156.048","P 120","Sanding Disc F.19","true","true","MATCHED_EXISTING","carsystem-f19-brusni-diskovi","carsystem-f19-brusni-diskovi","OK"
"156.049","P 150","Sanding Disc F.19","true","true","MATCHED_EXISTING","carsystem-f19-brusni-diskovi","carsystem-f19-brusni-diskovi","OK"
"156.050","P 180","Sanding Disc F.19","true","true","MATCHED_EXISTING","carsystem-f19-brusni-diskovi","carsystem-f19-brusni-diskovi","OK"
"156.051","P 220","Sanding Disc F.19","true","true","MATCHED_EXISTING","carsystem-f19-brusni-diskovi","carsystem-f19-brusni-diskovi","OK"
"156.052","P 240","Sanding Disc F.19","true","true","MATCHED_EXISTING","carsystem-f19-brusni-diskovi","carsystem-f19-brusni-diskovi","OK"
"156.054","P 320","Sanding Disc F.19","true","true","MATCHED_EXISTING","carsystem-f19-brusni-diskovi","carsystem-f19-brusni-diskovi","OK"
"156.055","P 360","Sanding Disc F.19","true","true","MATCHED_EXISTING","carsystem-f19-brusni-diskovi","carsystem-f19-brusni-diskovi","OK"
"156.056","P 400","Sanding Disc F.19","true","true","MATCHED_EXISTING","carsystem-f19-brusni-diskovi","carsystem-f19-brusni-diskovi","OK"
"156.057","P 500","Sanding Disc F.19","true","true","MATCHED_EXISTING","carsystem-f19-brusni-diskovi","carsystem-f19-brusni-diskovi","OK"
"156.058","P 600","Sanding Disc F.19","true","true","MATCHED_EXISTING","carsystem-f19-brusni-diskovi","carsystem-f19-brusni-diskovi","OK"
"156.059","P 800","Sanding Disc F.19","true","true","MATCHED_EXISTING","carsystem-f19-brusni-diskovi","carsystem-f19-brusni-diskovi","OK"
"156.647","P 80","Sanding Disc F.19","true","true","IMPORTED_NEW","carsystem-sanding-disc-f-19-77-mm","carsystem-sanding-disc-f-19-77-mm","OK"
"156.648","P 120","Sanding Disc F.19","true","true","IMPORTED_NEW","carsystem-sanding-disc-f-19-77-mm","carsystem-sanding-disc-f-19-77-mm","OK"
"156.649","P 150","Sanding Disc F.19","true","true","IMPORTED_NEW","carsystem-sanding-disc-f-19-77-mm","carsystem-sanding-disc-f-19-77-mm","OK"
"156.650","P 180","Sanding Disc F.19","true","true","IMPORTED_NEW","carsystem-sanding-disc-f-19-77-mm","carsystem-sanding-disc-f-19-77-mm","OK"
"156.651","P 220","Sanding Disc F.19","true","true","IMPORTED_NEW","carsystem-sanding-disc-f-19-77-mm","carsystem-sanding-disc-f-19-77-mm","OK"
"156.652","P 240","Sanding Disc F.19","true","true","IMPORTED_NEW","carsystem-sanding-disc-f-19-77-mm","carsystem-sanding-disc-f-19-77-mm","OK"
"156.653","P 320","Sanding Disc F.19","true","true","IMPORTED_NEW","carsystem-sanding-disc-f-19-77-mm","carsystem-sanding-disc-f-19-77-mm","OK"
"156.654","P 400","Sanding Disc F.19","true","true","IMPORTED_NEW","carsystem-sanding-disc-f-19-77-mm","carsystem-sanding-disc-f-19-77-mm","OK"
"156.655","P 500","Sanding Disc F.19","true","true","IMPORTED_NEW","carsystem-sanding-disc-f-19-77-mm","carsystem-sanding-disc-f-19-77-mm","OK"
"156.903","P 800","Sanding Disc F.19","true","true","IMPORTED_NEW","carsystem-sanding-disc-f-19-77-mm","carsystem-sanding-disc-f-19-77-mm","OK"
"156.899","P 1000","Sanding Disc F.19 Finish","true","true","MATCHED_EXISTING","carsystem-finish-serija","carsystem-finish-serija","OK"
"156.900","P 1200","Sanding Disc F.19 Finish","true","true","MATCHED_EXISTING","carsystem-finish-serija","carsystem-finish-serija","OK"
"156.901","P 1500","Sanding Disc F.19 Finish","true","true","MATCHED_EXISTING","carsystem-finish-serija","carsystem-finish-serija","OK"
"156.902","P 2000","Sanding Disc F.19 Finish","true","true","MATCHED_EXISTING","carsystem-finish-serija","carsystem-finish-serija","OK"
"156.904","P 1500","Sanding Disc F.19 Finish","true","true","IMPORTED_NEW","carsystem-sanding-disc-f-19-finish-77-mm","carsystem-sanding-disc-f-19-finish-77-mm","OK"
"156.905","P 2000","Sanding Disc F.19 Finish","true","true","IMPORTED_NEW","carsystem-sanding-disc-f-19-finish-77-mm","carsystem-sanding-disc-f-19-finish-77-mm","OK"
"156.933","P 320","Sanding Disc F.19 Soft","true","true","IMPORTED_NEW","carsystem-sanding-disc-f-19-soft","carsystem-sanding-disc-f-19-soft","OK"
"156.934","P 400","Sanding Disc F.19 Soft","true","true","IMPORTED_NEW","carsystem-sanding-disc-f-19-soft","carsystem-sanding-disc-f-19-soft","OK"
"156.935","P 500","Sanding Disc F.19 Soft","true","true","IMPORTED_NEW","carsystem-sanding-disc-f-19-soft","carsystem-sanding-disc-f-19-soft","OK"
"156.936","P 600","Sanding Disc F.19 Soft","true","true","IMPORTED_NEW","carsystem-sanding-disc-f-19-soft","carsystem-sanding-disc-f-19-soft","OK"
"156.937","P 800","Sanding Disc F.19 Soft","true","true","IMPORTED_NEW","carsystem-sanding-disc-f-19-soft","carsystem-sanding-disc-f-19-soft","OK"
"159.218","P 80","Sanding Disc F.23 Ceramic","true","true","MATCHED_EXISTING","carsystem-f23-brusni-diskovi","carsystem-f23-brusni-diskovi","OK"
"159.219","P 120","Sanding Disc F.23 Ceramic","true","true","MATCHED_EXISTING","carsystem-f23-brusni-diskovi","carsystem-f23-brusni-diskovi","OK"
"159.220","P 180","Sanding Disc F.23 Ceramic","true","true","MATCHED_EXISTING","carsystem-f23-brusni-diskovi","carsystem-f23-brusni-diskovi","OK"
"159.221","P 240","Sanding Disc F.23 Ceramic","true","true","MATCHED_EXISTING","carsystem-f23-brusni-diskovi","carsystem-f23-brusni-diskovi","OK"
"159.222","P 320","Sanding Disc F.23 Ceramic","true","true","MATCHED_EXISTING","carsystem-f23-brusni-diskovi","carsystem-f23-brusni-diskovi","OK"
"159.223","P 400","Sanding Disc F.23 Ceramic","true","true","MATCHED_EXISTING","carsystem-f23-brusni-diskovi","carsystem-f23-brusni-diskovi","OK"
"159.224","P 500","Sanding Disc F.23 Ceramic","true","true","MATCHED_EXISTING","carsystem-f23-brusni-diskovi","carsystem-f23-brusni-diskovi","OK"
"159.225","P 600","Sanding Disc F.23 Ceramic","true","true","MATCHED_EXISTING","carsystem-f23-brusni-diskovi","carsystem-f23-brusni-diskovi","OK"
"159.226","P 800","Sanding Disc F.23 Ceramic","true","true","MATCHED_EXISTING","carsystem-f23-brusni-diskovi","carsystem-f23-brusni-diskovi","OK"
"156.357","P 40","Sanding Disc P.19","false","true","MATCHED_EXISTING","carsystem-p19-brusni-diskovi","carsystem-p19-brusni-diskovi","OK"
"156.358","P 60","Sanding Disc P.19","false","true","MATCHED_EXISTING","carsystem-p19-brusni-diskovi","carsystem-p19-brusni-diskovi","OK"
"156.359","P 80","Sanding Disc P.19","false","true","MATCHED_EXISTING","carsystem-p19-brusni-diskovi","carsystem-p19-brusni-diskovi","OK"
"156.361","P 120","Sanding Disc P.19","false","true","MATCHED_EXISTING","carsystem-p19-brusni-diskovi","carsystem-p19-brusni-diskovi","OK"
"156.362","P 150","Sanding Disc P.19","false","true","MATCHED_EXISTING","carsystem-p19-brusni-diskovi","carsystem-p19-brusni-diskovi","OK"
"156.363","P 180","Sanding Disc P.19","false","true","MATCHED_EXISTING","carsystem-p19-brusni-diskovi","carsystem-p19-brusni-diskovi","OK"
"156.364","P 220","Sanding Disc P.19","false","true","MATCHED_EXISTING","carsystem-p19-brusni-diskovi","carsystem-p19-brusni-diskovi","OK"
"156.365","P 240","Sanding Disc P.19","false","true","MATCHED_EXISTING","carsystem-p19-brusni-diskovi","carsystem-p19-brusni-diskovi","OK"
"156.367","P 320","Sanding Disc P.19","false","true","MATCHED_EXISTING","carsystem-p19-brusni-diskovi","carsystem-p19-brusni-diskovi","OK"
"156.368","P 360","Sanding Disc P.19","false","true","MATCHED_EXISTING","carsystem-p19-brusni-diskovi","carsystem-p19-brusni-diskovi","OK"
"156.369","P 400","Sanding Disc P.19","false","true","MATCHED_EXISTING","carsystem-p19-brusni-diskovi","carsystem-p19-brusni-diskovi","OK"
"156.370","P 500","Sanding Disc P.19","false","true","MATCHED_EXISTING","carsystem-p19-brusni-diskovi","carsystem-p19-brusni-diskovi","OK"
"156.371","P 600","Sanding Disc P.19","false","true","MATCHED_EXISTING","carsystem-p19-brusni-diskovi","carsystem-p19-brusni-diskovi","OK"
"160.273","P40","Sanding Disc P.25 Ceramic","true","true","IMPORTED_NEW","carsystem-sanding-disc-p-25-ceramic","carsystem-sanding-disc-p-25-ceramic","OK"
"160.274","P60","Sanding Disc P.25 Ceramic","true","true","IMPORTED_NEW","carsystem-sanding-disc-p-25-ceramic","carsystem-sanding-disc-p-25-ceramic","OK"
"159.995","P80","Sanding Disc P.25 Ceramic","true","true","IMPORTED_NEW","carsystem-sanding-disc-p-25-ceramic","carsystem-sanding-disc-p-25-ceramic","OK"
"159.996","P120","Sanding Disc P.25 Ceramic","true","true","IMPORTED_NEW","carsystem-sanding-disc-p-25-ceramic","carsystem-sanding-disc-p-25-ceramic","OK"
"159.997","P180","Sanding Disc P.25 Ceramic","true","true","IMPORTED_NEW","carsystem-sanding-disc-p-25-ceramic","carsystem-sanding-disc-p-25-ceramic","OK"
"159.998","P240","Sanding Disc P.25 Ceramic","true","true","IMPORTED_NEW","carsystem-sanding-disc-p-25-ceramic","carsystem-sanding-disc-p-25-ceramic","OK"
"159.999","P320","Sanding Disc P.25 Ceramic","true","true","IMPORTED_NEW","carsystem-sanding-disc-p-25-ceramic","carsystem-sanding-disc-p-25-ceramic","OK"
"160.000","P400","Sanding Disc P.25 Ceramic","true","true","IMPORTED_NEW","carsystem-sanding-disc-p-25-ceramic","carsystem-sanding-disc-p-25-ceramic","OK"
"160.002","P500","Sanding Disc P.25 Ceramic","true","true","IMPORTED_NEW","carsystem-sanding-disc-p-25-ceramic","carsystem-sanding-disc-p-25-ceramic","OK"
"160.003","P600","Sanding Disc P.25 Ceramic","true","true","IMPORTED_NEW","carsystem-sanding-disc-p-25-ceramic","carsystem-sanding-disc-p-25-ceramic","OK"
"156.691","Very fine / red / 80 mm","Sanding Fleece V.19","true","true","IMPORTED_NEW","carsystem-sanding-fleece-v-19-disc","carsystem-sanding-fleece-v-19-disc","OK"
"156.690","Ultra fine / grey / 80 mm","Sanding Fleece V.19","true","true","IMPORTED_NEW","carsystem-sanding-fleece-v-19-disc","carsystem-sanding-fleece-v-19-disc","OK"
"156.044","Very fine / red / 150 mm","Sanding Fleece V.19","true","true","IMPORTED_NEW","carsystem-sanding-fleece-v-19-disc","carsystem-sanding-fleece-v-19-disc","OK"
"156.045","Ultra fine / grey / 150 mm","Sanding Fleece V.19","true","true","IMPORTED_NEW","carsystem-sanding-fleece-v-19-disc","carsystem-sanding-fleece-v-19-disc","OK"
"156.041","Very fine / red","Sanding Fleece V.19","true","true","IMPORTED_NEW","carsystem-sanding-fleece-v-19-pad-115-x-230-mm","carsystem-sanding-fleece-v-19-pad-115-x-230-mm","OK"
"156.042","Ultra fine / grey","Sanding Fleece V.19","true","true","IMPORTED_NEW","carsystem-sanding-fleece-v-19-pad-115-x-230-mm","carsystem-sanding-fleece-v-19-pad-115-x-230-mm","OK"
"156.039","Very fine / red","Sanding Fleece V.19","true","true","IMPORTED_NEW","carsystem-sanding-fleece-v-19-roll-115-mm-x-10-m","carsystem-sanding-fleece-v-19-roll-115-mm-x-10-m","OK"
"156.040","Ultra fine / grey","Sanding Fleece V.19","true","true","IMPORTED_NEW","carsystem-sanding-fleece-v-19-roll-115-mm-x-10-m","carsystem-sanding-fleece-v-19-roll-115-mm-x-10-m","OK"
"159.227","P 80","Sanding Strips F.23 Ceramic","true","true","IMPORTED_NEW","carsystem-sanding-strips-f-23-ceramic","carsystem-sanding-strips-f-23-ceramic","OK"
"159.228","P 120","Sanding Strips F.23 Ceramic","true","true","IMPORTED_NEW","carsystem-sanding-strips-f-23-ceramic","carsystem-sanding-strips-f-23-ceramic","OK"
"159.229","P 180","Sanding Strips F.23 Ceramic","true","true","IMPORTED_NEW","carsystem-sanding-strips-f-23-ceramic","carsystem-sanding-strips-f-23-ceramic","OK"
"159.230","P 240","Sanding Strips F.23 Ceramic","true","true","IMPORTED_NEW","carsystem-sanding-strips-f-23-ceramic","carsystem-sanding-strips-f-23-ceramic","OK"
"159.231","P 320","Sanding Strips F.23 Ceramic","true","true","IMPORTED_NEW","carsystem-sanding-strips-f-23-ceramic","carsystem-sanding-strips-f-23-ceramic","OK"
"159.232","P 400","Sanding Strips F.23 Ceramic","true","true","IMPORTED_NEW","carsystem-sanding-strips-f-23-ceramic","carsystem-sanding-strips-f-23-ceramic","OK"
"159.234","P 600","Sanding Strips F.23 Ceramic","true","true","IMPORTED_NEW","carsystem-sanding-strips-f-23-ceramic","carsystem-sanding-strips-f-23-ceramic","OK"
"159.235","P 800","Sanding Strips F.23 Ceramic","true","true","IMPORTED_NEW","carsystem-sanding-strips-f-23-ceramic","carsystem-sanding-strips-f-23-ceramic","OK"
"160.408","P 80","Sanding Strips P.25 Ceramic","true","true","IMPORTED_NEW","carsystem-sanding-strips-p-25-ceramic","carsystem-sanding-strips-p-25-ceramic","OK"
"160.409","P 120","Sanding Strips P.25 Ceramic","true","true","IMPORTED_NEW","carsystem-sanding-strips-p-25-ceramic","carsystem-sanding-strips-p-25-ceramic","OK"
"160.410","P 180","Sanding Strips P.25 Ceramic","true","true","IMPORTED_NEW","carsystem-sanding-strips-p-25-ceramic","carsystem-sanding-strips-p-25-ceramic","OK"
"160.411","P 240","Sanding Strips P.25 Ceramic","true","true","IMPORTED_NEW","carsystem-sanding-strips-p-25-ceramic","carsystem-sanding-strips-p-25-ceramic","OK"
"160.412","P 320","Sanding Strips P.25 Ceramic","true","true","IMPORTED_NEW","carsystem-sanding-strips-p-25-ceramic","carsystem-sanding-strips-p-25-ceramic","OK"
"160.413","P 400","Sanding Strips P.25 Ceramic","true","true","IMPORTED_NEW","carsystem-sanding-strips-p-25-ceramic","carsystem-sanding-strips-p-25-ceramic","OK"
"157.446","Incl. spray nozzle / 1 l","Sanding Water SW20","true","true","IMPORTED_NEW","carsystem-sanding-water-sw20","carsystem-sanding-water-sw20","OK"
"157.447","5 l","Sanding Water SW20","true","true","IMPORTED_NEW","carsystem-sanding-water-sw20","carsystem-sanding-water-sw20","OK"
"140.585","Grip / 10 mm / no holes","Soft Interface Pad","true","true","IMPORTED_NEW","carsystem-soft-interface-pad","carsystem-soft-interface-pad","OK"
"140.584","Grip / universal","Soft Interface Pad","true","true","IMPORTED_NEW","carsystem-soft-interface-pad","carsystem-soft-interface-pad","OK"
"159.422","P 120","Soft-Roll","true","true","IMPORTED_NEW","carsystem-soft-roll","carsystem-soft-roll","OK"
"159.423","P 180","Soft-Roll","true","true","IMPORTED_NEW","carsystem-soft-roll","carsystem-soft-roll","OK"
"159.424","P 240","Soft-Roll","true","true","IMPORTED_NEW","carsystem-soft-roll","carsystem-soft-roll","OK"
"159.425","P 320","Soft-Roll","true","true","IMPORTED_NEW","carsystem-soft-roll","carsystem-soft-roll","OK"
"159.426","P 400","Soft-Roll","true","true","IMPORTED_NEW","carsystem-soft-roll","carsystem-soft-roll","OK"
"159.427","P 500","Soft-Roll","true","true","IMPORTED_NEW","carsystem-soft-roll","carsystem-soft-roll","OK"
"159.428","P 600","Soft-Roll","true","true","IMPORTED_NEW","carsystem-soft-roll","carsystem-soft-roll","OK"
"159.429","P 800","Soft-Roll","true","true","IMPORTED_NEW","carsystem-soft-roll","carsystem-soft-roll","OK"
"159.430","P 1000","Soft-Roll","true","true","IMPORTED_NEW","carsystem-soft-roll","carsystem-soft-roll","OK"
"127.999","100 mm","Stripping Disc","true","true","IMPORTED_NEW","carsystem-stripping-disc","carsystem-stripping-disc","OK"
"128.000","150 mm","Stripping Disc","true","true","IMPORTED_NEW","carsystem-stripping-disc","carsystem-stripping-disc","OK"
"152.013","90 mm/ set of 2 discs + 1 adapter","Tape Off Disc Premium","true","true","IMPORTED_NEW","carsystem-tape-off-disc-premium","carsystem-tape-off-disc-premium","OK"
"133.172","1 axial sander","Tape Off Tool","true","true","IMPORTED_NEW","carsystem-tape-off-tool","carsystem-tape-off-tool","OK"
"151.947","1.0 kg","Tec Line Matt Matting Mousse","true","true","IMPORTED_NEW","carsystem-tec-line-matt-matting-mousse","carsystem-tec-line-matt-matting-mousse","OK"
"152.686","Very fine / red","Tec Line Mattflex Pad","true","true","IMPORTED_NEW","carsystem-tec-line-mattflex-pad","carsystem-tec-line-mattflex-pad","OK"
"157.444","Extra fine / black","Tec Line Mattflex Pad","true","true","IMPORTED_NEW","carsystem-tec-line-mattflex-pad","carsystem-tec-line-mattflex-pad","OK"
"152.687","Ultra fine / grey","Tec Line Mattflex Pad","true","true","IMPORTED_NEW","carsystem-tec-line-mattflex-pad","carsystem-tec-line-mattflex-pad","OK"
"152.688","Micro fine / gold","Tec Line Mattflex Pad","true","true","IMPORTED_NEW","carsystem-tec-line-mattflex-pad","carsystem-tec-line-mattflex-pad","OK"
"151.616","Very fine / red","Tec Line Mattflex Premium","true","true","IMPORTED_NEW","carsystem-tec-line-mattflex-premium","carsystem-tec-line-mattflex-premium","OK"
"151.617","Ultra fine / grey","Tec Line Mattflex Premium","true","true","IMPORTED_NEW","carsystem-tec-line-mattflex-premium","carsystem-tec-line-mattflex-premium","OK"
"157.438","P 80","Tec Line N20","true","true","IMPORTED_NEW","carsystem-tec-line-n20","carsystem-tec-line-n20","OK"
"157.439","P 120","Tec Line N20","true","true","IMPORTED_NEW","carsystem-tec-line-n20","carsystem-tec-line-n20","OK"
"157.440","P 180","Tec Line N20","true","true","IMPORTED_NEW","carsystem-tec-line-n20","carsystem-tec-line-n20","OK"
"157.441","P 240","Tec Line N20","true","true","IMPORTED_NEW","carsystem-tec-line-n20","carsystem-tec-line-n20","OK"
"157.442","P 320","Tec Line N20","true","true","IMPORTED_NEW","carsystem-tec-line-n20","carsystem-tec-line-n20","OK"
"157.443","P 400","Tec Line N20","true","true","IMPORTED_NEW","carsystem-tec-line-n20","carsystem-tec-line-n20","OK"
"152.983","P 1000","Tec Line Pro Finish","true","true","IMPORTED_NEW","carsystem-tec-line-pro-finish","carsystem-tec-line-pro-finish","OK"
"152.984","P 2000","Tec Line Pro Finish","true","true","IMPORTED_NEW","carsystem-tec-line-pro-finish","carsystem-tec-line-pro-finish","OK"
"153.256","P 3000","Tec Line Pro Finish","true","true","IMPORTED_NEW","carsystem-tec-line-pro-finish","carsystem-tec-line-pro-finish","OK"
"152.689","P 150","Tec Line Softflex","true","true","IMPORTED_NEW","carsystem-tec-line-softflex","carsystem-tec-line-softflex","OK"
"152.690","P 180","Tec Line Softflex","true","true","IMPORTED_NEW","carsystem-tec-line-softflex","carsystem-tec-line-softflex","OK"
"152.691","P 240","Tec Line Softflex","true","true","IMPORTED_NEW","carsystem-tec-line-softflex","carsystem-tec-line-softflex","OK"
"152.692","P 320","Tec Line Softflex","true","true","IMPORTED_NEW","carsystem-tec-line-softflex","carsystem-tec-line-softflex","OK"
"152.693","P 400","Tec Line Softflex","true","true","IMPORTED_NEW","carsystem-tec-line-softflex","carsystem-tec-line-softflex","OK"
"152.694","P 500","Tec Line Softflex","true","true","IMPORTED_NEW","carsystem-tec-line-softflex","carsystem-tec-line-softflex","OK"
"152.695","P 600","Tec Line Softflex","true","true","IMPORTED_NEW","carsystem-tec-line-softflex","carsystem-tec-line-softflex","OK"
"152.696","P 800","Tec Line Softflex","true","true","IMPORTED_NEW","carsystem-tec-line-softflex","carsystem-tec-line-softflex","OK"
"126.251","Medium / P 280 - P 360","Topline Soft Pad","true","true","IMPORTED_NEW","carsystem-topline-soft-pad","carsystem-topline-soft-pad","OK"
"126.252","Fine / P 400 - P 500","Topline Soft Pad","true","true","IMPORTED_NEW","carsystem-topline-soft-pad","carsystem-topline-soft-pad","OK"
"126.253","Super fine / P 600 - P 800","Topline Soft Pad","true","true","IMPORTED_NEW","carsystem-topline-soft-pad","carsystem-topline-soft-pad","OK"
"126.254","Ultra fine / P 1000 - P 1200","Topline Soft Pad","true","true","IMPORTED_NEW","carsystem-topline-soft-pad","carsystem-topline-soft-pad","OK"
"136.676","P 80","Topline WP S","true","true","IMPORTED_NEW","carsystem-topline-wp-s","carsystem-topline-wp-s","OK"
"136.677","P 120","Topline WP S","true","true","IMPORTED_NEW","carsystem-topline-wp-s","carsystem-topline-wp-s","OK"
"136.678","P 180","Topline WP S","true","true","IMPORTED_NEW","carsystem-topline-wp-s","carsystem-topline-wp-s","OK"
"136.679","P 220","Topline WP S","true","true","IMPORTED_NEW","carsystem-topline-wp-s","carsystem-topline-wp-s","OK"
"136.680","P 240","Topline WP S","true","true","IMPORTED_NEW","carsystem-topline-wp-s","carsystem-topline-wp-s","OK"
"136.682","P 320","Topline WP S","true","true","IMPORTED_NEW","carsystem-topline-wp-s","carsystem-topline-wp-s","OK"
"136.684","P 400","Topline WP S","true","true","IMPORTED_NEW","carsystem-topline-wp-s","carsystem-topline-wp-s","OK"
"136.685","P 500","Topline WP S","true","true","IMPORTED_NEW","carsystem-topline-wp-s","carsystem-topline-wp-s","OK"
"136.686","P 600","Topline WP S","true","true","IMPORTED_NEW","carsystem-topline-wp-s","carsystem-topline-wp-s","OK"
"136.687","P 800","Topline WP S","true","true","IMPORTED_NEW","carsystem-topline-wp-s","carsystem-topline-wp-s","OK"
"136.688","P 1000","Topline WP S","true","true","IMPORTED_NEW","carsystem-topline-wp-s","carsystem-topline-wp-s","OK"
"136.689","P 1200","Topline WP S","true","true","IMPORTED_NEW","carsystem-topline-wp-s","carsystem-topline-wp-s","OK"
"136.690","P 1500","Topline WP S","true","true","IMPORTED_NEW","carsystem-topline-wp-s","carsystem-topline-wp-s","OK"
"136.691","P 2000","Topline WP S","true","true","IMPORTED_NEW","carsystem-topline-wp-s","carsystem-topline-wp-s","OK"
"136.683","P 360","Topline WP S","true","false","IMPORTED_NEW","carsystem-topline-wp-s","carsystem-topline-wp-s","OK"
"139.325","Applicator","Applicator","true","true","IMPORTED_NEW","carsystem-applicator","carsystem-applicator","OK"
"147.024","6 mm x 10 m","HS-Acryl Tape","true","true","IMPORTED_NEW","carsystem-hs-acryl-tape","carsystem-hs-acryl-tape","OK"
"137.072","9 mm x 10 m","HS-Acryl Tape","true","true","IMPORTED_NEW","carsystem-hs-acryl-tape","carsystem-hs-acryl-tape","OK"
"137.073","12 mm x 10 m","HS-Acryl Tape","true","true","IMPORTED_NEW","carsystem-hs-acryl-tape","carsystem-hs-acryl-tape","OK"
"137.074","19 mm x 10 m","HS-Acryl Tape","true","true","IMPORTED_NEW","carsystem-hs-acryl-tape","carsystem-hs-acryl-tape","OK"
"126.032","1 l","KS-100","true","true","IMPORTED_NEW","carsystem-ks-100","carsystem-ks-100","OK"
"149.266","White / 1 l","KS-1000","true","true","IMPORTED_NEW","carsystem-ks-1000","carsystem-ks-1000","OK"
"149.264","Grey / 1 l","KS-1000","true","true","IMPORTED_NEW","carsystem-ks-1000","carsystem-ks-1000","OK"
"149.265","Black / 1 l","KS-1000","true","true","IMPORTED_NEW","carsystem-ks-1000","carsystem-ks-1000","OK"
"126.022","Grey / 500 ml","KS-1050","true","true","IMPORTED_NEW","carsystem-ks-1050","carsystem-ks-1050","OK"
"126.023","Black / 500 ml","KS-1050","true","true","IMPORTED_NEW","carsystem-ks-1050","carsystem-ks-1050","OK"
"126.062","1 l","KS-200","true","true","IMPORTED_NEW","carsystem-ks-200","carsystem-ks-200","OK"
"126.061","500 ml / incl. hose","KS-250","true","true","IMPORTED_NEW","carsystem-ks-250","carsystem-ks-250","OK"
"159.332","Replacement tube / 60 cm","KS-250","true","true","IMPORTED_NEW","carsystem-ks-250","carsystem-ks-250","OK"
"152.804","Grey / 1 l","KS-3000 Plus","true","true","IMPORTED_NEW","carsystem-ks-3000-plus","carsystem-ks-3000-plus","OK"
"152.622","Black / 1 l","KS-3000 Plus","true","true","IMPORTED_NEW","carsystem-ks-3000-plus","carsystem-ks-3000-plus","OK"
"160.064","1 l","KS-300.2","true","true","IMPORTED_NEW","carsystem-ks-300-2","carsystem-ks-300-2","OK"
"125.468","500 ml","KS-400","true","true","IMPORTED_NEW","carsystem-ks-400","carsystem-ks-400","OK"
"160.067","Black / 1 l","KS-4000.2","true","true","IMPORTED_NEW","carsystem-ks-4000-2","carsystem-ks-4000-2","OK"
"160.065","1 l","KS-500.2","true","true","IMPORTED_NEW","carsystem-ks-500-2","carsystem-ks-500-2","OK"
"160.007","Grey / 1,0 kg","KS-50.2","true","true","IMPORTED_NEW","carsystem-ks-50-2","carsystem-ks-50-2","OK"
"126.029","500 ml","KS-550","true","true","IMPORTED_NEW","carsystem-ks-550","carsystem-ks-550","OK"
"126.095","1 l","KS-800","true","true","IMPORTED_NEW","carsystem-ks-800","carsystem-ks-800","OK"
"126.094","500 ml","KS-850","true","true","IMPORTED_NEW","carsystem-ks-850","carsystem-ks-850","OK"
"141.453","30 mm","KS-Brush","true","true","IMPORTED_NEW","carsystem-ks-brush","carsystem-ks-brush","OK"
"126.040","Incl. 2 additional suction pipes / without cavity protection tube","KS-Dual Gun","true","true","IMPORTED_NEW","carsystem-ks-dual-gun","carsystem-ks-dual-gun","OK"
"126.058","0.9m / cavity protection tube","KS-Dual Gun","true","true","IMPORTED_NEW","carsystem-ks-dual-gun","carsystem-ks-dual-gun","OK"
"126.048","Replacement suction pipes","KS-Dual Gun","true","true","IMPORTED_NEW","carsystem-ks-dual-gun","carsystem-ks-dual-gun","OK"
"157.032","Gun for underbody protection","KS-Gun","true","true","IMPORTED_NEW","carsystem-ks-gun","carsystem-ks-gun","OK"
"142.279","Tube set / 0.95 m","KS-Gun","true","true","IMPORTED_NEW","carsystem-ks-gun","carsystem-ks-gun","OK"
"147.956","KS-Gun replacement nozzle","KS-Gun","true","true","IMPORTED_NEW","carsystem-ks-gun","carsystem-ks-gun","OK"
"158.017","KS-Gun nozzle","KS-Gun","true","true","IMPORTED_NEW","carsystem-ks-gun","carsystem-ks-gun","OK"
"125.712","9 mm x 10 m","Mount Tape","true","true","IMPORTED_NEW","carsystem-mount-tape","carsystem-mount-tape","OK"
"125.713","12 mm x 10 m","Mount Tape","true","true","IMPORTED_NEW","carsystem-mount-tape","carsystem-mount-tape","OK"
"125.720","19 mm x 10 m","Mount Tape","true","true","IMPORTED_NEW","carsystem-mount-tape","carsystem-mount-tape","OK"
"125.681","MS Air Gun","MS Air Gun","true","true","IMPORTED_NEW","carsystem-ms-air-gun","carsystem-ms-air-gun","OK"
"131.563","Spare nozzle set","MS Air Gun","true","true","IMPORTED_NEW","carsystem-ms-air-gun","carsystem-ms-air-gun","OK"
"140.075","MS Air Gun nozzle","MS Air Gun","true","true","IMPORTED_NEW","carsystem-ms-air-gun","carsystem-ms-air-gun","OK"
"159.952","transparent / 50 ml","Power PU Bond","true","true","IMPORTED_NEW","carsystem-power-pu-bond","carsystem-power-pu-bond","OK"
"159.954","black / 25 ml","Power PU Bond","true","true","IMPORTED_NEW","carsystem-power-pu-bond","carsystem-power-pu-bond","OK"
"159.955","black / 50 ml","Power PU Bond","true","true","IMPORTED_NEW","carsystem-power-pu-bond","carsystem-power-pu-bond","OK"
"159.958","Backing / supporting","Power PU Bond Film","true","true","IMPORTED_NEW","carsystem-power-pu-bond-film","carsystem-power-pu-bond-film","OK"
"140.927","Cartridge gun","Power PU Bond Gun","true","true","IMPORTED_NEW","carsystem-power-pu-bond-gun","carsystem-power-pu-bond-gun","OK"
"159.956","Mixing tube / 12 pcs per pack / red","Power PU Bond Mixer","true","true","IMPORTED_NEW","carsystem-power-pu-bond-mixer","carsystem-power-pu-bond-mixer","OK"
"126.055","Bitumen-black / 1 carton à 5 pcs. / 25 x 50 cm","Sound Deadening Panels","true","true","IMPORTED_NEW","carsystem-sound-deadening-panels","carsystem-sound-deadening-panels","OK"
"134.139","Patterned-black / 1 carton à 10 pcs. / 50 x 50 cm","Sound Deadening Panels","true","true","IMPORTED_NEW","carsystem-sound-deadening-panels","carsystem-sound-deadening-panels","OK"
"134.140","Smooth-black / 1 carton à 10 pcs. / 50 x 50 cm","Sound Deadening Panels","true","true","IMPORTED_NEW","carsystem-sound-deadening-panels","carsystem-sound-deadening-panels","OK"
"149.010","V-nozzle / bag of 10","UNIFLEX Adapter Nozzle","true","true","IMPORTED_NEW","carsystem-uniflex-adapter-nozzle-v-nozzle","carsystem-uniflex-adapter-nozzle-v-nozzle","OK"
"149.009","Blade wing tip / Bag of 10","UNIFLEX Adapter Nozzle","true","true","IMPORTED_NEW","carsystem-uniflex-adapter-nozzle-wing-tip","carsystem-uniflex-adapter-nozzle-wing-tip","OK"
"153.224","Uniflex Air Gun","UNIFLEX Air Gun","true","true","IMPORTED_NEW","carsystem-uniflex-air-gun","carsystem-uniflex-air-gun","OK"
"144.036","Black / 30 ml","UNIFLEX Glas Fast-Primer","true","true","IMPORTED_NEW","carsystem-uniflex-glas-fast-primer","carsystem-uniflex-glas-fast-primer","OK"
"148.927","Black / 310 ml","UNIFLEX Glas","true","true","IMPORTED_NEW","carsystem-uniflex-glas","carsystem-uniflex-glas","OK"
"148.928","Black / 310 ml","UNIFLEX Glas HM","true","true","IMPORTED_NEW","carsystem-uniflex-glas-hm","carsystem-uniflex-glas-hm","OK"
"135.108","Classic for 310 ml","UNIFLEX Gun","true","true","IMPORTED_NEW","carsystem-uniflex-gun","carsystem-uniflex-gun","OK"
"139.286","Top for 290 - 400 ml","UNIFLEX Gun","true","true","IMPORTED_NEW","carsystem-uniflex-gun","carsystem-uniflex-gun","OK"
"160.133","Beige / 290 ml","UNIFLEX MS","true","true","IMPORTED_NEW","carsystem-uniflex-ms","carsystem-uniflex-ms","OK"
"159.108","Grey / 290 ml","UNIFLEX MS","true","true","IMPORTED_NEW","carsystem-uniflex-ms","carsystem-uniflex-ms","OK"
"160.132","Black / 290 ml","UNIFLEX MS","true","true","IMPORTED_NEW","carsystem-uniflex-ms","carsystem-uniflex-ms","OK"
"150.292","Nozzles for Uniflex PU","UNIFLEX Nozzle","true","true","IMPORTED_NEW","carsystem-uniflex-nozzle","carsystem-uniflex-nozzle","OK"
"155.241","Nozzles for Uniflex MS","UNIFLEX Nozzle","true","true","IMPORTED_NEW","carsystem-uniflex-nozzle","carsystem-uniflex-nozzle","OK"
"159.160","White / 310 ml","UNIFLEX PU","true","true","IMPORTED_NEW","carsystem-uniflex-pu","carsystem-uniflex-pu","OK"
"159.161","Grey / 310 ml","UNIFLEX PU","true","true","IMPORTED_NEW","carsystem-uniflex-pu","carsystem-uniflex-pu","OK"
"159.162","Black / 310 ml","UNIFLEX PU","true","true","IMPORTED_NEW","carsystem-uniflex-pu","carsystem-uniflex-pu","OK"
"160.515","1","CAR CLEAN MULTI II","true","false","CATALOGUE_ONLY_NOT_ON_CURRENT_WEBSITE","","","OK"
"160.596","Anthracite / S","CLASSIC COVERALL PANTS KNEEPADFIT","true","false","CATALOGUE_ONLY_NOT_ON_CURRENT_WEBSITE","","","OK"
"160.597","Anthracite / M","CLASSIC COVERALL PANTS KNEEPADFIT","true","false","CATALOGUE_ONLY_NOT_ON_CURRENT_WEBSITE","","","OK"
"160.598","Anthracite / L","CLASSIC COVERALL PANTS KNEEPADFIT","true","false","CATALOGUE_ONLY_NOT_ON_CURRENT_WEBSITE","","","OK"
"160.599","Anthracite / XL","CLASSIC COVERALL PANTS KNEEPADFIT","true","false","CATALOGUE_ONLY_NOT_ON_CURRENT_WEBSITE","","","OK"
"160.600","Anthracite / XXL","CLASSIC COVERALL PANTS KNEEPADFIT","true","false","CATALOGUE_ONLY_NOT_ON_CURRENT_WEBSITE","","","OK"
"160.601","Anthracite / 3XL","CLASSIC COVERALL PANTS KNEEPADFIT","true","false","CATALOGUE_ONLY_NOT_ON_CURRENT_WEBSITE","","","OK"
"160.663","Erlking Jacket / S","ERLKING LTD. 2-PIECE COVERALL","true","false","CATALOGUE_ONLY_NOT_ON_CURRENT_WEBSITE","","","OK"
"160.669","Erlking Pants / S","ERLKING LTD. 2-PIECE COVERALL","true","false","CATALOGUE_ONLY_NOT_ON_CURRENT_WEBSITE","","","OK"
"160.664","Erlking Jacket / M","ERLKING LTD. 2-PIECE COVERALL","true","false","CATALOGUE_ONLY_NOT_ON_CURRENT_WEBSITE","","","OK"
"160.670","Erlking Pants / M","ERLKING LTD. 2-PIECE COVERALL","true","false","CATALOGUE_ONLY_NOT_ON_CURRENT_WEBSITE","","","OK"
"160.665","Erlking Jacket / L","ERLKING LTD. 2-PIECE COVERALL","true","false","CATALOGUE_ONLY_NOT_ON_CURRENT_WEBSITE","","","OK"
"160.671","Erlking Pants / L","ERLKING LTD. 2-PIECE COVERALL","true","false","CATALOGUE_ONLY_NOT_ON_CURRENT_WEBSITE","","","OK"
"160.666","Erlking Jacket / XL","ERLKING LTD. 2-PIECE COVERALL","true","false","CATALOGUE_ONLY_NOT_ON_CURRENT_WEBSITE","","","OK"
"160.672","Erlking Pants / XL","ERLKING LTD. 2-PIECE COVERALL","true","false","CATALOGUE_ONLY_NOT_ON_CURRENT_WEBSITE","","","OK"
"160.667","Erlking Jacket / XXL","ERLKING LTD. 2-PIECE COVERALL","true","false","CATALOGUE_ONLY_NOT_ON_CURRENT_WEBSITE","","","OK"
"160.673","Erlking Pants / XXL","ERLKING LTD. 2-PIECE COVERALL","true","false","CATALOGUE_ONLY_NOT_ON_CURRENT_WEBSITE","","","OK"
"160.668","Erlking Jacket / 3XL","ERLKING LTD. 2-PIECE COVERALL","true","false","CATALOGUE_ONLY_NOT_ON_CURRENT_WEBSITE","","","OK"
"160.674","Erlking Pants / 3XL","ERLKING LTD. 2-PIECE COVERALL","true","false","CATALOGUE_ONLY_NOT_ON_CURRENT_WEBSITE","","","OK"
"134.580","1,000 tear-offs / 36 x 36 cm","Car Clean Double Blue","true","true","IMPORTED_NEW","carsystem-car-clean-double-blue","carsystem-car-clean-double-blue","OK"
"141.253","1,500 tear-offs / 38 x 24 cm","Car Clean Double White","true","true","IMPORTED_NEW","carsystem-car-clean-double-white","carsystem-car-clean-double-white","OK"
"134.577","500 tear-offs / 35 x 32 cm","Car Clean Multi","true","true","IMPORTED_NEW","carsystem-car-clean-multi","carsystem-car-clean-multi","OK"
"142.765","Box à 250 pcs. / 30 x 38 cm","Car Clean Multi Extreme Box","true","true","IMPORTED_NEW","carsystem-car-clean-multi-extreme-box","carsystem-car-clean-multi-extreme-box","OK"
"134.578","500 tear-offs / 36 x 36 cm","Car Clean Triple Blue","true","true","IMPORTED_NEW","carsystem-car-clean-triple-blue","carsystem-car-clean-triple-blue","OK"
"134.579","1,000 tear-offs / 36 x 36 cm","Car Clean Triple Blue","true","true","IMPORTED_NEW","carsystem-car-clean-triple-blue","carsystem-car-clean-triple-blue","OK"
"156.458","cleaning wipes roll / 475 tear-offs / 38 x 30 cm","Cleaning wipes","true","true","IMPORTED_NEW","carsystem-cleaning-wipes","carsystem-cleaning-wipes","OK"
"126.020","transparent / 400 ml","Cockpit-Spray","true","true","IMPORTED_NEW","carsystem-cockpit-spray","carsystem-cockpit-spray","OK"
"152.642","Coding caps set of 5 pcs.","Coding Caps","true","true","IMPORTED_NEW","carsystem-coding-caps","carsystem-coding-caps","OK"
"147.468","200 g","Finish Clay","true","true","IMPORTED_NEW","carsystem-finish-clay","carsystem-finish-clay","OK"
"157.520","Set","Gun Clean Set","true","true","IMPORTED_NEW","carsystem-gun-clean-set","carsystem-gun-clean-set","OK"
"151.953","5 l","H₂O Cleaner","true","true","IMPORTED_NEW","carsystem-h2o-cleaner","carsystem-h2o-cleaner","OK"
"154.034","5 l","ISO-VE 7030","true","true","IMPORTED_NEW","carsystem-iso-ve-7030","carsystem-iso-ve-7030","OK"
"157.345","20 l","ISO-VE 7030","true","true","IMPORTED_NEW","carsystem-iso-ve-7030","carsystem-iso-ve-7030","OK"
"159.782","90 wipes / bucket","Multi Cleaning wipes","true","true","IMPORTED_NEW","carsystem-multi-cleaning-wipes","carsystem-multi-cleaning-wipes","OK"
"143.383","Cleaning sponge","Nano Easy Cleaner","true","true","IMPORTED_NEW","carsystem-nano-easy-cleaner","carsystem-nano-easy-cleaner","OK"
"157.412","White / 1 l","Pump Sprayer","true","true","IMPORTED_NEW","carsystem-pump-sprayer","carsystem-pump-sprayer","OK"
"142.808","Translucent / 1 l","Pump Sprayer","true","true","IMPORTED_NEW","carsystem-pump-sprayer","carsystem-pump-sprayer","OK"
"139.606","Replacement viton sealing set","Pump Sprayer","true","true","IMPORTED_NEW","carsystem-pump-sprayer","carsystem-pump-sprayer","OK"
"146.680","Spare nozzle","Pump Sprayer","true","true","IMPORTED_NEW","carsystem-pump-sprayer","carsystem-pump-sprayer","OK"
"153.269","Replacement viton sealing spray head","Pump Sprayer","true","true","IMPORTED_NEW","carsystem-pump-sprayer","carsystem-pump-sprayer","OK"
"140.984","Scraper","Scraper","true","true","IMPORTED_NEW","carsystem-scraper","carsystem-scraper","OK"
"140.985","Refill (100 Blades)","Scraper","true","true","IMPORTED_NEW","carsystem-scraper","carsystem-scraper","OK"
"146.711","1 l","Silicone Remover Mild","true","true","IMPORTED_NEW","carsystem-silicone-remover-mild","carsystem-silicone-remover-mild","OK"
"146.704","5 l","Silicone Remover Mild","true","true","IMPORTED_NEW","carsystem-silicone-remover-mild","carsystem-silicone-remover-mild","OK"
"147.023","30 l","Silicone Remover Mild","true","true","IMPORTED_NEW","carsystem-silicone-remover-mild","carsystem-silicone-remover-mild","OK"
"139.212","Drump tap for 30 l","Silicone Remover Mild","true","true","IMPORTED_NEW","carsystem-silicone-remover-mild","carsystem-silicone-remover-mild","OK"
"160.321","5 L","Silicone Remover Water 2.0","true","true","IMPORTED_NEW","carsystem-silicone-remover-water-2-0","carsystem-silicone-remover-water-2-0","OK"
"158.627","400 ml","Spraygun cleaner","true","true","IMPORTED_NEW","carsystem-spraygun-cleaner","carsystem-spraygun-cleaner","OK"
"157.987","Squeezer sponge with CARSYSTEM branding","Squeezer","true","true","IMPORTED_NEW","carsystem-squeezer","carsystem-squeezer","OK"
"148.124","1 unit / 80 x 80 cm","Staub Stop Super Wave","true","true","IMPORTED_NEW","carsystem-staub-stop-super-wave","carsystem-staub-stop-super-wave","OK"
"132.615","1 unit","Staub Stop","true","true","IMPORTED_NEW","carsystem-staub-stop","carsystem-staub-stop","OK"
"132.616","5 units (pack)","Staub Stop","true","true","IMPORTED_NEW","carsystem-staub-stop","carsystem-staub-stop","OK"
"158.033","10 pcs. / black / 32 x 40 cm","Staub Stop Water Black","true","true","IMPORTED_NEW","carsystem-staub-stop-water-black","carsystem-staub-stop-water-black","OK"
"144.538","10 pcs.","Staub Stop Water","true","true","IMPORTED_NEW","carsystem-staub-stop-water","carsystem-staub-stop-water","OK"
"158.243","500 g","C-Wax C-80","true","true","IMPORTED_NEW","carsystem-c-wax-c-80","carsystem-c-wax-c-80","OK"
"133.149","150 x 50 mm","Car Mop White","true","true","IMPORTED_NEW","carsystem-car-mop-white","carsystem-car-mop-white","OK"
"134.582","370 tear-off / 36 x 40 cm","Car Polish Roll","true","true","IMPORTED_NEW","carsystem-car-polish-roll","carsystem-car-polish-roll","OK"
"160.446","500 g","Compound X1500 HC","true","true","IMPORTED_NEW","carsystem-compound-x1500-hc","carsystem-compound-x1500-hc","OK"
"160.108","CSH-COS01","CORDLESS SANDER CSH-COS01","true","true","IMPORTED_NEW","carsystem-cordless-sander-csh-cos01","carsystem-cordless-sander-csh-cos01","OK"
"160.109","74mm - 5/16""","CORDLESS SANDER CSH-COS01","true","true","IMPORTED_NEW","carsystem-cordless-sander-csh-cos01","carsystem-cordless-sander-csh-cos01","OK"
"156.575","Dispenser bottle incl. cap","Dispenser bottle incl. Cap","true","true","IMPORTED_NEW","carsystem-dispenser-bottle-incl-cap","carsystem-dispenser-bottle-incl-cap","OK"
"156.460","Dispenser for 5 kg polish","Dispenser for 5 kg Polish","false","true","IMPORTED_NEW","carsystem-dispenser-for-5-kg-polish","carsystem-dispenser-for-5-kg-polish","OK"
"139.206","128 mm","Finish Back Pad","true","true","IMPORTED_NEW","carsystem-finish-back-pad","carsystem-finish-back-pad","OK"
"160.443","123 mm","Finish Back Pad M-14","false","true","IMPORTED_NEW","carsystem-finish-back-pad-m-14","carsystem-finish-back-pad-m-14","OK"
"156.614","400 ml","Finish Control Foam C-99","true","true","IMPORTED_NEW","carsystem-finish-control-foam-c-99","carsystem-finish-control-foam-c-99","OK"
"157.064","90 mm","Finish Foam Black AH","true","true","IMPORTED_NEW","carsystem-finish-foam-black-ah","carsystem-finish-foam-black-ah","OK"
"157.065","145 mm","Finish Foam Black AH","true","true","IMPORTED_NEW","carsystem-finish-foam-black-ah","carsystem-finish-foam-black-ah","OK"
"153.088","85 x 25 mm","Finish Foam Orange","true","true","IMPORTED_NEW","carsystem-finish-foam-orange","carsystem-finish-foam-orange","OK"
"153.076","145 x 25 mm","Finish Foam Orange","true","true","IMPORTED_NEW","carsystem-finish-foam-orange","carsystem-finish-foam-orange","OK"
"157.052","90 mm","Finish Foam White AH","true","true","IMPORTED_NEW","carsystem-finish-foam-white-ah","carsystem-finish-foam-white-ah","OK"
"157.053","145 mm","Finish Foam White AH","true","true","IMPORTED_NEW","carsystem-finish-foam-white-ah","carsystem-finish-foam-white-ah","OK"
"151.906","85 mm","Finish Quadra Pad C-10","true","true","IMPORTED_NEW","carsystem-finish-quadra-pad-c-10","carsystem-finish-quadra-pad-c-10","OK"
"151.640","145 mm","Finish Quadra Pad C-10","true","true","IMPORTED_NEW","carsystem-finish-quadra-pad-c-10","carsystem-finish-quadra-pad-c-10","OK"
"151.905","160 mm","Finish Quadra Pad C-10","true","true","IMPORTED_NEW","carsystem-finish-quadra-pad-c-10","carsystem-finish-quadra-pad-c-10","OK"
"151.908","85 mm","Finish Sandwich Pad C-30","true","true","IMPORTED_NEW","carsystem-finish-sandwich-pad-c-30","carsystem-finish-sandwich-pad-c-30","OK"
"151.639","145 mm","Finish Sandwich Pad C-30","true","true","IMPORTED_NEW","carsystem-finish-sandwich-pad-c-30","carsystem-finish-sandwich-pad-c-30","OK"
"157.066","85 mm","Finish Waffle Foam Black AH","true","true","IMPORTED_NEW","carsystem-finish-waffle-foam-black-ah","carsystem-finish-waffle-foam-black-ah","OK"
"157.067","145 mm","Finish Waffle Foam Black AH","true","true","IMPORTED_NEW","carsystem-finish-waffle-foam-black-ah","carsystem-finish-waffle-foam-black-ah","OK"
"153.114","135 x 25 mm","Finish Waffle Pad Orange","true","true","IMPORTED_NEW","carsystem-finish-waffle-pad-orange","carsystem-finish-waffle-pad-orange","OK"
"157.166","80 x 17 mm","Lamb Wool Pad Gold S","true","true","IMPORTED_NEW","carsystem-lamb-wool-pad-gold-s","carsystem-lamb-wool-pad-gold-s","OK"
"157.290","150 x 17 mm","Lamb Wool Pad Gold S","true","true","IMPORTED_NEW","carsystem-lamb-wool-pad-gold-s","carsystem-lamb-wool-pad-gold-s","OK"
"157.163","80 x 17 mm","Lamb Wool Pad White S Edge","true","true","IMPORTED_NEW","carsystem-lamb-wool-pad-white-s-edge","carsystem-lamb-wool-pad-white-s-edge","OK"
"157.232","130 x 25 mm","Lamb Wool Pad White S Edge","true","true","IMPORTED_NEW","carsystem-lamb-wool-pad-white-s-edge","carsystem-lamb-wool-pad-white-s-edge","OK"
"156.589","380 g/m² / dark blue","Micro Fiber Cloth","true","true","IMPORTED_NEW","carsystem-micro-fiber-cloth-2-in-1","carsystem-micro-fiber-cloth-2-in-1","OK"
"156.590","500 g/m² / grey","Micro Fiber Cloth","true","true","IMPORTED_NEW","carsystem-micro-fiber-cloth-fluffy","carsystem-micro-fiber-cloth-fluffy","OK"
"156.591","800 g/m² / black/ yellow","Micro Fiber Cloth","true","true","IMPORTED_NEW","carsystem-micro-fiber-cloth-polish-extreme","carsystem-micro-fiber-cloth-polish-extreme","OK"
"156.587","260 g/m² / light blue","Micro Fiber Cloth","true","true","IMPORTED_NEW","carsystem-micro-fiber-cloth-sky-blue","carsystem-micro-fiber-cloth-sky-blue","OK"
"156.588","300 g/m² / white","Micro Fiber Cloth","true","true","IMPORTED_NEW","carsystem-micro-fiber-cloth-wave-cut","carsystem-micro-fiber-cloth-wave-cut","OK"
"160.457","red and white / 40 x 40 cm","Microfiber X300 Duo","true","true","IMPORTED_NEW","carsystem-microfiber-x300-duo","carsystem-microfiber-x300-duo","OK"
"143.724","Mini sanding machine / incl. back pad stick and grip","Mini Sanding Machine RC 9330","true","true","IMPORTED_NEW","carsystem-mini-sanding-machine-rc-9330","carsystem-mini-sanding-machine-rc-9330","OK"
"151.945","1.0 l","Nano Carnauba Wax","true","true","IMPORTED_NEW","carsystem-nano-carnauba-wax","carsystem-nano-carnauba-wax","OK"
"159.067","CSH-CMS01 / 3 mm","Orbital Sander CSH-CMS01 kit","true","true","IMPORTED_NEW","carsystem-orbital-sander-csh-cms01-kit","carsystem-orbital-sander-csh-cms01-kit","OK"
"156.345","1 kg","Polish C-05 cut","true","true","IMPORTED_NEW","carsystem-polish-c-05-cut","carsystem-polish-c-05-cut","OK"
"157.445","1 kg","Polish C-07 cut","true","true","IMPORTED_NEW","carsystem-polish-c-07-cut","carsystem-polish-c-07-cut","OK"
"151.634","1 kg","Polish C-10 strong","true","true","IMPORTED_NEW","carsystem-polish-c-10-strong","carsystem-polish-c-10-strong","OK"
"151.636","1 kg","Polish C-30 finish","true","true","IMPORTED_NEW","carsystem-polish-c-30-finish","carsystem-polish-c-30-finish","OK"
"156.451","5.0 kg","Polish – Coarse Step 1","false","true","IMPORTED_NEW","carsystem-polish-coarse-step-1","carsystem-polish-coarse-step-1","OK"
"156.452","5.0 kg","Polish – Fine Step 2","false","true","IMPORTED_NEW","carsystem-polish-fine-step-2","carsystem-polish-fine-step-2","OK"
"157.050","90 mm","Polish Foam Green","true","true","IMPORTED_NEW","carsystem-polish-foam-green","carsystem-polish-foam-green","OK"
"157.051","145 mm","Polish Foam Green","true","true","IMPORTED_NEW","carsystem-polish-foam-green","carsystem-polish-foam-green","OK"
"157.054","90 mm","Polish Foam White SC","true","true","IMPORTED_NEW","carsystem-polish-foam-white-sc","carsystem-polish-foam-white-sc","OK"
"157.055","145 mm","Polish Foam White SC","true","true","IMPORTED_NEW","carsystem-polish-foam-white-sc","carsystem-polish-foam-white-sc","OK"
"157.056","90 mm","Polish Foam Yellow","true","true","IMPORTED_NEW","carsystem-polish-foam-yellow","carsystem-polish-foam-yellow","OK"
"157.057","145 mm","Polish Foam Yellow","true","true","IMPORTED_NEW","carsystem-polish-foam-yellow","carsystem-polish-foam-yellow","OK"
"157.058","85 mm","Polish Waffle Foam Yellow","true","true","IMPORTED_NEW","carsystem-polish-waffle-foam-yellow","carsystem-polish-waffle-foam-yellow","OK"
"157.059","145 mm","Polish Waffle Foam Yellow","true","true","IMPORTED_NEW","carsystem-polish-waffle-foam-yellow","carsystem-polish-waffle-foam-yellow","OK"
"160.451","500 g","Polish X8000 AH","true","true","IMPORTED_NEW","carsystem-polish-x8000-ah","carsystem-polish-x8000-ah","OK"
"144.916","M6 / 77 mm","Polishing Back Pad","true","true","IMPORTED_NEW","carsystem-polishing-back-pad","carsystem-polishing-back-pad","OK"
"143.723","Mini Polishing Machine RC 166 incl. polishing back pad","Polishing Machine RC 166","true","true","IMPORTED_NEW","carsystem-polishing-machine-rc-166","carsystem-polishing-machine-rc-166","OK"
"160.447","HC X1500 / Red / 125 mm / 140 mm","Polishing Pad X1500","true","true","IMPORTED_NEW","carsystem-polishing-pad-x1500","carsystem-polishing-pad-x1500","OK"
"160.448","HC X1500 / Red / 85 mm / 95 mm","Polishing Pad X1500","true","true","IMPORTED_NEW","carsystem-polishing-pad-x1500","carsystem-polishing-pad-x1500","OK"
"160.449","MC X1500 / White / 125 mm / 140 mm","Polishing Pad X1500","true","true","IMPORTED_NEW","carsystem-polishing-pad-x1500","carsystem-polishing-pad-x1500","OK"
"160.450","MC X1500 / White / 85 mm / 95 mm","Polishing Pad X1500","true","true","IMPORTED_NEW","carsystem-polishing-pad-x1500","carsystem-polishing-pad-x1500","OK"
"160.452","AH X8000 / White / 125 mm / 140 mm","Polishing Pad X8000","true","true","IMPORTED_NEW","carsystem-polishing-pad-x8000","carsystem-polishing-pad-x8000","OK"
"160.453","AH X8000 / White / 85 mm / 95 mm","Polishing Pad X8000","true","true","IMPORTED_NEW","carsystem-polishing-pad-x8000","carsystem-polishing-pad-x8000","OK"
"159.064","10,8 V / 55 W","Rapid Charger for CSH-battery-powered","true","true","IMPORTED_NEW","carsystem-rapid-charger-for-csh-battery-powered","carsystem-rapid-charger-for-csh-battery-powered","OK"
"132.437","880 ml","Refinish 1","true","true","IMPORTED_NEW","carsystem-refinish-1","carsystem-refinish-1","OK"
"159.706","250 ml","Refinish Restorer","true","true","IMPORTED_NEW","carsystem-refinish-restorer","carsystem-refinish-restorer","OK"
"159.707","1 l","Refinish Restorer","true","true","IMPORTED_NEW","carsystem-refinish-restorer","carsystem-refinish-restorer","OK"
"159.822","CSH-CRP01","Rotary Polisher CSH-CRP01 Kit","true","true","IMPORTED_NEW","carsystem-rotary-polisher-csh-crp01-kit","carsystem-rotary-polisher-csh-crp01-kit","OK"
"160.111","Back pad 74 mm 1/4"" – 20","Rotary Polisher CSH-CRP01 Kit","true","true","IMPORTED_NEW","carsystem-rotary-polisher-csh-crp01-kit","carsystem-rotary-polisher-csh-crp01-kit","OK"
"158.290","10 pcs. pack","RUPES 47.105 Replacement carbon brush","false","true","IMPORTED_NEW","carsystem-rupes-47-105-replacement-carbon-brush","carsystem-rupes-47-105-replacement-carbon-brush","OK"
"158.134","Black / 32 x 20.5 cm","Rupes 9. Holder BigFoot","false","true","IMPORTED_NEW","carsystem-rupes-9-holder-bigfoot","carsystem-rupes-9-holder-bigfoot","OK"
"157.331","LH76P","RUPES Angle Polishing Machine LH76P","true","true","IMPORTED_NEW","carsystem-rupes-angle-polishing-machine-lh76p","carsystem-rupes-angle-polishing-machine-lh76p","OK"
"158.647","HLR 75 STB battery powered","RUPES Mini Polishing Machine HLR75STB","true","true","IMPORTED_NEW","carsystem-rupes-mini-polishing-machine-hlr75stb","carsystem-rupes-mini-polishing-machine-hlr75stb","OK"
"158.854","Ultra fine / white / 130 / 150 mm","RUPES Polish Pad","true","true","IMPORTED_NEW","carsystem-rupes-polish-pad","carsystem-rupes-polish-pad","OK"
"158.853","Fine / yellow / 130 / 150 mm","RUPES Polish Pad","true","true","IMPORTED_NEW","carsystem-rupes-polish-pad","carsystem-rupes-polish-pad","OK"
"158.856","Ultra fine / white / 150 / 180 mm","RUPES Polish Pad","true","true","IMPORTED_NEW","carsystem-rupes-polish-pad","carsystem-rupes-polish-pad","OK"
"158.855","Fine / yellow / 150 / 180 mm","RUPES Polish Pad","true","true","IMPORTED_NEW","carsystem-rupes-polish-pad","carsystem-rupes-polish-pad","OK"
"157.322","LH19E","RUPES Polishing Machine LH19E","true","true","IMPORTED_NEW","carsystem-rupes-polishing-machine-lh19e","carsystem-rupes-polishing-machine-lh19e","OK"
"157.640","Polishing back pad M14","RUPES Polishing Machine LH19E","true","true","IMPORTED_NEW","carsystem-rupes-polishing-machine-lh19e","carsystem-rupes-polishing-machine-lh19e","OK"
"157.323","LHR15 III","RUPES Polishing Machine LHR15","true","true","IMPORTED_NEW","carsystem-rupes-polishing-machine-lhr15","carsystem-rupes-polishing-machine-lhr15","OK"
"157.641","Polishing back pad 125 mm","RUPES Polishing Machine LHR15","true","true","IMPORTED_NEW","carsystem-rupes-polishing-machine-lhr15","carsystem-rupes-polishing-machine-lhr15","OK"
"157.332","LHR75","RUPES Polishing Machine LHR75","false","true","IMPORTED_NEW","carsystem-rupes-polishing-machine-lhr75","carsystem-rupes-polishing-machine-lhr75","OK"
"157.642","Polishing back pad M6 / 75 mm","RUPES Polishing Machine LHR75","false","true","IMPORTED_NEW","carsystem-rupes-polishing-machine-lhr75","carsystem-rupes-polishing-machine-lhr75","OK"
"157.340","LHR75E / 75 mm","RUPES Polishing Machine LHR75E","false","true","IMPORTED_NEW","carsystem-rupes-polishing-machine-lhr75e","carsystem-rupes-polishing-machine-lhr75e","OK"
"160.110","5,0Ah","Spare Battery 5,0Ah","true","true","IMPORTED_NEW","carsystem-spare-battery-5-0ah","carsystem-spare-battery-5-0ah","OK"
"156.461","Wall Bracket for 5 kg Polish","Wall Bracket for 5 kg Polish","false","true","IMPORTED_NEW","carsystem-wall-bracket-for-5-kg-polish","carsystem-wall-bracket-for-5-kg-polish","OK"
"152.565","128 - 130 mm","Wax Puck","true","true","IMPORTED_NEW","carsystem-wax-puck","carsystem-wax-puck","OK"
"159.480","880 x 1500 mm / set","All In One Covers","true","true","IMPORTED_NEW","carsystem-all-in-one-covers","carsystem-all-in-one-covers","OK"
"125.476","Refill-roll 0.55 x 33 m","Auto Mask","true","true","IMPORTED_NEW","carsystem-auto-mask","carsystem-auto-mask","OK"
"125.517","Refill-roll 1.80 x 33 m","Auto Mask","true","true","IMPORTED_NEW","carsystem-auto-mask","carsystem-auto-mask","OK"
"133.060","Refill-roll 2.70 x 20 m","Auto Mask","true","true","IMPORTED_NEW","carsystem-auto-mask","carsystem-auto-mask","OK"
"147.753","50 mm x 50 m","Black Tape","true","true","IMPORTED_NEW","carsystem-black-tape","carsystem-black-tape","OK"
"160.381","75 cm x 60 m","Crash Film","true","true","IMPORTED_NEW","carsystem-crash-film","carsystem-crash-film","OK"
"160.434","4 x 150 m","Easy Mask II","true","true","IMPORTED_NEW","carsystem-easy-mask-ii","carsystem-easy-mask-ii","OK"
"160.435","5 x 120 m","Easy Mask II","true","true","IMPORTED_NEW","carsystem-easy-mask-ii","carsystem-easy-mask-ii","OK"
"151.199","380 cm x 200 m (middle folding)","Easy Mask","false","true","IMPORTED_NEW","carsystem-easy-mask","carsystem-easy-mask","OK"
"151.181","400 cm x 150 m (middle folding)","Easy Mask","false","true","IMPORTED_NEW","carsystem-easy-mask","carsystem-easy-mask","OK"
"140.083","3 mm x 33 m","Fine Line Tape Blue","true","true","IMPORTED_NEW","carsystem-fine-line-tape-blue","carsystem-fine-line-tape-blue","OK"
"140.084","6 mm x 33 m","Fine Line Tape Blue","true","true","IMPORTED_NEW","carsystem-fine-line-tape-blue","carsystem-fine-line-tape-blue","OK"
"140.085","9 mm x 33 m","Fine Line Tape Blue","true","true","IMPORTED_NEW","carsystem-fine-line-tape-blue","carsystem-fine-line-tape-blue","OK"
"140.086","12 mm x 33 m","Fine Line Tape Blue","true","true","IMPORTED_NEW","carsystem-fine-line-tape-blue","carsystem-fine-line-tape-blue","OK"
"140.087","19 mm x 33 m","Fine Line Tape Blue","true","true","IMPORTED_NEW","carsystem-fine-line-tape-blue","carsystem-fine-line-tape-blue","OK"
"148.861","13 mm x 50 m","Foam Tape","true","true","IMPORTED_NEW","carsystem-foam-tape","carsystem-foam-tape","OK"
"148.862","19 mm x 35 m","Foam Tape","true","true","IMPORTED_NEW","carsystem-foam-tape","carsystem-foam-tape","OK"
"157.974","25 m","Foam Tape T-Soft","true","true","IMPORTED_NEW","carsystem-foam-tape-t-soft","carsystem-foam-tape-t-soft","OK"
"144.547","Only in France available / 0.35 x 25 m","Hand Mask","false","true","IMPORTED_NEW","carsystem-hand-mask","carsystem-hand-mask","OK"
"144.549","Only in France available / 0.60 x 25 m","Hand Mask","false","true","IMPORTED_NEW","carsystem-hand-mask","carsystem-hand-mask","OK"
"144.550","Only in France available / 1.00 x 25 m","Hand Mask","false","true","IMPORTED_NEW","carsystem-hand-mask","carsystem-hand-mask","OK"
"144.551","Only in France available / 1.20 x 25 m","Hand Mask","false","true","IMPORTED_NEW","carsystem-hand-mask","carsystem-hand-mask","OK"
"144.552","Only in France available / 1.80 x 25 m","Hand Mask","false","true","IMPORTED_NEW","carsystem-hand-mask","carsystem-hand-mask","OK"
"144.553","Only in France available. / / 3.60 x 25 m","Hand Mask","false","true","IMPORTED_NEW","carsystem-hand-mask","carsystem-hand-mask","OK"
"138.718","19 L","Liquid Masking","true","true","IMPORTED_NEW","carsystem-liquid-masking","carsystem-liquid-masking","OK"
"155.570","400 cm x 150 m (middle folding)","Masking film blue","true","true","IMPORTED_NEW","carsystem-masking-film-blue","carsystem-masking-film-blue","OK"
"155.569","400 cm x 300 m (middle folding)","Masking film blue","true","true","IMPORTED_NEW","carsystem-masking-film-blue","carsystem-masking-film-blue","OK"
"155.571","500 cm x 120 m (middle folding)","Masking film blue","true","true","IMPORTED_NEW","carsystem-masking-film-blue","carsystem-masking-film-blue","OK"
"155.565","400 cm x 300 m (middle folding)","Masking film green","true","true","IMPORTED_NEW","carsystem-masking-film-green","carsystem-masking-film-green","OK"
"155.567","500 cm x 120 m (middle folding)","Masking film green","true","true","IMPORTED_NEW","carsystem-masking-film-green","carsystem-masking-film-green","OK"
"155.568","600 cm x 100 m (middle folding)","Masking film green","true","true","IMPORTED_NEW","carsystem-masking-film-green","carsystem-masking-film-green","OK"
"155.572","400 cm x 200 m (middle folding)","Masking film yellow","true","true","IMPORTED_NEW","carsystem-masking-film-yellow","carsystem-masking-film-yellow","OK"
"155.573","500 cm x 120 m (middle folding)","Masking film yellow","true","true","IMPORTED_NEW","carsystem-masking-film-yellow","carsystem-masking-film-yellow","OK"
"156.948","600 cm x 100 m (middle folding)","Masking film yellow","true","true","IMPORTED_NEW","carsystem-masking-film-yellow","carsystem-masking-film-yellow","OK"
"159.878","20 cm x 450 m","Masking Paper Master II","true","true","IMPORTED_NEW","carsystem-masking-paper-master-ii","carsystem-masking-paper-master-ii","OK"
"159.880","60 cm x 450 m","Masking Paper Master II","true","true","IMPORTED_NEW","carsystem-masking-paper-master-ii","carsystem-masking-paper-master-ii","OK"
"159.882","90 cm x 450 m","Masking Paper Master II","true","true","IMPORTED_NEW","carsystem-masking-paper-master-ii","carsystem-masking-paper-master-ii","OK"
"159.883","120 cm x 450 m","Masking Paper Master II","true","true","IMPORTED_NEW","carsystem-masking-paper-master-ii","carsystem-masking-paper-master-ii","OK"
"159.884","150 cm x 450 m","Masking Paper Master II","true","true","IMPORTED_NEW","carsystem-masking-paper-master-ii","carsystem-masking-paper-master-ii","OK"
"155.528","20 cm x 450 m","Masking Paper Top II","true","true","IMPORTED_NEW","carsystem-masking-paper-top-ii","carsystem-masking-paper-top-ii","OK"
"155.529","60 cm x 450 m","Masking Paper Top II","true","true","IMPORTED_NEW","carsystem-masking-paper-top-ii","carsystem-masking-paper-top-ii","OK"
"155.530","90 cm x 450 m","Masking Paper Top II","true","true","IMPORTED_NEW","carsystem-masking-paper-top-ii","carsystem-masking-paper-top-ii","OK"
"155.531","120 cm x 450 m","Masking Paper Top II","true","true","IMPORTED_NEW","carsystem-masking-paper-top-ii","carsystem-masking-paper-top-ii","OK"
"155.532","150 cm x 450 m","Masking Paper Top II","true","true","IMPORTED_NEW","carsystem-masking-paper-top-ii","carsystem-masking-paper-top-ii","OK"
"149.221","19 mm x 50 m","Master Tape Green","true","true","IMPORTED_NEW","carsystem-master-tape-green","carsystem-master-tape-green","OK"
"149.222","25 mm x 50 m","Master Tape Green","true","true","IMPORTED_NEW","carsystem-master-tape-green","carsystem-master-tape-green","OK"
"149.223","30 mm x 50 m","Master Tape Green","true","true","IMPORTED_NEW","carsystem-master-tape-green","carsystem-master-tape-green","OK"
"149.225","38 mm x 50 m","Master Tape Green","true","true","IMPORTED_NEW","carsystem-master-tape-green","carsystem-master-tape-green","OK"
"149.226","50 mm x 50 m","Master Tape Green","true","true","IMPORTED_NEW","carsystem-master-tape-green","carsystem-master-tape-green","OK"
"140.201","15 mm x 50 m","Master Tape II","true","true","IMPORTED_NEW","carsystem-master-tape-ii","carsystem-master-tape-ii","OK"
"140.202","19 mm x 50 m","Master Tape II","true","true","IMPORTED_NEW","carsystem-master-tape-ii","carsystem-master-tape-ii","OK"
"140.203","25 mm x 50 m","Master Tape II","true","true","IMPORTED_NEW","carsystem-master-tape-ii","carsystem-master-tape-ii","OK"
"140.204","30 mm x 50 m","Master Tape II","true","true","IMPORTED_NEW","carsystem-master-tape-ii","carsystem-master-tape-ii","OK"
"140.205","38 mm x 50 m","Master Tape II","true","true","IMPORTED_NEW","carsystem-master-tape-ii","carsystem-master-tape-ii","OK"
"140.206","50 mm x 50 m","Master Tape II","true","true","IMPORTED_NEW","carsystem-master-tape-ii","carsystem-master-tape-ii","OK"
"151.513","Film knife","MMIR Knife Premium","true","true","IMPORTED_NEW","carsystem-mmir-knife-premium","carsystem-mmir-knife-premium","OK"
"151.038","400 cm x 150 m (middle folding)","MMIR-Mask Aqua Tec","false","true","IMPORTED_NEW","carsystem-mmir-mask-aqua-tec","carsystem-mmir-mask-aqua-tec","OK"
"152.055","500 cm x 120 m (middle folding)","MMIR-Mask Aqua Tec","false","true","IMPORTED_NEW","carsystem-mmir-mask-aqua-tec","carsystem-mmir-mask-aqua-tec","OK"
"150.453","400 cm x 150 m (middle folding)","MMIR-Mask Light Green","false","true","IMPORTED_NEW","carsystem-mmir-mask-light-green","carsystem-mmir-mask-light-green","OK"
"150.454","400 cm x 300 m (middle folding)","MMIR-Mask Light Green","false","true","IMPORTED_NEW","carsystem-mmir-mask-light-green","carsystem-mmir-mask-light-green","OK"
"150.455","500 cm x 120 m (middle folding)","MMIR-Mask Light Green","false","true","IMPORTED_NEW","carsystem-mmir-mask-light-green","carsystem-mmir-mask-light-green","OK"
"149.587","600 cm x 100 m (middle folding)","MMIR-Mask Light Green","false","true","IMPORTED_NEW","carsystem-mmir-mask-light-green","carsystem-mmir-mask-light-green","OK"
"159.500","5 pcs. per set","PDC Easy Paint","true","true","IMPORTED_NEW","carsystem-pdc-easy-paint","carsystem-pdc-easy-paint","OK"
"158.145","60 cm x 20 m","Protective Film SPF","true","true","IMPORTED_NEW","carsystem-protective-film-spf","carsystem-protective-film-spf","OK"
"160.210","18 mm x 50 m","Red Tape","true","true","IMPORTED_NEW","carsystem-red-tape","carsystem-red-tape","OK"
"160.211","30 mm x 50 m","Red Tape","true","true","IMPORTED_NEW","carsystem-red-tape","carsystem-red-tape","OK"
"160.213","48 mm x 50 m","Red Tape","true","true","IMPORTED_NEW","carsystem-red-tape","carsystem-red-tape","OK"
"135.715","50 mm x 50 m","Silver Tape","true","true","IMPORTED_NEW","carsystem-silver-tape","carsystem-silver-tape","OK"
"150.081","18 mm x 18 m","Slim Tape Green","true","true","IMPORTED_NEW","carsystem-slim-tape-green","carsystem-slim-tape-green","OK"
"133.827","18 mm x 50 m","Slim Tape","true","true","IMPORTED_NEW","carsystem-slim-tape","carsystem-slim-tape","OK"
"152.554","150 pcs. / box / 18 mm","Tec Line Stick","true","true","IMPORTED_NEW","carsystem-tec-line-stick","carsystem-tec-line-stick","OK"
"139.262","15 mm x 50 m","Top Tape","true","true","IMPORTED_NEW","carsystem-top-tape","carsystem-top-tape","OK"
"139.263","19 mm x 50 m","Top Tape","true","true","IMPORTED_NEW","carsystem-top-tape","carsystem-top-tape","OK"
"139.264","25 mm x 50 m","Top Tape","true","true","IMPORTED_NEW","carsystem-top-tape","carsystem-top-tape","OK"
"139.265","30 mm x 50 m","Top Tape","true","true","IMPORTED_NEW","carsystem-top-tape","carsystem-top-tape","OK"
"139.266","38 mm x 50 m","Top Tape","true","true","IMPORTED_NEW","carsystem-top-tape","carsystem-top-tape","OK"
"139.267","50 mm x 50 m","Top Tape","true","true","IMPORTED_NEW","carsystem-top-tape","carsystem-top-tape","OK"
"142.483","17 inches / 1 pack = 4 pcs.","Wheel Cover","true","true","IMPORTED_NEW","carsystem-wheel-cover","carsystem-wheel-cover","OK"
"158.211","20-21 inches / 1 pack = 4 pcs.","Wheel Cover","true","true","IMPORTED_NEW","carsystem-wheel-cover","carsystem-wheel-cover","OK"
"140.794","50 mm x 66 m","WM Tape","true","true","IMPORTED_NEW","carsystem-wm-tape","carsystem-wm-tape","OK"
"155.720","9 mm x 10 m","WR-Lifting Tape","true","true","IMPORTED_NEW","carsystem-wr-lifting-tape","carsystem-wr-lifting-tape","OK"
"155.734","Perforated / 9 + 11 mm x 10 m","WR-Lifting Tape Premium","true","true","IMPORTED_NEW","carsystem-wr-lifting-tape-premium","carsystem-wr-lifting-tape-premium","OK"
"158.927","one size","Carsystem Cap Black","false","true","IMPORTED_NEW","carsystem-cap-black","carsystem-cap-black","OK"
"160.493","onesize","Carsystem Cap camouflage","false","true","IMPORTED_NEW","carsystem-cap-camouflage","carsystem-cap-camouflage","OK"
"158.829","black / 60 x 7,5 cm","Carsystem car sticker plain","false","true","IMPORTED_NEW","carsystem-car-sticker-plain","carsystem-car-sticker-plain","OK"
"158.830","white / 60 x 7,5 cm","Carsystem car sticker plain","false","true","IMPORTED_NEW","carsystem-car-sticker-plain","carsystem-car-sticker-plain","OK"
"158.831","black / 10 x 8 cm","Carsystem car sticker plain","false","true","IMPORTED_NEW","carsystem-car-sticker-plain","carsystem-car-sticker-plain","OK"
"158.832","white / 10 x 8 cm","Carsystem car sticker plain","false","true","IMPORTED_NEW","carsystem-car-sticker-plain","carsystem-car-sticker-plain","OK"
"158.833","black / 40 x 32,1 cm","Carsystem car sticker plain","false","true","IMPORTED_NEW","carsystem-car-sticker-plain","carsystem-car-sticker-plain","OK"
"158.834","white / 30 x 24,1 cm","Carsystem car sticker plain","false","true","IMPORTED_NEW","carsystem-car-sticker-plain","carsystem-car-sticker-plain","OK"
"157.219","black","Coffee Cup Black","false","true","IMPORTED_NEW","carsystem-coffee-cup-black","carsystem-coffee-cup-black","OK"
"156.281","black","Cutter Knife black","false","true","IMPORTED_NEW","carsystem-cutter-knife-black","carsystem-cutter-knife-black","OK"
"158.622","CS Logo / 50 x 75 cm","Doormat logo black","false","true","IMPORTED_NEW","carsystem-doormat-logo-black","carsystem-doormat-logo-black","OK"
"158.623","CS Logo / 90 x 60 cm","Doormat logo black","false","true","IMPORTED_NEW","carsystem-doormat-logo-black","carsystem-doormat-logo-black","OK"
"137.325","120 x 300 cm","Hoist flag","false","true","IMPORTED_NEW","carsystem-hoist-flag","carsystem-hoist-flag","OK"
"148.281","black","Lighter black","false","true","IMPORTED_NEW","carsystem-lighter-black","carsystem-lighter-black","OK"
"160.037","S","Padded Jacket Black 2025","false","true","IMPORTED_NEW","carsystem-padded-jacket-black-2025","carsystem-padded-jacket-black-2025","OK"
"160.038","M","Padded Jacket Black 2025","false","true","IMPORTED_NEW","carsystem-padded-jacket-black-2025","carsystem-padded-jacket-black-2025","OK"
"160.039","L","Padded Jacket Black 2025","false","true","IMPORTED_NEW","carsystem-padded-jacket-black-2025","carsystem-padded-jacket-black-2025","OK"
"160.040","XL","Padded Jacket Black 2025","false","true","IMPORTED_NEW","carsystem-padded-jacket-black-2025","carsystem-padded-jacket-black-2025","OK"
"160.041","XXL","Padded Jacket Black 2025","false","true","IMPORTED_NEW","carsystem-padded-jacket-black-2025","carsystem-padded-jacket-black-2025","OK"
"160.042","3XL","Padded Jacket Black 2025","false","true","IMPORTED_NEW","carsystem-padded-jacket-black-2025","carsystem-padded-jacket-black-2025","OK"
"160.027","S","Padded Vest Black 2025","false","true","IMPORTED_NEW","carsystem-padded-vest-black-2025","carsystem-padded-vest-black-2025","OK"
"160.028","M","Padded Vest Black 2025","false","true","IMPORTED_NEW","carsystem-padded-vest-black-2025","carsystem-padded-vest-black-2025","OK"
"160.029","L","Padded Vest Black 2025","false","true","IMPORTED_NEW","carsystem-padded-vest-black-2025","carsystem-padded-vest-black-2025","OK"
"160.030","XL","Padded Vest Black 2025","false","true","IMPORTED_NEW","carsystem-padded-vest-black-2025","carsystem-padded-vest-black-2025","OK"
"160.031","XXL","Padded Vest Black 2025","false","true","IMPORTED_NEW","carsystem-padded-vest-black-2025","carsystem-padded-vest-black-2025","OK"
"160.032","3XL","Padded Vest Black 2025","false","true","IMPORTED_NEW","carsystem-padded-vest-black-2025","carsystem-padded-vest-black-2025","OK"
"159.288","black / S","Padded Vest Black","false","true","IMPORTED_NEW","carsystem-padded-vest-black","carsystem-padded-vest-black","OK"
"159.289","black / M","Padded Vest Black","false","true","IMPORTED_NEW","carsystem-padded-vest-black","carsystem-padded-vest-black","OK"
"159.290","black / L","Padded Vest Black","false","true","IMPORTED_NEW","carsystem-padded-vest-black","carsystem-padded-vest-black","OK"
"159.291","black / XL","Padded Vest Black","false","true","IMPORTED_NEW","carsystem-padded-vest-black","carsystem-padded-vest-black","OK"
"159.292","black / XXL","Padded Vest Black","false","true","IMPORTED_NEW","carsystem-padded-vest-black","carsystem-padded-vest-black","OK"
"159.293","black / 3XL","Padded Vest Black","false","true","IMPORTED_NEW","carsystem-padded-vest-black","carsystem-padded-vest-black","OK"
"156.540","blue ink / black","Pen Trinity Gum black","false","true","IMPORTED_NEW","carsystem-pen-trinity-gum-black","carsystem-pen-trinity-gum-black","OK"
"160.540","39 - 42","Socks CARSYSTEM black & white","false","true","IMPORTED_NEW","carsystem-socks-carsystem-black-white","carsystem-socks-carsystem-black-white","OK"
"160.542","42 - 46","Socks CARSYSTEM black & white","false","true","IMPORTED_NEW","carsystem-socks-carsystem-black-white","carsystem-socks-carsystem-black-white","OK"
"159.837","39 - 42","Socks CARSYSTEM red & white","false","true","IMPORTED_NEW","carsystem-socks-carsystem-red-white","carsystem-socks-carsystem-red-white","OK"
"159.839","42 - 45","Socks CARSYSTEM red & white","false","true","IMPORTED_NEW","carsystem-socks-carsystem-red-white","carsystem-socks-carsystem-red-white","OK"
"160.325","S","Sweatshirt Black #teamCARSYSTEM","false","true","IMPORTED_NEW","carsystem-sweatshirt-black-teamcarsystem","carsystem-sweatshirt-black-teamcarsystem","OK"
"160.326","M","Sweatshirt Black #teamCARSYSTEM","false","true","IMPORTED_NEW","carsystem-sweatshirt-black-teamcarsystem","carsystem-sweatshirt-black-teamcarsystem","OK"
"160.327","L","Sweatshirt Black #teamCARSYSTEM","false","true","IMPORTED_NEW","carsystem-sweatshirt-black-teamcarsystem","carsystem-sweatshirt-black-teamcarsystem","OK"
"160.328","XL","Sweatshirt Black #teamCARSYSTEM","false","true","IMPORTED_NEW","carsystem-sweatshirt-black-teamcarsystem","carsystem-sweatshirt-black-teamcarsystem","OK"
"160.329","XXL","Sweatshirt Black #teamCARSYSTEM","false","true","IMPORTED_NEW","carsystem-sweatshirt-black-teamcarsystem","carsystem-sweatshirt-black-teamcarsystem","OK"
"160.330","3XL","Sweatshirt Black #teamCARSYSTEM","false","true","IMPORTED_NEW","carsystem-sweatshirt-black-teamcarsystem","carsystem-sweatshirt-black-teamcarsystem","OK"
"159.864","S","Sweatshirt Grey #TeamCARSYSTEM","false","true","IMPORTED_NEW","carsystem-sweatshirt-grey-teamcarsystem","carsystem-sweatshirt-grey-teamcarsystem","OK"
"159.865","M","Sweatshirt Grey #TeamCARSYSTEM","false","true","IMPORTED_NEW","carsystem-sweatshirt-grey-teamcarsystem","carsystem-sweatshirt-grey-teamcarsystem","OK"
"159.866","L","Sweatshirt Grey #TeamCARSYSTEM","false","true","IMPORTED_NEW","carsystem-sweatshirt-grey-teamcarsystem","carsystem-sweatshirt-grey-teamcarsystem","OK"
"159.867","XL","Sweatshirt Grey #TeamCARSYSTEM","false","true","IMPORTED_NEW","carsystem-sweatshirt-grey-teamcarsystem","carsystem-sweatshirt-grey-teamcarsystem","OK"
"159.868","XXL","Sweatshirt Grey #TeamCARSYSTEM","false","true","IMPORTED_NEW","carsystem-sweatshirt-grey-teamcarsystem","carsystem-sweatshirt-grey-teamcarsystem","OK"
"159.909","3XL","Sweatshirt Grey #TeamCARSYSTEM","false","true","IMPORTED_NEW","carsystem-sweatshirt-grey-teamcarsystem","carsystem-sweatshirt-grey-teamcarsystem","OK"
"159.827","black / S","T-Shirt Black #teamCARSYSTEM","false","true","IMPORTED_NEW","carsystem-t-shirt-black-teamcarsystem","carsystem-t-shirt-black-teamcarsystem","OK"
"159.828","black / M","T-Shirt Black #teamCARSYSTEM","false","true","IMPORTED_NEW","carsystem-t-shirt-black-teamcarsystem","carsystem-t-shirt-black-teamcarsystem","OK"
"159.829","black / L","T-Shirt Black #teamCARSYSTEM","false","true","IMPORTED_NEW","carsystem-t-shirt-black-teamcarsystem","carsystem-t-shirt-black-teamcarsystem","OK"
"159.830","black / XL","T-Shirt Black #teamCARSYSTEM","false","true","IMPORTED_NEW","carsystem-t-shirt-black-teamcarsystem","carsystem-t-shirt-black-teamcarsystem","OK"
"159.831","black / XXL","T-Shirt Black #teamCARSYSTEM","false","true","IMPORTED_NEW","carsystem-t-shirt-black-teamcarsystem","carsystem-t-shirt-black-teamcarsystem","OK"
"158.871","64 GB","USB-Stick","false","true","IMPORTED_NEW","carsystem-usb-stick","carsystem-usb-stick","OK"
"158.084","S","Zip-Hoodie black","false","true","IMPORTED_NEW","carsystem-zip-hoodie-black","carsystem-zip-hoodie-black","OK"
"158.085","M","Zip-Hoodie black","false","true","IMPORTED_NEW","carsystem-zip-hoodie-black","carsystem-zip-hoodie-black","OK"
"158.086","L","Zip-Hoodie black","false","true","IMPORTED_NEW","carsystem-zip-hoodie-black","carsystem-zip-hoodie-black","OK"
"158.087","XL","Zip-Hoodie black","false","true","IMPORTED_NEW","carsystem-zip-hoodie-black","carsystem-zip-hoodie-black","OK"
"158.088","XXL","Zip-Hoodie black","false","true","IMPORTED_NEW","carsystem-zip-hoodie-black","carsystem-zip-hoodie-black","OK"
"158.089","3XL","Zip-Hoodie black","false","true","IMPORTED_NEW","carsystem-zip-hoodie-black","carsystem-zip-hoodie-black","OK"
"143.131","9 x 16 mm / 50 m length","Air hose","true","true","IMPORTED_NEW","carsystem-air-hose-air-hose-coil","carsystem-air-hose-air-hose-coil","OK"
"139.039","9 x 16 mm / 12.5 m length","Air hose","true","true","IMPORTED_NEW","carsystem-air-hose-air-hose-complete","carsystem-air-hose-air-hose-complete","OK"
"145.270","Blow Off Gun with sound absorption and nipple (EU)","Blow Off Gun","true","true","IMPORTED_NEW","carsystem-blow-off-gun","carsystem-blow-off-gun","OK"
"145.271","Blow Off Gun with sound absorption and nipple (CH, NL)","Blow Off Gun","true","true","IMPORTED_NEW","carsystem-blow-off-gun","carsystem-blow-off-gun","OK"
"145.272","Blow Off Gun with metal nozzle and nipple (EU)","Blow Off Gun","true","true","IMPORTED_NEW","carsystem-blow-off-gun","carsystem-blow-off-gun","OK"
"145.273","Blow Off Gun with metal nozzle and nipple (CH, NL)","Blow Off Gun","true","true","IMPORTED_NEW","carsystem-blow-off-gun","carsystem-blow-off-gun","OK"
"154.123","Blow Off Pen Orion (EU)","Blow Off Stick","true","true","IMPORTED_NEW","carsystem-blow-off-stick","carsystem-blow-off-stick","OK"
"154.124","Blow Off Pen ARO (CH, NL)","Blow Off Stick","true","true","IMPORTED_NEW","carsystem-blow-off-stick","carsystem-blow-off-stick","OK"
"149.358","5 L","Booth Mask","true","true","IMPORTED_NEW","carsystem-booth-mask","carsystem-booth-mask","OK"
"149.359","20 L","Booth Mask","true","true","IMPORTED_NEW","carsystem-booth-mask","carsystem-booth-mask","OK"
"149.338","5 L","Booth Mask Stick","true","true","IMPORTED_NEW","carsystem-booth-mask-stick","carsystem-booth-mask-stick","OK"
"149.339","20 L","Booth Mask Stick","true","true","IMPORTED_NEW","carsystem-booth-mask-stick","carsystem-booth-mask-stick","OK"
"149.340","25 L","Booth Mask Stick","true","true","IMPORTED_NEW","carsystem-booth-mask-stick","carsystem-booth-mask-stick","OK"
"153.205","19 L","Booth Mask White","true","true","IMPORTED_NEW","carsystem-booth-mask-white","carsystem-booth-mask-white","OK"
"159.413","Bumper paint stand","Bumper Stand","true","true","IMPORTED_NEW","carsystem-bumper-stand","carsystem-bumper-stand","OK"
"159.702","Fixing bar with grip pliers 190-193","Bumper Stand","true","true","IMPORTED_NEW","carsystem-bumper-stand","carsystem-bumper-stand","OK"
"139.912","Car Clean Trolley / Blue / 564 x 385 x 870 x 725 mm","Car Clean Trolley","true","true","IMPORTED_NEW","carsystem-car-clean-trolley","carsystem-car-clean-trolley","OK"
"139.913","Car Clean Wall Holder / 500 x 264 x 375 mm","Car Clean Trolley","true","true","IMPORTED_NEW","carsystem-car-clean-trolley","carsystem-car-clean-trolley","OK"
"155.614","Colour Match Lamp","Colour Match Lamp","true","true","IMPORTED_NEW","carsystem-colour-match-lamp","carsystem-colour-match-lamp","OK"
"155.037","LED lamp","LED Lamp","false","true","IMPORTED_NEW","carsystem-led-lamp","carsystem-led-lamp","OK"
"137.214","4 x 55 cm","Magnetic Flat Strip","true","true","IMPORTED_NEW","carsystem-magnetic-flat-strip","carsystem-magnetic-flat-strip","OK"
"159.969","Black rubberised holder","Magnetic Gun Holder Plus","true","true","IMPORTED_NEW","carsystem-magnetic-gun-holder-plus","carsystem-magnetic-gun-holder-plus","OK"
"130.992","4 x 55 cm","Magnetic Sanding Protection","true","true","IMPORTED_NEW","carsystem-magnetic-sanding-protection","carsystem-magnetic-sanding-protection","OK"
"151.514","MMIR Trolley Box","MMIR Trolley ""Box""","true","true","IMPORTED_NEW","carsystem-mmir-trolley-box","carsystem-mmir-trolley-box","OK"
"125.737","MMIR Trolley","MMIR Trolley","true","true","IMPORTED_NEW","carsystem-mmir-trolley","carsystem-mmir-trolley","OK"
"139.036","Ø 9 mm","MS Coupling","true","true","IMPORTED_NEW","carsystem-ms-coupling","carsystem-ms-coupling","OK"
"159.563","Paint trolley - multifunctional","Multi Stand","true","true","IMPORTED_NEW","carsystem-multi-stand","carsystem-multi-stand","OK"
"143.129","Ø 9 mm","Nippel","true","true","IMPORTED_NEW","carsystem-nippel-nipple-for-quick-connector","carsystem-nippel-nipple-for-quick-connector","OK"
"139.034","1/4 ""","Nippel","true","true","IMPORTED_NEW","carsystem-nippel-nipple-with-inner-thread","carsystem-nippel-nipple-with-inner-thread","OK"
"139.033","1/4 ""","Nippel","true","true","IMPORTED_NEW","carsystem-nippel-nipple-with-outer-thread","carsystem-nippel-nipple-with-outer-thread","OK"
"160.136","500 mm x 20 m 3""","PAINT ARRESTOR II","true","true","IMPORTED_NEW","carsystem-paint-arrestor-ii","carsystem-paint-arrestor-ii","OK"
"160.137","500 mm x 91 m 3""","PAINT ARRESTOR II","true","true","IMPORTED_NEW","carsystem-paint-arrestor-ii","carsystem-paint-arrestor-ii","OK"
"160.138","660 mm x 20 m 3""","PAINT ARRESTOR II","true","true","IMPORTED_NEW","carsystem-paint-arrestor-ii","carsystem-paint-arrestor-ii","OK"
"160.139","760 mm x 20 m 3""","PAINT ARRESTOR II","true","true","IMPORTED_NEW","carsystem-paint-arrestor-ii","carsystem-paint-arrestor-ii","OK"
"160.140","760 mm x 25 m 3""","PAINT ARRESTOR II","true","true","IMPORTED_NEW","carsystem-paint-arrestor-ii","carsystem-paint-arrestor-ii","OK"
"160.141","760 mm x 91 m 3""","PAINT ARRESTOR II","true","true","IMPORTED_NEW","carsystem-paint-arrestor-ii","carsystem-paint-arrestor-ii","OK"
"160.142","860 mm x 91 m 3""","PAINT ARRESTOR II","true","true","IMPORTED_NEW","carsystem-paint-arrestor-ii","carsystem-paint-arrestor-ii","OK"
"160.143","1000 mm x 20 m 3""","PAINT ARRESTOR II","true","true","IMPORTED_NEW","carsystem-paint-arrestor-ii","carsystem-paint-arrestor-ii","OK"
"160.144","1000 mm x 25 m 3""","PAINT ARRESTOR II","true","true","IMPORTED_NEW","carsystem-paint-arrestor-ii","carsystem-paint-arrestor-ii","OK"
"160.145","1000 mm x 50 m 3""","PAINT ARRESTOR II","true","true","IMPORTED_NEW","carsystem-paint-arrestor-ii","carsystem-paint-arrestor-ii","OK"
"160.146","1000 mm x 91 m 3""","PAINT ARRESTOR II","true","true","IMPORTED_NEW","carsystem-paint-arrestor-ii","carsystem-paint-arrestor-ii","OK"
"160.147","1250 mm x 91 m 3""","PAINT ARRESTOR II","true","true","IMPORTED_NEW","carsystem-paint-arrestor-ii","carsystem-paint-arrestor-ii","OK"
"160.148","1530 mm x 25 m 3""","PAINT ARRESTOR II","true","true","IMPORTED_NEW","carsystem-paint-arrestor-ii","carsystem-paint-arrestor-ii","OK"
"152.596","Paint trolley incl. extention","Paint Trolley Flexi Plus","true","true","IMPORTED_NEW","carsystem-paint-trolley-flexi-plus","carsystem-paint-trolley-flexi-plus","OK"
"154.253","Paint trolley incl. extention","Paint Trolley","true","true","IMPORTED_NEW","carsystem-paint-trolley","carsystem-paint-trolley","OK"
"138.848","Spare claws for paint trolley","Paint Trolley","true","true","IMPORTED_NEW","carsystem-paint-trolley","carsystem-paint-trolley","OK"
"138.849","Fixing arm","Paint Trolley","true","true","IMPORTED_NEW","carsystem-paint-trolley","carsystem-paint-trolley","OK"
"139.101","150 cm","Paper Trolley 1500","true","true","IMPORTED_NEW","carsystem-paper-trolley-1500","carsystem-paper-trolley-1500","OK"
"138.862","Paper Trolley","Paper Trolley","true","true","IMPORTED_NEW","carsystem-paper-trolley","carsystem-paper-trolley","OK"
"157.342","Carrier","RUPES Carrier","true","true","IMPORTED_NEW","carsystem-rupes-carrier","carsystem-rupes-carrier","OK"
"150.190","50 ml","RUPES Cleaning and maintenance oil","true","true","IMPORTED_NEW","carsystem-rupes-cleaning-and-maintenance-oil","carsystem-rupes-cleaning-and-maintenance-oil","OK"
"157.343","S145L Profi Vacuum Cleaner","RUPES Vacuum Cleaner S145","true","true","IMPORTED_NEW","carsystem-rupes-vacuum-cleaner-s145","carsystem-rupes-vacuum-cleaner-s145","OK"
"157.344","S145PL Profi Vacuum Cleaner","RUPES Vacuum Cleaner S145","true","true","IMPORTED_NEW","carsystem-rupes-vacuum-cleaner-s145","carsystem-rupes-vacuum-cleaner-s145","OK"
"157.471","S145EM Vacuum cleaner","RUPES Vacuum Cleaner S145","true","true","IMPORTED_NEW","carsystem-rupes-vacuum-cleaner-s145","carsystem-rupes-vacuum-cleaner-s145","OK"
"157.472","S145EPM Vacuum cleaner","RUPES Vacuum Cleaner S145","true","true","IMPORTED_NEW","carsystem-rupes-vacuum-cleaner-s145","carsystem-rupes-vacuum-cleaner-s145","OK"
"157.560","Dust bag S Serie pack of 5","RUPES Vacuum Cleaner S145","true","true","IMPORTED_NEW","carsystem-rupes-vacuum-cleaner-s145","carsystem-rupes-vacuum-cleaner-s145","OK"
"157.341","KC28","RUPES Workshop Carrier KC28","true","true","IMPORTED_NEW","carsystem-rupes-workshop-carrier-kc28","carsystem-rupes-workshop-carrier-kc28","OK"
"157.469","Peg board 016.1110/c for KC28","RUPES Workshop Carrier KC28","true","true","IMPORTED_NEW","carsystem-rupes-workshop-carrier-kc28","carsystem-rupes-workshop-carrier-kc28","OK"
"143.127","Ø 9 mm","Safety Coupling","true","true","IMPORTED_NEW","carsystem-safety-coupling","carsystem-safety-coupling","OK"
"160.161","Shop Seat Pro","Shop Seat Pro","true","true","IMPORTED_NEW","carsystem-shop-seat-pro","carsystem-shop-seat-pro","OK"
"154.645","UV LED Lamp","UV LED Lamp","false","true","IMPORTED_NEW","carsystem-uv-led-lamp","carsystem-uv-led-lamp","OK"
"153.777","190 x 56 x 29 mm","UV Smart Lamp","true","true","IMPORTED_NEW","carsystem-uv-smart-lamp","carsystem-uv-smart-lamp","OK"
"154.772","UV timer","UV Timer","false","true","IMPORTED_NEW","carsystem-uv-timer","carsystem-uv-timer","OK"
"139.442","Workshop bucket / 10 l","Workshop Bucket","true","true","IMPORTED_NEW","carsystem-workshop-bucket","carsystem-workshop-bucket","OK"
"149.427","Professional workshop seat","Workshop Seat","true","true","IMPORTED_NEW","carsystem-workshop-seat","carsystem-workshop-seat","OK"
"137.349","50 - 100 cm","X-Stand Classic","true","true","IMPORTED_NEW","carsystem-x-stand-classic","carsystem-x-stand-classic","OK"
"138.851","50 - 125 cm","X-Stand Top","true","true","IMPORTED_NEW","carsystem-x-stand-top","carsystem-x-stand-top","OK"
"138.852","50 - 125 cm incl. extension","X-Stand Top","true","true","IMPORTED_NEW","carsystem-x-stand-top","carsystem-x-stand-top","OK"
"159.584","White / 400 ml","1K Easy Filler","true","true","IMPORTED_NEW","carsystem-1k-easy-filler","carsystem-1k-easy-filler","OK"
"151.522","Lightgrey / 400 ml","1K Easy Filler","true","true","IMPORTED_NEW","carsystem-1k-easy-filler","carsystem-1k-easy-filler","OK"
"151.523","Black / 400 ml","1K Easy Filler","true","true","IMPORTED_NEW","carsystem-1k-easy-filler","carsystem-1k-easy-filler","OK"
"151.537","White / 400 ml","1K Easy Primer","true","true","IMPORTED_NEW","carsystem-1k-easy-primer","carsystem-1k-easy-primer","OK"
"151.538","Grey / 400 ml","1K Easy Primer","true","true","IMPORTED_NEW","carsystem-1k-easy-primer","carsystem-1k-easy-primer","OK"
"151.539","Black / 400 ml","1K Easy Primer","true","true","IMPORTED_NEW","carsystem-1k-easy-primer","carsystem-1k-easy-primer","OK"
"151.958","400 ml","1K Epoxy Primer","true","true","IMPORTED_NEW","carsystem-1k-epoxy-primer","carsystem-1k-epoxy-primer","OK"
"153.217","A-comp. / 1 L","2K Carbo Clear Plus","true","true","IMPORTED_NEW","carsystem-2k-carbo-clear-plus","carsystem-2k-carbo-clear-plus","OK"
"153.218","Hardener / 0.5 L","2K Carbo Clear Plus","true","true","IMPORTED_NEW","carsystem-2k-carbo-clear-plus","carsystem-2k-carbo-clear-plus","OK"
"153.207","A-comp. / 5 L","2K Carbo Clear Plus","true","true","IMPORTED_NEW","carsystem-2k-carbo-clear-plus","carsystem-2k-carbo-clear-plus","OK"
"153.208","Hardener / 2.5 L","2K Carbo Clear Plus","true","true","IMPORTED_NEW","carsystem-2k-carbo-clear-plus","carsystem-2k-carbo-clear-plus","OK"
"157.988","A - Comp. / transparent / 1,0 L","2K Carbo Filler Transparent 1,0","true","true","IMPORTED_NEW","carsystem-2k-carbo-filler-transparent-1-0","carsystem-2k-carbo-filler-transparent-1-0","OK"
"157.989","B - Comp. / 0,7 L","2K Carbo Filler Transparent 1,0","true","true","IMPORTED_NEW","carsystem-2k-carbo-filler-transparent-1-0","carsystem-2k-carbo-filler-transparent-1-0","OK"
"144.138","A-comp. / 1.0 L","2K Clear VOC 420","false","true","IMPORTED_NEW","carsystem-2k-clear-voc-420","carsystem-2k-clear-voc-420","OK"
"144.140","Hardener 420 standard / 0.5 L","2K Clear VOC 420","false","true","IMPORTED_NEW","carsystem-2k-clear-voc-420","carsystem-2k-clear-voc-420","OK"
"144.139","Hardener 421 fast / 0.5 L","2K Clear VOC 420","false","true","IMPORTED_NEW","carsystem-2k-clear-voc-420","carsystem-2k-clear-voc-420","OK"
"142.953","A-comp. / 5.0 L","2K Clear VOC 420","false","true","IMPORTED_NEW","carsystem-2k-clear-voc-420","carsystem-2k-clear-voc-420","OK"
"144.107","Hardener 420 standard / 2.5 L","2K Clear VOC 420","false","true","IMPORTED_NEW","carsystem-2k-clear-voc-420","carsystem-2k-clear-voc-420","OK"
"144.108","Hardener 421 fast / 2.5 L","2K Clear VOC 420","false","true","IMPORTED_NEW","carsystem-2k-clear-voc-420","carsystem-2k-clear-voc-420","OK"
"156.931","A+B comp. / 1.5 L","2K Clear VOC CC.19 AS","false","true","IMPORTED_NEW","carsystem-2k-clear-voc-cc-19-as","carsystem-2k-clear-voc-cc-19-as","OK"
"160.417","A+B comp. / 1.5 L / standard","2K Clear VOC CC.25 HS-AS","true","true","IMPORTED_NEW","carsystem-2k-clear-voc-cc-25-hs-as","carsystem-2k-clear-voc-cc-25-hs-as","OK"
"160.418","A+B comp. / 1,5 L / fast","2K Clear VOC CC.25 HS-AS","true","true","IMPORTED_NEW","carsystem-2k-clear-voc-cc-25-hs-as","carsystem-2k-clear-voc-cc-25-hs-as","OK"
"160.419","A-comp. / 5.0 L","2K Clear VOC CC.25 HS-AS","true","true","IMPORTED_NEW","carsystem-2k-clear-voc-cc-25-hs-as","carsystem-2k-clear-voc-cc-25-hs-as","OK"
"160.420","Hardener / 2,5L / standard","2K Clear VOC CC.25 HS-AS","true","true","IMPORTED_NEW","carsystem-2k-clear-voc-cc-25-hs-as","carsystem-2k-clear-voc-cc-25-hs-as","OK"
"160.422","Hardener / 2,5L / fast","2K Clear VOC CC.25 HS-AS","true","true","IMPORTED_NEW","carsystem-2k-clear-voc-cc-25-hs-as","carsystem-2k-clear-voc-cc-25-hs-as","OK"
"160.613","A+B Comp. / 1,5 L","2K CLEAR VOC CC.26 ECO-X 15-60","true","true","IMPORTED_NEW","carsystem-2k-clear-voc-cc-26-eco-x-15-60","carsystem-2k-clear-voc-cc-26-eco-x-15-60","OK"
"160.614","A-comp. / 5 L","2K CLEAR VOC CC.26 ECO-X 15-60","true","true","IMPORTED_NEW","carsystem-2k-clear-voc-cc-26-eco-x-15-60","carsystem-2k-clear-voc-cc-26-eco-x-15-60","OK"
"160.615","Hardener / 2,5 L","2K CLEAR VOC CC.26 ECO-X 15-60","true","true","IMPORTED_NEW","carsystem-2k-clear-voc-cc-26-eco-x-15-60","carsystem-2k-clear-voc-cc-26-eco-x-15-60","OK"
"153.223","A+B comp. / hardener slow / 1.5 L","2K Clear VOC HS-SR","false","true","IMPORTED_NEW","carsystem-2k-clear-voc-hs-sr","carsystem-2k-clear-voc-hs-sr","OK"
"153.774","A+B comp. / hardener standard / 1.5 L","2K Clear VOC HS-SR","false","true","IMPORTED_NEW","carsystem-2k-clear-voc-hs-sr","carsystem-2k-clear-voc-hs-sr","OK"
"151.909","A-comp. / 5.0 L","2K Clear VOC HS-SR","false","true","IMPORTED_NEW","carsystem-2k-clear-voc-hs-sr","carsystem-2k-clear-voc-hs-sr","OK"
"151.910","Hardener standard / 2.5 L","2K Clear VOC HS-SR","false","true","IMPORTED_NEW","carsystem-2k-clear-voc-hs-sr","carsystem-2k-clear-voc-hs-sr","OK"
"151.911","Hardener fast / 2.5 L","2K Clear VOC HS-SR","false","true","IMPORTED_NEW","carsystem-2k-clear-voc-hs-sr","carsystem-2k-clear-voc-hs-sr","OK"
"148.983","A-comp. / matt / 1.0 L","2K Clear VOC Matt","true","true","IMPORTED_NEW","carsystem-2k-clear-voc-matt","carsystem-2k-clear-voc-matt","OK"
"148.986","A-comp. / silk-matt / 1.0 L","2K Clear VOC Matt","true","true","IMPORTED_NEW","carsystem-2k-clear-voc-matt","carsystem-2k-clear-voc-matt","OK"
"148.985","Hardener standard / 0.5 L","2K Clear VOC Matt","true","true","IMPORTED_NEW","carsystem-2k-clear-voc-matt","carsystem-2k-clear-voc-matt","OK"
"148.984","Hardener fast / 0.5 L","2K Clear VOC Matt","true","true","IMPORTED_NEW","carsystem-2k-clear-voc-matt","carsystem-2k-clear-voc-matt","OK"
"146.714","A-comp. / 5 L","2K Clear VOC Premium","false","true","IMPORTED_NEW","carsystem-2k-clear-voc-premium","carsystem-2k-clear-voc-premium","OK"
"147.019","Hardener standard / 2.5 L","2K Clear VOC Premium","false","true","IMPORTED_NEW","carsystem-2k-clear-voc-premium","carsystem-2k-clear-voc-premium","OK"
"147.862","Hardener fast / 2.5 L","2K Clear VOC Premium","false","true","IMPORTED_NEW","carsystem-2k-clear-voc-premium","carsystem-2k-clear-voc-premium","OK"
"152.563","A+B comp. / 1.5 L","2K Clear VOC Speed Plus","true","true","IMPORTED_NEW","carsystem-2k-clear-voc-speed-plus","carsystem-2k-clear-voc-speed-plus","OK"
"151.899","A-comp. / 5.0 L","2K Clear VOC Speed Plus","true","true","IMPORTED_NEW","carsystem-2k-clear-voc-speed-plus","carsystem-2k-clear-voc-speed-plus","OK"
"151.901","Hardener / 2.5 L","2K Clear VOC Speed Plus","true","true","IMPORTED_NEW","carsystem-2k-clear-voc-speed-plus","carsystem-2k-clear-voc-speed-plus","OK"
"159.158","Beige / 400 ml","2K Epoxy Fill Primer","true","true","IMPORTED_NEW","carsystem-2k-epoxy-fill-primer","carsystem-2k-epoxy-fill-primer","OK"
"152.580","A + B comp. / grey / 1.25 L","2K Filler Air Plus","true","true","IMPORTED_NEW","carsystem-2k-filler-air-plus","carsystem-2k-filler-air-plus","OK"
"152.416","A-comp. / white / 3.6 L","2K Filler Air Plus","true","true","IMPORTED_NEW","carsystem-2k-filler-air-plus","carsystem-2k-filler-air-plus","OK"
"152.417","A-comp. / grey / 3.6 L","2K Filler Air Plus","true","true","IMPORTED_NEW","carsystem-2k-filler-air-plus","carsystem-2k-filler-air-plus","OK"
"152.418","A-comp. / black / 3.6 L","2K Filler Air Plus","true","true","IMPORTED_NEW","carsystem-2k-filler-air-plus","carsystem-2k-filler-air-plus","OK"
"152.419","Hardener / 0.9 L","2K Filler Air Plus","true","true","IMPORTED_NEW","carsystem-2k-filler-air-plus","carsystem-2k-filler-air-plus","OK"
"152.058","A+B comp. / light grey / 1.2 L","2K Filler Vario Plus","true","true","IMPORTED_NEW","carsystem-2k-filler-vario-plus","carsystem-2k-filler-vario-plus","OK"
"152.057","A-comp. / light grey / 3.5 L","2K Filler Vario Plus","true","true","IMPORTED_NEW","carsystem-2k-filler-vario-plus","carsystem-2k-filler-vario-plus","OK"
"147.682","Hardener / 0.7 L","2K Filler Vario Plus","true","true","IMPORTED_NEW","carsystem-2k-filler-vario-plus","carsystem-2k-filler-vario-plus","OK"
"153.455","A+B-comp. / grey / 1.05 L","2K Filler Wet on Wet Plus","false","true","IMPORTED_NEW","carsystem-2k-filler-wet-on-wet-plus","carsystem-2k-filler-wet-on-wet-plus","OK"
"153.456","A-comp. / grey / 3.6 L","2K Filler Wet on Wet Plus","false","true","IMPORTED_NEW","carsystem-2k-filler-wet-on-wet-plus","carsystem-2k-filler-wet-on-wet-plus","OK"
"153.457","Hardener / 0.6 L","2K Filler Wet on Wet Plus","false","true","IMPORTED_NEW","carsystem-2k-filler-wet-on-wet-plus","carsystem-2k-filler-wet-on-wet-plus","OK"
"149.421","400 ml","2K High-Speed Klarlack","true","true","IMPORTED_NEW","carsystem-2k-high-speed-klarlack","carsystem-2k-high-speed-klarlack","OK"
"144.541","A+B comp. / hardener very fast / white / 1.25 L","2K VOC Filler 540","true","true","IMPORTED_NEW","carsystem-2k-voc-filler-540","carsystem-2k-voc-filler-540","OK"
"147.432","A+B comp. / hardener standard / grey / 1.25 L","2K VOC Filler 540","false","true","IMPORTED_NEW","carsystem-2k-voc-filler-540","carsystem-2k-voc-filler-540","OK"
"144.539","A+B comp. / hardener very fast / grey / 1.25 L","2K VOC Filler 540","true","true","IMPORTED_NEW","carsystem-2k-voc-filler-540","carsystem-2k-voc-filler-540","OK"
"144.540","A+B comp. / hardener very fast / black / 1.25 L","2K VOC Filler 540","true","true","IMPORTED_NEW","carsystem-2k-voc-filler-540","carsystem-2k-voc-filler-540","OK"
"144.354","A-comp. / white / 3.6 L","2K VOC Filler 540","true","true","IMPORTED_NEW","carsystem-2k-voc-filler-540","carsystem-2k-voc-filler-540","OK"
"144.026","A-comp. / grey / 3.6 L","2K VOC Filler 540","true","true","IMPORTED_NEW","carsystem-2k-voc-filler-540","carsystem-2k-voc-filler-540","OK"
"144.353","A-comp. / black / 3.6 L","2K VOC Filler 540","true","true","IMPORTED_NEW","carsystem-2k-voc-filler-540","carsystem-2k-voc-filler-540","OK"
"144.977","Hardener VOC 541 / standard / 0.9 L","2K VOC Filler 540","true","true","IMPORTED_NEW","carsystem-2k-voc-filler-540","carsystem-2k-voc-filler-540","OK"
"144.027","Hadener very fast / 0.9 L","2K VOC Filler 540","true","true","IMPORTED_NEW","carsystem-2k-voc-filler-540","carsystem-2k-voc-filler-540","OK"
"153.493","Hardener VOC 541 CT / 0.9 L","2K VOC Filler 540","false","true","IMPORTED_NEW","carsystem-2k-voc-filler-540","carsystem-2k-voc-filler-540","OK"
"153.171","Slow / 5 L","Acryl Thinner","true","true","IMPORTED_NEW","carsystem-acryl-thinner","carsystem-acryl-thinner","OK"
"150.331","Standard / 1 L","Acryl Thinner","true","true","IMPORTED_NEW","carsystem-acryl-thinner","carsystem-acryl-thinner","OK"
"141.479","Standard / 5 L","Acryl Thinner","true","true","IMPORTED_NEW","carsystem-acryl-thinner","carsystem-acryl-thinner","OK"
"152.456","Fast / 5 L","Acryl Thinner","true","true","IMPORTED_NEW","carsystem-acryl-thinner","carsystem-acryl-thinner","OK"
"147.695","1 L","Activator","true","true","IMPORTED_NEW","carsystem-activator","carsystem-activator","OK"
"158.063","Adapter A7 - Devilbiss / Steel","Adapter for CPS paint cup systems","true","true","IMPORTED_NEW","carsystem-adapter-for-cps-paint-cup-systems","carsystem-adapter-for-cps-paint-cup-systems","OK"
"158.064","Adapter A5 - Anest Iwata W400 / Steel","Adapter for CPS paint cup systems","true","true","IMPORTED_NEW","carsystem-adapter-for-cps-paint-cup-systems","carsystem-adapter-for-cps-paint-cup-systems","OK"
"158.065","Adapter A87 - Anest Iwata WS400 + LS400 / Steel","Adapter for CPS paint cup systems","true","true","IMPORTED_NEW","carsystem-adapter-for-cps-paint-cup-systems","carsystem-adapter-for-cps-paint-cup-systems","OK"
"158.066","Adapter A82 - SATA QCC / Steel","Adapter for CPS paint cup systems","true","true","IMPORTED_NEW","carsystem-adapter-for-cps-paint-cup-systems","carsystem-adapter-for-cps-paint-cup-systems","OK"
"158.717","Adapter A19 - Walcom GEO/HTE / Steel","Adapter for CPS paint cup systems","true","true","IMPORTED_NEW","carsystem-adapter-for-cps-paint-cup-systems","carsystem-adapter-for-cps-paint-cup-systems","OK"
"158.718","Adapter A17 - Walcom EGO/SLIM / Steel","Adapter for CPS paint cup systems","true","true","IMPORTED_NEW","carsystem-adapter-for-cps-paint-cup-systems","carsystem-adapter-for-cps-paint-cup-systems","OK"
"160.187","Adapter A31 - Iwata LPH-80 / Steel","Adapter for CPS paint cup systems","true","true","IMPORTED_NEW","carsystem-adapter-for-cps-paint-cup-systems","carsystem-adapter-for-cps-paint-cup-systems","OK"
"160.188","Adapter A7 - Devilbiss / Aluminium","Adapter for CPS paint cup systems","true","true","IMPORTED_NEW","carsystem-adapter-for-cps-paint-cup-systems","carsystem-adapter-for-cps-paint-cup-systems","OK"
"160.189","Adapter A5 - Iwata W400 / Aluminium","Adapter for CPS paint cup systems","true","true","IMPORTED_NEW","carsystem-adapter-for-cps-paint-cup-systems","carsystem-adapter-for-cps-paint-cup-systems","OK"
"160.190","Adapter A87 - Iwata WS400 / Aluminium","Adapter for CPS paint cup systems","true","true","IMPORTED_NEW","carsystem-adapter-for-cps-paint-cup-systems","carsystem-adapter-for-cps-paint-cup-systems","OK"
"160.191","Adapter A82 - SATA QCC / Aluminium","Adapter for CPS paint cup systems","true","true","IMPORTED_NEW","carsystem-adapter-for-cps-paint-cup-systems","carsystem-adapter-for-cps-paint-cup-systems","OK"
"160.192","Adapter A19 - Walcom GEO/HTE / Aluminium","Adapter for CPS paint cup systems","true","true","IMPORTED_NEW","carsystem-adapter-for-cps-paint-cup-systems","carsystem-adapter-for-cps-paint-cup-systems","OK"
"160.193","Adapter A17 - Walcom EGO/SLIM / Aluminium","Adapter for CPS paint cup systems","true","true","IMPORTED_NEW","carsystem-adapter-for-cps-paint-cup-systems","carsystem-adapter-for-cps-paint-cup-systems","OK"
"160.194","Adapter A31 - Iwata LPH-80 / Aluminium","Adapter for CPS paint cup systems","true","true","IMPORTED_NEW","carsystem-adapter-for-cps-paint-cup-systems","carsystem-adapter-for-cps-paint-cup-systems","OK"
"158.244","Grey / 1 L","AF.21 1K Filler","true","true","IMPORTED_NEW","carsystem-af-21-1k-filler","carsystem-af-21-1k-filler","OK"
"158.245","Thinner / 1 L","AF.21 1K Filler","true","true","IMPORTED_NEW","carsystem-af-21-1k-filler","carsystem-af-21-1k-filler","OK"
"158.216","A-comp. / white / 3.6 L","AF.21 X-pert","true","true","IMPORTED_NEW","carsystem-af-21-x-pert","carsystem-af-21-x-pert","OK"
"158.218","A-comp. / grey / 3.6 L","AF.21 X-pert","true","true","IMPORTED_NEW","carsystem-af-21-x-pert","carsystem-af-21-x-pert","OK"
"158.219","A-comp. / black / 3.6 L","AF.21 X-pert","true","true","IMPORTED_NEW","carsystem-af-21-x-pert","carsystem-af-21-x-pert","OK"
"158.220","Hardener / 0.9 L","AF.21 X-pert","true","true","IMPORTED_NEW","carsystem-af-21-x-pert","carsystem-af-21-x-pert","OK"
"158.221","Thinner standard / 1 L","AF.21 X-pert","true","true","IMPORTED_NEW","carsystem-af-21-x-pert","carsystem-af-21-x-pert","OK"
"159.237","Thinner Multi Wet-On-Wet / 1 L","AF.21 X-pert","true","true","IMPORTED_NEW","carsystem-af-21-x-pert","carsystem-af-21-x-pert","OK"
"160.315","Thinner Air Dry Additive / 1 L","AF.21 X-pert","true","true","IMPORTED_NEW","carsystem-af-21-x-pert","carsystem-af-21-x-pert","OK"
"160.263","A+B comp. / white / 1,0 L","AF.25 Primer Wet on Wet","true","true","IMPORTED_NEW","carsystem-af-25-primer-wet-on-wet","carsystem-af-25-primer-wet-on-wet","OK"
"160.262","A+B comp. / grey / 1,0 L","AF.25 Primer Wet on Wet","true","true","IMPORTED_NEW","carsystem-af-25-primer-wet-on-wet","carsystem-af-25-primer-wet-on-wet","OK"
"160.261","A+B comp. / black / 1,0 L","AF.25 Primer Wet on Wet","true","true","IMPORTED_NEW","carsystem-af-25-primer-wet-on-wet","carsystem-af-25-primer-wet-on-wet","OK"
"160.267","A-comp. / grey / 3,0 L","AF.25 Primer Wet on Wet","true","true","IMPORTED_NEW","carsystem-af-25-primer-wet-on-wet","carsystem-af-25-primer-wet-on-wet","OK"
"160.265","A-comp. / black / 3,0 L","AF.25 Primer Wet on Wet","true","true","IMPORTED_NEW","carsystem-af-25-primer-wet-on-wet","carsystem-af-25-primer-wet-on-wet","OK"
"160.268","B-comp. / 1,0 L","AF.25 Primer Wet on Wet","true","true","IMPORTED_NEW","carsystem-af-25-primer-wet-on-wet","carsystem-af-25-primer-wet-on-wet","OK"
"140.970","Set","Brush Set","true","true","IMPORTED_NEW","carsystem-brush-set","carsystem-brush-set","OK"
"142.820","Grey / 400 ml","Bumper Paint Spray","true","true","IMPORTED_NEW","carsystem-bumper-paint-spray","carsystem-bumper-paint-spray","OK"
"142.821","Black / 400 ml","Bumper Paint Spray","true","true","IMPORTED_NEW","carsystem-bumper-paint-spray","carsystem-bumper-paint-spray","OK"
"147.447","1.0 L","Bumper Paint","true","true","IMPORTED_NEW","carsystem-bumper-paint","carsystem-bumper-paint","OK"
"142.982","400 ml","Bumper Structurant Spray","true","true","IMPORTED_NEW","carsystem-bumper-structurant-spray","carsystem-bumper-structurant-spray","OK"
"159.672","Set of 5 can scrapers","Can Scraper","true","true","IMPORTED_NEW","carsystem-can-scraper","carsystem-can-scraper","OK"
"158.423","A + B comp. / 1.5 L","CC.20 X-pert","true","true","IMPORTED_NEW","carsystem-cc-20-x-pert","carsystem-cc-20-x-pert","OK"
"157.450","A-comp. / 5 L","CC.20 X-pert","true","true","IMPORTED_NEW","carsystem-cc-20-x-pert","carsystem-cc-20-x-pert","OK"
"157.451","Hardener / 2.5 L","CC.20 X-pert","true","true","IMPORTED_NEW","carsystem-cc-20-x-pert","carsystem-cc-20-x-pert","OK"
"158.251","A+B comp. / 1.5 L","CC.21 X-press FIVE","true","true","IMPORTED_NEW","carsystem-cc-21-x-press-five","carsystem-cc-21-x-press-five","OK"
"158.249","A-comp. / 5 L","CC.21 X-press FIVE","true","true","IMPORTED_NEW","carsystem-cc-21-x-press-five","carsystem-cc-21-x-press-five","OK"
"158.250","Hardener / 2.5 L","CC.21 X-press FIVE","true","true","IMPORTED_NEW","carsystem-cc-21-x-press-five","carsystem-cc-21-x-press-five","OK"
"126.025","400 ml","Clear Coat Spray","true","true","IMPORTED_NEW","carsystem-clear-coat-spray","carsystem-clear-coat-spray","OK"
"141.109","250 pcs. per box / 70 x 179 mm","Color Match Card Paper","true","true","IMPORTED_NEW","carsystem-color-match-card-paper","carsystem-color-match-card-paper","OK"
"146.960","Dispenser","Dispenser for paint strainers","true","true","IMPORTED_NEW","carsystem-dispenser-for-paint-strainers","carsystem-dispenser-for-paint-strainers","OK"
"137.664","0.385 L","Dispenser Multi-Mix","true","true","IMPORTED_NEW","carsystem-dispenser-multi-mix","carsystem-dispenser-multi-mix","OK"
"137.665","0.75 L","Dispenser Multi-Mix","true","true","IMPORTED_NEW","carsystem-dispenser-multi-mix","carsystem-dispenser-multi-mix","OK"
"137.666","1.4 L","Dispenser Multi-Mix","true","true","IMPORTED_NEW","carsystem-dispenser-multi-mix","carsystem-dispenser-multi-mix","OK"
"137.667","2.3 L","Dispenser Multi-Mix","true","true","IMPORTED_NEW","carsystem-dispenser-multi-mix","carsystem-dispenser-multi-mix","OK"
"140.971","Set","Dust Needle","true","true","IMPORTED_NEW","carsystem-dust-needle","carsystem-dust-needle","OK"
"140.972","Needles in blister/ 10 pcs.","Dust Needle","true","true","IMPORTED_NEW","carsystem-dust-needle","carsystem-dust-needle","OK"
"158.248","A+B comp. / 1.5 L","EF.21 EP-Filler","true","true","IMPORTED_NEW","carsystem-ef-21-ep-filler","carsystem-ef-21-ep-filler","OK"
"143.028","400 ml","Etch Primer","true","true","IMPORTED_NEW","carsystem-etch-primer","carsystem-etch-primer","OK"
"152.788","1 L","High Gloss Additive","true","true","IMPORTED_NEW","carsystem-high-gloss-additive","carsystem-high-gloss-additive","OK"
"154.706","White / 1 kg","HpP Primer","true","true","IMPORTED_NEW","carsystem-hpp-primer","carsystem-hpp-primer","OK"
"154.707","Grey / 1 kg","HpP Primer","true","true","IMPORTED_NEW","carsystem-hpp-primer","carsystem-hpp-primer","OK"
"154.708","Black / 1 kg","HpP Primer","true","true","IMPORTED_NEW","carsystem-hpp-primer","carsystem-hpp-primer","OK"
"154.712","Thinner / 1 L","HpP Primer","true","true","IMPORTED_NEW","carsystem-hpp-primer","carsystem-hpp-primer","OK"
"140.976","Box with 100 pcs.","Micro Tip","true","true","IMPORTED_NEW","carsystem-micro-tip","carsystem-micro-tip","OK"
"144.752","23 x 1.8 cm","Mixing Stick Black","true","true","IMPORTED_NEW","carsystem-mixing-stick-black","carsystem-mixing-stick-black","OK"
"159.834","Box à 500 pcs. / Black / 20 x 1,8 cm","Mixing Stick Fast","true","true","IMPORTED_NEW","carsystem-mixing-stick-fast","carsystem-mixing-stick-fast","OK"
"144.649","36 pcs. per carton / 5.5 L","Multi-Mix Bucket","true","true","IMPORTED_NEW","carsystem-multi-mix-bucket","carsystem-multi-mix-bucket","OK"
"145.315","Lid / 5.5 L","Multi-Mix Bucket","true","true","IMPORTED_NEW","carsystem-multi-mix-bucket","carsystem-multi-mix-bucket","OK"
"140.545","Cup / 385 ml","Multi-Mix Cup","true","true","IMPORTED_NEW","carsystem-multi-mix-cup","carsystem-multi-mix-cup","OK"
"140.546","Cup / 750 ml","Multi-Mix Cup","true","true","IMPORTED_NEW","carsystem-multi-mix-cup","carsystem-multi-mix-cup","OK"
"140.547","Cup / 1400 ml","Multi-Mix Cup","true","true","IMPORTED_NEW","carsystem-multi-mix-cup","carsystem-multi-mix-cup","OK"
"140.548","Cup / 2300 ml","Multi-Mix Cup","true","true","IMPORTED_NEW","carsystem-multi-mix-cup","carsystem-multi-mix-cup","OK"
"140.549","Lid / 385 ml","Multi-Mix Lids","true","true","IMPORTED_NEW","carsystem-multi-mix-lids","carsystem-multi-mix-lids","OK"
"140.550","Lid / 750 ml","Multi-Mix Lids","true","true","IMPORTED_NEW","carsystem-multi-mix-lids","carsystem-multi-mix-lids","OK"
"140.551","Lid / 1400 ml","Multi-Mix Lids","true","true","IMPORTED_NEW","carsystem-multi-mix-lids","carsystem-multi-mix-lids","OK"
"140.552","Lid / 2300 ml","Multi-Mix Lids","true","true","IMPORTED_NEW","carsystem-multi-mix-lids","carsystem-multi-mix-lids","OK"
"146.957","Blue / 125 µ","Multi Strain","true","true","IMPORTED_NEW","carsystem-multi-strain","carsystem-multi-strain","OK"
"146.958","Yellow / 190 µ","Multi Strain","true","true","IMPORTED_NEW","carsystem-multi-strain","carsystem-multi-strain","OK"
"158.430","Blue / 125 µ","Paint Strainer","true","true","IMPORTED_NEW","carsystem-paint-strainer","carsystem-paint-strainer","OK"
"158.431","Yellow / 190 µ","Paint Strainer","true","true","IMPORTED_NEW","carsystem-paint-strainer","carsystem-paint-strainer","OK"
"159.311","Set / 400 ml / 125 µm / 50 pcs.","Paint System CPS 2.0","false","true","IMPORTED_NEW","carsystem-paint-system-cps-2-0","carsystem-paint-system-cps-2-0","OK"
"159.312","Set / 600 ml / 125 ml / 50 pcs.","Paint System CPS 2.0","false","true","IMPORTED_NEW","carsystem-paint-system-cps-2-0","carsystem-paint-system-cps-2-0","OK"
"159.670","Set / 800 ml / 125 µm / 50 pcs","Paint System CPS 2.0","false","true","IMPORTED_NEW","carsystem-paint-system-cps-2-0","carsystem-paint-system-cps-2-0","OK"
"159.643","Set / 400 ml / 190µm / 50 pcs","Paint System CPS 2.0","false","true","IMPORTED_NEW","carsystem-paint-system-cps-2-0","carsystem-paint-system-cps-2-0","OK"
"159.644","Set / 600 ml / 190µm / 50 pcs","Paint System CPS 2.0","false","true","IMPORTED_NEW","carsystem-paint-system-cps-2-0","carsystem-paint-system-cps-2-0","OK"
"159.671","Set / 800 ml / 190µm / 50 pcs","Paint System CPS 2.0","false","true","IMPORTED_NEW","carsystem-paint-system-cps-2-0","carsystem-paint-system-cps-2-0","OK"
"159.315","Lids / 400 ml / 125 µm / 25 pcs.","Paint System CPS 2.0","false","true","IMPORTED_NEW","carsystem-paint-system-cps-2-0","carsystem-paint-system-cps-2-0","OK"
"159.318","Lids / 600 - 800 ml / 125 µm / 25 pcs.","Paint System CPS 2.0","false","true","IMPORTED_NEW","carsystem-paint-system-cps-2-0","carsystem-paint-system-cps-2-0","OK"
"159.321","Lids / 600 - 800 ml / 190 µm / 25 pcs.","Paint System CPS 2.0","false","true","IMPORTED_NEW","carsystem-paint-system-cps-2-0","carsystem-paint-system-cps-2-0","OK"
"159.322","Hard cup with ring / 400 ml","Paint System CPS 2.0","false","true","IMPORTED_NEW","carsystem-paint-system-cps-2-0","carsystem-paint-system-cps-2-0","OK"
"159.324","Hard cup with ring / 600 ml","Paint System CPS 2.0","false","true","IMPORTED_NEW","carsystem-paint-system-cps-2-0","carsystem-paint-system-cps-2-0","OK"
"159.325","Hard cup with ring / 800 ml","Paint System CPS 2.0","false","true","IMPORTED_NEW","carsystem-paint-system-cps-2-0","carsystem-paint-system-cps-2-0","OK"
"160.085","Set / 180 ml / 125 µm / 50 pcs","Paint System CPS 3.0","true","true","IMPORTED_NEW","carsystem-paint-system-cps-3-0","carsystem-paint-system-cps-3-0","OK"
"160.086","Set / 400 ml / 125 µm / 50 pcs","Paint System CPS 3.0","true","true","IMPORTED_NEW","carsystem-paint-system-cps-3-0","carsystem-paint-system-cps-3-0","OK"
"160.087","Set / 650 ml / 125 µm / 50 pcs","Paint System CPS 3.0","true","true","IMPORTED_NEW","carsystem-paint-system-cps-3-0","carsystem-paint-system-cps-3-0","OK"
"160.088","Set / 850 ml / 125 µm / 50 pcs","Paint System CPS 3.0","true","true","IMPORTED_NEW","carsystem-paint-system-cps-3-0","carsystem-paint-system-cps-3-0","OK"
"160.090","Set / 180 ml / 190 µm / 50 pcs","Paint System CPS 3.0","true","true","IMPORTED_NEW","carsystem-paint-system-cps-3-0","carsystem-paint-system-cps-3-0","OK"
"160.091","Set / 400 ml / 190 µm / 50 pcs","Paint System CPS 3.0","true","true","IMPORTED_NEW","carsystem-paint-system-cps-3-0","carsystem-paint-system-cps-3-0","OK"
"160.092","Set / 650 ml / 190 µm / 50 pcs","Paint System CPS 3.0","true","true","IMPORTED_NEW","carsystem-paint-system-cps-3-0","carsystem-paint-system-cps-3-0","OK"
"160.093","Set / 850 ml / 190 µm / 50 pcs","Paint System CPS 3.0","true","true","IMPORTED_NEW","carsystem-paint-system-cps-3-0","carsystem-paint-system-cps-3-0","OK"
"160.376","Lids / 180 ml / 125 µm / 25 pcs","Paint System CPS 3.0","true","true","IMPORTED_NEW","carsystem-paint-system-cps-3-0","carsystem-paint-system-cps-3-0","OK"
"160.377","Lids / 400 ml / 125 µm / 25 pcs","Paint System CPS 3.0","true","true","IMPORTED_NEW","carsystem-paint-system-cps-3-0","carsystem-paint-system-cps-3-0","OK"
"160.379","Lids / 650 & 850 ml / 125 µm / 25 pcs","Paint System CPS 3.0","true","true","IMPORTED_NEW","carsystem-paint-system-cps-3-0","carsystem-paint-system-cps-3-0","OK"
"138.680","Bag with 10 pcs.","PG - FG Fine Filter","true","true","IMPORTED_NEW","carsystem-pg-fg-fine-filter","carsystem-pg-fg-fine-filter","OK"
"144.957","100 pcs. per carton / 0.5 L","Plastic Can Empty","true","true","IMPORTED_NEW","carsystem-plastic-can-empty","carsystem-plastic-can-empty","OK"
"144.958","100 pcs. per carton / 1.0 L","Plastic Can Empty","true","true","IMPORTED_NEW","carsystem-plastic-can-empty","carsystem-plastic-can-empty","OK"
"145.784","100 pcs. per carton / 1.8 L","Plastic Can Empty","true","true","IMPORTED_NEW","carsystem-plastic-can-empty","carsystem-plastic-can-empty","OK"
"145.986","Transparent / 400 ml","Plastic Primer","true","true","IMPORTED_NEW","carsystem-plastic-primer","carsystem-plastic-primer","OK"
"125.686","Without pin / 275 ml","Prefill-Spray","true","true","IMPORTED_NEW","carsystem-prefill-spray","carsystem-prefill-spray","OK"
"140.608","Without pin / 300 ml","Prefill-Spray Water","true","true","IMPORTED_NEW","carsystem-prefill-spray-water","carsystem-prefill-spray-water","OK"
"125.949","Red brown / 400 ml","Primer Spray","true","true","IMPORTED_NEW","carsystem-primer-spray","carsystem-primer-spray","OK"
"132.907","Grey / 400 ml","Primer Spray","true","true","IMPORTED_NEW","carsystem-primer-spray","carsystem-primer-spray","OK"
"126.024","400 ml","Primer Surfacing Spray","true","true","IMPORTED_NEW","carsystem-primer-surfacing-spray","carsystem-primer-surfacing-spray","OK"
"126.053","White glossy / 400 ml","Rallye-Spray gloss","true","true","IMPORTED_NEW","carsystem-rallye-spray-gloss","carsystem-rallye-spray-gloss","OK"
"126.026","Black glossy / 400 ml","Rallye-Spray gloss","true","true","IMPORTED_NEW","carsystem-rallye-spray-gloss","carsystem-rallye-spray-gloss","OK"
"126.027","400 ml","Rallye-Spray matt","true","true","IMPORTED_NEW","carsystem-rallye-spray-matt","carsystem-rallye-spray-matt","OK"
"149.219","500 ml","Rallye-Spray Premium","true","true","IMPORTED_NEW","carsystem-rallye-spray-premium-black-glossy","carsystem-rallye-spray-premium-black-glossy","OK"
"149.218","500 ml","Rallye-Spray Premium","true","true","IMPORTED_NEW","carsystem-rallye-spray-premium-black-matt","carsystem-rallye-spray-premium-black-matt","OK"
"153.793","Replacement Spray Head adjustable","Replacement Spray Head","true","true","IMPORTED_NEW","carsystem-replacement-spray-head-adjustable","carsystem-replacement-spray-head-adjustable","OK"
"145.840","Spray nozzle spare part / red","Replacement Spray Head","true","true","IMPORTED_NEW","carsystem-replacement-spray-head-red","carsystem-replacement-spray-head-red","OK"
"126.021","400 ml","Silver Wheel","true","true","IMPORTED_NEW","carsystem-silver-wheel","carsystem-silver-wheel","OK"
"148.989","1 L","Spotblender","true","true","IMPORTED_NEW","carsystem-spotblender","carsystem-spotblender","OK"
"145.987","400 ml","Spotblender Spray","true","true","IMPORTED_NEW","carsystem-spotblender-spray","carsystem-spotblender-spray","OK"
"125.580","400 ml","Spray Filler Spray","true","true","IMPORTED_NEW","carsystem-spray-filler-spray","carsystem-spray-filler-spray","OK"
"153.758","200 pcs. per box / white","Spray Out Cards Metal","true","true","IMPORTED_NEW","carsystem-spray-out-cards-metal","carsystem-spray-out-cards-metal","OK"
"153.759","200 pcs. per box / dark grey","Spray Out Cards Metal","true","true","IMPORTED_NEW","carsystem-spray-out-cards-metal","carsystem-spray-out-cards-metal","OK"
"126.086","Black / 400 ml","Thermo-Spray","true","true","IMPORTED_NEW","carsystem-thermo-spray","carsystem-thermo-spray","OK"
"126.087","Silver / 400 ml","Thermo-Spray","true","true","IMPORTED_NEW","carsystem-thermo-spray","carsystem-thermo-spray","OK"
"148.505","Red / 0.5 L","Tinting paste filler","true","true","IMPORTED_NEW","carsystem-tinting-paste-filler","carsystem-tinting-paste-filler","OK"
"148.504","Black / 0.5 L","Tinting paste filler","true","true","IMPORTED_NEW","carsystem-tinting-paste-filler","carsystem-tinting-paste-filler","OK"
"150.764","Transparent / 20 ml x 100 pcs.","Touch Up","true","true","IMPORTED_NEW","carsystem-touch-up-fillable-20ml","carsystem-touch-up-fillable-20ml","OK"
"150.769","Transparent / 50 ml x 25 pcs.","Touch Up","true","true","IMPORTED_NEW","carsystem-touch-up-fillable-50ml","carsystem-touch-up-fillable-50ml","OK"
"154.528","100 ml","UV Clear","true","true","IMPORTED_NEW","carsystem-uv-clear","carsystem-uv-clear","OK"
"159.169","400 ML","UV Filler Spray","false","true","IMPORTED_NEW","carsystem-uv-filler-spray","carsystem-uv-filler-spray","OK"
"126.030","400 ml","Zinc Spray","true","true","IMPORTED_NEW","carsystem-zinc-spray","carsystem-zinc-spray","OK"
"159.654","Coverall jacket / S","30 Years Ltd. Coverall Jacket","true","true","IMPORTED_NEW","carsystem-30-years-ltd-coverall-jacket","carsystem-30-years-ltd-coverall-jacket","OK"
"159.655","Coverall jacket / M","30 Years Ltd. Coverall Jacket","true","true","IMPORTED_NEW","carsystem-30-years-ltd-coverall-jacket","carsystem-30-years-ltd-coverall-jacket","OK"
"159.656","Coverall jacket / L","30 Years Ltd. Coverall Jacket","true","true","IMPORTED_NEW","carsystem-30-years-ltd-coverall-jacket","carsystem-30-years-ltd-coverall-jacket","OK"
"159.657","Coverall jacket / XL","30 Years Ltd. Coverall Jacket","true","true","IMPORTED_NEW","carsystem-30-years-ltd-coverall-jacket","carsystem-30-years-ltd-coverall-jacket","OK"
"159.658","Coverall jacket / XXL","30 Years Ltd. Coverall Jacket","true","true","IMPORTED_NEW","carsystem-30-years-ltd-coverall-jacket","carsystem-30-years-ltd-coverall-jacket","OK"
"159.659","Coverall jacket / 3XL","30 Years Ltd. Coverall Jacket","true","true","IMPORTED_NEW","carsystem-30-years-ltd-coverall-jacket","carsystem-30-years-ltd-coverall-jacket","OK"
"158.536","L","Bodyshirt Black","false","true","IMPORTED_NEW","carsystem-bodyshirt-black","carsystem-bodyshirt-black","OK"
"158.537","XL","Bodyshirt Black","false","true","IMPORTED_NEW","carsystem-bodyshirt-black","carsystem-bodyshirt-black","OK"
"159.194","Anthracite / XS","Classic Coverall Jacket Anthracite","true","true","IMPORTED_NEW","carsystem-classic-coverall-jacket-anthracite","carsystem-classic-coverall-jacket-anthracite","OK"
"159.195","Anthracite / S","Classic Coverall Jacket Anthracite","true","true","IMPORTED_NEW","carsystem-classic-coverall-jacket-anthracite","carsystem-classic-coverall-jacket-anthracite","OK"
"159.196","Anthracite / M","Classic Coverall Jacket Anthracite","true","true","IMPORTED_NEW","carsystem-classic-coverall-jacket-anthracite","carsystem-classic-coverall-jacket-anthracite","OK"
"159.197","Anthracite / L","Classic Coverall Jacket Anthracite","true","true","IMPORTED_NEW","carsystem-classic-coverall-jacket-anthracite","carsystem-classic-coverall-jacket-anthracite","OK"
"159.198","Anthracite / XL","Classic Coverall Jacket Anthracite","true","true","IMPORTED_NEW","carsystem-classic-coverall-jacket-anthracite","carsystem-classic-coverall-jacket-anthracite","OK"
"159.199","Anthracite / XXL","Classic Coverall Jacket Anthracite","true","true","IMPORTED_NEW","carsystem-classic-coverall-jacket-anthracite","carsystem-classic-coverall-jacket-anthracite","OK"
"159.200","Anthracite / 3XL","Classic Coverall Jacket Anthracite","true","true","IMPORTED_NEW","carsystem-classic-coverall-jacket-anthracite","carsystem-classic-coverall-jacket-anthracite","OK"
"159.180","Anthracite / XS","Classic Coverall Pants","true","true","IMPORTED_NEW","carsystem-classic-coverall-pants","carsystem-classic-coverall-pants","OK"
"159.181","Anthracite / S","Classic Coverall Pants","true","true","IMPORTED_NEW","carsystem-classic-coverall-pants","carsystem-classic-coverall-pants","OK"
"159.182","Anthracite / M","Classic Coverall Pants","true","true","IMPORTED_NEW","carsystem-classic-coverall-pants","carsystem-classic-coverall-pants","OK"
"159.183","Anthracite / L","Classic Coverall Pants","true","true","IMPORTED_NEW","carsystem-classic-coverall-pants","carsystem-classic-coverall-pants","OK"
"159.184","Anthracite / XL","Classic Coverall Pants","true","true","IMPORTED_NEW","carsystem-classic-coverall-pants","carsystem-classic-coverall-pants","OK"
"159.185","Anthracite / XXL","Classic Coverall Pants","true","true","IMPORTED_NEW","carsystem-classic-coverall-pants","carsystem-classic-coverall-pants","OK"
"159.186","Anthracite / 3XL","Classic Coverall Pants","true","true","IMPORTED_NEW","carsystem-classic-coverall-pants","carsystem-classic-coverall-pants","OK"
"160.275","S","Coverall 2.0","true","true","IMPORTED_NEW","carsystem-coverall-2-0","carsystem-coverall-2-0","OK"
"160.276","M","Coverall 2.0","true","true","IMPORTED_NEW","carsystem-coverall-2-0","carsystem-coverall-2-0","OK"
"160.277","L","Coverall 2.0","true","true","IMPORTED_NEW","carsystem-coverall-2-0","carsystem-coverall-2-0","OK"
"160.278","XL","Coverall 2.0","true","true","IMPORTED_NEW","carsystem-coverall-2-0","carsystem-coverall-2-0","OK"
"160.279","2XL","Coverall 2.0","true","true","IMPORTED_NEW","carsystem-coverall-2-0","carsystem-coverall-2-0","OK"
"160.280","3XL","Coverall 2.0","true","true","IMPORTED_NEW","carsystem-coverall-2-0","carsystem-coverall-2-0","OK"
"159.113","S","Coverall Black Suit","true","true","IMPORTED_NEW","carsystem-coverall-black-suit","carsystem-coverall-black-suit","OK"
"159.114","M","Coverall Black Suit","true","true","IMPORTED_NEW","carsystem-coverall-black-suit","carsystem-coverall-black-suit","OK"
"159.115","L","Coverall Black Suit","true","true","IMPORTED_NEW","carsystem-coverall-black-suit","carsystem-coverall-black-suit","OK"
"159.116","XL","Coverall Black Suit","true","true","IMPORTED_NEW","carsystem-coverall-black-suit","carsystem-coverall-black-suit","OK"
"159.117","XXL","Coverall Black Suit","true","true","IMPORTED_NEW","carsystem-coverall-black-suit","carsystem-coverall-black-suit","OK"
"159.118","3XL","Coverall Black Suit","true","true","IMPORTED_NEW","carsystem-coverall-black-suit","carsystem-coverall-black-suit","OK"
"159.120","Coverall jacket / XS","Explorer Ltd. 2-Piece Coverall","false","true","IMPORTED_NEW","carsystem-explorer-ltd-2-piece-coverall","carsystem-explorer-ltd-2-piece-coverall","OK"
"159.121","Coverall pants / XS","Explorer Ltd. 2-Piece Coverall","false","true","IMPORTED_NEW","carsystem-explorer-ltd-2-piece-coverall","carsystem-explorer-ltd-2-piece-coverall","OK"
"158.682","Coverall jacket / S","Explorer Ltd. 2-Piece Coverall","false","true","IMPORTED_NEW","carsystem-explorer-ltd-2-piece-coverall","carsystem-explorer-ltd-2-piece-coverall","OK"
"158.683","Coverall pants / S","Explorer Ltd. 2-Piece Coverall","false","true","IMPORTED_NEW","carsystem-explorer-ltd-2-piece-coverall","carsystem-explorer-ltd-2-piece-coverall","OK"
"158.684","Coverall jacket / M / NOT LONGER IN STOCK","Explorer Ltd. 2-Piece Coverall","false","true","IMPORTED_NEW","carsystem-explorer-ltd-2-piece-coverall","carsystem-explorer-ltd-2-piece-coverall","OK"
"158.685","Coverall pants / M","Explorer Ltd. 2-Piece Coverall","false","true","IMPORTED_NEW","carsystem-explorer-ltd-2-piece-coverall","carsystem-explorer-ltd-2-piece-coverall","OK"
"158.687","Coverall pants / L","Explorer Ltd. 2-Piece Coverall","false","true","IMPORTED_NEW","carsystem-explorer-ltd-2-piece-coverall","carsystem-explorer-ltd-2-piece-coverall","OK"
"158.688","Coverall jacket / XL","Explorer Ltd. 2-Piece Coverall","false","true","IMPORTED_NEW","carsystem-explorer-ltd-2-piece-coverall","carsystem-explorer-ltd-2-piece-coverall","OK"
"158.689","Coverall pants / XL","Explorer Ltd. 2-Piece Coverall","false","true","IMPORTED_NEW","carsystem-explorer-ltd-2-piece-coverall","carsystem-explorer-ltd-2-piece-coverall","OK"
"158.690","Coverall jacket / XXL","Explorer Ltd. 2-Piece Coverall","false","true","IMPORTED_NEW","carsystem-explorer-ltd-2-piece-coverall","carsystem-explorer-ltd-2-piece-coverall","OK"
"158.691","Coverall pants / XXL / NOT LONGER IN STOCK","Explorer Ltd. 2-Piece Coverall","false","true","IMPORTED_NEW","carsystem-explorer-ltd-2-piece-coverall","carsystem-explorer-ltd-2-piece-coverall","OK"
"158.692","Coverall jacket / 3XL","Explorer Ltd. 2-Piece Coverall","false","true","IMPORTED_NEW","carsystem-explorer-ltd-2-piece-coverall","carsystem-explorer-ltd-2-piece-coverall","OK"
"158.693","Coverall pants / 3XL","Explorer Ltd. 2-Piece Coverall","false","true","IMPORTED_NEW","carsystem-explorer-ltd-2-piece-coverall","carsystem-explorer-ltd-2-piece-coverall","OK"
"155.348","Soft bottle without wall dispenser / 2 L","Hand Cleaner extreme","true","true","IMPORTED_NEW","carsystem-hand-cleaner-extreme","carsystem-hand-cleaner-extreme","OK"
"155.357","Bulk packing without pump / 3 L","Hand Cleaner extreme","true","true","IMPORTED_NEW","carsystem-hand-cleaner-extreme","carsystem-hand-cleaner-extreme","OK"
"155.356","Bulk packing without pump / 3 L","Hand Cleaner","true","true","IMPORTED_NEW","carsystem-hand-cleaner","carsystem-hand-cleaner","OK"
"157.981","L","Latex gloves","false","true","IMPORTED_NEW","carsystem-latex-gloves","carsystem-latex-gloves","OK"
"152.011","L","Latex Hand I Premium","true","true","IMPORTED_NEW","carsystem-latex-hand-i-premium","carsystem-latex-hand-i-premium","OK"
"152.012","XL","Latex Hand I Premium","true","true","IMPORTED_NEW","carsystem-latex-hand-i-premium","carsystem-latex-hand-i-premium","OK"
"140.939","L / pair","Neopren Hand","true","true","IMPORTED_NEW","carsystem-neopren-hand","carsystem-neopren-hand","OK"
"140.940","XL / pair","Neopren Hand","true","true","IMPORTED_NEW","carsystem-neopren-hand","carsystem-neopren-hand","OK"
"140.941","XXL / pair","Neopren Hand","true","true","IMPORTED_NEW","carsystem-neopren-hand","carsystem-neopren-hand","OK"
"156.623","S","Nitril Hand Premium black","true","true","IMPORTED_NEW","carsystem-nitril-hand-premium-black","carsystem-nitril-hand-premium-black","OK"
"156.624","M","Nitril Hand Premium black","true","true","IMPORTED_NEW","carsystem-nitril-hand-premium-black","carsystem-nitril-hand-premium-black","OK"
"154.347","L","Nitril Hand Premium black","true","true","IMPORTED_NEW","carsystem-nitril-hand-premium-black","carsystem-nitril-hand-premium-black","OK"
"154.348","XL","Nitril Hand Premium black","true","true","IMPORTED_NEW","carsystem-nitril-hand-premium-black","carsystem-nitril-hand-premium-black","OK"
"139.232","S","Paint Overall Blue","true","true","IMPORTED_NEW","carsystem-paint-overall-blue","carsystem-paint-overall-blue","OK"
"139.233","M","Paint Overall Blue","true","true","IMPORTED_NEW","carsystem-paint-overall-blue","carsystem-paint-overall-blue","OK"
"138.472","L","Paint Overall Blue","true","true","IMPORTED_NEW","carsystem-paint-overall-blue","carsystem-paint-overall-blue","OK"
"138.473","XL","Paint Overall Blue","true","true","IMPORTED_NEW","carsystem-paint-overall-blue","carsystem-paint-overall-blue","OK"
"139.234","XXL","Paint Overall Blue","true","true","IMPORTED_NEW","carsystem-paint-overall-blue","carsystem-paint-overall-blue","OK"
"152.968","3XL","Paint Overall Blue","true","true","IMPORTED_NEW","carsystem-paint-overall-blue","carsystem-paint-overall-blue","OK"
"150.719","L","Prep Hand II","true","true","IMPORTED_NEW","carsystem-prep-hand-ii","carsystem-prep-hand-ii","OK"
"150.720","XL","Prep Hand II","true","true","IMPORTED_NEW","carsystem-prep-hand-ii","carsystem-prep-hand-ii","OK"
"145.132","9 / pair","Prep Hand III","true","true","IMPORTED_NEW","carsystem-prep-hand-iii","carsystem-prep-hand-iii","OK"
"145.133","10 / pair","Prep Hand III","true","true","IMPORTED_NEW","carsystem-prep-hand-iii","carsystem-prep-hand-iii","OK"
"155.359","Pump for Hand Cleaner 3 l","Pump for Hand Cleaner 3 l","true","true","IMPORTED_NEW","carsystem-pump-for-hand-cleaner-3-l","carsystem-pump-for-hand-cleaner-3-l","OK"
"140.955","Safety Lens","Safety Lens","true","true","IMPORTED_NEW","carsystem-safety-lens","carsystem-safety-lens","OK"
"159.949","FFP2 - without valve","Star Dust 2.0 FFP2","true","true","IMPORTED_NEW","carsystem-star-dust-2-0-ffp2","carsystem-star-dust-2-0-ffp2","OK"
"159.950","FFP3 - with valve","Star Dust 2.0 FFP3 with Valve","true","true","IMPORTED_NEW","carsystem-star-dust-2-0-ffp3-with-valve","carsystem-star-dust-2-0-ffp3-with-valve","OK"
"144.310","Filter Holder","Star Mask Disc","true","true","IMPORTED_NEW","carsystem-star-mask-disc","carsystem-star-mask-disc","OK"
"141.154","Protection class P2","Star Mask Pre P2 R","true","true","IMPORTED_NEW","carsystem-star-mask-pre-p2-r","carsystem-star-mask-pre-p2-r","OK"
"141.224","Protection class A2","Star Mask Refill","true","true","IMPORTED_NEW","carsystem-star-mask-refill","carsystem-star-mask-refill","OK"
"141.143","M","Star Mask","true","true","IMPORTED_NEW","carsystem-star-mask","carsystem-star-mask","OK"
"141.145","L","Star Mask","true","true","IMPORTED_NEW","carsystem-star-mask","carsystem-star-mask","OK"
"145.130","9 / pair","Super Nitril Hand I","true","true","IMPORTED_NEW","carsystem-super-nitril-hand-i","carsystem-super-nitril-hand-i","OK"
"145.131","10 / pair","Super Nitril Hand I","true","true","IMPORTED_NEW","carsystem-super-nitril-hand-i","carsystem-super-nitril-hand-i","OK"
"154.263","UV glasses","UV Glasses","true","true","IMPORTED_NEW","carsystem-uv-glasses","carsystem-uv-glasses","OK"
"155.350","Wall dispener for Soft Bottle","Wall dispenser for Soft Bottle 2 l","true","true","IMPORTED_NEW","carsystem-wall-dispenser-for-soft-bottle-2-l","carsystem-wall-dispenser-for-soft-bottle-2-l","OK"
"158.139","Tube / 200 g","1K NC Filler","true","true","IMPORTED_NEW","carsystem-1k-nc-filler","carsystem-1k-nc-filler","OK"
"148.524","1.8 kg tin incl. hardener","Alu Spezial","true","true","IMPORTED_NEW","carsystem-alu-spezial","carsystem-alu-spezial","OK"
"126.041","25 x 20 cm","Aluminium mesh","true","true","IMPORTED_NEW","carsystem-aluminium-mesh","carsystem-aluminium-mesh","OK"
"149.612","1.8 kg tin incl. hardener","Anti Rust Putty","true","true","IMPORTED_NEW","carsystem-anti-rust-putty","carsystem-anti-rust-putty","OK"
"137.433","100 x 60 mm","Blacky","true","true","IMPORTED_NEW","carsystem-blacky","carsystem-blacky","OK"
"132.413","Red / 40 g","BPO Hardener","true","true","IMPORTED_NEW","carsystem-bpo-hardener","carsystem-bpo-hardener","OK"
"148.018","0.5 kg tin incl. hardener","Carbo Putty","true","true","IMPORTED_NEW","carsystem-carbo-putty","carsystem-carbo-putty","OK"
"148.019","0.820 kg tin incl. hardener","Carbo Spray","true","true","IMPORTED_NEW","carsystem-carbo-spray","carsystem-carbo-spray","OK"
"148.234","1.0 l tin","Carbo Spray Thinner","true","true","IMPORTED_NEW","carsystem-carbo-spray-thinner","carsystem-carbo-spray-thinner","OK"
"123.892","For 3 kg cartidges","Dualmatic","true","true","IMPORTED_NEW","carsystem-dualmatic","carsystem-dualmatic","OK"
"126.854","Handle for Dualmatic","Dualmatic","true","true","IMPORTED_NEW","carsystem-dualmatic","carsystem-dualmatic","OK"
"126.861","Cut off with handle","Dualmatic","true","true","IMPORTED_NEW","carsystem-dualmatic","carsystem-dualmatic","OK"
"153.206","Spreader cleaning device","Easy Clean Box","true","true","IMPORTED_NEW","carsystem-easy-clean-box","carsystem-easy-clean-box","OK"
"159.363","Replacement fleece - 3 pcs.","Easy Clean Box","true","true","IMPORTED_NEW","carsystem-easy-clean-box","carsystem-easy-clean-box","OK"
"127.976","2.0 kg tin incl. hardener","Elastic beige","true","true","IMPORTED_NEW","carsystem-elastic-beige","carsystem-elastic-beige","OK"
"146.708","2.0 kg tin incl. hardener","Elastic Green","false","true","IMPORTED_NEW","carsystem-elastic-green","carsystem-elastic-green","OK"
"130.856","1.0 kg tin incl. hardener","Elastic white","true","true","MATCHED_EXISTING","carsystem-git-elastic-weiss","carsystem-git-elastic-weiss","OK"
"127.975","2.0 kg tin incl. hardener","Elastic white","true","true","MATCHED_EXISTING","carsystem-git-elastic-weiss","carsystem-git-elastic-weiss","OK"
"132.723","10.0 kg cartridge incl. hardener","Elastic white","true","true","MATCHED_EXISTING","carsystem-git-elastic-weiss","carsystem-git-elastic-weiss","OK"
"138.443","1.4 kg tin incl. hardener","Faser","true","true","IMPORTED_NEW","carsystem-faser","carsystem-faser","OK"
"124.550","250 g tin incl. hardener","Fill putty","true","true","IMPORTED_NEW","carsystem-fill-putty","carsystem-fill-putty","OK"
"124.552","1,000 g tin incl. hardener","Fill putty","true","true","IMPORTED_NEW","carsystem-fill-putty","carsystem-fill-putty","OK"
"124.124","250 g tin incl. hardener","Fine putty","true","true","IMPORTED_NEW","carsystem-fine-putty","carsystem-fine-putty","OK"
"124.126","1,000 g tin incl. hardener","Fine putty","true","true","IMPORTED_NEW","carsystem-fine-putty","carsystem-fine-putty","OK"
"134.796","1.0 kg tin incl. hardener","Flex","true","true","IMPORTED_NEW","carsystem-flex","carsystem-flex","OK"
"130.854","1.0 kg tin incl. hardener","Glas","true","true","IMPORTED_NEW","carsystem-glas","carsystem-glas","OK"
"127.974","1.8 kg tin incl. hardener","Glas","true","true","IMPORTED_NEW","carsystem-glas","carsystem-glas","OK"
"144.808","1.8 kg tin incl. hardener","Glas White","true","true","IMPORTED_NEW","carsystem-glas-white","carsystem-glas-white","OK"
"125.421","0.5 m²","Glass fibre fleece","false","true","IMPORTED_NEW","carsystem-glass-fibre-fleece","carsystem-glass-fibre-fleece","OK"
"125.422","1.0 m²","Glass fibre fleece","false","true","IMPORTED_NEW","carsystem-glass-fibre-fleece","carsystem-glass-fibre-fleece","OK"
"125.423","0.5 m²","Glass fibre mat","true","true","IMPORTED_NEW","carsystem-glass-fibre-mat","carsystem-glass-fibre-mat","OK"
"125.424","1.0 m²","Glass fibre mat","true","true","IMPORTED_NEW","carsystem-glass-fibre-mat","carsystem-glass-fibre-mat","OK"
"124.036","250 g tin incl. hardener","Glass fibre reinforced putty","true","true","IMPORTED_NEW","carsystem-glass-fibre-reinforced-putty","carsystem-glass-fibre-reinforced-putty","OK"
"139.356","1 Set","Japanese Putty Knife","true","true","IMPORTED_NEW","carsystem-japanese-putty-knife","carsystem-japanese-putty-knife","OK"
"143.496","1.04 kg bottle incl. hardener","Liquid Putty","true","true","IMPORTED_NEW","carsystem-liquid-putty","carsystem-liquid-putty","OK"
"130.852","1.0 kg tin incl. hardener","Metallic","true","true","IMPORTED_NEW","carsystem-metallic","carsystem-metallic","OK"
"127.911","2.0 kg tin incl. hardener","Metallic","true","true","IMPORTED_NEW","carsystem-metallic","carsystem-metallic","OK"
"159.755","1.3 kg tin incl. hardener","Multi Black Rapid","true","true","IMPORTED_NEW","carsystem-multi-black-rapid","carsystem-multi-black-rapid","OK"
"160.343","2,2 kg incl. hardener (3 kg-cartridge)","Multi Black Rapid","true","true","IMPORTED_NEW","carsystem-multi-black-rapid","carsystem-multi-black-rapid","OK"
"159.923","1.3 kg tin incl. hardener","Multi Blue Rapid Changer SF","true","true","IMPORTED_NEW","carsystem-multi-blue-rapid-changer-sf","carsystem-multi-blue-rapid-changer-sf","OK"
"160.378","1 kg tin incl. hardener","Multi Flow","true","true","IMPORTED_NEW","carsystem-multi-flow","carsystem-multi-flow","OK"
"157.622","1.6 kg tin incl. hardener","Multi Green Changer","true","true","IMPORTED_NEW","carsystem-multi-green-changer","carsystem-multi-green-changer","OK"
"158.116","1.3 kg tin incl. hardener","Multi Green Glas Light","true","true","IMPORTED_NEW","carsystem-multi-green-glas-light","carsystem-multi-green-glas-light","OK"
"146.707","1.65 kg tin incl. hardener","Multi Green Glas","true","true","IMPORTED_NEW","carsystem-multi-green-glas","carsystem-multi-green-glas","OK"
"146.706","1.6 kg tin incl. hardener","Multi Green","true","true","MATCHED_EXISTING","carsystem-git-multi-green","carsystem-git-multi-green","OK"
"147.337","2.52 kg cartridge incl. hardener","Multi Green","true","true","MATCHED_EXISTING","carsystem-git-multi-green","carsystem-git-multi-green","OK"
"149.134","8.11 kg cartridge incl. hardener","Multi Green","true","true","MATCHED_EXISTING","carsystem-git-multi-green","carsystem-git-multi-green","OK"
"152.357","1.0 kg tin incl. hardener","Multi Green Plus 1.0 Super Light","true","true","IMPORTED_NEW","carsystem-multi-green-plus-1-0-super-light","carsystem-multi-green-plus-1-0-super-light","OK"
"152.978","1.6 kg cartridge incl. hardener","Multi Green Plus 1.0 Super Light","true","true","IMPORTED_NEW","carsystem-multi-green-plus-1-0-super-light","carsystem-multi-green-plus-1-0-super-light","OK"
"158.233","1.3 kg tin incl. hardener","Multi Green Rapid","true","true","IMPORTED_NEW","carsystem-multi-green-rapid","carsystem-multi-green-rapid","OK"
"156.543","1.75 kg tin incl. hardener","Multi Green SF","true","true","IMPORTED_NEW","carsystem-multi-green-sf","carsystem-multi-green-sf","OK"
"141.503","1.3 kg tin incl. hardener","Multi Light","true","true","IMPORTED_NEW","carsystem-multi-light","carsystem-multi-light","OK"
"142.155","2.2 kg cartridge incl. hardener","Multi Light","true","true","IMPORTED_NEW","carsystem-multi-light","carsystem-multi-light","OK"
"130.857","1.0 kg tin incl. hardener","Multi","true","true","IMPORTED_NEW","carsystem-multi","carsystem-multi","OK"
"127.977","2.0 kg tin incl. hardener","Multi","true","true","IMPORTED_NEW","carsystem-multi","carsystem-multi","OK"
"134.155","1.5 kg cartridge incl. hardener","Multi","true","true","IMPORTED_NEW","carsystem-multi","carsystem-multi","OK"
"132.214","2.9 kg cartridge incl. hardener","Multi","true","true","IMPORTED_NEW","carsystem-multi","carsystem-multi","OK"
"128.145","9.7 kg cartridge incl. hardener","Multi","true","true","IMPORTED_NEW","carsystem-multi","carsystem-multi","OK"
"138.451","1.6 kg tin incl. hardener","Multi Plus","true","true","IMPORTED_NEW","carsystem-multi-plus","carsystem-multi-plus","OK"
"140.795","1.5 kg tin incl. hardener","Multi Silver Light","true","true","IMPORTED_NEW","carsystem-multi-silver-light","carsystem-multi-silver-light","OK"
"137.206","2.0 kg tin incl. hardener","Multi Soft","true","true","IMPORTED_NEW","carsystem-multi-soft","carsystem-multi-soft","OK"
"153.284","1.8 kg tin incl. hardener","Multi Super Flex","true","true","IMPORTED_NEW","carsystem-multi-super-flex","carsystem-multi-super-flex","OK"
"149.613","1.0 kg tin incl. hardener","Plastic Pro","true","true","IMPORTED_NEW","carsystem-plastic-pro","carsystem-plastic-pro","OK"
"146.961","115 x 77 mm","Plastic spreader","true","true","IMPORTED_NEW","carsystem-plastic-spreader","carsystem-plastic-spreader","OK"
"126.050","1,000 g incl. hardener","Polyester Repair Resin","true","true","IMPORTED_NEW","carsystem-polyester-repair-resin","carsystem-polyester-repair-resin","OK"
"126.054","Set / 800 g","Polyester Repair Set","true","true","IMPORTED_NEW","carsystem-polyester-repair-set","carsystem-polyester-repair-set","OK"
"123.859","A 3C","Putty dispenser","true","true","IMPORTED_NEW","carsystem-putty-dispenser","carsystem-putty-dispenser","OK"
"123.840","A 10C","Putty dispenser","true","true","IMPORTED_NEW","carsystem-putty-dispenser","carsystem-putty-dispenser","OK"
"160.576","Repair Kit: Sealing ring/ white plastic sealing plug","Putty dispenser","true","true","IMPORTED_NEW","carsystem-putty-dispenser","carsystem-putty-dispenser","OK"
"137.435","60 mm","Putty Knife","true","true","IMPORTED_NEW","carsystem-putty-knife","carsystem-putty-knife","OK"
"137.436","80 mm","Putty Knife","true","true","IMPORTED_NEW","carsystem-putty-knife","carsystem-putty-knife","OK"
"137.437","100 mm","Putty Knife","true","true","IMPORTED_NEW","carsystem-putty-knife","carsystem-putty-knife","OK"
"142.206","100 tear-offs / 26 x 22 cm","Putty Mix Board","true","true","IMPORTED_NEW","carsystem-putty-mix-board","carsystem-putty-mix-board","OK"
"159.448","Set of 3 spatulas (90, 105 and 115 mm)","Rubber Spreader Set","true","true","IMPORTED_NEW","carsystem-rubber-spreader-set","carsystem-rubber-spreader-set","OK"
"127.972","1.8 kg tin incl. hardener","Soft","true","true","IMPORTED_NEW","carsystem-soft","carsystem-soft","OK"
"132.116","2.6 kg cartridge incl. hardener","Soft","true","true","IMPORTED_NEW","carsystem-soft","carsystem-soft","OK"
"143.347","Speedmixer 10 kg","Speedmixer 10 kg","true","true","IMPORTED_NEW","carsystem-speedmixer-10-kg","carsystem-speedmixer-10-kg","OK"
"146.955","Mixing nozzles / yellow / XL (pack of 100 pcs.)","Speedmixer 10 kg","true","true","IMPORTED_NEW","carsystem-speedmixer-10-kg","carsystem-speedmixer-10-kg","OK"
"143.810","Elastic weiss / very slow / 10 kg cartridge incl. hardener","Speedmixer 10 kg","true","true","IMPORTED_NEW","carsystem-speedmixer-10-kg","carsystem-speedmixer-10-kg","OK"
"144.131","Multi/ beige/ 9,63 kg cartridge incl. hardener","Speedmixer 10 kg","true","true","IMPORTED_NEW","carsystem-speedmixer-10-kg","carsystem-speedmixer-10-kg","OK"
"143.205","Multi/ slow/ beige/ 9,61 kg cartridge incl. hardener","Speedmixer 10 kg","true","true","IMPORTED_NEW","carsystem-speedmixer-10-kg","carsystem-speedmixer-10-kg","OK"
"145.419","Multi/ very slow/ beige/ 9,61 kg cartridge incl. hardener","Speedmixer 10 kg","true","true","IMPORTED_NEW","carsystem-speedmixer-10-kg","carsystem-speedmixer-10-kg","OK"
"146.808","Multi Light/ slow/ beige/ 6,94 kg cartridge incl. hardener","Speedmixer 10 kg","true","true","IMPORTED_NEW","carsystem-speedmixer-10-kg","carsystem-speedmixer-10-kg","OK"
"147.451","Multi Light/ super slow/ beige/ 6,94 kg cartridge incl. hardener","Speedmixer 10 kg","true","true","IMPORTED_NEW","carsystem-speedmixer-10-kg","carsystem-speedmixer-10-kg","OK"
"149.614","Multi Green/ slow/ green/ 8,18 kg cartridge incl. hardener","Speedmixer 10 kg","true","true","IMPORTED_NEW","carsystem-speedmixer-10-kg","carsystem-speedmixer-10-kg","OK"
"151.017","Speedmixer 3 kg","Speedmixer 3 kg","true","true","IMPORTED_NEW","carsystem-speedmixer-3-kg","carsystem-speedmixer-3-kg","OK"
"146.427","Mixing nozzles green (pack of 100 pcs.)","Speedmixer 3 kg","true","true","IMPORTED_NEW","carsystem-speedmixer-3-kg","carsystem-speedmixer-3-kg","OK"
"152.088","Multi Green slow - Speedmixer / green / 2,523 kg cartridge inkl. hardener","Speedmixer 3 kg","true","true","IMPORTED_NEW","carsystem-speedmixer-3-kg","carsystem-speedmixer-3-kg","OK"
"135.597","1.5 kg tin incl. hardener","Spray Plus","true","true","IMPORTED_NEW","carsystem-spray-plus","carsystem-spray-plus","OK"
"127.978","1.5 kg tin incl. hardener","Spray","true","true","IMPORTED_NEW","carsystem-spray","carsystem-spray","OK"
"124.315","1.0 l tin","Spray Thinner","true","true","IMPORTED_NEW","carsystem-spray-thinner","carsystem-spray-thinner","OK"
"138.587","0.9 kg tin incl. hardener","Steel","true","true","IMPORTED_NEW","carsystem-steel","carsystem-steel","OK"
