finalStatus,officialName,officialSubtitle,officialSourceUrl,cataloguePresence,websitePresence,articleNumbers,newFlag,newInCatalogue,newOnWebsite,localSlug,reason,conflicts
"IMPORTED_NEW","Classicline Soft Pad","Foam abrasive - 140 x 115 mm","https://www.carsystem.org/en/products/detail/abrasives/classicline-soft-pad-foam-abrasive-140-x-115-mm","true","true","138.924 138.925 138.926 138.927","false","false","false","carsystem-classicline-soft-pad","Uvezen kao carsystem-classicline-soft-pad.",""
"IMPORTED_NEW","Control-Spray","Sanding control spray","https://www.carsystem.org/en/products/detail/abrasives/control-spray-sanding-control-spray","true","true","125.779","false","false","false","carsystem-control-spray","Uvezen kao carsystem-control-spray.",""
"IMPORTED_NEW","Double Sanding Soft Pad","Foam abrasive - 120 x 98 x 13 mm","https://www.carsystem.org/en/products/detail/abrasives/double-sanding-soft-pad-foam-abrasive-120-x-98-x-13-mm","true","true","160.183 160.185 160.186","false","false","false","carsystem-double-sanding-soft-pad","Uvezen kao carsystem-double-sanding-soft-pad.",""
"IMPORTED_NEW","Dry Coat 2.0","Sanding control system","https://www.carsystem.org/en/products/detail/abrasives/dry-coat-20-sanding-control-system","true","true","158.487 158.488 158.489 158.490","false","false","false","carsystem-dry-coat-2-0","Uvezen kao carsystem-dry-coat-2-0.",""
"IMPORTED_NEW","Excenter Back Pad Multi M","Back pad - 150 mm","https://www.carsystem.org/en/products/detail/abrasives/excenter-back-pad-multi-m-back-pad-150-mm","true","true","156.570","false","false","false","carsystem-excenter-back-pad-multi-m","Uvezen kao carsystem-excenter-back-pad-multi-m.",""
"IMPORTED_NEW","Excenter Back Pad T.19","Back pad - 150 mm","https://www.carsystem.org/en/products/detail/abrasives/excenter-back-pad-t19-back-pad-150-mm","true","true","156.564 156.227 156.563","false","false","false","carsystem-excenter-back-pad-t-19","Uvezen kao carsystem-excenter-back-pad-t-19.",""
"IMPORTED_NEW","Excenter Classic","Random orbital sander, pneumatic","https://www.carsystem.org/en/products/detail/abrasives/excenter-classic-random-orbital-sander-pneumatic","true","true","139.653","false","false","false","carsystem-excenter-classic","Uvezen kao carsystem-excenter-classic.",""
"IMPORTED_NEW","Fine Block","Fine sanding block","https://www.carsystem.org/en/products/detail/abrasives/fine-block-fine-sanding-block","true","true","140.979 140.980 140.981 140.982","false","false","false","carsystem-fine-block","Uvezen kao carsystem-fine-block.",""
"IMPORTED_NEW","Finish Sander Back Pad","Back pad - 77 mm","https://www.carsystem.org/en/products/detail/abrasives/finish-sander-back-pad-back-pad-77-mm","true","true","144.917","false","false","false","carsystem-finish-sander-back-pad","Uvezen kao carsystem-finish-sander-back-pad.",""
"IMPORTED_NEW","Finish Sander RC 9332","Random orbital sander 75 mm, pneumatic","https://www.carsystem.org/en/products/detail/abrasives/finish-sander-rc-9332-random-orbital-sander-75-mm-pneumatic","true","true","143.388","false","false","false","carsystem-finish-sander-rc-9332","Uvezen kao carsystem-finish-sander-rc-9332.",""
"IMPORTED_NEW","Grip To Stick Interface Pad","Interface pad - Ø 30 mm","https://www.carsystem.org/en/products/detail/abrasives/grip-to-stick-interface-pad-interface-pad-oe-30-mm","true","true","159.677","false","false","false","carsystem-grip-to-stick-interface-pad","Uvezen kao carsystem-grip-to-stick-interface-pad.",""
"IMPORTED_NEW","Interface Pad","Interface pad - 150 mm","https://www.carsystem.org/en/products/detail/abrasives/interface-pad-interface-pad-150-mm","true","true","156.225 156.226","false","false","false","carsystem-interface-pad","Uvezen kao carsystem-interface-pad.",""
"IMPORTED_NEW","Mini Back Pad","Finish back pad","https://www.carsystem.org/en/products/detail/abrasives/mini-back-pad-finish-back-pad","true","true","144.768 144.769","false","false","false","carsystem-mini-back-pad","Uvezen kao carsystem-mini-back-pad.",""
"IMPORTED_NEW","Pad Saver","Interface pad - 150 mm","https://www.carsystem.org/en/products/detail/abrasives/pad-saver-interface-pad-150-mm","true","true","154.099","false","false","false","carsystem-pad-saver","Uvezen kao carsystem-pad-saver.",""
"IMPORTED_NEW","Paint Planer","Paint planer and holder","https://www.carsystem.org/en/products/detail/abrasives/paint-planer-paint-planer-and-holder","true","true","142.995 142.996","false","false","false","carsystem-paint-planer","Uvezen kao carsystem-paint-planer.",""
"IMPORTED_NEW","Prep-Brush","Special brush","https://www.carsystem.org/en/products/detail/abrasives/prep-brush-special-brush","true","true","159.696","false","false","false","carsystem-prep-brush","Uvezen kao carsystem-prep-brush.",""
"IMPORTED_NEW","Prep & Scuff","Matting paste","https://www.carsystem.org/en/products/detail/abrasives/prep-scuff-matting-paste","true","true","137.547 137.779","false","false","false","carsystem-prep-scuff","Uvezen kao carsystem-prep-scuff.","VARIANT_ONLY_IN_CATALOGUE"
"IMPORTED_NEW","ProFlex Back Pad PSA","Back pad - 30 mm","https://www.carsystem.org/en/products/detail/abrasives/proflex-back-pad-psa-back-pad-30-mm","true","true","155.153","false","false","false","carsystem-proflex-back-pad-psa","Uvezen kao carsystem-proflex-back-pad-psa.",""
"IMPORTED_NEW","ProFlex Callisto","Foam abrasive - 150 mm","https://www.carsystem.org/en/products/detail/abrasives/proflex-callisto-foam-abrasive-150-mm","true","true","158.797 159.301","false","false","false","carsystem-proflex-callisto-150-mm","Uvezen kao carsystem-proflex-callisto-150-mm.",""
"IMPORTED_NEW","ProFlex Callisto","Foam abrasive - 33 mm","https://www.carsystem.org/en/products/detail/abrasives/proflex-callisto-foam-abrasive-33-mm","true","true","158.793 159.299","false","false","false","carsystem-proflex-callisto-33-mm","Uvezen kao carsystem-proflex-callisto-33-mm.",""
"IMPORTED_NEW","ProFlex Callisto","Foam abrasive - 77 mm","https://www.carsystem.org/en/products/detail/abrasives/proflex-callisto-foam-abrasive-77-mm","true","true","158.795 159.300","false","false","false","carsystem-proflex-callisto-77-mm","Uvezen kao carsystem-proflex-callisto-77-mm.",""
"IMPORTED_NEW","ProFlex Hydra","Foam abrasive - Ø 152 mm","https://www.carsystem.org/en/products/detail/abrasives/proflex-hydra-foam-abrasive-oe-152-mm","true","true","159.463","false","false","false","carsystem-proflex-hydra-152-mm","Uvezen kao carsystem-proflex-hydra-152-mm.",""
"IMPORTED_NEW","ProFlex Hydra","Foam abrasive - Ø 75 mm","https://www.carsystem.org/en/products/detail/abrasives/proflex-hydra-foam-abrasive-oe-75-mm","true","true","159.461","false","false","false","carsystem-proflex-hydra-75-mm","Uvezen kao carsystem-proflex-hydra-75-mm.",""
"IMPORTED_NEW","ProFlex Interface Pad Finish","Interface pad - 150 mm - 15 holes","https://www.carsystem.org/en/products/detail/abrasives/proflex-interface-pad-finish-interface-pad-150-mm-15-holes","true","true","159.078","false","false","false","carsystem-proflex-interface-pad-finish-150-mm-15-holes","Uvezen kao carsystem-proflex-interface-pad-finish-150-mm-15-holes.",""
"IMPORTED_NEW","ProFlex Interface Pad Finish","Interface pad - 75 mm","https://www.carsystem.org/en/products/detail/abrasives/proflex-interface-pad-finish-interface-pad-75-mm","true","true","159.079","false","false","false","carsystem-proflex-interface-pad-finish-75-mm","Uvezen kao carsystem-proflex-interface-pad-finish-75-mm.",""
"IMPORTED_NEW","ProFlex Interface Pad","Interface pad - 150 mm - 15 holes","https://www.carsystem.org/en/products/detail/abrasives/proflex-interface-pad-interface-pad-150-mm-15-holes","true","true","154.295 154.193 155.100","false","false","false","carsystem-proflex-interface-pad-150-mm-15-holes","Uvezen kao carsystem-proflex-interface-pad-150-mm-15-holes.",""
"IMPORTED_NEW","ProFlex Interface Pad","Interface pad - 30 mm","https://www.carsystem.org/en/products/detail/abrasives/proflex-interface-pad-interface-pad-30-mm","true","true","157.137","false","false","false","carsystem-proflex-interface-pad-30-mm","Uvezen kao carsystem-proflex-interface-pad-30-mm.",""
"IMPORTED_NEW","ProFlex Interface Pad","Interface pad - 75 mm","https://www.carsystem.org/en/products/detail/abrasives/proflex-interface-pad-interface-pad-75-mm","true","true","154.296 154.194 155.098","false","false","false","carsystem-proflex-interface-pad-75-mm","Uvezen kao carsystem-proflex-interface-pad-75-mm.",""
"IMPORTED_NEW","ProFlex Jupiter","Film abrasive - 152 mm","https://www.carsystem.org/en/products/detail/abrasives/proflex-jupiter-film-abrasive-152-mm","true","true","154.660 154.661 154.662 154.663","false","false","false","carsystem-proflex-jupiter-152-mm","Uvezen kao carsystem-proflex-jupiter-152-mm.",""
"IMPORTED_NEW","ProFlex Jupiter","Film abrasive - 152 mm - 15 holes","https://www.carsystem.org/en/products/detail/abrasives/proflex-jupiter-film-abrasive-152-mm-15-holes","true","true","154.449 154.450 154.451 154.452 154.453 153.469 153.470 153.471 156.939","false","false","false","carsystem-proflex-jupiter-152-mm-15-holes","Uvezen kao carsystem-proflex-jupiter-152-mm-15-holes.",""
"IMPORTED_NEW","ProFlex Jupiter","Film abrasive - 75 mm","https://www.carsystem.org/en/products/detail/abrasives/proflex-jupiter-film-abrasive-75-mm","true","true","154.444 154.445 154.446 154.447 154.448 153.466 153.467 153.468 156.946","false","false","false","carsystem-proflex-jupiter-75-mm","Uvezen kao carsystem-proflex-jupiter-75-mm.",""
"IMPORTED_NEW","ProFlex Jupiter Soft","Film abrasive - 152 mm - Multi hole","https://www.carsystem.org/en/products/detail/abrasives/proflex-jupiter-soft-film-abrasive-152-mm-multi-hole","true","true","156.509 156.510 156.511 156.512 156.513 156.514","false","false","false","carsystem-proflex-jupiter-soft-152-mm","Uvezen kao carsystem-proflex-jupiter-soft-152-mm.",""
"IMPORTED_NEW","ProFlex Jupiter Soft","Film abrasive - 75 mm - multihole","https://www.carsystem.org/en/products/detail/abrasives/proflex-jupiter-soft-film-abrasive-75-mm-multihole","false","true","156.522 156.523","false","false","false","carsystem-proflex-jupiter-soft-75-mm","Uvezen kao carsystem-proflex-jupiter-soft-75-mm.",""
"IMPORTED_NEW","ProFlex Jupiter Soft H2O","Film abrasive - 152 mm - Multi hole","https://www.carsystem.org/en/products/detail/abrasives/proflex-jupiter-soft-h2o-film-abrasive-152-mm-multi-hole","true","true","156.515 156.516 156.517","false","false","false","carsystem-proflex-jupiter-soft-h2o-152-mm","Uvezen kao carsystem-proflex-jupiter-soft-h2o-152-mm.",""
"IMPORTED_NEW","ProFlex Jupiter Soft H2O","Film abrasive - 77 mm - Multihole","https://www.carsystem.org/en/products/detail/abrasives/proflex-jupiter-soft-h2o-film-abrasive-77-mm-multihole","true","true","156.524 156.525 156.526","false","false","false","carsystem-proflex-jupiter-soft-h2o-77-mm","Uvezen kao carsystem-proflex-jupiter-soft-h2o-77-mm.",""
"IMPORTED_NEW","ProFlex Mercury","Film abrasive - 29 x 35 mm","https://www.carsystem.org/en/products/detail/abrasives/proflex-mercury-film-abrasive-29-x-35-mm","true","true","154.437 153.460 153.461 153.462","false","false","false","carsystem-proflex-mercury","Uvezen kao carsystem-proflex-mercury.",""
"IMPORTED_NEW","ProFlex Mercury Sanding Block","Sanding block - 27 x 33 x 15 mm","https://www.carsystem.org/en/products/detail/abrasives/proflex-mercury-sanding-block-sanding-block-27-x-33-x-15-mm","true","true","156.555 154.173","false","false","false","carsystem-proflex-mercury-sanding-block","Uvezen kao carsystem-proflex-mercury-sanding-block.",""
"IMPORTED_NEW","ProFlex Neptune","Film abrasive - 130 x 170 mm","https://www.carsystem.org/en/products/detail/abrasives/proflex-neptune-film-abrasive-130-x-170-mm","true","true","153.472 153.473 154.454 154.455 153.474","false","false","false","carsystem-proflex-neptune","Uvezen kao carsystem-proflex-neptune.",""
"IMPORTED_NEW","ProFlex Neptune Pad MaxGrip","Hand pad - 120 x 75 x 6 mm - multihole","https://www.carsystem.org/en/products/detail/abrasives/proflex-neptune-pad-maxgrip-hand-pad-120-x-75-x-6-mm-multihole","true","true","158.097","false","false","false","carsystem-proflex-neptune-pad-maxgrip","Uvezen kao carsystem-proflex-neptune-pad-maxgrip.",""
"IMPORTED_NEW","ProFlex Neptune Soft","Film abrasive - 130 x 85 mm - Multihole","https://www.carsystem.org/en/products/detail/abrasives/proflex-neptune-soft-film-abrasive-130-x-85-mm-multihole","true","true","157.791 157.792 157.794","false","false","false","carsystem-proflex-neptune-soft","Uvezen kao carsystem-proflex-neptune-soft.",""
"IMPORTED_NEW","ProFlex Pluto","Film abrasive - 34 mm","https://www.carsystem.org/en/products/detail/abrasives/proflex-pluto-film-abrasive-34-mm","true","true","154.428 154.429 154.430 154.431 154.432 154.433","false","false","false","carsystem-proflex-pluto","Uvezen kao carsystem-proflex-pluto.",""
"IMPORTED_NEW","ProFlex Pluto Sanding Block","Sanding block","https://www.carsystem.org/en/products/detail/abrasives/proflex-pluto-sanding-block-sanding-block","true","true","156.557 156.556","false","false","false","carsystem-proflex-pluto-sanding-block","Uvezen kao carsystem-proflex-pluto-sanding-block.",""
"IMPORTED_NEW","ProFlex Styx","Film abrasive - Ø 32 mm","https://www.carsystem.org/en/products/detail/abrasives/proflex-styx-film-abrasive-oe-32-mm","true","true","159.738 159.739","false","false","false","carsystem-proflex-styx","Uvezen kao carsystem-proflex-styx.",""
"IMPORTED_NEW","RUPES Back Pad","Back pad - 150 mm","https://www.carsystem.org/en/products/detail/abrasives/rupes-back-pad-back-pad-150-mm","true","true","158.291 158.292","false","false","false","carsystem-rupes-back-pad","Uvezen kao carsystem-rupes-back-pad.",""
"IMPORTED_NEW","RUPES Ibrid Nano","Battery operated mini sanding and polishing machine","https://www.carsystem.org/en/products/detail/abrasives/rupes-ibrid-nano-battery-operated-mini-sanding-and-polishing-machine","true","true","157.318 157.319 158.370 157.718 157.717 157.784 157.785 157.786 157.787 157.788","false","false","false","carsystem-rupes-ibrid-nano","Uvezen kao carsystem-rupes-ibrid-nano.",""
"IMPORTED_NEW","RUPES Ibrid Nano Q-MAQ","Battery operated mini sanding and polishing machine","https://www.carsystem.org/en/products/detail/abrasives/rupes-ibrid-nano-q-maq-battery-operated-mini-sanding-and-polishing-machine","true","true","157.320 157.644","false","false","false","carsystem-rupes-ibrid-nano-q-maq","Uvezen kao carsystem-rupes-ibrid-nano-q-maq.",""
"IMPORTED_NEW","RUPES Mini Random Orbital Sander LD30","Mini random orbital sander, pneumatic","https://www.carsystem.org/en/products/detail/abrasives/rupes-mini-random-orbital-sander-ld30-mini-random-orbital-sander-pneumatic","false","true","157.330","false","false","false","carsystem-rupes-mini-random-orbital-sander-ld30","Uvezen kao carsystem-rupes-mini-random-orbital-sander-ld30.",""
"IMPORTED_NEW","RUPES Orbital Sander RE21ALN","Orbital sander, pneumatic","https://www.carsystem.org/en/products/detail/abrasives/rupes-orbital-sander-re21aln-orbital-sander-pneumatic","true","true","157.454 157.558","false","false","false","carsystem-rupes-orbital-sander-re21aln","Uvezen kao carsystem-rupes-orbital-sander-re21aln.",""
"IMPORTED_NEW","RUPES Orbital Sander SL42AES","Orbital sander, electric","https://www.carsystem.org/en/products/detail/abrasives/rupes-orbital-sander-sl42aes-orbital-sander-electric","true","true","157.329","false","false","false","carsystem-rupes-orbital-sander-sl42aes","Uvezen kao carsystem-rupes-orbital-sander-sl42aes.",""
"IMPORTED_NEW","RUPES Orbital Sander SLP41A","Orbital sander, pneumatic","https://www.carsystem.org/en/products/detail/abrasives/rupes-orbital-sander-slp41a-orbital-sander-pneumatic","true","true","157.337 157.559","false","false","false","carsystem-rupes-orbital-sander-slp41a","Uvezen kao carsystem-rupes-orbital-sander-slp41a.",""
"IMPORTED_NEW","RUPES Random Orbital Sander ER","Random orbital sander, electric","https://www.carsystem.org/en/products/detail/abrasives/rupes-random-orbital-sander-er-random-orbital-sander-electric","false","true","158.283 158.284","false","false","false","carsystem-rupes-random-orbital-sander-er","Uvezen kao carsystem-rupes-random-orbital-sander-er.",""
"IMPORTED_NEW","RUPES Random Orbital Sander TA50","Random orbital sander, pneumatic","https://www.carsystem.org/en/products/detail/abrasives/rupes-random-orbital-sander-ta50-random-orbital-sander-pneumatic","false","true","157.338 159.007","false","false","false","carsystem-rupes-random-orbital-sander-ta50","Uvezen kao carsystem-rupes-random-orbital-sander-ta50.",""
"IMPORTED_NEW","RUPES Random Orbital Single-Hand Sander RA75","Random orbital sander, pneumatic","https://www.carsystem.org/en/products/detail/abrasives/rupes-random-orbital-single-hand-sander-ra75-random-orbital-sander-pneumatic","true","true","157.333 147.663","false","false","false","carsystem-rupes-random-orbital-single-hand-sander-ra75","Uvezen kao carsystem-rupes-random-orbital-single-hand-sander-ra75.",""
"IMPORTED_NEW","RUPES Skorpio E RX","Random orbital sander, electric","https://www.carsystem.org/en/products/detail/abrasives/rupes-skorpio-e-rx-random-orbital-sander-electric","true","true","157.326 157.328","false","false","false","carsystem-rupes-skorpio-e-rx","Uvezen kao carsystem-rupes-skorpio-e-rx.",""
"IMPORTED_NEW","RUPES Skorpio III RH","Random orbital sander, pneumatic","https://www.carsystem.org/en/products/detail/abrasives/rupes-skorpio-iii-rh-random-orbital-sander-pneumatic","true","true","157.334 157.335","false","false","false","carsystem-rupes-skorpio-iii-rh","Uvezen kao carsystem-rupes-skorpio-iii-rh.",""
"IMPORTED_NEW","Sanding Block 100 2.0","Hand sanding – Velcro®","https://www.carsystem.org/en/products/detail/abrasives/sanding-block-100-20-hand-sanding-velcror","true","true","160.224","true","true","true","carsystem-sanding-block-100-2-0","Uvezen kao carsystem-sanding-block-100-2-0.",""
"IMPORTED_NEW","Sanding Block 198 2.0","Hand sanding - Velcro®","https://www.carsystem.org/en/products/detail/abrasives/sanding-block-198-20-hand-sanding-velcror","true","true","159.535","false","false","false","carsystem-sanding-block-198-2-0","Uvezen kao carsystem-sanding-block-198-2-0.",""
"IMPORTED_NEW","Sanding Block 198 Kit","Hand sanding block set - Velcro®","https://www.carsystem.org/en/products/detail/abrasives/sanding-block-198-kit-hand-sanding-block-set-velcror","true","true","148.702","false","false","false","carsystem-sanding-block-198-kit","Uvezen kao carsystem-sanding-block-198-kit.",""
"IMPORTED_NEW","Sanding Block 300 + 100","Hand sanding block -Velcro®","https://www.carsystem.org/en/products/detail/abrasives/sanding-block-300-100-hand-sanding-block-velcror","true","true","160.172 159.571","true","true","true","carsystem-sanding-block-300-100","Uvezen kao carsystem-sanding-block-300-100.",""
"IMPORTED_NEW","Sanding Block 400 2.0","Hand sanding block 400 2.0","https://www.carsystem.org/en/products/detail/abrasives/sanding-block-400-20-hand-sanding-block-400-20","true","true","159.534","false","false","false","carsystem-sanding-block-400-2-0","Uvezen kao carsystem-sanding-block-400-2-0.",""
"IMPORTED_NEW","Sanding Block 400 Grip Flex","Hand sanding block - Velcro®","https://www.carsystem.org/en/products/detail/abrasives/sanding-block-400-grip-flex-hand-sanding-block-velcror","true","true","150.088","false","false","false","carsystem-sanding-block-400-grip-flex","Uvezen kao carsystem-sanding-block-400-grip-flex.",""
"IMPORTED_NEW","Sanding Block Disc Kit 150","Hand sanding block set - Velcro®","https://www.carsystem.org/en/products/detail/abrasives/sanding-block-disc-kit-150-hand-sanding-block-set-velcror","true","true","151.904","false","false","false","carsystem-sanding-block-disc-kit-150","Uvezen kao carsystem-sanding-block-disc-kit-150.",""
"IMPORTED_NEW","Sanding Block Grip Box","Hand sanding blocks - Velcro®","https://www.carsystem.org/en/products/detail/abrasives/sanding-block-grip-box-hand-sanding-blocks-velcror","true","true","142.009","false","false","false","carsystem-sanding-block-grip-box","Uvezen kao carsystem-sanding-block-grip-box.",""
"IMPORTED_NEW","Sanding Block Grip","Hand sanding block - Velcro®","https://www.carsystem.org/en/products/detail/abrasives/sanding-block-grip-hand-sanding-block-velcror","true","true","137.439","false","false","false","carsystem-sanding-block-grip","Uvezen kao carsystem-sanding-block-grip.",""
"IMPORTED_NEW","Sanding Block Hard","Hand sanding block - hard","https://www.carsystem.org/en/products/detail/abrasives/sanding-block-hard-hand-sanding-block-hard","true","true","137.431","false","false","false","carsystem-sanding-block-hard","Uvezen kao carsystem-sanding-block-hard.",""
"MATCHED_EXISTING","Sanding Disc F.19","Film abrasive - 150 mm - 25 holes","https://www.carsystem.org/en/products/detail/abrasives/sanding-disc-f19-film-abrasive-150-mm-25-holes","true","true","156.046 156.048 156.049 156.050 156.051 156.052 156.054 156.055 156.056 156.057 156.058 156.059","false","false","false","carsystem-f19-brusni-diskovi","Već postoji kao ručni zapis „carsystem-f19-brusni-diskovi”.",""
"IMPORTED_NEW","Sanding Disc F.19","Film abrasive - 77 mm","https://www.carsystem.org/en/products/detail/abrasives/sanding-disc-f19-film-abrasive-77-mm","true","true","156.647 156.648 156.649 156.650 156.651 156.652 156.653 156.654 156.655 156.903","false","false","false","carsystem-sanding-disc-f-19-77-mm","Uvezen kao carsystem-sanding-disc-f-19-77-mm.",""
"MATCHED_EXISTING","Sanding Disc F.19 Finish","Film abrasive - 152 mm - 15 holes","https://www.carsystem.org/en/products/detail/abrasives/sanding-disc-f19-finish-film-abrasive-152-mm-15-holes","true","true","156.899 156.900 156.901 156.902","false","false","false","carsystem-finish-serija","Već postoji kao ručni zapis „carsystem-finish-serija”.",""
"IMPORTED_NEW","Sanding Disc F.19 Finish","Film abrasive - 77 mm","https://www.carsystem.org/en/products/detail/abrasives/sanding-disc-f19-finish-film-abrasive-77-mm","true","true","156.904 156.905","false","false","false","carsystem-sanding-disc-f-19-finish-77-mm","Uvezen kao carsystem-sanding-disc-f-19-finish-77-mm.",""
"IMPORTED_NEW","Sanding Disc F.19 Soft","Film abrasive - 152 mm - Multi hole","https://www.carsystem.org/en/products/detail/abrasives/sanding-disc-f19-soft-film-abrasive-152-mm-multi-hole","true","true","156.933 156.934 156.935 156.936 156.937","false","false","false","carsystem-sanding-disc-f-19-soft","Uvezen kao carsystem-sanding-disc-f-19-soft.",""
"MATCHED_EXISTING","Sanding Disc F.23 Ceramic","Film abrasive - 150 mm - 25 holes","https://www.carsystem.org/en/products/detail/abrasives/sanding-disc-f23-ceramic-film-abrasive-150-mm-25-holes","true","true","159.218 159.219 159.220 159.221 159.222 159.223 159.224 159.225 159.226","false","false","false","carsystem-f23-brusni-diskovi","Već postoji kao ručni zapis „carsystem-f23-brusni-diskovi”.",""
"MATCHED_EXISTING","Sanding Disc P.19","Paper abrasive - 150 mm - 25 holes","https://www.carsystem.org/en/products/detail/abrasives/sanding-disc-p19-paper-abrasive-150-mm-25-holes","false","true","156.357 156.358 156.359 156.361 156.362 156.363 156.364 156.365 156.367 156.368 156.369 156.370 156.371","false","false","false","carsystem-p19-brusni-diskovi","Već postoji kao ručni zapis „carsystem-p19-brusni-diskovi”.",""
"IMPORTED_NEW","Sanding Disc P.25 Ceramic","Paper abrasive - 150 mm - 25 holes","https://www.carsystem.org/en/products/detail/abrasives/sanding-disc-p25-ceramic-paper-abrasive-150-mm-25-holes","true","true","160.273 160.274 159.995 159.996 159.997 159.998 159.999 160.000 160.002 160.003","true","false","true","carsystem-sanding-disc-p-25-ceramic","Uvezen kao carsystem-sanding-disc-p-25-ceramic.",""
"IMPORTED_NEW","Sanding Fleece V.19","Sanding Fleece - Disc","https://www.carsystem.org/en/products/detail/abrasives/sanding-fleece-v19-sanding-fleece-disc","true","true","156.691 156.690 156.044 156.045","false","false","false","carsystem-sanding-fleece-v-19-disc","Uvezen kao carsystem-sanding-fleece-v-19-disc.",""
"IMPORTED_NEW","Sanding Fleece V.19","Sanding Fleece - Pad - 115 x 230 mm","https://www.carsystem.org/en/products/detail/abrasives/sanding-fleece-v19-sanding-fleece-pad-115-x-230-mm","true","true","156.041 156.042","false","false","false","carsystem-sanding-fleece-v-19-pad-115-x-230-mm","Uvezen kao carsystem-sanding-fleece-v-19-pad-115-x-230-mm.",""
"IMPORTED_NEW","Sanding Fleece V.19","Sanding Fleece - Roll - 115 mm x 10 m","https://www.carsystem.org/en/products/detail/abrasives/sanding-fleece-v19-sanding-fleece-roll-115-mm-x-10-m","true","true","156.039 156.040","false","false","false","carsystem-sanding-fleece-v-19-roll-115-mm-x-10-m","Uvezen kao carsystem-sanding-fleece-v-19-roll-115-mm-x-10-m.",""
"IMPORTED_NEW","Sanding Strips F.23 Ceramic","Film abrasive - Roll - 70 mm x 12 m","https://www.carsystem.org/en/products/detail/abrasives/sanding-strips-f23-ceramic-film-abrasive-roll-70-mm-x-12-m","true","true","159.227 159.228 159.229 159.230 159.231 159.232 159.234 159.235","false","false","false","carsystem-sanding-strips-f-23-ceramic","Uvezen kao carsystem-sanding-strips-f-23-ceramic.",""
"IMPORTED_NEW","Sanding Strips P.25 Ceramic","Paper abrasive - roll - 70 mm x 12 m","https://www.carsystem.org/en/products/detail/abrasives/sanding-strips-p25-ceramic-paper-abrasive-roll-70-mm-x-12-m","true","true","160.408 160.409 160.410 160.411 160.412 160.413","true","true","true","carsystem-sanding-strips-p-25-ceramic","Uvezen kao carsystem-sanding-strips-p-25-ceramic.",""
"IMPORTED_NEW","Sanding Water SW20","Sanding water","https://www.carsystem.org/en/products/detail/abrasives/sanding-water-sw20-sanding-water","true","true","157.446 157.447","false","false","false","carsystem-sanding-water-sw20","Uvezen kao carsystem-sanding-water-sw20.",""
"IMPORTED_NEW","Soft Interface Pad","Interface pad - 150 mm","https://www.carsystem.org/en/products/detail/abrasives/soft-interface-pad-interface-pad-150-mm","true","true","140.585 140.584","false","false","false","carsystem-soft-interface-pad","Uvezen kao carsystem-soft-interface-pad.",""
"IMPORTED_NEW","Soft-Roll","Paper abrasive - Roll - 115 x 125 mm","https://www.carsystem.org/en/products/detail/abrasives/soft-roll-paper-abrasive-roll-115-x-125-mm","true","true","159.422 159.423 159.424 159.425 159.426 159.427 159.428 159.429 159.430","false","false","false","carsystem-soft-roll","Uvezen kao carsystem-soft-roll.",""
"IMPORTED_NEW","Stripping Disc","Raw cleaning disc","https://www.carsystem.org/en/products/detail/abrasives/stripping-disc-raw-cleaning-disc","true","true","127.999 128.000","false","false","false","carsystem-stripping-disc","Uvezen kao carsystem-stripping-disc.",""
"IMPORTED_NEW","Tape Off Disc Premium","Sticker removal disc","https://www.carsystem.org/en/products/detail/abrasives/tape-off-disc-premium-sticker-removal-disc","true","true","152.013","false","false","false","carsystem-tape-off-disc-premium","Uvezen kao carsystem-tape-off-disc-premium.",""
"IMPORTED_NEW","Tape Off Tool","Axial sander","https://www.carsystem.org/en/products/detail/abrasives/tape-off-tool-axial-sander","true","true","133.172","false","false","false","carsystem-tape-off-tool","Uvezen kao carsystem-tape-off-tool.",""
"IMPORTED_NEW","Tec Line Matt Matting Mousse","Matting paste","https://www.carsystem.org/en/products/detail/abrasives/tec-line-matt-matting-mousse-matting-paste","true","true","151.947","false","false","false","carsystem-tec-line-matt-matting-mousse","Uvezen kao carsystem-tec-line-matt-matting-mousse.",""
"IMPORTED_NEW","Tec Line Mattflex Pad","Sanding fleece - Pad - 115 x 230 mm","https://www.carsystem.org/en/products/detail/abrasives/tec-line-mattflex-pad-sanding-fleece-pad-115-x-230-mm","true","true","152.686 157.444 152.687 152.688","false","false","false","carsystem-tec-line-mattflex-pad","Uvezen kao carsystem-tec-line-mattflex-pad.",""
"IMPORTED_NEW","Tec Line Mattflex Premium","Sanding Fleece - Roll - 115 mm x 10 m","https://www.carsystem.org/en/products/detail/abrasives/tec-line-mattflex-premium-sanding-fleece-roll-115-mm-x-10-m","true","true","151.616 151.617","false","false","false","carsystem-tec-line-mattflex-premium","Uvezen kao carsystem-tec-line-mattflex-premium.",""
"IMPORTED_NEW","Tec Line N20","Net sanding strips 70 x 400 mm","https://www.carsystem.org/en/products/detail/abrasives/tec-line-n20-net-sanding-strips-70-x-400-mm","true","true","157.438 157.439 157.440 157.441 157.442 157.443","false","false","false","carsystem-tec-line-n20","Uvezen kao carsystem-tec-line-n20.",""
"IMPORTED_NEW","Tec Line Pro Finish","Net abrasive - 150 mm","https://www.carsystem.org/en/products/detail/abrasives/tec-line-pro-finish-net-abrasive-150-mm","true","true","152.983 152.984 153.256","false","false","false","carsystem-tec-line-pro-finish","Uvezen kao carsystem-tec-line-pro-finish.",""
"IMPORTED_NEW","Tec Line Softflex","Paper abrasive - Roll - 115 x 125 mm","https://www.carsystem.org/en/products/detail/abrasives/tec-line-softflex-paper-abrasive-roll-115-x-125-mm","true","true","152.689 152.690 152.691 152.692 152.693 152.694 152.695 152.696","false","false","false","carsystem-tec-line-softflex","Uvezen kao carsystem-tec-line-softflex.",""
"IMPORTED_NEW","Topline Soft Pad","Foam abrasive - 140 x 115 mm","https://www.carsystem.org/en/products/detail/abrasives/topline-soft-pad-foam-abrasive-140-x-115-mm","true","true","126.251 126.252 126.253 126.254","false","false","false","carsystem-topline-soft-pad","Uvezen kao carsystem-topline-soft-pad.",""
"IMPORTED_NEW","Topline WP S","Paper abrasive - 230 x 280 mm","https://www.carsystem.org/en/products/detail/abrasives/topline-wp-s-paper-abrasive-230-x-280-mm","true","true","136.676 136.677 136.678 136.679 136.680 136.682 136.684 136.685 136.686 136.687 136.688 136.689 136.690 136.691 136.683","false","false","false","carsystem-topline-wp-s","Uvezen kao carsystem-topline-wp-s.","VARIANT_ONLY_IN_CATALOGUE"
"IMPORTED_NEW","Applicator","Applicator","https://www.carsystem.org/en/products/detail/bonding-sealing/applicator-applicator","true","true","139.325","false","false","false","carsystem-applicator","Uvezen kao carsystem-applicator.",""
"IMPORTED_NEW","HS-Acryl Tape","Double-sided adhesive tape","https://www.carsystem.org/en/products/detail/bonding-sealing/hs-acryl-tape-double-sided-adhesive-tape","true","true","147.024 137.072 137.073 137.074","false","false","false","carsystem-hs-acryl-tape","Uvezen kao carsystem-hs-acryl-tape.",""
"IMPORTED_NEW","KS-100","Underbody protection bitumen","https://www.carsystem.org/en/products/detail/bonding-sealing/ks-100-underbody-protection-bitumen","true","true","126.032","false","false","false","carsystem-ks-100","Uvezen kao carsystem-ks-100.",""
"IMPORTED_NEW","KS-1000","Stone chip protection","https://www.carsystem.org/en/products/detail/bonding-sealing/ks-1000-stone-chip-protection","true","true","149.266 149.264 149.265","false","false","false","carsystem-ks-1000","Uvezen kao carsystem-ks-1000.",""
"IMPORTED_NEW","KS-1050","Stone chip protection","https://www.carsystem.org/en/products/detail/bonding-sealing/ks-1050-stone-chip-protection","true","true","126.022 126.023","false","false","false","carsystem-ks-1050","Uvezen kao carsystem-ks-1050.",""
"IMPORTED_NEW","KS-200","Cavity protection","https://www.carsystem.org/en/products/detail/bonding-sealing/ks-200-cavity-protection","true","true","126.062","false","false","false","carsystem-ks-200","Uvezen kao carsystem-ks-200.",""
"IMPORTED_NEW","KS-250","Cavity protection","https://www.carsystem.org/en/products/detail/bonding-sealing/ks-250-cavity-protection","true","true","126.061 159.332","false","false","false","carsystem-ks-250","Uvezen kao carsystem-ks-250.",""
"IMPORTED_NEW","KS-3000 Plus","HS stone chip protection","https://www.carsystem.org/en/products/detail/bonding-sealing/ks-3000-plus-hs-stone-chip-protection","true","true","152.804 152.622","false","false","false","carsystem-ks-3000-plus","Uvezen kao carsystem-ks-3000-plus.",""
"IMPORTED_NEW","KS-300.2","Cavity wax","https://www.carsystem.org/en/products/detail/bonding-sealing/ks-3002-cavity-wax","true","true","160.064","false","false","false","carsystem-ks-300-2","Uvezen kao carsystem-ks-300-2.",""
"IMPORTED_NEW","KS-400","Rust protection wax","https://www.carsystem.org/en/products/detail/bonding-sealing/ks-400-rust-protection-wax","true","true","125.468","false","false","false","carsystem-ks-400","Uvezen kao carsystem-ks-400.",""
"IMPORTED_NEW","KS-4000.2","Stone chip protection - water-based","https://www.carsystem.org/en/products/detail/bonding-sealing/ks-40002-stone-chip-protection-water-based","true","true","160.067","true","true","true","carsystem-ks-4000-2","Uvezen kao carsystem-ks-4000-2.",""
"IMPORTED_NEW","KS-500.2","Underbody protection bitumen","https://www.carsystem.org/en/products/detail/bonding-sealing/ks-5002-underbody-protection-bitumen","true","true","160.065","true","true","true","carsystem-ks-500-2","Uvezen kao carsystem-ks-500-2.",""
"IMPORTED_NEW","KS-50.2","Brushable Seam Sealer","https://www.carsystem.org/en/products/detail/bonding-sealing/ks-502-brushable-seam-sealer","true","true","160.007","false","false","false","carsystem-ks-50-2","Uvezen kao carsystem-ks-50-2.",""
"IMPORTED_NEW","KS-550","Underbody protection bitumen","https://www.carsystem.org/en/products/detail/bonding-sealing/ks-550-underbody-protection-bitumen","true","true","126.029","false","false","false","carsystem-ks-550","Uvezen kao carsystem-ks-550.",""
"IMPORTED_NEW","KS-800","Underbody protection wax","https://www.carsystem.org/en/products/detail/bonding-sealing/ks-800-underbody-protection-wax","true","true","126.095","false","false","false","carsystem-ks-800","Uvezen kao carsystem-ks-800.",""
"IMPORTED_NEW","KS-850","Underbody protection wax","https://www.carsystem.org/en/products/detail/bonding-sealing/ks-850-underbody-protection-wax","true","true","126.094","false","false","false","carsystem-ks-850","Uvezen kao carsystem-ks-850.",""
"IMPORTED_NEW","KS-Brush","Nylon brush","https://www.carsystem.org/en/products/detail/bonding-sealing/ks-brush-nylon-brush","true","true","141.453","false","false","false","carsystem-ks-brush","Uvezen kao carsystem-ks-brush.",""
"IMPORTED_NEW","KS-Dual Gun","Underbody protection gun","https://www.carsystem.org/en/products/detail/bonding-sealing/ks-dual-gun-underbody-protection-gun","true","true","126.040 126.058 126.048","false","false","false","carsystem-ks-dual-gun","Uvezen kao carsystem-ks-dual-gun.",""
"IMPORTED_NEW","KS-Gun","Underbody protection gun","https://www.carsystem.org/en/products/detail/bonding-sealing/ks-gun-underbody-protection-gun","true","true","157.032 142.279 147.956 158.017","false","false","false","carsystem-ks-gun","Uvezen kao carsystem-ks-gun.",""
"IMPORTED_NEW","Mount Tape","Double-sided adhesive tape","https://www.carsystem.org/en/products/detail/bonding-sealing/mount-tape-double-sided-adhesive-tape","true","true","125.712 125.713 125.720","false","false","false","carsystem-mount-tape","Uvezen kao carsystem-mount-tape.",""
"IMPORTED_NEW","MS Air Gun","MS spray gun","https://www.carsystem.org/en/products/detail/bonding-sealing/ms-air-gun-ms-spray-gun","true","true","125.681 131.563 140.075","false","false","false","carsystem-ms-air-gun","Uvezen kao carsystem-ms-air-gun.",""
"IMPORTED_NEW","Power PU Bond","2K PU glue","https://www.carsystem.org/en/products/detail/bonding-sealing/power-pu-bond-2k-pu-glue","true","true","159.952 159.954 159.955","true","true","true","carsystem-power-pu-bond","Uvezen kao carsystem-power-pu-bond.",""
"IMPORTED_NEW","Power PU Bond Film","Backing and supporting film","https://www.carsystem.org/en/products/detail/bonding-sealing/power-pu-bond-film-backing-and-supporting-film","true","true","159.958","false","false","false","carsystem-power-pu-bond-film","Uvezen kao carsystem-power-pu-bond-film.",""
"IMPORTED_NEW","Power PU Bond Gun","2K PU-glue gun","https://www.carsystem.org/en/products/detail/bonding-sealing/power-pu-bond-gun-2k-pu-glue-gun","true","true","140.927","false","false","false","carsystem-power-pu-bond-gun","Uvezen kao carsystem-power-pu-bond-gun.",""
"IMPORTED_NEW","Power PU Bond Mixer","Mixing tube - 25+50 ml","https://www.carsystem.org/en/products/detail/bonding-sealing/power-pu-bond-mixer-mixing-tube-25-50-ml","true","true","159.956","true","true","true","carsystem-power-pu-bond-mixer","Uvezen kao carsystem-power-pu-bond-mixer.",""
"IMPORTED_NEW","Sound Deadening Panels","Sound deadening panels","https://www.carsystem.org/en/products/detail/bonding-sealing/sound-deadening-panels-sound-deadening-panels","true","true","126.055 134.139 134.140","false","false","false","carsystem-sound-deadening-panels","Uvezen kao carsystem-sound-deadening-panels.",""
"IMPORTED_NEW","UNIFLEX Adapter Nozzle","V-Nozzle","https://www.carsystem.org/en/products/detail/bonding-sealing/uniflex-adapter-nozzle-v-nozzle","true","true","149.010","false","false","false","carsystem-uniflex-adapter-nozzle-v-nozzle","Uvezen kao carsystem-uniflex-adapter-nozzle-v-nozzle.",""
"IMPORTED_NEW","UNIFLEX Adapter Nozzle","Wing tip","https://www.carsystem.org/en/products/detail/bonding-sealing/uniflex-adapter-nozzle-wing-tip","true","true","149.009","false","false","false","carsystem-uniflex-adapter-nozzle-wing-tip","Uvezen kao carsystem-uniflex-adapter-nozzle-wing-tip.",""
"IMPORTED_NEW","UNIFLEX Air Gun","Air gun","https://www.carsystem.org/en/products/detail/bonding-sealing/uniflex-air-gun-air-gun","true","true","153.224","false","false","false","carsystem-uniflex-air-gun","Uvezen kao carsystem-uniflex-air-gun.",""
"IMPORTED_NEW","UNIFLEX Glas Fast-Primer","Moisture-curing glass primer","https://www.carsystem.org/en/products/detail/bonding-sealing/uniflex-glas-fast-primer-moisture-curing-glass-primer","true","true","144.036","false","false","false","carsystem-uniflex-glas-fast-primer","Uvezen kao carsystem-uniflex-glas-fast-primer.",""
"IMPORTED_NEW","UNIFLEX Glas","Glass bonding glue","https://www.carsystem.org/en/products/detail/bonding-sealing/uniflex-glas-glass-bonding-glue","true","true","148.927","false","false","false","carsystem-uniflex-glas","Uvezen kao carsystem-uniflex-glas.",""
"IMPORTED_NEW","UNIFLEX Glas HM","Glass bonding glue - High modulus - Non-conductive","https://www.carsystem.org/en/products/detail/bonding-sealing/uniflex-glas-hm-glass-bonding-glue-high-modulus-non-conductive","true","true","148.928","false","false","false","carsystem-uniflex-glas-hm","Uvezen kao carsystem-uniflex-glas-hm.",""
"IMPORTED_NEW","UNIFLEX Gun","Manual gun","https://www.carsystem.org/en/products/detail/bonding-sealing/uniflex-gun-manual-gun","true","true","135.108 139.286","false","false","false","carsystem-uniflex-gun","Uvezen kao carsystem-uniflex-gun.",""
"IMPORTED_NEW","UNIFLEX MS","Sprayable seam sealer","https://www.carsystem.org/en/products/detail/bonding-sealing/uniflex-ms-sprayable-seam-sealer","true","true","160.133 159.108 160.132","false","false","false","carsystem-uniflex-ms","Uvezen kao carsystem-uniflex-ms.",""
"IMPORTED_NEW","UNIFLEX Nozzle","Spare nozzles","https://www.carsystem.org/en/products/detail/bonding-sealing/uniflex-nozzle-spare-nozzles","true","true","150.292 155.241","false","false","false","carsystem-uniflex-nozzle","Uvezen kao carsystem-uniflex-nozzle.",""
"IMPORTED_NEW","UNIFLEX PU","Bonding and sealing compound","https://www.carsystem.org/en/products/detail/bonding-sealing/uniflex-pu-bonding-and-sealing-compound","true","true","159.160 159.161 159.162","false","false","false","carsystem-uniflex-pu","Uvezen kao carsystem-uniflex-pu.",""
"CATALOGUE_ONLY_NOT_ON_CURRENT_WEBSITE","CAR CLEAN MULTI II","Cleaning cloth","https://www.carsystem.org/fileadmin/CS-Kataloge-2026/Carsystem-product-catalogue-HQ-2026-27-EN.pdf#page=89","true","false","160.515","true","true","false","","U katalogu je, ali nema stranicu na carsystem.org (nema zvanične slike ni opisa).","NO_PRODUCT_PAGE"
"CATALOGUE_ONLY_NOT_ON_CURRENT_WEBSITE","CLASSIC COVERALL PANTS KNEEPADFIT","Protective coverall pants - Kneepad pocket","https://www.carsystem.org/fileadmin/CS-Kataloge-2026/Carsystem-product-catalogue-HQ-2026-27-EN.pdf#page=94","true","false","160.596 160.597 160.598 160.599 160.600 160.601","true","true","false","","U katalogu je, ali nema stranicu na carsystem.org (nema zvanične slike ni opisa).","NO_PRODUCT_PAGE"
"CATALOGUE_ONLY_NOT_ON_CURRENT_WEBSITE","ERLKING LTD. 2-PIECE COVERALL","Protective Coverall","https://www.carsystem.org/fileadmin/CS-Kataloge-2026/Carsystem-product-catalogue-HQ-2026-27-EN.pdf#page=93","true","false","160.663 160.669 160.664 160.670 160.665 160.671 160.666 160.672 160.667 160.673 160.668 160.674","true","true","false","","U katalogu je, ali nema stranicu na carsystem.org (nema zvanične slike ni opisa).","NO_PRODUCT_PAGE"
"IMPORTED_NEW","Car Clean Double Blue","Paper cleaning cloth","https://www.carsystem.org/en/products/detail/cleaning/car-clean-double-blue-paper-cleaning-cloth","true","true","134.580","false","false","false","carsystem-car-clean-double-blue","Uvezen kao carsystem-car-clean-double-blue.",""
"IMPORTED_NEW","Car Clean Double White","Paper cleaning cloth","https://www.carsystem.org/en/products/detail/cleaning/car-clean-double-white-paper-cleaning-cloth","true","true","141.253","false","false","false","carsystem-car-clean-double-white","Uvezen kao carsystem-car-clean-double-white.",""
"IMPORTED_NEW","Car Clean Multi","Cleaning cloth","https://www.carsystem.org/en/products/detail/cleaning/car-clean-multi-cleaning-cloth","true","true","134.577","false","false","false","carsystem-car-clean-multi","Uvezen kao carsystem-car-clean-multi.",""
"IMPORTED_NEW","Car Clean Multi Extreme Box","Cellulose cleaning cloth","https://www.carsystem.org/en/products/detail/cleaning/car-clean-multi-extreme-box-cellulose-cleaning-cloth","true","true","142.765","false","false","false","carsystem-car-clean-multi-extreme-box","Uvezen kao carsystem-car-clean-multi-extreme-box.",""
"IMPORTED_NEW","Car Clean Triple Blue","Paper cleaning cloth","https://www.carsystem.org/en/products/detail/cleaning/car-clean-triple-blue-paper-cleaning-cloth","true","true","134.578 134.579","false","false","false","carsystem-car-clean-triple-blue","Uvezen kao carsystem-car-clean-triple-blue.",""
"IMPORTED_NEW","Cleaning wipes","Cleaning wipes","https://www.carsystem.org/en/products/detail/cleaning/cleaning-wipes-cleaning-wipes","true","true","156.458","false","false","false","carsystem-cleaning-wipes","Uvezen kao carsystem-cleaning-wipes.",""
"IMPORTED_NEW","Cockpit-Spray","Cleaning spray","https://www.carsystem.org/en/products/detail/cleaning/cockpit-spray-cleaning-spray","true","true","126.020","false","false","false","carsystem-cockpit-spray","Uvezen kao carsystem-cockpit-spray.",""
"IMPORTED_NEW","Coding Caps","Colour code rings","https://www.carsystem.org/en/products/detail/cleaning/coding-caps-colour-code-rings","true","true","152.642","false","false","false","carsystem-coding-caps","Uvezen kao carsystem-coding-caps.",""
"IMPORTED_NEW","Finish Clay","Cleaning clay","https://www.carsystem.org/en/products/detail/cleaning/finish-clay-cleaning-clay","true","true","147.468","false","false","false","carsystem-finish-clay","Uvezen kao carsystem-finish-clay.",""
"IMPORTED_NEW","Gun Clean Set","Gun cleaning set","https://www.carsystem.org/en/products/detail/cleaning/gun-clean-set-gun-cleaning-set","true","true","157.520","false","false","false","carsystem-gun-clean-set","Uvezen kao carsystem-gun-clean-set.",""
"IMPORTED_NEW","H₂O Cleaner","Cleaner","https://www.carsystem.org/en/products/detail/cleaning/h2o-cleaner-cleaner","true","true","151.953","false","false","false","carsystem-h2o-cleaner","Uvezen kao carsystem-h2o-cleaner.",""
"IMPORTED_NEW","ISO-VE 7030","Isopropanol cleaner","https://www.carsystem.org/en/products/detail/cleaning/iso-ve-7030-isopropanol-cleaner","true","true","154.034 157.345","false","false","false","carsystem-iso-ve-7030","Uvezen kao carsystem-iso-ve-7030.",""
"IMPORTED_NEW","Multi Cleaning wipes","Cleaning wipes","https://www.carsystem.org/en/products/detail/cleaning/multi-cleaning-wipes-cleaning-wipes","true","true","159.782","true","true","true","carsystem-multi-cleaning-wipes","Uvezen kao carsystem-multi-cleaning-wipes.",""
"IMPORTED_NEW","Nano Easy Cleaner","Cleaning sponge","https://www.carsystem.org/en/products/detail/cleaning/nano-easy-cleaner-cleaning-sponge","true","true","143.383","false","false","false","carsystem-nano-easy-cleaner","Uvezen kao carsystem-nano-easy-cleaner.",""
"IMPORTED_NEW","Pump Sprayer","Pump Sprayer","https://www.carsystem.org/en/products/detail/cleaning/pump-sprayer-pump-sprayer","true","true","157.412 142.808 139.606 146.680 153.269","false","false","false","carsystem-pump-sprayer","Uvezen kao carsystem-pump-sprayer.",""
"IMPORTED_NEW","Scraper","Paint off blade","https://www.carsystem.org/en/products/detail/cleaning/scraper-paint-off-blade","true","true","140.984 140.985","false","false","false","carsystem-scraper","Uvezen kao carsystem-scraper.",""
"IMPORTED_NEW","Silicone Remover Mild","Silicone remover - solvent based","https://www.carsystem.org/en/products/detail/cleaning/silicone-remover-mild-silicone-remover-solvent-based","true","true","146.711 146.704 147.023 139.212","false","false","false","carsystem-silicone-remover-mild","Uvezen kao carsystem-silicone-remover-mild.",""
"IMPORTED_NEW","Silicone Remover Water 2.0","Silicone remover - water based","https://www.carsystem.org/en/products/detail/cleaning/silicone-remover-water-20-silicone-remover-water-based","true","true","160.321","true","true","true","carsystem-silicone-remover-water-2-0","Uvezen kao carsystem-silicone-remover-water-2-0.",""
"IMPORTED_NEW","Spraygun cleaner","Spraygun cleaner","https://www.carsystem.org/en/products/detail/cleaning/spraygun-cleaner-spraygun-cleaner","true","true","158.627","false","false","false","carsystem-spraygun-cleaner","Uvezen kao carsystem-spraygun-cleaner.",""
"IMPORTED_NEW","Squeezer","Squeezer sponge","https://www.carsystem.org/en/products/detail/cleaning/squeezer-squeezer-sponge","true","true","157.987","false","false","false","carsystem-squeezer","Uvezen kao carsystem-squeezer.",""
"IMPORTED_NEW","Staub Stop Super Wave","Tack cloth","https://www.carsystem.org/en/products/detail/cleaning/staub-stop-super-wave-tack-cloth","true","true","148.124","false","false","false","carsystem-staub-stop-super-wave","Uvezen kao carsystem-staub-stop-super-wave.",""
"IMPORTED_NEW","Staub Stop","Tack cloth","https://www.carsystem.org/en/products/detail/cleaning/staub-stop-tack-cloth","true","true","132.615 132.616","false","false","false","carsystem-staub-stop","Uvezen kao carsystem-staub-stop.",""
"IMPORTED_NEW","Staub Stop Water Black","Tack cloth","https://www.carsystem.org/en/products/detail/cleaning/staub-stop-water-black-tack-cloth","true","true","158.033","false","false","false","carsystem-staub-stop-water-black","Uvezen kao carsystem-staub-stop-water-black.",""
"IMPORTED_NEW","Staub Stop Water","Tack cloth","https://www.carsystem.org/en/products/detail/cleaning/staub-stop-water-tack-cloth","true","true","144.538","false","false","false","carsystem-staub-stop-water","Uvezen kao carsystem-staub-stop-water.",""
"IMPORTED_NEW","C-Wax C-80","High gloss finish sealer","https://www.carsystem.org/en/products/detail/finish/c-wax-c-80-high-gloss-finish-sealer","true","true","158.243","false","false","false","carsystem-c-wax-c-80","Uvezen kao carsystem-c-wax-c-80.",""
"IMPORTED_NEW","Car Mop White","Polishing pad","https://www.carsystem.org/en/products/detail/finish/car-mop-white-polishing-pad","true","true","133.149","false","false","false","carsystem-car-mop-white","Uvezen kao carsystem-car-mop-white.",""
"IMPORTED_NEW","Car Polish Roll","Disposable polishing cloth","https://www.carsystem.org/en/products/detail/finish/car-polish-roll-disposable-polishing-cloth","true","true","134.582","false","false","false","carsystem-car-polish-roll","Uvezen kao carsystem-car-polish-roll.",""
"IMPORTED_NEW","Compound X1500 HC","High performance cutting compound","https://www.carsystem.org/en/products/detail/finish/compound-x1500-hc-high-performance-cutting-compound","true","true","160.446","true","false","true","carsystem-compound-x1500-hc","Uvezen kao carsystem-compound-x1500-hc.","NAME_DIFFERS"
"IMPORTED_NEW","CORDLESS SANDER CSH-COS01","Cordless random orbital sander","https://www.carsystem.org/en/products/detail/finish/cordless-sander-csh-cos01-cordless-random-orbital-sander","true","true","160.108 160.109","true","false","true","carsystem-cordless-sander-csh-cos01","Uvezen kao carsystem-cordless-sander-csh-cos01.",""
"IMPORTED_NEW","Dispenser bottle incl. Cap","Dispenser bottle","https://www.carsystem.org/en/products/detail/finish/dispenser-bottle-incl-cap-dispenser-bottle","true","true","156.575","false","false","false","carsystem-dispenser-bottle-incl-cap","Uvezen kao carsystem-dispenser-bottle-incl-cap.",""
"IMPORTED_NEW","Dispenser for 5 kg Polish","Dispenser","https://www.carsystem.org/en/products/detail/finish/dispenser-for-5-kg-polish-dispenser","false","true","156.460","false","false","false","carsystem-dispenser-for-5-kg-polish","Uvezen kao carsystem-dispenser-for-5-kg-polish.",""
"IMPORTED_NEW","Finish Back Pad","Finish back pad","https://www.carsystem.org/en/products/detail/finish/finish-back-pad-finish-back-pad","true","true","139.206","false","false","false","carsystem-finish-back-pad","Uvezen kao carsystem-finish-back-pad.",""
"IMPORTED_NEW","Finish Back Pad M-14","Finish back pad","https://www.carsystem.org/en/products/detail/finish/finish-back-pad-m-14-finish-back-pad","false","true","160.443","false","false","false","carsystem-finish-back-pad-m-14","Uvezen kao carsystem-finish-back-pad-m-14.","ARTICLE_NUMBER_DIFFERS"
"IMPORTED_NEW","Finish Control Foam C-99","Control Foam","https://www.carsystem.org/en/products/detail/finish/finish-control-foam-c-99-control-foam","true","true","156.614","false","false","false","carsystem-finish-control-foam-c-99","Uvezen kao carsystem-finish-control-foam-c-99.",""
"IMPORTED_NEW","Finish Foam Black AH","Polishing pad","https://www.carsystem.org/en/products/detail/finish/finish-foam-black-ah-polishing-pad","true","true","157.064 157.065","false","false","false","carsystem-finish-foam-black-ah","Uvezen kao carsystem-finish-foam-black-ah.",""
"IMPORTED_NEW","Finish Foam Orange","Polishing pad","https://www.carsystem.org/en/products/detail/finish/finish-foam-orange-polishing-pad","true","true","153.088 153.076","false","false","false","carsystem-finish-foam-orange","Uvezen kao carsystem-finish-foam-orange.",""
"IMPORTED_NEW","Finish Foam White AH","Polishing pad","https://www.carsystem.org/en/products/detail/finish/finish-foam-white-ah-polishing-pad","true","true","157.052 157.053","false","false","false","carsystem-finish-foam-white-ah","Uvezen kao carsystem-finish-foam-white-ah.",""
"IMPORTED_NEW","Finish Quadra Pad C-10","Polishing pad","https://www.carsystem.org/en/products/detail/finish/finish-quadra-pad-c-10-polishing-pad","true","true","151.906 151.640 151.905","false","false","false","carsystem-finish-quadra-pad-c-10","Uvezen kao carsystem-finish-quadra-pad-c-10.",""
"IMPORTED_NEW","Finish Sandwich Pad C-30","Polishing pad","https://www.carsystem.org/en/products/detail/finish/finish-sandwich-pad-c-30-polishing-pad","true","true","151.908 151.639","false","false","false","carsystem-finish-sandwich-pad-c-30","Uvezen kao carsystem-finish-sandwich-pad-c-30.",""
"IMPORTED_NEW","Finish Waffle Foam Black AH","polishing pad","https://www.carsystem.org/en/products/detail/finish/finish-waffle-foam-black-ah-polishing-pad","true","true","157.066 157.067","false","false","false","carsystem-finish-waffle-foam-black-ah","Uvezen kao carsystem-finish-waffle-foam-black-ah.",""
"IMPORTED_NEW","Finish Waffle Pad Orange","Polishing pad","https://www.carsystem.org/en/products/detail/finish/finish-waffle-pad-orange-polishing-pad","true","true","153.114","false","false","false","carsystem-finish-waffle-pad-orange","Uvezen kao carsystem-finish-waffle-pad-orange.",""
"IMPORTED_NEW","Lamb Wool Pad Gold S","Lamb wool pad","https://www.carsystem.org/en/products/detail/finish/lamb-wool-pad-gold-s-lamb-wool-pad","true","true","157.166 157.290","false","false","false","carsystem-lamb-wool-pad-gold-s","Uvezen kao carsystem-lamb-wool-pad-gold-s.",""
"IMPORTED_NEW","Lamb Wool Pad White S Edge","Lamb wool pad","https://www.carsystem.org/en/products/detail/finish/lamb-wool-pad-white-s-edge-lamb-wool-pad","true","true","157.163 157.232","false","false","false","carsystem-lamb-wool-pad-white-s-edge","Uvezen kao carsystem-lamb-wool-pad-white-s-edge.",""
"IMPORTED_NEW","Micro Fiber Cloth","2 IN 1","https://www.carsystem.org/en/products/detail/finish/micro-fiber-cloth-2-in-1","true","true","156.589","false","false","false","carsystem-micro-fiber-cloth-2-in-1","Uvezen kao carsystem-micro-fiber-cloth-2-in-1.",""
"IMPORTED_NEW","Micro Fiber Cloth","Fluffy","https://www.carsystem.org/en/products/detail/finish/micro-fiber-cloth-fluffy","true","true","156.590","false","false","false","carsystem-micro-fiber-cloth-fluffy","Uvezen kao carsystem-micro-fiber-cloth-fluffy.",""
"IMPORTED_NEW","Micro Fiber Cloth","Polish Extreme","https://www.carsystem.org/en/products/detail/finish/micro-fiber-cloth-polish-extreme","true","true","156.591","false","false","false","carsystem-micro-fiber-cloth-polish-extreme","Uvezen kao carsystem-micro-fiber-cloth-polish-extreme.",""
"IMPORTED_NEW","Micro Fiber Cloth","Sky Blue","https://www.carsystem.org/en/products/detail/finish/micro-fiber-cloth-sky-blue","true","true","156.587","false","false","false","carsystem-micro-fiber-cloth-sky-blue","Uvezen kao carsystem-micro-fiber-cloth-sky-blue.",""
"IMPORTED_NEW","Micro Fiber Cloth","Wave Cut","https://www.carsystem.org/en/products/detail/finish/micro-fiber-cloth-wave-cut","true","true","156.588","false","false","false","carsystem-micro-fiber-cloth-wave-cut","Uvezen kao carsystem-micro-fiber-cloth-wave-cut.",""
"IMPORTED_NEW","Microfiber X300 Duo","Micro Fiber Cloth","https://www.carsystem.org/en/products/detail/finish/microfiber-x300-duo-micro-fiber-cloth","true","true","160.457","true","false","true","carsystem-microfiber-x300-duo","Uvezen kao carsystem-microfiber-x300-duo.",""
"IMPORTED_NEW","Mini Sanding Machine RC 9330","Mini sanding machine, pneumatic","https://www.carsystem.org/en/products/detail/finish/mini-sanding-machine-rc-9330-mini-sanding-machine-pneumatic","true","true","143.724","false","false","false","carsystem-mini-sanding-machine-rc-9330","Uvezen kao carsystem-mini-sanding-machine-rc-9330.",""
"IMPORTED_NEW","Nano Carnauba Wax","High gloss wax","https://www.carsystem.org/en/products/detail/finish/nano-carnauba-wax-high-gloss-wax","true","true","151.945","false","false","false","carsystem-nano-carnauba-wax","Uvezen kao carsystem-nano-carnauba-wax.",""
"IMPORTED_NEW","Orbital Sander CSH-CMS01 kit","Cordless orbital sander","https://www.carsystem.org/en/products/detail/finish/orbital-sander-csh-cms01-kit-cordless-orbital-sander","true","true","159.067","false","false","false","carsystem-orbital-sander-csh-cms01-kit","Uvezen kao carsystem-orbital-sander-csh-cms01-kit.",""
"IMPORTED_NEW","Polish C-05 cut","High performance cutting compound","https://www.carsystem.org/en/products/detail/finish/polish-c-05-cut-high-performance-cutting-compound","true","true","156.345","false","false","false","carsystem-polish-c-05-cut","Uvezen kao carsystem-polish-c-05-cut.",""
"IMPORTED_NEW","Polish C-07 cut","High performance cutting compound","https://www.carsystem.org/en/products/detail/finish/polish-c-07-cut-high-performance-cutting-compound","true","true","157.445","false","false","false","carsystem-polish-c-07-cut","Uvezen kao carsystem-polish-c-07-cut.",""
"IMPORTED_NEW","Polish C-10 strong","High performance cutting compound","https://www.carsystem.org/en/products/detail/finish/polish-c-10-strong-high-performance-cutting-compound","true","true","151.634","false","false","false","carsystem-polish-c-10-strong","Uvezen kao carsystem-polish-c-10-strong.",""
"IMPORTED_NEW","Polish C-30 finish","Anti hologram polish","https://www.carsystem.org/en/products/detail/finish/polish-c-30-finish-anti-hologram-polish","true","true","151.636","false","false","false","carsystem-polish-c-30-finish","Uvezen kao carsystem-polish-c-30-finish.",""
"IMPORTED_NEW","Polish – Coarse Step 1","Polish","https://www.carsystem.org/en/products/detail/finish/polish-coarse-step-1-polish","false","true","156.451","false","false","false","carsystem-polish-coarse-step-1","Uvezen kao carsystem-polish-coarse-step-1.",""
"IMPORTED_NEW","Polish – Fine Step 2","Anti-hologram polish","https://www.carsystem.org/en/products/detail/finish/polish-fine-step-2-anti-hologram-polish","false","true","156.452","false","false","false","carsystem-polish-fine-step-2","Uvezen kao carsystem-polish-fine-step-2.",""
"IMPORTED_NEW","Polish Foam Green","Polishing pad","https://www.carsystem.org/en/products/detail/finish/polish-foam-green-polishing-pad","true","true","157.050 157.051","false","false","false","carsystem-polish-foam-green","Uvezen kao carsystem-polish-foam-green.",""
"IMPORTED_NEW","Polish Foam White SC","Polishing pad","https://www.carsystem.org/en/products/detail/finish/polish-foam-white-sc-polishing-pad","true","true","157.054 157.055","false","false","false","carsystem-polish-foam-white-sc","Uvezen kao carsystem-polish-foam-white-sc.",""
"IMPORTED_NEW","Polish Foam Yellow","Polishing pad","https://www.carsystem.org/en/products/detail/finish/polish-foam-yellow-polishing-pad","true","true","157.056 157.057","false","false","false","carsystem-polish-foam-yellow","Uvezen kao carsystem-polish-foam-yellow.",""
"IMPORTED_NEW","Polish Waffle Foam Yellow","Polishing pad","https://www.carsystem.org/en/products/detail/finish/polish-waffle-foam-yellow-polishing-pad","true","true","157.058 157.059","false","false","false","carsystem-polish-waffle-foam-yellow","Uvezen kao carsystem-polish-waffle-foam-yellow.",""
"IMPORTED_NEW","Polish X8000 AH","Anti hologram polish","https://www.carsystem.org/en/products/detail/finish/polish-x8000-ah-anti-hologram-polish","true","true","160.451","true","false","true","carsystem-polish-x8000-ah","Uvezen kao carsystem-polish-x8000-ah.","NAME_DIFFERS"
"IMPORTED_NEW","Polishing Back Pad","Finish back pad","https://www.carsystem.org/en/products/detail/finish/polishing-back-pad-finish-back-pad","true","true","144.916","false","false","false","carsystem-polishing-back-pad","Uvezen kao carsystem-polishing-back-pad.",""
"IMPORTED_NEW","Polishing Machine RC 166","Polishing machine, pneumatic","https://www.carsystem.org/en/products/detail/finish/polishing-machine-rc-166-polishing-machine-pneumatic","true","true","143.723","false","false","false","carsystem-polishing-machine-rc-166","Uvezen kao carsystem-polishing-machine-rc-166.",""
"IMPORTED_NEW","Polishing Pad X1500","Polishing Pad","https://www.carsystem.org/en/products/detail/finish/polishing-pad-x1500-polishing-pad","true","true","160.447 160.448 160.449 160.450","true","false","true","carsystem-polishing-pad-x1500","Uvezen kao carsystem-polishing-pad-x1500.","SPECIFICATION_DIFFERS SPECIFICATION_DIFFERS SPECIFICATION_DIFFERS SPECIFICATION_DIFFERS"
"IMPORTED_NEW","Polishing Pad X8000","Polishing Pad","https://www.carsystem.org/en/products/detail/finish/polishing-pad-x8000-polishing-pad","true","true","160.452 160.453","true","false","true","carsystem-polishing-pad-x8000","Uvezen kao carsystem-polishing-pad-x8000.","SPECIFICATION_DIFFERS SPECIFICATION_DIFFERS"
"IMPORTED_NEW","Rapid Charger for CSH-battery-powered","replacement charger","https://www.carsystem.org/en/products/detail/finish/rapid-charger-for-csh-battery-powered-replacement-charger","true","true","159.064","true","true","true","carsystem-rapid-charger-for-csh-battery-powered","Uvezen kao carsystem-rapid-charger-for-csh-battery-powered.",""
"IMPORTED_NEW","Refinish 1","Cutting compound","https://www.carsystem.org/en/products/detail/finish/refinish-1-cutting-compound","true","true","132.437","false","false","false","carsystem-refinish-1","Uvezen kao carsystem-refinish-1.",""
"IMPORTED_NEW","Refinish Restorer","Plastic conditioner","https://www.carsystem.org/en/products/detail/finish/refinish-restorer-plastic-conditioner","true","true","159.706 159.707","false","false","false","carsystem-refinish-restorer","Uvezen kao carsystem-refinish-restorer.",""
"IMPORTED_NEW","Rotary Polisher CSH-CRP01 Kit","Rotary Polisher, cordless","https://www.carsystem.org/en/products/detail/finish/rotary-polisher-csh-crp01-kit-rotary-polisher-cordless","true","true","159.822 160.111","false","false","false","carsystem-rotary-polisher-csh-crp01-kit","Uvezen kao carsystem-rotary-polisher-csh-crp01-kit.",""
"IMPORTED_NEW","RUPES 47.105 Replacement carbon brush","Replacement carbon brush","https://www.carsystem.org/en/products/detail/finish/rupes-47105-replacement-carbon-brush-replacement-carbon-brush","false","true","158.290","false","false","false","carsystem-rupes-47-105-replacement-carbon-brush","Uvezen kao carsystem-rupes-47-105-replacement-carbon-brush.",""
"IMPORTED_NEW","Rupes 9. Holder BigFoot","Wall racket","https://www.carsystem.org/en/products/detail/finish/rupes-9-holder-bigfoot-wall-racket","false","true","158.134","false","false","false","carsystem-rupes-9-holder-bigfoot","Uvezen kao carsystem-rupes-9-holder-bigfoot.",""
"IMPORTED_NEW","RUPES Angle Polishing Machine LH76P","Angle polishing machine, pneumatic","https://www.carsystem.org/en/products/detail/finish/rupes-angle-polishing-machine-lh76p-angle-polishing-machine-pneumatic","true","true","157.331","false","false","false","carsystem-rupes-angle-polishing-machine-lh76p","Uvezen kao carsystem-rupes-angle-polishing-machine-lh76p.",""
"IMPORTED_NEW","RUPES Mini Polishing Machine HLR75STB","Polishing Machine, battery powered","https://www.carsystem.org/en/products/detail/finish/rupes-mini-polishing-machine-hlr75stb-polishing-machine-battery-powered","true","true","158.647","false","false","false","carsystem-rupes-mini-polishing-machine-hlr75stb","Uvezen kao carsystem-rupes-mini-polishing-machine-hlr75stb.",""
"IMPORTED_NEW","RUPES Polish Pad","Polishing pad","https://www.carsystem.org/en/products/detail/finish/rupes-polish-pad-polishing-pad","true","true","158.854 158.853 158.856 158.855","false","false","false","carsystem-rupes-polish-pad","Uvezen kao carsystem-rupes-polish-pad.",""
"IMPORTED_NEW","RUPES Polishing Machine LH19E","Polishing machine, Bigfoot","https://www.carsystem.org/en/products/detail/finish/rupes-polishing-machine-lh19e-polishing-machine-bigfoot","true","true","157.322 157.640","false","false","false","carsystem-rupes-polishing-machine-lh19e","Uvezen kao carsystem-rupes-polishing-machine-lh19e.",""
"IMPORTED_NEW","RUPES Polishing Machine LHR15","Polishing machine, electric, Bigfoot","https://www.carsystem.org/en/products/detail/finish/rupes-polishing-machine-lhr15-polishing-machine-electric-bigfoot","true","true","157.323 157.641","false","false","false","carsystem-rupes-polishing-machine-lhr15","Uvezen kao carsystem-rupes-polishing-machine-lhr15.",""
"IMPORTED_NEW","RUPES Polishing Machine LHR75","Polishing machine, pneumatic","https://www.carsystem.org/en/products/detail/finish/rupes-polishing-machine-lhr75-polishing-machine-pneumatic","false","true","157.332 157.642","false","false","false","carsystem-rupes-polishing-machine-lhr75","Uvezen kao carsystem-rupes-polishing-machine-lhr75.",""
"IMPORTED_NEW","RUPES Polishing Machine LHR75E","Polishing machine Bigfoot, electric","https://www.carsystem.org/en/products/detail/finish/rupes-polishing-machine-lhr75e-polishing-machine-bigfoot-electric","false","true","157.340","false","false","false","carsystem-rupes-polishing-machine-lhr75e","Uvezen kao carsystem-rupes-polishing-machine-lhr75e.",""
"IMPORTED_NEW","Spare Battery 5,0Ah","Spare Battery for CSH-COS01 and CSH-CRP01","https://www.carsystem.org/en/products/detail/finish/spare-battery-50ah-spare-battery-for-csh-cos01-and-csh-crp01","true","true","160.110","true","true","true","carsystem-spare-battery-5-0ah","Uvezen kao carsystem-spare-battery-5-0ah.",""
"IMPORTED_NEW","Wall Bracket for 5 kg Polish","Wall Bracket","https://www.carsystem.org/en/products/detail/finish/wall-bracket-for-5-kg-polish-wall-bracket","false","true","156.461","false","false","false","carsystem-wall-bracket-for-5-kg-polish","Uvezen kao carsystem-wall-bracket-for-5-kg-polish.",""
"IMPORTED_NEW","Wax Puck","Application foam","https://www.carsystem.org/en/products/detail/finish/wax-puck-application-foam","true","true","152.565","false","false","false","carsystem-wax-puck","Uvezen kao carsystem-wax-puck.",""
"IMPORTED_NEW","All In One Covers","Interior protection 5-in-1","https://www.carsystem.org/en/products/detail/masking/all-in-one-covers-interior-protection-5-in-1","true","true","159.480","false","false","false","carsystem-all-in-one-covers","Uvezen kao carsystem-all-in-one-covers.",""
"IMPORTED_NEW","Auto Mask","Handy masking film incl. tape","https://www.carsystem.org/en/products/detail/masking/auto-mask-handy-masking-film-incl-tape","true","true","125.476 125.517 133.060","false","false","false","carsystem-auto-mask","Uvezen kao carsystem-auto-mask.",""
"IMPORTED_NEW","Black Tape","Fabric tape","https://www.carsystem.org/en/products/detail/masking/black-tape-fabric-tape","true","true","147.753","false","false","false","carsystem-black-tape","Uvezen kao carsystem-black-tape.",""
"IMPORTED_NEW","Crash Film","Self-adhesive protective covering film","https://www.carsystem.org/en/products/detail/masking/crash-film-self-adhesive-protective-covering-film","true","true","160.381","true","true","true","carsystem-crash-film","Uvezen kao carsystem-crash-film.",""
"IMPORTED_NEW","Easy Mask II","Masking film transparent – Roll","https://www.carsystem.org/en/products/detail/masking/easy-mask-ii-masking-film-transparent-roll","true","true","160.434 160.435","true","true","true","carsystem-easy-mask-ii","Uvezen kao carsystem-easy-mask-ii.",""
"IMPORTED_NEW","Easy Mask","Masking film - Roll","https://www.carsystem.org/en/products/detail/masking/easy-mask-masking-film-roll","false","true","151.199 151.181","false","false","false","carsystem-easy-mask","Uvezen kao carsystem-easy-mask.",""
"IMPORTED_NEW","Fine Line Tape Blue","Fine line tape","https://www.carsystem.org/en/products/detail/masking/fine-line-tape-blue-fine-line-tape","true","true","140.083 140.084 140.085 140.086 140.087","false","false","false","carsystem-fine-line-tape-blue","Uvezen kao carsystem-fine-line-tape-blue.",""
"IMPORTED_NEW","Foam Tape","Foam tape","https://www.carsystem.org/en/products/detail/masking/foam-tape-foam-tape","true","true","148.861 148.862","false","false","false","carsystem-foam-tape","Uvezen kao carsystem-foam-tape.",""
"IMPORTED_NEW","Foam Tape T-Soft","Foam tape","https://www.carsystem.org/en/products/detail/masking/foam-tape-t-soft-foam-tape","true","true","157.974","false","false","false","carsystem-foam-tape-t-soft","Uvezen kao carsystem-foam-tape-t-soft.",""
"IMPORTED_NEW","Hand Mask","Handy masking film incl. tape","https://www.carsystem.org/en/products/detail/masking/hand-mask-handy-masking-film-incl-tape","false","true","144.547 144.549 144.550 144.551 144.552 144.553","false","false","false","carsystem-hand-mask","Uvezen kao carsystem-hand-mask.",""
"IMPORTED_NEW","Liquid Masking","Liquid masking film","https://www.carsystem.org/en/products/detail/masking/liquid-masking-liquid-masking-film","true","true","138.718","false","false","false","carsystem-liquid-masking","Uvezen kao carsystem-liquid-masking.",""
"IMPORTED_NEW","Masking film blue","Masking film - Roll","https://www.carsystem.org/en/products/detail/masking/masking-film-blue-masking-film-roll","true","true","155.570 155.569 155.571","false","false","false","carsystem-masking-film-blue","Uvezen kao carsystem-masking-film-blue.",""
"IMPORTED_NEW","Masking film green","Masking film - Roll","https://www.carsystem.org/en/products/detail/masking/masking-film-green-masking-film-roll","true","true","155.565 155.567 155.568","false","false","false","carsystem-masking-film-green","Uvezen kao carsystem-masking-film-green.",""
"IMPORTED_NEW","Masking film yellow","Masking film - Roll","https://www.carsystem.org/en/products/detail/masking/masking-film-yellow-masking-film-roll","true","true","155.572 155.573 156.948","false","false","false","carsystem-masking-film-yellow","Uvezen kao carsystem-masking-film-yellow.",""
"IMPORTED_NEW","Masking Paper Master II","Masking paper - Roll","https://www.carsystem.org/en/products/detail/masking/masking-paper-master-ii-masking-paper-roll","true","true","159.878 159.880 159.882 159.883 159.884","false","false","false","carsystem-masking-paper-master-ii","Uvezen kao carsystem-masking-paper-master-ii.",""
"IMPORTED_NEW","Masking Paper Top II","Masking paper - Roll","https://www.carsystem.org/en/products/detail/masking/masking-paper-top-ii-masking-paper-roll","true","true","155.528 155.529 155.530 155.531 155.532","false","false","false","carsystem-masking-paper-top-ii","Uvezen kao carsystem-masking-paper-top-ii.",""
"IMPORTED_NEW","Master Tape Green","Masking tape","https://www.carsystem.org/en/products/detail/masking/master-tape-green-masking-tape","true","true","149.221 149.222 149.223 149.225 149.226","false","false","false","carsystem-master-tape-green","Uvezen kao carsystem-master-tape-green.",""
"IMPORTED_NEW","Master Tape II","Masking tape","https://www.carsystem.org/en/products/detail/masking/master-tape-ii-masking-tape","true","true","140.201 140.202 140.203 140.204 140.205 140.206","false","false","false","carsystem-master-tape-ii","Uvezen kao carsystem-master-tape-ii.",""
"IMPORTED_NEW","MMIR Knife Premium","Cutter tool","https://www.carsystem.org/en/products/detail/masking/mmir-knife-premium-cutter-tool","true","true","151.513","false","false","false","carsystem-mmir-knife-premium","Uvezen kao carsystem-mmir-knife-premium.",""
"IMPORTED_NEW","MMIR-Mask Aqua Tec","Masking film - Roll","https://www.carsystem.org/en/products/detail/masking/mmir-mask-aqua-tec-masking-film-roll","false","true","151.038 152.055","false","false","false","carsystem-mmir-mask-aqua-tec","Uvezen kao carsystem-mmir-mask-aqua-tec.",""
"IMPORTED_NEW","MMIR-Mask Light Green","Masking film - Roll","https://www.carsystem.org/en/products/detail/masking/mmir-mask-light-green-masking-film-roll","false","true","150.453 150.454 150.455 149.587","false","false","false","carsystem-mmir-mask-light-green","Uvezen kao carsystem-mmir-mask-light-green.",""
"IMPORTED_NEW","PDC Easy Paint","Painting assistant for parking sensors","https://www.carsystem.org/en/products/detail/masking/pdc-easy-paint-painting-assistant-for-parking-sensors","true","true","159.500","false","false","false","carsystem-pdc-easy-paint","Uvezen kao carsystem-pdc-easy-paint.",""
"IMPORTED_NEW","Protective Film SPF","Surface Protection Film - 60 cm x 20 m","https://www.carsystem.org/en/products/detail/masking/protective-film-spf-surface-protection-film-60-cm-x-20-m","true","true","158.145","false","false","false","carsystem-protective-film-spf","Uvezen kao carsystem-protective-film-spf.",""
"IMPORTED_NEW","Red Tape","Masking tape","https://www.carsystem.org/en/products/detail/masking/red-tape-masking-tape","true","true","160.210 160.211 160.213","true","true","true","carsystem-red-tape","Uvezen kao carsystem-red-tape.",""
"IMPORTED_NEW","Silver Tape","Fabric tape","https://www.carsystem.org/en/products/detail/masking/silver-tape-fabric-tape","true","true","135.715","false","false","false","carsystem-silver-tape","Uvezen kao carsystem-silver-tape.",""
"IMPORTED_NEW","Slim Tape Green","Special masking tape","https://www.carsystem.org/en/products/detail/masking/slim-tape-green-special-masking-tape","true","true","150.081","false","false","false","carsystem-slim-tape-green","Uvezen kao carsystem-slim-tape-green.",""
"IMPORTED_NEW","Slim Tape","Special masking tape","https://www.carsystem.org/en/products/detail/masking/slim-tape-special-masking-tape","true","true","133.827","false","false","false","carsystem-slim-tape","Uvezen kao carsystem-slim-tape.",""
"IMPORTED_NEW","Tec Line Stick","Sensor pad","https://www.carsystem.org/en/products/detail/masking/tec-line-stick-sensor-pad","true","true","152.554","false","false","false","carsystem-tec-line-stick","Uvezen kao carsystem-tec-line-stick.",""
"IMPORTED_NEW","Top Tape","Masking tape","https://www.carsystem.org/en/products/detail/masking/top-tape-masking-tape","true","true","139.262 139.263 139.264 139.265 139.266 139.267","false","false","false","carsystem-top-tape","Uvezen kao carsystem-top-tape.",""
"IMPORTED_NEW","Wheel Cover","Cover hood","https://www.carsystem.org/en/products/detail/masking/wheel-cover-cover-hood","true","true","142.483 158.211","false","false","false","carsystem-wheel-cover","Uvezen kao carsystem-wheel-cover.",""
"IMPORTED_NEW","WM Tape","Adhesive Tape","https://www.carsystem.org/en/products/detail/masking/wm-tape-adhesive-tape","true","true","140.794","false","false","false","carsystem-wm-tape","Uvezen kao carsystem-wm-tape.",""
"IMPORTED_NEW","WR-Lifting Tape","Masking tape with plastic edge","https://www.carsystem.org/en/products/detail/masking/wr-lifting-tape-masking-tape-with-plastic-edge","true","true","155.720","false","false","false","carsystem-wr-lifting-tape","Uvezen kao carsystem-wr-lifting-tape.",""
"IMPORTED_NEW","WR-Lifting Tape Premium","Masking tape with plastic edge - perforated","https://www.carsystem.org/en/products/detail/masking/wr-lifting-tape-premium-masking-tape-with-plastic-edge-perforated","true","true","155.734","false","false","false","carsystem-wr-lifting-tape-premium","Uvezen kao carsystem-wr-lifting-tape-premium.",""
"IMPORTED_NEW","Carsystem Cap Black","onesize","https://www.carsystem.org/en/products/detail/merchandising-materials/carsystem-cap-black-onesize","false","true","158.927","false","false","false","carsystem-cap-black","Uvezen kao carsystem-cap-black.",""
"IMPORTED_NEW","Carsystem Cap camouflage","onesize","https://www.carsystem.org/en/products/detail/merchandising-materials/carsystem-cap-camouflage-onesize","false","true","160.493","true","false","true","carsystem-cap-camouflage","Uvezen kao carsystem-cap-camouflage.",""
"IMPORTED_NEW","Carsystem car sticker plain","four formats","https://www.carsystem.org/en/products/detail/merchandising-materials/carsystem-car-sticker-plain-four-formats","false","true","158.829 158.830 158.831 158.832 158.833 158.834","false","false","false","carsystem-car-sticker-plain","Uvezen kao carsystem-car-sticker-plain.",""
"IMPORTED_NEW","Coffee Cup Black","300 ml","https://www.carsystem.org/en/products/detail/merchandising-materials/coffee-cup-black-300-ml","false","true","157.219","false","false","false","carsystem-coffee-cup-black","Uvezen kao carsystem-coffee-cup-black.",""
"IMPORTED_NEW","Cutter Knife black","140 mm","https://www.carsystem.org/en/products/detail/merchandising-materials/cutter-knife-black-140-mm","false","true","156.281","false","false","false","carsystem-cutter-knife-black","Uvezen kao carsystem-cutter-knife-black.",""
"IMPORTED_NEW","Doormat logo black","50 x 75 cm and 90 x 60 cm","https://www.carsystem.org/en/products/detail/merchandising-materials/doormat-logo-black-50-x-75-cm-and-90-x-60-cm","false","true","158.622 158.623","false","false","false","carsystem-doormat-logo-black","Uvezen kao carsystem-doormat-logo-black.",""
"IMPORTED_NEW","Hoist flag","120 x 300 cm","https://www.carsystem.org/en/products/detail/merchandising-materials/hoist-flag-120-x-300-cm","false","true","137.325","false","false","false","carsystem-hoist-flag","Uvezen kao carsystem-hoist-flag.",""
"IMPORTED_NEW","Lighter black","refillable","https://www.carsystem.org/en/products/detail/merchandising-materials/lighter-black-refillable","false","true","148.281","false","false","false","carsystem-lighter-black","Uvezen kao carsystem-lighter-black.",""
"IMPORTED_NEW","Padded Jacket Black 2025","size S - 3XL","https://www.carsystem.org/en/products/detail/merchandising-materials/padded-jacket-black-2025-size-s-3xl","false","true","160.037 160.038 160.039 160.040 160.041 160.042","true","false","true","carsystem-padded-jacket-black-2025","Uvezen kao carsystem-padded-jacket-black-2025.",""
"IMPORTED_NEW","Padded Vest Black 2025","size S - 3XL","https://www.carsystem.org/en/products/detail/merchandising-materials/padded-vest-black-2025-size-s-3xl","false","true","160.027 160.028 160.029 160.030 160.031 160.032","true","false","true","carsystem-padded-vest-black-2025","Uvezen kao carsystem-padded-vest-black-2025.",""
"IMPORTED_NEW","Padded Vest Black","size S - 3XL","https://www.carsystem.org/en/products/detail/merchandising-materials/padded-vest-black-size-s-3xl","false","true","159.288 159.289 159.290 159.291 159.292 159.293","false","false","false","carsystem-padded-vest-black","Uvezen kao carsystem-padded-vest-black.",""
"IMPORTED_NEW","Pen Trinity Gum black","blue ink","https://www.carsystem.org/en/products/detail/merchandising-materials/pen-trinity-gum-black-blue-ink","false","true","156.540","false","false","false","carsystem-pen-trinity-gum-black","Uvezen kao carsystem-pen-trinity-gum-black.",""
"IMPORTED_NEW","Socks CARSYSTEM black & white","2 size ranges","https://www.carsystem.org/en/products/detail/merchandising-materials/socks-carsystem-black-white-2-size-ranges","false","true","160.540 160.542","true","false","true","carsystem-socks-carsystem-black-white","Uvezen kao carsystem-socks-carsystem-black-white.",""
"IMPORTED_NEW","Socks CARSYSTEM red & white","2 size range","https://www.carsystem.org/en/products/detail/merchandising-materials/socks-carsystem-red-white-2-size-range","false","true","159.837 159.839","false","false","false","carsystem-socks-carsystem-red-white","Uvezen kao carsystem-socks-carsystem-red-white.",""
"IMPORTED_NEW","Sweatshirt Black #teamCARSYSTEM","size S - 3XL","https://www.carsystem.org/en/products/detail/merchandising-materials/sweatshirt-black-teamcarsystem-size-s-3xl","false","true","160.325 160.326 160.327 160.328 160.329 160.330","true","false","true","carsystem-sweatshirt-black-teamcarsystem","Uvezen kao carsystem-sweatshirt-black-teamcarsystem.",""
"IMPORTED_NEW","Sweatshirt Grey #TeamCARSYSTEM","size S - 3XL","https://www.carsystem.org/en/products/detail/merchandising-materials/sweatshirt-grey-teamcarsystem-size-s-3xl","false","true","159.864 159.865 159.866 159.867 159.868 159.909","false","false","false","carsystem-sweatshirt-grey-teamcarsystem","Uvezen kao carsystem-sweatshirt-grey-teamcarsystem.",""
"IMPORTED_NEW","T-Shirt Black #teamCARSYSTEM","size S - XXL","https://www.carsystem.org/en/products/detail/merchandising-materials/t-shirt-black-teamcarsystem-size-s-xxl","false","true","159.827 159.828 159.829 159.830 159.831","false","false","false","carsystem-t-shirt-black-teamcarsystem","Uvezen kao carsystem-t-shirt-black-teamcarsystem.",""
"IMPORTED_NEW","USB-Stick","64 GB","https://www.carsystem.org/en/products/detail/merchandising-materials/usb-stick-64-gb","false","true","158.871","false","false","false","carsystem-usb-stick","Uvezen kao carsystem-usb-stick.",""
"IMPORTED_NEW","Zip-Hoodie black","size S - 3XL","https://www.carsystem.org/en/products/detail/merchandising-materials/zip-hoodie-black-size-s-3xl","false","true","158.084 158.085 158.086 158.087 158.088 158.089","true","false","true","carsystem-zip-hoodie-black","Uvezen kao carsystem-zip-hoodie-black.",""
"IMPORTED_NEW","Air hose","Air hose coil","https://www.carsystem.org/en/products/detail/painting-supplies/air-hose-air-hose-coil","true","true","143.131","false","false","false","carsystem-air-hose-air-hose-coil","Uvezen kao carsystem-air-hose-air-hose-coil.",""
"IMPORTED_NEW","Air hose","Air hose complete","https://www.carsystem.org/en/products/detail/painting-supplies/air-hose-air-hose-complete","true","true","139.039","false","false","false","carsystem-air-hose-air-hose-complete","Uvezen kao carsystem-air-hose-air-hose-complete.",""
"IMPORTED_NEW","Blow Off Gun","Blow off gun","https://www.carsystem.org/en/products/detail/painting-supplies/blow-off-gun-blow-off-gun","true","true","145.270 145.271 145.272 145.273","false","false","false","carsystem-blow-off-gun","Uvezen kao carsystem-blow-off-gun.",""
"IMPORTED_NEW","Blow Off Stick","Blow off stick","https://www.carsystem.org/en/products/detail/painting-supplies/blow-off-stick-blow-off-stick","true","true","154.123 154.124","false","false","false","carsystem-blow-off-stick","Uvezen kao carsystem-blow-off-stick.",""
"IMPORTED_NEW","Booth Mask","Booth protection mask","https://www.carsystem.org/en/products/detail/painting-supplies/booth-mask-booth-protection-mask","true","true","149.358 149.359","false","false","false","carsystem-booth-mask","Uvezen kao carsystem-booth-mask.",""
"IMPORTED_NEW","Booth Mask Stick","Booth protection mask","https://www.carsystem.org/en/products/detail/painting-supplies/booth-mask-stick-booth-protection-mask","true","true","149.338 149.339 149.340","false","false","false","carsystem-booth-mask-stick","Uvezen kao carsystem-booth-mask-stick.",""
"IMPORTED_NEW","Booth Mask White","Booth protection mask","https://www.carsystem.org/en/products/detail/painting-supplies/booth-mask-white-booth-protection-mask","true","true","153.205","false","false","false","carsystem-booth-mask-white","Uvezen kao carsystem-booth-mask-white.",""
"IMPORTED_NEW","Bumper Stand","Bumper paint stand","https://www.carsystem.org/en/products/detail/painting-supplies/bumper-stand-bumper-paint-stand","true","true","159.413 159.702","false","false","false","carsystem-bumper-stand","Uvezen kao carsystem-bumper-stand.",""
"IMPORTED_NEW","Car Clean Trolley","Cleaning paper stand","https://www.carsystem.org/en/products/detail/painting-supplies/car-clean-trolley-cleaning-paper-stand","true","true","139.912 139.913","false","false","false","carsystem-car-clean-trolley","Uvezen kao carsystem-car-clean-trolley.",""
"IMPORTED_NEW","Colour Match Lamp","Day light lamp","https://www.carsystem.org/en/products/detail/painting-supplies/colour-match-lamp-day-light-lamp","true","true","155.614","false","false","false","carsystem-colour-match-lamp","Uvezen kao carsystem-colour-match-lamp.",""
"IMPORTED_NEW","LED Lamp","LED lamp","https://www.carsystem.org/en/products/detail/painting-supplies/led-lamp-led-lamp","false","true","155.037","false","false","false","carsystem-led-lamp","Uvezen kao carsystem-led-lamp.",""
"IMPORTED_NEW","Magnetic Flat Strip","Flat strip","https://www.carsystem.org/en/products/detail/painting-supplies/magnetic-flat-strip-flat-strip","true","true","137.214","false","false","false","carsystem-magnetic-flat-strip","Uvezen kao carsystem-magnetic-flat-strip.",""
"IMPORTED_NEW","Magnetic Gun Holder Plus","Paint gun holder","https://www.carsystem.org/en/products/detail/painting-supplies/magnetic-gun-holder-plus-paint-gun-holder","true","true","159.969","false","false","false","carsystem-magnetic-gun-holder-plus","Uvezen kao carsystem-magnetic-gun-holder-plus.",""
"IMPORTED_NEW","Magnetic Sanding Protection","Edge protection","https://www.carsystem.org/en/products/detail/painting-supplies/magnetic-sanding-protection-edge-protection","true","true","130.992","false","false","false","carsystem-magnetic-sanding-protection","Uvezen kao carsystem-magnetic-sanding-protection.",""
"IMPORTED_NEW","MMIR Trolley ""Box""","Masking film stand","https://www.carsystem.org/en/products/detail/painting-supplies/mmir-trolley-box-masking-film-stand","true","true","151.514","false","false","false","carsystem-mmir-trolley-box","Uvezen kao carsystem-mmir-trolley-box.",""
"IMPORTED_NEW","MMIR Trolley","Masking film stand","https://www.carsystem.org/en/products/detail/painting-supplies/mmir-trolley-masking-film-stand","true","true","125.737","false","false","false","carsystem-mmir-trolley","Uvezen kao carsystem-mmir-trolley.",""
"IMPORTED_NEW","MS Coupling","MS Coupling","https://www.carsystem.org/en/products/detail/painting-supplies/ms-coupling-ms-coupling","true","true","139.036","false","false","false","carsystem-ms-coupling","Uvezen kao carsystem-ms-coupling.",""
"IMPORTED_NEW","Multi Stand","Paint stand","https://www.carsystem.org/en/products/detail/painting-supplies/multi-stand-paint-stand","true","true","159.563","false","false","false","carsystem-multi-stand","Uvezen kao carsystem-multi-stand.",""
"IMPORTED_NEW","Nippel","Nipple for quick connector","https://www.carsystem.org/en/products/detail/painting-supplies/nippel-nipple-for-quick-connector","true","true","143.129","false","false","false","carsystem-nippel-nipple-for-quick-connector","Uvezen kao carsystem-nippel-nipple-for-quick-connector.",""
"IMPORTED_NEW","Nippel","Nipple with inner thread","https://www.carsystem.org/en/products/detail/painting-supplies/nippel-nipple-with-inner-thread","true","true","139.034","false","false","false","carsystem-nippel-nipple-with-inner-thread","Uvezen kao carsystem-nippel-nipple-with-inner-thread.",""
"IMPORTED_NEW","Nippel","Nipple with outer thread","https://www.carsystem.org/en/products/detail/painting-supplies/nippel-nipple-with-outer-thread","true","true","139.033","false","false","false","carsystem-nippel-nipple-with-outer-thread","Uvezen kao carsystem-nippel-nipple-with-outer-thread.",""
"IMPORTED_NEW","PAINT ARRESTOR II","Paint mist separator","https://www.carsystem.org/en/products/detail/painting-supplies/paint-arrestor-ii-paint-mist-separator","true","true","160.136 160.137 160.138 160.139 160.140 160.141 160.142 160.143 160.144 160.145 160.146 160.147 160.148","true","true","true","carsystem-paint-arrestor-ii","Uvezen kao carsystem-paint-arrestor-ii.",""
"IMPORTED_NEW","Paint Trolley Flexi Plus","Paint stand","https://www.carsystem.org/en/products/detail/painting-supplies/paint-trolley-flexi-plus-paint-stand","true","true","152.596","false","false","false","carsystem-paint-trolley-flexi-plus","Uvezen kao carsystem-paint-trolley-flexi-plus.",""
"IMPORTED_NEW","Paint Trolley","Paint stand","https://www.carsystem.org/en/products/detail/painting-supplies/paint-trolley-paint-stand","true","true","154.253 138.848 138.849","false","false","false","carsystem-paint-trolley","Uvezen kao carsystem-paint-trolley.",""
"IMPORTED_NEW","Paper Trolley 1500","Paper stand","https://www.carsystem.org/en/products/detail/painting-supplies/paper-trolley-1500-paper-stand","true","true","139.101","false","false","false","carsystem-paper-trolley-1500","Uvezen kao carsystem-paper-trolley-1500.",""
"IMPORTED_NEW","Paper Trolley","Triple paper stand","https://www.carsystem.org/en/products/detail/painting-supplies/paper-trolley-triple-paper-stand","true","true","138.862","false","false","false","carsystem-paper-trolley","Uvezen kao carsystem-paper-trolley.",""
"IMPORTED_NEW","RUPES Carrier","Carrier for polishes and abrasives","https://www.carsystem.org/en/products/detail/painting-supplies/rupes-carrier-carrier-for-polishes-and-abrasives","true","true","157.342","false","false","false","carsystem-rupes-carrier","Uvezen kao carsystem-rupes-carrier.",""
"IMPORTED_NEW","RUPES Cleaning and maintenance oil","Maintenance oil","https://www.carsystem.org/en/products/detail/painting-supplies/rupes-cleaning-and-maintenance-oil-maintenance-oil","true","true","150.190","false","false","false","carsystem-rupes-cleaning-and-maintenance-oil","Uvezen kao carsystem-rupes-cleaning-and-maintenance-oil.",""
"IMPORTED_NEW","RUPES Vacuum Cleaner S145","Vacuum cleaner","https://www.carsystem.org/en/products/detail/painting-supplies/rupes-vacuum-cleaner-s145-vacuum-cleaner","true","true","157.343 157.344 157.471 157.472 157.560","false","false","false","carsystem-rupes-vacuum-cleaner-s145","Uvezen kao carsystem-rupes-vacuum-cleaner-s145.",""
"IMPORTED_NEW","RUPES Workshop Carrier KC28","Workshop carrier","https://www.carsystem.org/en/products/detail/painting-supplies/rupes-workshop-carrier-kc28-workshop-carrier","true","true","157.341 157.469","false","false","false","carsystem-rupes-workshop-carrier-kc28","Uvezen kao carsystem-rupes-workshop-carrier-kc28.",""
"IMPORTED_NEW","Safety Coupling","Safety coupling with quick connector","https://www.carsystem.org/en/products/detail/painting-supplies/safety-coupling-safety-coupling-with-quick-connector","true","true","143.127","false","false","false","carsystem-safety-coupling","Uvezen kao carsystem-safety-coupling.",""
"IMPORTED_NEW","Shop Seat Pro","Workshop seat","https://www.carsystem.org/en/products/detail/painting-supplies/shop-seat-pro-workshop-seat","true","true","160.161","false","false","false","carsystem-shop-seat-pro","Uvezen kao carsystem-shop-seat-pro.",""
"IMPORTED_NEW","UV LED Lamp","UV LED lamp","https://www.carsystem.org/en/products/detail/painting-supplies/uv-led-lamp-uv-led-lamp","false","true","154.645","false","false","false","carsystem-uv-led-lamp","Uvezen kao carsystem-uv-led-lamp.",""
"IMPORTED_NEW","UV Smart Lamp","UV hand lamp","https://www.carsystem.org/en/products/detail/painting-supplies/uv-smart-lamp-uv-hand-lamp","true","true","153.777","false","false","false","carsystem-uv-smart-lamp","Uvezen kao carsystem-uv-smart-lamp.",""
"IMPORTED_NEW","UV Timer","Timer for UV Lamps","https://www.carsystem.org/en/products/detail/painting-supplies/uv-timer-timer-for-uv-lamps","false","true","154.772","false","false","false","carsystem-uv-timer","Uvezen kao carsystem-uv-timer.",""
"IMPORTED_NEW","Workshop Bucket","10 l","https://www.carsystem.org/en/products/detail/painting-supplies/workshop-bucket-10-l","true","true","139.442","false","false","false","carsystem-workshop-bucket","Uvezen kao carsystem-workshop-bucket.",""
"IMPORTED_NEW","Workshop Seat","Workshop seat","https://www.carsystem.org/en/products/detail/painting-supplies/workshop-seat-workshop-seat","true","true","149.427","false","false","false","carsystem-workshop-seat","Uvezen kao carsystem-workshop-seat.",""
"IMPORTED_NEW","X-Stand Classic","Paint stand","https://www.carsystem.org/en/products/detail/painting-supplies/x-stand-classic-paint-stand","true","true","137.349","false","false","false","carsystem-x-stand-classic","Uvezen kao carsystem-x-stand-classic.",""
"IMPORTED_NEW","X-Stand Top","Paint stand","https://www.carsystem.org/en/products/detail/painting-supplies/x-stand-top-paint-stand","true","true","138.851 138.852","false","false","false","carsystem-x-stand-top","Uvezen kao carsystem-x-stand-top.",""
"IMPORTED_NEW","1K Easy Filler","1K High build primer","https://www.carsystem.org/en/products/detail/painting/1k-easy-filler-1k-high-build-primer","true","true","159.584 151.522 151.523","false","false","false","carsystem-1k-easy-filler","Uvezen kao carsystem-1k-easy-filler.",""
"IMPORTED_NEW","1K Easy Primer","1K Filling primer","https://www.carsystem.org/en/products/detail/painting/1k-easy-primer-1k-filling-primer","true","true","151.537 151.538 151.539","false","false","false","carsystem-1k-easy-primer","Uvezen kao carsystem-1k-easy-primer.",""
"IMPORTED_NEW","1K Epoxy Primer","1K Epoxy primer","https://www.carsystem.org/en/products/detail/painting/1k-epoxy-primer-1k-epoxy-primer","true","true","151.958","false","false","false","carsystem-1k-epoxy-primer","Uvezen kao carsystem-1k-epoxy-primer.",""
"IMPORTED_NEW","2K Carbo Clear Plus","2K Carbo clear coat","https://www.carsystem.org/en/products/detail/painting/2k-carbo-clear-plus-2k-carbo-clear-coat","true","true","153.217 153.218 153.207 153.208","false","false","false","carsystem-2k-carbo-clear-plus","Uvezen kao carsystem-2k-carbo-clear-plus.",""
"IMPORTED_NEW","2K Carbo Filler Transparent 1,0","2K Polyurethane Filler","https://www.carsystem.org/en/products/detail/painting/2k-carbo-filler-transparent-10-2k-polyurethane-filler","true","true","157.988 157.989","false","false","false","carsystem-2k-carbo-filler-transparent-1-0","Uvezen kao carsystem-2k-carbo-filler-transparent-1-0.",""
"IMPORTED_NEW","2K Clear VOC 420","2K Clear coat","https://www.carsystem.org/en/products/detail/painting/2k-clear-voc-420-2k-clear-coat","false","true","144.138 144.140 144.139 142.953 144.107 144.108","false","false","false","carsystem-2k-clear-voc-420","Uvezen kao carsystem-2k-clear-voc-420.",""
"IMPORTED_NEW","2K Clear VOC CC.19 AS","2K Clear coat","https://www.carsystem.org/en/products/detail/painting/2k-clear-voc-cc19-as-2k-clear-coat","false","true","156.931","false","false","false","carsystem-2k-clear-voc-cc-19-as","Uvezen kao carsystem-2k-clear-voc-cc-19-as.",""
"IMPORTED_NEW","2K Clear VOC CC.25 HS-AS","2K Clear coat","https://www.carsystem.org/en/products/detail/painting/2k-clear-voc-cc25-hs-as-2k-clear-coat","true","true","160.417 160.418 160.419 160.420 160.422","true","true","true","carsystem-2k-clear-voc-cc-25-hs-as","Uvezen kao carsystem-2k-clear-voc-cc-25-hs-as.",""
"IMPORTED_NEW","2K CLEAR VOC CC.26 ECO-X 15-60","2K Clear coat","https://www.carsystem.org/en/products/detail/painting/2k-clear-voc-cc26-eco-x-15-60-2k-clear-coat","true","true","160.613 160.614 160.615","true","true","true","carsystem-2k-clear-voc-cc-26-eco-x-15-60","Uvezen kao carsystem-2k-clear-voc-cc-26-eco-x-15-60.",""
"IMPORTED_NEW","2K Clear VOC HS-SR","2K Clear coat","https://www.carsystem.org/en/products/detail/painting/2k-clear-voc-hs-sr-2k-clear-coat","false","true","153.223 153.774 151.909 151.910 151.911","false","false","false","carsystem-2k-clear-voc-hs-sr","Uvezen kao carsystem-2k-clear-voc-hs-sr.",""
"IMPORTED_NEW","2K Clear VOC Matt","2K Clear coat matt","https://www.carsystem.org/en/products/detail/painting/2k-clear-voc-matt-2k-clear-coat-matt","true","true","148.983 148.986 148.985 148.984","false","false","false","carsystem-2k-clear-voc-matt","Uvezen kao carsystem-2k-clear-voc-matt.",""
"IMPORTED_NEW","2K Clear VOC Premium","2K Clear coat","https://www.carsystem.org/en/products/detail/painting/2k-clear-voc-premium-2k-clear-coat","false","true","146.714 147.019 147.862","false","false","false","carsystem-2k-clear-voc-premium","Uvezen kao carsystem-2k-clear-voc-premium.",""
"IMPORTED_NEW","2K Clear VOC Speed Plus","2K Clear coat","https://www.carsystem.org/en/products/detail/painting/2k-clear-voc-speed-plus-2k-clear-coat","true","true","152.563 151.899 151.901","false","false","false","carsystem-2k-clear-voc-speed-plus","Uvezen kao carsystem-2k-clear-voc-speed-plus.",""
"IMPORTED_NEW","2K Epoxy Fill Primer","2K Spot-repair epoxy primer","https://www.carsystem.org/en/products/detail/painting/2k-epoxy-fill-primer-2k-spot-repair-epoxy-primer","true","true","159.158","false","false","false","carsystem-2k-epoxy-fill-primer","Uvezen kao carsystem-2k-epoxy-fill-primer.",""
"IMPORTED_NEW","2K Filler Air Plus","2K Acrylic filler","https://www.carsystem.org/en/products/detail/painting/2k-filler-air-plus-2k-acrylic-filler","true","true","152.580 152.416 152.417 152.418 152.419","false","false","false","carsystem-2k-filler-air-plus","Uvezen kao carsystem-2k-filler-air-plus.",""
"IMPORTED_NEW","2K Filler Vario Plus","2K Acrylic filler","https://www.carsystem.org/en/products/detail/painting/2k-filler-vario-plus-2k-acrylic-filler","true","true","152.058 152.057 147.682","false","false","false","carsystem-2k-filler-vario-plus","Uvezen kao carsystem-2k-filler-vario-plus.",""
"IMPORTED_NEW","2K Filler Wet on Wet Plus","2K Acryl filler","https://www.carsystem.org/en/products/detail/painting/2k-filler-wet-on-wet-plus-2k-acryl-filler","false","true","153.455 153.456 153.457","false","false","false","carsystem-2k-filler-wet-on-wet-plus","Uvezen kao carsystem-2k-filler-wet-on-wet-plus.",""
"IMPORTED_NEW","2K High-Speed Klarlack","2K Spot-repair clear coat","https://www.carsystem.org/en/products/detail/painting/2k-high-speed-klarlack-2k-spot-repair-clear-coat","true","true","149.421","false","false","false","carsystem-2k-high-speed-klarlack","Uvezen kao carsystem-2k-high-speed-klarlack.",""
"IMPORTED_NEW","2K VOC Filler 540","2K Acrylic filler","https://www.carsystem.org/en/products/detail/painting/2k-voc-filler-540-2k-acrylic-filler","true","true","144.541 147.432 144.539 144.540 144.354 144.026 144.353 144.977 144.027 153.493","false","false","false","carsystem-2k-voc-filler-540","Uvezen kao carsystem-2k-voc-filler-540.","VARIANT_ONLY_ON_WEBSITE"
"IMPORTED_NEW","Acryl Thinner","Acrylic thinner","https://www.carsystem.org/en/products/detail/painting/acryl-thinner-acrylic-thinner","true","true","153.171 150.331 141.479 152.456","false","false","false","carsystem-acryl-thinner","Uvezen kao carsystem-acryl-thinner.",""
"IMPORTED_NEW","Activator","Reaction accelerator","https://www.carsystem.org/en/products/detail/painting/activator-reaction-accelerator","true","true","147.695","false","false","false","carsystem-activator","Uvezen kao carsystem-activator.",""
"IMPORTED_NEW","Adapter for CPS paint cup systems","Stainless steel and aluminium spray gun adapters","https://www.carsystem.org/en/products/detail/painting/adapter-for-cps-paint-cup-systems-stainless-steel-and-aluminium-spray-gun-adapters","true","true","158.063 158.064 158.065 158.066 158.717 158.718 160.187 160.188 160.189 160.190 160.191 160.192 160.193 160.194","true","true","true","carsystem-adapter-for-cps-paint-cup-systems","Uvezen kao carsystem-adapter-for-cps-paint-cup-systems.",""
"IMPORTED_NEW","AF.21 1K Filler","1K Hybrid filler","https://www.carsystem.org/en/products/detail/painting/af21-1k-filler-1k-hybrid-filler","true","true","158.244 158.245","false","false","false","carsystem-af-21-1k-filler","Uvezen kao carsystem-af-21-1k-filler.",""
"IMPORTED_NEW","AF.21 X-pert","2K Acrylic filler","https://www.carsystem.org/en/products/detail/painting/af21-x-pert-2k-acrylic-filler","true","true","158.216 158.218 158.219 158.220 158.221 159.237 160.315","false","false","false","carsystem-af-21-x-pert","Uvezen kao carsystem-af-21-x-pert.",""
"IMPORTED_NEW","AF.25 Primer Wet on Wet","2K Acryl filler","https://www.carsystem.org/en/products/detail/painting/af25-primer-wet-on-wet-2k-acryl-filler","true","true","160.263 160.262 160.261 160.267 160.265 160.268","true","true","true","carsystem-af-25-primer-wet-on-wet","Uvezen kao carsystem-af-25-primer-wet-on-wet.",""
"IMPORTED_NEW","Brush Set","Set of brushes","https://www.carsystem.org/en/products/detail/painting/brush-set-set-of-brushes","true","true","140.970","false","false","false","carsystem-brush-set","Uvezen kao carsystem-brush-set.",""
"IMPORTED_NEW","Bumper Paint Spray","Bumper spray","https://www.carsystem.org/en/products/detail/painting/bumper-paint-spray-bumper-spray","true","true","142.820 142.821","false","false","false","carsystem-bumper-paint-spray","Uvezen kao carsystem-bumper-paint-spray.",""
"IMPORTED_NEW","Bumper Paint","Structurant paint for plastics","https://www.carsystem.org/en/products/detail/painting/bumper-paint-structurant-paint-for-plastics","true","true","147.447","false","false","false","carsystem-bumper-paint","Uvezen kao carsystem-bumper-paint.",""
"IMPORTED_NEW","Bumper Structurant Spray","Bumper structurant spray black","https://www.carsystem.org/en/products/detail/painting/bumper-structurant-spray-bumper-structurant-spray-black","true","true","142.982","false","false","false","carsystem-bumper-structurant-spray","Uvezen kao carsystem-bumper-structurant-spray.",""
"IMPORTED_NEW","Can Scraper","Plastic mixing stick","https://www.carsystem.org/en/products/detail/painting/can-scraper-plastic-mixing-stick","true","true","159.672","true","true","true","carsystem-can-scraper","Uvezen kao carsystem-can-scraper.",""
"IMPORTED_NEW","CC.20 X-pert","2K Clear coat","https://www.carsystem.org/en/products/detail/painting/cc20-x-pert-2k-clear-coat","true","true","158.423 157.450 157.451","false","false","false","carsystem-cc-20-x-pert","Uvezen kao carsystem-cc-20-x-pert.",""
"IMPORTED_NEW","CC.21 X-press FIVE","2K Clear coat","https://www.carsystem.org/en/products/detail/painting/cc21-x-press-five-2k-clear-coat","true","true","158.251 158.249 158.250","false","false","false","carsystem-cc-21-x-press-five","Uvezen kao carsystem-cc-21-x-press-five.",""
"IMPORTED_NEW","Clear Coat Spray","Paint spray - transparent","https://www.carsystem.org/en/products/detail/painting/clear-coat-spray-paint-spray-transparent","true","true","126.025","false","false","false","carsystem-clear-coat-spray","Uvezen kao carsystem-clear-coat-spray.",""
"IMPORTED_NEW","Color Match Card Paper","Colour match card","https://www.carsystem.org/en/products/detail/painting/color-match-card-paper-colour-match-card","true","true","141.109","false","false","false","carsystem-color-match-card-paper","Uvezen kao carsystem-color-match-card-paper.",""
"IMPORTED_NEW","Dispenser for paint strainers","Dispenser","https://www.carsystem.org/en/products/detail/painting/dispenser-for-paint-strainers-dispenser","true","true","146.960","false","false","false","carsystem-dispenser-for-paint-strainers","Uvezen kao carsystem-dispenser-for-paint-strainers.",""
"IMPORTED_NEW","Dispenser Multi-Mix","Wall bracket for Multi-Mix Cups","https://www.carsystem.org/en/products/detail/painting/dispenser-multi-mix-wall-bracket-for-multi-mix-cups","true","true","137.664 137.665 137.666 137.667","false","false","false","carsystem-dispenser-multi-mix","Uvezen kao carsystem-dispenser-multi-mix.",""
"IMPORTED_NEW","Dust Needle","Dust needle","https://www.carsystem.org/en/products/detail/painting/dust-needle-dust-needle","true","true","140.971 140.972","false","false","false","carsystem-dust-needle","Uvezen kao carsystem-dust-needle.",""
"IMPORTED_NEW","EF.21 EP-Filler","2K Hybrid filler","https://www.carsystem.org/en/products/detail/painting/ef21-ep-filler-2k-hybrid-filler","true","true","158.248","false","false","false","carsystem-ef-21-ep-filler","Uvezen kao carsystem-ef-21-ep-filler.",""
"IMPORTED_NEW","Etch Primer","Primer","https://www.carsystem.org/en/products/detail/painting/etch-primer-primer","true","true","143.028","false","false","false","carsystem-etch-primer","Uvezen kao carsystem-etch-primer.",""
"IMPORTED_NEW","High Gloss Additive","High-gloss additive","https://www.carsystem.org/en/products/detail/painting/high-gloss-additive-high-gloss-additive","true","true","152.788","false","false","false","carsystem-high-gloss-additive","Uvezen kao carsystem-high-gloss-additive.",""
"IMPORTED_NEW","HpP Primer","1K Plastic primer","https://www.carsystem.org/en/products/detail/painting/hpp-primer-1k-plastic-primer","true","true","154.706 154.707 154.708 154.712","false","false","false","carsystem-hpp-primer","Uvezen kao carsystem-hpp-primer.",""
"IMPORTED_NEW","Micro Tip","Repair tip","https://www.carsystem.org/en/products/detail/painting/micro-tip-repair-tip","true","true","140.976","false","false","false","carsystem-micro-tip","Uvezen kao carsystem-micro-tip.",""
"IMPORTED_NEW","Mixing Stick Black","Plastic mixing stick","https://www.carsystem.org/en/products/detail/painting/mixing-stick-black-plastic-mixing-stick","true","true","144.752","false","false","false","carsystem-mixing-stick-black","Uvezen kao carsystem-mixing-stick-black.",""
"IMPORTED_NEW","Mixing Stick Fast","Plastic mixing stick","https://www.carsystem.org/en/products/detail/painting/mixing-stick-fast-plastic-mixing-stick","true","true","159.834","true","true","true","carsystem-mixing-stick-fast","Uvezen kao carsystem-mixing-stick-fast.",""
"IMPORTED_NEW","Multi-Mix Bucket","Paint mixing bucket","https://www.carsystem.org/en/products/detail/painting/multi-mix-bucket-paint-mixing-bucket","true","true","144.649 145.315","false","false","false","carsystem-multi-mix-bucket","Uvezen kao carsystem-multi-mix-bucket.",""
"IMPORTED_NEW","Multi-Mix Cup","Disposable mixing cups","https://www.carsystem.org/en/products/detail/painting/multi-mix-cup-disposable-mixing-cups","true","true","140.545 140.546 140.547 140.548","false","false","false","carsystem-multi-mix-cup","Uvezen kao carsystem-multi-mix-cup.",""
"IMPORTED_NEW","Multi-Mix Lids","Disposable lids","https://www.carsystem.org/en/products/detail/painting/multi-mix-lids-disposable-lids","true","true","140.549 140.550 140.551 140.552","false","false","false","carsystem-multi-mix-lids","Uvezen kao carsystem-multi-mix-lids.",""
"IMPORTED_NEW","Multi Strain","Paint strainer","https://www.carsystem.org/en/products/detail/painting/multi-strain-paint-strainer","true","true","146.957 146.958","false","false","false","carsystem-multi-strain","Uvezen kao carsystem-multi-strain.",""
"IMPORTED_NEW","Paint Strainer","Paint strainer","https://www.carsystem.org/en/products/detail/painting/paint-strainer-paint-strainer","true","true","158.430 158.431","false","false","false","carsystem-paint-strainer","Uvezen kao carsystem-paint-strainer.",""
"IMPORTED_NEW","Paint System CPS 2.0","Disposable paint cup system with ring lock","https://www.carsystem.org/en/products/detail/painting/paint-system-cps-20-disposable-paint-cup-system-with-ring-lock","false","true","159.311 159.312 159.670 159.643 159.644 159.671 159.315 159.318 159.321 159.322 159.324 159.325","false","false","false","carsystem-paint-system-cps-2-0","Uvezen kao carsystem-paint-system-cps-2-0.",""
"IMPORTED_NEW","Paint System CPS 3.0","Disposable paint cup system with red locking ring","https://www.carsystem.org/en/products/detail/painting/paint-system-cps-30-disposable-paint-cup-system-with-red-locking-ring","true","true","160.085 160.086 160.087 160.088 160.090 160.091 160.092 160.093 160.376 160.377 160.379","true","true","true","carsystem-paint-system-cps-3-0","Uvezen kao carsystem-paint-system-cps-3-0.",""
"IMPORTED_NEW","PG - FG Fine Filter","Fine filter","https://www.carsystem.org/en/products/detail/painting/pg-fg-fine-filter-fine-filter","true","true","138.680","false","false","false","carsystem-pg-fg-fine-filter","Uvezen kao carsystem-pg-fg-fine-filter.",""
"IMPORTED_NEW","Plastic Can Empty","Paint tins","https://www.carsystem.org/en/products/detail/painting/plastic-can-empty-paint-tins","true","true","144.957 144.958 145.784","false","false","false","carsystem-plastic-can-empty","Uvezen kao carsystem-plastic-can-empty.",""
"IMPORTED_NEW","Plastic Primer","Plastic primer","https://www.carsystem.org/en/products/detail/painting/plastic-primer-plastic-primer","true","true","145.986","false","false","false","carsystem-plastic-primer","Uvezen kao carsystem-plastic-primer.",""
"IMPORTED_NEW","Prefill-Spray","Aerosol tin - fillable","https://www.carsystem.org/en/products/detail/painting/prefill-spray-aerosol-tin-fillable","true","true","125.686","false","false","false","carsystem-prefill-spray","Uvezen kao carsystem-prefill-spray.",""
"IMPORTED_NEW","Prefill-Spray Water","Aerosol tin - fillable","https://www.carsystem.org/en/products/detail/painting/prefill-spray-water-aerosol-tin-fillable","true","true","140.608","false","false","false","carsystem-prefill-spray-water","Uvezen kao carsystem-prefill-spray-water.",""
"IMPORTED_NEW","Primer Spray","Primer spray","https://www.carsystem.org/en/products/detail/painting/primer-spray-primer-spray","true","true","125.949 132.907","false","false","false","carsystem-primer-spray","Uvezen kao carsystem-primer-spray.",""
"IMPORTED_NEW","Primer Surfacing Spray","Primer spray","https://www.carsystem.org/en/products/detail/painting/primer-surfacing-spray-primer-spray","true","true","126.024","false","false","false","carsystem-primer-surfacing-spray","Uvezen kao carsystem-primer-surfacing-spray.",""
"IMPORTED_NEW","Rallye-Spray gloss","Paint spray - gloss","https://www.carsystem.org/en/products/detail/painting/rallye-spray-gloss-paint-spray-gloss","true","true","126.053 126.026","false","false","false","carsystem-rallye-spray-gloss","Uvezen kao carsystem-rallye-spray-gloss.",""
"IMPORTED_NEW","Rallye-Spray matt","Paint spray - matt","https://www.carsystem.org/en/products/detail/painting/rallye-spray-matt-paint-spray-matt","true","true","126.027","false","false","false","carsystem-rallye-spray-matt","Uvezen kao carsystem-rallye-spray-matt.",""
"IMPORTED_NEW","Rallye-Spray Premium","Paint spray - black glossy","https://www.carsystem.org/en/products/detail/painting/rallye-spray-premium-paint-spray-black-glossy","true","true","149.219","false","false","false","carsystem-rallye-spray-premium-black-glossy","Uvezen kao carsystem-rallye-spray-premium-black-glossy.",""
"IMPORTED_NEW","Rallye-Spray Premium","Paint spray - black matt","https://www.carsystem.org/en/products/detail/painting/rallye-spray-premium-paint-spray-black-matt","true","true","149.218","false","false","false","carsystem-rallye-spray-premium-black-matt","Uvezen kao carsystem-rallye-spray-premium-black-matt.",""
"IMPORTED_NEW","Replacement Spray Head","Replacement Spray Head - adjustable","https://www.carsystem.org/en/products/detail/painting/replacement-spray-head-replacement-spray-head-adjustable","true","true","153.793","false","false","false","carsystem-replacement-spray-head-adjustable","Uvezen kao carsystem-replacement-spray-head-adjustable.",""
"IMPORTED_NEW","Replacement Spray Head","Replacement spray head - red","https://www.carsystem.org/en/products/detail/painting/replacement-spray-head-replacement-spray-head-red","true","true","145.840","false","false","false","carsystem-replacement-spray-head-red","Uvezen kao carsystem-replacement-spray-head-red.",""
"IMPORTED_NEW","Silver Wheel","Silver wheel spray","https://www.carsystem.org/en/products/detail/painting/silver-wheel-silver-wheel-spray","true","true","126.021","false","false","false","carsystem-silver-wheel","Uvezen kao carsystem-silver-wheel.",""
"IMPORTED_NEW","Spotblender","Blending thinner","https://www.carsystem.org/en/products/detail/painting/spotblender-blending-thinner","true","true","148.989","false","false","false","carsystem-spotblender","Uvezen kao carsystem-spotblender.",""
"IMPORTED_NEW","Spotblender Spray","Blending thinner spray","https://www.carsystem.org/en/products/detail/painting/spotblender-spray-blending-thinner-spray","true","true","145.987","false","false","false","carsystem-spotblender-spray","Uvezen kao carsystem-spotblender-spray.",""
"IMPORTED_NEW","Spray Filler Spray","Spray filler","https://www.carsystem.org/en/products/detail/painting/spray-filler-spray-spray-filler","true","true","125.580","false","false","false","carsystem-spray-filler-spray","Uvezen kao carsystem-spray-filler-spray.",""
"IMPORTED_NEW","Spray Out Cards Metal","Colour match card","https://www.carsystem.org/en/products/detail/painting/spray-out-cards-metal-colour-match-card","true","true","153.758 153.759","false","false","false","carsystem-spray-out-cards-metal","Uvezen kao carsystem-spray-out-cards-metal.",""
"IMPORTED_NEW","Thermo-Spray","Paint spray - heat resistant","https://www.carsystem.org/en/products/detail/painting/thermo-spray-paint-spray-heat-resistant","true","true","126.086 126.087","false","false","false","carsystem-thermo-spray","Uvezen kao carsystem-thermo-spray.",""
"IMPORTED_NEW","Tinting paste filler","Tinting paste","https://www.carsystem.org/en/products/detail/painting/tinting-paste-filler-tinting-paste","true","true","148.505 148.504","false","false","false","carsystem-tinting-paste-filler","Uvezen kao carsystem-tinting-paste-filler.",""
"IMPORTED_NEW","Touch Up","Paint bottle - fillable 20ml","https://www.carsystem.org/en/products/detail/painting/touch-up-paint-bottle-fillable-20ml","true","true","150.764","false","false","false","carsystem-touch-up-fillable-20ml","Uvezen kao carsystem-touch-up-fillable-20ml.",""
"IMPORTED_NEW","Touch Up","Paint bottle - fillable 50ml","https://www.carsystem.org/en/products/detail/painting/touch-up-paint-bottle-fillable-50ml","true","true","150.769","false","false","false","carsystem-touch-up-fillable-50ml","Uvezen kao carsystem-touch-up-fillable-50ml.",""
"IMPORTED_NEW","UV Clear","Transparent UV Clear coat","https://www.carsystem.org/en/products/detail/painting/uv-clear-transparent-uv-clear-coat","true","true","154.528","false","false","false","carsystem-uv-clear","Uvezen kao carsystem-uv-clear.",""
"IMPORTED_NEW","UV Filler Spray","UV Filler Spray","https://www.carsystem.org/en/products/detail/painting/uv-filler-spray-uv-filler-spray","false","true","159.169","false","false","false","carsystem-uv-filler-spray","Uvezen kao carsystem-uv-filler-spray.",""
"IMPORTED_NEW","Zinc Spray","Rust protection","https://www.carsystem.org/en/products/detail/painting/zinc-spray-rust-protection","true","true","126.030","false","false","false","carsystem-zinc-spray","Uvezen kao carsystem-zinc-spray.",""
"IMPORTED_NEW","30 Years Ltd. Coverall Jacket","Protective coverall","https://www.carsystem.org/en/products/detail/personal-safety/30-years-ltd-coverall-jacket-protective-coverall","true","true","159.654 159.655 159.656 159.657 159.658 159.659","false","false","false","carsystem-30-years-ltd-coverall-jacket","Uvezen kao carsystem-30-years-ltd-coverall-jacket.",""
"IMPORTED_NEW","Bodyshirt Black","Functional shirt - short-sleeved","https://www.carsystem.org/en/products/detail/personal-safety/bodyshirt-black-functional-shirt-short-sleeved","false","true","158.536 158.537","false","false","false","carsystem-bodyshirt-black","Uvezen kao carsystem-bodyshirt-black.",""
"IMPORTED_NEW","Classic Coverall Jacket Anthracite","Protective coverall","https://www.carsystem.org/en/products/detail/personal-safety/classic-coverall-jacket-anthracite-protective-coverall","true","true","159.194 159.195 159.196 159.197 159.198 159.199 159.200","false","false","false","carsystem-classic-coverall-jacket-anthracite","Uvezen kao carsystem-classic-coverall-jacket-anthracite.",""
"IMPORTED_NEW","Classic Coverall Pants","Protective coverall","https://www.carsystem.org/en/products/detail/personal-safety/classic-coverall-pants-protective-coverall","true","true","159.180 159.181 159.182 159.183 159.184 159.185 159.186","false","false","false","carsystem-classic-coverall-pants","Uvezen kao carsystem-classic-coverall-pants.",""
"IMPORTED_NEW","Coverall 2.0","Disposable-protective suit 2.0","https://www.carsystem.org/en/products/detail/personal-safety/coverall-20-disposable-protective-suit-20","true","true","160.275 160.276 160.277 160.278 160.279 160.280","false","false","false","carsystem-coverall-2-0","Uvezen kao carsystem-coverall-2-0.",""
"IMPORTED_NEW","Coverall Black Suit","Protective coverall","https://www.carsystem.org/en/products/detail/personal-safety/coverall-black-suit-protective-coverall","true","true","159.113 159.114 159.115 159.116 159.117 159.118","false","false","false","carsystem-coverall-black-suit","Uvezen kao carsystem-coverall-black-suit.",""
"IMPORTED_NEW","Explorer Ltd. 2-Piece Coverall","Protective coverall","https://www.carsystem.org/en/products/detail/personal-safety/explorer-ltd-2-piece-coverall-protective-coverall","false","true","159.120 159.121 158.682 158.683 158.684 158.685 158.687 158.688 158.689 158.690 158.691 158.692 158.693","false","false","false","carsystem-explorer-ltd-2-piece-coverall","Uvezen kao carsystem-explorer-ltd-2-piece-coverall.",""
"IMPORTED_NEW","Hand Cleaner extreme","Hand cleaner","https://www.carsystem.org/en/products/detail/personal-safety/hand-cleaner-extreme-hand-cleaner","true","true","155.348 155.357","false","false","false","carsystem-hand-cleaner-extreme","Uvezen kao carsystem-hand-cleaner-extreme.",""
"IMPORTED_NEW","Hand Cleaner","Hand cleaner","https://www.carsystem.org/en/products/detail/personal-safety/hand-cleaner-hand-cleaner","true","true","155.356","false","false","false","carsystem-hand-cleaner","Uvezen kao carsystem-hand-cleaner.",""
"IMPORTED_NEW","Latex gloves","Protective gloves","https://www.carsystem.org/en/products/detail/personal-safety/latex-gloves-protective-gloves","false","true","157.981","false","false","false","carsystem-latex-gloves","Uvezen kao carsystem-latex-gloves.",""
"IMPORTED_NEW","Latex Hand I Premium","Protection gloves","https://www.carsystem.org/en/products/detail/personal-safety/latex-hand-i-premium-protection-gloves","true","true","152.011 152.012","false","false","false","carsystem-latex-hand-i-premium","Uvezen kao carsystem-latex-hand-i-premium.",""
"IMPORTED_NEW","Neopren Hand","Protection gloves","https://www.carsystem.org/en/products/detail/personal-safety/neopren-hand-protection-gloves","true","true","140.939 140.940 140.941","false","false","false","carsystem-neopren-hand","Uvezen kao carsystem-neopren-hand.",""
"IMPORTED_NEW","Nitril Hand Premium black","Protection gloves","https://www.carsystem.org/en/products/detail/personal-safety/nitril-hand-premium-black-protection-gloves","true","true","156.623 156.624 154.347 154.348","false","false","false","carsystem-nitril-hand-premium-black","Uvezen kao carsystem-nitril-hand-premium-black.",""
"IMPORTED_NEW","Paint Overall Blue","Protective coverall","https://www.carsystem.org/en/products/detail/personal-safety/paint-overall-blue-protective-coverall","true","true","139.232 139.233 138.472 138.473 139.234 152.968","false","false","false","carsystem-paint-overall-blue","Uvezen kao carsystem-paint-overall-blue.",""
"IMPORTED_NEW","Prep Hand II","Work gloves","https://www.carsystem.org/en/products/detail/personal-safety/prep-hand-ii-work-gloves","true","true","150.719 150.720","false","false","false","carsystem-prep-hand-ii","Uvezen kao carsystem-prep-hand-ii.",""
"IMPORTED_NEW","Prep Hand III","Work gloves","https://www.carsystem.org/en/products/detail/personal-safety/prep-hand-iii-work-gloves","true","true","145.132 145.133","false","false","false","carsystem-prep-hand-iii","Uvezen kao carsystem-prep-hand-iii.",""
"IMPORTED_NEW","Pump for Hand Cleaner 3 l","Pump for Hand Cleaner classic","https://www.carsystem.org/en/products/detail/personal-safety/pump-for-hand-cleaner-3-l-pump-for-hand-cleaner-classic","true","true","155.359","false","false","false","carsystem-pump-for-hand-cleaner-3-l","Uvezen kao carsystem-pump-for-hand-cleaner-3-l.","NAME_DIFFERS"
"IMPORTED_NEW","Safety Lens","Protective glasses","https://www.carsystem.org/en/products/detail/personal-safety/safety-lens-protective-glasses","true","true","140.955","false","false","false","carsystem-safety-lens","Uvezen kao carsystem-safety-lens.",""
"IMPORTED_NEW","Star Dust 2.0 FFP2","Dust mask","https://www.carsystem.org/en/products/detail/personal-safety/star-dust-20-ffp2-dust-mask","true","true","159.949","true","true","true","carsystem-star-dust-2-0-ffp2","Uvezen kao carsystem-star-dust-2-0-ffp2.",""
"IMPORTED_NEW","Star Dust 2.0 FFP3 with Valve","Dust mask","https://www.carsystem.org/en/products/detail/personal-safety/star-dust-20-ffp3-with-valve-dust-mask","true","true","159.950","true","true","true","carsystem-star-dust-2-0-ffp3-with-valve","Uvezen kao carsystem-star-dust-2-0-ffp3-with-valve.",""
"IMPORTED_NEW","Star Mask Disc","Filter frame","https://www.carsystem.org/en/products/detail/personal-safety/star-mask-disc-filter-frame","true","true","144.310","false","false","false","carsystem-star-mask-disc","Uvezen kao carsystem-star-mask-disc.",""
"IMPORTED_NEW","Star Mask Pre P2 R","Pre-filters","https://www.carsystem.org/en/products/detail/personal-safety/star-mask-pre-p2-r-pre-filters","true","true","141.154","false","false","false","carsystem-star-mask-pre-p2-r","Uvezen kao carsystem-star-mask-pre-p2-r.",""
"IMPORTED_NEW","Star Mask Refill","Charcoal filter","https://www.carsystem.org/en/products/detail/personal-safety/star-mask-refill-charcoal-filter","true","true","141.224","false","false","false","carsystem-star-mask-refill","Uvezen kao carsystem-star-mask-refill.",""
"IMPORTED_NEW","Star Mask","Respirator","https://www.carsystem.org/en/products/detail/personal-safety/star-mask-respirator","true","true","141.143 141.145","false","false","false","carsystem-star-mask","Uvezen kao carsystem-star-mask.",""
"IMPORTED_NEW","Super Nitril Hand I","Protection gloves","https://www.carsystem.org/en/products/detail/personal-safety/super-nitril-hand-i-protection-gloves","true","true","145.130 145.131","false","false","false","carsystem-super-nitril-hand-i","Uvezen kao carsystem-super-nitril-hand-i.",""
"IMPORTED_NEW","UV Glasses","UV-protective glasses","https://www.carsystem.org/en/products/detail/personal-safety/uv-glasses-uv-protective-glasses","true","true","154.263","false","false","false","carsystem-uv-glasses","Uvezen kao carsystem-uv-glasses.",""
"IMPORTED_NEW","Wall dispenser for Soft Bottle 2 l","Wall Dispenser","https://www.carsystem.org/en/products/detail/personal-safety/wall-dispenser-for-soft-bottle-2-l-wall-dispenser","true","true","155.350","false","false","false","carsystem-wall-dispenser-for-soft-bottle-2-l","Uvezen kao carsystem-wall-dispenser-for-soft-bottle-2-l.",""
"IMPORTED_NEW","1K NC Filler","Nitrocellulose - filler","https://www.carsystem.org/en/products/detail/putties/1k-nc-filler-nitrocellulose-filler","true","true","158.139","false","false","false","carsystem-1k-nc-filler","Uvezen kao carsystem-1k-nc-filler.",""
"IMPORTED_NEW","Alu Spezial","Polyester - hard putty","https://www.carsystem.org/en/products/detail/putties/alu-spezial-polyester-hard-putty","true","true","148.524","false","false","false","carsystem-alu-spezial","Uvezen kao carsystem-alu-spezial.",""
"IMPORTED_NEW","Aluminium mesh","Aluminium repair mesh","https://www.carsystem.org/en/products/detail/putties/aluminium-mesh-aluminium-repair-mesh","true","true","126.041","false","false","false","carsystem-aluminium-mesh","Uvezen kao carsystem-aluminium-mesh.",""
"IMPORTED_NEW","Anti Rust Putty","Anti rust putty","https://www.carsystem.org/en/products/detail/putties/anti-rust-putty-anti-rust-putty","true","true","149.612","false","false","false","carsystem-anti-rust-putty","Uvezen kao carsystem-anti-rust-putty.",""
"IMPORTED_NEW","Blacky","Rubber spreader","https://www.carsystem.org/en/products/detail/putties/blacky-rubber-spreader","true","true","137.433","false","false","false","carsystem-blacky","Uvezen kao carsystem-blacky.",""
"IMPORTED_NEW","BPO Hardener","Hardener","https://www.carsystem.org/en/products/detail/putties/bpo-hardener-hardener","true","true","132.413","false","false","false","carsystem-bpo-hardener","Uvezen kao carsystem-bpo-hardener.",""
"IMPORTED_NEW","Carbo Putty","Polyester - carbon putty","https://www.carsystem.org/en/products/detail/putties/carbo-putty-polyester-carbon-putty","true","true","148.018","false","false","false","carsystem-carbo-putty","Uvezen kao carsystem-carbo-putty.",""
"IMPORTED_NEW","Carbo Spray","Polyester - sprayable putty for carbon parts","https://www.carsystem.org/en/products/detail/putties/carbo-spray-polyester-sprayable-putty-for-carbon-parts","true","true","148.019","false","false","false","carsystem-carbo-spray","Uvezen kao carsystem-carbo-spray.",""
"IMPORTED_NEW","Carbo Spray Thinner","Carbo spray thinner","https://www.carsystem.org/en/products/detail/putties/carbo-spray-thinner-carbo-spray-thinner","true","true","148.234","false","false","false","carsystem-carbo-spray-thinner","Uvezen kao carsystem-carbo-spray-thinner.",""
"IMPORTED_NEW","Dualmatic","Putty dispenser - manual","https://www.carsystem.org/en/products/detail/putties/dualmatic-putty-dispenser-manual","true","true","123.892 126.854 126.861","false","false","false","carsystem-dualmatic","Uvezen kao carsystem-dualmatic.",""
"IMPORTED_NEW","Easy Clean Box","Putty spreader cleaning box","https://www.carsystem.org/en/products/detail/putties/easy-clean-box-putty-spreader-cleaning-box","true","true","153.206 159.363","false","false","false","carsystem-easy-clean-box","Uvezen kao carsystem-easy-clean-box.",""
"IMPORTED_NEW","Elastic beige","Polyester - fine putty","https://www.carsystem.org/en/products/detail/putties/elastic-beige-polyester-fine-putty","true","true","127.976","false","false","false","carsystem-elastic-beige","Uvezen kao carsystem-elastic-beige.",""
"IMPORTED_NEW","Elastic Green","Polyester - fine putty","https://www.carsystem.org/en/products/detail/putties/elastic-green-polyester-fine-putty","false","true","146.708","false","false","false","carsystem-elastic-green","Uvezen kao carsystem-elastic-green.",""
"MATCHED_EXISTING","Elastic white","Polyester - fine putty","https://www.carsystem.org/en/products/detail/putties/elastic-white-polyester-fine-putty","true","true","130.856 127.975 132.723","false","false","false","carsystem-git-elastic-weiss","Već postoji kao ručni zapis „carsystem-git-elastic-weiss”.",""
"IMPORTED_NEW","Faser","Polyester - glass fibre reinforced putty","https://www.carsystem.org/en/products/detail/putties/faser-polyester-glass-fibre-reinforced-putty","true","true","138.443","false","false","false","carsystem-faser","Uvezen kao carsystem-faser.",""
"IMPORTED_NEW","Fill putty","Polyester - fill putty","https://www.carsystem.org/en/products/detail/putties/fill-putty-polyester-fill-putty","true","true","124.550 124.552","false","false","false","carsystem-fill-putty","Uvezen kao carsystem-fill-putty.",""
"IMPORTED_NEW","Fine putty","Polyester - fine putty","https://www.carsystem.org/en/products/detail/putties/fine-putty-polyester-fine-putty","true","true","124.124 124.126","false","false","false","carsystem-fine-putty","Uvezen kao carsystem-fine-putty.",""
"IMPORTED_NEW","Flex","Polyester - plastic putty","https://www.carsystem.org/en/products/detail/putties/flex-polyester-plastic-putty","true","true","134.796","false","false","false","carsystem-flex","Uvezen kao carsystem-flex.",""
"IMPORTED_NEW","Glas","Polyester - glass fibre reinforced putty","https://www.carsystem.org/en/products/detail/putties/glas-polyester-glass-fibre-reinforced-putty","true","true","130.854 127.974","false","false","false","carsystem-glas","Uvezen kao carsystem-glas.",""
"IMPORTED_NEW","Glas White","Polyester - glass fibre reinforced putty","https://www.carsystem.org/en/products/detail/putties/glas-white-polyester-glass-fibre-reinforced-putty","true","true","144.808","false","false","false","carsystem-glas-white","Uvezen kao carsystem-glas-white.",""
"IMPORTED_NEW","Glass fibre fleece","40 g per m²","https://www.carsystem.org/en/products/detail/putties/glass-fibre-fleece-40-g-per-m2","false","true","125.421 125.422","false","false","false","carsystem-glass-fibre-fleece","Uvezen kao carsystem-glass-fibre-fleece.",""
"IMPORTED_NEW","Glass fibre mat","300 g per m²","https://www.carsystem.org/en/products/detail/putties/glass-fibre-mat-300-g-per-m2","true","true","125.423 125.424","false","false","false","carsystem-glass-fibre-mat","Uvezen kao carsystem-glass-fibre-mat.",""
"IMPORTED_NEW","Glass fibre reinforced putty","Polyester - glass fibre reinforced putty","https://www.carsystem.org/en/products/detail/putties/glass-fibre-reinforced-putty-polyester-glass-fibre-reinforced-putty","true","true","124.036","false","false","false","carsystem-glass-fibre-reinforced-putty","Uvezen kao carsystem-glass-fibre-reinforced-putty.",""
"IMPORTED_NEW","Japanese Putty Knife","Japanese steel spreader","https://www.carsystem.org/en/products/detail/putties/japanese-putty-knife-japanese-steel-spreader","true","true","139.356","false","false","false","carsystem-japanese-putty-knife","Uvezen kao carsystem-japanese-putty-knife.",""
"IMPORTED_NEW","Liquid Putty","Polyester - liquid putty","https://www.carsystem.org/en/products/detail/putties/liquid-putty-polyester-liquid-putty","true","true","143.496","false","false","false","carsystem-liquid-putty","Uvezen kao carsystem-liquid-putty.",""
"IMPORTED_NEW","Metallic","Polyester - fill putty","https://www.carsystem.org/en/products/detail/putties/metallic-polyester-fill-putty","true","true","130.852 127.911","false","false","false","carsystem-metallic","Uvezen kao carsystem-metallic.",""
"IMPORTED_NEW","Multi Black Rapid","Multifunctional polyester putty","https://www.carsystem.org/en/products/detail/putties/multi-black-rapid-multifunctional-polyester-putty","true","true","159.755 160.343","false","false","false","carsystem-multi-black-rapid","Uvezen kao carsystem-multi-black-rapid.",""
"IMPORTED_NEW","Multi Blue Rapid Changer SF","Multifunctional polyester putty, styrene-free","https://www.carsystem.org/en/products/detail/putties/multi-blue-rapid-changer-sf-multifunctional-polyester-putty-styrene-free","true","true","159.923","true","true","true","carsystem-multi-blue-rapid-changer-sf","Uvezen kao carsystem-multi-blue-rapid-changer-sf.",""
"IMPORTED_NEW","Multi Flow","Polyester multi light putty","https://www.carsystem.org/en/products/detail/putties/multi-flow-polyester-multi-light-putty","true","true","160.378","true","false","true","carsystem-multi-flow","Uvezen kao carsystem-multi-flow.",""
"IMPORTED_NEW","Multi Green Changer","Multifuncional polyester putty","https://www.carsystem.org/en/products/detail/putties/multi-green-changer-multifuncional-polyester-putty","true","true","157.622","false","false","false","carsystem-multi-green-changer","Uvezen kao carsystem-multi-green-changer.",""
"IMPORTED_NEW","Multi Green Glas Light","Multifunctional fiberglass reinforced lightweight polyester putty","https://www.carsystem.org/en/products/detail/putties/multi-green-glas-light-multifunctional-fiberglass-reinforced-lightweight-polyester-putty","true","true","158.116","false","false","false","carsystem-multi-green-glas-light","Uvezen kao carsystem-multi-green-glas-light.",""
"IMPORTED_NEW","Multi Green Glas","Multifunctional fiberglass reinforced polyester putty","https://www.carsystem.org/en/products/detail/putties/multi-green-glas-multifunctional-fiberglass-reinforced-polyester-putty","true","true","146.707","false","false","false","carsystem-multi-green-glas","Uvezen kao carsystem-multi-green-glas.",""
"MATCHED_EXISTING","Multi Green","Multifuncional polyester putty","https://www.carsystem.org/en/products/detail/putties/multi-green-multifuncional-polyester-putty","true","true","146.706 147.337 149.134","false","false","false","carsystem-git-multi-green","Već postoji kao ručni zapis „carsystem-git-multi-green”.",""
"IMPORTED_NEW","Multi Green Plus 1.0 Super Light","Multifuncional polyester putty","https://www.carsystem.org/en/products/detail/putties/multi-green-plus-10-super-light-multifuncional-polyester-putty","true","true","152.357 152.978","false","false","false","carsystem-multi-green-plus-1-0-super-light","Uvezen kao carsystem-multi-green-plus-1-0-super-light.",""
"IMPORTED_NEW","Multi Green Rapid","Multifuncional polyester putty","https://www.carsystem.org/en/products/detail/putties/multi-green-rapid-multifuncional-polyester-putty","true","true","158.233","false","false","false","carsystem-multi-green-rapid","Uvezen kao carsystem-multi-green-rapid.",""
"IMPORTED_NEW","Multi Green SF","Multifuncional polyester putty styrene-free","https://www.carsystem.org/en/products/detail/putties/multi-green-sf-multifuncional-polyester-putty-styrene-free","true","true","156.543","false","false","false","carsystem-multi-green-sf","Uvezen kao carsystem-multi-green-sf.",""
"IMPORTED_NEW","Multi Light","Multifuncional polyester putty","https://www.carsystem.org/en/products/detail/putties/multi-light-multifuncional-polyester-putty","true","true","141.503 142.155","false","false","false","carsystem-multi-light","Uvezen kao carsystem-multi-light.",""
"IMPORTED_NEW","Multi","Multifuncional polyester putty","https://www.carsystem.org/en/products/detail/putties/multi-multifuncional-polyester-putty","true","true","130.857 127.977 134.155 132.214 128.145","false","false","false","carsystem-multi","Uvezen kao carsystem-multi.",""
"IMPORTED_NEW","Multi Plus","Multifuncional polyester putty","https://www.carsystem.org/en/products/detail/putties/multi-plus-multifuncional-polyester-putty","true","true","138.451","false","false","false","carsystem-multi-plus","Uvezen kao carsystem-multi-plus.",""
"IMPORTED_NEW","Multi Silver Light","Multifuncional polyester putty","https://www.carsystem.org/en/products/detail/putties/multi-silver-light-multifuncional-polyester-putty","true","true","140.795","false","false","false","carsystem-multi-silver-light","Uvezen kao carsystem-multi-silver-light.",""
"IMPORTED_NEW","Multi Soft","Multifuncional polyester putty","https://www.carsystem.org/en/products/detail/putties/multi-soft-multifuncional-polyester-putty","true","true","137.206","false","false","false","carsystem-multi-soft","Uvezen kao carsystem-multi-soft.",""
"IMPORTED_NEW","Multi Super Flex","Polyester putty highly elastic","https://www.carsystem.org/en/products/detail/putties/multi-super-flex-polyester-putty-highly-elastic","true","true","153.284","false","false","false","carsystem-multi-super-flex","Uvezen kao carsystem-multi-super-flex.",""
"IMPORTED_NEW","Plastic Pro","Polyester - plastic putty","https://www.carsystem.org/en/products/detail/putties/plastic-pro-polyester-plastic-putty","true","true","149.613","false","false","false","carsystem-plastic-pro","Uvezen kao carsystem-plastic-pro.",""
"IMPORTED_NEW","Plastic spreader","Plastic spreader","https://www.carsystem.org/en/products/detail/putties/plastic-spreader-plastic-spreader","true","true","146.961","false","false","false","carsystem-plastic-spreader","Uvezen kao carsystem-plastic-spreader.",""
"IMPORTED_NEW","Polyester Repair Resin","Polyester repair resin","https://www.carsystem.org/en/products/detail/putties/polyester-repair-resin-polyester-repair-resin","true","true","126.050","false","false","false","carsystem-polyester-repair-resin","Uvezen kao carsystem-polyester-repair-resin.",""
"IMPORTED_NEW","Polyester Repair Set","Polyester repair set","https://www.carsystem.org/en/products/detail/putties/polyester-repair-set-polyester-repair-set","true","true","126.054","false","false","false","carsystem-polyester-repair-set","Uvezen kao carsystem-polyester-repair-set.",""
"IMPORTED_NEW","Putty dispenser","Putty dispenser - pneumatic","https://www.carsystem.org/en/products/detail/putties/putty-dispenser-putty-dispenser-pneumatic","true","true","123.859 123.840 160.576","false","false","false","carsystem-putty-dispenser","Uvezen kao carsystem-putty-dispenser.",""
"IMPORTED_NEW","Putty Knife","Steel spreader","https://www.carsystem.org/en/products/detail/putties/putty-knife-steel-spreader","true","true","137.435 137.436 137.437","false","false","false","carsystem-putty-knife","Uvezen kao carsystem-putty-knife.",""
"IMPORTED_NEW","Putty Mix Board","Putty mix board","https://www.carsystem.org/en/products/detail/putties/putty-mix-board-putty-mix-board","true","true","142.206","false","false","false","carsystem-putty-mix-board","Uvezen kao carsystem-putty-mix-board.",""
"IMPORTED_NEW","Rubber Spreader Set","Rubber spreader","https://www.carsystem.org/en/products/detail/putties/rubber-spreader-set-rubber-spreader","true","true","159.448","false","false","false","carsystem-rubber-spreader-set","Uvezen kao carsystem-rubber-spreader-set.",""
"IMPORTED_NEW","Soft","Polyester - fill putty","https://www.carsystem.org/en/products/detail/putties/soft-polyester-fill-putty","true","true","127.972 132.116","false","false","false","carsystem-soft","Uvezen kao carsystem-soft.",""
"IMPORTED_NEW","Speedmixer 10 kg","Putty dispenser - electro-pneumatic","https://www.carsystem.org/en/products/detail/putties/speedmixer-10-kg-putty-dispenser-electro-pneumatic","true","true","143.347 146.955 143.810 144.131 143.205 145.419 146.808 147.451 149.614","false","false","false","carsystem-speedmixer-10-kg","Uvezen kao carsystem-speedmixer-10-kg.",""
"IMPORTED_NEW","Speedmixer 3 kg","Putty dispenser - electrical","https://www.carsystem.org/en/products/detail/putties/speedmixer-3-kg-putty-dispenser-electrical","true","true","151.017 146.427 152.088","false","false","false","carsystem-speedmixer-3-kg","Uvezen kao carsystem-speedmixer-3-kg.",""
"IMPORTED_NEW","Spray Plus","Polyester - sprayable putty","https://www.carsystem.org/en/products/detail/putties/spray-plus-polyester-sprayable-putty","true","true","135.597","false","false","false","carsystem-spray-plus","Uvezen kao carsystem-spray-plus.",""
"IMPORTED_NEW","Spray","Polyester - sprayable putty","https://www.carsystem.org/en/products/detail/putties/spray-polyester-sprayable-putty","true","true","127.978","false","false","false","carsystem-spray","Uvezen kao carsystem-spray.",""
"IMPORTED_NEW","Spray Thinner","Thinner","https://www.carsystem.org/en/products/detail/putties/spray-thinner-thinner","true","true","124.315","false","false","false","carsystem-spray-thinner","Uvezen kao carsystem-spray-thinner.",""
"IMPORTED_NEW","Steel","Polyester - hard putty","https://www.carsystem.org/en/products/detail/putties/steel-polyester-hard-putty","true","true","138.587","false","false","false","carsystem-steel","Uvezen kao carsystem-steel.",""
