rank,score,class,problemType,pipelineToneStatus,pipelineToneMedianLumChangePct,pipelineToneFittedGamma,processedSourceExt,slug,name,leadArticleNumber,productCode,runtimePath,sourceProcessedUrl,officialOriginalUrl,sourceSha256,w,h,format,bytes,hasRealAlpha,cornerAlphaMax,alphaVeil,borderFrameRings,borderFrameSimVerdict,maskSource,boxAlpha24,boxOpaqueCore,areaInflation,widthInflation,heightInflation,occupancyBox,occupancyMask,marginL,marginR,marginT,marginB,lumMedian,lumP05,lumP95,lumRange,chromaMedian,greyShare,flatBlackShare,brightShare,blownShare,crushedShare,detailDensity,shadowShare,featherShare,componentCount,bgRingHex,labelAtRisk,officialOriginalW,officialOriginalH,officialOriginalFormat,officialOriginalBytes,originalIsLargerThanRuntime,reexportLikelyFixes,why,treatment,risk,flags
1,81,B_DETERMINISTIC_FIX,SOURCE_IMAGE_PROBLEM,unknown,,,png,carsystem-paint-trolley-flexi-plus,Carsystem Paint Trolley Flexi Plus,152.596,152.596,/products/carsystem/catalog/carsystem-paint-trolley-flexi-plus.webp,https://www.carsystem.org/fileadmin/_processed_/3/a/csm_152596-cs-lackierstaender-flexi-plus-inkl-verlaengerung_84b7ee224f.png,https://www.carsystem.org/fileadmin/products/images/152.596/152596-cs-lackierstaender-flexi-plus-inkl-verlaengerung.png,54e13cecd7e361bee41be0d478ca406ed3131e0f8d3642df72bc9412cf6c664a,660,692,WEBP,46264,True,25,True,1,PASS,alpha,"0,0,660,692","18,25,617,653",1.1336,1.0697,1.0597,1.0,0.1291,0.0,0.0,0.0,0.0,0.0306,0.0005,0.15,0.1496,0.0706,0.4665,0.0764,0.0008,0.0,0.4071,0.0847,0.0056,0.1642,3,#8c98a7,True,2240,2348,PNG,3956019,True,False,"poluprovidan OKVIR uz samu ivicu platna (prsten 0: alfa 13; uglovi do 25), ostatak platna alfa 0 — maska alpha>24 zbog okvira/uglova obuhvata celo platno, pa fit sistem skalira platno umesto proizvoda",BORDER_FRAME_STRIP (ALPHA-FRAME-METHOD.md): nuliranje alfe SAMO u uniformnim rubnim prstenovima; simulacija u memoriji: PASS,"vrlo nizak — opaque core, antialias ivice i meke senke ostaju bajt-identični; automatski reject ugrađen",VERY_SMALL_SUBJECT|BOX_INFLATION|SOFT_EDGE_HALO
2,74,B_DETERMINISTIC_FIX,SOURCE_IMAGE_PROBLEM,unknown,,,png,carsystem-rupes-polishing-machine-lh19e,RUPES Polishing Machine LH19E,157.322,157.322,/products/carsystem/catalog/carsystem-rupes-polishing-machine-lh19e.webp,https://www.carsystem.org/fileadmin/_processed_/3/b/csm_157322-rupes-poliermaschine-lh19e-low_8d6654d89e.png,https://www.carsystem.org/fileadmin/products/images/157.322/157322-rupes-poliermaschine-lh19e-low.png,cc2def50927be35099b21ee1b7574b807a0206ffc5d8de396d631ff98304d597,660,329,WEBP,15266,True,33,True,1,PASS,alpha,"0,0,660,329","61,62,571,213",1.7854,1.1559,1.5446,1.0,0.2151,0.0,0.0,0.0,0.0,0.0022,0.0008,0.766,0.7652,0.0078,1.0,0.3089,0.1378,0.0001,0.7177,0.1031,0.0029,0.0435,1,#ffffff,True,1772,882,PNG,593074,True,False,"poluprovidan OKVIR uz samu ivicu platna (prsten 0: alfa 17; uglovi do 33), ostatak platna alfa 0 — maska alpha>24 zbog okvira/uglova obuhvata celo platno, pa fit sistem skalira platno umesto proizvoda",BORDER_FRAME_STRIP (ALPHA-FRAME-METHOD.md): nuliranje alfe SAMO u uniformnim rubnim prstenovima; simulacija u memoriji: PASS,"vrlo nizak — opaque core, antialias ivice i meke senke ostaju bajt-identični; automatski reject ugrađen",BOX_INFLATION_HIGH
3,74,B_DETERMINISTIC_FIX,SOURCE_IMAGE_PROBLEM,confirmed,-71.1,2.24,png,carsystem-rupes-polishing-machine-lhr75,RUPES Polishing Machine LHR75,157.332,157.332,/products/carsystem/catalog/carsystem-rupes-polishing-machine-lhr75.webp,https://www.carsystem.org/fileadmin/_processed_/6/3/csm_157332-rupes-poliermaschine-lhr75_a857a1e9b0.png,https://www.carsystem.org/fileadmin/products/images/157.332/157332-rupes-poliermaschine-lhr75.png,268fa5756b0f0d97e0048262104e9aee7eec98a39112e2930ebc7042c273797e,660,660,WEBP,25458,True,96,True,2,PASS,alpha,"0,0,660,660","62,141,533,336",2.4323,1.2383,1.9643,1.0,0.2099,0.0,0.0,0.0,0.0,0.016,0.0003,0.6504,0.6501,0.0118,0.9705,0.1409,0.084,0.0314,0.5112,0.0818,0.0036,0.0752,2,#fefefe,True,560,560,PNG,211599,False,False,"poluprovidan OKVIR uz samu ivicu platna (prsten 0: alfa 54, prsten 1: alfa 13; uglovi do 96), ostatak platna alfa 0 — maska alpha>24 zbog okvira/uglova obuhvata celo platno, pa fit sistem skalira platno umesto proizvoda",BORDER_FRAME_STRIP (ALPHA-FRAME-METHOD.md): nuliranje alfe SAMO u uniformnim rubnim prstenovima; simulacija u memoriji: PASS,"vrlo nizak — opaque core, antialias ivice i meke senke ostaju bajt-identični; automatski reject ugrađen",BOX_INFLATION_HIGH
4,74,B_DETERMINISTIC_FIX,SOURCE_IMAGE_PROBLEM,unknown,,,png,carsystem-rupes-vacuum-cleaner-s145,RUPES Vacuum Cleaner S145,157.343,157.343,/products/carsystem/catalog/carsystem-rupes-vacuum-cleaner-s145.webp,https://www.carsystem.org/fileadmin/_processed_/3/a/csm_157343-344-157471-472-rupes-staubsauger-S145L_6518a0d792.png,https://www.carsystem.org/fileadmin/products/images/157.343/157343-344-157471-472-rupes-staubsauger-S145L.png,9d5fb3603f0b738b18942c72dc00cdb221944fbfff1f107861bb19e7b3736e13,660,872,WEBP,31592,True,71,True,2,PASS,alpha,"0,0,660,872","78,56,538,760",1.4076,1.2268,1.1474,1.0,0.5842,0.0,0.0,0.0,0.0,0.1464,0.0009,0.4405,0.4396,0.0118,0.9971,0.0908,0.0109,0.0093,0.339,0.0241,0.0048,0.0217,2,#ffffff,False,894,1181,PNG,769424,True,False,"poluprovidan OKVIR uz samu ivicu platna (prsten 0: alfa 39, prsten 1: alfa 1; uglovi do 71), ostatak platna alfa 0 — maska alpha>24 zbog okvira/uglova obuhvata celo platno, pa fit sistem skalira platno umesto proizvoda",BORDER_FRAME_STRIP (ALPHA-FRAME-METHOD.md): nuliranje alfe SAMO u uniformnim rubnim prstenovima; simulacija u memoriji: PASS,"vrlo nizak — opaque core, antialias ivice i meke senke ostaju bajt-identični; automatski reject ugrađen",BOX_INFLATION_HIGH
5,67,B_DETERMINISTIC_FIX,SOURCE_IMAGE_PROBLEM,unknown,,,png,carsystem-rupes-orbital-sander-slp41a,RUPES Orbital Sander SLP41A,157.337,157.337,/products/carsystem/catalog/carsystem-rupes-orbital-sander-slp41a.webp,https://www.carsystem.org/fileadmin/_processed_/9/0/csm_157337-rupes-schwingschleifer-slp41a_f5e97ddf79.png,https://www.carsystem.org/fileadmin/products/images/157.337/157337-rupes-schwingschleifer-slp41a.png,79bb14b29a9badd3b507b82872883c01ae18d5764f12608137bf66ccce5c440a,660,301,WEBP,25852,True,36,True,1,REJECT,alpha,"0,0,660,301","6,15,646,264",1.1649,1.0217,1.1402,1.0,0.4829,0.0,0.0,0.0,0.0,0.0036,0.0006,0.3897,0.3891,0.0157,0.8342,0.1052,0.0232,0.0007,0.7045,0.0531,0.004,0.0306,1,#ffffff,True,1654,754,PNG,1279622,True,False,"poluprovidan OKVIR uz samu ivicu platna (prsten 0: alfa 19; uglovi do 36), ostatak platna alfa 0 — maska alpha>24 zbog okvira/uglova obuhvata celo platno, pa fit sistem skalira platno umesto proizvoda",BORDER_FRAME_STRIP simulacija: AUTOMATSKI REJECT → ručni pregled maske ili rešenje na strani merenja (bez diranja asseta),srednji — okvir je unutar zaštitnog pojasa proizvoda ili nije potpun,BOX_INFLATION
6,67,B_DETERMINISTIC_FIX,SOURCE_IMAGE_PROBLEM,unknown,,,png,carsystem-rupes-skorpio-e-rx,RUPES Skorpio E RX,157.326,157.326,/products/carsystem/catalog/carsystem-rupes-skorpio-e-rx.webp,https://www.carsystem.org/fileadmin/_processed_/2/d/csm_157.326-157328-rupes-skorpio-e-rx_5f5fd22631.png,https://www.carsystem.org/fileadmin/products/images/157.326/157.326-157328-rupes-skorpio-e-rx.png,2bcbfadd659b3eabcb4e5ebf7c5262e6207814d4037197b25632009e99faa546,660,358,WEBP,21168,True,25,True,0,REJECT,alpha,"0,0,660,358","21,5,630,337",1.1129,1.0476,1.0623,1.0,0.4281,0.0,0.0,0.0,0.0,0.0023,0.0003,0.8308,0.8305,0.0,0.9974,0.3491,0.071,0.0002,0.853,0.0392,0.0036,0.0311,1,#fafafa,False,2244,1217,PNG,2174177,True,False,"poluprovidan OKVIR uz samu ivicu platna (prsten 0: alfa 13; uglovi do 25), ostatak platna alfa 0 — maska alpha>24 zbog okvira/uglova obuhvata celo platno, pa fit sistem skalira platno umesto proizvoda",BORDER_FRAME_STRIP simulacija: AUTOMATSKI REJECT → ručni pregled maske ili rešenje na strani merenja (bez diranja asseta),srednji — okvir je unutar zaštitnog pojasa proizvoda ili nije potpun,MOSTLY_BLACK|BOX_INFLATION
7,59,E_SOURCE_REPLACEMENT_PREFERRED,SOURCE_IMAGE_PROBLEM,confirmed,-41.0,2.26,png,carsystem-x-stand-classic,Carsystem X-Stand Classic,137.349,137.349,/products/carsystem/catalog/carsystem-x-stand-classic.webp,https://www.carsystem.org/fileadmin/_processed_/d/a/csm_137349-cs-x-staender-lackierstaender-h-50-100cm_cf6d0e4017.png,https://www.carsystem.org/fileadmin/products/images/137.349/137349-cs-x-staender-lackierstaender-h-50-100cm.png,c6e537afeadb8f6f7ee035e4a46f82704d0505357a6071e1c43f0c2cdb57672e,660,302,WEBP,17590,True,56,False,,,alpha,"0,13,600,289","0,15,598,286",1.0139,1.0033,1.0105,0.87,0.1142,0.0,0.0909,0.043,0.0,0.1286,0.0164,0.6862,0.6698,0.0667,0.3916,0.0003,0.1864,0.0,0.0528,0.1625,0.0101,0.2053,5,#151514,True,1000,457,PNG,155291,True,False,kompozicija sa umetnutom sličicom (katalog scan),tražiti zaseban zvanični packshot proizvoda,nizak,VERY_SMALL_SUBJECT|MULTI_OBJECT|SOFT_EDGE_HALO
8,59,E_SOURCE_REPLACEMENT_PREFERRED,SOURCE_IMAGE_PROBLEM,unknown,,,png,carsystem-x-stand-top,Carsystem X-Stand Top,138.851,138.851,/products/carsystem/catalog/carsystem-x-stand-top.webp,https://www.carsystem.org/fileadmin/_processed_/9/9/csm_138851-cs-x-staender-gross_d88f18af79.png,https://www.carsystem.org/fileadmin/products/images/138.851/138851-cs-x-staender-gross.png,3c7d3b465660776b72f895f86716af78bd5fbaf6d35d0ad8c04c0f99074cf1c5,660,302,WEBP,22112,True,44,False,,,alpha,"0,0,660,302","1,1,658,300",1.0097,1.003,1.0067,1.0,0.1009,0.0,0.0,0.0,0.0,0.3305,0.0031,0.6147,0.6116,0.0863,0.421,0.0063,0.2137,0.0,0.1031,0.249,0.0086,0.2693,5,#1d1c1c,True,1000,457,PNG,134614,True,False,kompozicija sa umetnutom sličicom (katalog scan),tražiti zaseban zvanični packshot proizvoda,nizak,VERY_SMALL_SUBJECT|MULTI_OBJECT|SOFT_EDGE_HALO
9,53,E_SOURCE_REPLACEMENT_PREFERRED,SOURCE_IMAGE_PROBLEM,confirmed,-34.5,2.1,png,carsystem-mmir-trolley-box,"Carsystem MMIR Trolley ""Box""",151.514,151.514,/products/carsystem/catalog/carsystem-mmir-trolley-box.webp,https://www.carsystem.org/fileadmin/_processed_/b/b/csm_151514-cs-mmir-trolley-box_4f9af0f039.png,https://www.carsystem.org/fileadmin/products/images/151.514/151514-cs-mmir-trolley-box.png,372dd99774b78e826c9c97011a6fc0b492ee642bfc6040ec41e04823ff82eb56,660,347,WEBP,32868,True,0,False,,,alpha,"8,5,619,338","10,8,615,334",1.0186,1.0065,1.012,0.9136,0.1927,0.0121,0.05,0.0144,0.0115,0.1089,0.0073,0.7167,0.7094,0.2902,0.2046,0.0243,0.2092,0.0,0.1066,0.1662,0.0038,0.1243,3,#010101,True,1000,526,PNG,299917,True,False,kompozicija sa umetnutom sličicom (katalog scan),tražiti zaseban zvanični packshot proizvoda,nizak,SOFT_EDGE_HALO
10,52,E_SOURCE_REPLACEMENT_PREFERRED,BOTH,unknown,,,none(legacy repo asset),carsystem-git-elastic-weiss,Carsystem Git Elastic Weiss,,CS-GIT-ELASTIC-WEISS,/products/carsystem/carsystem-git-elastic-weiss.png,,,,660,406,PNG,256100,True,0,False,,,alpha,"39,50,536,304","85,57,489,290",1.149,1.0961,1.0483,0.6081,0.5398,0.0591,0.1288,0.1232,0.1281,0.2036,0.0726,0.9131,0.8405,0.0118,0.5614,0.0014,0.4069,0.004,0.0129,0.3114,0.0539,0.0695,1,#000000,True,,,,,,,"repo asset, nije zvanični carsystem.org packshot",povući zvanični packshot sa carsystem.org umesto obrade,"nizak — zamena izvora, bez AI",BOX_INFLATION|NON_OFFICIAL_LEGACY
11,45,E_SOURCE_REPLACEMENT_PREFERRED,SOURCE_IMAGE_PROBLEM,unknown,,,none(legacy repo asset),carsystem-f19-brusni-diskovi,Carsystem F19 brusni diskovi,,CS-F19-DISC,/products/carsystem/carsystem-f19-brusni-diskovi.png,,,,660,649,PNG,366478,True,0,False,,,alpha,"27,22,599,598","29,24,596,594",1.0118,1.005,1.0067,0.8363,0.5999,0.0409,0.0515,0.0339,0.0447,0.0569,0.0358,0.0818,0.046,0.098,0.0009,0.0,0.001,0.0001,0.0008,0.0192,0.0045,0.025,1,#000000,False,,,,,,,"repo asset, nije zvanični carsystem.org packshot",povući zvanični packshot sa carsystem.org umesto obrade,"nizak — zamena izvora, bez AI",LOW_DETAIL|SOFT_IMAGE|NON_OFFICIAL_LEGACY
12,45,E_SOURCE_REPLACEMENT_PREFERRED,SOURCE_IMAGE_PROBLEM,unknown,,,none(legacy repo asset),carsystem-f23-brusni-diskovi,Carsystem Sanding Disc F.23 Ceramic,,159.218–159.226,/products/carsystem/carsystem-f23-brusni-diskovi.png,,,,660,650,PNG,708264,True,0,False,,,alpha,"27,22,599,598","29,23,595,596",1.0101,1.0067,1.0034,0.835,0.595,0.0409,0.0515,0.0338,0.0462,0.0163,0.0039,0.0346,0.0307,0.3843,0.0,0.0,0.0001,0.0,0.6562,0.0022,0.0038,0.0208,1,#000000,False,,,,,,,"repo asset, nije zvanični carsystem.org packshot",povući zvanični packshot sa carsystem.org umesto obrade,"nizak — zamena izvora, bez AI",LOW_DETAIL|NON_OFFICIAL_LEGACY
13,45,E_SOURCE_REPLACEMENT_PREFERRED,SOURCE_IMAGE_PROBLEM,unknown,,,none(legacy repo asset),carsystem-finish-serija,Carsystem Finish serija,,CS-FINISH-SERIES,/products/carsystem/carsystem-finish-serija.png,,,,660,662,PNG,389812,True,0,False,,,alpha,"5,12,642,643","6,14,640,639",1.0094,1.0031,1.0063,0.9448,0.6912,0.0076,0.0197,0.0181,0.0106,0.0174,0.0084,0.0279,0.0195,0.0314,1.0,0.0,0.0,0.0,0.6936,0.001,0.0033,0.0159,1,#000000,False,,,,,,,"repo asset, nije zvanični carsystem.org packshot",povući zvanični packshot sa carsystem.org umesto obrade,"nizak — zamena izvora, bez AI",LOW_DETAIL|SOFT_IMAGE|NON_OFFICIAL_LEGACY
14,45,E_SOURCE_REPLACEMENT_PREFERRED,SOURCE_IMAGE_PROBLEM,unknown,,,none(legacy repo asset),carsystem-p19-brusni-diskovi,Carsystem P19 brusni diskovi,,CS-P19-DISC,/products/carsystem/carsystem-p19-brusni-diskovi.png,,,,660,650,PNG,411332,True,13,False,,,alpha,"27,22,599,599","29,23,595,596",1.0118,1.0067,1.005,0.8364,0.5982,0.0409,0.0515,0.0338,0.0446,0.3844,0.315,0.4335,0.1186,0.4902,0.0002,0.0,0.4849,0.0,0.0,0.0176,0.0038,0.0213,1,#ffffff,False,,,,,,,"repo asset, nije zvanični carsystem.org packshot",povući zvanični packshot sa carsystem.org umesto obrade,"nizak — zamena izvora, bez AI",LOW_DETAIL|SOFT_IMAGE|NON_OFFICIAL_LEGACY
15,45,E_SOURCE_REPLACEMENT_PREFERRED,SOURCE_IMAGE_PROBLEM,unknown,,,none(legacy repo asset),carsystem-zastitno-odelo,Carsystem zaštitno odelo,,CS-PROTECTIVE-SUIT,/products/carsystem/carsystem-zastitno-odelo.png,,,,660,650,PNG,280374,True,0,False,,,alpha,"109,33,436,617","111,34,432,616",1.0109,1.0093,1.0016,0.6271,0.4698,0.1652,0.1742,0.0508,0.0,0.0022,0.0,0.1466,0.1466,0.0235,0.8508,0.2656,0.0196,0.0001,0.8658,0.0212,0.0028,0.0126,1,#000101,False,,,,,,,"repo asset, nije zvanični carsystem.org packshot",povući zvanični packshot sa carsystem.org umesto obrade,"nizak — zamena izvora, bez AI",NON_OFFICIAL_LEGACY
16,40,B_DETERMINISTIC_FIX,SOURCE_IMAGE_PROBLEM,confirmed,-26.6,2.27,png,carsystem-glass-fibre-fleece,Carsystem Glass fibre fleece,125.421,125.421,/products/carsystem/catalog/carsystem-glass-fibre-fleece.webp,https://www.carsystem.org/fileadmin/_processed_/0/7/csm_125421-cs-glasvlies_9364a04237.png,https://www.carsystem.org/fileadmin/products/images/125.421/125421-cs-glasvlies.png,825d082b77a0dda8aad388a9cc2f5e4b8aad62bc37f45717ec1ea448b08deb33,660,660,WEBP,132920,False,255,False,,,opaque-border,,,1.0,,,1.0,0.252,0.0,0.0,0.0,0.0,0.2307,0.1812,0.491,0.3099,0.0,1.0,0.0,0.0081,0.0,0.0,0.2999,0.4169,,3,#9a9a9a,True,1000,1000,PNG,887672,True,True,"materijal preko celog platna, bez alfe; IZMERENO: derivat tamniji od originala (medLum 199 -> 146, -27%)",re-export iz official originala (1000x1000); NEMA cut-outa jer proizvod JESTE ceo kadar,nizak,NO_ALPHA|BAKED_SHADOW_HEAVY|SOFT_IMAGE
17,38,B_DETERMINISTIC_FIX,SOURCE_IMAGE_PROBLEM,confirmed,-53.0,2.11,png,carsystem-proflex-mercury,Carsystem ProFlex Mercury,154.437,154.437,/products/carsystem/catalog/carsystem-proflex-mercury.webp,https://www.carsystem.org/fileadmin/_processed_/8/e/csm_153460-cs-proflex-mercury-29mmx35mm-p2000_760a4a3423.png,https://www.carsystem.org/fileadmin/products/images/153.460/153460-cs-proflex-mercury-29mmx35mm-p2000.png,510586eab7e6d475b00c68cc5fdc54a3cfe1cb68d24482430b6e4350afc62f84,660,403,WEBP,9020,True,243,False,,,alpha,"0,0,660,403","0,1,660,401",1.005,1.0,1.005,1.0,1.0,0.0,0.0,0.0,0.0,0.1152,0.0839,0.1513,0.0674,0.2902,0.0,0.0,0.0,0.0,0.0,0.0165,0.0,0.0,1,#266924,False,1000,611,PNG,869136,True,True,"materijal preko celog platna; IZMERENO: derivat tamniji od originala (medLum 129 -> 61, -53%)",re-export iz official originala + jedinstven padding platna,nizak,FULL_BLEED_BACKDROP|LOW_DETAIL|SOFT_IMAGE
18,38,B_DETERMINISTIC_FIX,SOURCE_IMAGE_PROBLEM,unknown,,,png,carsystem-proflex-neptune,Carsystem ProFlex Neptune,153.472,153.472,/products/carsystem/catalog/carsystem-proflex-neptune.webp,https://www.carsystem.org/fileadmin/_processed_/8/4/csm_153474-cs-proflex-neptune-130x170mm-p1500_0623a5078e.png,https://www.carsystem.org/fileadmin/products/images/153.472/153474-cs-proflex-neptune-130x170mm-p1500.png,f20113b09db2f64230d6ed6de49d8363a88e619a59d88263e4a808d95beca4f8,660,505,WEBP,95868,True,243,False,,,alpha,"0,0,660,505","1,0,658,505",1.003,1.003,1.0,1.0,1.0,0.0,0.0,0.0,0.0,0.1305,0.0696,0.2205,0.1509,0.0588,0.7311,0.0,0.0,0.0,0.0,0.0616,0.0,0.0,1,#756970,True,1000,765,PNG,1446091,True,True,puna pozadina bez cut-outa (materijal preko celog platna),padding + blago izravnavanje nivoa; alfa nije potrebna,nizak,FULL_BLEED_BACKDROP|SOFT_IMAGE
19,38,B_DETERMINISTIC_FIX,SOURCE_IMAGE_PROBLEM,unknown,,,png,carsystem-topline-wp-s,Carsystem Topline WP S,136.676,136.676,/products/carsystem/catalog/carsystem-topline-wp-s.webp,https://www.carsystem.org/fileadmin/_processed_/5/c/csm_136676-691-cs-topline-wp-s-230x280mm_93dfaf6cfc.png,https://www.carsystem.org/fileadmin/products/images/136.676/136676-691-cs-topline-wp-s-230x280mm.png,7ae17b24e5467faa60b7badae1a29bae6aa9342bf1f0dd91460f425b5ef20e83,660,796,WEBP,226426,True,0,False,,,alpha,"2,2,658,792","4,3,655,789",1.0084,1.0046,1.0038,0.992,0.9901,0.003,0.0,0.0025,0.0025,0.0043,0.0009,0.061,0.0601,0.0078,1.0,0.1058,0.0002,0.0,0.8652,0.0803,0.0023,0.0074,1,#444342,True,829,1000,PNG,2540458,True,True,puna pozadina bez cut-outa (materijal preko celog platna),padding + blago izravnavanje nivoa; alfa nije potrebna,nizak,FULL_BLEED_BACKDROP
20,30,B_DETERMINISTIC_FIX,SOURCE_IMAGE_PROBLEM,confirmed,-90.3,2.15,png,carsystem-can-scraper,Carsystem Can Scraper,159.672,159.672,/products/carsystem/catalog/carsystem-can-scraper.webp,https://www.carsystem.org/fileadmin/_processed_/9/4/csm_159672-cs-can-scraper-set_7b8f0c02f9.png,https://www.carsystem.org/fileadmin/products/images/159.672/159672-cs-can-scraper-set.png,34677ec227cf9e9c544cbbc6dfeafc9275fab969c33737ae6618222bbdd8f681,660,660,WEBP,27170,True,0,False,,,alpha,"73,63,493,512","74,65,490,509",1.0121,1.0061,1.0059,0.5795,0.2834,0.1106,0.1424,0.0955,0.1288,0.0003,0.0,0.0024,0.0024,0.0,0.999,0.7439,0.0005,0.0,0.9872,0.0169,0.0072,0.0391,1,#000000,False,5000,5000,PNG,11213162,True,True,"ravna crna silueta u derivatu; IZMERENO: original 5000x5000 ima modelaciju (p95 60, p99 83) koju derivat gubi (p95 7, p99 12)",deterministicki re-export iz official originala; BEZ levels zahvata i BEZ AI,"vrlo nizak — fajl proizvodjaca, nista se ne izmislja",CRUSHED_BLACK|LOW_DETAIL|SOFT_IMAGE
21,30,B_DETERMINISTIC_FIX,SOURCE_IMAGE_PROBLEM,unknown,,,png,carsystem-dispenser-for-5-kg-polish,Carsystem Dispenser for 5 kg Polish,156.460,156.460,/products/carsystem/catalog/carsystem-dispenser-for-5-kg-polish.webp,https://www.carsystem.org/fileadmin/_processed_/e/c/csm_156460-cs-dispenser-fuer-5kg-politur_d47718cdc7.png,https://www.carsystem.org/fileadmin/products/images/156.460/156460-cs-dispenser-fuer-5kg-politur.png,47cdb50c927b7ce09dacd3b535a195f09bbceb22b955783d33553710d2534ba3,660,1687,WEBP,23638,True,0,False,,,alpha,"77,43,534,1607","80,45,528,1602",1.0145,1.0114,1.0031,0.7707,0.5733,0.1167,0.0742,0.0255,0.0219,0.0024,0.0006,0.0075,0.0069,0.0,1.0,0.3362,0.0003,0.0001,0.9868,0.0044,0.0024,0.0122,1,#000000,False,426,1089,PNG,275290,False,False,ravna crna silueta bez modelacije (nema tonske informacije za obnovu),maskirani output black point lift (0 -> ~28) unutar alfe; ne stvara refleks ni detalj,"nizak — deterministicka kriva, bez rekonstrukcije",MOSTLY_BLACK|LOW_DETAIL|SOFT_IMAGE
22,30,B_DETERMINISTIC_FIX,SOURCE_IMAGE_PROBLEM,unknown,,,png,carsystem-finish-foam-black-ah,Carsystem Finish Foam Black AH,157.064,157.064,/products/carsystem/catalog/carsystem-finish-foam-black-ah.webp,https://www.carsystem.org/fileadmin/_processed_/9/c/csm_157064-065-finish-foam-black-ah-liegend_1f71066475.png,https://www.carsystem.org/fileadmin/products/images/157.064/157064-065-finish-foam-black-ah-liegend.png,859ed10fcd74e78bb58bc2199866f67b9f5cd337d37a2eb7c32a7ccae1697987,660,317,WEBP,13104,True,0,False,,,alpha,"15,18,634,281","16,19,631,279",1.012,1.0048,1.0072,0.8515,0.5729,0.0227,0.0167,0.0568,0.0568,0.0003,0.0,0.006,0.006,0.0,0.9752,0.7461,0.0,0.0,0.9875,0.0009,0.0035,0.0148,1,#000000,False,2720,1306,PNG,4400736,True,True,ravna crna silueta bez modelacije (nema tonske informacije za obnovu),maskirani output black point lift (0 -> ~28) unutar alfe; ne stvara refleks ni detalj,"nizak — deterministicka kriva, bez rekonstrukcije",CRUSHED_BLACK|LOW_DETAIL|SOFT_IMAGE
23,30,B_DETERMINISTIC_FIX,SOURCE_IMAGE_PROBLEM,unknown,,,png,carsystem-finish-waffle-foam-black-ah,Carsystem Finish Waffle Foam Black AH,157.066,157.066,/products/carsystem/catalog/carsystem-finish-waffle-foam-black-ah.webp,https://www.carsystem.org/fileadmin/_processed_/3/9/csm_157066-067-finish-waffle-foam-black-ah_c6cc5442b0.png,https://www.carsystem.org/fileadmin/products/images/157.066/157066-067-finish-waffle-foam-black-ah.png,5d0ef6aee0cf86ffec402c803241244d36142986d3ce73164bd68f3f10b0f504,660,329,WEBP,12972,True,0,False,,,alpha,"20,37,613,256","21,38,611,253",1.0152,1.0033,1.0119,0.7227,0.5159,0.0303,0.0409,0.1125,0.1094,0.0003,0.0,0.0064,0.0064,0.0,0.9766,0.7532,0.0,0.0,0.988,0.0015,0.0038,0.0155,1,#000000,False,2728,1360,PNG,3479548,True,True,ravna crna silueta bez modelacije (nema tonske informacije za obnovu),maskirani output black point lift (0 -> ~28) unutar alfe; ne stvara refleks ni detalj,"nizak — deterministicka kriva, bez rekonstrukcije",CRUSHED_BLACK|LOW_DETAIL|SOFT_IMAGE
24,30,B_DETERMINISTIC_FIX,SOURCE_IMAGE_PROBLEM,unknown,,,webp,carsystem-mixing-stick-fast,Carsystem Mixing Stick Fast,159.834,159.834,/products/carsystem/catalog/carsystem-mixing-stick-fast.webp,https://www.carsystem.org/fileadmin/_processed_/7/7/csm_159834-cs-mixing-stick-fast_deaacd3375.webp,https://www.carsystem.org/fileadmin/products/images/159.834/159834-cs-mixing-stick-fast.webp,b7c282a952058ed48c8bb85d71bc3e1d4dba4d276d5dd83d29155a86316f6276,660,2907,WEBP,46010,True,0,False,,,alpha,"205,150,247,2610","209,154,239,2602",1.0367,1.0335,1.0031,0.336,0.2976,0.3106,0.3152,0.0516,0.0506,0.0003,0.0,0.0225,0.0225,0.0,0.9879,0.5859,0.0039,0.0,0.946,0.0154,0.0096,0.0359,1,#000000,False,693,3052,WEBP/VP8X,113308,True,True,ravna crna silueta bez modelacije (nema tonske informacije za obnovu),maskirani output black point lift (0 -> ~28) unutar alfe; ne stvara refleks ni detalj,"nizak — deterministicka kriva, bez rekonstrukcije",CRUSHED_BLACK|LOW_DETAIL|SOFT_IMAGE
25,30,B_DETERMINISTIC_FIX,SOURCE_IMAGE_PROBLEM,unknown,,,png,carsystem-pad-saver,Carsystem Pad Saver,154.099,154.099,/products/carsystem/catalog/carsystem-pad-saver.webp,https://www.carsystem.org/fileadmin/_processed_/e/9/csm_154099-cs-pad-saver-5er-box-single_218060607f.png,https://www.carsystem.org/fileadmin/products/images/154.099/154099-cs-pad-saver-5er-box-single.png,2922942802682c871a8d84d0f6043c850830885cb070281051e123e5387b31ce,660,642,WEBP,87348,True,0,False,,,alpha,"27,15,610,610","28,16,608,608",1.0066,1.0033,1.0033,0.8782,0.6224,0.0409,0.0348,0.0234,0.0265,0.0015,0.0,0.0054,0.0054,0.0,0.9993,0.5607,0.0003,0.0,0.9905,0.0071,0.0058,0.0327,1,#000000,False,1000,973,PNG,2055959,True,True,ravna crna silueta bez modelacije (nema tonske informacije za obnovu),maskirani output black point lift (0 -> ~28) unutar alfe; ne stvara refleks ni detalj,"nizak — deterministicka kriva, bez rekonstrukcije",CRUSHED_BLACK|LOW_DETAIL|SOFT_IMAGE
26,30,B_DETERMINISTIC_FIX,SOURCE_IMAGE_PROBLEM,unknown,,,png,carsystem-rubber-spreader-set,Carsystem Rubber Spreader Set,159.448,159.448,/products/carsystem/catalog/carsystem-rubber-spreader-set.webp,https://www.carsystem.org/fileadmin/_processed_/6/f/csm_159.448-cs-gummi-spachtel-3er-set_5c9a038928.png,https://www.carsystem.org/fileadmin/products/images/159.448/159.448-cs-gummi-spachtel-3er-set.png,a566cab853fe58e633151cd4f7b7b0bebaa738c03313828a97da424afdeba85d,660,394,WEBP,15340,True,0,False,,,alpha,"8,37,635,350","9,38,632,348",1.0105,1.0047,1.0057,0.8547,0.6377,0.0121,0.0258,0.0939,0.0178,0.0018,0.0002,0.005,0.0048,0.0,1.0,0.463,0.0,0.0,0.99,0.0078,0.0039,0.0176,2,#040404,False,3543,2114,PNG,3708513,True,True,ravna crna silueta bez modelacije (nema tonske informacije za obnovu),maskirani output black point lift (0 -> ~28) unutar alfe; ne stvara refleks ni detalj,"nizak — deterministicka kriva, bez rekonstrukcije",CRUSHED_BLACK|LOW_DETAIL|SOFT_IMAGE
27,30,B_DETERMINISTIC_FIX,SOURCE_IMAGE_PROBLEM,unknown,,,png,carsystem-sound-deadening-panels,Carsystem Sound Deadening Panels,126.055,126.055,/products/carsystem/catalog/carsystem-sound-deadening-panels.webp,https://www.carsystem.org/fileadmin/_processed_/e/0/csm_126.055-134.139-140-cs-antidroehnenplatten-gruppe_d70a3555bf.png,https://www.carsystem.org/fileadmin/products/images/126.055/126.055-134.139-140-cs-antidroehnenplatten-gruppe.png,25175f6aef7554a1eee7678b0bc7de69b97d9e35484e72b51f4ecd4935edcfdb,660,468,WEBP,33332,True,0,False,,,alpha,"8,7,643,453","9,9,641,449",1.0121,1.0031,1.0089,0.943,0.9027,0.0121,0.0136,0.015,0.0171,0.0013,0.0,0.0176,0.0176,0.0118,0.9163,0.4957,0.0,0.0,0.9656,0.0039,0.0032,0.0088,1,#020202,False,2498,1770,PNG,7413850,True,True,ravna crna silueta bez modelacije (nema tonske informacije za obnovu),maskirani output black point lift (0 -> ~28) unutar alfe; ne stvara refleks ni detalj,"nizak — deterministicka kriva, bez rekonstrukcije",CRUSHED_BLACK|LOW_DETAIL|SOFT_IMAGE
28,30,D_AI_HIGH_RISK,SOURCE_IMAGE_PROBLEM,unknown,,,png,carsystem-staub-stop-water-black,Carsystem Staub Stop Water Black,158.033,158.033,/products/carsystem/catalog/carsystem-staub-stop-water-black.webp,https://www.carsystem.org/fileadmin/_processed_/8/2/csm_158033-staub-stop-water-black-verpackung-tuecher_a526ce2969.png,https://www.carsystem.org/fileadmin/products/images/158.033/158033-staub-stop-water-black-verpackung-tuecher.png,8374dd569153924e12f7b746b1043d9bfba367aafa9c14261f2edc421867e023,660,534,WEBP,16092,True,0,False,,,alpha,"34,18,601,492","36,19,597,490",1.0108,1.0067,1.0041,0.839,0.4197,0.0515,0.0379,0.0337,0.0449,0.0011,0.0,0.0245,0.0245,0.0,0.9785,0.5932,0.0134,0.0,0.9471,0.0146,0.0029,0.0151,1,#000000,False,3648,2953,PNG,7295484,True,True,ravna crna silueta bez modelacije,"ručni pregled, bez automatske obrade",visok — štampani natpis u najtamnijoj zoni,CRUSHED_BLACK|LOW_DETAIL
29,24,B_DETERMINISTIC_FIX,BOTH,unknown,,,webp,carsystem-multi-flow,Carsystem Multi Flow,160.378,160.378,/products/carsystem/catalog/carsystem-multi-flow.webp,https://www.carsystem.org/fileadmin/_processed_/0/4/csm_160.378-multi-flow-970g_21b2a1481c.webp,https://www.carsystem.org/fileadmin/products/images/160.378/160.378-multi-flow-970g.webp,7d2ca9dfe1d8121f75bb2355013155b0c3a7720644728618ed53a7944325ecb1,660,429,WEBP,36244,True,0,False,,,alpha,"54,70,445,321","163,71,335,262",1.6275,1.3284,1.2252,0.5045,0.3838,0.0818,0.2439,0.1632,0.0886,0.4402,0.0,0.9823,0.9823,0.0235,0.5597,0.0603,0.7227,0.0651,0.0605,0.3276,0.1341,0.243,1,#131111,True,2555,1662,WEBP/VP8X,1057308,True,True,širok poluprovidni oreol/refleks u alfi,čišćenje alfa krive na ivici,nizak,BLOWN_HIGHLIGHTS|BOX_INFLATION_HIGH|SOFT_EDGE_HALO|BAKED_SHADOW_HEAVY
30,22,B_DETERMINISTIC_FIX,BOTH,confirmed,-39.5,2.14,png,carsystem-anti-rust-putty,Carsystem Anti Rust Putty,149.612,149.612,/products/carsystem/catalog/carsystem-anti-rust-putty.webp,https://www.carsystem.org/fileadmin/_processed_/e/0/csm_149.612-cs-anti-rust-putty-inkl-haerter-3D_18a32b0639.png,https://www.carsystem.org/fileadmin/products/images/149.612/149.612-cs-anti-rust-putty-inkl-haerter-3D.png,2ce156603039588c95be6f8f8cb741b71e090f4436456a1122499b61d0a637b9,660,406,WEBP,56560,True,1,False,,,alpha,"33,49,627,314","93,50,495,296",1.3437,1.2667,1.0608,0.7347,0.5883,0.05,0.0,0.1207,0.1059,0.1485,0.02,0.9523,0.9323,0.0157,0.5862,0.0035,0.2861,0.0396,0.05,0.2966,0.0999,0.1391,1,#525252,True,1300,800,PNG,3739810,True,True,širok poluprovidni oreol/refleks u alfi,čišćenje alfa krive na ivici,nizak,BOX_INFLATION_HIGH|SOFT_EDGE_HALO
31,22,F_SPECIAL_MARKETING_IMAGE,BOTH,unknown,,,webp,carsystem-classic-coverall-pants,Carsystem Classic Coverall Pants,159.180,159.180,/products/carsystem/catalog/carsystem-classic-coverall-pants.webp,https://www.carsystem.org/fileadmin/_processed_/f/9/csm_159.180-186-classic-coverall-pants_a574c745af.webp,https://www.carsystem.org/fileadmin/products/images/159.180/159.180-186-classic-coverall-pants.webp,4b626b07d9facd07727e9740ca5762e1c48813910277720df1c4e4e27619cf31,660,1254,WEBP,47586,True,0,False,,,alpha,"22,344,615,772","41,509,584,605",1.3438,1.0531,1.276,0.5737,0.3808,0.0333,0.0348,0.2743,0.11,0.0202,0.001,0.6584,0.6574,0.0235,0.9647,0.0325,0.1329,0.0,0.4985,0.0308,0.0045,0.2978,1,#000000,False,,,,,,,merch/model/brand composition,izvan packshot workflow-a — samo padding/scale politika kartice,nema (ne dira se),BOX_INFLATION_HIGH|SOFT_EDGE_HALO|SOFT_IMAGE|MERCH
32,22,B_DETERMINISTIC_FIX,BOTH,unknown,,,png,carsystem-glas,Carsystem Glas,130.854,130.854,/products/carsystem/catalog/carsystem-glas.webp,https://www.carsystem.org/fileadmin/_processed_/3/7/csm_127.974-cs-glas-inkl-haerter-3D_c127a98523.png,https://www.carsystem.org/fileadmin/products/images/127.974/127.974-cs-glas-inkl-haerter-3D.png,a68acd9431ae551dd197926ba82a35ff5ae76f1306986ad00a10e155ab08c933,660,406,WEBP,54074,True,0,False,,,alpha,"23,50,629,323","85,57,487,290",1.4386,1.2916,1.1138,0.7582,0.6849,0.0348,0.0121,0.1232,0.0813,0.3712,0.0588,0.9301,0.8713,0.0118,0.5969,0.0033,0.4931,0.0033,0.0161,0.2358,0.1511,0.2654,1,#868686,True,1300,800,PNG,3422978,True,True,širok poluprovidni oreol/refleks u alfi,čišćenje alfa krive na ivici,nizak,BOX_INFLATION_HIGH|SOFT_EDGE_HALO|BAKED_SHADOW_HEAVY
33,22,B_DETERMINISTIC_FIX,BOTH,unknown,,,webp,carsystem-paint-system-cps-3-0,Carsystem Paint System CPS 3.0,160.085,160.085,/products/carsystem/catalog/carsystem-paint-system-cps-3-0.webp,https://www.carsystem.org/fileadmin/_processed_/1/e/csm_160085-160093-cs-cps-3.0-_b208d411fc.webp,https://www.carsystem.org/fileadmin/products/images/160.085/160085-160093-cs-cps-3.0-.webp,b31064244192cdd15fba7289bc7dc9c72f8ff3498fb2105f43cf6f13bcc21846,660,726,WEBP,58062,True,0,False,,,alpha,"41,50,574,564","42,51,571,445",1.2741,1.0053,1.2674,0.6756,0.4806,0.0621,0.0682,0.0689,0.1543,0.6795,0.1145,0.8667,0.7522,0.0118,0.7565,0.0004,0.8294,0.0024,0.0081,0.1877,0.184,0.2715,2,#281d1d,True,1292,1421,WEBP/VP8X,301048,True,True,širok poluprovidni oreol/refleks u alfi,čišćenje alfa krive na ivici,nizak,BOX_INFLATION_HIGH|SOFT_EDGE_HALO|BAKED_SHADOW_HEAVY
34,22,B_DETERMINISTIC_FIX,BOTH,unknown,,,png,carsystem-polyester-repair-resin,Carsystem Polyester Repair Resin,126.050,126.050,/products/carsystem/catalog/carsystem-polyester-repair-resin.webp,https://www.carsystem.org/fileadmin/_processed_/8/4/csm_126.050-cs-poly-reparaturharz-inkl-haerter-1000g-3D_0fb9c2b548.png,https://www.carsystem.org/fileadmin/products/images/126.050/126.050-cs-poly-reparaturharz-inkl-haerter-1000g-3D.png,d5412180805e367f409106c69193e850f097801ea731a77bc7c511a014c7232b,660,809,WEBP,58838,True,0,False,,,alpha,"111,79,398,664","146,156,361,582",1.2578,1.1025,1.1409,0.4949,0.4294,0.1682,0.2288,0.0977,0.0816,0.2107,0.0684,0.7798,0.7114,0.2588,0.4468,0.0,0.262,0.0234,0.0202,0.1456,0.0198,0.1946,1,#020202,True,2422,2967,PNG,20230737,True,True,širok poluprovidni oreol/refleks u alfi,čišćenje alfa krive na ivici,nizak,BOX_INFLATION_HIGH|SOFT_EDGE_HALO
35,22,B_DETERMINISTIC_FIX,BOTH,unknown,,,png,carsystem-polyester-repair-set,Carsystem Polyester Repair Set,126.054,126.054,/products/carsystem/catalog/carsystem-polyester-repair-set.webp,https://www.carsystem.org/fileadmin/_processed_/0/5/csm_126.054-cs-polyester-reparaturset-800g-3D_b5c84adc20.png,https://www.carsystem.org/fileadmin/products/images/126.054/126.054-cs-polyester-reparaturset-800g-3D.png,9ce9da99a38283107e7e7bc1dc9374e59a63e77464b343a7e6560a597e6e3bb2,660,641,WEBP,51242,True,0,False,,,alpha,"138,44,486,577","141,216,482,391",1.4879,1.0083,1.4757,0.6628,0.4153,0.2091,0.0545,0.0686,0.0312,0.4072,0.0724,0.9326,0.8602,0.0353,0.5799,0.0005,0.3973,0.0403,0.0103,0.1516,0.0215,0.3469,1,#050404,True,3036,2947,PNG,20758681,True,True,širok poluprovidni oreol/refleks u alfi,čišćenje alfa krive na ivici,nizak,BOX_INFLATION_HIGH|SOFT_EDGE_HALO
36,22,B_DETERMINISTIC_FIX,BOTH,unknown,,,png,carsystem-soft-roll,Carsystem Soft-Roll,159.422,159.422,/products/carsystem/catalog/carsystem-soft-roll.webp,https://www.carsystem.org/fileadmin/_processed_/a/5/csm_159422-430-cs-soft-roll-papierschleifmittel_f66ddb9014.png,https://www.carsystem.org/fileadmin/products/images/159.422/159422-430-cs-soft-roll-papierschleifmittel.png,122ff69ab581488d45e5ab33d5172531fd6b9e2bfb2efde45e63bcc6fdd3b4ac,660,606,WEBP,31236,True,0,False,,,alpha,"149,54,452,520","152,55,365,471",1.3672,1.2384,1.104,0.5877,0.4429,0.2258,0.0894,0.0891,0.0528,0.128,0.0149,0.9017,0.8868,0.7333,0.1313,0.0019,0.583,0.0164,0.0608,0.0525,0.1083,0.1508,1,#040303,True,1633,1500,PNG,5512030,True,True,širok poluprovidni oreol/refleks u alfi,čišćenje alfa krive na ivici,nizak,BOX_INFLATION_HIGH|SOFT_EDGE_HALO|BAKED_SHADOW_HEAVY
37,22,B_DETERMINISTIC_FIX,BOTH,unknown,,,png,carsystem-tec-line-stick,Carsystem Tec Line Stick,152.554,152.554,/products/carsystem/catalog/carsystem-tec-line-stick.webp,https://www.carsystem.org/fileadmin/_processed_/b/2/csm_152554-cs-sensor-pad-18mm-rot-150-pads_verpackung_f1f6c6a193.png,https://www.carsystem.org/fileadmin/products/images/152.554/152554-cs-sensor-pad-18mm-rot-150-pads_verpackung.png,f84162b6c42c1ad14ae58eb0b7172ceb81343807b9df6e902ed5de8adc95b46a,660,589,WEBP,49220,True,0,False,,,alpha,"10,28,612,552","74,29,547,472",1.3085,1.1188,1.1695,0.869,0.522,0.0152,0.0576,0.0475,0.0153,0.2785,0.0468,0.9037,0.8569,0.4627,0.3059,0.005,0.4619,0.0,0.0271,0.102,0.1021,0.2791,1,#000000,True,2834,2528,PNG,7094930,True,True,širok poluprovidni oreol/refleks u alfi,čišćenje alfa krive na ivici,nizak,BOX_INFLATION_HIGH|SOFT_EDGE_HALO|BAKED_SHADOW_HEAVY
38,15,B_DETERMINISTIC_FIX,BOTH,unknown,,,webp,carsystem-adapter-for-cps-paint-cup-systems,Carsystem Adapter for CPS paint cup systems,158.063,158.063,/products/carsystem/catalog/carsystem-adapter-for-cps-paint-cup-systems.webp,https://www.carsystem.org/fileadmin/_processed_/4/5/csm_cs-adapters-fuer-cps_8f075273e6.webp,https://www.carsystem.org/fileadmin/products/images/158.063/cs-adapters-fuer-cps.webp,27516d3c10d9ba8f13ebc01180504b1f405097dbcc700c5af78b85757fac859e,660,423,WEBP,18874,True,0,False,,,alpha,"63,34,547,322","64,36,539,291",1.123,1.0148,1.1065,0.6309,0.3686,0.0955,0.0758,0.0804,0.1584,0.3325,0.0931,0.7305,0.6374,0.0,1.0,0.0,0.2037,0.0,0.0002,0.1541,0.0652,0.1633,3,#000000,True,2114,1356,WEBP/VP8X,341080,True,True,širok poluprovidni oreol/refleks u alfi,čišćenje alfa krive na ivici,nizak,BOX_INFLATION|SOFT_EDGE_HALO
39,15,B_DETERMINISTIC_FIX,BOTH,unknown,,,png,carsystem-crash-film,Carsystem Crash Film,160.381,160.381,/products/carsystem/catalog/carsystem-crash-film.webp,https://www.carsystem.org/fileadmin/_processed_/f/b/csm_160381-crash-film-75cmx60m_81d06ca429.png,https://www.carsystem.org/fileadmin/products/images/160.381/160381-crash-film-75cmx60m.png,b21098a35208d90e4ba0830b0c956e3c055e55f55060fd43ae5a0bb3a0e03aaa,660,528,WEBP,50354,True,0,False,,,alpha,"27,16,597,495","55,17,560,450",1.1727,1.0661,1.1,0.848,0.4201,0.0409,0.0545,0.0303,0.0322,0.4573,0.0774,0.7157,0.6383,0.0431,0.5408,0.0028,0.5883,0.0003,0.0242,0.1066,0.1205,0.2823,1,#1b1b1b,True,2296,1837,PNG,3194517,True,True,širok poluprovidni oreol/refleks u alfi,čišćenje alfa krive na ivici,nizak,BOX_INFLATION|SOFT_EDGE_HALO|BAKED_SHADOW_HEAVY
40,15,B_DETERMINISTIC_FIX,BOTH,unknown,,,webp,carsystem-fill-putty,Carsystem Fill putty,124.550,124.550,/products/carsystem/catalog/carsystem-fill-putty.webp,https://www.carsystem.org/fileadmin/_processed_/9/1/csm_124552-cs-fuellspachtel-inkl-haerter-1_0-kg_e53eeb5fe9.webp,https://www.carsystem.org/fileadmin/products/images/124.550/124552-cs-fuellspachtel-inkl-haerter-1_0-kg.webp,25bf69b38da202dc6aeaf3dabac8f3b7020f650b6d4d69195a13d196e1241647,660,621,WEBP,45900,True,0,False,,,alpha,"127,96,404,464","129,121,397,405",1.1659,1.0176,1.1457,0.4574,0.4279,0.1924,0.1955,0.1546,0.0982,0.5972,0.1468,0.9498,0.803,0.0157,0.588,0.0,0.8552,0.0399,0.0016,0.1931,0.07,0.2715,1,#000000,True,2173,2044,WEBP/VP8X,1581334,True,True,širok poluprovidni oreol/refleks u alfi,čišćenje alfa krive na ivici,nizak,BOX_INFLATION|SOFT_EDGE_HALO
41,15,B_DETERMINISTIC_FIX,BOTH,unknown,,,png,carsystem-pdc-easy-paint,Carsystem PDC Easy Paint,159.500,159.500,/products/carsystem/catalog/carsystem-pdc-easy-paint.webp,https://www.carsystem.org/fileadmin/_processed_/7/f/csm_159500-cs-pdc-easy-paint_a3948f3238.png,https://www.carsystem.org/fileadmin/products/images/159.500/159500-cs-pdc-easy-paint.png,53ea385af5d8b6b89cf87cdd67f0b1866985669d9a09c62e4dd529f5bdbfb99d,660,484,WEBP,32858,True,0,False,,,alpha,"27,32,612,405","28,33,609,350",1.1628,1.0049,1.1571,0.7759,0.3262,0.0409,0.0318,0.0661,0.0971,0.0887,0.0098,0.807,0.7971,0.0,0.8364,0.0044,0.3069,0.0,0.1295,0.0733,0.0611,0.301,1,#000000,True,1449,1063,PNG,1153963,True,True,širok poluprovidni oreol/refleks u alfi,čišćenje alfa krive na ivici,nizak,BOX_INFLATION|SOFT_EDGE_HALO
42,15,B_DETERMINISTIC_FIX,BOTH,unknown,,,webp,carsystem-polishing-pad-x8000,Carsystem Polishing Pad X8000,160.452,160.452,/products/carsystem/catalog/carsystem-polishing-pad-x8000.webp,https://www.carsystem.org/fileadmin/_processed_/3/5/csm_160452-453-x8000-ah-anti-hologramm_f63626e083.webp,https://www.carsystem.org/fileadmin/products/images/160.452/160452-453-x8000-ah-anti-hologramm.webp,ff228cdd5a03476000873cdcd8bcc614f90f563dbbedae81c8514df2f55c4109,660,302,WEBP,12102,True,0,False,,,alpha,"52,65,538,214","55,67,528,176",1.2389,1.0189,1.2159,0.5776,0.3927,0.0788,0.1061,0.2152,0.0762,0.833,0.5869,0.9766,0.3897,0.0157,0.9929,0.0,0.9746,0.0529,0.0,0.0144,0.0812,0.1738,1,#000000,False,3584,1638,WEBP/VP8X,2154800,True,True,širok poluprovidni oreol/refleks u alfi,čišćenje alfa krive na ivici,nizak,LOW_DETAIL|BOX_INFLATION|SOFT_EDGE_HALO|SOFT_IMAGE
43,14,A_OK_NO_CHANGE,CSS_RENDERING_PROBLEM,unknown,,,webp,carsystem-2k-high-speed-klarlack,Carsystem 2K High-Speed Klarlack,149.421,149.421,/products/carsystem/catalog/carsystem-2k-high-speed-klarlack.webp,https://www.carsystem.org/fileadmin/_processed_/6/4/csm_149421-2k-high-speed-klarlack-spray-400ml_f46d44bdb2.webp,https://www.carsystem.org/fileadmin/products/images/149.421/149421-2k-high-speed-klarlack-spray-400ml.webp,b07dc774a469940bec2d5c704d98270859bcb900230ccdeca46dd55360425aec,660,1378,WEBP,79910,True,0,False,,,alpha,"34,55,582,1291","127,56,409,1254",1.465,1.423,1.0295,0.8261,0.5746,0.0515,0.0667,0.0399,0.0232,0.2306,0.0801,0.9387,0.8586,0.5922,0.3907,0.0004,0.6224,0.0328,0.004,0.0881,0.0415,0.0701,1,#101010,True,,,,,,,bez merljivog defekta,ne dirati,—,BOX_INFLATION_HIGH
44,14,B_DETERMINISTIC_FIX,SOURCE_IMAGE_PROBLEM,unknown,,,png,carsystem-bumper-stand,Carsystem Bumper Stand,159.413,159.413,/products/carsystem/catalog/carsystem-bumper-stand.webp,https://www.carsystem.org/fileadmin/_processed_/f/a/csm_159.413-cs-bumper-stand_1b0f50b0a6.png,https://www.carsystem.org/fileadmin/products/images/159.413/159.413-cs-bumper-stand.png,5451c7f50514484ce0601d940fc298570d76887e4b8385f29771e3e02ffd5ba9,660,660,WEBP,46930,True,0,False,,,alpha,"20,31,566,606","21,32,563,604",1.0087,1.0053,1.0033,0.7874,0.106,0.0303,0.1121,0.047,0.0348,0.2665,0.0001,0.782,0.7819,0.0314,0.7676,0.2205,0.2905,0.0011,0.3813,0.2382,0.012,0.193,2,#010101,True,1869,1869,PNG,2256460,True,True,širok poluprovidni oreol/refleks u alfi,čišćenje alfa krive na ivici,nizak,VERY_SMALL_SUBJECT|SOFT_EDGE_HALO
45,14,A_OK_NO_CHANGE,CSS_RENDERING_PROBLEM,unknown,,,webp,carsystem-clear-coat-spray,Carsystem Clear Coat Spray,126.025,126.025,/products/carsystem/catalog/carsystem-clear-coat-spray.webp,https://www.carsystem.org/fileadmin/_processed_/8/7/csm_126.025-klarlack-spray_79b7950548.webp,https://www.carsystem.org/fileadmin/products/images/126.025/126.025-klarlack-spray.webp,bf68a9bcc8bf5b38cbc52b19774cf06c47a43d930e7e3499fc5ed74192ecaeaa,660,1378,WEBP,91178,True,0,False,,,alpha,"34,55,582,1291","127,56,409,1254",1.465,1.423,1.0295,0.8261,0.5748,0.0515,0.0667,0.0399,0.0232,0.219,0.0738,0.9301,0.8563,0.5922,0.3882,0.0007,0.5722,0.0334,0.0074,0.0972,0.0414,0.0696,1,#101010,True,,,,,,,bez merljivog defekta,ne dirati,—,BOX_INFLATION_HIGH
46,14,A_OK_NO_CHANGE,CSS_RENDERING_PROBLEM,unknown,,,webp,carsystem-ks-300-2,Carsystem KS-300.2,160.064,160.064,/products/carsystem/catalog/carsystem-ks-300-2.webp,https://www.carsystem.org/fileadmin/_processed_/0/6/csm_160064-cs-ks-300-2_42b2534d6e.webp,https://www.carsystem.org/fileadmin/products/images/160.064/160064-cs-ks-300-2.webp,9e7d38c7cc38237de23db4cc1ddcfd412165abcf169f703c2604ff3ab33ad0e9,660,881,WEBP,37032,True,3,False,,,alpha,"147,67,298,751","216,68,228,748",1.3123,1.307,1.004,0.3849,0.2819,0.2227,0.3258,0.076,0.0715,0.1623,0.0319,0.8235,0.7916,0.6353,0.2292,0.0003,0.6619,0.0108,0.0313,0.1487,0.0219,0.0384,1,#000000,True,,,,,,,bez merljivog defekta,ne dirati,—,BOX_INFLATION_HIGH
47,14,A_OK_NO_CHANGE,CSS_RENDERING_PROBLEM,unknown,,,webp,carsystem-ks-4000-2,Carsystem KS-4000.2,160.067,160.067,/products/carsystem/catalog/carsystem-ks-4000-2.webp,https://www.carsystem.org/fileadmin/_processed_/8/7/csm_160067-cs-ks-4000-2_671b3303f8.webp,https://www.carsystem.org/fileadmin/products/images/160.067/160067-cs-ks-4000-2.webp,d2d2914527d8388796900c7ea919c837d0dbefa13bb57bd036258ff741e5de42,660,881,WEBP,38894,True,3,False,,,alpha,"147,67,298,751","216,68,228,748",1.3123,1.307,1.004,0.3849,0.2819,0.2227,0.3258,0.076,0.0715,0.1636,0.0319,0.8332,0.8013,0.6078,0.2287,0.0001,0.6535,0.0106,0.0307,0.157,0.0219,0.0382,1,#000000,True,,,,,,,bez merljivog defekta,ne dirati,—,BOX_INFLATION_HIGH
48,14,A_OK_NO_CHANGE,CSS_RENDERING_PROBLEM,unknown,,,webp,carsystem-ks-500-2,Carsystem KS-500.2,160.065,160.065,/products/carsystem/catalog/carsystem-ks-500-2.webp,https://www.carsystem.org/fileadmin/_processed_/1/6/csm_160065-cs-ks-500-2_68f9413d59.webp,https://www.carsystem.org/fileadmin/products/images/160.065/160065-cs-ks-500-2.webp,048856318ef1546d804fb88545b6a87fef980425ae9a827b6bd92c50ea2a7723,660,881,WEBP,43952,True,3,False,,,alpha,"124,67,321,751","216,68,228,748",1.4135,1.4079,1.004,0.4146,0.285,0.1879,0.3258,0.076,0.0715,0.1647,0.0307,0.8285,0.7978,0.5804,0.2371,0.0005,0.6578,0.0044,0.0211,0.1791,0.0278,0.0488,1,#000000,True,,,,,,,bez merljivog defekta,ne dirati,—,BOX_INFLATION_HIGH
49,14,A_OK_NO_CHANGE,CSS_RENDERING_PROBLEM,unknown,,,png,carsystem-liquid-putty,Carsystem Liquid Putty,143.496,143.496,/products/carsystem/catalog/carsystem-liquid-putty.webp,https://www.carsystem.org/fileadmin/_processed_/1/b/csm_143.496-cs-liquid-putty-inkl-haerter-3D_b21743d55e.png,https://www.carsystem.org/fileadmin/products/images/143.496/143.496-cs-liquid-putty-inkl-haerter-3D.png,bb5a5a07fc2050f5cd35610d512b0f30472949828946f1ef4f47a914947f31ba,660,905,WEBP,44390,True,0,False,,,alpha,"94,37,400,784","183,38,281,769",1.4513,1.4235,1.0195,0.525,0.3377,0.1424,0.2515,0.0409,0.0928,0.128,0.0555,0.9823,0.9268,0.5804,0.2534,0.0015,0.4369,0.0542,0.0379,0.1137,0.0318,0.0572,1,#070606,True,,,,,,,bez merljivog defekta,ne dirati,—,BOX_INFLATION_HIGH
50,14,A_OK_NO_CHANGE,CSS_RENDERING_PROBLEM,unknown,,,webp,carsystem-rallye-spray-premium-black-glossy,Carsystem Rallye-Spray Premium – black glossy,149.219,149.219,/products/carsystem/catalog/carsystem-rallye-spray-premium-black-glossy.webp,https://www.carsystem.org/fileadmin/_processed_/2/4/csm_149.219-rallye-spray-premium-schwarz-glaenzend_ac574e79ba.webp,https://www.carsystem.org/fileadmin/products/images/149.219/149.219-rallye-spray-premium-schwarz-glaenzend.webp,a55f624ad96391f2b233cc3114e3f51f91dbffc02a6d55eaa8ce9aec0e87190a,660,1378,WEBP,87738,True,0,False,,,alpha,"34,54,582,1292","127,56,409,1254",1.4661,1.423,1.0303,0.8268,0.5747,0.0515,0.0667,0.0392,0.0232,0.1436,0.0232,0.9387,0.9155,0.3608,0.4531,0.0011,0.4774,0.0369,0.0344,0.1148,0.0414,0.0697,1,#101010,True,,,,,,,bez merljivog defekta,ne dirati,—,BOX_INFLATION_HIGH
51,14,A_OK_NO_CHANGE,CSS_RENDERING_PROBLEM,unknown,,,webp,carsystem-rallye-spray-premium-black-matt,Carsystem Rallye-Spray Premium – black matt,149.218,149.218,/products/carsystem/catalog/carsystem-rallye-spray-premium-black-matt.webp,https://www.carsystem.org/fileadmin/_processed_/6/7/csm_149.218-rallye-spray-schwarz-matt_284bcc6f8d.webp,https://www.carsystem.org/fileadmin/products/images/149.218/149.218-rallye-spray-schwarz-matt.webp,51ce25db74c20707eb563c3e21765df1b5997f71024cf3f1a0e38e522b7c0520,660,1378,WEBP,85320,True,0,False,,,alpha,"34,54,582,1292","127,56,409,1254",1.4661,1.423,1.0303,0.8268,0.5747,0.0515,0.0667,0.0392,0.0232,0.1603,0.0222,0.9387,0.9165,0.2157,0.4712,0.001,0.466,0.037,0.0369,0.1125,0.0414,0.0697,1,#101010,True,,,,,,,bez merljivog defekta,ne dirati,—,BOX_INFLATION_HIGH
52,14,A_OK_NO_CHANGE,CSS_RENDERING_PROBLEM,unknown,,,png,carsystem-spray-thinner,Carsystem Spray Thinner,124.315,124.315,/products/carsystem/catalog/carsystem-spray-thinner.webp,https://www.carsystem.org/fileadmin/_processed_/c/c/csm_124.315-cs-spray-verduenner_e49c26ca21.png,https://www.carsystem.org/fileadmin/products/images/124.315/124.315-cs-spray-verduenner.png,2f4d8f312188924a1dc5e661375caa7ead0fd8f235c4dc24e7ee37e571133ada,660,825,WEBP,58490,True,0,False,,,alpha,"28,76,498,673","137,77,387,670",1.2926,1.2868,1.0045,0.6155,0.4656,0.0424,0.203,0.0921,0.0921,0.1348,0.0419,0.799,0.7571,0.7255,0.1487,0.0003,0.5766,0.0033,0.0339,0.1286,0.0327,0.0497,1,#121111,True,,,,,,,bez merljivog defekta,ne dirati,—,BOX_INFLATION_HIGH
53,14,A_OK_NO_CHANGE,CSS_RENDERING_PROBLEM,unknown,,,webp,carsystem-uv-filler-spray,Carsystem UV Filler Spray,159.169,159.169,/products/carsystem/catalog/carsystem-uv-filler-spray.webp,https://www.carsystem.org/fileadmin/_processed_/7/5/csm_159.169-cs-uv-fueller-spray_7ee31f4a85.webp,https://www.carsystem.org/fileadmin/products/images/159.169/159.169-cs-uv-fueller-spray.webp,650ceee552689c2bc23403650b249d6d0fb49a9857d40f99face0ae29c07e933,660,1378,WEBP,74754,True,0,False,,,alpha,"34,54,582,1292","127,56,409,1254",1.4661,1.423,1.0303,0.8268,0.5747,0.0515,0.0667,0.0392,0.0232,0.0987,0.0135,0.9301,0.9166,0.1569,0.4139,0.0003,0.2699,0.0348,0.1583,0.067,0.0414,0.0697,1,#101010,True,,,,,,,bez merljivog defekta,ne dirati,—,BOX_INFLATION_HIGH
54,12,F_SPECIAL_MARKETING_IMAGE,SOURCE_IMAGE_PROBLEM,unknown,,,png,carsystem-car-sticker-plain,Carsystem car sticker plain,158.829,158.829,/products/carsystem/catalog/carsystem-car-sticker-plain.webp,https://www.carsystem.org/fileadmin/_processed_/4/a/csm_158.829-834-cs-kfz-aufkleber_11fc3f8876.png,https://www.carsystem.org/fileadmin/products/images/158.829/158.829-834-cs-kfz-aufkleber.png,2ea4a719fd264f791f688a115474d2ff7d17d59078f90ad6592ebae7c4153704,660,557,WEBP,23506,True,0,False,,,alpha,"4,4,651,548","5,5,643,540",1.0274,1.0124,1.0148,0.9704,0.6304,0.0061,0.0076,0.0072,0.009,0.6654,0.0,1.0,1.0,0.0,1.0,0.1344,0.812,0.3875,0.147,0.1238,0.0114,0.0566,3,#010101,True,,,,,,,merch/model/brand composition,izvan packshot workflow-a — samo padding/scale politika kartice,nema (ne dira se),BLOWN_HIGHLIGHTS|MERCH
55,12,B_DETERMINISTIC_FIX,BOTH,unknown,,,png,carsystem-spotblender-spray,Carsystem Spotblender Spray,145.987,145.987,/products/carsystem/catalog/carsystem-spotblender-spray.webp,https://www.carsystem.org/fileadmin/_processed_/7/5/csm_145987-cs-spotblender-spray-400ml-3D_fca40e0085.png,https://www.carsystem.org/fileadmin/products/images/145.987/145987-cs-spotblender-spray-400ml-3D.png,0d16db78007c84b2f9b2dfecc628224a65ac7ba0bb24f9ae680bc8e8e916757b,660,1122,WEBP,52506,True,0,False,,,alpha,"127,63,368,989","171,65,323,983",1.1463,1.1393,1.0061,0.4915,0.4217,0.1924,0.25,0.0561,0.0624,0.5338,0.048,0.9798,0.9318,0.0235,0.6198,0.0039,0.5542,0.1784,0.027,0.1106,0.0144,0.0238,1,#000000,True,1000,1700,PNG,2988636,True,True,pregorele bele površine,korekcija nivoa u gornjem opsegu,nizak,BLOWN_HIGHLIGHTS|BOX_INFLATION
56,11,B_DETERMINISTIC_FIX,BOTH,unknown,,,webp,carsystem-ks-50-2,Carsystem KS-50.2,160.007,160.007,/products/carsystem/catalog/carsystem-ks-50-2.webp,https://www.carsystem.org/fileadmin/_processed_/a/5/csm_160007-cs-ks-50-2_37dc16856f.webp,https://www.carsystem.org/fileadmin/products/images/160.007/160007-cs-ks-50-2.webp,b1f6bf7754290d8ee8083ceac9693a82a55c1a2855bc68694ff473c627bfbaf6,660,660,WEBP,43928,True,0,False,,,alpha,"94,97,418,472","143,98,353,463",1.2072,1.1841,1.0194,0.4529,0.3794,0.1424,0.2242,0.147,0.1379,0.2378,0.0915,1.0,0.9085,0.6078,0.327,0.0,0.8332,0.1431,0.0032,0.2197,0.0395,0.0536,1,#000000,True,3000,3000,WEBP/VP8X,1024812,True,True,pregorele bele površine,korekcija nivoa u gornjem opsegu,nizak,BLOWN_HIGHLIGHTS|BOX_INFLATION
57,9,A_OK_NO_CHANGE,CSS_RENDERING_PROBLEM,unknown,,,png,carsystem-alu-spezial,Carsystem Alu Spezial,148.524,148.524,/products/carsystem/catalog/carsystem-alu-spezial.webp,https://www.carsystem.org/fileadmin/_processed_/d/8/csm_148.524-cs-alu-spezial-inkl-haerter-3D_dde3184952.png,https://www.carsystem.org/fileadmin/products/images/148.524/148.524-cs-alu-spezial-inkl-haerter-3D.png,83f851dddeb68e66f8245d14a4f58be46ecd9be60db05c1c0aafcf9442eb3ff2,660,406,WEBP,48822,True,0,False,,,alpha,"36,50,546,316","85,57,489,290",1.2167,1.1166,1.0897,0.6439,0.5617,0.0545,0.1182,0.1232,0.0985,0.4564,0.0774,0.9911,0.9137,0.0078,0.9006,0.002,0.3497,0.0615,0.0169,0.3055,0.0841,0.1055,1,#161616,True,,,,,,,bez merljivog defekta,ne dirati,—,BLOWN_HIGHLIGHTS|BOX_INFLATION
58,8,B_DETERMINISTIC_FIX,SOURCE_IMAGE_PROBLEM,unknown,,,png,carsystem-applicator,Carsystem Applicator,139.325,139.325,/products/carsystem/catalog/carsystem-applicator.webp,https://www.carsystem.org/fileadmin/_processed_/d/3/csm_139325-cs-uniflex-glas-applikator_e976320978.png,https://www.carsystem.org/fileadmin/products/images/139.325/139325-cs-uniflex-glas-applikator.png,74d8a376bf7214e468b43450e58b4a01178da83072b3555e1296ba06a2f91b5a,660,812,WEBP,60752,True,0,False,,,alpha,"77,29,523,732","95,30,491,716",1.089,1.0652,1.0223,0.7144,0.1551,0.1167,0.0909,0.0357,0.0628,0.2282,0.0024,0.7182,0.7159,0.3451,0.3176,0.0273,0.2604,0.0007,0.0853,0.1956,0.0395,0.237,1,#000000,True,2375,2922,PNG,4097807,True,True,širok poluprovidni oreol/refleks u alfi,čišćenje alfa krive na ivici,nizak,SOFT_EDGE_HALO
59,8,B_DETERMINISTIC_FIX,SOURCE_IMAGE_PROBLEM,confirmed,-52.9,2.25,png,carsystem-paint-trolley,Carsystem Paint Trolley,154.253,154.253,/products/carsystem/catalog/carsystem-paint-trolley.webp,https://www.carsystem.org/fileadmin/_processed_/4/3/csm_154253-cs-drehlackierstaender-inkl-verlaengerung_bdad24eb32.png,https://www.carsystem.org/fileadmin/products/images/138.848/154253-cs-drehlackierstaender-inkl-verlaengerung.png,25ebbe8534b8a313817aaf0ffed7509bd31dc2569ee80d1dae3f1650b13d87e1,660,586,WEBP,50610,True,0,False,,,alpha,"6,3,652,578","9,5,639,574",1.0275,1.0203,1.007,0.9744,0.1432,0.0091,0.003,0.0051,0.0085,0.0704,0.0025,0.2679,0.2654,0.0,0.9525,0.026,0.0047,0.0,0.246,0.234,0.0058,0.1794,1,#030303,True,1000,888,PNG,391836,True,True,širok poluprovidni oreol/refleks u alfi,čišćenje alfa krive na ivici,nizak,SOFT_EDGE_HALO
60,8,B_DETERMINISTIC_FIX,SOURCE_IMAGE_PROBLEM,unknown,,,png,carsystem-paper-trolley,Carsystem Paper Trolley,138.862,138.862,/products/carsystem/catalog/carsystem-paper-trolley.webp,https://www.carsystem.org/fileadmin/_processed_/9/d/csm_138862-cs-paper-trolley-3-fach-22-60-90_18c72e79d5.png,https://www.carsystem.org/fileadmin/products/images/138.862/138862-cs-paper-trolley-3-fach-22-60-90.png,829232f353c7c789acc3314eb5a7d22f6e32e75909b0ebaa849b038b41c734d1,660,630,WEBP,64552,True,0,False,,,alpha,"1,0,656,628","2,1,653,626",1.0078,1.0046,1.0032,0.9908,0.2625,0.0015,0.0045,0.0,0.0032,0.0608,0.002,0.2922,0.2901,0.2863,0.3584,0.0209,0.0231,0.0005,0.2013,0.1536,0.0068,0.1225,1,#141414,True,1000,954,PNG,545507,True,True,širok poluprovidni oreol/refleks u alfi,čišćenje alfa krive na ivici,nizak,SOFT_EDGE_HALO
61,8,B_DETERMINISTIC_FIX,SOURCE_IMAGE_PROBLEM,unknown,,,png,carsystem-spraygun-cleaner,Carsystem Spraygun cleaner,158.627,158.627,/products/carsystem/catalog/carsystem-spraygun-cleaner.webp,https://www.carsystem.org/fileadmin/_processed_/3/4/csm_158627-spray-gun-cleaner_cb525e8d77.png,https://www.carsystem.org/fileadmin/products/images/158.627/158627-spray-gun-cleaner.png,47903eaef6846f27a51599d27ac4abf66539a0451c20dec214f690d4acd42f8d,660,1882,WEBP,150242,True,0,False,,,alpha,"37,25,592,1836","39,147,588,1712",1.0797,1.0068,1.0724,0.875,0.8008,0.0561,0.047,0.0133,0.0112,0.0929,0.0439,0.7704,0.7265,0.5412,0.2956,0.0024,0.2817,0.0004,0.0211,0.0887,0.0022,0.1311,1,#000000,True,1360,3879,PNG,7254614,True,True,širok poluprovidni oreol/refleks u alfi,čišćenje alfa krive na ivici,nizak,SOFT_EDGE_HALO
62,7,A_OK_NO_CHANGE,CSS_RENDERING_PROBLEM,unknown,,,webp,carsystem-2k-carbo-filler-transparent-1-0,"Carsystem 2K Carbo Filler Transparent 1,0",157.988,157.988,/products/carsystem/catalog/carsystem-2k-carbo-filler-transparent-1-0.webp,https://www.carsystem.org/fileadmin/_processed_/b/0/csm_157988_989-cs-2k-carbo-filler-gruppe_1c15b936ae.webp,https://www.carsystem.org/fileadmin/products/images/157.988/157988_989-cs-2k-carbo-filler-gruppe.webp,64523c9e6ce946116c50915c88bbdb4e37115f5c5224946cb1755e22bd8a7484,660,489,WEBP,57670,True,0,False,,,alpha,"33,60,553,387","110,61,475,385",1.1703,1.1642,1.0052,0.6631,0.5301,0.05,0.1121,0.1227,0.0859,0.0915,0.0138,0.9283,0.9145,0.0745,0.4516,0.0002,0.255,0.0104,0.1475,0.2483,0.0223,0.0403,1,#000000,True,,,,,,,bez merljivog defekta,ne dirati,—,BOX_INFLATION
63,7,F_SPECIAL_MARKETING_IMAGE,BOTH,unknown,,,png,carsystem-coffee-cup-black,Carsystem Coffee Cup Black,157.219,157.219,/products/carsystem/catalog/carsystem-coffee-cup-black.webp,https://www.carsystem.org/fileadmin/_processed_/f/3/csm_157219-cs-wm-becher-schwarzmatt_156ccd2b31.png,https://www.carsystem.org/fileadmin/products/images/157.219/157219-cs-wm-becher-schwarzmatt.png,776f40ed8202330af0ef2a1e1967c39d19c237b32054634481c0d4fdd992aca0,660,660,WEBP,14326,True,0,False,,,alpha,"75,156,507,405","149,157,432,402",1.1824,1.1736,1.0075,0.4714,0.3103,0.1136,0.1182,0.2364,0.15,0.0006,0.0,0.0065,0.0065,0.0,1.0,0.6824,0.0014,0.0,0.9851,0.0057,0.031,0.0572,1,#000000,False,,,,,,,merch/model/brand composition,izvan packshot workflow-a — samo padding/scale politika kartice,nema (ne dira se),CRUSHED_BLACK|LOW_DETAIL|BOX_INFLATION|SOFT_IMAGE|MERCH
64,7,A_OK_NO_CHANGE,CSS_RENDERING_PROBLEM,unknown,,,webp,carsystem-compound-x1500-hc,Carsystem Compound X1500 HC,160.446,160.446,/products/carsystem/catalog/carsystem-compound-x1500-hc.webp,https://www.carsystem.org/fileadmin/_processed_/7/a/csm_160.446-compound-x1500_bc38711619.webp,https://www.carsystem.org/fileadmin/products/images/160.446/160.446-compound-x1500.webp,ee80b0022af6a8c779647c5a53f383c5f601c426c4c863ae2c4d7625540b851a,660,1197,WEBP,80918,True,0,False,,,alpha,"137,23,442,1134","140,25,368,1129",1.2064,1.2011,1.0044,0.6344,0.4696,0.2076,0.1227,0.0192,0.0334,0.0307,0.0024,0.8447,0.8423,0.0078,0.7699,0.0177,0.2148,0.0284,0.4136,0.0906,0.0169,0.0338,1,#000000,True,,,,,,,bez merljivog defekta,ne dirati,—,BOX_INFLATION
65,7,A_OK_NO_CHANGE,CSS_RENDERING_PROBLEM,unknown,,,png,carsystem-dust-needle,Carsystem Dust Needle,140.971,140.971,/products/carsystem/catalog/carsystem-dust-needle.webp,https://www.carsystem.org/fileadmin/_processed_/1/b/csm_140971-cs-dust-needle_d188921401.png,https://www.carsystem.org/fileadmin/products/images/140.971/140971-cs-dust-needle.png,47c940c5a9020b6043d1b19860425a159a25e235d6c37efae9428b8a6f441da0,660,368,WEBP,48680,True,0,False,,,alpha,"0,0,660,368","79,1,580,366",1.1441,1.1379,1.0055,1.0,0.4245,0.0,0.0,0.0,0.0,0.2818,0.0018,0.8515,0.8497,0.0275,0.8689,0.0319,0.29,0.0197,0.3248,0.4429,0.0025,0.0387,3,#111010,True,,,,,,,bez merljivog defekta,ne dirati,—,BOX_INFLATION
66,7,A_OK_NO_CHANGE,CSS_RENDERING_PROBLEM,unknown,,,png,carsystem-elastic-beige,Carsystem Elastic beige,127.976,127.976,/products/carsystem/catalog/carsystem-elastic-beige.webp,https://www.carsystem.org/fileadmin/_processed_/5/7/csm_127.976-cs-elastic-beige-inkl-haerter-3D_e181a86b4a.png,https://www.carsystem.org/fileadmin/products/images/127.976/127.976-cs-elastic-beige-inkl-haerter-3D.png,cb2beb639f88b7b003f39bc77069786db7be3c60ba611499b62ee7ac8c667623,660,406,WEBP,50498,True,0,False,,,alpha,"40,50,535,303","85,57,489,290",1.1431,1.0941,1.0448,0.605,0.5391,0.0606,0.1288,0.1232,0.1305,0.1543,0.0265,0.904,0.8775,0.1216,0.4771,0.0043,0.3218,0.0038,0.0216,0.2844,0.0528,0.0681,1,#080808,True,,,,,,,bez merljivog defekta,ne dirati,—,BOX_INFLATION
67,7,A_OK_NO_CHANGE,CSS_RENDERING_PROBLEM,unknown,,,png,carsystem-elastic-green,Carsystem Elastic Green,146.708,146.708,/products/carsystem/catalog/carsystem-elastic-green.webp,https://www.carsystem.org/fileadmin/_processed_/5/2/csm_146.708-cs-elastic-green-inkl-haerter-2_0kg-3D_078442ffb6.png,https://www.carsystem.org/fileadmin/products/images/146.708/146.708-cs-elastic-green-inkl-haerter-2_0kg-3D.png,778dbdaca078d3714514506ceb1aefbee6e373744c6f82cff6885d86f27a3f97,660,406,WEBP,52146,True,0,False,,,alpha,"39,50,536,304","85,57,489,290",1.149,1.0961,1.0483,0.6081,0.54,0.0591,0.1288,0.1232,0.1281,0.2423,0.0832,0.9297,0.8465,0.1137,0.4753,0.0021,0.295,0.0085,0.0173,0.3025,0.0536,0.0694,1,#000000,True,,,,,,,bez merljivog defekta,ne dirati,—,BOX_INFLATION
68,7,A_OK_NO_CHANGE,CSS_RENDERING_PROBLEM,unknown,,,png,carsystem-faser,Carsystem Faser,138.443,138.443,/products/carsystem/catalog/carsystem-faser.webp,https://www.carsystem.org/fileadmin/_processed_/8/2/csm_138.443-cs-faser-inkl-haerter-3D_3915253196.png,https://www.carsystem.org/fileadmin/products/images/138.443/138.443-cs-faser-inkl-haerter-3D.png,6614aac8412f6721be10d1cf061b8fe4445fbd453eac45463fe821f87a7f1356,660,406,WEBP,54452,True,0,False,,,alpha,"40,50,535,303","85,57,489,290",1.1431,1.0941,1.0448,0.605,0.5391,0.0606,0.1288,0.1232,0.1305,0.1929,0.0312,0.8922,0.861,0.0314,0.5192,0.0056,0.3529,0.0038,0.018,0.3361,0.0528,0.0682,1,#080808,True,,,,,,,bez merljivog defekta,ne dirati,—,BOX_INFLATION
69,7,A_OK_NO_CHANGE,CSS_RENDERING_PROBLEM,unknown,,,webp,carsystem-finish-back-pad-m-14,Carsystem Finish Back Pad M-14,160.443,160.443,/products/carsystem/catalog/carsystem-finish-back-pad-m-14.webp,https://www.carsystem.org/fileadmin/_processed_/1/f/csm_160443-m-14-polierstuetzteller_ef00f1f804.webp,https://www.carsystem.org/fileadmin/products/images/160.443/160443-m-14-polierstuetzteller.webp,b2c623ec5fba2240369ac86172d01d73b92c21139703bc61a2b38cb5587c5710,660,440,WEBP,39800,True,0,False,,,alpha,"73,34,532,381","122,35,482,376",1.1184,1.1037,1.0133,0.698,0.4622,0.1106,0.0833,0.0773,0.0568,0.0292,0.0044,0.7001,0.6956,0.0118,0.7759,0.0109,0.2685,0.0014,0.2531,0.1069,0.0294,0.0529,1,#181213,True,,,,,,,bez merljivog defekta,ne dirati,—,BOX_INFLATION
70,7,A_OK_NO_CHANGE,CSS_RENDERING_PROBLEM,unknown,,,webp,carsystem-foam-tape,Carsystem Foam Tape,148.861,148.861,/products/carsystem/catalog/carsystem-foam-tape.webp,https://www.carsystem.org/fileadmin/_processed_/0/b/csm_148861-62-cs-foam-tape-13x50m-19mmx35m_dd32bb9fa8.webp,https://www.carsystem.org/fileadmin/products/images/148.861/148861-62-cs-foam-tape-13x50m-19mmx35m.webp,fccdd638a06f8a7ae274c9fa9deb74450d978edf9072004d1ca85b76f658c54b,660,495,WEBP,27050,True,0,False,,,alpha,"50,60,511,356","99,61,458,354",1.122,1.1157,1.0056,0.5568,0.4614,0.0758,0.15,0.1212,0.1596,0.1916,0.0879,0.8591,0.7712,0.5529,0.1555,0.0,0.5113,0.0,0.009,0.0698,0.0446,0.0608,1,#000000,True,,,,,,,bez merljivog defekta,ne dirati,—,BOX_INFLATION
71,7,A_OK_NO_CHANGE,CSS_RENDERING_PROBLEM,unknown,,,png,carsystem-git-multi-green,Carsystem Git Multi Green,,CS-GIT-MULTI-GREEN,/products/carsystem/catalog/carsystem-git-multi-green.webp,https://www.carsystem.org/fileadmin/_processed_/a/4/csm_146.706-cs-multi-green-inkl-haerter-kg-1_6-3D_9d06d12c91.png,https://www.carsystem.org/fileadmin/products/images/146.706/146.706-cs-multi-green-inkl-haerter-kg-1_6-3D.png,592306fae51b9cb6ee068b4bd182213431a36a255cc74624a25f7f17605f2ff4,660,406,WEBP,50448,True,0,False,,,alpha,"39,50,536,308","85,57,489,290",1.1641,1.0961,1.0621,0.6161,0.5477,0.0591,0.1288,0.1232,0.1182,0.2889,0.0785,0.9131,0.8346,0.0784,0.4905,0.0042,0.3042,0.0033,0.0172,0.308,0.0656,0.0826,1,#0e0e0e,True,,,,,,,bez merljivog defekta,ne dirati,—,BOX_INFLATION
72,7,A_OK_NO_CHANGE,CSS_RENDERING_PROBLEM,unknown,,,png,carsystem-glas-white,Carsystem Glas White,144.808,144.808,/products/carsystem/catalog/carsystem-glas-white.webp,https://www.carsystem.org/fileadmin/_processed_/d/a/csm_144.808-cs-glas-weiss-inkl-bpo-weiss-3D_aa0daed588.png,https://www.carsystem.org/fileadmin/products/images/144.808/144.808-cs-glas-weiss-inkl-bpo-weiss-3D.png,90c92a0941d02f1d4fc84ce9c9ae790d37e29cb41586b7e53907925c26c59df9,660,406,WEBP,58130,True,0,False,,,alpha,"39,50,536,304","85,57,489,290",1.149,1.0961,1.0483,0.6081,0.5402,0.0591,0.1288,0.1232,0.1281,0.1929,0.0669,0.9131,0.8462,0.0235,0.5331,0.0027,0.4155,0.0091,0.0193,0.3545,0.0543,0.07,1,#000000,True,,,,,,,bez merljivog defekta,ne dirati,—,BOX_INFLATION
73,7,A_OK_NO_CHANGE,CSS_RENDERING_PROBLEM,unknown,,,png,carsystem-lamb-wool-pad-white-s-edge,Carsystem Lamb Wool Pad White S Edge,157.163,157.163,/products/carsystem/catalog/carsystem-lamb-wool-pad-white-s-edge.webp,https://www.carsystem.org/fileadmin/_processed_/6/3/csm_157163-157.232-cs-lammfell-pad-80x17mm-white-s-edge_8cd5527e00.png,https://www.carsystem.org/fileadmin/products/images/157.163/157163-157.232-cs-lammfell-pad-80x17mm-white-s-edge.png,a618ed9c5d3b14a8873e86fed5ba0103cb5992a066fcf31d8f131fb6dea96730,660,403,WEBP,19962,True,0,False,,,alpha,"15,42,625,337","25,52,603,316",1.1054,1.0365,1.0665,0.7919,0.5972,0.0227,0.0303,0.1042,0.0596,0.4066,0.0,0.6029,0.6029,0.0235,0.9901,0.2692,0.1356,0.0,0.3054,0.0094,0.0203,0.0777,1,#000000,False,,,,,,,bez merljivog defekta,ne dirati,—,LOW_DETAIL|BOX_INFLATION|SOFT_IMAGE
74,7,A_OK_NO_CHANGE,CSS_RENDERING_PROBLEM,unknown,,,png,carsystem-metallic,Carsystem Metallic,130.852,130.852,/products/carsystem/catalog/carsystem-metallic.webp,https://www.carsystem.org/fileadmin/_processed_/7/4/csm_130.852-cs-metallic-inkl-haerter-3D_c966dad9c4.png,https://www.carsystem.org/fileadmin/products/images/127.911/130.852-cs-metallic-inkl-haerter-3D.png,dbb34727e9a3cfefd10e470ed06577bc86258e5c94c6d088a4ad640fef3c895f,660,406,WEBP,48664,True,0,False,,,alpha,"40,50,535,303","85,57,489,290",1.1431,1.0941,1.0448,0.605,0.5387,0.0606,0.1288,0.1232,0.1305,0.2031,0.0534,0.8963,0.8428,0.0471,0.5053,0.0066,0.3508,0.0017,0.0193,0.2898,0.0524,0.0678,1,#080808,True,,,,,,,bez merljivog defekta,ne dirati,—,BOX_INFLATION
75,7,A_OK_NO_CHANGE,CSS_RENDERING_PROBLEM,unknown,,,webp,carsystem-microfiber-x300-duo,Carsystem Microfiber X300 Duo,160.457,160.457,/products/carsystem/catalog/carsystem-microfiber-x300-duo.webp,https://www.carsystem.org/fileadmin/_processed_/2/c/csm_160457-microfiber-x300-duo_3fc99c994c.webp,https://www.carsystem.org/fileadmin/products/images/160.457/160457-microfiber-x300-duo.webp,5a70d1d7604e2567f08ffab397354e4ec27dc76d812bce6532821e20ebbce17f,660,635,WEBP,48864,True,0,False,,,alpha,"31,76,575,447","80,77,525,444",1.1026,1.0952,1.0068,0.6133,0.3594,0.047,0.0818,0.1197,0.1764,0.0273,0.0067,0.9301,0.9234,0.0118,0.77,0.0002,0.2422,0.0229,0.3939,0.1368,0.0316,0.0765,1,#080808,True,,,,,,,bez merljivog defekta,ne dirati,—,BOX_INFLATION
76,7,A_OK_NO_CHANGE,CSS_RENDERING_PROBLEM,unknown,,,png,carsystem-multi,Carsystem Multi,130.857,130.857,/products/carsystem/catalog/carsystem-multi.webp,https://www.carsystem.org/fileadmin/_processed_/2/4/csm_127.977-cs-multi-3D_e26136eb1f.png,https://www.carsystem.org/fileadmin/products/images/127.977/127.977-cs-multi-3D.png,3f8ae275c54342fd1d1b6acbe561e032ac435eb04970d706edd0f944bbb04dfd,660,406,WEBP,48408,True,0,False,,,alpha,"40,50,535,303","85,57,489,290",1.1431,1.0941,1.0448,0.605,0.5387,0.0606,0.1288,0.1232,0.1305,0.1904,0.0543,0.8963,0.842,0.0667,0.4985,0.0053,0.3269,0.0015,0.0155,0.2966,0.0524,0.0678,1,#080808,True,,,,,,,bez merljivog defekta,ne dirati,—,BOX_INFLATION
77,7,A_OK_NO_CHANGE,CSS_RENDERING_PROBLEM,unknown,,,png,carsystem-multi-black-rapid,Carsystem Multi Black Rapid,159.755,159.755,/products/carsystem/catalog/carsystem-multi-black-rapid.webp,https://www.carsystem.org/fileadmin/_processed_/1/c/csm_159755-cs-multi-black-rapid_5e8ae4d214.png,https://www.carsystem.org/fileadmin/products/images/159.755/159755-cs-multi-black-rapid.png,b5f4a98fa9db7f92edb518ca98ef4eaf2a51c97db35787e9a8bf0ee5e0c4f6d9,660,409,WEBP,36122,True,0,False,,,alpha,"92,69,451,266","125,78,414,249",1.1637,1.0894,1.0683,0.4444,0.4016,0.1394,0.1773,0.1687,0.1809,0.0942,0.0009,0.6584,0.6575,0.0,0.8104,0.0959,0.1059,0.0211,0.3543,0.2446,0.053,0.0801,1,#000000,True,,,,,,,bez merljivog defekta,ne dirati,—,BOX_INFLATION
78,7,A_OK_NO_CHANGE,CSS_RENDERING_PROBLEM,unknown,,,png,carsystem-multi-green-glas,Carsystem Multi Green Glas,146.707,146.707,/products/carsystem/catalog/carsystem-multi-green-glas.webp,https://www.carsystem.org/fileadmin/_processed_/b/8/csm_146.707-cs-multi-green-glas-inkl-haerter-kg-1_6.-3D_4d3fc92b24.png,https://www.carsystem.org/fileadmin/products/images/146.707/146.707-cs-multi-green-glas-inkl-haerter-kg-1_6.-3D.png,7a82fd30b60d05585622948213bd7e7870b6f862b479517c9210173eefb04365,660,406,WEBP,52356,True,0,False,,,alpha,"39,50,536,308","85,57,489,290",1.1641,1.0961,1.0621,0.6161,0.5477,0.0591,0.1288,0.1232,0.1182,0.2915,0.0741,0.914,0.8399,0.098,0.4825,0.0036,0.2956,0.0035,0.0146,0.3125,0.0657,0.0827,1,#0e0e0e,True,,,,,,,bez merljivog defekta,ne dirati,—,BOX_INFLATION
79,7,A_OK_NO_CHANGE,CSS_RENDERING_PROBLEM,unknown,,,png,carsystem-multi-green-glas-light,Carsystem Multi Green Glas Light,158.116,158.116,/products/carsystem/catalog/carsystem-multi-green-glas-light.webp,https://www.carsystem.org/fileadmin/_processed_/1/8/csm_158.116-multi-glas-green-light-3D_c06258a37f.png,https://www.carsystem.org/fileadmin/products/images/158.116/158.116-multi-glas-green-light-3D.png,0947d861a179592f856a80f8e18e3e27e4205405bebc496bc212d12358e91b1a,660,406,WEBP,51956,True,0,False,,,alpha,"40,50,535,304","85,57,489,290",1.1469,1.0941,1.0483,0.607,0.5391,0.0606,0.1288,0.1232,0.1281,0.2635,0.0629,0.9163,0.8534,0.1725,0.4595,0.0053,0.2852,0.0038,0.0175,0.3101,0.0522,0.0678,1,#080808,True,,,,,,,bez merljivog defekta,ne dirati,—,BOX_INFLATION
80,7,A_OK_NO_CHANGE,CSS_RENDERING_PROBLEM,unknown,,,png,carsystem-multi-green-plus-1-0-super-light,Carsystem Multi Green Plus 1.0 Super Light,152.357,152.357,/products/carsystem/catalog/carsystem-multi-green-plus-1-0-super-light.webp,https://www.carsystem.org/fileadmin/_processed_/6/9/csm_152.357-cs-multi-green-plus-inkl-haerter-kg-1_0-3D_4cb18d2a07.png,https://www.carsystem.org/fileadmin/products/images/152.357/152.357-cs-multi-green-plus-inkl-haerter-kg-1_0-3D.png,acbbfbe3030bd7a2524a2cb8e5b50976e1b08fadbd73bdf5a2ab561c61ecb240,660,406,WEBP,52574,True,0,False,,,alpha,"40,50,535,303","85,57,489,290",1.1431,1.0941,1.0448,0.605,0.5391,0.0606,0.1288,0.1232,0.1305,0.2657,0.0642,0.9167,0.8526,0.102,0.4822,0.0054,0.2968,0.0037,0.0189,0.3203,0.0524,0.0678,1,#080808,True,,,,,,,bez merljivog defekta,ne dirati,—,BOX_INFLATION
81,7,A_OK_NO_CHANGE,CSS_RENDERING_PROBLEM,unknown,,,png,carsystem-multi-green-rapid,Carsystem Multi Green Rapid,158.233,158.233,/products/carsystem/catalog/carsystem-multi-green-rapid.webp,https://www.carsystem.org/fileadmin/_processed_/1/b/csm_158.233-multi-green-rapid-3D_f9b2667e7d.png,https://www.carsystem.org/fileadmin/products/images/158.233/158.233-multi-green-rapid-3D.png,f98ac6c752c8c2fddc34b5f03a1cfec2de5de338ad4beb8811f3573ac95c151f,660,406,WEBP,53176,True,0,False,,,alpha,"40,50,535,303","85,57,489,290",1.1431,1.0941,1.0448,0.605,0.539,0.0606,0.1288,0.1232,0.1305,0.1849,0.057,0.9461,0.8891,0.0745,0.4894,0.0045,0.2635,0.0302,0.0207,0.3144,0.0522,0.0676,1,#060606,True,,,,,,,bez merljivog defekta,ne dirati,—,BOX_INFLATION
82,7,A_OK_NO_CHANGE,CSS_RENDERING_PROBLEM,unknown,,,png,carsystem-multi-green-sf,Carsystem Multi Green SF,156.543,156.543,/products/carsystem/catalog/carsystem-multi-green-sf.webp,https://www.carsystem.org/fileadmin/_processed_/a/0/csm_156.543-cs-multi-green-sf-inkl-haerter-3D_9fc78d575a.png,https://www.carsystem.org/fileadmin/products/images/156.543/156.543-cs-multi-green-sf-inkl-haerter-3D.png,d796a2efaacb949a17a56bf98443fd8514f067f65fdf8bd941757439d8901bae,660,406,WEBP,54588,True,0,False,,,alpha,"39,50,536,304","85,57,489,290",1.149,1.0961,1.0483,0.6081,0.5401,0.0591,0.1288,0.1232,0.1281,0.2493,0.0846,0.9301,0.8455,0.1176,0.4766,0.0028,0.307,0.0085,0.0172,0.3156,0.0537,0.0695,1,#000000,True,,,,,,,bez merljivog defekta,ne dirati,—,BOX_INFLATION
83,7,A_OK_NO_CHANGE,CSS_RENDERING_PROBLEM,unknown,,,png,carsystem-multi-light,Carsystem Multi Light,141.503,141.503,/products/carsystem/catalog/carsystem-multi-light.webp,https://www.carsystem.org/fileadmin/_processed_/f/b/csm_141.503-cs-multi-light-inkl-haerter-3D_baef3b728a.png,https://www.carsystem.org/fileadmin/products/images/141.503/141.503-cs-multi-light-inkl-haerter-3D.png,901072f352c96ebd58ea66dda734999a06242584c03354cbabec2f16a4cef435,660,406,WEBP,55532,True,0,False,,,alpha,"40,50,535,303","85,57,489,290",1.1431,1.0941,1.0448,0.605,0.539,0.0606,0.1288,0.1232,0.1305,0.2125,0.0352,0.9017,0.8665,0.0196,0.5266,0.0054,0.3687,0.004,0.0212,0.3345,0.0528,0.0681,1,#080808,True,,,,,,,bez merljivog defekta,ne dirati,—,BOX_INFLATION
84,7,A_OK_NO_CHANGE,CSS_RENDERING_PROBLEM,unknown,,,png,carsystem-multi-plus,Carsystem Multi Plus,138.451,138.451,/products/carsystem/catalog/carsystem-multi-plus.webp,https://www.carsystem.org/fileadmin/_processed_/2/9/csm_138.451-cs-multi-plus-inkl-haerter-3D_db8453fced.png,https://www.carsystem.org/fileadmin/products/images/138.451/138.451-cs-multi-plus-inkl-haerter-3D.png,52b8f514c8beef1cca40b8e38c40e0786ec6893cd91b08ce83991ecaac926ddb,660,406,WEBP,55038,True,0,False,,,alpha,"40,50,535,303","85,57,489,290",1.1431,1.0941,1.0448,0.605,0.539,0.0606,0.1288,0.1232,0.1305,0.2051,0.0338,0.8963,0.8625,0.0275,0.5207,0.005,0.3499,0.0028,0.0178,0.3396,0.0528,0.0682,1,#080808,True,,,,,,,bez merljivog defekta,ne dirati,—,BOX_INFLATION
85,7,A_OK_NO_CHANGE,CSS_RENDERING_PROBLEM,unknown,,,png,carsystem-multi-silver-light,Carsystem Multi Silver Light,140.795,140.795,/products/carsystem/catalog/carsystem-multi-silver-light.webp,https://www.carsystem.org/fileadmin/_processed_/c/b/csm_140.795-cs-multi-silver-light-inkl-haerter-3D_3abd60f879.png,https://www.carsystem.org/fileadmin/products/images/140.795/140.795-cs-multi-silver-light-inkl-haerter-3D.png,f97a3cf8077a11e2c99127b529bdd25790b5b94dec0c1b5abeac68e13c607c71,660,406,WEBP,57368,True,0,False,,,alpha,"40,50,535,303","85,57,489,290",1.1431,1.0941,1.0448,0.605,0.5391,0.0606,0.1288,0.1232,0.1305,0.214,0.0348,0.9019,0.8671,0.0196,0.5364,0.0056,0.3507,0.004,0.0234,0.3548,0.0528,0.0681,1,#080808,True,,,,,,,bez merljivog defekta,ne dirati,—,BOX_INFLATION
86,7,A_OK_NO_CHANGE,CSS_RENDERING_PROBLEM,unknown,,,png,carsystem-multi-soft,Carsystem Multi Soft,137.206,137.206,/products/carsystem/catalog/carsystem-multi-soft.webp,https://www.carsystem.org/fileadmin/_processed_/7/8/csm_137.206-cs-multi-soft-inkl-haerter-3D_5ed13a4f7b.png,https://www.carsystem.org/fileadmin/products/images/137.206/137.206-cs-multi-soft-inkl-haerter-3D.png,c98a87435ce89c98a484299d374e925d25d042aa1a6e5a57260594195b0f6312,660,406,WEBP,56418,True,0,False,,,alpha,"39,50,536,304","85,57,489,290",1.149,1.0961,1.0483,0.6081,0.54,0.0591,0.1288,0.1232,0.1281,0.1912,0.0677,0.9216,0.8539,0.0196,0.5383,0.0025,0.4111,0.0089,0.0172,0.3463,0.0535,0.0694,1,#000000,True,,,,,,,bez merljivog defekta,ne dirati,—,BOX_INFLATION
87,7,A_OK_NO_CHANGE,CSS_RENDERING_PROBLEM,unknown,,,png,carsystem-multi-super-flex,Carsystem Multi Super Flex,153.284,153.284,/products/carsystem/catalog/carsystem-multi-super-flex.webp,https://www.carsystem.org/fileadmin/_processed_/5/0/csm_153.284-cs-multi-super-flex-inkl-haerter-kg-1_8-3D_b9af08e240.png,https://www.carsystem.org/fileadmin/products/images/153.284/153.284-cs-multi-super-flex-inkl-haerter-kg-1_8-3D.png,5f8323dfd1c96aba68d6a9be1c9587a0944feebd9628e921cc38d670018328e9,660,528,WEBP,35944,True,0,False,,,alpha,"78,131,465,263","118,137,423,252",1.1473,1.0993,1.0437,0.3509,0.3116,0.1182,0.1773,0.2481,0.2538,0.1007,0.0015,0.9173,0.9158,0.0,0.9224,0.0511,0.2154,0.0305,0.3803,0.2656,0.0525,0.0693,1,#020202,True,,,,,,,bez merljivog defekta,ne dirati,—,BOX_INFLATION
88,7,A_OK_NO_CHANGE,CSS_RENDERING_PROBLEM,unknown,,,png,carsystem-plastic-pro,Carsystem Plastic Pro,149.613,149.613,/products/carsystem/catalog/carsystem-plastic-pro.webp,https://www.carsystem.org/fileadmin/_processed_/0/2/csm_149.613-cs-plastic-pro-inkl-haerter-kg-1_0-3D_4363555d96.png,https://www.carsystem.org/fileadmin/products/images/149.613/149.613-cs-plastic-pro-inkl-haerter-kg-1_0-3D.png,628b00820efbac4f957fe0d9d0ac8e9d6efd6d4674e245a2fb369e2274964f7c,660,406,WEBP,40194,True,0,False,,,alpha,"48,50,537,309","94,57,489,290",1.1701,1.0982,1.0655,0.6192,0.5497,0.0727,0.1136,0.1232,0.1158,0.1665,0.0009,0.9778,0.9769,0.0,0.8751,0.1626,0.3472,0.051,0.3775,0.2185,0.0688,0.0864,1,#090909,True,,,,,,,bez merljivog defekta,ne dirati,—,BOX_INFLATION
89,7,A_OK_NO_CHANGE,CSS_RENDERING_PROBLEM,unknown,,,webp,carsystem-polish-x8000-ah,Carsystem Polish X8000 AH,160.451,160.451,/products/carsystem/catalog/carsystem-polish-x8000-ah.webp,https://www.carsystem.org/fileadmin/_processed_/a/d/csm_160.451-polish-x8000_b26200dc76.webp,https://www.carsystem.org/fileadmin/products/images/160.451/160.451-polish-x8000.webp,a8c9787a4a8f890300cf1c8559fbf0fe1450cb6946081d8019b4530a3ed4dfd0,660,980,WEBP,58976,True,0,False,,,alpha,"173,26,359,921","176,28,299,916",1.2072,1.2007,1.0055,0.5112,0.3782,0.2621,0.1939,0.0265,0.0337,0.0232,0.0024,0.7758,0.7734,0.0,0.8791,0.0208,0.1762,0.0213,0.4812,0.0999,0.0175,0.0353,1,#000000,True,,,,,,,bez merljivog defekta,ne dirati,—,BOX_INFLATION
90,7,A_OK_NO_CHANGE,CSS_RENDERING_PROBLEM,unknown,,,png,carsystem-refinish-restorer,Carsystem Refinish Restorer,159.706,159.706,/products/carsystem/catalog/carsystem-refinish-restorer.webp,https://www.carsystem.org/fileadmin/_processed_/f/1/csm_151071-cs-refinish-restorer-1-l-3D_a6af23f9d2.png,https://www.carsystem.org/fileadmin/products/images/159.706/151071-cs-refinish-restorer-1-l-3D.png,c6a8a64d08da5e6c5375e848c36e5e2b16d729ef147781bf38d3ad60cdfc15d6,660,660,WEBP,39970,True,0,False,,,alpha,"107,28,393,577","136,29,362,569",1.1009,1.0856,1.0141,0.5206,0.4392,0.1621,0.2424,0.0424,0.0833,0.0728,0.0457,0.6743,0.6286,0.5843,0.1199,0.0051,0.1016,0.001,0.0277,0.1267,0.0145,0.0243,1,#000000,True,,,,,,,bez merljivog defekta,ne dirati,—,BOX_INFLATION
91,7,A_OK_NO_CHANGE,CSS_RENDERING_PROBLEM,unknown,,,png,carsystem-silicone-remover-mild,Carsystem Silicone Remover Mild,146.711,146.711,/products/carsystem/catalog/carsystem-silicone-remover-mild.webp,https://www.carsystem.org/fileadmin/_processed_/5/8/csm_146711-cs-silicone-remover-mild-1-l-3D_a1826ec739.png,https://www.carsystem.org/fileadmin/products/images/139.212/146711-cs-silicone-remover-mild-1-l-3D.png,b889bd86591bb0abae4aaa405b99217e318cc0e40b593c7bc1f640209c686cd8,660,660,WEBP,38486,True,0,False,,,alpha,"107,60,393,545","136,62,362,536",1.1039,1.0856,1.0168,0.4917,0.4299,0.1621,0.2424,0.0909,0.0833,0.0671,0.0467,0.7044,0.6577,0.5373,0.1776,0.0052,0.1493,0.0011,0.0197,0.1159,0.0152,0.0247,1,#000000,True,,,,,,,bez merljivog defekta,ne dirati,—,BOX_INFLATION
92,7,A_OK_NO_CHANGE,CSS_RENDERING_PROBLEM,unknown,,,webp,carsystem-silicone-remover-water-2-0,Carsystem Silicone Remover Water 2.0,160.321,160.321,/products/carsystem/catalog/carsystem-silicone-remover-water-2-0.webp,https://www.carsystem.org/fileadmin/_processed_/7/c/csm_160321-cs-silicone-remover-water-2.0-5-l_e1c0c97f6b.webp,https://www.carsystem.org/fileadmin/products/images/160.321/160321-cs-silicone-remover-water-2.0-5-l.webp,9a92ac3d9993b078ef20b1fb05d23a6eb4dd21d9bafd848a3786b313f99cd69c,660,660,WEBP,27194,True,0,False,,,alpha,"94,41,412,583","153,42,352,581",1.1745,1.1705,1.0034,0.5514,0.4346,0.1424,0.2333,0.0621,0.0545,0.5647,0.1289,0.961,0.8321,0.0,0.6426,0.0001,0.805,0.0462,0.0227,0.0907,0.0147,0.0279,1,#000000,True,,,,,,,bez merljivog defekta,ne dirati,—,BOX_INFLATION
93,7,A_OK_NO_CHANGE,CSS_RENDERING_PROBLEM,unknown,,,png,carsystem-socks-carsystem-red-white,Carsystem Socks CARSYSTEM red & white,159.837,159.837,/products/carsystem/catalog/carsystem-socks-carsystem-red-white.webp,https://www.carsystem.org/fileadmin/_processed_/b/1/csm_159.837-839-cs-wm-tennissocken_173ea17137.png,https://www.carsystem.org/fileadmin/products/images/159.837/159.837-839-cs-wm-tennissocken.png,7cd203e9f6847ba955711ac5cd0a89de6c8c7fffb53a6082d264fdf7c3a8a980,660,724,WEBP,55896,True,0,False,,,alpha,"77,60,503,609","78,62,426,600",1.1985,1.1808,1.015,0.6411,0.3037,0.1167,0.1212,0.0829,0.076,0.4914,0.0288,0.807,0.7781,0.0,0.8331,0.0282,0.4191,0.0,0.0433,0.3881,0.0155,0.0464,1,#000000,True,,,,,,,bez merljivog defekta,ne dirati,—,BOX_INFLATION
94,7,A_OK_NO_CHANGE,CSS_RENDERING_PROBLEM,unknown,,,png,carsystem-spray,Carsystem Spray,127.978,127.978,/products/carsystem/catalog/carsystem-spray.webp,https://www.carsystem.org/fileadmin/_processed_/2/c/csm_127.978-cs-spray-inkl-haerter-3D_4cf57e8a72.png,https://www.carsystem.org/fileadmin/products/images/127.978/127.978-cs-spray-inkl-haerter-3D.png,fb298726e3cd6633be7728fabdf0644e7feac28bd33834f2b1a5bc83c0c2accb,660,660,WEBP,49260,True,0,False,,,alpha,"107,60,393,545","136,62,362,536",1.1039,1.0856,1.0168,0.4917,0.4301,0.1621,0.2424,0.0909,0.0833,0.0745,0.0483,0.7322,0.6839,0.5725,0.2329,0.0052,0.1884,0.0009,0.0344,0.1776,0.0154,0.025,1,#000000,True,,,,,,,bez merljivog defekta,ne dirati,—,BOX_INFLATION
95,7,A_OK_NO_CHANGE,CSS_RENDERING_PROBLEM,unknown,,,png,carsystem-spray-plus,Carsystem Spray Plus,135.597,135.597,/products/carsystem/catalog/carsystem-spray-plus.webp,https://www.carsystem.org/fileadmin/_processed_/5/e/csm_135.597-cs-spray-plus-inkl-haerter-3D_d14c4d2d3a.png,https://www.carsystem.org/fileadmin/products/images/135.597/135.597-cs-spray-plus-inkl-haerter-3D.png,029791b0be0fca048b3e99570782561d9554acaf0d0ea855165afdc607837c5e,660,660,WEBP,49980,True,0,False,,,alpha,"107,60,393,545","136,62,362,536",1.1039,1.0856,1.0168,0.4917,0.4298,0.1621,0.2424,0.0909,0.0833,0.0831,0.0465,0.7435,0.6971,0.5882,0.2982,0.0051,0.2584,0.001,0.0257,0.1995,0.0153,0.0248,1,#000000,True,,,,,,,bez merljivog defekta,ne dirati,—,BOX_INFLATION
96,7,A_OK_NO_CHANGE,CSS_RENDERING_PROBLEM,unknown,,,png,carsystem-tinting-paste-filler,Carsystem Tinting paste filler,148.505,148.505,/products/carsystem/catalog/carsystem-tinting-paste-filler.webp,https://www.carsystem.org/fileadmin/_processed_/3/5/csm_148504-05-06-07-cs-abtoenpaste-gruppe_f93db3ef6c.png,https://www.carsystem.org/fileadmin/products/images/148.504/148504-05-06-07-cs-abtoenpaste-gruppe.png,c5d2b1cb94293a31a8e00755ec49259ac4fd3471d735b11c79f6fd8e61b4de38,660,889,WEBP,73862,True,12,False,,,alpha,"52,0,599,871","54,21,552,848",1.1146,1.0851,1.0271,0.8892,0.5671,0.0788,0.0136,0.0,0.0202,0.5698,0.0668,0.7947,0.7279,0.0588,0.5033,0.0024,0.6024,0.0024,0.015,0.1205,0.0028,0.0149,2,#040404,True,,,,,,,bez merljivog defekta,ne dirati,—,BOX_INFLATION
97,7,A_OK_NO_CHANGE,CSS_RENDERING_PROBLEM,unknown,,,webp,carsystem-uniflex-ms,Carsystem UNIFLEX MS,160.133,160.133,/products/carsystem/catalog/carsystem-uniflex-ms.webp,https://www.carsystem.org/fileadmin/_processed_/e/5/csm_160132-cs-uniflex-ms-schwarz-290ml_c5224e1e51.webp,https://www.carsystem.org/fileadmin/products/images/159.108/160132-cs-uniflex-ms-schwarz-290ml.webp,db54d7cd63552669529f0f9eeb97cbea7d532c793db67d8ba4bd39c8dd8d7549,660,1277,WEBP,68464,True,2,False,,,alpha,"155,97,379,1106","217,100,315,1099",1.2108,1.2032,1.0064,0.4973,0.3065,0.2348,0.1909,0.076,0.0579,0.2078,0.0875,0.8963,0.8088,0.4667,0.325,0.0,0.6947,0.0026,0.0084,0.1999,0.0148,0.0415,1,#030303,True,,,,,,,bez merljivog defekta,ne dirati,—,BOX_INFLATION
98,6,B_DETERMINISTIC_FIX,SOURCE_IMAGE_PROBLEM,unknown,,,png,carsystem-multi-stand,Carsystem Multi Stand,159.563,159.563,/products/carsystem/catalog/carsystem-multi-stand.webp,https://www.carsystem.org/fileadmin/_processed_/1/8/csm_159.563-cs-multi-stand-drehlackierstaender_8f8c328440.png,https://www.carsystem.org/fileadmin/products/images/159.563/159.563-cs-multi-stand-drehlackierstaender.png,c8e8b2ea136f6c4604e9a79c960d3da9397bee6715b4a50cbe9e14afd0ad7cc3,660,1019,WEBP,42180,True,0,False,,,alpha,"80,55,524,908","81,57,522,904",1.0083,1.0038,1.0044,0.7075,0.0986,0.1212,0.0848,0.054,0.055,0.015,0.0005,0.4575,0.4571,0.0196,0.9937,0.2588,0.036,0.0003,0.5116,0.1758,0.0041,0.1086,1,#000000,True,1732,2673,PNG,3244554,True,True,proizvod zauzima <14% platna,crop na sadržaj + jedinstven padding,nizak,VERY_SMALL_SUBJECT
99,6,F_SPECIAL_MARKETING_IMAGE,SOURCE_IMAGE_PROBLEM,unknown,,,png,carsystem-pen-trinity-gum-black,Carsystem Pen Trinity Gum black,156.540,156.540,/products/carsystem/catalog/carsystem-pen-trinity-gum-black.webp,https://www.carsystem.org/fileadmin/_processed_/6/d/csm_156.540_CS_WM_Kugelschreiber_Schwarz_62e8b1b677.png,https://www.carsystem.org/fileadmin/products/images/156.540/156.540_CS_WM_Kugelschreiber_Schwarz.png,ddd3ff383e9e607fb8405f562cf97dfe117df9a1fc104db2f46559d7b6aa05fc,660,660,WEBP,11622,True,0,False,,,alpha,"191,73,271,512","192,75,269,508",1.0154,1.0074,1.0079,0.3185,0.0615,0.2894,0.3,0.1106,0.1136,0.0009,0.0003,0.534,0.5337,0.0,0.9536,0.7014,0.0494,0.0,0.8766,0.0814,0.0028,0.0592,1,#000000,True,,,,,,,merch/model/brand composition,izvan packshot workflow-a — samo padding/scale politika kartice,nema (ne dira se),CRUSHED_BLACK|VERY_SMALL_SUBJECT|MERCH
100,5,B_DETERMINISTIC_FIX,SOURCE_IMAGE_PROBLEM,confirmed,-31.7,2.23,png,carsystem-putty-dispenser,Carsystem Putty dispenser,123.859,123.859,/products/carsystem/catalog/carsystem-putty-dispenser.webp,https://www.carsystem.org/fileadmin/_processed_/5/8/csm_123840-123859-dispenser-gruppe_5ed6363069.png,https://www.carsystem.org/fileadmin/products/images/123.840/123840-123859-dispenser-gruppe.png,cf73ac4c93c941205c55ae0bfa4decfe2b32ef5737150809f29480149f2802c0,660,1222,WEBP,85316,True,0,False,,,alpha,"0,33,660,1189","2,35,657,1185",1.008,1.0046,1.0034,0.973,0.3394,0.0,0.0,0.027,0.0,0.2038,0.0032,1.0,0.9968,0.0078,0.9291,0.0246,0.3263,0.1719,0.1619,0.2663,0.0052,0.0637,2,#020202,True,540,1000,PNG,408969,False,False,pregorele bele površine,korekcija nivoa u gornjem opsegu,nizak,BLOWN_HIGHLIGHTS
101,4,A_OK_NO_CHANGE,NONE,unknown,,,png,carsystem-liquid-masking,Carsystem Liquid Masking,138.718,138.718,/products/carsystem/catalog/carsystem-liquid-masking.webp,https://www.carsystem.org/fileadmin/_processed_/a/b/csm_138718-cs-liquid-masking-19l_732a831536.png,https://www.carsystem.org/fileadmin/products/images/138.718/138718-cs-liquid-masking-19l.png,f529e95a2ec502e5f0bef932becd5d43d8894982ad894e1b0b0b802cde97cee2,660,834,WEBP,88678,True,0,False,,,alpha,"28,33,594,768","30,34,590,765",1.0107,1.0068,1.0039,0.8288,0.7248,0.0424,0.0576,0.0396,0.0396,0.1011,0.0279,1.0,0.9721,0.1451,0.3411,0.0005,0.2155,0.1172,0.0219,0.1756,0.0021,0.009,1,#000000,True,,,,,,,bez merljivog defekta,ne dirati,—,BLOWN_HIGHLIGHTS
102,3,A_OK_NO_CHANGE,NONE,unknown,,,webp,carsystem-1k-easy-filler,Carsystem 1K Easy Filler,159.584,159.584,/products/carsystem/catalog/carsystem-1k-easy-filler.webp,https://www.carsystem.org/fileadmin/_processed_/7/e/csm_159.584-151.522-151.523-1k-easy-filler-spray_01f88e5c53.webp,https://www.carsystem.org/fileadmin/products/images/151.522/159.584-151.522-151.523-1k-easy-filler-spray.webp,a9a44c6639f71f450358d89a9a6bd07ddc7ee08d7faaaa70f6de3ec61a122526,660,660,WEBP,55084,True,0,False,,,alpha,"75,22,507,610","79,24,501,606",1.0187,1.012,1.0066,0.71,0.6509,0.1136,0.1182,0.0333,0.0424,0.6736,0.1077,0.9823,0.8745,0.0196,0.6904,0.0014,0.7369,0.0922,0.0097,0.1738,0.0046,0.0112,1,#000000,True,,,,,,,bez merljivog defekta,ne dirati,—,BLOWN_HIGHLIGHTS
103,3,A_OK_NO_CHANGE,NONE,unknown,,,webp,carsystem-easy-mask-ii,Carsystem Easy Mask II,160.434,160.434,/products/carsystem/catalog/carsystem-easy-mask-ii.webp,https://www.carsystem.org/fileadmin/_processed_/4/4/csm_160.434-435-easy-mask-ll-rolle-verpackung_1e024b7d1d.webp,https://www.carsystem.org/fileadmin/products/images/160.434/160.434-435-easy-mask-ll-rolle-verpackung.webp,45b738fcdb4a635e55c73d79aff705106b93513938aa0609f3e61e5854c1d712,660,395,WEBP,25536,True,0,False,,,alpha,"25,33,587,337","28,35,574,331",1.0412,1.0226,1.0181,0.7588,0.4458,0.0379,0.0727,0.0835,0.0633,0.2886,0.1204,1.0,0.8796,0.2,0.4772,0.0,0.8818,0.087,0.0012,0.0983,0.0103,0.0292,1,#000000,True,,,,,,,bez merljivog defekta,ne dirati,—,BLOWN_HIGHLIGHTS
104,3,A_OK_NO_CHANGE,NONE,unknown,,,png,carsystem-magnetic-gun-holder-plus,Carsystem Magnetic Gun Holder Plus,159.969,159.969,/products/carsystem/catalog/carsystem-magnetic-gun-holder-plus.webp,https://www.carsystem.org/fileadmin/_processed_/9/a/csm_159969-cs-magnetic-gun-holder-plus_fd1717bec4.png,https://www.carsystem.org/fileadmin/products/images/159.969/159969-cs-magnetic-gun-holder-plus.png,83197dea5172148284c45f9fe2eb532ff5e848ba2e8e17d260b6c40551bfcb7f,660,997,WEBP,43354,True,0,False,,,alpha,"18,22,625,954","19,23,622,952",1.0069,1.0048,1.0021,0.9061,0.3959,0.0273,0.0258,0.0221,0.0211,0.5145,0.0206,0.9823,0.9617,0.0196,0.6303,0.0004,0.5456,0.0943,0.0498,0.0749,0.0025,0.0173,1,#000000,True,,,,,,,bez merljivog defekta,ne dirati,—,BLOWN_HIGHLIGHTS|SOFT_IMAGE
105,3,A_OK_NO_CHANGE,NONE,unknown,,,png,carsystem-uniflex-gun,Carsystem UNIFLEX Gun,135.108,135.108,/products/carsystem/catalog/carsystem-uniflex-gun.webp,https://www.carsystem.org/fileadmin/_processed_/2/a/csm_135108-139286-cs-uniflex-gun_7a32e0405b.png,https://www.carsystem.org/fileadmin/products/images/135.108/135108-139286-cs-uniflex-gun.png,d51bab3e34a7060e0d646c944e5f79a7f1fff9d4d5d0ace964d39089f95e5919,660,463,WEBP,48182,True,0,False,,,alpha,"0,0,660,463","1,1,658,461",1.0074,1.003,1.0043,1.0,0.237,0.0,0.0,0.0,0.0,0.0645,0.0024,1.0,0.9976,0.0314,0.5166,0.0303,0.1743,0.085,0.1518,0.145,0.0048,0.0876,2,#0d0b0b,True,,,,,,,bez merljivog defekta,ne dirati,—,BLOWN_HIGHLIGHTS
106,2,A_OK_NO_CHANGE,NONE,unknown,,,png,carsystem-2k-carbo-clear-plus,Carsystem 2K Carbo Clear Plus,153.217,153.217,/products/carsystem/catalog/carsystem-2k-carbo-clear-plus.webp,https://www.carsystem.org/fileadmin/_processed_/9/3/csm_153207-cs-2k-carbo-clear-plus-5_0-l_32d9cb359f.png,https://www.carsystem.org/fileadmin/products/images/153.207/153207-cs-2k-carbo-clear-plus-5_0-l.png,7c8c013ffbd030a2852ec99db99f5042d608da6fdbb0b53ccd8b0a2279d69fda,660,1179,WEBP,87274,True,0,False,,,alpha,"47,33,546,1118","49,35,542,1115",1.0101,1.0074,1.0027,0.7845,0.7453,0.0712,0.1015,0.028,0.0237,0.0015,0.0,1.0,1.0,0.0078,0.8374,0.436,0.1276,0.0798,0.744,0.0699,0.0025,0.0087,1,#000000,True,,,,,,,bez merljivog defekta,ne dirati,—,BLOWN_HIGHLIGHTS
107,2,A_OK_NO_CHANGE,NONE,unknown,,,webp,carsystem-cordless-sander-csh-cos01,Carsystem CORDLESS SANDER CSH-COS01,160.108,160.108,/products/carsystem/catalog/carsystem-cordless-sander-csh-cos01.webp,https://www.carsystem.org/fileadmin/_processed_/2/0/csm_160108-cs-akku-schleifer-set_cf6cf61f0f.webp,https://www.carsystem.org/fileadmin/products/images/160.108/160108-cs-akku-schleifer-set.webp,5c53666e536111c34b85e1382277e3e78497ab0dba7b63ab12612e2c91b562bd,660,532,WEBP,39482,True,0,False,,,alpha,"38,25,594,484","39,26,591,482",1.0092,1.0051,1.0041,0.8188,0.4299,0.0576,0.0424,0.047,0.0432,0.1092,0.0239,0.9778,0.9539,0.0314,0.9447,0.0,0.2701,0.0749,0.0379,0.1251,0.005,0.0296,4,#000000,True,,,,,,,bez merljivog defekta,ne dirati,—,BLOWN_HIGHLIGHTS|MULTI_OBJECT
108,2,F_SPECIAL_MARKETING_IMAGE,SOURCE_IMAGE_PROBLEM,unknown,,,png,carsystem-doormat-logo-black,Carsystem Doormat logo black,158.622,158.622,/products/carsystem/catalog/carsystem-doormat-logo-black.webp,https://www.carsystem.org/fileadmin/_processed_/3/d/csm_158.622-623-cs-wm-fussmatte_11813cfc6f.png,https://www.carsystem.org/fileadmin/products/images/158.622/158.622-623-cs-wm-fussmatte.png,ef21e39a62e8bcc5e06d1d12ba0337c75615fb7214142bf2273920ea5f29a0c1,660,451,WEBP,11602,True,0,False,,,alpha,"18,17,623,418","19,18,621,416",1.008,1.0032,1.0048,0.8749,0.8738,0.0273,0.0288,0.0377,0.0355,0.0007,0.0,0.9911,0.9911,0.0078,1.0,0.6538,0.0754,0.0636,0.9084,0.0348,0.0035,0.0088,1,#000000,False,,,,,,,merch/model/brand composition,izvan packshot workflow-a — samo padding/scale politika kartice,nema (ne dira se),MOSTLY_BLACK|BLOWN_HIGHLIGHTS|MERCH
109,2,A_OK_NO_CHANGE,NONE,unknown,,,png,carsystem-multi-blue-rapid-changer-sf,Carsystem Multi Blue Rapid Changer SF,159.923,159.923,/products/carsystem/catalog/carsystem-multi-blue-rapid-changer-sf.webp,https://www.carsystem.org/fileadmin/_processed_/5/5/csm_159923-cs-multi-blue-rapid-changer-sf-1_3_kg_8ea42f0693.png,https://www.carsystem.org/fileadmin/products/images/159.923/159923-cs-multi-blue-rapid-changer-sf-1_3_kg.png,23e3998a79c675bdb062a56e8c518c8ad06d17122f51641d5d6782ca094a6ec6,660,442,WEBP,34272,True,0,False,,,alpha,"103,81,454,287","104,82,452,284",1.015,1.0044,1.0106,0.4467,0.41,0.1561,0.1561,0.1833,0.1674,0.0878,0.0089,0.9911,0.9822,0.0353,0.5391,0.0032,0.2211,0.0672,0.162,0.2393,0.0048,0.0134,1,#000000,True,,,,,,,bez merljivog defekta,ne dirati,—,BLOWN_HIGHLIGHTS
110,2,A_OK_NO_CHANGE,NONE,unknown,,,png,carsystem-rupes-polishing-machine-lhr15,RUPES Polishing Machine LHR15,157.323,157.323,/products/carsystem/catalog/carsystem-rupes-polishing-machine-lhr15.webp,https://www.carsystem.org/fileadmin/_processed_/4/6/csm_157323-lhr15IIIstd-exzenter-poliermaschine_adb46143f9.png,https://www.carsystem.org/fileadmin/products/images/157.323/157323-lhr15IIIstd-exzenter-poliermaschine.png,1b7f29dac61b8785019eee6e3f98e0c085e3d17ef1dfca21982fca446cb6d769,660,376,WEBP,17614,True,0,False,,,alpha,"28,23,599,277","29,24,596,274",1.016,1.005,1.0109,0.6686,0.2787,0.0424,0.05,0.0612,0.2021,0.0032,0.0009,0.9823,0.9813,0.0,0.9679,0.1266,0.1455,0.0637,0.7603,0.0826,0.0022,0.032,1,#000000,True,,,,,,,bez merljivog defekta,ne dirati,—,BLOWN_HIGHLIGHTS
,0,A_OK_NO_CHANGE,NONE,unknown,,,png,carsystem-1k-easy-primer,Carsystem 1K Easy Primer,151.537,151.537,/products/carsystem/catalog/carsystem-1k-easy-primer.webp,https://www.carsystem.org/fileadmin/_processed_/4/1/csm_151537-539-cs-1k-easy-primer-400ml-gruppe_7b2c7cd01b.png,https://www.carsystem.org/fileadmin/products/images/151.537/151537-539-cs-1k-easy-primer-400ml-gruppe.png,7c0c851bbcbb9c6a0abc841938fe2acd9e9b186e9281443e542834acd95fecc2,660,914,WEBP,72308,True,0,False,,,alpha,"52,65,565,761","68,66,530,757",1.0717,1.066,1.0053,0.7128,0.6048,0.0788,0.0652,0.0711,0.0963,0.3823,0.0354,0.9518,0.9164,0.0353,0.6501,0.0028,0.4405,0.0041,0.0279,0.1304,0.0105,0.0179,1,#000000,True,,,,,,,bez merljivog defekta,ne dirati,—,
,0,A_OK_NO_CHANGE,NONE,unknown,,,webp,carsystem-1k-epoxy-primer,Carsystem 1K Epoxy Primer,151.958,151.958,/products/carsystem/catalog/carsystem-1k-epoxy-primer.webp,https://www.carsystem.org/fileadmin/_processed_/7/6/csm_151958-cs-1k-epoxy-primer-grau-400ml_d1d7f82bd8.webp,https://www.carsystem.org/fileadmin/products/images/151.958/151958-cs-1k-epoxy-primer-grau-400ml.webp,c98aec65c11b225a90adb3e6fc6d4547b99f3f883370fe30a29229dc6fab115f,660,1378,WEBP,77128,True,0,False,,,alpha,"118,55,419,1258","127,56,409,1253",1.0285,1.0244,1.004,0.5796,0.5395,0.1788,0.1864,0.0399,0.0472,0.6308,0.0462,0.9473,0.9011,0.0314,0.6503,0.0052,0.6486,0.0237,0.0341,0.1333,0.0051,0.0114,1,#000000,True,,,,,,,bez merljivog defekta,ne dirati,—,
,0,A_OK_NO_CHANGE,NONE,unknown,,,png,carsystem-1k-nc-filler,Carsystem 1K NC Filler,158.139,158.139,/products/carsystem/catalog/carsystem-1k-nc-filler.webp,https://www.carsystem.org/fileadmin/_processed_/5/f/csm_158.139-1k-nc-filler-1k-nitrocellulose-spachtel-3D_401356543d.png,https://www.carsystem.org/fileadmin/products/images/158.139/158.139-1k-nc-filler-1k-nitrocellulose-spachtel-3D.png,1ee1bcdb4d76d25b4aaebc686a2571d4fa6707e6fb93a16ea5d61857a2085c11,660,1098,WEBP,93060,True,0,False,,,alpha,"56,33,541,1031","57,34,538,1000",1.0367,1.0056,1.031,0.7697,0.5515,0.0848,0.0955,0.0301,0.031,0.1175,0.0472,0.7465,0.6993,0.5098,0.3217,0.0004,0.3038,0.0,0.0091,0.1436,0.0416,0.0677,1,#161111,True,,,,,,,bez merljivog defekta,ne dirati,—,
,0,A_OK_NO_CHANGE,NONE,unknown,,,png,carsystem-2k-clear-voc-420,Carsystem 2K Clear VOC 420,144.138,144.138,/products/carsystem/catalog/carsystem-2k-clear-voc-420.webp,https://www.carsystem.org/fileadmin/_processed_/1/f/csm_142953-cs-2k-clear-voc-420-5_0-l_51ceae896e.png,https://www.carsystem.org/fileadmin/products/images/142.953/142953-cs-2k-clear-voc-420-5_0-l.png,df7fd47eed9bc6dab386d96dde1e853b20134b3fa1ddd908551a16991691e5bd,660,1064,WEBP,56542,True,0,False,,,alpha,"92,54,459,964","95,56,453,959",1.0185,1.0132,1.0052,0.6301,0.5704,0.1394,0.1652,0.0508,0.0432,0.1338,0.024,0.3668,0.3429,0.3137,0.0028,0.0005,0.1071,0.0,0.0397,0.0427,0.0032,0.0115,1,#000000,False,,,,,,,bez merljivog defekta,ne dirati,—,
,0,A_OK_NO_CHANGE,NONE,unknown,,,png,carsystem-2k-clear-voc-cc-19-as,Carsystem 2K Clear VOC CC.19 AS,156.931,156.931,/products/carsystem/catalog/carsystem-2k-clear-voc-cc-19-as.webp,https://www.carsystem.org/fileadmin/_processed_/d/4/csm_156931-cs-2k--voc-cc-19-as-a_b-l-1_5_0de2550934.png,https://www.carsystem.org/fileadmin/products/images/156.931/156931-cs-2k--voc-cc-19-as-a_b-l-1_5.png,3026acf2fe2149a6554955c192b7dd95aac0fa7f75a51cb78f8f72a7e9d4a3b5,660,1095,WEBP,68724,True,0,False,,,alpha,"100,41,446,1030","101,43,444,1026",1.0084,1.0045,1.0039,0.6356,0.5684,0.1515,0.1727,0.0374,0.0219,0.0822,0.0065,0.3224,0.316,0.1176,0.3155,0.0084,0.0063,0.0,0.1569,0.0406,0.0022,0.0083,1,#000000,False,,,,,,,bez merljivog defekta,ne dirati,—,
,0,A_OK_NO_CHANGE,NONE,unknown,,,png,carsystem-2k-clear-voc-cc-25-hs-as,Carsystem 2K Clear VOC CC.25 HS-AS,160.417,160.417,/products/carsystem/catalog/carsystem-2k-clear-voc-cc-25-hs-as.webp,https://www.carsystem.org/fileadmin/_processed_/8/6/csm_160417-422-cs-2k-clear-cc.25-Gruppe__60d3e5704e.png,https://www.carsystem.org/fileadmin/products/images/160.417/160417-422-cs-2k-clear-cc.25-Gruppe_.png,e4ff116c2353acfb750472232d78c4cd07103501c186e4a0238db0d4f61b97d4,660,513,WEBP,61782,True,0,False,,,alpha,"45,29,570,449","56,30,557,432",1.0636,1.0233,1.0394,0.7559,0.4765,0.0682,0.0682,0.0565,0.0682,0.2605,0.0648,0.7955,0.7307,0.251,0.2694,0.002,0.3189,0.0002,0.0117,0.2323,0.0313,0.0645,1,#000000,True,,,,,,,bez merljivog defekta,ne dirati,—,
,0,A_OK_NO_CHANGE,NONE,unknown,,,webp,carsystem-2k-clear-voc-cc-26-eco-x-15-60,Carsystem 2K CLEAR VOC CC.26 ECO-X 15-60,160.613,160.613,/products/carsystem/catalog/carsystem-2k-clear-voc-cc-26-eco-x-15-60.webp,https://www.carsystem.org/fileadmin/_processed_/c/6/csm_160.613-615-2k-clear-voc-cc.26-gruppe_38ba5e4403.webp,https://www.carsystem.org/fileadmin/products/images/160.613/160.613-615-2k-clear-voc-cc.26-gruppe.webp,e5c4cb274ea8d911c1d8ef990850fa54ab6b0f2867c029dfdb1f49f5e3919105,660,560,WEBP,50312,True,0,False,,,alpha,"67,33,544,496","79,34,531,476",1.0675,1.0245,1.042,0.73,0.4919,0.1015,0.0742,0.0589,0.0554,0.0331,0.0091,0.7315,0.7224,0.0078,0.8559,0.0069,0.1886,0.0003,0.1987,0.2008,0.0352,0.0642,1,#000000,True,,,,,,,bez merljivog defekta,ne dirati,—,
,0,A_OK_NO_CHANGE,NONE,unknown,,,png,carsystem-2k-clear-voc-hs-sr,Carsystem 2K Clear VOC HS-SR,153.223,153.223,/products/carsystem/catalog/carsystem-2k-clear-voc-hs-sr.webp,https://www.carsystem.org/fileadmin/_processed_/d/1/csm_151909-cs-2k-clear-voc-hs-sr-5_0-l_090c3aeee6.png,https://www.carsystem.org/fileadmin/products/images/151.909/151909-cs-2k-clear-voc-hs-sr-5_0-l.png,5d8b30f0095828154ec842ca11b85673700658473dd9cb9b7d01f1e50ff0b058,660,1213,WEBP,97048,True,0,False,,,alpha,"34,20,592,1175","36,21,588,1172",1.0094,1.0068,1.0026,0.8689,0.8281,0.0515,0.0515,0.0165,0.0148,0.6939,0.0608,0.9216,0.8608,0.0,0.8114,0.0009,0.7792,0.0116,0.0085,0.1249,0.0025,0.0082,1,#000000,True,,,,,,,bez merljivog defekta,ne dirati,—,
,0,A_OK_NO_CHANGE,NONE,unknown,,,png,carsystem-2k-clear-voc-matt,Carsystem 2K Clear VOC Matt,148.983,148.983,/products/carsystem/catalog/carsystem-2k-clear-voc-matt.webp,https://www.carsystem.org/fileadmin/_processed_/2/c/csm_cs-2k-clear-voc-matt-gruppe_e6ca6e05c2.png,https://www.carsystem.org/fileadmin/products/images/148.983/cs-2k-clear-voc-matt-gruppe.png,10e2fca38aefed8187fb801a17ae7016b254f69368de08ed4c54873799df7715,660,469,WEBP,48568,True,0,False,,,alpha,"33,28,594,412","34,29,592,410",1.0083,1.0034,1.0049,0.7906,0.5393,0.05,0.05,0.0597,0.0618,0.1165,0.0052,0.4527,0.4474,0.3216,0.0214,0.0071,0.2082,0.0001,0.1353,0.1449,0.0033,0.0166,1,#000000,True,,,,,,,bez merljivog defekta,ne dirati,—,
,0,A_OK_NO_CHANGE,NONE,unknown,,,png,carsystem-2k-clear-voc-premium,Carsystem 2K Clear VOC Premium,146.714,146.714,/products/carsystem/catalog/carsystem-2k-clear-voc-premium.webp,https://www.carsystem.org/fileadmin/_processed_/0/d/csm_146714-cs-2k-clear-voc-premium-5_0-l_d80ab6ca41.png,https://www.carsystem.org/fileadmin/products/images/146.714/146714-cs-2k-clear-voc-premium-5_0-l.png,92002fc56a5cee1807d57c9457964bac30d2cccad602622ff668a02e9c6d3b63,660,1257,WEBP,100096,True,0,False,,,alpha,"29,27,600,1208","31,29,596,1204",1.0101,1.0067,1.0033,0.8737,0.8306,0.0439,0.047,0.0215,0.0175,0.602,0.072,0.8048,0.7328,0.0196,0.7605,0.001,0.6207,0.0003,0.0072,0.1093,0.0026,0.0083,1,#000000,True,,,,,,,bez merljivog defekta,ne dirati,—,
,0,A_OK_NO_CHANGE,NONE,unknown,,,png,carsystem-2k-clear-voc-speed-plus,Carsystem 2K Clear VOC Speed Plus,152.563,152.563,/products/carsystem/catalog/carsystem-2k-clear-voc-speed-plus.webp,https://www.carsystem.org/fileadmin/_processed_/0/0/csm_cs-2k-clear-voc-speed-plus_c492c4141e.png,https://www.carsystem.org/fileadmin/products/images/151.899/cs-2k-clear-voc-speed-plus.png,0cbbc8e1c2cc1a98292884507a30f028793f24a4f09637d76c34a5d973e1cb93,660,595,WEBP,56042,True,0,False,,,alpha,"15,23,625,559","17,25,622,555",1.0121,1.0048,1.0072,0.8897,0.5934,0.0227,0.0303,0.0387,0.0218,0.2493,0.0301,0.5991,0.569,0.1686,0.0498,0.0017,0.2135,0.0004,0.0336,0.144,0.0036,0.0163,2,#000000,True,,,,,,,bez merljivog defekta,ne dirati,—,
,0,A_OK_NO_CHANGE,NONE,unknown,,,webp,carsystem-2k-epoxy-fill-primer,Carsystem 2K Epoxy Fill Primer,159.158,159.158,/products/carsystem/catalog/carsystem-2k-epoxy-fill-primer.webp,https://www.carsystem.org/fileadmin/_processed_/1/6/csm_159.158-2K-epoxy-grundfueller_8b3e9b8ea6.webp,https://www.carsystem.org/fileadmin/products/images/159.158/159.158-2K-epoxy-grundfueller.webp,cc93dfe1c7d40914077f9cd4628dc7c136b44a6fa1b972a6b1cac3714c35fd5d,660,1378,WEBP,83624,True,0,False,,,alpha,"118,55,419,1258","127,56,409,1253",1.0285,1.0244,1.004,0.5796,0.539,0.1788,0.1864,0.0399,0.0472,0.2226,0.0662,0.9156,0.8494,0.549,0.3819,0.0031,0.5923,0.0145,0.013,0.1249,0.005,0.0117,1,#000000,True,,,,,,,bez merljivog defekta,ne dirati,—,
,0,A_OK_NO_CHANGE,NONE,unknown,,,png,carsystem-2k-filler-air-plus,Carsystem 2K Filler Air Plus,152.580,152.580,/products/carsystem/catalog/carsystem-2k-filler-air-plus.webp,https://www.carsystem.org/fileadmin/_processed_/1/9/csm_cs-2k-filler-air-plus-gruppe_68b99b9fd7.png,https://www.carsystem.org/fileadmin/products/images/152.416/cs-2k-filler-air-plus-gruppe.png,0fbb89ff5d66b44b8547aeb5cefd14f598c49838f7efe7f8c9418867669f1569,660,617,WEBP,56636,True,0,False,,,alpha,"11,11,634,593","13,12,631,590",1.0099,1.0048,1.0051,0.9232,0.6157,0.0167,0.0227,0.0178,0.0211,0.1755,0.016,0.4262,0.4102,0.1176,0.0721,0.0017,0.0371,0.0003,0.0811,0.1123,0.0024,0.0104,1,#000000,True,,,,,,,bez merljivog defekta,ne dirati,—,
,0,A_OK_NO_CHANGE,NONE,unknown,,,png,carsystem-2k-filler-vario-plus,Carsystem 2K Filler Vario Plus,152.058,152.058,/products/carsystem/catalog/carsystem-2k-filler-vario-plus.webp,https://www.carsystem.org/fileadmin/_processed_/6/1/csm_cs-2k-filler-vario-plus-gruppe_588207f146.png,https://www.carsystem.org/fileadmin/products/images/147.682/cs-2k-filler-vario-plus-gruppe.png,285b1dd79321ea155a87c823c481a99f24f6728525d81be0e9e773e2280501c8,660,591,WEBP,55026,True,0,False,,,alpha,"13,11,637,570","14,12,634,567",1.01,1.0047,1.0053,0.9309,0.6275,0.0197,0.0152,0.0186,0.0169,0.1738,0.0125,0.4143,0.4018,0.1098,0.0714,0.0013,0.0321,0.0,0.0961,0.1107,0.0024,0.0107,1,#000000,True,,,,,,,bez merljivog defekta,ne dirati,—,
,0,A_OK_NO_CHANGE,NONE,unknown,,,png,carsystem-2k-filler-wet-on-wet-plus,Carsystem 2K Filler Wet on Wet Plus,153.455,153.455,/products/carsystem/catalog/carsystem-2k-filler-wet-on-wet-plus.webp,https://www.carsystem.org/fileadmin/_processed_/a/8/csm_cs-2k-filler-wet-on-wet-plus-gruppe_e5b2f0c49a.png,https://www.carsystem.org/fileadmin/products/images/153.455/cs-2k-filler-wet-on-wet-plus-gruppe.png,01682ef8d78f0ff522c0e124e4b155e7b2472739ed7a0f35ca09a5070d7c8aff,660,564,WEBP,54186,True,0,False,,,alpha,"12,12,638,542","14,14,635,538",1.0122,1.0047,1.0074,0.929,0.6231,0.0182,0.0152,0.0213,0.0177,0.1821,0.0142,0.4579,0.4437,0.1137,0.0608,0.0024,0.0438,0.0002,0.0911,0.116,0.0025,0.0112,1,#000000,True,,,,,,,bez merljivog defekta,ne dirati,—,
,0,A_OK_NO_CHANGE,NONE,unknown,,,png,carsystem-2k-voc-filler-540,Carsystem 2K VOC Filler 540,144.541,144.541,/products/carsystem/catalog/carsystem-2k-voc-filler-540.webp,https://www.carsystem.org/fileadmin/_processed_/b/3/csm_cs-2k-filler-voc-540-gruppe_398448da5e.png,https://www.carsystem.org/fileadmin/products/images/144.026/cs-2k-filler-voc-540-gruppe.png,c39a78825d24488fd16c47a5116a8b17276e0a738acad12e6d728d58cb49316c,660,700,WEBP,60130,True,0,False,,,alpha,"41,39,575,629","43,41,572,625",1.0117,1.0052,1.0064,0.7828,0.527,0.0621,0.0667,0.0557,0.0457,0.1139,0.003,0.536,0.5331,0.2078,0.0453,0.0169,0.1174,0.0007,0.1771,0.108,0.003,0.0116,1,#000000,True,,,,,,,bez merljivog defekta,ne dirati,—,
,0,F_SPECIAL_MARKETING_IMAGE,SOURCE_IMAGE_PROBLEM,unknown,,,png,carsystem-30-years-ltd-coverall-jacket,Carsystem 30 Years Ltd. Coverall Jacket,159.654,159.654,/products/carsystem/catalog/carsystem-30-years-ltd-coverall-jacket.webp,https://www.carsystem.org/fileadmin/_processed_/3/5/csm_159.654-659-cs-30-years-ltd.-coverall-jacket_2c0b8d7457.png,https://www.carsystem.org/fileadmin/products/images/159.654/159.654-659-cs-30-years-ltd.-coverall-jacket.png,4b67ce7ee257b38cb2579ad4a8cc16f19a2684e24a26b4223faceb65df27cb4d,660,660,WEBP,57780,True,0,False,,,alpha,"42,31,575,629","44,32,572,628",1.0068,1.0052,1.0016,0.8303,0.6381,0.0636,0.0652,0.047,0.0,0.0014,0.0006,0.125,0.1244,0.0,0.904,0.5805,0.0115,0.0,0.877,0.0551,0.0025,0.0104,1,#010101,True,,,,,,,merch/model/brand composition,izvan packshot workflow-a — samo padding/scale politika kartice,nema (ne dira se),CRUSHED_BLACK|MERCH
,0,A_OK_NO_CHANGE,NONE,unknown,,,png,carsystem-acryl-thinner,Carsystem Acryl Thinner,153.171,153.171,/products/carsystem/catalog/carsystem-acryl-thinner.webp,https://www.carsystem.org/fileadmin/_processed_/1/7/csm_141479-cs-acryl-thinner-slow-5-l_50f2f27e22.png,https://www.carsystem.org/fileadmin/products/images/141.479/141479-cs-acryl-thinner-slow-5-l.png,eef9fa6db7eaf2855d8aeebaa95dbb193a775fd7892b3491a6cb133992f68521,660,1046,WEBP,53348,True,0,False,,,alpha,"89,47,469,977","92,50,464,972",1.016,1.0108,1.0051,0.6637,0.5994,0.1348,0.1545,0.0449,0.021,0.2346,0.0212,0.3664,0.3452,0.2157,0.0977,0.0047,0.057,0.0,0.046,0.0377,0.0031,0.0112,1,#000000,False,,,,,,,bez merljivog defekta,ne dirati,—,
,0,A_OK_NO_CHANGE,NONE,unknown,,,png,carsystem-activator,Carsystem Activator,147.695,147.695,/products/carsystem/catalog/carsystem-activator.webp,https://www.carsystem.org/fileadmin/_processed_/8/e/csm_147695-cs-activator-1-l_729fb6b1f5.png,https://www.carsystem.org/fileadmin/products/images/147.695/147695-cs-activator-1-l.png,555bd08327664642e47cd34f51703cf48968b674d8c0a999c46ce7d4d5b24a98,660,887,WEBP,52004,True,0,False,,,alpha,"74,48,493,789","75,49,490,787",1.0087,1.0061,1.0025,0.6644,0.5976,0.1121,0.1409,0.0541,0.0564,0.1642,0.0038,0.4959,0.4922,0.1176,0.4092,0.0234,0.0604,0.0,0.1357,0.05,0.0023,0.0083,1,#000000,True,,,,,,,bez merljivog defekta,ne dirati,—,
,0,A_OK_NO_CHANGE,NONE,unknown,,,png,carsystem-af-21-1k-filler,Carsystem AF.21 1K Filler,158.244,158.244,/products/carsystem/catalog/carsystem-af-21-1k-filler.webp,https://www.carsystem.org/fileadmin/_processed_/0/d/csm_158244-158245-af21-1k-filler_thinner_25d242084e.png,https://www.carsystem.org/fileadmin/products/images/158.244/158244-158245-af21-1k-filler_thinner.png,d4e27fae07e20e0f02718acf8f51279e2269b1c18aa1c4e48c6333cd88415218,660,571,WEBP,45480,True,0,False,,,alpha,"28,11,595,550","29,12,593,547",1.0089,1.0034,1.0055,0.8684,0.7533,0.0424,0.0561,0.0193,0.0175,0.0011,0.0,0.3363,0.3363,0.0078,0.8709,0.536,0.0025,0.0,0.6893,0.0916,0.0024,0.0084,1,#000000,True,,,,,,,bez merljivog defekta,ne dirati,—,CRUSHED_BLACK
,0,A_OK_NO_CHANGE,NONE,unknown,,,webp,carsystem-af-21-x-pert,Carsystem AF.21 X-pert,158.216,158.216,/products/carsystem/catalog/carsystem-af-21-x-pert.webp,https://www.carsystem.org/fileadmin/_processed_/e/a/csm_af.21-2k-x-pert-group_cbe9ba9aa2.webp,https://www.carsystem.org/fileadmin/products/images/158.216/af.21-2k-x-pert-group.webp,d26287a26c048a3c12bb48dbf2a79dcd2c5a76cc938c93c2f818049e927f703d,660,404,WEBP,45148,True,0,False,,,alpha,"44,41,553,341","61,42,534,332",1.0637,1.0356,1.0271,0.7072,0.5726,0.0667,0.0955,0.1015,0.0545,0.0499,0.0139,0.9387,0.9248,0.0157,0.8656,0.0,0.2164,0.019,0.1711,0.2546,0.0295,0.0532,1,#000000,True,,,,,,,bez merljivog defekta,ne dirati,—,
,0,A_OK_NO_CHANGE,NONE,unknown,,,webp,carsystem-af-25-primer-wet-on-wet,Carsystem AF.25 Primer Wet on Wet,160.263,160.263,/products/carsystem/catalog/carsystem-af-25-primer-wet-on-wet.webp,https://www.carsystem.org/fileadmin/_processed_/1/0/csm_cs-Af25-primer-wet-on-wet-gruppe_8c7823fecb.webp,https://www.carsystem.org/fileadmin/products/images/160.261/cs-Af25-primer-wet-on-wet-gruppe.webp,9feddc3362d884990b5ca16000d8aff72f384981e82cff66f8fb046a666bf27c,660,303,WEBP,44230,True,0,False,,,alpha,"24,18,603,270","57,22,569,265",1.0797,1.0598,1.0189,0.8141,0.611,0.0364,0.05,0.0594,0.0495,0.1413,0.013,0.6795,0.6666,0.0078,0.8289,0.0,0.158,0.0062,0.1394,0.289,0.0103,0.0894,1,#000000,True,,,,,,,bez merljivog defekta,ne dirati,—,
,0,A_OK_NO_CHANGE,NONE,unknown,,,png,carsystem-air-hose-air-hose-coil,Carsystem Air hose – Air hose coil,143.131,143.131,/products/carsystem/catalog/carsystem-air-hose-air-hose-coil.webp,https://www.carsystem.org/fileadmin/_processed_/4/d/csm_143131-cs-antistat-schlauch-durchm-9mm-20-bar_7ca0509aa8.png,https://www.carsystem.org/fileadmin/products/images/143.131/143131-cs-antistat-schlauch-durchm-9mm-20-bar.png,c7a8798a83ae62d0c8af8e669f133123d70fb8c52d4f712e7a44797d6722911a,660,330,WEBP,36456,True,0,False,,,alpha,"10,10,638,308","11,11,635,304",1.0179,1.0047,1.0132,0.9022,0.7166,0.0152,0.0182,0.0303,0.0364,0.096,0.0142,0.1683,0.1542,0.4627,0.0033,0.0,0.0071,0.0,0.068,0.0164,0.0031,0.0117,1,#000000,False,,,,,,,bez merljivog defekta,ne dirati,—,LOW_DETAIL|SOFT_IMAGE
,0,A_OK_NO_CHANGE,NONE,unknown,,,png,carsystem-air-hose-air-hose-complete,Carsystem Air hose – Air hose complete,139.039,139.039,/products/carsystem/catalog/carsystem-air-hose-air-hose-complete.webp,https://www.carsystem.org/fileadmin/_processed_/c/3/csm_139039-cs-luftschlauch-9mm-12_5m-lang-12-bar_a1269394e8.png,https://www.carsystem.org/fileadmin/products/images/139.039/139039-cs-luftschlauch-9mm-12_5m-lang-12-bar.png,27017d01bc031e4064bcd4caa3b4815311baa94bcccea067bf6f243668a8f34e,660,543,WEBP,37670,True,0,False,,,alpha,"20,16,615,505","22,19,610,500",1.0183,1.0082,1.01,0.8666,0.3814,0.0303,0.0379,0.0295,0.0405,0.0942,0.0141,0.1822,0.1681,0.4314,0.0104,0.0001,0.0088,0.0,0.0804,0.0272,0.0048,0.0378,1,#000000,False,,,,,,,bez merljivog defekta,ne dirati,—,SOFT_IMAGE
,0,A_OK_NO_CHANGE,NONE,unknown,,,png,carsystem-all-in-one-covers,Carsystem All In One Covers,159.480,159.480,/products/carsystem/catalog/carsystem-all-in-one-covers.webp,https://www.carsystem.org/fileadmin/_processed_/6/5/csm_159.480-cs-allinone-covers-dispenserbox_cf4ef3331b.png,https://www.carsystem.org/fileadmin/products/images/159.480/159.480-cs-allinone-covers-dispenserbox.png,a9e753a93f054ab165599aecf50ea2879a40a884e1d1cb9beb5c4603ec03c511,660,431,WEBP,38150,True,0,False,,,alpha,"10,9,642,416","13,11,638,413",1.0136,1.0063,1.0073,0.9389,0.5252,0.0152,0.0121,0.0209,0.0139,0.3828,0.025,0.8784,0.8534,0.0353,0.6464,0.0014,0.4146,0.0,0.0338,0.1228,0.0018,0.0135,1,#010101,True,,,,,,,bez merljivog defekta,ne dirati,—,
,0,A_OK_NO_CHANGE,NONE,unknown,,,png,carsystem-aluminium-mesh,Carsystem Aluminium mesh,126.041,126.041,/products/carsystem/catalog/carsystem-aluminium-mesh.webp,https://www.carsystem.org/fileadmin/_processed_/7/e/csm_126041-cs-alu-reparaturgitter-25x20_439291f402.png,https://www.carsystem.org/fileadmin/products/images/126.041/126041-cs-alu-reparaturgitter-25x20.png,3fcb14c937eb2cb89cf543543755a82112bc395b34666ec957fcbbe11bc34bc8,660,775,WEBP,114116,True,0,False,,,alpha,"45,86,570,641","47,88,567,638",1.01,1.0053,1.0047,0.7143,0.6521,0.0682,0.0682,0.111,0.0619,0.4839,0.0911,0.7567,0.6656,0.0196,0.749,0.0,0.5002,0.0,0.0023,0.4248,0.0025,0.0088,1,#000000,True,,,,,,,bez merljivog defekta,ne dirati,—,
,0,A_OK_NO_CHANGE,NONE,unknown,,,png,carsystem-auto-mask,Carsystem Auto Mask,125.476,125.476,/products/carsystem/catalog/carsystem-auto-mask.webp,https://www.carsystem.org/fileadmin/_processed_/8/5/csm_125476-cs-automask-refill-rolle-0_55x33m_75b4c3fed6.png,https://www.carsystem.org/fileadmin/products/images/125.476/125476-cs-automask-refill-rolle-0_55x33m.png,4b6e3f4beed8df00098509e259f633b91db3bb8dbfe535cca934616406a7bf1e,660,1833,WEBP,78784,True,0,False,,,alpha,"10,12,640,1812","13,15,635,1806",1.0112,1.0079,1.0033,0.9586,0.9159,0.0152,0.0152,0.0065,0.0049,0.2683,0.1278,0.6699,0.5421,0.0431,0.83,0.0,0.1847,0.0017,0.0,0.0092,0.0029,0.0103,1,#000000,False,,,,,,,bez merljivog defekta,ne dirati,—,LOW_DETAIL|SOFT_IMAGE
,0,A_OK_NO_CHANGE,NONE,unknown,,,png,carsystem-black-tape,Carsystem Black Tape,147.753,147.753,/products/carsystem/catalog/carsystem-black-tape.webp,https://www.carsystem.org/fileadmin/_processed_/6/8/csm_147753-cs-black-tape-gewebeband-50mmx50m_20ca58c8a5.png,https://www.carsystem.org/fileadmin/products/images/147.753/147753-cs-black-tape-gewebeband-50mmx50m.png,0de0dc6c588ecb2279d34055ad85efbc4d11c3c49e666f8b49f91e1154363608,660,440,WEBP,21590,True,0,False,,,alpha,"0,3,659,437","4,4,653,435",1.0138,1.0092,1.0046,0.9917,0.2943,0.0,0.0015,0.0068,0.0,0.0029,0.0008,0.3397,0.339,0.0157,0.9623,0.1242,0.0288,0.0019,0.8451,0.0514,0.0036,0.0278,1,#080808,True,,,,,,,bez merljivog defekta,ne dirati,—,
,0,A_OK_NO_CHANGE,NONE,unknown,,,png,carsystem-blacky,Carsystem Blacky,137.433,137.433,/products/carsystem/catalog/carsystem-blacky.webp,https://www.carsystem.org/fileadmin/_processed_/5/0/csm_137433-cs-blacky-gummispachtel-100x60mm_3f3e46fc5e.png,https://www.carsystem.org/fileadmin/products/images/137.433/137433-cs-blacky-gummispachtel-100x60mm.png,47e83040e6ae6cde2d8bb67fe96c964361bfbd3a76ee74d403c6b2ffb5a28359,660,523,WEBP,15184,True,0,False,,,alpha,"4,5,649,515","6,6,646,512",1.0105,1.0046,1.0059,0.9683,0.5617,0.0061,0.0106,0.0096,0.0057,0.0026,0.0023,0.0431,0.0408,0.0157,1.0,0.0001,0.0004,0.0,0.9078,0.0111,0.0028,0.0124,1,#0d0d0d,False,,,,,,,bez merljivog defekta,ne dirati,—,LOW_DETAIL|SOFT_IMAGE
,0,A_OK_NO_CHANGE,NONE,unknown,,,png,carsystem-blow-off-gun,Carsystem Blow Off Gun,145.270,145.270,/products/carsystem/catalog/carsystem-blow-off-gun.webp,https://www.carsystem.org/fileadmin/_processed_/e/b/csm_145270-273-cs-ausblaspistole-gruppe_0509c86402.png,https://www.carsystem.org/fileadmin/products/images/145.270/145270-273-cs-ausblaspistole-gruppe.png,887e2a8d3d12780a054b477a7e6cd6bfbbd7e560e20bfeec049cb85ae6b52dbe,660,480,WEBP,39020,True,0,False,,,alpha,"5,4,653,475","8,6,648,471",1.0163,1.0077,1.0085,0.9791,0.2641,0.0076,0.003,0.0083,0.0021,0.0161,0.0005,0.1072,0.1067,0.2784,0.0866,0.0554,0.0057,0.0006,0.7392,0.0552,0.0047,0.0765,2,#080808,True,,,,,,,bez merljivog defekta,ne dirati,—,
,0,A_OK_NO_CHANGE,NONE,unknown,,,png,carsystem-blow-off-stick,Carsystem Blow Off Stick,154.123,154.123,/products/carsystem/catalog/carsystem-blow-off-stick.webp,https://www.carsystem.org/fileadmin/_processed_/f/2/csm_154123-124-cs-ausblasstift-gruppe_421f2aff30.png,https://www.carsystem.org/fileadmin/products/images/154.123/154123-124-cs-ausblasstift-gruppe.png,fc24b5d2fefb35e4e1990252cb32a24ea335c72f9988e35c03fad2511a2beb7d,660,335,WEBP,34934,True,0,False,,,alpha,"20,8,626,308","21,10,624,304",1.0164,1.0032,1.0132,0.872,0.3726,0.0303,0.0212,0.0239,0.0567,0.0762,0.0009,0.3828,0.3819,0.0,1.0,0.131,0.0147,0.0002,0.2708,0.1878,0.0044,0.0492,2,#000000,True,,,,,,,bez merljivog defekta,ne dirati,—,
,0,F_SPECIAL_MARKETING_IMAGE,SOURCE_IMAGE_PROBLEM,unknown,,,png,carsystem-bodyshirt-black,Carsystem Bodyshirt Black,158.536,158.536,/products/carsystem/catalog/carsystem-bodyshirt-black.webp,https://www.carsystem.org/fileadmin/_processed_/a/7/csm_158.535-538-bodyshirt-black_7bbe791203.png,https://www.carsystem.org/fileadmin/products/images/158.536/158.535-538-bodyshirt-black.png,60c415f057eb89ab24ace4c7dceb477427bf650f21cd3cd4cb767dd8b4fa30f5,660,660,WEBP,54328,True,255,False,,,alpha,"0,2,660,658","1,6,659,654",1.0076,1.0015,1.0061,0.997,0.7438,0.0,0.0,0.003,0.0,0.0001,0.0,0.2616,0.2616,0.0,0.7543,0.6865,0.0632,0.0,0.785,0.0235,0.0045,0.0177,1,#2a1c17,False,,,,,,,merch/model/brand composition,izvan packshot workflow-a — samo padding/scale politika kartice,nema (ne dira se),MOSTLY_BLACK|SOFT_IMAGE|MERCH
,0,A_OK_NO_CHANGE,NONE,unknown,,,png,carsystem-booth-mask,Carsystem Booth Mask,149.358,149.358,/products/carsystem/catalog/carsystem-booth-mask.webp,https://www.carsystem.org/fileadmin/_processed_/5/e/csm_149358-359-cs-booth-mask-5-l-20-l_c1365ba217.png,https://www.carsystem.org/fileadmin/products/images/149.358/149358-359-cs-booth-mask-5-l-20-l.png,1fd9cb37d63d9053b1289b45687065201c1b5137aecb4952a99981988198a453,660,679,WEBP,52836,True,0,False,,,alpha,"13,5,634,666","14,6,632,664",1.0062,1.0032,1.003,0.9422,0.8071,0.0197,0.0197,0.0074,0.0118,0.5991,0.0543,0.8126,0.7584,0.0196,0.7345,0.0001,0.5989,0.0134,0.0008,0.0992,0.0021,0.0079,1,#030303,True,,,,,,,bez merljivog defekta,ne dirati,—,
,0,A_OK_NO_CHANGE,NONE,unknown,,,png,carsystem-booth-mask-stick,Carsystem Booth Mask Stick,149.338,149.338,/products/carsystem/catalog/carsystem-booth-mask-stick.webp,https://www.carsystem.org/fileadmin/_processed_/d/6/csm_149338-339-340-cs-booth-mask-stick-5-l-10-l-25-l_56349552dd.png,https://www.carsystem.org/fileadmin/products/images/149.338/149338-339-340-cs-booth-mask-stick-5-l-10-l-25-l.png,c1082b4975e1362d6b381ca3e6499e0039c3e14bf22a041e113192ba607e6ac1,660,598,WEBP,51188,True,0,False,,,alpha,"15,19,635,570","16,20,633,567",1.0085,1.0032,1.0053,0.9171,0.7867,0.0227,0.0152,0.0318,0.0151,0.5609,0.0542,0.7614,0.7071,0.0314,0.7368,0.0,0.5128,0.0095,0.001,0.1141,0.0022,0.0079,1,#000000,True,,,,,,,bez merljivog defekta,ne dirati,—,
,0,A_OK_NO_CHANGE,NONE,unknown,,,png,carsystem-booth-mask-white,Carsystem Booth Mask White,153.205,153.205,/products/carsystem/catalog/carsystem-booth-mask-white.webp,https://www.carsystem.org/fileadmin/_processed_/a/f/csm_153205-cs-booth-mask-white-19-l_0aaad463c6.png,https://www.carsystem.org/fileadmin/products/images/153.205/153205-cs-booth-mask-white-19-l.png,f6590d931ba2e8bbc2ebfd27aaa0f692e9bb410e6b2cccd7f4f611a7f11572e1,660,978,WEBP,61602,True,0,False,,,alpha,"36,52,592,873","37,54,589,869",1.0097,1.0051,1.0046,0.8007,0.6691,0.0545,0.0485,0.0532,0.0542,0.2935,0.0198,0.8667,0.8469,0.1059,0.3226,0.0,0.5216,0.0001,0.0522,0.0654,0.0017,0.0077,1,#000000,True,,,,,,,bez merljivog defekta,ne dirati,—,
,0,A_OK_NO_CHANGE,NONE,unknown,,,png,carsystem-bpo-hardener,Carsystem BPO Hardener,132.413,132.413,/products/carsystem/catalog/carsystem-bpo-hardener.webp,https://www.carsystem.org/fileadmin/_processed_/1/2/csm_132413-bpo-haerter-foerster-rot_197e138881.png,https://www.carsystem.org/fileadmin/products/images/132.413/132413-bpo-haerter-foerster-rot.png,5be833065db95a49be197a04098559cefa85cb97086758af5192be4b7cd0fb60,660,1598,WEBP,140340,True,0,False,,,alpha,"112,98,434,1403","115,101,428,1397",1.0184,1.014,1.0043,0.5773,0.4336,0.1697,0.1727,0.0613,0.0607,0.457,0.0055,0.8,0.7945,0.1137,0.1065,0.0062,0.5341,0.0002,0.1435,0.2573,0.0048,0.0199,1,#000000,True,,,,,,,bez merljivog defekta,ne dirati,—,
,0,A_OK_NO_CHANGE,NONE,unknown,,,png,carsystem-brush-set,Carsystem Brush Set,140.970,140.970,/products/carsystem/catalog/carsystem-brush-set.webp,https://www.carsystem.org/fileadmin/_processed_/7/d/csm_140970-cs-brush-set_bc2c7237b1.png,https://www.carsystem.org/fileadmin/products/images/140.970/140970-cs-brush-set.png,cb2d89640ff10eb9ddbacd16df04720209abff524518ab95e952cb629784525a,660,419,WEBP,40038,True,183,False,,,alpha,"0,0,660,419","1,1,657,417",1.0094,1.0046,1.0048,1.0,0.2559,0.0,0.0,0.0,0.0,0.0361,0.0068,0.6182,0.6114,0.2353,0.2692,0.0,0.0646,0.0249,0.2905,0.1669,0.005,0.0611,3,#0c0606,True,,,,,,,bez merljivog defekta,ne dirati,—,
,0,A_OK_NO_CHANGE,NONE,unknown,,,png,carsystem-bumper-paint,Carsystem Bumper Paint,147.447,147.447,/products/carsystem/catalog/carsystem-bumper-paint.webp,https://www.carsystem.org/fileadmin/_processed_/a/3/csm_147447-cs-bumper-paint-schwarz-1-l-3D_7913611c0f.png,https://www.carsystem.org/fileadmin/products/images/147.447/147447-cs-bumper-paint-schwarz-1-l-3D.png,a59c85a674e03664d2ed40c7411892f01825b67c46a53630279049320785b419,660,660,WEBP,45054,True,0,False,,,alpha,"107,57,394,548","134,58,366,543",1.0864,1.0765,1.0092,0.4957,0.437,0.1621,0.2409,0.0864,0.0833,0.0776,0.0538,0.7383,0.6845,0.5882,0.2102,0.0062,0.2134,0.001,0.028,0.159,0.0113,0.0196,1,#000000,True,,,,,,,bez merljivog defekta,ne dirati,—,
,0,A_OK_NO_CHANGE,NONE,unknown,,,webp,carsystem-bumper-paint-spray,Carsystem Bumper Paint Spray,142.820,142.820,/products/carsystem/catalog/carsystem-bumper-paint-spray.webp,https://www.carsystem.org/fileadmin/_processed_/a/3/csm_142.820-142.821-bumper-paintspray_a43a9f49f1.webp,https://www.carsystem.org/fileadmin/products/images/142.820/142.820-142.821-bumper-paintspray.webp,9edff4f575cc18b4fa98d9e78b2fa86c5108e8224a8c748c09cc59613bb4bdd9,660,863,WEBP,81668,True,0,False,,,alpha,"57,34,547,789","70,35,532,785",1.0334,1.0282,1.0051,0.7577,0.6782,0.0864,0.0848,0.0394,0.0463,0.1761,0.0242,0.7406,0.7164,0.4941,0.3783,0.0047,0.4335,0.0116,0.0367,0.1728,0.0077,0.0165,1,#000000,True,,,,,,,bez merljivog defekta,ne dirati,—,
,0,A_OK_NO_CHANGE,NONE,unknown,,,webp,carsystem-bumper-structurant-spray,Carsystem Bumper Structurant Spray,142.982,142.982,/products/carsystem/catalog/carsystem-bumper-structurant-spray.webp,https://www.carsystem.org/fileadmin/_processed_/7/b/csm_142.982-bumper-structurant-spray_3efdf99240.webp,https://www.carsystem.org/fileadmin/products/images/142.982/142.982-bumper-structurant-spray.webp,379d3c7b00c2a7a63bf484f862d20c7d99fa47b5bd3acabd343b60b8aca2babf,660,1378,WEBP,80878,True,0,False,,,alpha,"108,55,429,1259","127,56,409,1254",1.0531,1.0489,1.004,0.5939,0.5405,0.1636,0.1864,0.0399,0.0464,0.1268,0.0185,0.7524,0.7339,0.6039,0.343,0.0052,0.4463,0.0092,0.0604,0.1205,0.0068,0.0128,1,#000000,True,,,,,,,bez merljivog defekta,ne dirati,—,
,0,A_OK_NO_CHANGE,NONE,unknown,,,png,carsystem-c-wax-c-80,Carsystem C-Wax C-80,158.243,158.243,/products/carsystem/catalog/carsystem-c-wax-c-80.webp,https://www.carsystem.org/fileadmin/_processed_/f/3/csm_158.243-c-wax-c-80-hochglanzversiegelung_151157df50.png,https://www.carsystem.org/fileadmin/products/images/158.243/158.243-c-wax-c-80-hochglanzversiegelung.png,fb13e09656286594ef6f5c3861ecdf2b82d8ab8c6c71c34361bc0f686d15310c,660,1792,WEBP,102628,True,0,False,,,alpha,"89,22,478,1751","91,24,474,1747",1.0107,1.0084,1.0023,0.7077,0.5915,0.1348,0.1409,0.0123,0.0106,0.0006,0.0,0.5607,0.5607,0.0039,0.7799,0.5689,0.0605,0.0001,0.7563,0.074,0.0023,0.009,1,#000000,True,,,,,,,bez merljivog defekta,ne dirati,—,MOSTLY_BLACK
,0,F_SPECIAL_MARKETING_IMAGE,SOURCE_IMAGE_PROBLEM,unknown,,,png,carsystem-cap-black,Carsystem Cap Black,158.927,158.927,/products/carsystem/catalog/carsystem-cap-black.webp,https://www.carsystem.org/fileadmin/_processed_/4/3/csm_158.927-cap-black-front_back_330c06af38.png,https://www.carsystem.org/fileadmin/products/images/158.927/158.927-cap-black-front_back.png,b88ec7ed34bc8ea3892a5f5655ae88cb82de218698c7c8ee9e76548d7ddf01df,660,633,WEBP,28312,True,0,False,,,alpha,"19,38,631,578","21,39,628,576",1.0083,1.0048,1.0035,0.873,0.6197,0.0288,0.0152,0.06,0.0269,0.0027,0.0,0.0175,0.0175,0.0,0.9917,0.2714,0.006,0.0,0.9569,0.006,0.0029,0.0117,1,#000000,False,,,,,,,merch/model/brand composition,izvan packshot workflow-a — samo padding/scale politika kartice,nema (ne dira se),LOW_DETAIL|SOFT_IMAGE|MERCH
,0,F_SPECIAL_MARKETING_IMAGE,SOURCE_IMAGE_PROBLEM,unknown,,,png,carsystem-cap-camouflage,Carsystem Cap camouflage,160.493,160.493,/products/carsystem/catalog/carsystem-cap-camouflage.webp,https://www.carsystem.org/fileadmin/_processed_/2/8/csm_Cap-Camou-2026_6b7d6d7dcb.png,https://www.carsystem.org/fileadmin/products/images/160.493/Cap-Camou-2026.png,82713730d0971ec6fbacac004e8c0a2c57277b08d508fbb52522891ebff82ce3,660,660,WEBP,38370,True,0,False,,,alpha,"36,118,591,415","37,120,589,411",1.0132,1.0034,1.0097,0.5631,0.3674,0.0545,0.05,0.1788,0.1924,0.0101,0.0006,0.4192,0.4186,0.0118,0.9834,0.2818,0.0172,0.0,0.5288,0.0944,0.0035,0.0126,1,#000000,True,,,,,,,merch/model/brand composition,izvan packshot workflow-a — samo padding/scale politika kartice,nema (ne dira se),MERCH
,0,A_OK_NO_CHANGE,NONE,unknown,,,png,carsystem-car-clean-double-blue,Carsystem Car Clean Double Blue,134.580,134.580,/products/carsystem/catalog/carsystem-car-clean-double-blue.webp,https://www.carsystem.org/fileadmin/_processed_/6/e/csm_134580-cs-car-clean-double-blue-36x36-1000_03573bc761.png,https://www.carsystem.org/fileadmin/products/images/134.580/134580-cs-car-clean-double-blue-36x36-1000.png,7cfc93342fc08c032085dc800a9fbc02169d181663123157da7562cf98a54917,660,871,WEBP,73414,True,0,False,,,alpha,"7,1,650,868","9,3,646,865",1.0097,1.0062,1.0035,0.9815,0.9092,0.0106,0.0045,0.0011,0.0023,0.0205,0.0059,0.0455,0.0395,0.1412,0.0323,0.0,0.0004,0.0,0.4903,0.0048,0.002,0.0068,1,#141414,False,,,,,,,bez merljivog defekta,ne dirati,—,LOW_DETAIL|SOFT_IMAGE
,0,A_OK_NO_CHANGE,NONE,confirmed,-30.6,2.27,png,carsystem-car-clean-double-white,Carsystem Car Clean Double White,141.253,141.253,/products/carsystem/catalog/carsystem-car-clean-double-white.webp,https://www.carsystem.org/fileadmin/_processed_/8/7/csm_141253-cs-car-clean-double-white-38x24-1500_fb94c27f7b.png,https://www.carsystem.org/fileadmin/products/images/141.253/141253-cs-car-clean-double-white-38x24-1500.png,e27a612ca29a4129caca6fa6611f88d28d7a5d5ed42f229c51e83ea0b0ffd1be,660,582,WEBP,61054,True,0,False,,,alpha,"5,2,651,577","6,3,648,575",1.0081,1.0046,1.0035,0.9779,0.8809,0.0076,0.0061,0.0034,0.0052,0.2457,0.0768,0.4219,0.3451,0.0353,1.0,0.0,0.0015,0.0,0.0,0.0102,0.0022,0.0076,1,#222222,False,,,,,,,bez merljivog defekta,ne dirati,—,LOW_DETAIL|SOFT_IMAGE
,0,A_OK_NO_CHANGE,NONE,unknown,,,png,carsystem-car-clean-multi,Carsystem Car Clean Multi,134.577,134.577,/products/carsystem/catalog/carsystem-car-clean-multi.webp,https://www.carsystem.org/fileadmin/_processed_/6/6/csm_134.577-cs-car-clean-multi-38x32cm-500-abrisse_6f7a5baf17.png,https://www.carsystem.org/fileadmin/products/images/134.577/134.577-cs-car-clean-multi-38x32cm-500-abrisse.png,d86a422425237be2eb50387d27633a55eff1238caeed2d8d656623e0444805a2,660,370,WEBP,91666,True,237,False,,,alpha,"0,0,660,370","1,1,658,368",1.0085,1.003,1.0054,1.0,0.6873,0.0,0.0,0.0,0.0,0.1648,0.0117,0.409,0.3973,0.1961,0.0002,0.0,0.0837,0.0,0.0903,0.4228,0.0025,0.0135,2,#272d3d,True,,,,,,,bez merljivog defekta,ne dirati,—,
,0,A_OK_NO_CHANGE,NONE,unknown,,,webp,carsystem-car-clean-multi-extreme-box,Carsystem Car Clean Multi Extreme Box,142.765,142.765,/products/carsystem/catalog/carsystem-car-clean-multi-extreme-box.webp,https://www.carsystem.org/fileadmin/_processed_/5/2/csm_142765-cs-car-clean-multi-extreme-box-32x38-250_353b6a4307.webp,https://www.carsystem.org/fileadmin/products/images/142.765/142765-cs-car-clean-multi-extreme-box-32x38-250.webp,9c6ced20880c2417fc132b1cc3e2223dfb69eeaf6fbafd0987ea3303e111024e,660,746,WEBP,19208,True,0,False,,,alpha,"92,36,472,662","93,40,470,657",1.0119,1.0043,1.0076,0.6346,0.4884,0.1394,0.1455,0.0483,0.0643,0.5785,0.159,0.8098,0.6507,0.0157,0.8042,0.0,0.6919,0.0,0.0007,0.0546,0.0026,0.0093,1,#000000,True,,,,,,,bez merljivog defekta,ne dirati,—,
,0,A_OK_NO_CHANGE,NONE,unknown,,,png,carsystem-car-clean-triple-blue,Carsystem Car Clean Triple Blue,134.578,134.578,/products/carsystem/catalog/carsystem-car-clean-triple-blue.webp,https://www.carsystem.org/fileadmin/_processed_/4/2/csm_134578-579-cs-car-clean-triple-blue-500-1000-abrisse-36x36cm_15db895b25.png,https://www.carsystem.org/fileadmin/products/images/134.578/134578-579-cs-car-clean-triple-blue-500-1000-abrisse-36x36cm.png,d42dc9859f835e65a01ab101fe4174201470db473ef13f8c1d59c86168592506,660,940,WEBP,200492,True,0,False,,,alpha,"8,6,647,931","9,8,645,927",1.0074,1.0031,1.0043,0.9709,0.9066,0.0121,0.0076,0.0064,0.0032,0.0718,0.0106,0.1671,0.1565,0.2863,0.002,0.0,0.0022,0.0003,0.1504,0.0342,0.0021,0.007,1,#0b0b0b,False,,,,,,,bez merljivog defekta,ne dirati,—,
,0,A_OK_NO_CHANGE,NONE,unknown,,,png,carsystem-car-clean-trolley,Carsystem Car Clean Trolley,139.912,139.912,/products/carsystem/catalog/carsystem-car-clean-trolley.webp,https://www.carsystem.org/fileadmin/_processed_/2/8/csm_139912-cs-car-clean-trolley_789941d40c.png,https://www.carsystem.org/fileadmin/products/images/139.912/139912-cs-car-clean-trolley.png,baea947dd8db0c4f71585725b2f2a32eb15f448577d4ec2b408193772b549d82,660,885,WEBP,72112,True,0,False,,,alpha,"11,11,646,866","13,12,642,864",1.0086,1.0062,1.0023,0.9578,0.2658,0.0167,0.0045,0.0124,0.009,0.059,0.0013,0.5523,0.5509,0.2118,0.1143,0.009,0.071,0.007,0.3125,0.1254,0.0053,0.0693,1,#010101,True,,,,,,,bez merljivog defekta,ne dirati,—,
,0,A_OK_NO_CHANGE,NONE,unknown,,,png,carsystem-car-mop-white,Carsystem Car Mop White,133.149,133.149,/products/carsystem/catalog/carsystem-car-mop-white.webp,https://www.carsystem.org/fileadmin/_processed_/b/6/csm_133149-cs-car-mop-white-150x50mm_54aa88d909.png,https://www.carsystem.org/fileadmin/products/images/133.149/133149-cs-car-mop-white-150x50mm.png,ad958ca4b2ab60e29300f78ee8c6d744c0e493eedc8a5d80fec3d121cf8e8014,660,401,WEBP,48388,True,0,False,,,alpha,"2,2,655,396","3,4,653,393",1.0107,1.0031,1.0076,0.98,0.8554,0.003,0.0045,0.005,0.0075,0.6097,0.3186,0.7854,0.4668,0.0588,0.5398,0.0,0.6748,0.0,0.0,0.0552,0.0029,0.0092,1,#343434,True,,,,,,,bez merljivog defekta,ne dirati,—,SOFT_IMAGE
,0,A_OK_NO_CHANGE,NONE,unknown,,,png,carsystem-car-polish-roll,Carsystem Car Polish Roll,134.582,134.582,/products/carsystem/catalog/carsystem-car-polish-roll.webp,https://www.carsystem.org/fileadmin/_processed_/c/c/csm_134582-cs-car-polish-roll-36x40cm-370-abrisse_64dfc3fbf5.png,https://www.carsystem.org/fileadmin/products/images/134.582/134582-cs-car-polish-roll-36x40cm-370-abrisse.png,33baaa608eaf22088d1b836a33b742cd6f69a608a37dcfd69dc983787cdc7a19,660,928,WEBP,42900,True,0,False,,,alpha,"67,0,525,928","69,2,522,925",1.009,1.0057,1.0032,0.7955,0.5922,0.1015,0.103,0.0,0.0,0.0845,0.0254,0.8873,0.8619,0.4627,0.1292,0.0002,0.1651,0.0124,0.0151,0.0515,0.0019,0.0086,1,#060606,True,,,,,,,bez merljivog defekta,ne dirati,—,
,0,A_OK_NO_CHANGE,NONE,unknown,,,png,carsystem-carbo-putty,Carsystem Carbo Putty,148.018,148.018,/products/carsystem/catalog/carsystem-carbo-putty.webp,https://www.carsystem.org/fileadmin/_processed_/1/3/csm_148018-cs-carbo-putty-inkl-mekp-haerter-kg-0_5_32770cf041.png,https://www.carsystem.org/fileadmin/products/images/148.018/148018-cs-carbo-putty-inkl-mekp-haerter-kg-0_5.png,3adf710baa53e2755ce3b18b0d22d958cfef0d7e9b9fb4af2c71c370625b9d3b,660,440,WEBP,39920,True,0,False,,,alpha,"124,60,404,337","130,62,397,330",1.0392,1.0176,1.0212,0.4688,0.4265,0.1879,0.2,0.1364,0.0977,0.0243,0.001,0.9301,0.9292,0.0275,0.7468,0.0889,0.2622,0.018,0.4915,0.2151,0.0173,0.0278,1,#000000,True,,,,,,,bez merljivog defekta,ne dirati,—,
,0,A_OK_NO_CHANGE,NONE,unknown,,,png,carsystem-carbo-spray,Carsystem Carbo Spray,148.019,148.019,/products/carsystem/catalog/carsystem-carbo-spray.webp,https://www.carsystem.org/fileadmin/_processed_/2/0/csm_148.019-cs-carbo-spray-inkl-mekp-Haerter-kg0_820-3D_a1b5626a32.png,https://www.carsystem.org/fileadmin/products/images/148.019/148.019-cs-carbo-spray-inkl-mekp-Haerter-kg0_820-3D.png,481929a23bb3935711db852e050871e66be09ff4a40579f1b12599edf790db52,660,703,WEBP,60550,True,0,False,,,alpha,"114,64,418,580","144,66,387,571",1.0971,1.0801,1.0158,0.5225,0.4577,0.1727,0.1939,0.091,0.0839,0.0135,0.0014,0.7444,0.7431,0.0235,0.7617,0.0344,0.1653,0.0028,0.54,0.1681,0.0153,0.0243,1,#000000,True,,,,,,,bez merljivog defekta,ne dirati,—,
,0,A_OK_NO_CHANGE,NONE,unknown,,,png,carsystem-carbo-spray-thinner,Carsystem Carbo Spray Thinner,148.234,148.234,/products/carsystem/catalog/carsystem-carbo-spray-thinner.webp,https://www.carsystem.org/fileadmin/_processed_/c/2/csm_148.234-carbo-spray-verduenner-3D_7fb4074d05.png,https://www.carsystem.org/fileadmin/products/images/148.234/148.234-carbo-spray-verduenner-3D.png,2ab4d31827f20e87aa77b28c3226af17ca25d5beecd5ca7bf4064228a79c7230,660,660,WEBP,55108,True,0,False,,,alpha,"107,36,393,569","136,37,362,562",1.0992,1.0856,1.0125,0.5134,0.4351,0.1621,0.2424,0.0545,0.0833,0.0121,0.0015,0.7947,0.7932,0.0275,0.6804,0.0246,0.1361,0.0036,0.5553,0.123,0.0139,0.0233,1,#000000,True,,,,,,,bez merljivog defekta,ne dirati,—,
,0,A_OK_NO_CHANGE,NONE,unknown,,,png,carsystem-cc-20-x-pert,Carsystem CC.20 X-pert,158.423,158.423,/products/carsystem/catalog/carsystem-cc-20-x-pert.webp,https://www.carsystem.org/fileadmin/_processed_/f/5/csm_157450-451-cs-cc20_x-pert-5_0-l-hardener-2_5-l_a1870405d1.png,https://www.carsystem.org/fileadmin/products/images/157.450/157450-451-cs-cc20_x-pert-5_0-l-hardener-2_5-l.png,1cb3b56960d60931728364bdb246a99e6e4d0c0a674f56c68ab8405e080f4855,660,710,WEBP,63216,True,0,False,,,alpha,"0,3,654,706","1,5,652,703",1.0073,1.0031,1.0043,0.9853,0.741,0.0,0.0091,0.0042,0.0014,0.0007,0.0,0.6899,0.6899,0.0078,0.8131,0.5578,0.1397,0.0002,0.7137,0.0967,0.0021,0.0081,1,#1a1a19,True,,,,,,,bez merljivog defekta,ne dirati,—,
,0,A_OK_NO_CHANGE,NONE,unknown,,,png,carsystem-cc-21-x-press-five,Carsystem CC.21 X-press FIVE,158.251,158.251,/products/carsystem/catalog/carsystem-cc-21-x-press-five.webp,https://www.carsystem.org/fileadmin/_processed_/8/3/csm_158249-158250-cc.21-x-press-five_6c8aba70f2.png,https://www.carsystem.org/fileadmin/products/images/158.249/158249-158250-cc.21-x-press-five.png,572a4615c2604bd8c25e1438997e57f8d455831d84e3d8ee5917e66d1394b704,660,592,WEBP,59360,True,0,False,,,alpha,"13,9,636,573","14,11,634,570",1.0084,1.0032,1.0053,0.9327,0.6556,0.0197,0.0167,0.0152,0.0169,0.001,0.0,0.8156,0.8156,0.0118,0.7892,0.4876,0.2262,0.0003,0.5885,0.1424,0.0034,0.0144,1,#000000,True,,,,,,,bez merljivog defekta,ne dirati,—,
,0,F_SPECIAL_MARKETING_IMAGE,SOURCE_IMAGE_PROBLEM,unknown,,,png,carsystem-classic-coverall-jacket-anthracite,Carsystem Classic Coverall Jacket Anthracite,159.194,159.194,/products/carsystem/catalog/carsystem-classic-coverall-jacket-anthracite.webp,https://www.carsystem.org/fileadmin/_processed_/4/a/csm_159.194-200-cs-classic-coverall-jacket_5ac3f06389.png,https://www.carsystem.org/fileadmin/products/images/159.194/159.194-200-cs-classic-coverall-jacket.png,b458b8b946a33db208417d10f1a11ff304823b7f2b4804b3726a4ced4fa677b2,660,650,WEBP,32644,True,0,False,,,alpha,"109,33,436,617","111,34,432,616",1.0109,1.0093,1.0016,0.6271,0.4698,0.1652,0.1742,0.0508,0.0,0.0021,0.0,0.1437,0.1437,0.0235,0.8513,0.2438,0.0176,0.0002,0.8656,0.0208,0.0028,0.0126,1,#010101,False,,,,,,,merch/model/brand composition,izvan packshot workflow-a — samo padding/scale politika kartice,nema (ne dira se),MERCH
,0,A_OK_NO_CHANGE,NONE,unknown,,,png,carsystem-classicline-soft-pad,Carsystem Classicline Soft Pad,138.924,138.924,/products/carsystem/catalog/carsystem-classicline-soft-pad.webp,https://www.carsystem.org/fileadmin/_processed_/5/b/csm_138924-138927-cs-classicline-soft-pad-140x115mm-gruppe_297463e064.png,https://www.carsystem.org/fileadmin/products/images/138.924/138924-138927-cs-classicline-soft-pad-140x115mm-gruppe.png,e26e1b3540e5b59c96c1c355f6d2e4351ef6cee506083656f1bd4b0ab0a96585,660,447,WEBP,45974,True,0,False,,,alpha,"40,25,594,389","41,26,592,387",1.0086,1.0034,1.0052,0.7832,0.4958,0.0606,0.0394,0.0559,0.0738,0.2169,0.0587,0.3888,0.3301,0.0157,0.6695,0.0136,0.0026,0.0,0.0137,0.0876,0.0113,0.0433,6,#000000,True,,,,,,,bez merljivog defekta,ne dirati,—,MULTI_OBJECT|SOFT_IMAGE
,0,A_OK_NO_CHANGE,NONE,unknown,,,png,carsystem-cleaning-wipes,Carsystem Cleaning wipes,156.458,156.458,/products/carsystem/catalog/carsystem-cleaning-wipes.webp,https://www.carsystem.org/fileadmin/_processed_/1/c/csm_156458-cs-wischtuecher-rl-soft-38x30cm-475_a28557fd7b.png,https://www.carsystem.org/fileadmin/products/images/156.458/156458-cs-wischtuecher-rl-soft-38x30cm-475.png,31bf4f25fbd740ec4b2c577b589ce3c8531eb089517e7f4c5bc36ff921dcc657,660,383,WEBP,19940,True,0,False,,,alpha,"9,12,636,352","11,14,632,349",1.015,1.0063,1.0086,0.8856,0.7127,0.0136,0.0227,0.0313,0.0496,0.4202,0.1508,0.5489,0.3981,0.0118,1.0,0.0001,0.0365,0.0,0.0181,0.0148,0.0028,0.0101,1,#000000,False,,,,,,,bez merljivog defekta,ne dirati,—,LOW_DETAIL|SOFT_IMAGE
,0,A_OK_NO_CHANGE,NONE,unknown,,,png,carsystem-cockpit-spray,Carsystem Cockpit-Spray,126.020,126.020,/products/carsystem/catalog/carsystem-cockpit-spray.webp,https://www.carsystem.org/fileadmin/_processed_/a/f/csm_126020-cs-cockpit-spray-400ml_ce8f416791.png,https://www.carsystem.org/fileadmin/products/images/126.020/126020-cs-cockpit-spray-400ml.png,1d216339dd6ec810dcfc1373f2bffcb6fe460f9e4e363a37d05c9ae7cddd5219,660,1744,WEBP,178320,True,0,False,,,alpha,"36,50,577,1659","40,53,570,1653",1.016,1.0123,1.0036,0.8316,0.7713,0.0545,0.0712,0.0287,0.0201,0.0365,0.0064,0.4318,0.4254,0.302,0.2003,0.0087,0.0357,0.0,0.1806,0.0981,0.0035,0.0122,1,#000000,True,,,,,,,bez merljivog defekta,ne dirati,—,
,0,A_OK_NO_CHANGE,NONE,unknown,,,png,carsystem-coding-caps,Carsystem Coding Caps,152.642,152.642,/products/carsystem/catalog/carsystem-coding-caps.webp,https://www.carsystem.org/fileadmin/_processed_/2/0/csm_152642-cs-coding-caps-5er-set_88c73613c8.png,https://www.carsystem.org/fileadmin/products/images/152.642/152642-cs-coding-caps-5er-set.png,3a4ad5866daee20b52876bc3cd83b8205aac5ae2e1a30626fea79e83ba0b9013,660,170,WEBP,18024,True,0,False,,,alpha,"26,51,611,90","27,52,609,88",1.0261,1.0033,1.0227,0.4901,0.244,0.0394,0.0348,0.3,0.1706,0.1859,0.0209,0.6018,0.5809,0.6902,0.0001,0.0,0.486,0.0001,0.0419,0.1227,0.0166,0.0956,5,#000000,True,,,,,,,bez merljivog defekta,ne dirati,—,MULTI_OBJECT
,0,A_OK_NO_CHANGE,NONE,unknown,,,png,carsystem-color-match-card-paper,Carsystem Color Match Card Paper,141.109,141.109,/products/carsystem/catalog/carsystem-color-match-card-paper.webp,https://www.carsystem.org/fileadmin/_processed_/6/a/csm_141109-cs-color-match-card-paper-box-a-250-st_30bc41f075.png,https://www.carsystem.org/fileadmin/products/images/141.109/141109-cs-color-match-card-paper-box-a-250-st.png,5f9669d8ec88daa4fa3da6017fa5fe6e14667f4295b9b6141d0359a053109cb3,660,927,WEBP,40976,True,0,False,,,alpha,"13,8,633,906","14,9,630,904",1.007,1.0048,1.0022,0.9374,0.6301,0.0197,0.0212,0.0086,0.014,0.0428,0.0003,0.9486,0.9483,0.0118,0.9931,0.273,0.4549,0.012,0.4317,0.1,0.0021,0.0126,2,#000000,True,,,,,,,bez merljivog defekta,ne dirati,—,
,0,A_OK_NO_CHANGE,NONE,unknown,,,webp,carsystem-colour-match-lamp,Carsystem Colour Match Lamp,155.614,155.614,/products/carsystem/catalog/carsystem-colour-match-lamp.webp,https://www.carsystem.org/fileadmin/_processed_/9/0/csm_155614-cs-colour-match-lampe-black-ohne-aufhaenger_c340e453b8.webp,https://www.carsystem.org/fileadmin/products/images/155.614/155614-cs-colour-match-lampe-black-ohne-aufhaenger.webp,0d1f1dd891f18ac2e9fcfe90cecd54dd7248c6bc3a57a6a7163d9d863f965767,660,1819,WEBP,69828,True,0,False,,,alpha,"88,63,502,1705","89,65,500,1701",1.0064,1.004,1.0024,0.7129,0.6544,0.1333,0.1061,0.0346,0.028,0.0585,0.0021,0.2694,0.2673,0.0078,0.8167,0.039,0.1649,0.0031,0.32,0.0143,0.0017,0.0061,1,#000000,False,,,,,,,bez merljivog defekta,ne dirati,—,LOW_DETAIL|SOFT_IMAGE
,0,A_OK_NO_CHANGE,NONE,unknown,,,png,carsystem-control-spray,Carsystem Control-Spray,125.779,125.779,/products/carsystem/catalog/carsystem-control-spray.webp,https://www.carsystem.org/fileadmin/_processed_/9/0/csm_125779-control-spray-400ml_075f5389f1.png,https://www.carsystem.org/fileadmin/products/images/125.779/125779-control-spray-400ml.png,b74c41419fa99622525d7b7538117b960f5074c428466256de5b20dfaaa5d92c,660,1240,WEBP,72140,True,0,False,,,alpha,"129,42,402,1164","131,44,398,1160",1.0135,1.0101,1.0034,0.5718,0.5208,0.1955,0.1955,0.0339,0.0274,0.0414,0.0,0.4291,0.4291,0.4,0.372,0.1712,0.0158,0.0,0.2422,0.0894,0.0028,0.0101,1,#000000,True,,,,,,,bez merljivog defekta,ne dirati,—,
,0,F_SPECIAL_MARKETING_IMAGE,SOURCE_IMAGE_PROBLEM,unknown,,,webp,carsystem-coverall-2-0,Carsystem Coverall 2.0,160.275,160.275,/products/carsystem/catalog/carsystem-coverall-2-0.webp,https://www.carsystem.org/fileadmin/_processed_/0/e/csm_160275-280-coverall_2.0-back_front_2c25f37d00.webp,https://www.carsystem.org/fileadmin/products/images/160.275/160275-280-coverall_2.0-back_front.webp,020f0391ebc16a9a5c4a93f40109539c4c2b771c4eca7c1d4de1807d14ac60a7,660,1120,WEBP,62994,True,0,False,,,alpha,"98,57,469,1013","100,60,465,1008",1.0136,1.0086,1.005,0.6427,0.4374,0.1485,0.1409,0.0509,0.0446,0.7305,0.0006,0.9362,0.9356,0.0157,0.7037,0.0696,0.6222,0.0065,0.1565,0.0573,0.005,0.0197,1,#000000,True,,,,,,,merch/model/brand composition,izvan packshot workflow-a — samo padding/scale politika kartice,nema (ne dira se),MERCH
,0,F_SPECIAL_MARKETING_IMAGE,SOURCE_IMAGE_PROBLEM,unknown,,,png,carsystem-coverall-black-suit,Carsystem Coverall Black Suit,159.113,159.113,/products/carsystem/catalog/carsystem-coverall-black-suit.webp,https://www.carsystem.org/fileadmin/_processed_/7/b/csm_157.775-780-coverall-black-suit-front_back_d998bd18f2.png,https://www.carsystem.org/fileadmin/products/images/159.113/157.775-780-coverall-black-suit-front_back.png,af344b5793ff563fa2b0811c38aee271d7e8584e9f7f5c480db1f7e3e0e1b243,660,1242,WEBP,59246,True,0,False,,,alpha,"38,13,588,1187","40,15,584,1184",1.0094,1.0068,1.0025,0.8515,0.5849,0.0576,0.0515,0.0105,0.0338,0.0003,0.0,0.0835,0.0835,0.0,0.9252,0.8027,0.0198,0.0,0.9265,0.0104,0.0042,0.0166,1,#000000,False,,,,,,,merch/model/brand composition,izvan packshot workflow-a — samo padding/scale politika kartice,nema (ne dira se),CRUSHED_BLACK|LOW_DETAIL|SOFT_IMAGE|MERCH
,0,A_OK_NO_CHANGE,NONE,unknown,,,png,carsystem-cutter-knife-black,Carsystem Cutter Knife black,156.281,156.281,/products/carsystem/catalog/carsystem-cutter-knife-black.webp,https://www.carsystem.org/fileadmin/_processed_/6/e/csm_156281-cs-cutter-knife-black-front_5eb42dcd80.png,https://www.carsystem.org/fileadmin/products/images/156.281/156281-cs-cutter-knife-black-front.png,f49ef48a838a40195b25a49abec9aac324bfd9b5114019326914cd4e0e2aeca1,660,212,WEBP,5558,True,0,False,,,alpha,"14,77,634,68","15,78,632,65",1.0495,1.0032,1.0462,0.3081,0.2727,0.0212,0.0182,0.3632,0.316,0.0018,0.0,0.7084,0.7084,0.0,1.0,0.4495,0.0546,0.0008,0.8894,0.0632,0.0138,0.0379,1,#000000,True,,,,,,,bez merljivog defekta,ne dirati,—,MOSTLY_BLACK
,0,F_SPECIAL_MARKETING_IMAGE,SOURCE_IMAGE_PROBLEM,unknown,,,png,carsystem-dispenser-bottle-incl-cap,Carsystem Dispenser bottle incl. Cap,156.575,156.575,/products/carsystem/catalog/carsystem-dispenser-bottle-incl-cap.webp,https://www.carsystem.org/fileadmin/_processed_/1/4/csm_156575-cs-dosierfl-f-politur-5kg-inkl-verschl_1eb2701137.png,https://www.carsystem.org/fileadmin/products/images/156.575/156575-cs-dosierfl-f-politur-5kg-inkl-verschl.png,06dd9e765beb6ba018e16953fe32c2c5ab733382bb008de2858a71afaded49d2,660,882,WEBP,42180,True,0,False,,,alpha,"47,20,571,827","48,22,568,823",1.0102,1.0053,1.0049,0.8112,0.556,0.0712,0.0636,0.0227,0.0397,0.4735,0.0412,0.6654,0.6241,0.0,0.9785,0.0129,0.2022,0.0001,0.0375,0.0627,0.0048,0.0211,2,#000000,True,,,,,,,merch/model/brand composition,izvan packshot workflow-a — samo padding/scale politika kartice,nema (ne dira se),MERCH
,0,A_OK_NO_CHANGE,NONE,unknown,,,png,carsystem-dispenser-for-paint-strainers,Carsystem Dispenser for paint strainers,146.960,146.960,/products/carsystem/catalog/carsystem-dispenser-for-paint-strainers.webp,https://www.carsystem.org/fileadmin/_processed_/7/5/csm_146960-cs-dispenser-fuer-multi-strain-farbsiebe_d2579b2b20.png,https://www.carsystem.org/fileadmin/products/images/146.960/146960-cs-dispenser-fuer-multi-strain-farbsiebe.png,01628db3abe0ae2c76c0f9284b60088a783fe30ec01d2c601fe33386db045e24,660,981,WEBP,49602,True,0,False,,,alpha,"9,8,636,962","12,10,631,958",1.0121,1.0079,1.0042,0.945,0.7495,0.0136,0.0227,0.0082,0.0112,0.0865,0.0018,0.3515,0.3497,0.0,0.9647,0.046,0.0251,0.0115,0.1414,0.0356,0.0016,0.0081,1,#060606,False,,,,,,,bez merljivog defekta,ne dirati,—,
,0,A_OK_NO_CHANGE,NONE,unknown,,,png,carsystem-dispenser-multi-mix,Carsystem Dispenser Multi-Mix,137.664,137.664,/products/carsystem/catalog/carsystem-dispenser-multi-mix.webp,https://www.carsystem.org/fileadmin/_processed_/f/0/csm_137664-65-66-67-cs-dispenser-multi-mix_ff8c11ca2f.png,https://www.carsystem.org/fileadmin/products/images/137.664/137664-65-66-67-cs-dispenser-multi-mix.png,062d292538f23eff68c8c1d7828e920536369449b738bc3cedb8b4f91e1fe6cf,660,3188,WEBP,166800,True,0,False,,,alpha,"54,43,560,3105","59,47,549,3095",1.0233,1.02,1.0032,0.8264,0.7735,0.0818,0.0697,0.0135,0.0125,0.0773,0.0082,0.6467,0.6385,0.0392,0.8845,0.0026,0.1695,0.0003,0.1736,0.0225,0.0053,0.0189,1,#000000,False,,,,,,,bez merljivog defekta,ne dirati,—,SOFT_IMAGE
,0,A_OK_NO_CHANGE,NONE,unknown,,,webp,carsystem-double-sanding-soft-pad,Carsystem Double Sanding Soft Pad,160.183,160.183,/products/carsystem/catalog/carsystem-double-sanding-soft-pad.webp,https://www.carsystem.org/fileadmin/_processed_/f/7/csm_160183-160185-160186-cs-double-sanding-soft-pad_414388d31a.webp,https://www.carsystem.org/fileadmin/products/images/160.183/160183-160185-160186-cs-double-sanding-soft-pad.webp,0cef0a48e3f0bc49512fe88d59b22481d0d15988ff805239ed22d7aed904a97b,660,451,WEBP,32702,True,0,False,,,alpha,"33,44,596,384","34,46,594,381",1.0113,1.0034,1.0079,0.7689,0.6063,0.05,0.047,0.0976,0.051,0.3693,0.0045,0.6172,0.6127,0.2353,0.2611,0.001,0.2713,0.0001,0.133,0.0471,0.0031,0.0114,1,#000000,False,,,,,,,bez merljivog defekta,ne dirati,—,SOFT_IMAGE
,0,A_OK_NO_CHANGE,NONE,unknown,,,png,carsystem-dry-coat-2-0,Carsystem Dry Coat 2.0,158.487,158.487,/products/carsystem/catalog/carsystem-dry-coat-2-0.webp,https://www.carsystem.org/fileadmin/_processed_/1/5/csm_158.486-dry-coat-applikator-liegend_26068bb23b.png,https://www.carsystem.org/fileadmin/products/images/158.487/158.486-dry-coat-applikator-liegend.png,7ad9f8be3e71d05bb0b39ccaa78c040780f6964055166f24fa495bd8eabe1200,660,646,WEBP,38698,True,0,False,,,alpha,"16,15,627,611","18,16,624,609",1.0081,1.0048,1.0033,0.8985,0.6082,0.0242,0.0258,0.0232,0.031,0.002,0.0,0.0474,0.0474,0.0118,0.9823,0.4199,0.0002,0.0,0.8873,0.0151,0.0023,0.0147,1,#000000,False,,,,,,,bez merljivog defekta,ne dirati,—,MOSTLY_BLACK|LOW_DETAIL|SOFT_IMAGE
,0,A_OK_NO_CHANGE,NONE,unknown,,,png,carsystem-dualmatic,Carsystem Dualmatic,123.892,123.892,/products/carsystem/catalog/carsystem-dualmatic.webp,https://www.carsystem.org/fileadmin/_processed_/6/8/csm_123892-dualmatic-3kg-32-exv-av_0436b70a41.png,https://www.carsystem.org/fileadmin/products/images/123.892/123892-dualmatic-3kg-32-exv-av.png,492c62f4c9a3a4046fae477bbbbe2e0c242b2080bd34f95a2758bb8511d837ea,660,428,WEBP,36964,True,0,False,,,alpha,"2,1,656,424","3,2,654,422",1.0078,1.0031,1.0047,0.9847,0.4382,0.003,0.003,0.0023,0.007,0.0103,0.0015,0.6685,0.667,0.0,1.0,0.0741,0.1071,0.015,0.5577,0.1334,0.003,0.0301,1,#0a0a0a,True,,,,,,,bez merljivog defekta,ne dirati,—,
,0,A_OK_NO_CHANGE,NONE,unknown,,,png,carsystem-easy-clean-box,Carsystem Easy Clean Box,153.206,153.206,/products/carsystem/catalog/carsystem-easy-clean-box.webp,https://www.carsystem.org/fileadmin/_processed_/0/0/csm_153206-cs-easy-clean-box-c_b436011e10.png,https://www.carsystem.org/fileadmin/products/images/153.206/153206-cs-easy-clean-box-c.png,d2bab2fa4e1e7741f152533dedbab5e95351b3ffa7b17cee336f3eb08721245a,660,692,WEBP,42590,True,0,False,,,alpha,"33,19,593,645","35,21,590,642",1.0098,1.0051,1.0047,0.8375,0.626,0.05,0.0515,0.0275,0.0405,0.0543,0.002,0.1206,0.1185,0.5294,0.0324,0.0014,0.0396,0.001,0.3113,0.0061,0.0023,0.0099,1,#000000,False,,,,,,,bez merljivog defekta,ne dirati,—,LOW_DETAIL|SOFT_IMAGE
,0,A_OK_NO_CHANGE,NONE,unknown,,,png,carsystem-easy-mask,Carsystem Easy Mask,151.199,151.199,/products/carsystem/catalog/carsystem-easy-mask.webp,https://www.carsystem.org/fileadmin/_processed_/3/f/csm_151181-cs-easy-mask-4_0x150m_7f58cf2f60.png,https://www.carsystem.org/fileadmin/products/images/151.181/151181-cs-easy-mask-4_0x150m.png,40b037a71769ea0545d8bd2c50fada0487a2820aced32ac01b80d4969f1cb7f4,660,803,WEBP,50016,True,0,False,,,alpha,"0,28,645,759","1,29,642,757",1.0073,1.0047,1.0026,0.9237,0.7364,0.0,0.0227,0.0349,0.0199,0.3741,0.0593,0.8039,0.7446,0.0196,0.9146,0.0034,0.1345,0.0004,0.0145,0.0328,0.0019,0.0068,1,#171717,False,,,,,,,bez merljivog defekta,ne dirati,—,SOFT_IMAGE
,0,A_OK_NO_CHANGE,NONE,unknown,,,png,carsystem-ef-21-ep-filler,Carsystem EF.21 EP-Filler,158.248,158.248,/products/carsystem/catalog/carsystem-ef-21-ep-filler.webp,https://www.carsystem.org/fileadmin/_processed_/3/1/csm_158248-cs-ef21-ep-grundierfueller_89b7b8b506.png,https://www.carsystem.org/fileadmin/products/images/158.248/158248-cs-ef21-ep-grundierfueller.png,fb5b72819b101a18cd6e35bb71f4ea6e969f15d31d31c57ec1810d770b3ffccd,660,1163,WEBP,88974,True,0,False,,,alpha,"101,78,455,1033","103,80,451,1029",1.0128,1.0089,1.0039,0.6123,0.5651,0.153,0.1576,0.0671,0.0447,0.004,0.0,0.5193,0.5193,0.0118,0.8008,0.3959,0.0713,0.0008,0.5976,0.1376,0.003,0.0105,1,#000000,True,,,,,,,bez merljivog defekta,ne dirati,—,MOSTLY_BLACK
,0,A_OK_NO_CHANGE,NONE,unknown,,,webp,carsystem-etch-primer,Carsystem Etch Primer,143.028,143.028,/products/carsystem/catalog/carsystem-etch-primer.webp,https://www.carsystem.org/fileadmin/_processed_/8/3/csm_143.028-etch-primer-spray_3909c5cb6f.webp,https://www.carsystem.org/fileadmin/products/images/143.028/143.028-etch-primer-spray.webp,697400688dc54c34f9027f5ba4f944ab02a5912af9dbac6f2d2c2d011e4d4cfd,660,1378,WEBP,93540,True,0,False,,,alpha,"108,55,429,1259","127,56,409,1254",1.0531,1.0489,1.004,0.5939,0.5405,0.1636,0.1864,0.0399,0.0464,0.2423,0.0655,0.7809,0.7154,0.4392,0.4127,0.0054,0.4366,0.0173,0.0172,0.1575,0.0068,0.0127,1,#000000,True,,,,,,,bez merljivog defekta,ne dirati,—,
,0,A_OK_NO_CHANGE,NONE,unknown,,,png,carsystem-excenter-back-pad-multi-m,Carsystem Excenter Back Pad Multi M,156.570,156.570,/products/carsystem/catalog/carsystem-excenter-back-pad-multi-m.webp,https://www.carsystem.org/fileadmin/_processed_/2/f/csm_156570-cs-excenter-back-pad-multi-m-150mm_0531471d18.png,https://www.carsystem.org/fileadmin/products/images/156.570/156570-cs-excenter-back-pad-multi-m-150mm.png,52c5f10ae7348e34e506912faeeb7a137476e2f94ed6ac882a64485e3dedac1a,660,422,WEBP,16396,True,0,False,,,alpha,"1,1,659,420","2,2,657,418",1.0078,1.003,1.0048,0.9938,0.8264,0.0015,0.0,0.0024,0.0024,0.0006,0.0003,0.0103,0.01,0.0,0.8334,0.8097,0.0003,0.0,0.9879,0.0032,0.0032,0.0113,1,#050303,False,,,,,,,bez merljivog defekta,ne dirati,—,CRUSHED_BLACK|LOW_DETAIL|SOFT_IMAGE
,0,A_OK_NO_CHANGE,NONE,unknown,,,png,carsystem-excenter-back-pad-t-19,Carsystem Excenter Back Pad T.19,156.564,156.564,/products/carsystem/catalog/carsystem-excenter-back-pad-t-19.webp,https://www.carsystem.org/fileadmin/_processed_/e/2/csm_156227-cs-excenter-back-pad-t.19-m-150mm-25l_c9f34bb0e0.png,https://www.carsystem.org/fileadmin/products/images/156.227/156227-cs-excenter-back-pad-t.19-m-150mm-25l.png,5d830300e503194f28f2f12adfcbb9113133dfb400f1df2f6d15b31589cae679,660,660,WEBP,59768,True,0,False,,,alpha,"7,23,644,615","9,25,641,611",1.0113,1.0047,1.0065,0.9092,0.5789,0.0106,0.0136,0.0348,0.0333,0.0041,0.0006,0.3004,0.2998,0.0078,0.7513,0.1944,0.1327,0.0004,0.7398,0.0538,0.0027,0.0138,1,#030303,True,,,,,,,bez merljivog defekta,ne dirati,—,
,0,A_OK_NO_CHANGE,NONE,unknown,,,webp,carsystem-excenter-classic,Carsystem Excenter Classic,139.653,139.653,/products/carsystem/catalog/carsystem-excenter-classic.webp,https://www.carsystem.org/fileadmin/_processed_/b/1/csm_139653-excenter-classic-5mm-hub_c2085dff60.webp,https://www.carsystem.org/fileadmin/products/images/139.653/139653-excenter-classic-5mm-hub.webp,938dd7ccd66f1eb8b7758ef6888cc483b4bf389fb19a44bb5caf07d68b638c9f,660,448,WEBP,24262,True,0,False,,,alpha,"33,43,597,353","35,45,594,350",1.0137,1.0051,1.0086,0.7127,0.4654,0.05,0.0455,0.096,0.1161,0.0477,0.005,0.6071,0.6021,0.0314,0.711,0.0,0.1617,0.0001,0.3115,0.0551,0.0023,0.0135,1,#000000,True,,,,,,,bez merljivog defekta,ne dirati,—,
,0,F_SPECIAL_MARKETING_IMAGE,SOURCE_IMAGE_PROBLEM,unknown,,,png,carsystem-explorer-ltd-2-piece-coverall,Carsystem Explorer Ltd. 2-Piece Coverall,159.120,159.120,/products/carsystem/catalog/carsystem-explorer-ltd-2-piece-coverall.webp,https://www.carsystem.org/fileadmin/_processed_/a/f/csm_158.682-693-explorer-ltd-2-piece-coverall-front_back_608623d919.png,https://www.carsystem.org/fileadmin/products/images/158.682/158.682-693-explorer-ltd-2-piece-coverall-front_back.png,ae8be580efed2347578560f4ae7d535e5ff60ea20c5e5f584751fe03a8dd074d,660,1375,WEBP,183518,True,0,False,,,alpha,"21,9,632,1353","22,12,630,1348",1.0069,1.0032,1.0037,0.9423,0.6337,0.0318,0.0106,0.0065,0.0095,0.0106,0.0,0.5542,0.5542,0.0118,0.9208,0.2632,0.0639,0.0,0.5679,0.1489,0.004,0.0159,1,#010101,True,,,,,,,merch/model/brand composition,izvan packshot workflow-a — samo padding/scale politika kartice,nema (ne dira se),MERCH
,0,A_OK_NO_CHANGE,NONE,unknown,,,png,carsystem-fine-block,Carsystem Fine Block,140.979,140.979,/products/carsystem/catalog/carsystem-fine-block.webp,https://www.carsystem.org/fileadmin/_processed_/0/c/csm_140979-80-81-82-cs-fine-block-800-1500-2000-3000_005f1c3a6e.png,https://www.carsystem.org/fileadmin/products/images/140.979/140979-80-81-82-cs-fine-block-800-1500-2000-3000.png,c858df776eff08655ad1130fb982a6bd89dfab923fcfdd825daec83952eecdac,660,458,WEBP,32278,True,0,False,,,alpha,"0,0,660,458","1,1,658,456",1.0074,1.003,1.0044,1.0,0.5985,0.0,0.0,0.0,0.0,0.0279,0.0114,0.107,0.0956,0.0471,0.629,0.0,0.0001,0.0,0.2418,0.0074,0.0022,0.0131,1,#0f0d0d,False,,,,,,,bez merljivog defekta,ne dirati,—,LOW_DETAIL|SOFT_IMAGE
,0,A_OK_NO_CHANGE,NONE,unknown,,,png,carsystem-fine-line-tape-blue,Carsystem Fine Line Tape Blue,140.083,140.083,/products/carsystem/catalog/carsystem-fine-line-tape-blue.webp,https://www.carsystem.org/fileadmin/_processed_/b/6/csm_140083-84-85-86-87-cs-fine-line-tape-blue_9622aa6ec4.png,https://www.carsystem.org/fileadmin/products/images/140.083/140083-84-85-86-87-cs-fine-line-tape-blue.png,7ef0411d7d3ed1a2cdd12eff0cd5bf9c4322dfa5f509e3f1f3182f1522a24a8e,660,507,WEBP,20610,True,0,False,,,alpha,"4,1,655,506","10,3,648,503",1.0168,1.0108,1.006,0.9905,0.1761,0.0061,0.0015,0.002,0.0,0.025,0.0142,0.2019,0.1877,0.2784,0.0725,0.0,0.0072,0.0,0.2872,0.0467,0.0031,0.0483,1,#090a0c,False,,,,,,,bez merljivog defekta,ne dirati,—,
,0,A_OK_NO_CHANGE,NONE,unknown,,,webp,carsystem-fine-putty,Carsystem Fine putty,124.124,124.124,/products/carsystem/catalog/carsystem-fine-putty.webp,https://www.carsystem.org/fileadmin/_processed_/7/3/csm_124.124-cs-feinspachtel-inkl-haerter-250g-3D_a08dcc3a13.webp,https://www.carsystem.org/fileadmin/products/images/124.124/124.124-cs-feinspachtel-inkl-haerter-250g-3D.webp,d0c7dcdf35dccbfab6de61096f34ac55ded7920c4495f86c42d4ad818db8ccdc,660,660,WEBP,47074,True,0,False,,,alpha,"93,69,484,543","109,70,467,540",1.0422,1.0364,1.0056,0.6033,0.5384,0.1409,0.1258,0.1045,0.0727,0.6475,0.1358,0.9672,0.8313,0.0078,0.6149,0.0,0.8528,0.0473,0.0063,0.1934,0.0123,0.0201,1,#161616,True,,,,,,,bez merljivog defekta,ne dirati,—,
,0,A_OK_NO_CHANGE,NONE,unknown,,,png,carsystem-finish-back-pad,Carsystem Finish Back Pad,139.206,139.206,/products/carsystem/catalog/carsystem-finish-back-pad.webp,https://www.carsystem.org/fileadmin/_processed_/5/4/csm_139206-cs-finish-back-pad-m14-128mm_0c9d182c1a.png,https://www.carsystem.org/fileadmin/products/images/139.206/139206-cs-finish-back-pad-m14-128mm.png,fb8b6248059c36ab2a6b7b06e41c5c61f2e110329daad4b4d0abc0ede809f930,660,387,WEBP,20252,True,0,False,,,alpha,"8,11,641,370","9,12,639,367",1.0113,1.0031,1.0082,0.9285,0.6502,0.0121,0.0167,0.0284,0.0155,0.0008,0.0,0.0768,0.0768,0.0,0.8123,0.6362,0.0018,0.0,0.8314,0.0054,0.003,0.0117,1,#000000,False,,,,,,,bez merljivog defekta,ne dirati,—,CRUSHED_BLACK|LOW_DETAIL|SOFT_IMAGE
,0,A_OK_NO_CHANGE,NONE,unknown,,,png,carsystem-finish-clay,Carsystem Finish Clay,147.468,147.468,/products/carsystem/catalog/carsystem-finish-clay.webp,https://www.carsystem.org/fileadmin/_processed_/7/c/csm_147468-cs-finish-clay-blue-200g_8d248c8fe7.png,https://www.carsystem.org/fileadmin/products/images/147.468/147468-cs-finish-clay-blue-200g.png,0ac277cf0cfe8378be566ad9692fb115c0265adc0b013dce4739a951f393d8b7,660,403,WEBP,28080,True,0,False,,,alpha,"7,7,649,390","8,8,647,388",1.0083,1.0031,1.0052,0.9516,0.7154,0.0106,0.0061,0.0174,0.0149,0.063,0.0167,0.638,0.6213,0.3608,0.1045,0.0004,0.1786,0.0,0.1075,0.0584,0.0035,0.0125,1,#0d0c0c,True,,,,,,,bez merljivog defekta,ne dirati,—,
,0,A_OK_NO_CHANGE,NONE,unknown,,,png,carsystem-finish-control-foam-c-99,Carsystem Finish Control Foam C-99,156.614,156.614,/products/carsystem/catalog/carsystem-finish-control-foam-c-99.webp,https://www.carsystem.org/fileadmin/_processed_/c/8/csm_156614-cs-finish-kontrollschaum_2dcfafa5c1.png,https://www.carsystem.org/fileadmin/products/images/156.614/156614-cs-finish-kontrollschaum.png,68084cfd06063bf79b9f2dfe7310013ffdd161656173a8481fe4c5d3d6812f39,660,1796,WEBP,99974,True,0,False,,,alpha,"63,41,540,1713","65,43,536,1709",1.0098,1.0075,1.0023,0.7804,0.7408,0.0955,0.0864,0.0228,0.0234,0.0017,0.0,0.3034,0.3034,0.0118,0.8151,0.4037,0.0215,0.0,0.7561,0.0505,0.002,0.0073,1,#000000,True,,,,,,,bez merljivog defekta,ne dirati,—,MOSTLY_BLACK
,0,A_OK_NO_CHANGE,NONE,unknown,,,png,carsystem-finish-foam-orange,Carsystem Finish Foam Orange,153.088,153.088,/products/carsystem/catalog/carsystem-finish-foam-orange.webp,https://www.carsystem.org/fileadmin/_processed_/8/2/csm_153076-153088-finish-foam-orange-liegend_18c63a2731.png,https://www.carsystem.org/fileadmin/products/images/153.076/153076-153088-finish-foam-orange-liegend.png,621a2637ad0665851da60bf6dff688e267d21b06dd8dccb223d275bbac59c591,660,289,WEBP,32072,True,0,False,,,alpha,"15,13,631,259","16,14,628,257",1.0126,1.0048,1.0078,0.8568,0.6218,0.0227,0.0212,0.045,0.0588,0.1374,0.0294,0.167,0.1377,0.7176,0.0109,0.0058,0.5213,0.0,0.0304,0.0005,0.0041,0.0151,1,#000000,False,,,,,,,bez merljivog defekta,ne dirati,—,LOW_DETAIL|SOFT_IMAGE
,0,A_OK_NO_CHANGE,NONE,unknown,,,png,carsystem-finish-foam-white-ah,Carsystem Finish Foam White AH,157.052,157.052,/products/carsystem/catalog/carsystem-finish-foam-white-ah.webp,https://www.carsystem.org/fileadmin/_processed_/1/3/csm_157052-053-finish-foam-white-ah-liegend_1ec17c7990.png,https://www.carsystem.org/fileadmin/products/images/157.052/157052-053-finish-foam-white-ah-liegend.png,52f4b8001884daff82442de487248eb03ce54cce905b2592d92e051aae10d257,660,327,WEBP,19916,True,0,False,,,alpha,"13,35,621,258","15,36,618,256",1.0127,1.0049,1.0078,0.7424,0.5219,0.0197,0.0394,0.107,0.104,0.2466,0.0,0.6308,0.6308,0.0118,0.7341,0.3033,0.1644,0.0,0.368,0.0057,0.0038,0.0151,1,#000000,False,,,,,,,bez merljivog defekta,ne dirati,—,LOW_DETAIL|SOFT_IMAGE
,0,A_OK_NO_CHANGE,NONE,unknown,,,png,carsystem-finish-quadra-pad-c-10,Carsystem Finish Quadra Pad C-10,151.906,151.906,/products/carsystem/catalog/carsystem-finish-quadra-pad-c-10.webp,https://www.carsystem.org/fileadmin/_processed_/0/e/csm_151640-151905-906-finish-quadra-pad-c10_408941f66c.png,https://www.carsystem.org/fileadmin/products/images/151.640/151640-151905-906-finish-quadra-pad-c10.png,6873afe58bc94c5839b8ff887c83b17069d892db663459ff24eb282a9bff3494,660,274,WEBP,15528,True,0,False,,,alpha,"15,26,624,218","16,28,621,215",1.0189,1.0048,1.014,0.7522,0.4739,0.0227,0.0318,0.0949,0.1095,0.1047,0.0,0.4823,0.4823,0.0275,0.6731,0.282,0.0091,0.0,0.3385,0.0079,0.0052,0.0225,1,#000000,False,,,,,,,bez merljivog defekta,ne dirati,—,LOW_DETAIL|SOFT_IMAGE
,0,A_OK_NO_CHANGE,NONE,unknown,,,png,carsystem-finish-sander-back-pad,Carsystem Finish Sander Back Pad,144.917,144.917,/products/carsystem/catalog/carsystem-finish-sander-back-pad.webp,https://www.carsystem.org/fileadmin/_processed_/a/1/csm_144917-cs-finish-sander-back-pad-77mm_1fb8a6c27e.png,https://www.carsystem.org/fileadmin/products/images/144.917/144917-cs-finish-sander-back-pad-77mm.png,e28525c05c3136721e7a9ee7e9949391d73b58ef62800a705f1edccd3dfedc38,660,663,WEBP,91782,True,0,False,,,alpha,"10,10,643,643","12,12,640,639",1.011,1.0047,1.0063,0.9449,0.7412,0.0152,0.0106,0.0151,0.0151,0.0418,0.0063,0.4138,0.4075,0.2157,0.1909,0.0003,0.04,0.004,0.2681,0.1141,0.0018,0.0072,1,#000000,True,,,,,,,bez merljivog defekta,ne dirati,—,
,0,A_OK_NO_CHANGE,NONE,confirmed,-89.9,2.07,png,carsystem-finish-sander-rc-9332,Carsystem Finish Sander RC 9332,143.388,143.388,/products/carsystem/catalog/carsystem-finish-sander-rc-9332.webp,https://www.carsystem.org/fileadmin/_processed_/4/8/csm_143388-finish-sander-rc9332_7e48d3436d.png,https://www.carsystem.org/fileadmin/products/images/143.388/143388-finish-sander-rc9332.png,45f6d9809001d2d52c734c930cb760926ca147101f01728fe5c7a3b13673bf92,660,655,WEBP,39328,True,0,False,,,alpha,"13,35,631,594","15,37,626,589",1.0165,1.008,1.0085,0.867,0.5526,0.0197,0.0242,0.0534,0.0397,0.0009,0.0,0.0737,0.0737,0.0,0.8265,0.5879,0.0205,0.0002,0.7977,0.0311,0.0031,0.022,1,#000000,False,,,,,,,bez merljivog defekta,ne dirati,—,CRUSHED_BLACK
,0,A_OK_NO_CHANGE,NONE,unknown,,,png,carsystem-finish-sandwich-pad-c-30,Carsystem Finish Sandwich Pad C-30,151.908,151.908,/products/carsystem/catalog/carsystem-finish-sandwich-pad-c-30.webp,https://www.carsystem.org/fileadmin/_processed_/8/f/csm_151639-151908-finish-sandwich-pad-c-30-liegend_cfe95c98fd.png,https://www.carsystem.org/fileadmin/products/images/151.639/151639-151908-finish-sandwich-pad-c-30-liegend.png,c920a7ea9456ce19e172c2c4cc7d9479d08d2266bdddd2b2d0f3f746fa95e7d0,660,345,WEBP,20610,True,0,False,,,alpha,"13,22,620,291","18,23,612,286",1.0308,1.0131,1.0175,0.7924,0.5354,0.0197,0.0409,0.0638,0.0928,0.0007,0.0,0.7117,0.7117,0.0118,0.9842,0.5512,0.1896,0.0,0.6429,0.0369,0.0082,0.032,1,#000000,False,,,,,,,bez merljivog defekta,ne dirati,—,SOFT_IMAGE
,0,A_OK_NO_CHANGE,NONE,unknown,,,png,carsystem-finish-waffle-pad-orange,Carsystem Finish Waffle Pad Orange,153.114,153.114,/products/carsystem/catalog/carsystem-finish-waffle-pad-orange.webp,https://www.carsystem.org/fileadmin/_processed_/1/2/csm_153114-finish-waffle-pad-orange-135x25mm_7fb5dbc181.png,https://www.carsystem.org/fileadmin/products/images/153.114/153114-finish-waffle-pad-orange-135x25mm.png,a9cdb66626f28bd4b1aba18262e3712139346c381aad53f0e68cfd6b07a7f880,660,321,WEBP,24994,True,0,False,,,alpha,"17,49,610,231","18,50,607,229",1.0137,1.0049,1.0087,0.6651,0.4786,0.0258,0.05,0.1526,0.1277,0.1738,0.0031,0.2208,0.2178,0.7843,0.0425,0.028,0.627,0.0,0.0887,0.0087,0.0054,0.02,1,#000000,False,,,,,,,bez merljivog defekta,ne dirati,—,LOW_DETAIL|SOFT_IMAGE
,0,A_OK_NO_CHANGE,NONE,unknown,,,png,carsystem-flex,Carsystem Flex,134.796,134.796,/products/carsystem/catalog/carsystem-flex.webp,https://www.carsystem.org/fileadmin/_processed_/5/3/csm_134.796-cs-flex-inkl-haerter_93e2731ba0.png,https://www.carsystem.org/fileadmin/products/images/134.796/134.796-cs-flex-inkl-haerter.png,a2ebf8c0c405376c3ffdea8a48447e1b5bf7eb1bab399ab6e449549e174a0382,660,660,WEBP,50492,True,0,False,,,alpha,"116,99,428,487","117,100,426,483",1.013,1.0047,1.0083,0.4785,0.4276,0.1758,0.1758,0.15,0.1121,0.3142,0.0244,0.6939,0.6694,0.051,0.6368,0.0013,0.1914,0.001,0.042,0.2233,0.0031,0.0106,1,#000000,True,,,,,,,bez merljivog defekta,ne dirati,—,
,0,A_OK_NO_CHANGE,NONE,unknown,,,png,carsystem-foam-tape-t-soft,Carsystem Foam Tape T-Soft,157.974,157.974,/products/carsystem/catalog/carsystem-foam-tape-t-soft.webp,https://www.carsystem.org/fileadmin/_processed_/e/b/csm_157974-cs-foam-tape-t-soft-schaumdichtband_15e5ab6d91.png,https://www.carsystem.org/fileadmin/products/images/157.974/157974-cs-foam-tape-t-soft-schaumdichtband.png,746544f62e3320e842ad8e89e83f80c96a7aa9fb30e7c69109fa63ec034d4704,660,770,WEBP,53148,True,0,False,,,alpha,"36,31,586,715","38,33,583,712",1.0094,1.0051,1.0042,0.8245,0.5063,0.0545,0.0576,0.0403,0.0312,0.137,0.0,0.7273,0.7273,0.6706,0.2842,0.094,0.6163,0.0,0.1703,0.0865,0.0027,0.013,2,#000000,True,,,,,,,bez merljivog defekta,ne dirati,—,
,0,A_OK_NO_CHANGE,NONE,unknown,,,png,carsystem-glass-fibre-mat,Carsystem Glass fibre mat,125.423,125.423,/products/carsystem/catalog/carsystem-glass-fibre-mat.webp,https://www.carsystem.org/fileadmin/_processed_/9/4/csm_125423-424-glasmatte_f3f39365ba.png,https://www.carsystem.org/fileadmin/products/images/125.423/125423-424-glasmatte.png,016746904cd71f9d3a5cb1b180c73e278c8e7345a2b98e4c98bc2c777d984107,660,828,WEBP,168270,True,16,False,,,alpha,"26,26,608,776","27,27,606,774",1.0059,1.0033,1.0026,0.8634,0.8633,0.0394,0.0394,0.0314,0.0314,0.3093,0.1891,0.5396,0.3504,0.1333,0.0002,0.0,0.0399,0.0001,0.0,0.3624,0.0024,0.006,1,#ffffff,True,,,,,,,bez merljivog defekta,ne dirati,—,
,0,A_OK_NO_CHANGE,NONE,unknown,,,png,carsystem-glass-fibre-reinforced-putty,Carsystem Glass fibre reinforced putty,124.036,124.036,/products/carsystem/catalog/carsystem-glass-fibre-reinforced-putty.webp,https://www.carsystem.org/fileadmin/_processed_/a/4/csm_124.036-cs-faserspachtel-inkl-haerter-3D_60f9cd4207.png,https://www.carsystem.org/fileadmin/products/images/124.036/124.036-cs-faserspachtel-inkl-haerter-3D.png,96a5dd31a3be326a7cee5b3a77ac9cc5a6d9a2548029724a683e3bb3a4e02d85,660,610,WEBP,52830,True,4,False,,,alpha,"89,32,475,522","110,34,453,518",1.0567,1.0486,1.0077,0.6159,0.5425,0.1348,0.1455,0.0525,0.0918,0.3916,0.0641,0.9387,0.8746,0.0,0.5947,0.0045,0.379,0.039,0.0119,0.1878,0.0166,0.0253,1,#292929,True,,,,,,,bez merljivog defekta,ne dirati,—,
,0,A_OK_NO_CHANGE,NONE,unknown,,,png,carsystem-grip-to-stick-interface-pad,Carsystem Grip To Stick Interface Pad,159.677,159.677,/products/carsystem/catalog/carsystem-grip-to-stick-interface-pad.webp,https://www.carsystem.org/fileadmin/_processed_/6/d/csm_159677-cs-Grip-to-Stick_9cb9d8d864.png,https://www.carsystem.org/fileadmin/products/images/159.677/159677-cs-Grip-to-Stick.png,eec923983f5511a331df61c907a67adf268837e01aba238dbccb01d0c4c3efdb,660,493,WEBP,45290,True,0,False,,,alpha,"43,91,560,300","44,92,558,292",1.0311,1.0036,1.0274,0.5163,0.4283,0.0652,0.0864,0.1846,0.2069,0.0003,0.0,0.1777,0.1777,0.0,1.0,0.5096,0.0012,0.0,0.6588,0.1841,0.0376,0.0532,1,#000000,True,,,,,,,bez merljivog defekta,ne dirati,—,CRUSHED_BLACK
,0,A_OK_NO_CHANGE,NONE,unknown,,,png,carsystem-gun-clean-set,Carsystem Gun Clean Set,157.520,157.520,/products/carsystem/catalog/carsystem-gun-clean-set.webp,https://www.carsystem.org/fileadmin/_processed_/2/6/csm_157520-cs-gun-clean-set-17-teilig_f5dc27e442.png,https://www.carsystem.org/fileadmin/products/images/157.520/157520-cs-gun-clean-set-17-teilig.png,dc97a867ba025db5cc87054b5a4a45578dcf4a2691471ff5afcba64aec4d7445,660,1391,WEBP,156032,True,0,False,,,alpha,"26,21,614,1355","27,22,611,1353",1.0064,1.0049,1.0015,0.9062,0.8546,0.0394,0.0303,0.0151,0.0108,0.074,0.0011,0.2882,0.2871,0.502,0.1323,0.0453,0.1019,0.0,0.1433,0.0712,0.0019,0.0067,1,#000000,True,,,,,,,bez merljivog defekta,ne dirati,—,
,0,A_OK_NO_CHANGE,NONE,unknown,,,webp,carsystem-h2o-cleaner,Carsystem H₂O Cleaner,151.953,151.953,/products/carsystem/catalog/carsystem-h2o-cleaner.webp,https://www.carsystem.org/fileadmin/_processed_/b/5/csm_151953-cs-h2o-cleaner_cb13cc77cd.webp,https://www.carsystem.org/fileadmin/products/images/151.953/151953-cs-h2o-cleaner.webp,1b96b62a1be4153848d3e0393feaf6201b817aed9061314a8c8233183e88797a,660,660,WEBP,26428,True,0,False,,,alpha,"105,53,442,547","131,54,415,542",1.0749,1.0651,1.0092,0.555,0.4868,0.1591,0.1712,0.0803,0.0909,0.709,0.1292,0.855,0.7258,0.0078,0.7666,0.0242,0.8026,0.0019,0.0287,0.0608,0.0185,0.028,1,#000000,True,,,,,,,bez merljivog defekta,ne dirati,—,
,0,A_OK_NO_CHANGE,NONE,unknown,,,png,carsystem-hand-cleaner,Carsystem Hand Cleaner,155.356,155.356,/products/carsystem/catalog/carsystem-hand-cleaner.webp,https://www.carsystem.org/fileadmin/_processed_/d/c/csm_155.357-cs-hand-cleaner_aab394ce23.png,https://www.carsystem.org/fileadmin/products/images/155.356/155.357-cs-hand-cleaner.png,82d1dfddc37c854e654d62f44f8d8ba91f8deab74f1ffe6ea61a9b12802b9f5e,660,987,WEBP,61736,True,0,False,,,alpha,"98,76,469,836","100,78,465,832",1.0135,1.0086,1.0048,0.6019,0.5563,0.1485,0.1409,0.077,0.076,0.0995,0.0135,0.6618,0.6483,0.2863,0.0109,0.0021,0.2453,0.0,0.1515,0.0597,0.0028,0.0098,1,#000000,True,,,,,,,bez merljivog defekta,ne dirati,—,
,0,A_OK_NO_CHANGE,NONE,unknown,,,png,carsystem-hand-cleaner-extreme,Carsystem Hand Cleaner extreme,155.348,155.348,/products/carsystem/catalog/carsystem-hand-cleaner-extreme.webp,https://www.carsystem.org/fileadmin/_processed_/5/c/csm_155348-357-hand-cleaner-extreme-gruppe_c79e166025.png,https://www.carsystem.org/fileadmin/products/images/155.348/155348-357-hand-cleaner-extreme-gruppe.png,85eb556df5b0a65c6a65f5f7f40b67a1c2d9d2adbe57993c01c095dd63905854,660,826,WEBP,79530,True,0,False,,,alpha,"27,21,626,778","29,23,622,774",1.0116,1.0064,1.0052,0.8934,0.7446,0.0409,0.0106,0.0254,0.0327,0.1388,0.0783,0.654,0.5757,0.4902,0.2964,0.0017,0.2434,0.0,0.0042,0.0777,0.0023,0.0087,1,#000000,True,,,,,,,bez merljivog defekta,ne dirati,—,
,0,A_OK_NO_CHANGE,NONE,unknown,,,png,carsystem-hand-mask,Carsystem Hand Mask,144.547,144.547,/products/carsystem/catalog/carsystem-hand-mask.webp,https://www.carsystem.org/fileadmin/_processed_/b/c/csm_144547-49-50-51-52-53-cs-handmask-refill-rolle_ceffc6fd2e.png,https://www.carsystem.org/fileadmin/products/images/144.547/144547-49-50-51-52-53-cs-handmask-refill-rolle.png,b04e2adb63884b46a97a6c8cb481230788eefc967600db75b60ce871f67aadbc,660,446,WEBP,33774,True,0,False,,,alpha,"33,16,609,422","35,18,606,419",1.0121,1.005,1.0072,0.8731,0.5421,0.05,0.0273,0.0359,0.0179,0.4836,0.2176,0.6654,0.4478,0.0235,0.9073,0.0005,0.2214,0.0,0.0053,0.0837,0.0034,0.0176,2,#000000,True,,,,,,,bez merljivog defekta,ne dirati,—,
,0,A_OK_NO_CHANGE,NONE,unknown,,,png,carsystem-high-gloss-additive,Carsystem High Gloss Additive,152.788,152.788,/products/carsystem/catalog/carsystem-high-gloss-additive.webp,https://www.carsystem.org/fileadmin/_processed_/0/c/csm_152788-cs-high-gloss-additive-1_0-l_8e2873f221.png,https://www.carsystem.org/fileadmin/products/images/152.788/152788-cs-high-gloss-additive-1_0-l.png,0f680372419a7ab8d9eea77ed064534b655d7162d18c4af3f3b0ebdd32577d51,660,1049,WEBP,103458,True,0,False,,,alpha,"21,20,615,1004","22,22,612,1001",1.0079,1.0049,1.003,0.8918,0.8464,0.0318,0.0364,0.0191,0.0238,0.5227,0.0231,0.7832,0.7601,0.0588,0.5036,0.0089,0.5537,0.0028,0.0438,0.0985,0.0022,0.0081,1,#000000,True,,,,,,,bez merljivog defekta,ne dirati,—,
,0,F_SPECIAL_MARKETING_IMAGE,SOURCE_IMAGE_PROBLEM,unknown,,,png,carsystem-hoist-flag,Carsystem Hoist flag,137.325,137.325,/products/carsystem/catalog/carsystem-hoist-flag.webp,https://www.carsystem.org/fileadmin/_processed_/1/f/csm_137.325-cs-wm-hissflagge_dca7b3f111.png,https://www.carsystem.org/fileadmin/products/images/137.325/137.325-cs-wm-hissflagge.png,da9329c7d5ecf4f23ca106fbe6777b1c06eecf840cb173cf3cb267d8e491ac84,660,1700,WEBP,63840,True,0,False,,,alpha,"23,44,596,1656","25,46,593,1654",1.0063,1.0051,1.0012,0.8797,0.7063,0.0348,0.0621,0.0259,0.0,0.0737,0.0459,0.2658,0.2199,0.6157,0.0964,0.0,0.0359,0.0004,0.0015,0.031,0.003,0.0119,1,#010101,False,,,,,,,merch/model/brand composition,izvan packshot workflow-a — samo padding/scale politika kartice,nema (ne dira se),MERCH
,0,A_OK_NO_CHANGE,NONE,unknown,,,png,carsystem-hpp-primer,Carsystem HpP Primer,154.706,154.706,/products/carsystem/catalog/carsystem-hpp-primer.webp,https://www.carsystem.org/fileadmin/_processed_/e/5/csm_154.706-708-154.712-cs-hpp-primer-gruppenbild-3D_458531df06.png,https://www.carsystem.org/fileadmin/products/images/154.706/154.706-708-154.712-cs-hpp-primer-gruppenbild-3D.png,5c6dc53931a8da1df814dcba1d714d799daecdc6195db99638dcd131e708d79f,660,392,WEBP,49040,True,0,False,,,alpha,"0,3,652,387","8,4,642,384",1.0235,1.0156,1.0078,0.9753,0.7409,0.0,0.0121,0.0077,0.0051,0.0892,0.0457,0.7876,0.7419,0.5529,0.2026,0.0019,0.3014,0.0015,0.0248,0.1449,0.0087,0.0194,1,#131312,True,,,,,,,bez merljivog defekta,ne dirati,—,
,0,A_OK_NO_CHANGE,NONE,unknown,,,png,carsystem-hs-acryl-tape,Carsystem HS-Acryl Tape,147.024,147.024,/products/carsystem/catalog/carsystem-hs-acryl-tape.webp,https://www.carsystem.org/fileadmin/_processed_/2/6/csm_137072-73-74-75-147024-cs-hs-acryl-tape_68ca7143cb.png,https://www.carsystem.org/fileadmin/products/images/137.072/137072-73-74-75-147024-cs-hs-acryl-tape.png,7a68944fe3777f9c4339b25e90914404cc4f3deffe31b87330de965022876218,660,480,WEBP,21860,True,0,False,,,alpha,"4,2,652,478","8,3,646,476",1.0135,1.0093,1.0042,0.9838,0.1989,0.0061,0.0061,0.0042,0.0,0.0227,0.0099,0.3762,0.3663,0.2078,0.1023,0.0,0.0291,0.0038,0.4417,0.0511,0.0033,0.0423,1,#090505,True,,,,,,,bez merljivog defekta,ne dirati,—,
,0,A_OK_NO_CHANGE,NONE,unknown,,,png,carsystem-interface-pad,Carsystem Interface Pad,156.225,156.225,/products/carsystem/catalog/carsystem-interface-pad.webp,https://www.carsystem.org/fileadmin/_processed_/6/d/csm_156225-226-interface-pad-ifp-5-10-150mm-25-loch_9a96a09e1a.png,https://www.carsystem.org/fileadmin/products/images/156.225/156225-226-interface-pad-ifp-5-10-150mm-25-loch.png,08c79f188e9bf518511d08cbf85e5a9734ef56eb0f6160f5d4778dfe19cfe765,660,636,WEBP,113020,True,0,False,,,alpha,"13,38,631,568","14,40,628,564",1.0119,1.0048,1.0071,0.8538,0.5997,0.0197,0.0242,0.0597,0.0472,0.1305,0.0036,0.2695,0.2658,0.5804,0.1572,0.0134,0.4428,0.0,0.1611,0.1438,0.0022,0.0091,1,#000000,True,,,,,,,bez merljivog defekta,ne dirati,—,
,0,A_OK_NO_CHANGE,NONE,unknown,,,png,carsystem-iso-ve-7030,Carsystem ISO-VE 7030,154.034,154.034,/products/carsystem/catalog/carsystem-iso-ve-7030.webp,https://www.carsystem.org/fileadmin/_processed_/8/9/csm_154034-cs-iso-ve-7030-l-5_0_4cdd0af7c0.png,https://www.carsystem.org/fileadmin/products/images/154.034/154034-cs-iso-ve-7030-l-5_0.png,ac021be5ee679dd04234834d0d412a48ac6019f603495aacc5cd489b0a3b410f,660,928,WEBP,43860,True,0,False,,,alpha,"42,32,575,884","44,33,572,881",1.0087,1.0052,1.0034,0.8299,0.7189,0.0636,0.0652,0.0345,0.0129,0.7363,0.0992,0.9007,0.8015,0.0745,0.2483,0.0094,0.8621,0.0009,0.0166,0.0275,0.0018,0.0081,1,#000000,False,,,,,,,bez merljivog defekta,ne dirati,—,
,0,A_OK_NO_CHANGE,NONE,unknown,,,png,carsystem-japanese-putty-knife,Carsystem Japanese Putty Knife,139.356,139.356,/products/carsystem/catalog/carsystem-japanese-putty-knife.webp,https://www.carsystem.org/fileadmin/_processed_/3/4/csm_139356-japanspachtel_5143140741.png,https://www.carsystem.org/fileadmin/products/images/139.356/139356-japanspachtel.png,7440806a0b3aedbd4d21076ed948c8c798bc99c2683c2cbb3e02a5d71a439315,660,380,WEBP,22310,True,0,False,,,alpha,"3,48,654,284","4,49,651,282",1.0117,1.0046,1.0071,0.7406,0.4741,0.0045,0.0045,0.1263,0.1263,0.1736,0.0036,0.2738,0.2702,0.0824,0.2041,0.0263,0.0001,0.0,0.2486,0.0164,0.004,0.0157,1,#010101,False,,,,,,,bez merljivog defekta,ne dirati,—,LOW_DETAIL|SOFT_IMAGE
,0,A_OK_NO_CHANGE,NONE,unknown,,,png,carsystem-ks-100,Carsystem KS-100,126.032,126.032,/products/carsystem/catalog/carsystem-ks-100.webp,https://www.carsystem.org/fileadmin/_processed_/4/3/csm_126032-cs-ks-100-bitumenbasis-pinselbar-l-1_0-3D_a8d9ad71f0.png,https://www.carsystem.org/fileadmin/products/images/126.032/126032-cs-ks-100-bitumenbasis-pinselbar-l-1_0-3D.png,f35a455511f78cfa992c533baf37cffa9c6901944b0af8deca7870e7ae354025,660,660,WEBP,49746,True,0,False,,,alpha,"120,84,415,511","146,85,388,504",1.0844,1.0696,1.0139,0.4868,0.4318,0.1818,0.1894,0.1273,0.0985,0.0752,0.0513,0.6972,0.6459,0.5765,0.202,0.002,0.1886,0.0013,0.0194,0.1704,0.0161,0.0253,1,#000000,True,,,,,,,bez merljivog defekta,ne dirati,—,
,0,A_OK_NO_CHANGE,NONE,unknown,,,png,carsystem-ks-1000,Carsystem KS-1000,149.266,149.266,/products/carsystem/catalog/carsystem-ks-1000.webp,https://www.carsystem.org/fileadmin/_processed_/b/9/csm_149266-cs-ks-1000-karosserieschutz-weiss-l-1_0_14123879cc.png,https://www.carsystem.org/fileadmin/products/images/149.264/149266-cs-ks-1000-karosserieschutz-weiss-l-1_0.png,907d30c4bd488eab8d80523417c0e2f493c3f70ef4263074d76a18f50b0f56c4,660,1809,WEBP,179138,True,0,False,,,alpha,"55,43,554,1725","57,46,550,1720",1.0102,1.0073,1.0029,0.8004,0.7148,0.0833,0.0773,0.0238,0.0227,0.0291,0.0063,0.4428,0.4364,0.298,0.192,0.0107,0.0344,0.0001,0.3145,0.1154,0.0028,0.0108,1,#000000,True,,,,,,,bez merljivog defekta,ne dirati,—,
,0,A_OK_NO_CHANGE,NONE,unknown,,,png,carsystem-ks-1050,Carsystem KS-1050,126.022,126.022,/products/carsystem/catalog/carsystem-ks-1050.webp,https://www.carsystem.org/fileadmin/_processed_/7/4/csm_126022-cs-ks-1050-karosserieschutz-grau-ml-500_c423a3ef86.png,https://www.carsystem.org/fileadmin/products/images/126.022/126022-cs-ks-1050-karosserieschutz-grau-ml-500.png,d891a194997a8a7ee90f12c11d52f95aa5d0ead910a7f2f962f1f36dba86f621,660,660,WEBP,23144,True,0,False,,,alpha,"239,8,183,644","241,9,179,641",1.0271,1.0223,1.0047,0.2706,0.2512,0.3621,0.3606,0.0121,0.0121,0.071,0.0413,0.454,0.4127,0.5176,0.1967,0.0,0.0758,0.0,0.0078,0.103,0.0048,0.0174,1,#000000,True,,,,,,,bez merljivog defekta,ne dirati,—,
,0,A_OK_NO_CHANGE,NONE,unknown,,,png,carsystem-ks-200,Carsystem KS-200,126.062,126.062,/products/carsystem/catalog/carsystem-ks-200.webp,https://www.carsystem.org/fileadmin/_processed_/b/1/csm_126062-cs-ks-200-hohlraumkonservierung-ml-l-1_0_3c6db1e349.png,https://www.carsystem.org/fileadmin/products/images/126.062/126062-cs-ks-200-hohlraumkonservierung-ml-l-1_0.png,a058554c6d21b804b42fe5aab2aa53633850b70067470bc7844ab27dd9b9c94e,660,1784,WEBP,197860,True,0,False,,,alpha,"49,31,558,1724","52,34,553,1718",1.0126,1.009,1.0035,0.817,0.7343,0.0742,0.0803,0.0174,0.0163,0.0336,0.0053,0.414,0.4087,0.3333,0.1352,0.0131,0.0812,0.0003,0.2718,0.125,0.0026,0.0101,1,#000000,True,,,,,,,bez merljivog defekta,ne dirati,—,
,0,A_OK_NO_CHANGE,NONE,unknown,,,png,carsystem-ks-250,Carsystem KS-250,126.061,126.061,/products/carsystem/catalog/carsystem-ks-250.webp,https://www.carsystem.org/fileadmin/_processed_/7/9/csm_126061-cs-ks-250-hohlraumk-ml-inkl-schlauch-ml-500_92251effe0.png,https://www.carsystem.org/fileadmin/products/images/126.061/126061-cs-ks-250-hohlraumk-ml-inkl-schlauch-ml-500.png,5e013a20d782a54455607333353a32aca47a88370761cfb5f705d8e0edb340dd,660,1986,WEBP,168694,True,0,False,,,alpha,"61,31,541,1923","64,34,535,1917",1.0144,1.0112,1.0031,0.7937,0.7381,0.0924,0.0879,0.0156,0.0161,0.0357,0.0,0.3814,0.3814,0.3686,0.285,0.1373,0.0321,0.0,0.2694,0.0844,0.0034,0.0117,1,#000000,True,,,,,,,bez merljivog defekta,ne dirati,—,
,0,A_OK_NO_CHANGE,NONE,unknown,,,png,carsystem-ks-3000-plus,Carsystem KS-3000 Plus,152.804,152.804,/products/carsystem/catalog/carsystem-ks-3000-plus.webp,https://www.carsystem.org/fileadmin/_processed_/1/a/csm_152804-cs-ks-3000-plus-korrosionssch-grau-l-1_0_7312ae2900.png,https://www.carsystem.org/fileadmin/products/images/152.622/152804-cs-ks-3000-plus-korrosionssch-grau-l-1_0.png,a48d9a8586a574e3e1a6c667a66697f3d6dc671684dd372f8fdd67dce9ba2df2,660,1750,WEBP,184100,True,0,False,,,alpha,"56,46,544,1652","59,48,538,1648",1.0136,1.0112,1.0024,0.7781,0.6963,0.0848,0.0909,0.0263,0.0297,0.0401,0.0063,0.3805,0.3742,0.3686,0.1592,0.0129,0.0323,0.0002,0.1808,0.1149,0.0028,0.0105,1,#000000,True,,,,,,,bez merljivog defekta,ne dirati,—,
,0,A_OK_NO_CHANGE,NONE,unknown,,,png,carsystem-ks-400,Carsystem KS-400,125.468,125.468,/products/carsystem/catalog/carsystem-ks-400.webp,https://www.carsystem.org/fileadmin/_processed_/2/9/csm_125468-cs-ks-400-korrosionsschutzwachs-ml-500_02396f736b.png,https://www.carsystem.org/fileadmin/products/images/125.468/125468-cs-ks-400-korrosionsschutzwachs-ml-500.png,7eb396437834099b0abba5b8bdb8899ca729f760d5bc163b22fd5e7ae1cdc56f,660,1373,WEBP,63760,True,0,False,,,alpha,"152,39,354,1264","154,41,350,1260",1.0146,1.0114,1.0032,0.4938,0.4548,0.2303,0.2333,0.0284,0.051,0.0394,0.0,0.3183,0.3183,0.3412,0.1787,0.1107,0.0413,0.0,0.3315,0.0798,0.0032,0.0116,1,#000000,True,,,,,,,bez merljivog defekta,ne dirati,—,
,0,A_OK_NO_CHANGE,NONE,unknown,,,png,carsystem-ks-550,Carsystem KS-550,126.029,126.029,/products/carsystem/catalog/carsystem-ks-550.webp,https://www.carsystem.org/fileadmin/_processed_/a/1/csm_126029-cs-ks-550-bitumen-spray-schwarz-ml-500_15d99402a6.png,https://www.carsystem.org/fileadmin/products/images/126.029/126029-cs-ks-550-bitumen-spray-schwarz-ml-500.png,9dd31ed1d85b87516d33f559fe2f79fcc5c409775ab99f008fdbd8788d178920,660,1915,WEBP,143262,True,0,False,,,alpha,"82,43,507,1803","85,46,501,1798",1.0148,1.012,1.0028,0.7233,0.6699,0.1242,0.1076,0.0225,0.036,0.066,0.0,0.5056,0.5056,0.5098,0.2939,0.1189,0.0575,0.0,0.2104,0.0917,0.0031,0.0115,1,#000000,True,,,,,,,bez merljivog defekta,ne dirati,—,
,0,A_OK_NO_CHANGE,NONE,unknown,,,png,carsystem-ks-800,Carsystem KS-800,126.095,126.095,/products/carsystem/catalog/carsystem-ks-800.webp,https://www.carsystem.org/fileadmin/_processed_/f/b/csm_126095-cs-ks-800-ubs-wachsbasis-schwarz-l-1_0_34e2fc8ed1.png,https://www.carsystem.org/fileadmin/products/images/126.095/126095-cs-ks-800-ubs-wachsbasis-schwarz-l-1_0.png,fd1a1916f0427f1e25758f613e0655de1746671a2f56fdb73c20168fd96727d5,660,1684,WEBP,172660,True,0,False,,,alpha,"71,44,522,1596","73,46,518,1592",1.0103,1.0077,1.0025,0.7496,0.6712,0.1076,0.1015,0.0261,0.0261,0.0352,0.0014,0.3707,0.3692,0.3333,0.1849,0.0458,0.0343,0.0002,0.2674,0.1261,0.0027,0.0099,1,#000000,True,,,,,,,bez merljivog defekta,ne dirati,—,
,0,A_OK_NO_CHANGE,NONE,unknown,,,png,carsystem-ks-850,Carsystem KS-850,126.094,126.094,/products/carsystem/catalog/carsystem-ks-850.webp,https://www.carsystem.org/fileadmin/_processed_/f/f/csm_126094-cs-ks-850-ubs-wachsbasis-spray-500ml_58ded890be.png,https://www.carsystem.org/fileadmin/products/images/126.094/126094-cs-ks-850-ubs-wachsbasis-spray-500ml.png,c08872e8543177d9b2df1477785cbb934d230b7239d6c9e94673cb9be5cb19d0,660,1522,WEBP,79850,True,0,False,,,alpha,"132,75,381,1380","134,77,377,1375",1.0143,1.0106,1.0036,0.5234,0.4882,0.2,0.2227,0.0493,0.044,0.0409,0.0,0.373,0.373,0.3647,0.1798,0.1097,0.0598,0.0001,0.2942,0.0844,0.0032,0.0105,1,#000000,True,,,,,,,bez merljivog defekta,ne dirati,—,
,0,A_OK_NO_CHANGE,NONE,unknown,,,png,carsystem-ks-brush,Carsystem KS-Brush,141.453,141.453,/products/carsystem/catalog/carsystem-ks-brush.webp,https://www.carsystem.org/fileadmin/_processed_/a/f/csm_141453-cs-ks-brush-30mm_97f5227da6.png,https://www.carsystem.org/fileadmin/products/images/141.453/141453-cs-ks-brush-30mm.png,8e3980bb8ec80a38b26c931fc44dfc9767ff1bc21eb3f94f8049059bf98d6d72,660,165,WEBP,13100,True,0,False,,,alpha,"0,11,658,129","2,13,655,126",1.0285,1.0046,1.0238,0.7794,0.4363,0.0,0.003,0.0667,0.1515,0.0341,0.0235,0.299,0.2755,0.3412,0.2653,0.0,0.0185,0.0037,0.0213,0.0853,0.0092,0.0381,1,#080707,True,,,,,,,bez merljivog defekta,ne dirati,—,
,0,A_OK_NO_CHANGE,NONE,unknown,,,png,carsystem-ks-dual-gun,Carsystem KS-Dual Gun,126.040,126.040,/products/carsystem/catalog/carsystem-ks-dual-gun.webp,https://www.carsystem.org/fileadmin/_processed_/7/3/csm_126040-126058-cs-ks-dual-gun-1-2-ubs-pistole-plus-schlauch_516ebc21ef.png,https://www.carsystem.org/fileadmin/products/images/126.040/126040-126058-cs-ks-dual-gun-1-2-ubs-pistole-plus-schlauch.png,4ae4352292e24a605aad3abdd788b44aaa11aadc7640cfa1b9dd08a940debbda,660,667,WEBP,53040,True,0,False,,,alpha,"4,5,653,662","6,6,650,659",1.0092,1.0046,1.0046,0.982,0.2055,0.0061,0.0045,0.0075,0.0,0.0714,0.0026,0.9636,0.961,0.0471,0.5358,0.0169,0.1234,0.0478,0.2103,0.1732,0.003,0.07,6,#090909,True,,,,,,,bez merljivog defekta,ne dirati,—,MULTI_OBJECT
,0,A_OK_NO_CHANGE,NONE,unknown,,,png,carsystem-ks-gun,Carsystem KS-Gun,157.032,157.032,/products/carsystem/catalog/carsystem-ks-gun.webp,https://www.carsystem.org/fileadmin/_processed_/5/a/csm_157032-cs-gun-druckbecherpistole-neu_40c9f9dd0c.png,https://www.carsystem.org/fileadmin/products/images/142.279/157032-cs-gun-druckbecherpistole-neu.png,192465906a1c7626f20bbedaca16f005d8d5d88e716d0f72d287e0e6b22d137d,660,792,WEBP,33080,True,0,False,,,alpha,"9,5,642,776","11,7,638,772",1.0115,1.0063,1.0052,0.9531,0.3965,0.0136,0.0136,0.0063,0.0139,0.0006,0.0,0.1113,0.1113,0.0,0.9697,0.7693,0.0124,0.0003,0.9035,0.0577,0.0014,0.0233,1,#030303,True,,,,,,,bez merljivog defekta,ne dirati,—,CRUSHED_BLACK
,0,A_OK_NO_CHANGE,NONE,unknown,,,png,carsystem-lamb-wool-pad-gold-s,Carsystem Lamb Wool Pad Gold S,157.166,157.166,/products/carsystem/catalog/carsystem-lamb-wool-pad-gold-s.webp,https://www.carsystem.org/fileadmin/_processed_/b/a/csm_157166-157290-cs-lammfell-pad_150_x17mm-gold-s_6ecb452054.png,https://www.carsystem.org/fileadmin/products/images/157.166/157166-157290-cs-lammfell-pad_150_x17mm-gold-s.png,b126bbff08f14dea40583a5109ec467d9230d5f08df57fdf1a7cd21c8eb08508,660,370,WEBP,25560,True,0,False,,,alpha,"21,30,621,314","24,32,611,308",1.0362,1.0164,1.0195,0.7985,0.5789,0.0318,0.0273,0.0811,0.0703,0.0024,0.0003,0.2503,0.25,0.0118,0.5399,0.4605,0.0039,0.0,0.5488,0.0046,0.0068,0.0354,1,#000000,False,,,,,,,bez merljivog defekta,ne dirati,—,CRUSHED_BLACK|LOW_DETAIL|SOFT_IMAGE
,0,A_OK_NO_CHANGE,NONE,unknown,,,png,carsystem-latex-gloves,Carsystem Latex gloves,157.981,157.981,/products/carsystem/catalog/carsystem-latex-gloves.webp,https://www.carsystem.org/fileadmin/_processed_/0/8/csm_157981-latex-handschuhe-weiss-large_66abaac2cb.png,https://www.carsystem.org/fileadmin/products/images/157.981/157981-latex-handschuhe-weiss-large.png,01a38b772f31f95ef80669a7fbe4ff473bcd8e44961e42a860932429f90bfbef,660,727,WEBP,49992,True,255,False,,,alpha,"0,6,602,721","0,8,601,719",1.0045,1.0017,1.0028,0.9046,0.5534,0.0,0.0879,0.0083,0.0,0.1674,0.0058,0.6687,0.6629,0.102,0.1546,0.0036,0.1516,0.0,0.1131,0.0428,0.002,0.0125,1,#1a0f0c,False,,,,,,,bez merljivog defekta,ne dirati,—,SOFT_IMAGE
,0,A_OK_NO_CHANGE,NONE,unknown,,,png,carsystem-latex-hand-i-premium,Carsystem Latex Hand I Premium,152.011,152.011,/products/carsystem/catalog/carsystem-latex-hand-i-premium.webp,https://www.carsystem.org/fileadmin/_processed_/d/5/csm_152011-012-152011-012-latex-gloves-high-risk-long_0896e9dc02.png,https://www.carsystem.org/fileadmin/products/images/152.011/152011-012-152011-012-latex-gloves-high-risk-long.png,3e0775e9c1fab5a5d37b1406f0a2812ed88224e0bd8e980fa9ef23403901e6d2,660,727,WEBP,34820,True,255,False,,,alpha,"0,11,596,716","0,13,595,714",1.0045,1.0017,1.0028,0.8894,0.4659,0.0,0.097,0.0151,0.0,0.0043,0.0,0.3971,0.3971,0.1647,0.2277,0.1237,0.1144,0.0,0.7821,0.0042,0.0021,0.014,1,#22150e,False,,,,,,,bez merljivog defekta,ne dirati,—,LOW_DETAIL|SOFT_IMAGE
,0,A_OK_NO_CHANGE,NONE,unknown,,,png,carsystem-led-lamp,Carsystem LED Lamp,155.037,155.037,/products/carsystem/catalog/carsystem-led-lamp.webp,https://www.carsystem.org/fileadmin/_processed_/4/b/csm_155037-cs-led-lampe-schraeg-frei_0f6d6bc8f7.png,https://www.carsystem.org/fileadmin/products/images/155.037/155037-cs-led-lampe-schraeg-frei.png,6c533410de40eb6970547a79bc80a69142333ea478fe2d1677886ece441598e7,660,681,WEBP,32340,True,0,False,,,alpha,"65,30,499,594","67,32,495,591",1.0132,1.0081,1.0051,0.6595,0.491,0.0985,0.1455,0.0441,0.0837,0.0414,0.0008,0.264,0.2633,0.3333,0.4579,0.0827,0.0314,0.0009,0.4089,0.0185,0.0031,0.0108,1,#000000,False,,,,,,,bez merljivog defekta,ne dirati,—,LOW_DETAIL|SOFT_IMAGE
,0,F_SPECIAL_MARKETING_IMAGE,SOURCE_IMAGE_PROBLEM,unknown,,,png,carsystem-lighter-black,Carsystem Lighter black,148.281,148.281,/products/carsystem/catalog/carsystem-lighter-black.webp,https://www.carsystem.org/fileadmin/_processed_/7/4/csm_148.281_CS_WM-Feuerzeug-schwarz_bfead13b00.png,https://www.carsystem.org/fileadmin/products/images/148.281/148.281_CS_WM-Feuerzeug-schwarz.png,9eee94b9704a3a1f79796af52be08b06b6977d634dee6c22a8808080111b73a9,660,660,WEBP,13520,True,0,False,,,alpha,"233,34,198,605","236,36,193,600",1.0345,1.0259,1.0083,0.275,0.2456,0.353,0.347,0.0515,0.0318,0.0006,0.0,0.4184,0.4184,0.0,0.9929,0.8002,0.0475,0.0002,0.9089,0.053,0.0066,0.0242,1,#000000,True,,,,,,,merch/model/brand composition,izvan packshot workflow-a — samo padding/scale politika kartice,nema (ne dira se),CRUSHED_BLACK|MERCH
,0,A_OK_NO_CHANGE,NONE,unknown,,,png,carsystem-magnetic-flat-strip,Carsystem Magnetic Flat Strip,137.214,137.214,/products/carsystem/catalog/carsystem-magnetic-flat-strip.webp,https://www.carsystem.org/fileadmin/_processed_/3/5/csm_137214-cs-magnetic-flachstreifen-4stx55cm-set_64b8b1412a.png,https://www.carsystem.org/fileadmin/products/images/137.214/137214-cs-magnetic-flachstreifen-4stx55cm-set.png,1b0a77d0d29f103ce09a1f2d6f413bc0365c11385318b38374f8a2a7c5e1e8cf,660,373,WEBP,19206,True,0,False,,,alpha,"0,0,660,373","1,1,658,371",1.0084,1.003,1.0054,1.0,0.25,0.0,0.0,0.0,0.0,0.5321,0.2637,0.7802,0.5164,0.0353,0.6132,0.0,0.528,0.0004,0.0116,0.0777,0.0043,0.0608,2,#121212,True,,,,,,,bez merljivog defekta,ne dirati,—,SOFT_IMAGE
,0,A_OK_NO_CHANGE,NONE,unknown,,,png,carsystem-magnetic-sanding-protection,Carsystem Magnetic Sanding Protection,130.992,130.992,/products/carsystem/catalog/carsystem-magnetic-sanding-protection.webp,https://www.carsystem.org/fileadmin/_processed_/2/e/csm_130992-cs-magnetic-sanding-protection-4stx55cm_b9e5d6ddfe.png,https://www.carsystem.org/fileadmin/products/images/130.992/130992-cs-magnetic-sanding-protection-4stx55cm.png,f38411524b72e2d29e8fe149ccbdef3fbdd33a5b7fa994b69ad5101cc43c8662,660,373,WEBP,22080,True,0,False,,,alpha,"0,0,660,373","1,1,658,371",1.0084,1.003,1.0054,1.0,0.3393,0.0,0.0,0.0,0.0,0.5227,0.2993,0.6794,0.3801,0.0431,0.7264,0.0,0.4322,0.0,0.0088,0.0616,0.0046,0.0519,2,#161616,True,,,,,,,bez merljivog defekta,ne dirati,—,SOFT_IMAGE
,0,A_OK_NO_CHANGE,NONE,unknown,,,png,carsystem-masking-film-blue,Carsystem Masking film blue,155.570,155.570,/products/carsystem/catalog/carsystem-masking-film-blue.webp,https://www.carsystem.org/fileadmin/_processed_/3/0/csm_155569-cs-abdeckfolie-blau-4x300m_817dfa03fe.png,https://www.carsystem.org/fileadmin/products/images/155.569/155569-cs-abdeckfolie-blau-4x300m.png,8932d7fa1947e9ac2d56e23d647be327c25f9930c87ca4f1dc7f335fb3e6c0e9,660,572,WEBP,37016,True,0,False,,,alpha,"14,25,622,537","16,27,618,533",1.014,1.0065,1.0075,0.8848,0.4758,0.0212,0.0364,0.0437,0.0175,0.165,0.0605,0.4976,0.4371,0.4706,0.0556,0.0063,0.5022,0.0,0.0248,0.0359,0.0034,0.0186,1,#000000,False,,,,,,,bez merljivog defekta,ne dirati,—,
,0,A_OK_NO_CHANGE,NONE,unknown,,,png,carsystem-masking-film-green,Carsystem Masking film green,155.565,155.565,/products/carsystem/catalog/carsystem-masking-film-green.webp,https://www.carsystem.org/fileadmin/_processed_/5/3/csm_155566-cs-abdeckfolie-gruen-4x150m_03f6638fb8.png,https://www.carsystem.org/fileadmin/products/images/155.565/155566-cs-abdeckfolie-gruen-4x150m.png,9c172cf85981724e373a5e4a603b63ab8f497bf1783424750a986550b9b04cb5,660,571,WEBP,38072,True,0,False,,,alpha,"14,25,622,535","15,27,619,532",1.0105,1.0048,1.0056,0.883,0.476,0.0212,0.0364,0.0438,0.0193,0.4504,0.0764,0.7662,0.6898,0.4431,0.0548,0.0061,0.4783,0.0,0.0231,0.0588,0.0034,0.0181,1,#000000,True,,,,,,,bez merljivog defekta,ne dirati,—,
,0,A_OK_NO_CHANGE,NONE,unknown,,,png,carsystem-masking-film-yellow,Carsystem Masking film yellow,155.572,155.572,/products/carsystem/catalog/carsystem-masking-film-yellow.webp,https://www.carsystem.org/fileadmin/_processed_/8/f/csm_155572-cs-abdeckfolie-gelb-4x200m_be91c48dac.png,https://www.carsystem.org/fileadmin/products/images/155.572/155572-cs-abdeckfolie-gelb-4x200m.png,88aebf09bdfcaac62fb95e145848f3f79e895c934e7cdbe68174a3f76ee6f388,660,571,WEBP,38778,True,0,False,,,alpha,"14,25,622,535","15,27,619,532",1.0105,1.0048,1.0056,0.883,0.476,0.0212,0.0364,0.0438,0.0193,0.3334,0.0729,0.7162,0.6433,0.4627,0.055,0.0062,0.1763,0.0,0.0238,0.0583,0.0034,0.0181,1,#000000,True,,,,,,,bez merljivog defekta,ne dirati,—,
,0,A_OK_NO_CHANGE,NONE,unknown,,,png,carsystem-masking-paper-master-ii,Carsystem Masking Paper Master II,159.878,159.878,/products/carsystem/catalog/carsystem-masking-paper-master-ii.webp,https://www.carsystem.org/fileadmin/_processed_/a/b/csm_159878-880-882-883-884-cs-masking-paper-masterII_8df76a3bcc.png,https://www.carsystem.org/fileadmin/products/images/159.878/159878-880-882-883-884-cs-masking-paper-masterII.png,bd6c2f6b9d5d1872b01d6c9d846c10a0946f145451563c810e89169db8be4977,660,228,WEBP,13876,True,0,False,,,alpha,"4,28,643,178","5,30,640,174",1.0278,1.0047,1.023,0.7606,0.5299,0.0061,0.0197,0.1228,0.0965,0.0564,0.0243,0.135,0.1106,0.3373,0.0271,0.0035,0.0015,0.0,0.0353,0.0292,0.005,0.0201,1,#020202,False,,,,,,,bez merljivog defekta,ne dirati,—,
,0,A_OK_NO_CHANGE,NONE,unknown,,,png,carsystem-masking-paper-top-ii,Carsystem Masking Paper Top II,155.528,155.528,/products/carsystem/catalog/carsystem-masking-paper-top-ii.webp,https://www.carsystem.org/fileadmin/_processed_/1/9/csm_155528-masking-paper-top-II-20cmx450m_2f3f5fa296.png,https://www.carsystem.org/fileadmin/products/images/155.528/155528-masking-paper-top-II-20cmx450m.png,20e3e373d4719df507b2d96618b45ace3b22ed4dbde1a057373259bcf89a97db,660,228,WEBP,12348,True,0,False,,,alpha,"4,28,643,178","5,30,640,174",1.0278,1.0047,1.023,0.7606,0.5299,0.0061,0.0197,0.1228,0.0965,0.0668,0.0269,0.1416,0.1147,0.3333,0.0195,0.0023,0.0279,0.0068,0.0281,0.0261,0.005,0.0201,1,#020202,False,,,,,,,bez merljivog defekta,ne dirati,—,
,0,A_OK_NO_CHANGE,NONE,unknown,,,png,carsystem-master-tape-green,Carsystem Master Tape Green,149.221,149.221,/products/carsystem/catalog/carsystem-master-tape-green.webp,https://www.carsystem.org/fileadmin/_processed_/c/c/csm_149221-226-master-tape-green_9877e579cb.png,https://www.carsystem.org/fileadmin/products/images/149.221/149221-226-master-tape-green.png,65d0c67d53cee191d2b3569cb5d2c0dd84ca94465962640ccb7fe959a23ccc4e,660,570,WEBP,36702,True,0,False,,,alpha,"12,18,619,528","14,19,616,526",1.0087,1.0049,1.0038,0.8688,0.3291,0.0182,0.0439,0.0316,0.0421,0.0136,0.0055,0.1105,0.105,0.1529,0.0079,0.0,0.0,0.0,0.5963,0.0051,0.0035,0.0275,1,#000000,False,,,,,,,bez merljivog defekta,ne dirati,—,LOW_DETAIL|SOFT_IMAGE
,0,A_OK_NO_CHANGE,NONE,unknown,,,webp,carsystem-master-tape-ii,Carsystem Master Tape II,140.201,140.201,/products/carsystem/catalog/carsystem-master-tape-ii.webp,https://www.carsystem.org/fileadmin/_processed_/1/3/csm_140201-02-03-04-05-06-cs-master-tape-II_b0434435ba.webp,https://www.carsystem.org/fileadmin/products/images/140.201/140201-02-03-04-05-06-cs-master-tape-II.webp,a2b2dd45095a7c63dec1e083d68046d5ef9aada68b3044e236960ddf707e6e33,660,660,WEBP,33882,True,0,False,,,alpha,"33,63,557,536","36,64,553,534",1.011,1.0072,1.0037,0.6854,0.4108,0.05,0.1061,0.0955,0.0924,0.2532,0.0793,0.4605,0.3812,0.3333,0.0001,0.0,0.1738,0.0,0.0149,0.0627,0.0029,0.0144,1,#000000,True,,,,,,,bez merljivog defekta,ne dirati,—,SOFT_IMAGE
,0,A_OK_NO_CHANGE,NONE,unknown,,,png,carsystem-micro-fiber-cloth-2-in-1,Carsystem Micro Fiber Cloth – 2 IN 1,156.589,156.589,/products/carsystem/catalog/carsystem-micro-fiber-cloth-2-in-1.webp,https://www.carsystem.org/fileadmin/_processed_/2/5/csm_156589-cs-mikrofasertuch-2in1-pack-3stueck_2f750b4462.png,https://www.carsystem.org/fileadmin/products/images/156.589/156589-cs-mikrofasertuch-2in1-pack-3stueck.png,5a4b19ecc5beed29bfb565294f4b4363481f92dbeed9414ffa25106fa75ecb95,660,569,WEBP,111410,True,0,False,,,alpha,"13,7,632,552","14,9,629,548",1.0121,1.0048,1.0073,0.929,0.5996,0.0197,0.0227,0.0123,0.0176,0.0169,0.0011,0.057,0.0559,0.3843,0.0372,0.0102,0.0004,0.0,0.5666,0.0059,0.0024,0.0122,1,#010101,False,,,,,,,bez merljivog defekta,ne dirati,—,LOW_DETAIL
,0,A_OK_NO_CHANGE,NONE,unknown,,,png,carsystem-micro-fiber-cloth-fluffy,Carsystem Micro Fiber Cloth – Fluffy,156.590,156.590,/products/carsystem/catalog/carsystem-micro-fiber-cloth-fluffy.webp,https://www.carsystem.org/fileadmin/_processed_/d/e/csm_156590-cs-mikrofasertuch-fluffy-pack-2stueck_1db05d45e1.png,https://www.carsystem.org/fileadmin/products/images/156.590/156590-cs-mikrofasertuch-fluffy-pack-2stueck.png,c02cde04b1aab8f6d94d864e12d1c81d28525ecff062105a28fba0d244cf589d,660,568,WEBP,75542,True,0,False,,,alpha,"17,17,633,536","19,19,629,531",1.0158,1.0064,1.0094,0.9051,0.5719,0.0258,0.0152,0.0299,0.0264,0.0256,0.0015,0.1016,0.1001,0.0118,1.0,0.0506,0.0,0.0,0.4434,0.0031,0.0024,0.0122,1,#000000,False,,,,,,,bez merljivog defekta,ne dirati,—,LOW_DETAIL
,0,A_OK_NO_CHANGE,NONE,unknown,,,png,carsystem-micro-fiber-cloth-polish-extreme,Carsystem Micro Fiber Cloth – Polish Extreme,156.591,156.591,/products/carsystem/catalog/carsystem-micro-fiber-cloth-polish-extreme.webp,https://www.carsystem.org/fileadmin/_processed_/e/6/csm_156591-cs-mikrofasertuch-polish-extreme_62bef11ed4.png,https://www.carsystem.org/fileadmin/products/images/156.591/156591-cs-mikrofasertuch-polish-extreme.png,eb8c6edbf46aa2004295a149fc284b349ff95e906d2340f07926dee6c9d13977,660,536,WEBP,47250,True,0,False,,,alpha,"22,9,617,499","23,11,614,495",1.013,1.0049,1.0081,0.8703,0.5575,0.0333,0.0318,0.0168,0.0522,0.007,0.0012,0.3559,0.3547,0.0078,0.5958,0.1449,0.175,0.0,0.5972,0.0293,0.0026,0.0117,1,#000000,False,,,,,,,bez merljivog defekta,ne dirati,—,SOFT_IMAGE
,0,A_OK_NO_CHANGE,NONE,confirmed,-43.8,2.21,png,carsystem-micro-fiber-cloth-sky-blue,Carsystem Micro Fiber Cloth – Sky Blue,156.587,156.587,/products/carsystem/catalog/carsystem-micro-fiber-cloth-sky-blue.webp,https://www.carsystem.org/fileadmin/_processed_/7/2/csm_156587-cs-mikrofasertuch-sky-blue-pack-5stueck_5cd8a4782d.png,https://www.carsystem.org/fileadmin/products/images/156.587/156587-cs-mikrofasertuch-sky-blue-pack-5stueck.png,9a2e919d6487424a4d345e2f0ad92626dac8525d6b4662cc14ff904cfc438741,660,558,WEBP,102036,True,0,False,,,alpha,"11,5,631,537","14,7,626,533",1.0156,1.008,1.0075,0.9201,0.5823,0.0167,0.0273,0.009,0.0287,0.0826,0.0037,0.2155,0.2118,0.2353,0.0299,0.0007,0.0004,0.0,0.1996,0.2211,0.0023,0.012,1,#020202,True,,,,,,,bez merljivog defekta,ne dirati,—,
,0,A_OK_NO_CHANGE,NONE,unknown,,,png,carsystem-micro-fiber-cloth-wave-cut,Carsystem Micro Fiber Cloth – Wave Cut,156.588,156.588,/products/carsystem/catalog/carsystem-micro-fiber-cloth-wave-cut.webp,https://www.carsystem.org/fileadmin/_processed_/a/7/csm_156588-cs-mikrofasertuch-wave-cut-pack-5stueck_a645da1ad5.png,https://www.carsystem.org/fileadmin/products/images/156.588/156588-cs-mikrofasertuch-wave-cut-pack-5stueck.png,4e79d917f6b2d1acd9d29000fc98fa1cba9448f0cff090b43bb32e37d64ed238,660,619,WEBP,49180,True,0,False,,,alpha,"21,5,626,599","23,8,622,594",1.0149,1.0064,1.0084,0.9178,0.5952,0.0318,0.0197,0.0081,0.0242,0.3613,0.0887,0.5647,0.4761,0.0,1.0,0.0,0.0294,0.0,0.0,0.0235,0.0027,0.0139,1,#010101,False,,,,,,,bez merljivog defekta,ne dirati,—,SOFT_IMAGE
,0,A_OK_NO_CHANGE,NONE,unknown,,,png,carsystem-micro-tip,Carsystem Micro Tip,140.976,140.976,/products/carsystem/catalog/carsystem-micro-tip.webp,https://www.carsystem.org/fileadmin/_processed_/f/9/csm_140976-cs-micro-tip-satz-a-100-stueck_818c09e5bb.png,https://www.carsystem.org/fileadmin/products/images/140.976/140976-cs-micro-tip-satz-a-100-stueck.png,bd70b08f86ce09b155fe096d4fbb2b01615f2d6630ded74b0d95d452d6ebeee0,660,288,WEBP,19150,True,0,False,,,alpha,"28,29,602,227","30,31,599,223",1.023,1.005,1.0179,0.7189,0.5251,0.0424,0.0455,0.1007,0.1111,0.2374,0.0365,0.4843,0.4478,0.1843,0.3041,0.0005,0.0701,0.0,0.0311,0.0705,0.0059,0.0198,1,#000000,True,,,,,,,bez merljivog defekta,ne dirati,—,
,0,A_OK_NO_CHANGE,NONE,unknown,,,png,carsystem-mini-back-pad,Carsystem Mini Back Pad,144.768,144.768,/products/carsystem/catalog/carsystem-mini-back-pad.webp,https://www.carsystem.org/fileadmin/_processed_/1/d/csm_144768-769-mini-back-pad-28mm_e554e72893.png,https://www.carsystem.org/fileadmin/products/images/144.768/144768-769-mini-back-pad-28mm.png,9cae6fb0da800ea528258299ebe986fc735a7176e9b7a983d536f869c0cfa893,660,440,WEBP,30900,True,0,False,,,alpha,"14,15,630,395","16,16,626,393",1.0115,1.0064,1.0051,0.8569,0.5612,0.0212,0.0242,0.0341,0.0682,0.0017,0.0,0.0697,0.0697,0.0078,0.8977,0.4564,0.0027,0.0,0.8763,0.0103,0.0032,0.0149,1,#000000,False,,,,,,,bez merljivog defekta,ne dirati,—,CRUSHED_BLACK|LOW_DETAIL|SOFT_IMAGE
,0,A_OK_NO_CHANGE,NONE,unknown,,,png,carsystem-mini-sanding-machine-rc-9330,Carsystem Mini Sanding Machine RC 9330,143.724,143.724,/products/carsystem/catalog/carsystem-mini-sanding-machine-rc-9330.webp,https://www.carsystem.org/fileadmin/_processed_/f/1/csm_143724-cs-mini-sanding-machine-rc9330_ba550b330c.png,https://www.carsystem.org/fileadmin/products/images/143.724/143724-cs-mini-sanding-machine-rc9330.png,44f440dfe4f0517e776c66e79787f5454fc2eb1512b59eae93f406655105b3e6,660,450,WEBP,24638,True,0,False,,,alpha,"7,34,643,397","9,36,639,393",1.0165,1.0063,1.0102,0.8595,0.3724,0.0106,0.0152,0.0756,0.0422,0.003,0.0006,0.1483,0.1477,0.0,0.912,0.1609,0.0053,0.0007,0.8049,0.0378,0.0025,0.0319,2,#030303,False,,,,,,,bez merljivog defekta,ne dirati,—,
,0,A_OK_NO_CHANGE,NONE,unknown,,,png,carsystem-mixing-stick-black,Carsystem Mixing Stick Black,144.752,144.752,/products/carsystem/catalog/carsystem-mixing-stick-black.webp,https://www.carsystem.org/fileadmin/_processed_/9/8/csm_144752-cs-ruehrstab-kunststoff-schw-single_876e75bb55.png,https://www.carsystem.org/fileadmin/products/images/144.752/144752-cs-ruehrstab-kunststoff-schw-single.png,8327750f53f6f7be4b1022e458d2e104a6bd99e7767398a43ab3faadb238da29,660,131,WEBP,3356,True,0,False,,,alpha,"16,40,624,48","17,42,621,45",1.0718,1.0048,1.0667,0.3464,0.3252,0.0242,0.0303,0.3053,0.3282,0.003,0.0006,0.0168,0.0162,0.0,1.0,0.2175,0.0,0.0,0.9552,0.0171,0.0212,0.0592,1,#000000,False,,,,,,,bez merljivog defekta,ne dirati,—,LOW_DETAIL
,0,A_OK_NO_CHANGE,NONE,unknown,,,png,carsystem-mmir-knife-premium,Carsystem MMIR Knife Premium,151.513,151.513,/products/carsystem/catalog/carsystem-mmir-knife-premium.webp,https://www.carsystem.org/fileadmin/_processed_/4/6/csm_151513-cs-mmir-folienmesser-premium-2er-pack_a645cb23c5.png,https://www.carsystem.org/fileadmin/products/images/151.513/151513-cs-mmir-folienmesser-premium-2er-pack.png,ef9a6926996bf8c8bc5c98a34dd921262ace128b0b2d2711bda00d180d36e015,660,423,WEBP,23248,True,0,False,,,alpha,"39,31,582,358","41,32,578,356",1.0126,1.0069,1.0056,0.7463,0.5383,0.0591,0.0591,0.0733,0.0804,0.6939,0.0715,0.7084,0.6369,0.0,0.9301,0.0,0.8882,0.0001,0.0003,0.0636,0.0067,0.0194,1,#000000,True,,,,,,,bez merljivog defekta,ne dirati,—,
,0,A_OK_NO_CHANGE,NONE,unknown,,,png,carsystem-mmir-mask-aqua-tec,Carsystem MMIR-Mask Aqua Tec,151.038,151.038,/products/carsystem/catalog/carsystem-mmir-mask-aqua-tec.webp,https://www.carsystem.org/fileadmin/_processed_/1/0/csm_151038-152055-cs-mmir-mask-aqua-tec_1ea1d2d2ca.png,https://www.carsystem.org/fileadmin/products/images/151.038/151038-152055-cs-mmir-mask-aqua-tec.png,925888b81d4f40bbeeeb62f3fef5208d5bda733ef4c1dc6a03ec33be6b03740e,660,440,WEBP,52442,True,0,False,,,alpha,"64,21,548,410","66,23,543,405",1.0217,1.0092,1.0123,0.7737,0.526,0.097,0.0727,0.0477,0.0205,0.3427,0.0268,0.8106,0.7838,0.4,0.0939,0.0275,0.7178,0.0011,0.0433,0.1883,0.0252,0.0453,1,#040404,True,,,,,,,bez merljivog defekta,ne dirati,—,
,0,A_OK_NO_CHANGE,NONE,unknown,,,png,carsystem-mmir-mask-light-green,Carsystem MMIR-Mask Light Green,150.453,150.453,/products/carsystem/catalog/carsystem-mmir-mask-light-green.webp,https://www.carsystem.org/fileadmin/_processed_/e/3/csm_149587-150453-54-55-cs-mmir-mask-light-green_99b4b78b87.png,https://www.carsystem.org/fileadmin/products/images/149.587/149587-150453-54-55-cs-mmir-mask-light-green.png,a414561ce733275f71bbadbad7429cd12527ddcf1638bea233105e550ec3f35c,660,440,WEBP,50456,True,0,False,,,alpha,"64,21,547,397","66,23,542,391",1.0247,1.0092,1.0153,0.7478,0.5126,0.097,0.0742,0.0477,0.05,0.2251,0.0132,0.9473,0.9342,0.4,0.1232,0.0355,0.1772,0.0184,0.0592,0.1558,0.0272,0.0478,1,#000000,True,,,,,,,bez merljivog defekta,ne dirati,—,
,0,A_OK_NO_CHANGE,NONE,unknown,,,png,carsystem-mmir-trolley,Carsystem MMIR Trolley,125.737,125.737,/products/carsystem/catalog/carsystem-mmir-trolley.webp,https://www.carsystem.org/fileadmin/_processed_/1/1/csm_125737-cs-mmir-folienstaender_6f2bfca8b0.png,https://www.carsystem.org/fileadmin/products/images/125.737/125737-cs-mmir-folienstaender.png,8f1b79398deddc690ab3a073f932390024fba8ce032d3137457ecaf3d542e659,660,567,WEBP,37868,True,0,False,,,alpha,"0,2,657,563","1,3,655,561",1.0066,1.0031,1.0036,0.9884,0.538,0.0,0.0045,0.0035,0.0035,0.3645,0.0472,0.6735,0.6262,0.0314,0.9753,0.0014,0.161,0.0003,0.0335,0.0617,0.0052,0.0254,1,#070707,True,,,,,,,bez merljivog defekta,ne dirati,—,
,0,A_OK_NO_CHANGE,NONE,unknown,,,png,carsystem-mount-tape,Carsystem Mount Tape,125.712,125.712,/products/carsystem/catalog/carsystem-mount-tape.webp,https://www.carsystem.org/fileadmin/_processed_/b/c/csm_125712-713-720-725-726-cs-mount-tape_ebda1b3af8.png,https://www.carsystem.org/fileadmin/products/images/125.712/125712-713-720-725-726-cs-mount-tape.png,9d3b2e907aea46e4ca6e0442098f142afbd5a1d5da4a5ffc5066c0c2d361f681,660,495,WEBP,21870,True,0,False,,,alpha,"12,2,645,493","17,4,638,491",1.0151,1.011,1.0041,0.9733,0.2146,0.0182,0.0045,0.004,0.0,0.0116,0.0033,0.3463,0.343,0.051,0.6034,0.0012,0.02,0.0017,0.6318,0.0524,0.003,0.0372,1,#080908,True,,,,,,,bez merljivog defekta,ne dirati,—,
,0,A_OK_NO_CHANGE,NONE,unknown,,,png,carsystem-ms-air-gun,Carsystem MS Air Gun,125.681,125.681,/products/carsystem/catalog/carsystem-ms-air-gun.webp,https://www.carsystem.org/fileadmin/_processed_/1/6/csm_125681-131563-cs-ms-air-gun-pm-2-gruppe_372016ded8.png,https://www.carsystem.org/fileadmin/products/images/125.681/125681-131563-cs-ms-air-gun-pm-2-gruppe.png,07d255c4695221b6e110d79bdd396ee165a0d0ed21c7ea9dd5aca31943809dca,660,645,WEBP,77740,True,0,False,,,alpha,"2,0,656,644","4,2,653,641",1.0093,1.0046,1.0047,0.9924,0.4011,0.003,0.003,0.0,0.0016,0.1946,0.003,0.624,0.6209,0.0078,0.8988,0.0179,0.0898,0.0096,0.102,0.1597,0.0096,0.0612,5,#202020,True,,,,,,,bez merljivog defekta,ne dirati,—,MULTI_OBJECT
,0,A_OK_NO_CHANGE,NONE,unknown,,,png,carsystem-ms-coupling,Carsystem MS Coupling,139.036,139.036,/products/carsystem/catalog/carsystem-ms-coupling.webp,https://www.carsystem.org/fileadmin/_processed_/0/6/csm_139036-cs-ms-kupplung-9mm_9d0aafe857.png,https://www.carsystem.org/fileadmin/products/images/139.036/139036-cs-ms-kupplung-9mm.png,7da5d9e25e3db9ed927f56f64d782bf17fc2e710ced45547ebe10619432299b5,660,405,WEBP,42230,True,0,False,,,alpha,"14,7,633,388","16,9,630,385",1.0126,1.0048,1.0078,0.9188,0.4972,0.0212,0.0197,0.0173,0.0247,0.0876,0.0115,0.3798,0.3683,0.3294,0.0193,0.0036,0.0661,0.0,0.1069,0.0935,0.0032,0.0151,1,#020202,True,,,,,,,bez merljivog defekta,ne dirati,—,
,0,A_OK_NO_CHANGE,NONE,unknown,,,webp,carsystem-multi-cleaning-wipes,Carsystem Multi Cleaning wipes,159.782,159.782,/products/carsystem/catalog/carsystem-multi-cleaning-wipes.webp,https://www.carsystem.org/fileadmin/_processed_/8/a/csm_159782-cs-multi-reinigungstuch_ee628c66fa.webp,https://www.carsystem.org/fileadmin/products/images/159.782/159782-cs-multi-reinigungstuch.webp,fef640e88dd46f24cd014485a0ef1b3031980cc10999dd2e48613a06e174cf41,660,949,WEBP,69946,True,0,False,,,alpha,"41,33,586,891","43,35,582,887",1.0114,1.0069,1.0045,0.8336,0.4808,0.0621,0.05,0.0348,0.0263,0.5017,0.113,0.9685,0.8555,0.1961,0.4686,0.0,0.8579,0.0354,0.0021,0.1571,0.0021,0.0134,1,#000000,True,,,,,,,bez merljivog defekta,ne dirati,—,
,0,A_OK_NO_CHANGE,NONE,unknown,,,png,carsystem-multi-green-changer,Carsystem Multi Green Changer,157.622,157.622,/products/carsystem/catalog/carsystem-multi-green-changer.webp,https://www.carsystem.org/fileadmin/_processed_/a/4/csm_157.622-cs-multi-green-changer-inkl-haerter-kg-1_6-3D_66e97b7a82.png,https://www.carsystem.org/fileadmin/products/images/157.622/157.622-cs-multi-green-changer-inkl-haerter-kg-1_6-3D.png,f09a60b6b9db8d2bfcdc284b150806fa24b02897482ee5fcd0fa4ae153511eeb,660,406,WEBP,42606,True,0,False,,,alpha,"55,55,514,287","83,56,485,284",1.071,1.0598,1.0106,0.5505,0.4904,0.0833,0.1379,0.1355,0.1576,0.1485,0.0075,0.7157,0.7082,0.0196,0.5654,0.0033,0.1745,0.0223,0.1212,0.2675,0.0321,0.0443,1,#1a1a1a,True,,,,,,,bez merljivog defekta,ne dirati,—,
,0,A_OK_NO_CHANGE,NONE,unknown,,,png,carsystem-multi-mix-bucket,Carsystem Multi-Mix Bucket,144.649,144.649,/products/carsystem/catalog/carsystem-multi-mix-bucket.webp,https://www.carsystem.org/fileadmin/_processed_/3/b/csm_144649-cs-multi-mix-bucket-5_5-l-36-stueck_f2bc0d8ca7.png,https://www.carsystem.org/fileadmin/products/images/144.649/144649-cs-multi-mix-bucket-5_5-l-36-stueck.png,8e2b8a32ae2b355dee9aac883c3bc3f895b072b9003b6c05dc80a426c70df2be,660,781,WEBP,28384,True,0,False,,,alpha,"50,30,566,719","51,31,563,717",1.0081,1.0053,1.0028,0.7895,0.4928,0.0758,0.0667,0.0384,0.041,0.3916,0.316,0.6816,0.3657,0.0118,1.0,0.0,0.1273,0.0003,0.0,0.0563,0.0023,0.0173,1,#000000,True,,,,,,,bez merljivog defekta,ne dirati,—,SOFT_IMAGE
,0,A_OK_NO_CHANGE,NONE,unknown,,,png,carsystem-multi-mix-cup,Carsystem Multi-Mix Cup,140.545,140.545,/products/carsystem/catalog/carsystem-multi-mix-cup.webp,https://www.carsystem.org/fileadmin/_processed_/b/6/csm_140545-552-cs-multi-mix-cup-lid_a946a9944b.png,https://www.carsystem.org/fileadmin/products/images/140.545/140545-552-cs-multi-mix-cup-lid.png,757da7aa17456923439071d778564160bdc096ff3b36b0453dada171c0d9f3fe,660,545,WEBP,73438,True,0,False,,,alpha,"3,1,655,541","5,2,652,539",1.0083,1.0046,1.0037,0.9851,0.7175,0.0045,0.003,0.0018,0.0055,0.4833,0.0767,0.6975,0.6209,0.0235,0.9658,0.0018,0.314,0.0021,0.0234,0.2188,0.0029,0.0108,1,#0d0d0d,True,,,,,,,bez merljivog defekta,ne dirati,—,
,0,A_OK_NO_CHANGE,NONE,unknown,,,png,carsystem-multi-mix-lids,Carsystem Multi-Mix Lids,140.549,140.549,/products/carsystem/catalog/carsystem-multi-mix-lids.webp,https://www.carsystem.org/fileadmin/_processed_/8/d/csm_140549-140552-cs-multi-mix-cup-deckel-gruppe_7c4c6c29fb.png,https://www.carsystem.org/fileadmin/products/images/140.549/140549-140552-cs-multi-mix-cup-deckel-gruppe.png,ef21ea5684ba8189807116b1eda28bb9815ab3938b1669b1a9e4048dc5b34c06,660,196,WEBP,11652,True,0,False,,,alpha,"5,10,649,179","6,11,647,176",1.0202,1.0031,1.017,0.898,0.6196,0.0076,0.0091,0.051,0.0357,0.5152,0.3868,0.5828,0.196,0.1137,0.0002,0.0,0.7862,0.0,0.0,0.0125,0.0053,0.0207,1,#030303,False,,,,,,,bez merljivog defekta,ne dirati,—,LOW_DETAIL|SOFT_IMAGE
,0,A_OK_NO_CHANGE,NONE,unknown,,,webp,carsystem-multi-strain,Carsystem Multi Strain,146.957,146.957,/products/carsystem/catalog/carsystem-multi-strain.webp,https://www.carsystem.org/fileadmin/_processed_/b/1/csm_146957-958-cs-multi-strain-125u-190u_945b2bd32d.webp,https://www.carsystem.org/fileadmin/products/images/146.957/146957-958-cs-multi-strain-125u-190u.webp,614f2759464ad979b267dd1edd3aff5b14f50a44477b458fe14dbb7fbe1ae219,660,406,WEBP,17834,True,0,False,,,alpha,"17,29,619,344","19,30,616,342",1.0107,1.0049,1.0058,0.7947,0.5162,0.0258,0.0364,0.0714,0.0813,0.3992,0.1473,0.9597,0.8125,0.0353,0.73,0.0,0.3172,0.035,0.0016,0.055,0.003,0.0144,1,#000000,True,,,,,,,bez merljivog defekta,ne dirati,—,
,0,A_OK_NO_CHANGE,NONE,unknown,,,png,carsystem-nano-carnauba-wax,Carsystem Nano Carnauba Wax,151.945,151.945,/products/carsystem/catalog/carsystem-nano-carnauba-wax.webp,https://www.carsystem.org/fileadmin/_processed_/1/a/csm_151.945-cs-nano-carnauba-wax_c2cca39c84.png,https://www.carsystem.org/fileadmin/products/images/151.945/151.945-cs-nano-carnauba-wax.png,9029c07d85f14398e96278e7f2fdca257a95c1bf90d32c8571b0387f1d493497,660,799,WEBP,25694,True,0,False,,,alpha,"222,51,212,683","224,52,209,680",1.0188,1.0144,1.0044,0.2746,0.2259,0.3364,0.3424,0.0638,0.0814,0.0028,0.0,0.5539,0.5539,0.0078,0.8159,0.3169,0.1189,0.0,0.7079,0.089,0.0041,0.0157,1,#000000,True,,,,,,,bez merljivog defekta,ne dirati,—,MOSTLY_BLACK
,0,A_OK_NO_CHANGE,NONE,unknown,,,png,carsystem-nano-easy-cleaner,Carsystem Nano Easy Cleaner,143.383,143.383,/products/carsystem/catalog/carsystem-nano-easy-cleaner.webp,https://www.carsystem.org/fileadmin/_processed_/8/4/csm_143383-cs-nano-easy-cleaner_a9d94312da.png,https://www.carsystem.org/fileadmin/products/images/143.383/143383-cs-nano-easy-cleaner.png,3b6d5972b8279d0e99314e769b9af39db302354a56709655b56fb924b397b171,660,608,WEBP,40172,True,0,False,,,alpha,"24,21,615,566","26,22,611,563",1.0119,1.0065,1.0053,0.8674,0.4734,0.0364,0.0318,0.0345,0.0345,0.0167,0.005,0.0742,0.0692,0.0118,0.9255,0.0002,0.0009,0.0,0.5834,0.0176,0.0017,0.0114,1,#000000,False,,,,,,,bez merljivog defekta,ne dirati,—,LOW_DETAIL
,0,A_OK_NO_CHANGE,NONE,unknown,,,png,carsystem-neopren-hand,Carsystem Neopren Hand,140.939,140.939,/products/carsystem/catalog/carsystem-neopren-hand.webp,https://www.carsystem.org/fileadmin/_processed_/8/d/csm_140939-941-neopren-hand_a8ec9fd57f.png,https://www.carsystem.org/fileadmin/products/images/140.939/140939-941-neopren-hand.png,dbde56d766b952bad60ad22969b91f929493cd2b4e498a972fd6f9ca77b6654d,660,727,WEBP,31026,True,255,False,,,alpha,"0,10,553,717","0,12,552,715",1.0046,1.0018,1.0028,0.8264,0.4681,0.0,0.1621,0.0138,0.0,0.0007,0.0,0.3054,0.3054,0.0078,0.799,0.499,0.0753,0.0,0.8324,0.0038,0.0023,0.0151,1,#1f120c,False,,,,,,,bez merljivog defekta,ne dirati,—,MOSTLY_BLACK|LOW_DETAIL|SOFT_IMAGE
,0,A_OK_NO_CHANGE,NONE,unknown,,,png,carsystem-nippel-nipple-for-quick-connector,Carsystem Nippel – Nipple for quick connector,143.129,143.129,/products/carsystem/catalog/carsystem-nippel-nipple-for-quick-connector.webp,https://www.carsystem.org/fileadmin/_processed_/4/d/csm_143129-cs-pv-nippel-mit-schlauchanschl-9mm-eu_c6b5390963.png,https://www.carsystem.org/fileadmin/products/images/143.129/143129-cs-pv-nippel-mit-schlauchanschl-9mm-eu.png,fa99a8310c1746c4b9d598de0cfe9ce6295f229547e926e4b2ea9aa006b0f348,660,2003,WEBP,127958,True,0,False,,,alpha,"24,22,601,1946","37,25,575,1940",1.0485,1.0452,1.0031,0.8847,0.5744,0.0364,0.053,0.011,0.0175,0.0641,0.0058,0.801,0.7952,0.1412,0.2459,0.0,0.2346,0.0118,0.3237,0.0398,0.0031,0.0177,1,#000000,False,,,,,,,bez merljivog defekta,ne dirati,—,SOFT_IMAGE
,0,A_OK_NO_CHANGE,NONE,unknown,,,png,carsystem-nippel-nipple-with-inner-thread,Carsystem Nippel – Nipple with inner thread,139.034,139.034,/products/carsystem/catalog/carsystem-nippel-nipple-with-inner-thread.webp,https://www.carsystem.org/fileadmin/_processed_/d/b/csm_139034-cs-ms-stecknippel-1-4_26856166ab.png,https://www.carsystem.org/fileadmin/products/images/139.034/139034-cs-ms-stecknippel-1-4.png,08891c4498008a6af73dd0269e1e79bc601e1abbeafbf5e2325d65513d5322a4,660,425,WEBP,32548,True,0,False,,,alpha,"30,70,608,322","32,72,605,319",1.0144,1.005,1.0094,0.698,0.463,0.0455,0.0333,0.1647,0.0776,0.2502,0.0116,0.7758,0.7642,0.0,1.0,0.0075,0.0952,0.0084,0.0782,0.0826,0.0021,0.0134,1,#000000,True,,,,,,,bez merljivog defekta,ne dirati,—,
,0,A_OK_NO_CHANGE,NONE,unknown,,,png,carsystem-nippel-nipple-with-outer-thread,Carsystem Nippel – Nipple with outer thread,139.033,139.033,/products/carsystem/catalog/carsystem-nippel-nipple-with-outer-thread.webp,https://www.carsystem.org/fileadmin/_processed_/5/4/csm_139033-cs-ms-stecknippe-1-4-ag_5a476eafe4.png,https://www.carsystem.org/fileadmin/products/images/139.033/139033-cs-ms-stecknippe-1-4-ag.png,ed5e659de935ba704ec0e952377c0e4081eea07b45ca9aa445ed0d5f42df01df,660,421,WEBP,28682,True,0,False,,,alpha,"18,61,615,320","20,62,611,317",1.0161,1.0065,1.0095,0.7083,0.4372,0.0273,0.0409,0.1449,0.095,0.1274,0.0006,0.7529,0.7523,0.0,1.0,0.0763,0.0778,0.0295,0.2188,0.0857,0.0026,0.0146,1,#000000,True,,,,,,,bez merljivog defekta,ne dirati,—,
,0,A_OK_NO_CHANGE,NONE,unknown,,,png,carsystem-nitril-hand-premium-black,Carsystem Nitril Hand Premium black,156.623,156.623,/products/carsystem/catalog/carsystem-nitril-hand-premium-black.webp,https://www.carsystem.org/fileadmin/_processed_/3/0/csm_154347-348-156623-624-nitril-hand-premium-schwarz_fe08d0a973.png,https://www.carsystem.org/fileadmin/products/images/154.347/154347-348-156623-624-nitril-hand-premium-schwarz.png,1fc91a5ca140a011723235e394bbd5fbf6fe4ddfd7ed93d1346a39f9337a77c4,660,727,WEBP,38234,True,255,False,,,alpha,"0,12,622,715","0,14,620,713",1.006,1.0032,1.0028,0.9269,0.5594,0.0,0.0576,0.0165,0.0,0.0022,0.0003,0.3259,0.3256,0.0118,0.8011,0.3345,0.08,0.0,0.7795,0.0022,0.002,0.0145,1,#23150e,False,,,,,,,bez merljivog defekta,ne dirati,—,MOSTLY_BLACK|LOW_DETAIL|SOFT_IMAGE
,0,A_OK_NO_CHANGE,NONE,unknown,,,png,carsystem-orbital-sander-csh-cms01-kit,Carsystem Orbital Sander CSH-CMS01 kit,159.067,159.067,/products/carsystem/catalog/carsystem-orbital-sander-csh-cms01-kit.webp,https://www.carsystem.org/fileadmin/_processed_/f/3/csm_159.067-bluetenschleifer-koffer-offen_99e89844fb.png,https://www.carsystem.org/fileadmin/products/images/159.067/159.067-bluetenschleifer-koffer-offen.png,05e6a972c14a31236aa19b8ab0a73b8c34a294922f59d947808669a0b1fa9cab,660,527,WEBP,34018,True,1,False,,,alpha,"32,14,602,502","33,15,599,500",1.009,1.005,1.004,0.8689,0.5942,0.0485,0.0394,0.0266,0.0209,0.0022,0.0,0.1438,0.1438,0.0118,0.923,0.2945,0.0467,0.0,0.8444,0.0186,0.0054,0.0184,2,#959595,False,,,,,,,bez merljivog defekta,ne dirati,—,LOW_DETAIL
,0,F_SPECIAL_MARKETING_IMAGE,SOURCE_IMAGE_PROBLEM,unknown,,,webp,carsystem-padded-jacket-black-2025,Carsystem Padded Jacket Black 2025,160.037,160.037,/products/carsystem/catalog/carsystem-padded-jacket-black-2025.webp,https://www.carsystem.org/fileadmin/_processed_/d/b/csm_160037-042-steppjacke-2025_556d8f3381.webp,https://www.carsystem.org/fileadmin/products/images/160.037/160037-042-steppjacke-2025.webp,097bed4bd14e0f1b951829f75a88d923e0804a358832dc562e70323db763edec,660,1045,WEBP,59736,True,0,False,,,alpha,"69,88,563,957","72,91,558,954",1.0121,1.009,1.0031,0.7812,0.5154,0.1045,0.0424,0.0842,0.0,0.0334,0.0008,0.4137,0.4129,0.0392,0.7498,0.0423,0.066,0.0001,0.3909,0.0177,0.002,0.0122,1,#0e1215,False,,,,,,,merch/model/brand composition,izvan packshot workflow-a — samo padding/scale politika kartice,nema (ne dira se),LOW_DETAIL|SOFT_IMAGE|MERCH
,0,F_SPECIAL_MARKETING_IMAGE,SOURCE_IMAGE_PROBLEM,unknown,,,png,carsystem-padded-vest-black,Carsystem Padded Vest Black,159.288,159.288,/products/carsystem/catalog/carsystem-padded-vest-black.webp,https://www.carsystem.org/fileadmin/_processed_/5/a/csm_159.288-293-cs-wm-wattierte-steppweste_14c92da573.png,https://www.carsystem.org/fileadmin/products/images/159.288/159.288-293-cs-wm-wattierte-steppweste.png,228c9a51b476c0f2ed7a077ba72cfca4adc0138a11d642b23e611234c0bee80b,660,731,WEBP,31026,True,0,False,,,alpha,"21,31,618,700","22,32,616,699",1.0047,1.0032,1.0014,0.8967,0.6715,0.0318,0.0318,0.0424,0.0,0.0011,0.0,0.036,0.036,0.0118,0.9354,0.5175,0.0182,0.0,0.9417,0.0104,0.0011,0.0074,1,#000000,False,,,,,,,merch/model/brand composition,izvan packshot workflow-a — samo padding/scale politika kartice,nema (ne dira se),CRUSHED_BLACK|LOW_DETAIL|SOFT_IMAGE
,0,F_SPECIAL_MARKETING_IMAGE,SOURCE_IMAGE_PROBLEM,unknown,,,webp,carsystem-padded-vest-black-2025,Carsystem Padded Vest Black 2025,160.027,160.027,/products/carsystem/catalog/carsystem-padded-vest-black-2025.webp,https://www.carsystem.org/fileadmin/_processed_/0/4/csm_160027-032-steppweste-2025_15a3ce67f2.webp,https://www.carsystem.org/fileadmin/products/images/160.027/160027-032-steppweste-2025.webp,94271e7b6ab15ae0ca893db9f4cf42cd2a3667374fdcf2f6b989069372b5c187,660,1023,WEBP,64482,True,0,False,,,alpha,"52,43,576,980","55,45,571,978",1.0108,1.0088,1.002,0.836,0.5535,0.0788,0.0485,0.042,0.0,0.0187,0.0008,0.4848,0.484,0.0353,0.7504,0.0414,0.0843,0.0001,0.509,0.0257,0.0024,0.0136,1,#111417,False,,,,,,,merch/model/brand composition,izvan packshot workflow-a — samo padding/scale politika kartice,nema (ne dira se),
,0,A_OK_NO_CHANGE,NONE,unknown,,,png,carsystem-paint-arrestor-ii,Carsystem PAINT ARRESTOR II,160.136,160.136,/products/carsystem/catalog/carsystem-paint-arrestor-ii.webp,https://www.carsystem.org/fileadmin/_processed_/0/1/csm_160136-148-cs-paint-arrestor-II-rolle_2372e8a4d1.png,https://www.carsystem.org/fileadmin/products/images/160.136/160136-148-cs-paint-arrestor-II-rolle.png,f9ae0a2671f29e026d0cac58437eaed078b8b547bb5996cb05d2f0cd6d6afc01,660,497,WEBP,53044,True,0,False,,,alpha,"60,29,558,446","61,30,555,430",1.0428,1.0054,1.0372,0.7587,0.44,0.0909,0.0636,0.0584,0.0443,0.3234,0.0879,0.5727,0.4849,0.1608,0.0162,0.0,0.0975,0.0008,0.0001,0.1748,0.0195,0.068,1,#000000,True,,,,,,,bez merljivog defekta,ne dirati,—,SOFT_IMAGE
,0,F_SPECIAL_MARKETING_IMAGE,SOURCE_IMAGE_PROBLEM,unknown,,,png,carsystem-paint-overall-blue,Carsystem Paint Overall Blue,139.232,139.232,/products/carsystem/catalog/carsystem-paint-overall-blue.webp,https://www.carsystem.org/fileadmin/_processed_/2/e/csm_138472-473-139232-234-152968-paint-overall-blau_5463d30d28.png,https://www.carsystem.org/fileadmin/products/images/138.472/138472-473-139232-234-152968-paint-overall-blau.png,463aa1f678f9336d7b93712190715f82744519e69d358f9b8ac1a24fa61b8125,660,1298,WEBP,75872,True,0,False,,,alpha,"56,26,563,1255","58,30,559,1249",1.012,1.0072,1.0048,0.8248,0.5941,0.0848,0.0621,0.02,0.0131,0.0032,0.0003,0.1183,0.118,0.0784,0.3827,0.1491,0.0182,0.0,0.8654,0.009,0.0041,0.0167,1,#000000,False,,,,,,,merch/model/brand composition,izvan packshot workflow-a — samo padding/scale politika kartice,nema (ne dira se),LOW_DETAIL|SOFT_IMAGE|MERCH
,0,A_OK_NO_CHANGE,NONE,unknown,,,png,carsystem-paint-planer,Carsystem Paint Planer,142.995,142.995,/products/carsystem/catalog/carsystem-paint-planer.webp,https://www.carsystem.org/fileadmin/_processed_/0/b/csm_142995-996-cs-paint-planer-holder_e2b503a427.png,https://www.carsystem.org/fileadmin/products/images/142.995/142995-996-cs-paint-planer-holder.png,1f4aefd5ab530e73577e000617c87e7843feab0bae882e20e5e11ad0719536e6,660,399,WEBP,33020,True,0,False,,,alpha,"21,15,595,372","22,17,593,369",1.0115,1.0034,1.0081,0.8405,0.4976,0.0318,0.0667,0.0376,0.0301,0.0166,0.0006,0.2455,0.2449,0.2118,0.3307,0.0754,0.0143,0.0026,0.5974,0.0357,0.0058,0.0212,3,#000000,False,,,,,,,bez merljivog defekta,ne dirati,—,
,0,A_OK_NO_CHANGE,NONE,unknown,,,webp,carsystem-paint-strainer,Carsystem Paint Strainer,158.430,158.430,/products/carsystem/catalog/carsystem-paint-strainer.webp,https://www.carsystem.org/fileadmin/_processed_/e/2/csm_158.430-431-cs-farbsieb-mit-verpackung_759e4995c0.webp,https://www.carsystem.org/fileadmin/products/images/158.430/158.430-431-cs-farbsieb-mit-verpackung.webp,247bd8d9becb87b059ef4a1032378f91eefcf829e6edc93c36743efe878fc14c,660,643,WEBP,28654,True,0,False,,,alpha,"22,15,620,610","23,16,618,608",1.0065,1.0032,1.0033,0.8912,0.5656,0.0333,0.0273,0.0233,0.028,0.0811,0.0,0.8982,0.8982,0.0118,0.9213,0.2844,0.3925,0.0002,0.481,0.0844,0.0025,0.0114,1,#000000,True,,,,,,,bez merljivog defekta,ne dirati,—,
,0,A_OK_NO_CHANGE,NONE,unknown,,,png,carsystem-paint-system-cps-2-0,Carsystem Paint System CPS 2.0,159.311,159.311,/products/carsystem/catalog/carsystem-paint-system-cps-2-0.webp,https://www.carsystem.org/fileadmin/_processed_/a/8/csm_159.324-cs-cps-paint-system-2.0-600ml_3885b2d5b0.png,https://www.carsystem.org/fileadmin/products/images/159.311/159.324-cs-cps-paint-system-2.0-600ml.png,d5848f937b51652114a4ad55087bf9908b36fc4ef23a8ed4683499af8544fda1,660,857,WEBP,38788,True,0,False,,,alpha,"109,82,452,685","111,84,449,672",1.0262,1.0067,1.0193,0.5474,0.4122,0.1652,0.15,0.0957,0.105,0.5583,0.0,0.8527,0.8527,0.0078,0.9267,0.0888,0.5391,0.0005,0.1434,0.09,0.0168,0.0321,1,#000000,True,,,,,,,bez merljivog defekta,ne dirati,—,
,0,A_OK_NO_CHANGE,NONE,unknown,,,png,carsystem-paper-trolley-1500,Carsystem Paper Trolley 1500,139.101,139.101,/products/carsystem/catalog/carsystem-paper-trolley-1500.webp,https://www.carsystem.org/fileadmin/_processed_/4/3/csm_139101-cs-papierstaender-variable-1500mm-fahrbar_4cf4491433.png,https://www.carsystem.org/fileadmin/products/images/139.101/139101-cs-papierstaender-variable-1500mm-fahrbar.png,8769406708fa226cce601e7e485b0c17d659d9fc3bb2262c386b5e2986f85540,660,1533,WEBP,47542,True,0,False,,,alpha,"8,8,648,1520","11,10,642,1515",1.0127,1.0093,1.0033,0.9735,0.2245,0.0121,0.0061,0.0052,0.0033,0.0788,0.0029,0.877,0.8741,0.0627,0.4774,0.0023,0.131,0.0325,0.1805,0.0831,0.0071,0.0845,1,#080808,True,,,,,,,bez merljivog defekta,ne dirati,—,
,0,A_OK_NO_CHANGE,NONE,unknown,,,png,carsystem-pg-fg-fine-filter,Carsystem PG - FG Fine Filter,138.680,138.680,/products/carsystem/catalog/carsystem-pg-fg-fine-filter.webp,https://www.carsystem.org/fileadmin/_processed_/b/5/csm_138680-cs-pg-fg-feinfilter-ersatzteil_0c5daaa729.png,https://www.carsystem.org/fileadmin/products/images/138.680/138680-cs-pg-fg-feinfilter-ersatzteil.png,db229125fbb6b877aac37e72b3f6839851680f7efc556886dc4b9261b10565d6,660,323,WEBP,19848,True,0,False,,,alpha,"2,2,656,318","4,4,652,315",1.0157,1.0061,1.0095,0.9786,0.4276,0.003,0.003,0.0062,0.0093,0.5557,0.4179,0.7074,0.2895,0.0157,1.0,0.0,0.5069,0.0001,0.0,0.111,0.004,0.0221,1,#121212,True,,,,,,,bez merljivog defekta,ne dirati,—,SOFT_IMAGE
,0,A_OK_NO_CHANGE,NONE,unknown,,,png,carsystem-plastic-can-empty,Carsystem Plastic Can Empty,144.957,144.957,/products/carsystem/catalog/carsystem-plastic-can-empty.webp,https://www.carsystem.org/fileadmin/_processed_/6/e/csm_144957-958-145784-cs-plastic-can-empty_0cad46a7c6.png,https://www.carsystem.org/fileadmin/products/images/144.957/144957-958-145784-cs-plastic-can-empty.png,9ccde3c449e148cd8859f6391efef000b73dd581abf6c64f852b27ff4bab57c4,660,605,WEBP,26116,True,0,False,,,alpha,"6,13,647,582","7,15,645,579",1.0083,1.0031,1.0052,0.943,0.7764,0.0091,0.0106,0.0215,0.0165,0.0479,0.0126,0.1241,0.1115,0.0353,0.9657,0.0001,0.0028,0.0002,0.2243,0.0219,0.0022,0.0086,1,#010101,False,,,,,,,bez merljivog defekta,ne dirati,—,SOFT_IMAGE
,0,A_OK_NO_CHANGE,NONE,unknown,,,webp,carsystem-plastic-primer,Carsystem Plastic Primer,145.986,145.986,/products/carsystem/catalog/carsystem-plastic-primer.webp,https://www.carsystem.org/fileadmin/_processed_/b/a/csm_145.986-plastic-primer_78d3b3ef6c.webp,https://www.carsystem.org/fileadmin/products/images/145.986/145.986-plastic-primer.webp,8a16d8ed7c145717e28c99da6c929aa2ef084fece8a44cc018d7376103e69f7a,660,1378,WEBP,77468,True,0,False,,,alpha,"108,55,429,1259","127,56,409,1254",1.0531,1.0489,1.004,0.5939,0.5404,0.1636,0.1864,0.0399,0.0464,0.2056,0.0616,0.9052,0.8436,0.5647,0.3613,0.0056,0.5513,0.0161,0.0143,0.1149,0.0068,0.013,1,#000000,True,,,,,,,bez merljivog defekta,ne dirati,—,
,0,A_OK_NO_CHANGE,NONE,unknown,,,png,carsystem-plastic-spreader,Carsystem Plastic spreader,146.961,146.961,/products/carsystem/catalog/carsystem-plastic-spreader.webp,https://www.carsystem.org/fileadmin/_processed_/e/e/csm_146961-plastikspachtel-rot_7e0147a0e0.png,https://www.carsystem.org/fileadmin/products/images/146.961/146961-plastikspachtel-rot.png,1a04cc2aef716054034cfd1189f9ce9a5529e222b0ee0a3b38c9fa5cad71f20d,660,394,WEBP,11238,True,0,False,,,alpha,"6,7,646,381","7,8,643,378",1.0126,1.0047,1.0079,0.9465,0.8221,0.0091,0.0121,0.0178,0.0152,0.1234,0.1095,0.1276,0.0181,0.7765,0.0,0.0,0.4974,0.0,0.0,0.0053,0.0034,0.0098,1,#050505,False,,,,,,,bez merljivog defekta,ne dirati,—,LOW_DETAIL|SOFT_IMAGE
,0,A_OK_NO_CHANGE,NONE,unknown,,,png,carsystem-polish-c-05-cut,Carsystem Polish C-05 cut,156.345,156.345,/products/carsystem/catalog/carsystem-polish-c-05-cut.webp,https://www.carsystem.org/fileadmin/_processed_/6/a/csm_156345-cs-polish-c-05-cut-kg-1_0_92c464921f.png,https://www.carsystem.org/fileadmin/products/images/156.345/156345-cs-polish-c-05-cut-kg-1_0.png,c7a3cc206a09d6a55cd52781ef3ecfd8258a4d09701b1ea26e6866be2f56ace4,660,1792,WEBP,82592,True,0,False,,,alpha,"64,36,528,1715","65,39,525,1711",1.0081,1.0057,1.0023,0.7656,0.6537,0.097,0.103,0.0201,0.0229,0.0021,0.0,0.6601,0.6601,0.0,0.8237,0.4581,0.1054,0.0012,0.7564,0.0476,0.0017,0.0068,1,#000000,False,,,,,,,bez merljivog defekta,ne dirati,—,MOSTLY_BLACK
,0,A_OK_NO_CHANGE,NONE,unknown,,,png,carsystem-polish-c-07-cut,Carsystem Polish C-07 cut,157.445,157.445,/products/carsystem/catalog/carsystem-polish-c-07-cut.webp,https://www.carsystem.org/fileadmin/_processed_/7/3/csm_157445-cs-polish-c-07-cut-kg-1_0_463930e87b.png,https://www.carsystem.org/fileadmin/products/images/157.445/157445-cs-polish-c-07-cut-kg-1_0.png,96d2b93ee47b115189dbf9b1f2092b4bffcf5b44859190c25a356178d53d782d,660,1835,WEBP,107034,True,0,False,,,alpha,"59,29,553,1763","62,31,548,1759",1.0114,1.0091,1.0023,0.805,0.666,0.0894,0.0727,0.0158,0.0234,0.0017,0.0,0.2286,0.2286,0.0157,0.7555,0.4271,0.0116,0.0,0.7299,0.0535,0.0025,0.0102,1,#000000,True,,,,,,,bez merljivog defekta,ne dirati,—,MOSTLY_BLACK
,0,A_OK_NO_CHANGE,NONE,unknown,,,png,carsystem-polish-c-10-strong,Carsystem Polish C-10 strong,151.634,151.634,/products/carsystem/catalog/carsystem-polish-c-10-strong.webp,https://www.carsystem.org/fileadmin/_processed_/1/6/csm_151634-cs-polish-c-10-strong-1-kg_79c45512ec.png,https://www.carsystem.org/fileadmin/products/images/151.634/151634-cs-polish-c-10-strong-1-kg.png,c495376bc8dd1ff2b5f05ff2f7a418200996f2b54148adf0e49fc0c7de3a6f4a,660,1370,WEBP,76128,True,0,False,,,alpha,"141,49,390,1270","144,51,385,1266",1.0162,1.013,1.0032,0.5478,0.4593,0.2136,0.1955,0.0358,0.0372,0.0018,0.0,0.5986,0.5986,0.0118,0.7929,0.4315,0.115,0.0001,0.6859,0.0771,0.0034,0.0133,1,#000000,True,,,,,,,bez merljivog defekta,ne dirati,—,MOSTLY_BLACK
,0,A_OK_NO_CHANGE,NONE,unknown,,,png,carsystem-polish-c-30-finish,Carsystem Polish C-30 finish,151.636,151.636,/products/carsystem/catalog/carsystem-polish-c-30-finish.webp,https://www.carsystem.org/fileadmin/_processed_/2/1/csm_151636-cs-polish-c-30-finish-1kg_0a08030186.png,https://www.carsystem.org/fileadmin/products/images/151.636/151636-cs-polish-c-30-finish-1kg.png,ac71dd1d4469d253c44496459990b0ac1278f875c3fc793dab3027f9d1049c66,660,1286,WEBP,79104,True,0,False,,,alpha,"124,20,392,1235","125,23,389,1228",1.0135,1.0077,1.0057,0.5704,0.4554,0.1879,0.2182,0.0156,0.0241,0.0063,0.0,0.6329,0.6329,0.0118,0.7965,0.2166,0.1663,0.0001,0.6234,0.0896,0.0033,0.0122,1,#000000,True,,,,,,,bez merljivog defekta,ne dirati,—,
,0,A_OK_NO_CHANGE,NONE,unknown,,,png,carsystem-polish-coarse-step-1,Carsystem Polish – Coarse Step 1,156.451,156.451,/products/carsystem/catalog/carsystem-polish-coarse-step-1.webp,https://www.carsystem.org/fileadmin/_processed_/1/2/csm_156451-cs-politur-step-1-grob-kg-5_0_f69a0638a7.png,https://www.carsystem.org/fileadmin/products/images/156.451/156451-cs-politur-step-1-grob-kg-5_0.png,083590d5f6e68b64bac3c80fe2c6680511c51b8ac41faf7948f8c5bb53b7adf9,660,880,WEBP,46524,True,0,False,,,alpha,"77,53,510,794","79,55,506,791",1.0117,1.0079,1.0038,0.6972,0.6138,0.1167,0.1106,0.0602,0.0375,0.474,0.0313,0.9216,0.8903,0.0471,0.5628,0.0164,0.4759,0.0,0.0307,0.0471,0.0024,0.0105,1,#000000,False,,,,,,,bez merljivog defekta,ne dirati,—,
,0,A_OK_NO_CHANGE,NONE,unknown,,,png,carsystem-polish-fine-step-2,Carsystem Polish – Fine Step 2,156.452,156.452,/products/carsystem/catalog/carsystem-polish-fine-step-2.webp,https://www.carsystem.org/fileadmin/_processed_/4/2/csm_156452-cs-politur-step-2-fein-kg-5_0_5df421dd24.png,https://www.carsystem.org/fileadmin/products/images/156.452/156452-cs-politur-step-2-fein-kg-5_0.png,0deba485d9e4b29f1b176db11e225a38669762b37f35fa04c5caf29d3f9d0623,660,1303,WEBP,53638,True,0,False,,,alpha,"43,25,590,1249","45,27,586,1245",1.0101,1.0068,1.0032,0.8569,0.5565,0.0652,0.0409,0.0192,0.0223,0.1683,0.0009,0.4678,0.4669,0.0,0.7753,0.0893,0.0082,0.0,0.1455,0.0481,0.0014,0.0122,1,#000000,False,,,,,,,bez merljivog defekta,ne dirati,—,
,0,A_OK_NO_CHANGE,NONE,unknown,,,png,carsystem-polish-foam-green,Carsystem Polish Foam Green,157.050,157.050,/products/carsystem/catalog/carsystem-polish-foam-green.webp,https://www.carsystem.org/fileadmin/_processed_/1/8/csm_157050-051-polish-foam-green-liegend_2ccd0602b5.png,https://www.carsystem.org/fileadmin/products/images/157.050/157050-051-polish-foam-green-liegend.png,2bd116ac3a7d83ccf21e2f122e2ae0fb94789af726cd10c15052e733113dba05,660,319,WEBP,38528,True,0,False,,,alpha,"14,15,634,289","16,17,630,286",1.0169,1.0063,1.0105,0.8703,0.5797,0.0212,0.0182,0.047,0.047,0.0559,0.0022,0.3206,0.3184,0.1765,0.1404,0.0306,0.0001,0.0,0.4197,0.0213,0.0033,0.0145,1,#000000,False,,,,,,,bez merljivog defekta,ne dirati,—,SOFT_IMAGE
,0,A_OK_NO_CHANGE,NONE,unknown,,,png,carsystem-polish-foam-white-sc,Carsystem Polish Foam White SC,157.054,157.054,/products/carsystem/catalog/carsystem-polish-foam-white-sc.webp,https://www.carsystem.org/fileadmin/_processed_/e/3/csm_157.054-055-finish-foam-white-ah-liegend_f9d75fc777.png,https://www.carsystem.org/fileadmin/products/images/157.054/157.054-055-finish-foam-white-ah-liegend.png,25d740be2095f97ac51457ea7333cb73419e3febdb5084df7f171d37bf30f057,660,331,WEBP,25380,True,0,False,,,alpha,"13,18,636,289","14,19,633,287",1.0117,1.0047,1.007,0.8414,0.5567,0.0197,0.0167,0.0544,0.0725,0.1711,0.0373,0.3573,0.3199,0.0784,0.3387,0.0014,0.0,0.0,0.0334,0.0179,0.0034,0.0146,1,#000000,False,,,,,,,bez merljivog defekta,ne dirati,—,LOW_DETAIL|SOFT_IMAGE
,0,A_OK_NO_CHANGE,NONE,unknown,,,png,carsystem-polish-foam-yellow,Carsystem Polish Foam Yellow,157.056,157.056,/products/carsystem/catalog/carsystem-polish-foam-yellow.webp,https://www.carsystem.org/fileadmin/_processed_/b/0/csm_157056-057-polish-foam-yellow-liegend_ca41656dac.png,https://www.carsystem.org/fileadmin/products/images/157.056/157056-057-polish-foam-yellow-liegend.png,a3f54df321ec3e00bb3ef8607f03acc3280a7298568a4667584be3e2558b43f9,660,317,WEBP,27054,True,0,False,,,alpha,"15,13,625,277","16,15,623,274",1.0142,1.0032,1.0109,0.8275,0.5641,0.0227,0.0303,0.041,0.0852,0.1617,0.0425,0.3144,0.272,0.3569,0.1128,0.0017,0.0,0.0,0.0304,0.0119,0.0036,0.0147,1,#000000,False,,,,,,,bez merljivog defekta,ne dirati,—,LOW_DETAIL|SOFT_IMAGE
,0,A_OK_NO_CHANGE,NONE,unknown,,,png,carsystem-polish-waffle-foam-yellow,Carsystem Polish Waffle Foam Yellow,157.058,157.058,/products/carsystem/catalog/carsystem-polish-waffle-foam-yellow.webp,https://www.carsystem.org/fileadmin/_processed_/4/1/csm_157058-059-polish-waffle-foam-yellow-liegend_966e037573.png,https://www.carsystem.org/fileadmin/products/images/157.058/157058-059-polish-waffle-foam-yellow-liegend.png,860a57d11d7cca8c4c79d34edf03a63cfbb35323f0879b95fdd2b12fd6d9b330,660,295,WEBP,27202,True,0,False,,,alpha,"13,23,633,249","14,24,631,247",1.0113,1.0032,1.0081,0.8095,0.5528,0.0197,0.0212,0.078,0.078,0.1971,0.0241,0.2704,0.2463,0.4275,0.3061,0.0078,0.0,0.0,0.0452,0.0161,0.0044,0.0175,1,#000000,False,,,,,,,bez merljivog defekta,ne dirati,—,LOW_DETAIL|SOFT_IMAGE
,0,A_OK_NO_CHANGE,NONE,unknown,,,png,carsystem-polishing-back-pad,Carsystem Polishing Back Pad,144.916,144.916,/products/carsystem/catalog/carsystem-polishing-back-pad.webp,https://www.carsystem.org/fileadmin/_processed_/6/5/csm_144916-cs-polishing-back-pad-77mm_c06a9932b6.png,https://www.carsystem.org/fileadmin/products/images/144.916/144916-cs-polishing-back-pad-77mm.png,21fd7d747582e1f7f235e1c6b139d1dbe44578571b32539dce88556be3d04847,660,660,WEBP,38862,True,0,False,,,alpha,"11,10,640,641","12,11,638,638",1.0079,1.0031,1.0047,0.9418,0.7411,0.0167,0.0136,0.0152,0.0136,0.2354,0.0714,0.9911,0.9197,0.6196,0.2399,0.0,0.2739,0.0591,0.0227,0.0245,0.0018,0.0071,1,#000000,False,,,,,,,bez merljivog defekta,ne dirati,—,SOFT_IMAGE
,0,A_OK_NO_CHANGE,NONE,unknown,,,png,carsystem-polishing-machine-rc-166,Carsystem Polishing Machine RC 166,143.723,143.723,/products/carsystem/catalog/carsystem-polishing-machine-rc-166.webp,https://www.carsystem.org/fileadmin/_processed_/5/0/csm_143723-cs-mini-polishing-machine-rc-166_c31a045f0f.png,https://www.carsystem.org/fileadmin/products/images/143.723/143723-cs-mini-polishing-machine-rc-166.png,32e95ab2b851978bd0ba610680b082d552f6e7a7c891f6be669998e0cab0fefc,660,531,WEBP,22276,True,0,False,,,alpha,"21,24,615,493","22,26,612,490",1.0111,1.0049,1.0061,0.8651,0.3699,0.0318,0.0364,0.0452,0.0264,0.0502,0.0006,0.2715,0.2709,0.0235,0.8363,0.2775,0.0253,0.0102,0.3852,0.0423,0.0019,0.0198,1,#000000,False,,,,,,,bez merljivog defekta,ne dirati,—,
,0,A_OK_NO_CHANGE,NONE,unknown,,,png,carsystem-polishing-pad-x1500,Carsystem Polishing Pad X1500,160.447,160.447,/products/carsystem/catalog/carsystem-polishing-pad-x1500.webp,https://www.carsystem.org/fileadmin/_processed_/8/2/csm_160447-450-x1500-gruppe_b97c0a6660.png,https://www.carsystem.org/fileadmin/products/images/160.447/160447-450-x1500-gruppe.png,7ea05ba68b8ad779572beff42c0cf1e9034a3d06423e58715142dfd62af50319,660,302,WEBP,20182,True,0,False,,,alpha,"75,23,511,263","78,24,507,260",1.0195,1.0079,1.0115,0.6743,0.497,0.1136,0.1121,0.0762,0.053,0.554,0.0948,0.8475,0.7528,0.0627,0.4687,0.0,0.7753,0.0206,0.0012,0.0334,0.004,0.0242,1,#000000,False,,,,,,,bez merljivog defekta,ne dirati,—,
,0,A_OK_NO_CHANGE,NONE,unknown,,,png,carsystem-power-pu-bond,Carsystem Power PU Bond,159.952,159.952,/products/carsystem/catalog/carsystem-power-pu-bond.webp,https://www.carsystem.org/fileadmin/_processed_/9/a/csm_159952-cs-power-pu-bond-transparent-50-ml_b37f580f9a.png,https://www.carsystem.org/fileadmin/products/images/159.952/159952-cs-power-pu-bond-transparent-50-ml.png,809afc62f55a35da2276a3e9b75b854ae1e5d46a2fb9a40c792981a7117c3017,660,717,WEBP,51604,True,0,False,,,alpha,"114,126,477,491","115,128,475,488",1.0104,1.0042,1.0061,0.4949,0.344,0.1727,0.1045,0.1757,0.1395,0.2772,0.0816,0.5549,0.4733,0.0706,0.4526,0.0,0.28,0.0,0.0058,0.1601,0.0051,0.0239,2,#000000,True,,,,,,,bez merljivog defekta,ne dirati,—,
,0,A_OK_NO_CHANGE,NONE,unknown,,,png,carsystem-power-pu-bond-film,Carsystem Power PU Bond Film,159.958,159.958,/products/carsystem/catalog/carsystem-power-pu-bond-film.webp,https://www.carsystem.org/fileadmin/_processed_/c/6/csm_159958-cs-power-mix-film-2-0_a0bb88b5e3.png,https://www.carsystem.org/fileadmin/products/images/159.958/159958-cs-power-mix-film-2-0.png,16aa228282a94a826fb9ca710abb63a99b3bcead957c991c5733e92913b2658d,660,376,WEBP,54290,True,0,False,,,alpha,"7,6,645,361","11,7,639,359",1.015,1.0094,1.0056,0.9383,0.4738,0.0106,0.0121,0.016,0.0239,0.0188,0.0049,0.3092,0.3043,0.3098,0.0052,0.0,0.0511,0.0004,0.5264,0.2387,0.0024,0.0155,1,#030303,True,,,,,,,bez merljivog defekta,ne dirati,—,
,0,A_OK_NO_CHANGE,NONE,unknown,,,png,carsystem-power-pu-bond-gun,Carsystem Power PU Bond Gun,140.927,140.927,/products/carsystem/catalog/carsystem-power-pu-bond-gun.webp,https://www.carsystem.org/fileadmin/_processed_/1/0/csm_140927cs-power-pu-bond-gun_efc81f2110.png,https://www.carsystem.org/fileadmin/products/images/140.927/140927cs-power-pu-bond-gun.png,8656fea9671bb927c69105091c395a5d33583d0160818e345e1014683d70088e,660,385,WEBP,19966,True,0,False,,,alpha,"9,17,642,361","11,18,639,359",1.0103,1.0047,1.0056,0.9121,0.2091,0.0136,0.0136,0.0442,0.0182,0.0052,0.0006,0.0673,0.0667,0.0118,0.6556,0.1741,0.0007,0.0001,0.5891,0.0509,0.0021,0.0553,1,#000000,True,,,,,,,bez merljivog defekta,ne dirati,—,
,0,A_OK_NO_CHANGE,NONE,unknown,,,webp,carsystem-power-pu-bond-mixer,Carsystem Power PU Bond Mixer,159.956,159.956,/products/carsystem/catalog/carsystem-power-pu-bond-mixer.webp,https://www.carsystem.org/fileadmin/_processed_/a/9/csm_159956_cs-power-pu_bond_mixer_25_50ml_12stueck_einzeln_c092c31c0c.webp,https://www.carsystem.org/fileadmin/products/images/159.956/159956_cs-power-pu_bond_mixer_25_50ml_12stueck_einzeln.webp,3b3c02474f8bbf0704cc71e843ba842e74fed7fc8bb893dcf2704ed862f2aadb,660,1621,WEBP,23466,True,0,False,,,alpha,"187,121,297,1397","189,123,294,1394",1.0124,1.0102,1.0022,0.3878,0.18,0.2833,0.2667,0.0746,0.0635,0.3879,0.0561,0.807,0.7509,0.2745,0.428,0.0,0.4811,0.002,0.0003,0.0307,0.0036,0.022,1,#000000,False,,,,,,,bez merljivog defekta,ne dirati,—,SOFT_IMAGE
,0,A_OK_NO_CHANGE,NONE,unknown,,,webp,carsystem-prefill-spray,Carsystem Prefill-Spray,125.686,125.686,/products/carsystem/catalog/carsystem-prefill-spray.webp,https://www.carsystem.org/fileadmin/_processed_/7/c/csm_125686-prefill-spray-275ml_a2b35bd8ae.webp,https://www.carsystem.org/fileadmin/products/images/125.686/125686-prefill-spray-275ml.webp,47e1c475ff2963a3e1b840b64bebc8209e871bda47b7e15a4b76ba45c9defdd1,660,1378,WEBP,73928,True,0,False,,,alpha,"108,55,429,1259","127,56,409,1254",1.0531,1.0489,1.004,0.5939,0.5405,0.1636,0.1864,0.0399,0.0464,0.2253,0.0675,0.956,0.8885,0.549,0.3888,0.006,0.5965,0.0384,0.0157,0.1102,0.0068,0.0128,1,#000000,True,,,,,,,bez merljivog defekta,ne dirati,—,
,0,A_OK_NO_CHANGE,NONE,unknown,,,webp,carsystem-prefill-spray-water,Carsystem Prefill-Spray Water,140.608,140.608,/products/carsystem/catalog/carsystem-prefill-spray-water.webp,https://www.carsystem.org/fileadmin/_processed_/5/2/csm_140.608-prefill-water-spary_8db1220f87.webp,https://www.carsystem.org/fileadmin/products/images/140.608/140.608-prefill-water-spary.webp,cd482d746ad987848e3adc12e89f9bde813cf9895c04f5aa672672bfde459c7a,660,1378,WEBP,69904,True,0,False,,,alpha,"108,55,429,1259","127,56,409,1254",1.0531,1.0489,1.004,0.5939,0.5405,0.1636,0.1864,0.0399,0.0464,0.2227,0.0682,0.956,0.8878,0.5647,0.386,0.0059,0.5992,0.0385,0.0156,0.1029,0.0068,0.0128,1,#000000,True,,,,,,,bez merljivog defekta,ne dirati,—,
,0,A_OK_NO_CHANGE,NONE,unknown,,,png,carsystem-prep-brush,Carsystem Prep-Brush,159.696,159.696,/products/carsystem/catalog/carsystem-prep-brush.webp,https://www.carsystem.org/fileadmin/_processed_/4/c/csm_159.696-cs-prep-brush-5-cm.png_8e03823813.png,https://www.carsystem.org/fileadmin/products/images/159.696/159.696-cs-prep-brush-5-cm.png.png,07d227d9456571b2dca2654b2e4411bd1cbe483f473216e7340efd2e3842bd34,660,354,WEBP,15846,True,0,False,,,alpha,"27,12,628,334","29,13,625,331",1.0139,1.0048,1.0091,0.8978,0.2628,0.0409,0.0076,0.0339,0.0226,0.0658,0.0,0.123,0.123,0.5882,0.3105,0.3009,0.0497,0.0,0.3202,0.0035,0.0015,0.0311,1,#000000,False,,,,,,,bez merljivog defekta,ne dirati,—,MOSTLY_BLACK|LOW_DETAIL|SOFT_IMAGE
,0,A_OK_NO_CHANGE,NONE,unknown,,,png,carsystem-prep-hand-ii,Carsystem Prep Hand II,150.719,150.719,/products/carsystem/catalog/carsystem-prep-hand-ii.webp,https://www.carsystem.org/fileadmin/_processed_/0/b/csm_150719-720-721-prep-hand-II-1_b22ab07e5a.png,https://www.carsystem.org/fileadmin/products/images/150.719/150719-720-721-prep-hand-II-1.png,d34821ca33adea6680a4be5d0df49259d82a9d3bdb0b4c26ee20deab3c01f29a,660,727,WEBP,103374,True,255,False,,,alpha,"0,11,607,716","0,12,606,715",1.0031,1.0017,1.0014,0.9058,0.5339,0.0,0.0803,0.0151,0.0,0.3053,0.0147,0.8987,0.884,0.1294,0.4244,0.0007,0.3822,0.0025,0.0715,0.3617,0.0019,0.0108,1,#150804,True,,,,,,,bez merljivog defekta,ne dirati,—,
,0,A_OK_NO_CHANGE,NONE,unknown,,,png,carsystem-prep-hand-iii,Carsystem Prep Hand III,145.132,145.132,/products/carsystem/catalog/carsystem-prep-hand-iii.webp,https://www.carsystem.org/fileadmin/_processed_/9/c/csm_145132-133-prep-hand-III_9d970d6288.png,https://www.carsystem.org/fileadmin/products/images/145.132/145132-133-prep-hand-III.png,9fd58a32e1785a6fabf2c7e2581e2eedc80f18b2075661c17c51a1fb788b38b0,660,727,WEBP,58682,True,255,False,,,alpha,"0,7,620,720","0,9,619,718",1.0044,1.0016,1.0028,0.9303,0.5478,0.0,0.0606,0.0096,0.0,0.0012,0.0,0.4921,0.4921,0.0078,0.749,0.4854,0.1786,0.0,0.6997,0.0343,0.0021,0.0118,1,#2a1b10,False,,,,,,,bez merljivog defekta,ne dirati,—,
,0,A_OK_NO_CHANGE,NONE,unknown,,,png,carsystem-prep-scuff,Carsystem Prep & Scuff,137.547,137.547,/products/carsystem/catalog/carsystem-prep-scuff.webp,https://www.carsystem.org/fileadmin/_processed_/8/2/csm_137547-prep-scuff-mattierungsgel_0a91261f52.png,https://www.carsystem.org/fileadmin/products/images/137.547/137547-prep-scuff-mattierungsgel.png,2c22f404f7bb9c71a8e00bfc20e3845aba510b5eb2d4860b2c221ce284c68750,660,1275,WEBP,88142,True,0,False,,,alpha,"121,32,410,1211","122,33,407,1209",1.009,1.0074,1.0017,0.59,0.4626,0.1833,0.1955,0.0251,0.0251,0.2639,0.0249,0.5494,0.5244,0.2,0.2613,0.0004,0.0937,0.0,0.0351,0.1102,0.0027,0.0111,1,#000000,True,,,,,,,bez merljivog defekta,ne dirati,—,
,0,A_OK_NO_CHANGE,NONE,unknown,,,webp,carsystem-primer-spray,Carsystem Primer Spray,125.949,125.949,/products/carsystem/catalog/carsystem-primer-spray.webp,https://www.carsystem.org/fileadmin/_processed_/f/4/csm_125.949-132.907-primer-spray_550892f497.webp,https://www.carsystem.org/fileadmin/products/images/125.949/125.949-132.907-primer-spray.webp,29a9167dc7311843f204919129f110a5bf4e57a9719d30d07c694f31b9ebafd8,660,825,WEBP,69202,True,0,False,,,alpha,"62,44,527,731","74,46,513,726",1.0344,1.0273,1.0069,0.7075,0.6081,0.0939,0.1076,0.0533,0.0606,0.2307,0.0695,0.9125,0.843,0.5137,0.3787,0.0042,0.5078,0.0229,0.0106,0.1647,0.0071,0.0183,2,#000000,True,,,,,,,bez merljivog defekta,ne dirati,—,
,0,A_OK_NO_CHANGE,NONE,unknown,,,webp,carsystem-primer-surfacing-spray,Carsystem Primer Surfacing Spray,126.024,126.024,/products/carsystem/catalog/carsystem-primer-surfacing-spray.webp,https://www.carsystem.org/fileadmin/_processed_/d/5/csm_126.024-lackiergrund-spray_0a61179f34.webp,https://www.carsystem.org/fileadmin/products/images/126.024/126.024-lackiergrund-spray.webp,0a6549fb2b3bc46a25c1400ad71721f50551c003905020fd294652ea31f1821f,660,1378,WEBP,81812,True,0,False,,,alpha,"108,55,429,1259","127,56,409,1254",1.0531,1.0489,1.004,0.5939,0.5405,0.1636,0.1864,0.0399,0.0464,0.2352,0.0682,0.7835,0.7154,0.5373,0.3978,0.0055,0.4265,0.0177,0.0149,0.1253,0.0068,0.0127,1,#000000,True,,,,,,,bez merljivog defekta,ne dirati,—,
,0,A_OK_NO_CHANGE,NONE,unknown,,,png,carsystem-proflex-back-pad-psa,Carsystem ProFlex Back Pad PSA,155.153,155.153,/products/carsystem/catalog/carsystem-proflex-back-pad-psa.webp,https://www.carsystem.org/fileadmin/_processed_/b/2/csm_155153-cs-proflex-back-pad-30mm-psa-pack-2st_7bcfaa2379.png,https://www.carsystem.org/fileadmin/products/images/155.153/155153-cs-proflex-back-pad-30mm-psa-pack-2st.png,11eaa1a6f932d62a10cae4f9aee32e59d6ddc093c4a869c422a7d49674da7f43,660,315,WEBP,13630,True,0,False,,,alpha,"25,10,612,275","26,13,609,270",1.0235,1.0049,1.0185,0.8095,0.561,0.0379,0.0348,0.0317,0.0952,0.0056,0.0015,0.0232,0.0216,0.0,1.0,0.0678,0.0001,0.0,0.91,0.0056,0.0042,0.0235,2,#010101,False,,,,,,,bez merljivog defekta,ne dirati,—,LOW_DETAIL|SOFT_IMAGE
,0,A_OK_NO_CHANGE,NONE,unknown,,,webp,carsystem-proflex-callisto-150-mm,Carsystem ProFlex Callisto – 150 mm,158.797,158.797,/products/carsystem/catalog/carsystem-proflex-callisto-150-mm.webp,https://www.carsystem.org/fileadmin/_processed_/e/3/csm_158797-159301-proflex-callisto-150mm_29fd8b2121.webp,https://www.carsystem.org/fileadmin/products/images/158.797/158797-159301-proflex-callisto-150mm.webp,551ad3cdec49f3f2eb8ad235fec5a398d4f106a0f61a5e3912845454aff958e5,660,504,WEBP,57020,True,0,False,,,alpha,"35,42,586,427","37,43,583,424",1.0123,1.0051,1.0071,0.7522,0.6125,0.053,0.0591,0.0833,0.0694,0.4267,0.3352,0.5684,0.2332,0.0392,0.6592,0.0,0.0586,0.0,0.0,0.3624,0.0025,0.0089,1,#000000,True,,,,,,,bez merljivog defekta,ne dirati,—,
,0,A_OK_NO_CHANGE,NONE,unknown,,,webp,carsystem-proflex-callisto-33-mm,Carsystem ProFlex Callisto – 33 mm,158.793,158.793,/products/carsystem/catalog/carsystem-proflex-callisto-33-mm.webp,https://www.carsystem.org/fileadmin/_processed_/8/e/csm_158793-159299-proflex-callisto-33mm_5479765178.webp,https://www.carsystem.org/fileadmin/products/images/158.793/158793-159299-proflex-callisto-33mm.webp,aab55a1ce93af4e2068920e80d89d27b66247744b703dc5265f4ad1137cbb2e0,660,660,WEBP,51752,True,0,False,,,alpha,"53,126,563,427","54,127,560,424",1.0125,1.0054,1.0071,0.5519,0.4265,0.0803,0.0667,0.1909,0.1621,0.416,0.2075,0.4895,0.282,0.0549,0.6131,0.0,0.002,0.0,0.0,0.3097,0.0025,0.0095,1,#000000,True,,,,,,,bez merljivog defekta,ne dirati,—,
,0,A_OK_NO_CHANGE,NONE,unknown,,,webp,carsystem-proflex-callisto-77-mm,Carsystem ProFlex Callisto – 77 mm,158.795,158.795,/products/carsystem/catalog/carsystem-proflex-callisto-77-mm.webp,https://www.carsystem.org/fileadmin/_processed_/2/e/csm_158795-159300-proflex-callisto-77mm_4c9aa67050.webp,https://www.carsystem.org/fileadmin/products/images/158.795/158795-159300-proflex-callisto-77mm.webp,22bfd520b08f506abf7fc7563c210b10b32923fe25fa9568fddcdf8f18c6730b,660,554,WEBP,64756,True,0,False,,,alpha,"39,57,580,419","41,59,576,416",1.0142,1.0069,1.0072,0.6646,0.5523,0.0591,0.0621,0.1029,0.1408,0.4154,0.2161,0.485,0.2689,0.0471,0.6687,0.0,0.0018,0.0,0.0,0.4359,0.0025,0.0089,1,#000000,True,,,,,,,bez merljivog defekta,ne dirati,—,
,0,A_OK_NO_CHANGE,NONE,unknown,,,png,carsystem-proflex-hydra-152-mm,Carsystem ProFlex Hydra – Ø 152 mm,159.463,159.463,/products/carsystem/catalog/carsystem-proflex-hydra-152-mm.webp,https://www.carsystem.org/fileadmin/_processed_/9/d/csm_159463-464-cs-proflex-hydra-152-mm_de23b70680.png,https://www.carsystem.org/fileadmin/products/images/159.463/159463-464-cs-proflex-hydra-152-mm.png,ac1d613564a18cbc28107cff5775f4bd6452231cad1b22fa13e8d51bff29b3a7,660,660,WEBP,126402,True,0,False,,,alpha,"56,65,552,561","58,67,548,558",1.0127,1.0073,1.0054,0.7109,0.5579,0.0848,0.0788,0.0985,0.0515,0.0708,0.0136,0.1479,0.1343,0.1922,0.0047,0.0002,0.0,0.0,0.0956,0.166,0.0023,0.009,1,#000000,True,,,,,,,bez merljivog defekta,ne dirati,—,
,0,A_OK_NO_CHANGE,NONE,unknown,,,png,carsystem-proflex-hydra-75-mm,Carsystem ProFlex Hydra – Ø 75 mm,159.461,159.461,/products/carsystem/catalog/carsystem-proflex-hydra-75-mm.webp,https://www.carsystem.org/fileadmin/_processed_/6/a/csm_159461-462-cs-proflex-hydra-75-mm_e096a42ea8.png,https://www.carsystem.org/fileadmin/products/images/159.461/159461-462-cs-proflex-hydra-75-mm.png,8979e18611962186139c598a5b2f8f9f69298dd054401d24954c620d74f2bd6f,660,660,WEBP,95602,True,0,False,,,alpha,"86,95,485,485","87,97,482,482",1.0125,1.0062,1.0062,0.54,0.4246,0.1303,0.1348,0.1439,0.1212,0.0591,0.0158,0.1418,0.1261,0.1765,0.0014,0.0,0.0003,0.0,0.0867,0.113,0.0028,0.0108,1,#000000,True,,,,,,,bez merljivog defekta,ne dirati,—,
,0,A_OK_NO_CHANGE,NONE,unknown,,,png,carsystem-proflex-interface-pad-150-mm-15-holes,Carsystem ProFlex Interface Pad – 150 mm - 15 holes,154.295,154.295,/products/carsystem/catalog/carsystem-proflex-interface-pad-150-mm-15-holes.webp,https://www.carsystem.org/fileadmin/_processed_/9/1/csm_154295-proflex-interface-pad-150mm-15l-gruppe_485f3f1b3f.png,https://www.carsystem.org/fileadmin/products/images/154.193/154295-proflex-interface-pad-150mm-15l-gruppe.png,c102aed9e88a4ef7c487addd28c1225c53ec2cd876d821501a9d545141a8eea3,660,421,WEBP,62250,True,0,False,,,alpha,"16,22,631,379","17,24,629,376",1.0112,1.0032,1.008,0.8607,0.6528,0.0242,0.0197,0.0523,0.0475,0.027,0.0021,0.2305,0.2284,0.0431,0.7084,0.041,0.0001,0.0,0.2562,0.0124,0.0049,0.0232,1,#000000,False,,,,,,,bez merljivog defekta,ne dirati,—,LOW_DETAIL|SOFT_IMAGE
,0,A_OK_NO_CHANGE,NONE,unknown,,,png,carsystem-proflex-interface-pad-30-mm,Carsystem ProFlex Interface Pad – 30 mm,157.137,157.137,/products/carsystem/catalog/carsystem-proflex-interface-pad-30-mm.webp,https://www.carsystem.org/fileadmin/_processed_/f/8/csm_157137-cs-proflex-ifp-hard-zkck-30mm-pack-5st_642913d86d.png,https://www.carsystem.org/fileadmin/products/images/157.137/157137-cs-proflex-ifp-hard-zkck-30mm-pack-5st.png,a167e4e55790424db1487c6b6f67b3a05b6522a85f7b6fc35afc5efece354c96,660,845,WEBP,101364,True,0,False,,,alpha,"66,42,532,750","68,43,529,748",1.0084,1.0057,1.0027,0.7154,0.5937,0.1,0.0939,0.0497,0.0627,0.107,0.0003,0.2582,0.2579,0.0,1.0,0.1682,0.001,0.0,0.3298,0.0677,0.0032,0.0097,1,#000000,True,,,,,,,bez merljivog defekta,ne dirati,—,
,0,A_OK_NO_CHANGE,NONE,unknown,,,png,carsystem-proflex-interface-pad-75-mm,Carsystem ProFlex Interface Pad – 75 mm,154.296,154.296,/products/carsystem/catalog/carsystem-proflex-interface-pad-75-mm.webp,https://www.carsystem.org/fileadmin/_processed_/4/b/csm_154296-154194-155098-cs-proflex-interface-pad-75mm-gruppe_20e3dc9043.png,https://www.carsystem.org/fileadmin/products/images/154.194/154296-154194-155098-cs-proflex-interface-pad-75mm-gruppe.png,d343748e7c431c32a90fd3b4b8ef766367b81e94c0249c2e91ae698c62a304f5,660,660,WEBP,56344,True,0,False,,,alpha,"0,167,660,335","1,168,657,332",1.0136,1.0046,1.009,0.5076,0.3937,0.0,0.0,0.253,0.2394,0.0731,0.0251,0.2291,0.204,0.0706,0.2252,0.018,0.0002,0.0,0.0372,0.0156,0.0034,0.0124,1,#070606,False,,,,,,,bez merljivog defekta,ne dirati,—,LOW_DETAIL|SOFT_IMAGE
,0,A_OK_NO_CHANGE,NONE,unknown,,,png,carsystem-proflex-interface-pad-finish-150-mm-15-holes,Carsystem ProFlex Interface Pad Finish – 150 mm - 15 holes,159.078,159.078,/products/carsystem/catalog/carsystem-proflex-interface-pad-finish-150-mm-15-holes.webp,https://www.carsystem.org/fileadmin/_processed_/d/4/csm_159.078-cs-proflex-interface-pad-finish-150mm_7ad1816f31.png,https://www.carsystem.org/fileadmin/products/images/159.078/159.078-cs-proflex-interface-pad-finish-150mm.png,7e46669975c4e8a6faa3e2f58ac1a09d43a08e0f084c4e459cb2469508bee717,660,660,WEBP,67558,True,0,False,,,alpha,"81,56,491,521","82,57,489,518",1.0099,1.0041,1.0058,0.5873,0.4441,0.1227,0.1333,0.0848,0.1258,0.3145,0.2255,0.4437,0.2182,0.2039,0.0025,0.0,0.0301,0.0,0.0,0.1003,0.0035,0.0162,1,#000000,True,,,,,,,bez merljivog defekta,ne dirati,—,SOFT_IMAGE
,0,A_OK_NO_CHANGE,NONE,unknown,,,png,carsystem-proflex-interface-pad-finish-75-mm,Carsystem ProFlex Interface Pad Finish – 75 mm,159.079,159.079,/products/carsystem/catalog/carsystem-proflex-interface-pad-finish-75-mm.webp,https://www.carsystem.org/fileadmin/_processed_/b/d/csm_159.079-cs-proflex-interface-pad-finish-77-mm_e002fa7d20.png,https://www.carsystem.org/fileadmin/products/images/159.079/159.079-cs-proflex-interface-pad-finish-77-mm.png,a998e1f91abda40c36e80ff8e99ea51424bd486a70189364c979edc8b250e4f5,660,660,WEBP,64430,True,0,False,,,alpha,"108,90,451,476","109,91,448,473",1.0131,1.0067,1.0063,0.4928,0.3837,0.1636,0.153,0.1364,0.1424,0.4499,0.2751,0.6079,0.3328,0.2824,0.0,0.0,0.2702,0.0,0.0,0.4058,0.0024,0.0094,1,#000000,True,,,,,,,bez merljivog defekta,ne dirati,—,
,0,A_OK_NO_CHANGE,NONE,confirmed,-36.5,2.26,png,carsystem-proflex-jupiter-152-mm,Carsystem ProFlex Jupiter – 152 mm,154.660,154.660,/products/carsystem/catalog/carsystem-proflex-jupiter-152-mm.webp,https://www.carsystem.org/fileadmin/_processed_/6/6/csm_154660-cs-proflex-jupiter-152mm-ungelocht-p1500_621b2708b9.png,https://www.carsystem.org/fileadmin/products/images/154.660/154660-cs-proflex-jupiter-152mm-ungelocht-p1500.png,33a34e70db756b45acf33284918873691abd1c029f4ee6a1436eff0b02dbeaa3,660,673,WEBP,89776,True,0,False,,,alpha,"19,27,620,619","21,29,616,616",1.0114,1.0065,1.0049,0.864,0.678,0.0288,0.0318,0.0401,0.0401,0.1677,0.1231,0.2339,0.1108,0.051,0.9586,0.0,0.0,0.0,0.0,0.0299,0.0019,0.0076,1,#000000,False,,,,,,,bez merljivog defekta,ne dirati,—,SOFT_IMAGE
,0,A_OK_NO_CHANGE,NONE,unknown,,,png,carsystem-proflex-jupiter-152-mm-15-holes,Carsystem ProFlex Jupiter – 152 mm - 15 holes,154.449,154.449,/products/carsystem/catalog/carsystem-proflex-jupiter-152-mm-15-holes.webp,https://www.carsystem.org/fileadmin/_processed_/4/e/csm_153470-cs-proflex-jupiter-152mm-15l-p2500_83230a3c7e.png,https://www.carsystem.org/fileadmin/products/images/153.469/153470-cs-proflex-jupiter-152mm-15l-p2500.png,4b585d2199b16189a553ca3895f56f3ba9bb8a7814eccb775df916ddaaa7623f,660,661,WEBP,104208,True,0,False,,,alpha,"4,4,648,649","5,6,646,646",1.0078,1.0031,1.0046,0.964,0.6958,0.0061,0.0121,0.0061,0.0121,0.2089,0.1382,0.2732,0.135,0.3216,0.0,0.0,0.0012,0.0,0.0,0.0156,0.0035,0.0163,1,#0d0d0d,False,,,,,,,bez merljivog defekta,ne dirati,—,LOW_DETAIL|SOFT_IMAGE
,0,A_OK_NO_CHANGE,NONE,unknown,,,png,carsystem-proflex-jupiter-75-mm,Carsystem ProFlex Jupiter – 75 mm,154.444,154.444,/products/carsystem/catalog/carsystem-proflex-jupiter-75-mm.webp,https://www.carsystem.org/fileadmin/_processed_/e/b/csm_153467-cs-proflex-jupiter-75mm-ungelocht-p2500_cc8cfb6523.png,https://www.carsystem.org/fileadmin/products/images/153.466/153467-cs-proflex-jupiter-75mm-ungelocht-p2500.png,1f1c464f97108f5e7551cf15247398d238a21461636b597ff2c4d9ed4d06219f,660,660,WEBP,33336,True,0,False,,,alpha,"112,111,435,435","113,112,433,433",1.0093,1.0046,1.0046,0.4344,0.3417,0.1697,0.1712,0.1682,0.1727,0.2842,0.2356,0.3348,0.0991,0.2824,0.0,0.0,0.0,0.0,0.0,0.0023,0.0026,0.0103,1,#000000,False,,,,,,,bez merljivog defekta,ne dirati,—,LOW_DETAIL|LOW_CONTRAST|SOFT_IMAGE
,0,A_OK_NO_CHANGE,NONE,unknown,,,png,carsystem-proflex-jupiter-soft-152-mm,Carsystem ProFlex Jupiter Soft – 152 mm,156.509,156.509,/products/carsystem/catalog/carsystem-proflex-jupiter-soft-152-mm.webp,https://www.carsystem.org/fileadmin/_processed_/3/9/csm_156509-cs-proflex-jupiter-soft-152mm-p600_b1d3e3824c.png,https://www.carsystem.org/fileadmin/products/images/156.509/156509-cs-proflex-jupiter-soft-152mm-p600.png,1b05917e8db6db908b6d2aca73b60238e42c49d719d777f4bd260aaac6f30968,660,649,WEBP,68292,True,0,False,,,alpha,"18,11,622,622","20,12,618,619",1.0114,1.0065,1.0048,0.9032,0.6324,0.0273,0.0303,0.0169,0.0247,0.311,0.2437,0.3551,0.1114,0.2235,0.0,0.0,0.0,0.0,0.0,0.0029,0.0081,0.0467,1,#000000,False,,,,,,,bez merljivog defekta,ne dirati,—,LOW_DETAIL|SOFT_IMAGE
,0,A_OK_NO_CHANGE,NONE,unknown,,,png,carsystem-proflex-jupiter-soft-75-mm,Carsystem ProFlex Jupiter Soft – 75 mm,156.522,156.522,/products/carsystem/catalog/carsystem-proflex-jupiter-soft-75-mm.webp,https://www.carsystem.org/fileadmin/_processed_/4/7/csm_156523-cs-proflex-jupiter-soft-77mm-p2000_a075b7f573.png,https://www.carsystem.org/fileadmin/products/images/156.522/156523-cs-proflex-jupiter-soft-77mm-p2000.png,874c4e9924f7f617038298f9db6c9cac93bdce61ffe55001da44ea04dcb1804f,660,660,WEBP,43932,True,0,False,,,alpha,"135,132,392,391","136,133,390,389",1.0103,1.0051,1.0051,0.3519,0.2421,0.2045,0.2015,0.2,0.2076,0.2083,0.1449,0.2915,0.1466,0.1137,0.0001,0.0,0.0,0.0,0.0,0.0414,0.0078,0.0468,1,#000000,False,,,,,,,bez merljivog defekta,ne dirati,—,SOFT_IMAGE
,0,A_OK_NO_CHANGE,NONE,unknown,,,png,carsystem-proflex-jupiter-soft-h2o-152-mm,Carsystem ProFlex Jupiter Soft H2O – 152 mm,156.515,156.515,/products/carsystem/catalog/carsystem-proflex-jupiter-soft-h2o-152-mm.webp,https://www.carsystem.org/fileadmin/_processed_/5/6/csm_156516-cs-proflex-jupiter-soft-h2o-152mm-p3000_329786cbae.png,https://www.carsystem.org/fileadmin/products/images/156.515/156516-cs-proflex-jupiter-soft-h2o-152mm-p3000.png,68e3c656e8aff05b4e5825ab8a3c524ace6caa5b8d417fa270e636d23a80bbe9,660,649,WEBP,106220,True,0,False,,,alpha,"18,11,622,622","20,12,618,619",1.0114,1.0065,1.0048,0.9032,0.6324,0.0273,0.0303,0.0169,0.0247,0.0802,0.0437,0.1413,0.0975,0.0,1.0,0.0,0.0,0.0,0.0023,0.0027,0.0081,0.0467,1,#000000,False,,,,,,,bez merljivog defekta,ne dirati,—,LOW_DETAIL|SOFT_IMAGE
,0,A_OK_NO_CHANGE,NONE,unknown,,,png,carsystem-proflex-jupiter-soft-h2o-77-mm,Carsystem ProFlex Jupiter Soft H2O – 77 mm,156.524,156.524,/products/carsystem/catalog/carsystem-proflex-jupiter-soft-h2o-77-mm.webp,https://www.carsystem.org/fileadmin/_processed_/1/a/csm_156524-cs-proflex-jupiter-soft-h2o-77mm-p2500_d6ad2a22f8.png,https://www.carsystem.org/fileadmin/products/images/156.524/156524-cs-proflex-jupiter-soft-h2o-77mm-p2500.png,145a6a7d4deb30bcc2ba00e72335885c2ebcacc1723a487a37aec723a2e520bf,660,660,WEBP,28556,True,0,False,,,alpha,"158,156,345,344","160,157,342,341",1.0176,1.0088,1.0088,0.2725,0.1871,0.2394,0.2379,0.2364,0.2424,0.4689,0.3817,0.548,0.1664,0.2627,0.0,0.0,0.3615,0.0,0.0,0.0378,0.0087,0.0523,1,#000000,False,,,,,,,bez merljivog defekta,ne dirati,—,SOFT_IMAGE
,0,A_OK_NO_CHANGE,NONE,unknown,,,png,carsystem-proflex-mercury-sanding-block,Carsystem ProFlex Mercury Sanding Block,156.555,156.555,/products/carsystem/catalog/carsystem-proflex-mercury-sanding-block.webp,https://www.carsystem.org/fileadmin/_processed_/e/e/csm_154173-156555-cs-proflex-mercury-sanding-block-gruppe_940e1846e3.png,https://www.carsystem.org/fileadmin/products/images/154.173/154173-156555-cs-proflex-mercury-sanding-block-gruppe.png,4648ec4e09c5918efb7f1f0ed1c35851dd9dd38d870356b785fded9959392a0a,660,478,WEBP,21626,True,0,False,,,alpha,"17,7,622,467","18,8,619,464",1.0113,1.0048,1.0065,0.9207,0.718,0.0258,0.0318,0.0146,0.0084,0.0213,0.0018,0.1129,0.1111,0.2667,0.3706,0.0481,0.0136,0.0,0.4598,0.0081,0.0025,0.01,1,#020202,False,,,,,,,bez merljivog defekta,ne dirati,—,LOW_DETAIL|SOFT_IMAGE
,0,A_OK_NO_CHANGE,NONE,unknown,,,png,carsystem-proflex-neptune-pad-maxgrip,Carsystem ProFlex Neptune Pad MaxGrip,158.097,158.097,/products/carsystem/catalog/carsystem-proflex-neptune-pad-maxgrip.webp,https://www.carsystem.org/fileadmin/_processed_/8/e/csm_158097-proflex-neptune-pad-maxgrip_9a1e9b55f8.png,https://www.carsystem.org/fileadmin/products/images/158.097/158097-proflex-neptune-pad-maxgrip.png,0e338d97283adeba89002158a22537a19f21cf7c0bff4186b19a0dd00499b4df,660,389,WEBP,58846,True,0,False,,,alpha,"5,7,648,372","6,8,645,369",1.0128,1.0047,1.0081,0.9389,0.8146,0.0076,0.0106,0.018,0.0257,0.161,0.0011,0.2496,0.2485,0.8039,0.2704,0.0322,0.5189,0.0,0.3479,0.0259,0.0037,0.0107,1,#020202,False,,,,,,,bez merljivog defekta,ne dirati,—,SOFT_IMAGE
,0,A_OK_NO_CHANGE,NONE,unknown,,,png,carsystem-proflex-neptune-soft,Carsystem ProFlex Neptune Soft,157.791,157.791,/products/carsystem/catalog/carsystem-proflex-neptune-soft.webp,https://www.carsystem.org/fileadmin/_processed_/b/5/csm_157791-792-794-proflex-neptune-soft_3630a21572.png,https://www.carsystem.org/fileadmin/products/images/157.791/157791-792-794-proflex-neptune-soft.png,8f3e8415954ee582249a33d610169fab09361a55754cc89a81ba255e265d197c,660,424,WEBP,49388,True,0,False,,,alpha,"7,7,644,409","8,8,641,407",1.0096,1.0047,1.0049,0.9412,0.7119,0.0106,0.0136,0.0165,0.0189,0.1854,0.0536,0.331,0.2775,0.2078,0.0187,0.0,0.002,0.0,0.0019,0.0242,0.0029,0.0117,1,#060606,False,,,,,,,bez merljivog defekta,ne dirati,—,SOFT_IMAGE
,0,A_OK_NO_CHANGE,NONE,unknown,,,png,carsystem-proflex-pluto,Carsystem ProFlex Pluto,154.428,154.428,/products/carsystem/catalog/carsystem-proflex-pluto.webp,https://www.carsystem.org/fileadmin/_processed_/c/0/csm_154429-cs-proflex-pluto-34mm-p2000_3d53c8117a.png,https://www.carsystem.org/fileadmin/products/images/154.428/154429-cs-proflex-pluto-34mm-p2000.png,099df5ec813c407336a95468e0ea618b715bb97c32a1cfbc6de583bf4b69bb1e,660,298,WEBP,11858,True,0,False,,,alpha,"20,26,623,251","22,28,619,248",1.0186,1.0065,1.0121,0.7951,0.7951,0.0303,0.0258,0.0872,0.0705,0.1173,0.1054,0.3204,0.2149,0.2784,0.0,0.0,0.0,0.0,0.0,0.0219,0.0051,0.0111,1,#000000,False,,,,,,,bez merljivog defekta,ne dirati,—,SOFT_IMAGE
,0,A_OK_NO_CHANGE,NONE,unknown,,,png,carsystem-proflex-pluto-sanding-block,Carsystem ProFlex Pluto Sanding Block,156.557,156.557,/products/carsystem/catalog/carsystem-proflex-pluto-sanding-block.webp,https://www.carsystem.org/fileadmin/_processed_/0/c/csm_cs-proflex-pluto-sanding-block-gruppe_14513efc24.png,https://www.carsystem.org/fileadmin/products/images/156.556/cs-proflex-pluto-sanding-block-gruppe.png,f251a9c1f1b1efc45fd63b9febfc24f3e1812f560f16c63d8cf57e6142483c7a,660,646,WEBP,15292,True,0,False,,,alpha,"24,26,625,608","26,28,621,604",1.0131,1.0064,1.0066,0.8913,0.7832,0.0364,0.0167,0.0402,0.0186,0.0068,0.0003,0.0634,0.0631,0.1373,0.3901,0.1557,0.0,0.0,0.6275,0.0008,0.0024,0.0094,1,#000000,False,,,,,,,bez merljivog defekta,ne dirati,—,LOW_DETAIL|SOFT_IMAGE
,0,A_OK_NO_CHANGE,NONE,unknown,,,png,carsystem-proflex-styx,Carsystem ProFlex Styx,159.738,159.738,/products/carsystem/catalog/carsystem-proflex-styx.webp,https://www.carsystem.org/fileadmin/_processed_/c/c/csm_159738-159739-cs-proflex-styx_42e13ca6ef.png,https://www.carsystem.org/fileadmin/products/images/159.738/159738-159739-cs-proflex-styx.png,984166d4426bc874cc3b68ec65563a9c2e1042dacf65450783a2f922fae9edaf,660,402,WEBP,24856,True,0,False,,,alpha,"39,65,569,275","41,67,565,271",1.0219,1.0071,1.0148,0.5898,0.4457,0.0591,0.0788,0.1617,0.1542,0.011,0.0084,0.0221,0.0137,0.0863,0.0191,0.0,0.0005,0.0,0.922,0.0163,0.0052,0.0216,2,#000000,False,,,,,,,bez merljivog defekta,ne dirati,—,LOW_DETAIL|SOFT_IMAGE
,0,A_OK_NO_CHANGE,NONE,unknown,,,png,carsystem-protective-film-spf,Carsystem Protective Film SPF,158.145,158.145,/products/carsystem/catalog/carsystem-protective-film-spf.webp,https://www.carsystem.org/fileadmin/_processed_/b/c/csm_158145-schutzfolie-spf_ab55a9704f.png,https://www.carsystem.org/fileadmin/products/images/158.145/158145-schutzfolie-spf.png,ef00bb26a813e57faa379a1419e72bbc7e1a2d2bb3600b047cb0d8aa3f1b81e2,660,491,WEBP,21020,True,0,False,,,alpha,"15,15,630,458","17,16,626,454",1.0153,1.0064,1.0088,0.8904,0.3173,0.0227,0.0227,0.0305,0.0367,0.3197,0.0064,0.8203,0.8139,0.1137,0.0677,0.005,0.3711,0.0,0.0684,0.0724,0.0017,0.0176,1,#000000,True,,,,,,,bez merljivog defekta,ne dirati,—,SOFT_IMAGE
,0,A_OK_NO_CHANGE,NONE,unknown,,,png,carsystem-pump-for-hand-cleaner-3-l,Carsystem Pump for Hand Cleaner 3 l,155.359,155.359,/products/carsystem/catalog/carsystem-pump-for-hand-cleaner-3-l.webp,https://www.carsystem.org/fileadmin/_processed_/5/e/csm_155359-cs-pumpe-fuer-hand-cleaner-3-l_baac2779c7.png,https://www.carsystem.org/fileadmin/products/images/155.359/155359-cs-pumpe-fuer-hand-cleaner-3-l.png,aceb2fb6913c5809155ddbdcb6c6f0005b3ad88eeec007ceb87cac70c3d61278,660,515,WEBP,20086,True,0,False,,,alpha,"28,51,595,437","30,52,592,434",1.012,1.0051,1.0069,0.765,0.2095,0.0424,0.0561,0.099,0.0524,0.05,0.0116,0.46,0.4484,0.4275,0.1901,0.0006,0.0694,0.0034,0.0785,0.0907,0.0038,0.0416,1,#000000,True,,,,,,,bez merljivog defekta,ne dirati,—,
,0,A_OK_NO_CHANGE,NONE,unknown,,,png,carsystem-pump-sprayer,Carsystem Pump Sprayer,157.412,157.412,/products/carsystem/catalog/carsystem-pump-sprayer.webp,https://www.carsystem.org/fileadmin/_processed_/1/6/csm_142.808-157.412-cs-pump-spray-1l_a26af3eadb.png,https://www.carsystem.org/fileadmin/products/images/139.606/142.808-157.412-cs-pump-spray-1l.png,5080184bbb011011af7d69422e57c1831d8f6652b362356a22506f67327ac956,660,671,WEBP,40620,True,0,False,,,alpha,"16,40,607,606","18,42,603,602",1.0133,1.0066,1.0066,0.8306,0.4948,0.0242,0.0561,0.0596,0.0373,0.0816,0.0,0.7336,0.7336,0.0196,0.7315,0.328,0.3524,0.0001,0.441,0.0519,0.0039,0.0293,1,#000000,True,,,,,,,bez merljivog defekta,ne dirati,—,
,0,A_OK_NO_CHANGE,NONE,unknown,,,png,carsystem-putty-knife,Carsystem Putty Knife,137.435,137.435,/products/carsystem/catalog/carsystem-putty-knife.webp,https://www.carsystem.org/fileadmin/_processed_/4/a/csm_137435-36-37-cs-putty-knife-stahlspachtel-60-80-100mm_c54474f2a4.png,https://www.carsystem.org/fileadmin/products/images/137.435/137435-36-37-cs-putty-knife-stahlspachtel-60-80-100mm.png,f95fd3fdd889839df9b4917251e2f4f62c906ea47dd120c41a103b36d970e859,660,380,WEBP,25650,True,0,False,,,alpha,"2,38,657,305","4,40,653,301",1.0195,1.0061,1.0133,0.799,0.4531,0.003,0.0015,0.1,0.0974,0.3018,0.0674,0.4224,0.355,0.0549,0.5225,0.0,0.0122,0.0,0.0042,0.0342,0.0035,0.0242,1,#040404,False,,,,,,,bez merljivog defekta,ne dirati,—,SOFT_IMAGE
,0,A_OK_NO_CHANGE,NONE,unknown,,,png,carsystem-putty-mix-board,Carsystem Putty Mix Board,142.206,142.206,/products/carsystem/catalog/carsystem-putty-mix-board.webp,https://www.carsystem.org/fileadmin/_processed_/f/4/csm_142206-cs-putty-mix-board_3755ef3bb0.png,https://www.carsystem.org/fileadmin/products/images/142.206/142206-cs-putty-mix-board.png,6defb204526ac69c5be234e423384d8e685ddcb9ee9a717f0155d1ace974a893,660,765,WEBP,23006,True,0,False,,,alpha,"38,40,585,712","39,41,583,710",1.0063,1.0034,1.0028,0.825,0.7429,0.0576,0.0561,0.0523,0.017,0.4348,0.0605,0.5856,0.5251,0.0431,0.7757,0.0001,0.1922,0.0,0.0012,0.0179,0.0022,0.0091,1,#000000,False,,,,,,,bez merljivog defekta,ne dirati,—,LOW_DETAIL|SOFT_IMAGE
,0,A_OK_NO_CHANGE,NONE,unknown,,,webp,carsystem-rallye-spray-gloss,Carsystem Rallye-Spray gloss,126.053,126.053,/products/carsystem/catalog/carsystem-rallye-spray-gloss.webp,https://www.carsystem.org/fileadmin/_processed_/8/1/csm_126.053-126.026-rallye-spray-glaenzend_74c8cc5451.webp,https://www.carsystem.org/fileadmin/products/images/126.026/126.053-126.026-rallye-spray-glaenzend.webp,085344bb86250b6ab14e3963c16fc78e21de8f1ed59d0d59b04a089ae8f532e2,660,825,WEBP,68748,True,0,False,,,alpha,"68,44,521,730","74,46,514,726",1.0192,1.0136,1.0055,0.6985,0.6063,0.103,0.1076,0.0533,0.0618,0.1545,0.0262,0.8963,0.87,0.5333,0.3698,0.0026,0.48,0.0206,0.0308,0.1612,0.0056,0.0143,2,#000000,True,,,,,,,bez merljivog defekta,ne dirati,—,
,0,A_OK_NO_CHANGE,NONE,unknown,,,webp,carsystem-rallye-spray-matt,Carsystem Rallye-Spray matt,126.027,126.027,/products/carsystem/catalog/carsystem-rallye-spray-matt.webp,https://www.carsystem.org/fileadmin/_processed_/0/4/csm_126.027-rallye-spray-matt_142d8e42ff.webp,https://www.carsystem.org/fileadmin/products/images/126.027/126.027-rallye-spray-matt.webp,9146b3fc91c2967813e5e644e5abdd46fa3c7d2c9b2c17f931e986c25faba900,660,1378,WEBP,86700,True,0,False,,,alpha,"108,55,429,1259","127,56,409,1254",1.0531,1.0489,1.004,0.5939,0.5405,0.1636,0.1864,0.0399,0.0464,0.1318,0.0176,0.7682,0.7505,0.5412,0.398,0.0053,0.4455,0.0167,0.0643,0.1308,0.0068,0.0128,1,#000000,True,,,,,,,bez merljivog defekta,ne dirati,—,
,0,A_OK_NO_CHANGE,NONE,unknown,,,webp,carsystem-rapid-charger-for-csh-battery-powered,Carsystem Rapid Charger for CSH-battery-powered,159.064,159.064,/products/carsystem/catalog/carsystem-rapid-charger-for-csh-battery-powered.webp,https://www.carsystem.org/fileadmin/_processed_/3/a/csm_159064-single-charger-csh-akkugeraet-mit-kabel_2b88e08d53.webp,https://www.carsystem.org/fileadmin/products/images/159.064/159064-single-charger-csh-akkugeraet-mit-kabel.webp,a307ea91bc1e08c75eab3dc13284b4586d7a7509fec4227e1c633eac8c89bc4d,660,440,WEBP,21088,True,0,False,,,alpha,"84,26,430,373","85,27,428,370",1.0128,1.0047,1.0081,0.5523,0.22,0.1273,0.2212,0.0591,0.0932,0.0451,0.0006,0.2899,0.2893,0.0549,0.7226,0.0384,0.0933,0.0,0.2837,0.0822,0.0073,0.0365,2,#000000,True,,,,,,,bez merljivog defekta,ne dirati,—,
,0,A_OK_NO_CHANGE,NONE,unknown,,,png,carsystem-red-tape,Carsystem Red Tape,160.210,160.210,/products/carsystem/catalog/carsystem-red-tape.webp,https://www.carsystem.org/fileadmin/_processed_/0/b/csm_160211-cs-red-tape-l_479067aef0.png,https://www.carsystem.org/fileadmin/products/images/160.210/160211-cs-red-tape-l.png,2d30bd12261d90585b7ebc4f52fd6cdf3369e6a38f44a6e67ec06366c4b11acd,660,686,WEBP,31832,True,0,False,,,alpha,"73,66,528,546","77,67,523,543",1.0151,1.0096,1.0055,0.6367,0.4101,0.1106,0.0894,0.0962,0.1079,0.0116,0.0011,0.1565,0.1555,0.2235,0.0816,0.0566,0.1338,0.0,0.6149,0.0058,0.0029,0.0117,1,#000000,False,,,,,,,bez merljivog defekta,ne dirati,—,LOW_DETAIL|SOFT_IMAGE
,0,A_OK_NO_CHANGE,NONE,unknown,,,png,carsystem-refinish-1,Carsystem Refinish 1,132.437,132.437,/products/carsystem/catalog/carsystem-refinish-1.webp,https://www.carsystem.org/fileadmin/_processed_/f/7/csm_132437-cs-refinish-1-schleifpaste-880ml_563a79244a.png,https://www.carsystem.org/fileadmin/products/images/132.437/132437-cs-refinish-1-schleifpaste-880ml.png,40570949a1ebbbc256ef81345eacefaba5eef0ab7852d79ccef7f4227e2bbdae,660,1150,WEBP,51450,True,0,False,,,alpha,"118,28,422,1094","120,29,418,1092",1.0114,1.0096,1.0018,0.6083,0.4798,0.1788,0.1818,0.0243,0.0243,0.0566,0.0,0.2366,0.2366,0.051,0.5042,0.2974,0.0328,0.0,0.4431,0.0395,0.0024,0.0102,1,#000000,False,,,,,,,bez merljivog defekta,ne dirati,—,
,0,A_OK_NO_CHANGE,NONE,unknown,,,png,carsystem-replacement-spray-head-adjustable,Carsystem Replacement Spray Head – adjustable,153.793,153.793,/products/carsystem/catalog/carsystem-replacement-spray-head-adjustable.webp,https://www.carsystem.org/fileadmin/_processed_/b/2/csm_153793-cs-ersatzspruehkopf-verstellbar-c_df8d5a94ba.png,https://www.carsystem.org/fileadmin/products/images/153.793/153793-cs-ersatzspruehkopf-verstellbar-c.png,c3b2be11baba18818d3e2f9133bab23a2df841aa4fbbd814a661833ba69ea6b0,660,783,WEBP,17848,True,0,False,,,alpha,"88,98,492,531","90,100,488,527",1.0158,1.0082,1.0076,0.5055,0.3977,0.1333,0.1212,0.1252,0.1967,0.0011,0.0006,0.0569,0.0563,0.0,0.9083,0.5708,0.003,0.0,0.8979,0.0112,0.0029,0.0109,1,#000000,False,,,,,,,bez merljivog defekta,ne dirati,—,CRUSHED_BLACK|LOW_DETAIL|SOFT_IMAGE
,0,A_OK_NO_CHANGE,NONE,unknown,,,png,carsystem-replacement-spray-head-red,Carsystem Replacement Spray Head – red,145.840,145.840,/products/carsystem/catalog/carsystem-replacement-spray-head-red.webp,https://www.carsystem.org/fileadmin/_processed_/8/0/csm_145840-cs-prefill-spruehkopf-ersatz-rot_7007e5e354.png,https://www.carsystem.org/fileadmin/products/images/145.840/145840-cs-prefill-spruehkopf-ersatz-rot.png,a1527cddc0451f33a8f10386d48b55feb52077dadf8f7a831140e56e5a210323,660,631,WEBP,25070,True,0,False,,,alpha,"60,51,544,522","61,53,542,519",1.0095,1.0037,1.0058,0.6819,0.5425,0.0909,0.0848,0.0808,0.0919,0.0464,0.0009,0.0879,0.087,0.4549,0.0667,0.0557,0.0051,0.0,0.0781,0.0115,0.0024,0.0085,1,#000000,False,,,,,,,bez merljivog defekta,ne dirati,—,LOW_DETAIL|SOFT_IMAGE
,0,A_OK_NO_CHANGE,NONE,unknown,,,png,carsystem-rotary-polisher-csh-crp01-kit,Carsystem Rotary Polisher CSH-CRP01 Kit,159.822,159.822,/products/carsystem/catalog/carsystem-rotary-polisher-csh-crp01-kit.webp,https://www.carsystem.org/fileadmin/_processed_/9/4/csm_159822-cs-polierer-akku-set-komplett_41c1ca6cda.png,https://www.carsystem.org/fileadmin/products/images/159.822/159822-cs-polierer-akku-set-komplett.png,9e1cb7c249469bb0395cb1cbae6cf616adcffc91d47a997567427824a05de3de,660,473,WEBP,32100,True,0,False,,,alpha,"14,50,620,393","16,51,616,390",1.0142,1.0065,1.0077,0.7805,0.4148,0.0212,0.0394,0.1057,0.0634,0.0056,0.001,0.6807,0.6797,0.0118,0.8152,0.0524,0.1345,0.0001,0.7545,0.0872,0.0076,0.0327,4,#000000,True,,,,,,,bez merljivog defekta,ne dirati,—,MULTI_OBJECT
,0,A_OK_NO_CHANGE,NONE,unknown,,,png,carsystem-rupes-47-105-replacement-carbon-brush,RUPES 47.105 Replacement carbon brush,158.290,158.290,/products/carsystem/catalog/carsystem-rupes-47-105-replacement-carbon-brush.webp,https://www.carsystem.org/fileadmin/_processed_/f/5/csm_47.105-rupes-ersatz-kohlebuersten_verpackung_f9c30f22b4.png,https://www.carsystem.org/fileadmin/products/images/158.290/47.105-rupes-ersatz-kohlebuersten_verpackung.png,7a894644c920878c69d231f838e9d1b5209d861018ef26ee77b6d9aa44ba800a,660,488,WEBP,29656,True,0,False,,,alpha,"7,21,640,450","8,22,638,448",1.0076,1.0031,1.0045,0.8942,0.418,0.0106,0.0197,0.043,0.0348,0.504,0.0332,0.9493,0.9161,0.0353,0.6551,0.0247,0.544,0.0416,0.039,0.1605,0.005,0.0245,2,#060606,True,,,,,,,bez merljivog defekta,ne dirati,—,
,0,A_OK_NO_CHANGE,NONE,unknown,,,png,carsystem-rupes-9-holder-bigfoot,Rupes 9. Holder BigFoot,158.134,158.134,/products/carsystem/catalog/carsystem-rupes-9-holder-bigfoot.webp,https://www.carsystem.org/fileadmin/_processed_/d/2/csm_158.134-rupes-9.-wand-werkzeughalter-bigfoot_968fb6e2ae.png,https://www.carsystem.org/fileadmin/products/images/158.134/158.134-rupes-9.-wand-werkzeughalter-bigfoot.png,1fa209e933c7011cb7b2150accf663ef05cee00d5643defcdebcc1af1c92dec4,660,1004,WEBP,56038,True,0,False,,,alpha,"32,27,596,949","33,29,593,945",1.0093,1.0051,1.0042,0.8536,0.5294,0.0485,0.0485,0.0269,0.0279,0.0026,0.0,0.0941,0.0941,0.0196,0.9184,0.3241,0.0296,0.0,0.8509,0.0183,0.0024,0.0149,1,#000000,False,,,,,,,bez merljivog defekta,ne dirati,—,MOSTLY_BLACK|LOW_DETAIL
,0,A_OK_NO_CHANGE,NONE,unknown,,,png,carsystem-rupes-angle-polishing-machine-lh76p,RUPES Angle Polishing Machine LH76P,157.331,157.331,/products/carsystem/catalog/carsystem-rupes-angle-polishing-machine-lh76p.webp,https://www.carsystem.org/fileadmin/_processed_/7/6/csm_157.331-pneumatische-winkelpoliermaschine-lh76p_0a98fb1132.png,https://www.carsystem.org/fileadmin/products/images/157.331/157.331-pneumatische-winkelpoliermaschine-lh76p.png,4ce002b213858e2f5d12232a7c0ab3bb382a232f27c02338580476b3e903bbff,660,483,WEBP,18756,True,0,False,,,alpha,"69,60,516,371","70,61,514,369",1.0093,1.0039,1.0054,0.6005,0.2978,0.1045,0.1136,0.1242,0.1077,0.0026,0.0006,0.1905,0.1899,0.0118,1.0,0.2758,0.0082,0.0005,0.8298,0.0373,0.0034,0.023,1,#000000,False,,,,,,,bez merljivog defekta,ne dirati,—,
,0,A_OK_NO_CHANGE,NONE,unknown,,,png,carsystem-rupes-back-pad,RUPES Back Pad,158.291,158.291,/products/carsystem/catalog/carsystem-rupes-back-pad.webp,https://www.carsystem.org/fileadmin/_processed_/6/1/csm_158.291-292-981.500_Back_pad-M8-150mm_674424b36c.png,https://www.carsystem.org/fileadmin/products/images/158.291/158.291-292-981.500_Back_pad-M8-150mm.png,539351f278fc21a8d976cdcd3fbe0fef10b4c350bd1e29c916d1675e1eb301bb,660,259,WEBP,17402,True,0,False,,,alpha,"28,15,602,233","29,17,600,230",1.0164,1.0033,1.013,0.8206,0.5838,0.0424,0.0455,0.0579,0.0425,0.0037,0.0006,0.4938,0.4932,0.0,0.9294,0.1221,0.0158,0.0,0.7213,0.0647,0.0041,0.0156,1,#000000,True,,,,,,,bez merljivog defekta,ne dirati,—,
,0,A_OK_NO_CHANGE,NONE,unknown,,,png,carsystem-rupes-carrier,RUPES Carrier,157.342,157.342,/products/carsystem/catalog/carsystem-rupes-carrier.webp,https://www.carsystem.org/fileadmin/_processed_/6/f/csm_157342-rupes-carrier_b6a640bdab.png,https://www.carsystem.org/fileadmin/products/images/157.342/157342-rupes-carrier.png,aadf0c198c4c8025b8e5163fbc1d7e6c966cd410f2ba426c7748b97fb8b561fd,660,1011,WEBP,43026,True,0,False,,,alpha,"77,26,505,898","79,28,502,894",1.0105,1.006,1.0045,0.6796,0.4647,0.1167,0.1182,0.0257,0.0861,0.0037,0.0006,0.9672,0.9666,0.0078,0.9886,0.1607,0.1819,0.0461,0.5945,0.0846,0.0031,0.0156,1,#000000,True,,,,,,,bez merljivog defekta,ne dirati,—,
,0,A_OK_NO_CHANGE,NONE,unknown,,,png,carsystem-rupes-cleaning-and-maintenance-oil,RUPES Cleaning and maintenance oil,150.190,150.190,/products/carsystem/catalog/carsystem-rupes-cleaning-and-maintenance-oil.webp,https://www.carsystem.org/fileadmin/_processed_/5/e/csm_150.190-rupes-reinigungs-wartungsoel-9.1640_c80f4c2caa.png,https://www.carsystem.org/fileadmin/products/images/150.190/150.190-rupes-reinigungs-wartungsoel-9.1640.png,f35fa045dd300d6ee8f1e57c2ad261c114e6d60a8f26b1892cf2d522533cf776,660,2190,WEBP,126848,True,0,False,,,alpha,"83,57,496,2089","86,59,491,2084",1.0126,1.0102,1.0024,0.7169,0.4956,0.1258,0.1227,0.026,0.0201,0.0078,0.0,0.3663,0.3663,0.0275,0.7161,0.2475,0.0201,0.0,0.5548,0.0655,0.0023,0.0112,1,#000000,True,,,,,,,bez merljivog defekta,ne dirati,—,
,0,A_OK_NO_CHANGE,NONE,unknown,,,png,carsystem-rupes-ibrid-nano,RUPES Ibrid Nano,157.318,157.318,/products/carsystem/catalog/carsystem-rupes-ibrid-nano.webp,https://www.carsystem.org/fileadmin/_processed_/e/e/csm_157318-157319-rupes-ibrid-nano-hr81m-hr81ml_5822e61fcb.png,https://www.carsystem.org/fileadmin/products/images/157.318/157318-157319-rupes-ibrid-nano-hr81m-hr81ml.png,eec3dd7c48f2d53b19664d29d4b74973b6b6d30513340a7bac6447085b10b989,660,440,WEBP,14218,True,0,False,,,alpha,"26,101,600,258","28,102,597,256",1.0129,1.005,1.0078,0.5331,0.2231,0.0394,0.0515,0.2295,0.1841,0.0018,0.0006,0.3559,0.3553,0.0,0.9998,0.456,0.0251,0.0001,0.8018,0.0664,0.0025,0.0263,1,#000000,True,,,,,,,bez merljivog defekta,ne dirati,—,CRUSHED_BLACK
,0,A_OK_NO_CHANGE,NONE,unknown,,,png,carsystem-rupes-ibrid-nano-q-maq,RUPES Ibrid Nano Q-MAQ,157.320,157.320,/products/carsystem/catalog/carsystem-rupes-ibrid-nano-q-maq.webp,https://www.carsystem.org/fileadmin/_processed_/c/6/csm_157320-rupes-ibrid-nano-q-mag-hqm83_stb_d9a9ef1ca3.png,https://www.carsystem.org/fileadmin/products/images/157.320/157320-rupes-ibrid-nano-q-mag-hqm83_stb.png,4627352fee47f62a911cad238ba38fc438be6a82e438db708dd906177828be99,660,535,WEBP,32886,True,0,False,,,alpha,"29,14,601,505","30,16,599,502",1.0093,1.0033,1.006,0.8595,0.3807,0.0439,0.0455,0.0262,0.0299,0.0985,0.0015,0.8975,0.896,0.0118,0.7825,0.0596,0.2447,0.0039,0.4144,0.1578,0.0052,0.024,3,#000000,True,,,,,,,bez merljivog defekta,ne dirati,—,
,0,A_OK_NO_CHANGE,NONE,unknown,,,png,carsystem-rupes-mini-polishing-machine-hlr75stb,RUPES Mini Polishing Machine HLR75STB,158.647,158.647,/products/carsystem/catalog/carsystem-rupes-mini-polishing-machine-hlr75stb.webp,https://www.carsystem.org/fileadmin/_processed_/d/7/csm_158646-647-rupes-hlr75-mini-polishing-kit_f62001e145.png,https://www.carsystem.org/fileadmin/products/images/158.647/158646-647-rupes-hlr75-mini-polishing-kit.png,01060b258f347aaa06e0c8c2ee05eaa81c87562bc631786b9f3728a9c90fc1a8,660,499,WEBP,53928,True,0,False,,,alpha,"8,7,645,484","10,10,640,479",1.0183,1.0078,1.0104,0.9479,0.614,0.0121,0.0106,0.014,0.016,0.053,0.0,0.5084,0.5084,0.0431,0.5288,0.2291,0.0936,0.0037,0.4352,0.0811,0.0086,0.0411,3,#050505,True,,,,,,,bez merljivog defekta,ne dirati,—,
,0,A_OK_NO_CHANGE,NONE,unknown,,,png,carsystem-rupes-mini-random-orbital-sander-ld30,RUPES Mini Random Orbital Sander LD30,157.330,157.330,/products/carsystem/catalog/carsystem-rupes-mini-random-orbital-sander-ld30.webp,https://www.carsystem.org/fileadmin/_processed_/f/9/csm_157330-rupes-bluetenschleifer-ld30_fad8fc2718.png,https://www.carsystem.org/fileadmin/products/images/157.330/157330-rupes-bluetenschleifer-ld30.png,fe96660b830ff35507e159e6d2e6bcb650d454424cbf80b6ab0790c09641107f,660,467,WEBP,25030,True,0,False,,,alpha,"0,0,660,467","1,1,658,465",1.0074,1.003,1.0043,1.0,0.4376,0.0,0.0,0.0,0.0,0.0075,0.0008,0.5108,0.51,0.0235,0.9045,0.2481,0.0454,0.0086,0.5534,0.0361,0.0017,0.0183,1,#040504,False,,,,,,,bez merljivog defekta,ne dirati,—,
,0,A_OK_NO_CHANGE,NONE,unknown,,,png,carsystem-rupes-orbital-sander-re21aln,RUPES Orbital Sander RE21ALN,157.454,157.454,/products/carsystem/catalog/carsystem-rupes-orbital-sander-re21aln.webp,https://www.carsystem.org/fileadmin/_processed_/c/b/csm_157454-rupes-schwingschleifer-re21aln_096ff055e9.png,https://www.carsystem.org/fileadmin/products/images/157.454/157454-rupes-schwingschleifer-re21aln.png,f06a1946b2f74e163bf7c013d357d50e7be203b12e10e6098f8988642b8d0d54,660,546,WEBP,29856,True,0,False,,,alpha,"35,75,583,417","36,76,581,415",1.0083,1.0034,1.0048,0.6746,0.3891,0.053,0.0636,0.1374,0.0989,0.0147,0.0009,0.3794,0.3785,0.0157,0.9118,0.1028,0.0111,0.0001,0.5121,0.0637,0.0031,0.0168,1,#000000,True,,,,,,,bez merljivog defekta,ne dirati,—,
,0,A_OK_NO_CHANGE,NONE,unknown,,,png,carsystem-rupes-orbital-sander-sl42aes,RUPES Orbital Sander SL42AES,157.329,157.329,/products/carsystem/catalog/carsystem-rupes-orbital-sander-sl42aes.webp,https://www.carsystem.org/fileadmin/_processed_/e/6/csm_157.329-157.559-rupes-schwingschleifer-sl42aes_c8991190bb.png,https://www.carsystem.org/fileadmin/products/images/157.329/157.329-157.559-rupes-schwingschleifer-sl42aes.png,5f20f85dfb863943a48fe8b081bfe8628cd58969675e0bede1e6b3c011ba716c,660,413,WEBP,21184,True,0,False,,,alpha,"28,58,602,301","30,59,599,299",1.0117,1.005,1.0067,0.6648,0.3319,0.0424,0.0455,0.1404,0.1308,0.0045,0.0006,0.8504,0.8498,0.0118,0.9867,0.2009,0.0997,0.0003,0.6924,0.0723,0.0033,0.0246,1,#000000,True,,,,,,,bez merljivog defekta,ne dirati,—,
,0,A_OK_NO_CHANGE,NONE,unknown,,,png,carsystem-rupes-polish-pad,RUPES Polish Pad,158.854,158.854,/products/carsystem/catalog/carsystem-rupes-polish-pad.webp,https://www.carsystem.org/fileadmin/_processed_/f/1/csm_158853-856-rupes-polierpad_bdbe48cc19.png,https://www.carsystem.org/fileadmin/products/images/158.853/158853-856-rupes-polierpad.png,169d3705f8444cffe06ab05c38e62b08b11fa5eb46bac2d775541c499365b94e,660,349,WEBP,22588,True,0,False,,,alpha,"15,19,626,318","16,20,623,315",1.0144,1.0048,1.0095,0.8642,0.528,0.0227,0.0288,0.0544,0.0344,0.4698,0.1145,0.7283,0.6138,0.2941,0.1109,0.0,0.7507,0.0,0.0033,0.0479,0.0032,0.0153,1,#000000,False,,,,,,,bez merljivog defekta,ne dirati,—,SOFT_IMAGE
,0,A_OK_NO_CHANGE,NONE,confirmed,-78.0,2.2,png,carsystem-rupes-polishing-machine-lhr75e,RUPES Polishing Machine LHR75E,157.340,157.340,/products/carsystem/catalog/carsystem-rupes-polishing-machine-lhr75e.webp,https://www.carsystem.org/fileadmin/_processed_/1/2/csm_157340-rupes-poliermaschine-lhr75e_d4bd3f901a.png,https://www.carsystem.org/fileadmin/products/images/157.340/157340-rupes-poliermaschine-lhr75e.png,4f6e955af559254d51292d333e32e6cfabd4725a11235a36c275ab8dd2660021,660,609,WEBP,16770,True,0,False,,,alpha,"47,76,357,380","49,77,353,376",1.0221,1.0113,1.0106,0.3375,0.14,0.0712,0.3879,0.1248,0.2512,0.0049,0.0006,0.7438,0.7432,0.0157,0.9812,0.1617,0.0718,0.0094,0.7307,0.1062,0.0038,0.0283,1,#000000,True,,,,,,,bez merljivog defekta,ne dirati,—,
,0,A_OK_NO_CHANGE,NONE,unknown,,,png,carsystem-rupes-random-orbital-sander-er,RUPES Random Orbital Sander ER,158.283,158.283,/products/carsystem/catalog/carsystem-rupes-random-orbital-sander-er.webp,https://www.carsystem.org/fileadmin/_processed_/4/1/csm_158.283-rupes-exzenterschleifer-ER_01031a1b83.png,https://www.carsystem.org/fileadmin/products/images/158.283/158.283-rupes-exzenterschleifer-ER.png,2fd1f1f63484da934d2cccf66cce2a5c236c4d0d9c406824c0e617bc672a6c7b,660,447,WEBP,20660,True,0,False,,,alpha,"68,58,559,342","69,60,557,339",1.0125,1.0036,1.0088,0.648,0.3672,0.103,0.05,0.1298,0.1051,0.0018,0.0003,0.4745,0.4742,0.0,0.9389,0.4693,0.0497,0.0,0.6963,0.0528,0.003,0.0242,1,#000000,True,,,,,,,bez merljivog defekta,ne dirati,—,CRUSHED_BLACK
,0,A_OK_NO_CHANGE,NONE,unknown,,,png,carsystem-rupes-random-orbital-sander-ta50,RUPES Random Orbital Sander TA50,157.338,157.338,/products/carsystem/catalog/carsystem-rupes-random-orbital-sander-ta50.webp,https://www.carsystem.org/fileadmin/_processed_/5/b/csm_157338-rupes-exzenterschleifer-ta50_5164142877.png,https://www.carsystem.org/fileadmin/products/images/157.338/157338-rupes-exzenterschleifer-ta50.png,6cfdd76c9320fa2d29c367f00ee9e35021b5569110fd5fa0232d045685aafc85,660,503,WEBP,29432,True,0,False,,,alpha,"0,0,660,503","1,1,658,501",1.007,1.003,1.004,1.0,0.4535,0.0,0.0,0.0,0.0,0.0065,0.0011,0.5289,0.5278,0.0275,0.8422,0.0525,0.0745,0.002,0.5806,0.0452,0.0015,0.0164,1,#070606,False,,,,,,,bez merljivog defekta,ne dirati,—,
,0,A_OK_NO_CHANGE,NONE,unknown,,,webp,carsystem-rupes-random-orbital-single-hand-sander-ra75,RUPES Random Orbital Single-Hand Sander RA75,157.333,157.333,/products/carsystem/catalog/carsystem-rupes-random-orbital-single-hand-sander-ra75.webp,https://www.carsystem.org/fileadmin/_processed_/4/9/csm_157333-rupes-einhand-exzenterschleifer-ra75_6ca4bf5fdc.webp,https://www.carsystem.org/fileadmin/products/images/147.663/157333-rupes-einhand-exzenterschleifer-ra75.webp,e07a7e62c6c06704c1cb3698991ba177b77d0188e79778127b1c31bee3ba0764,660,495,WEBP,39112,True,0,False,,,alpha,"143,46,446,382","145,48,442,378",1.0197,1.009,1.0106,0.5215,0.3186,0.2167,0.1076,0.0929,0.1354,0.0332,0.0011,0.5368,0.5357,0.0275,0.9061,0.0335,0.0826,0.0051,0.3372,0.178,0.0036,0.0272,1,#000000,True,,,,,,,bez merljivog defekta,ne dirati,—,
,0,A_OK_NO_CHANGE,NONE,unknown,,,png,carsystem-rupes-skorpio-iii-rh,RUPES Skorpio III RH,157.334,157.334,/products/carsystem/catalog/carsystem-rupes-skorpio-iii-rh.webp,https://www.carsystem.org/fileadmin/_processed_/1/c/csm_157334-336-rupes-skorpio-III-RH356a_5f740b6184.png,https://www.carsystem.org/fileadmin/products/images/157.334/157334-336-rupes-skorpio-III-RH356a.png,eac5f8ca3a9b2600afa7d42c2788ee0137518bb7dcace17570a456d18ec6efc0,660,515,WEBP,20412,True,0,False,,,alpha,"70,61,521,381","72,63,518,377",1.0165,1.0058,1.0106,0.584,0.3627,0.1061,0.1045,0.1184,0.1417,0.0026,0.0006,0.9672,0.9666,0.0,0.9774,0.3366,0.1187,0.0387,0.8068,0.0589,0.0024,0.0152,1,#000000,True,,,,,,,bez merljivog defekta,ne dirati,—,MOSTLY_BLACK
,0,A_OK_NO_CHANGE,NONE,unknown,,,png,carsystem-rupes-workshop-carrier-kc28,RUPES Workshop Carrier KC28,157.341,157.341,/products/carsystem/catalog/carsystem-rupes-workshop-carrier-kc28.webp,https://www.carsystem.org/fileadmin/_processed_/f/2/csm_157341-rupes-werkstattwagen-kc28_f39b09bba0.png,https://www.carsystem.org/fileadmin/products/images/157.341/157341-rupes-werkstattwagen-kc28.png,44b0381750089e7e43268f2f64236d1d91a18cb414e8c416e5399695641d256b,660,782,WEBP,38968,True,0,False,,,alpha,"10,40,622,721","12,43,619,716",1.0119,1.0048,1.007,0.8689,0.392,0.0152,0.0424,0.0512,0.0269,0.4287,0.0009,0.6919,0.691,0.0118,0.9393,0.0778,0.2956,0.0,0.1762,0.0563,0.0038,0.0397,1,#000000,True,,,,,,,bez merljivog defekta,ne dirati,—,
,0,A_OK_NO_CHANGE,NONE,unknown,,,png,carsystem-safety-coupling,Carsystem Safety Coupling,143.127,143.127,/products/carsystem/catalog/carsystem-safety-coupling.webp,https://www.carsystem.org/fileadmin/_processed_/b/b/csm_143127-cs-pv-si-kupplung-m-schlauchan-9mm_6b675bf47a.png,https://www.carsystem.org/fileadmin/products/images/143.127/143127-cs-pv-si-kupplung-m-schlauchan-9mm.png,ecce8c93e461b9edf704a1fdd9db397db9b037157ff004d94d85b4483777cf54,660,2283,WEBP,62960,True,0,False,,,alpha,"30,35,576,1960","34,40,566,1951",1.0224,1.0177,1.0046,0.7493,0.5798,0.0455,0.0818,0.0153,0.1261,0.0145,0.0042,0.7981,0.7938,0.1647,0.1938,0.0013,0.1156,0.0276,0.6353,0.0275,0.0054,0.0233,1,#000000,False,,,,,,,bez merljivog defekta,ne dirati,—,SOFT_IMAGE
,0,A_OK_NO_CHANGE,NONE,unknown,,,png,carsystem-safety-lens,Carsystem Safety Lens,140.955,140.955,/products/carsystem/catalog/carsystem-safety-lens.webp,https://www.carsystem.org/fileadmin/_processed_/f/e/csm_140955-cs-safety-lens_5214683e89.png,https://www.carsystem.org/fileadmin/products/images/140.955/140955-cs-safety-lens.png,c7322dc6d7b3c8baff4093c2a9c777457ba1f68504e9993416f6ba5f90c60aa1,660,418,WEBP,24562,True,0,False,,,alpha,"62,35,557,304","63,36,555,302",1.0102,1.0036,1.0066,0.6138,0.3143,0.0939,0.0621,0.0837,0.189,0.6795,0.162,0.8148,0.6528,0.0,1.0,0.0,0.686,0.0013,0.0025,0.2322,0.0032,0.0263,1,#000000,True,,,,,,,bez merljivog defekta,ne dirati,—,
,0,A_OK_NO_CHANGE,NONE,unknown,,,webp,carsystem-sanding-block-100-2-0,Carsystem Sanding Block 100 2.0,160.224,160.224,/products/carsystem/catalog/carsystem-sanding-block-100-2-0.webp,https://www.carsystem.org/fileadmin/_processed_/e/8/csm_160224-cs-sanding-block-100-2_ea27c2e897.webp,https://www.carsystem.org/fileadmin/products/images/160.224/160224-cs-sanding-block-100-2.webp,f3a1d93a070273601dc64cda4b9f3e4a83f70163349829cf8cb8c5a239cfa54b,660,456,WEBP,36570,True,0,False,,,alpha,"32,71,593,328","34,72,590,315",1.0466,1.0051,1.0413,0.6463,0.3977,0.0485,0.053,0.1557,0.125,0.0359,0.0137,0.2425,0.2288,0.0431,0.7294,0.0,0.1317,0.0,0.1413,0.0158,0.0508,0.1075,1,#000000,False,,,,,,,bez merljivog defekta,ne dirati,—,LOW_DETAIL|SOFT_IMAGE
,0,A_OK_NO_CHANGE,NONE,unknown,,,png,carsystem-sanding-block-198-2-0,Carsystem Sanding Block 198 2.0,159.535,159.535,/products/carsystem/catalog/carsystem-sanding-block-198-2-0.webp,https://www.carsystem.org/fileadmin/_processed_/0/c/csm_159.535-cs-sanding-block-198-2.0-handschleifklotz_0c710482ee.png,https://www.carsystem.org/fileadmin/products/images/159.535/159.535-cs-sanding-block-198-2.0-handschleifklotz.png,75a9f73cd0998812c78d1472f5c00a16ca4442c53531fe341c9f4645381afaf3,660,497,WEBP,27280,True,0,False,,,alpha,"34,35,595,428","35,36,593,425",1.0105,1.0034,1.0071,0.7764,0.461,0.0515,0.047,0.0704,0.0684,0.0021,0.0,0.2149,0.2149,0.0078,0.7303,0.3565,0.2,0.0,0.7536,0.0121,0.0032,0.0192,1,#000000,False,,,,,,,bez merljivog defekta,ne dirati,—,LOW_DETAIL|SOFT_IMAGE
,0,A_OK_NO_CHANGE,NONE,unknown,,,png,carsystem-sanding-block-198-kit,Carsystem Sanding Block 198 Kit,148.702,148.702,/products/carsystem/catalog/carsystem-sanding-block-198-kit.webp,https://www.carsystem.org/fileadmin/_processed_/0/7/csm_148702-cs-sanding-block-70x198-kit-22-holes_1ed74c2731.png,https://www.carsystem.org/fileadmin/products/images/148.702/148702-cs-sanding-block-70x198-kit-22-holes.png,7340bea44292da640d16c509c7bd39d8ba2cc1f2bb1bf9f579d2a14fd65e2e9a,660,257,WEBP,20008,True,0,False,,,alpha,"9,6,641,243","10,8,639,240",1.0157,1.0031,1.0125,0.9183,0.4936,0.0136,0.0152,0.0233,0.0311,0.0016,0.0009,0.0899,0.089,0.0118,0.9016,0.223,0.0045,0.0006,0.8674,0.0359,0.005,0.028,2,#010101,False,,,,,,,bez merljivog defekta,ne dirati,—,
,0,A_OK_NO_CHANGE,NONE,unknown,,,webp,carsystem-sanding-block-300-100,Carsystem Sanding Block 300 + 100,160.172,160.172,/products/carsystem/catalog/carsystem-sanding-block-300-100.webp,https://www.carsystem.org/fileadmin/_processed_/9/7/csm_159.571_160.172-sanding-block-100-300_67c3985ed9.webp,https://www.carsystem.org/fileadmin/products/images/159.571/159.571_160.172-sanding-block-100-300.webp,033a462c14f9122adbc01879de843099c93b728cdddf78fc8c65490f8829ba2a,660,704,WEBP,46982,True,0,False,,,alpha,"22,62,610,612","23,63,607,609",1.0099,1.0049,1.0049,0.8035,0.4517,0.0333,0.0424,0.0881,0.0426,0.0068,0.0004,0.2818,0.2814,0.0392,0.665,0.0674,0.3221,0.0,0.6398,0.0631,0.0034,0.0159,2,#000000,True,,,,,,,bez merljivog defekta,ne dirati,—,
,0,A_OK_NO_CHANGE,NONE,unknown,,,png,carsystem-sanding-block-400-2-0,Carsystem Sanding Block 400 2.0,159.534,159.534,/products/carsystem/catalog/carsystem-sanding-block-400-2-0.webp,https://www.carsystem.org/fileadmin/_processed_/9/d/csm_159.534-sanding-block-400-2.0-handschleifklotz_44479251be.png,https://www.carsystem.org/fileadmin/products/images/159.534/159.534-sanding-block-400-2.0-handschleifklotz.png,aab3e953b8434f3065e9439190b65b50e81664a6f2cd38f5548a1eaf2860eed0,660,463,WEBP,27048,True,0,False,,,alpha,"19,10,627,435","20,12,625,431",1.0125,1.0032,1.0093,0.8925,0.4585,0.0288,0.0212,0.0216,0.0389,0.0018,0.0,0.2109,0.2109,0.0,0.6811,0.4558,0.2273,0.0,0.7028,0.009,0.0033,0.0252,1,#000000,False,,,,,,,bez merljivog defekta,ne dirati,—,LOW_DETAIL|SOFT_IMAGE
,0,A_OK_NO_CHANGE,NONE,unknown,,,png,carsystem-sanding-block-400-grip-flex,Carsystem Sanding Block 400 Grip Flex,150.088,150.088,/products/carsystem/catalog/carsystem-sanding-block-400-grip-flex.webp,https://www.carsystem.org/fileadmin/_processed_/d/2/csm_150088-cs-sanding-block-400-grip-flex_62b7221c10.png,https://www.carsystem.org/fileadmin/products/images/150.088/150088-cs-sanding-block-400-grip-flex.png,a31dd1839f5a6762984b92a0486de04131eb15160022af120b1b1dd171ee1033,660,255,WEBP,31100,True,0,False,,,alpha,"12,16,623,239","13,17,619,221",1.0884,1.0065,1.0814,0.8847,0.467,0.0182,0.0379,0.0627,0.0,0.0328,0.0007,0.1906,0.1899,0.3529,0.2976,0.1094,0.0112,0.0001,0.3017,0.0555,0.0078,0.0475,1,#040404,True,,,,,,,bez merljivog defekta,ne dirati,—,
,0,A_OK_NO_CHANGE,NONE,confirmed,-73.4,2.21,png,carsystem-sanding-block-disc-kit-150,Carsystem Sanding Block Disc Kit 150,151.904,151.904,/products/carsystem/catalog/carsystem-sanding-block-disc-kit-150.webp,https://www.carsystem.org/fileadmin/_processed_/d/1/csm_151904-cs-sanding-block-disc-kit-150mm_c04aaf3a1b.png,https://www.carsystem.org/fileadmin/products/images/151.904/151904-cs-sanding-block-disc-kit-150mm.png,e4d91ee00fa8e9759887d14a4660bf04898548eb0f6b302a68a576faf4fdd7dc,660,389,WEBP,35262,True,0,False,,,alpha,"23,16,633,345","25,17,629,343",1.0122,1.0064,1.0058,0.8506,0.4343,0.0348,0.0061,0.0411,0.072,0.0089,0.001,0.1176,0.1167,0.0196,0.6851,0.0784,0.0001,0.0,0.5512,0.0186,0.0053,0.0435,4,#020201,False,,,,,,,bez merljivog defekta,ne dirati,—,LOW_DETAIL|MULTI_OBJECT
,0,A_OK_NO_CHANGE,NONE,unknown,,,png,carsystem-sanding-block-grip,Carsystem Sanding Block Grip,137.439,137.439,/products/carsystem/catalog/carsystem-sanding-block-grip.webp,https://www.carsystem.org/fileadmin/_processed_/8/c/csm_137439-cs-sanding-block-grip-150mm_ff23c2e9b2.png,https://www.carsystem.org/fileadmin/products/images/137.439/137439-cs-sanding-block-grip-150mm.png,2de8525b5ef97f774671c95fc159439b58efe7da3fee30fc8348e3bbe35830b9,660,349,WEBP,16884,True,0,False,,,alpha,"55,29,550,290","56,31,548,286",1.0177,1.0036,1.014,0.6925,0.463,0.0833,0.0833,0.0831,0.086,0.1418,0.0002,0.1804,0.1802,0.7882,0.2521,0.2255,0.7135,0.0,0.2612,0.0112,0.0033,0.0133,1,#000000,False,,,,,,,bez merljivog defekta,ne dirati,—,LOW_DETAIL|SOFT_IMAGE
,0,A_OK_NO_CHANGE,NONE,unknown,,,png,carsystem-sanding-block-grip-box,Carsystem Sanding Block Grip Box,142.009,142.009,/products/carsystem/catalog/carsystem-sanding-block-grip-box.webp,https://www.carsystem.org/fileadmin/_processed_/4/0/csm_142009-cs-sanding-block-box-grip-set_22085fce03.png,https://www.carsystem.org/fileadmin/products/images/142.009/142009-cs-sanding-block-box-grip-set.png,febb85746d8b58017cf52ba004bfc504dc217be1aaa79736bee7ba03aa612480,660,518,WEBP,27198,True,0,False,,,alpha,"68,8,569,503","69,10,567,500",1.0095,1.0035,1.006,0.8372,0.5431,0.103,0.0348,0.0154,0.0135,0.1152,0.0549,0.5131,0.4582,0.1647,0.0653,0.0,0.0993,0.0,0.0,0.0128,0.002,0.0097,1,#000000,False,,,,,,,bez merljivog defekta,ne dirati,—,LOW_DETAIL|SOFT_IMAGE
,0,A_OK_NO_CHANGE,NONE,unknown,,,png,carsystem-sanding-block-hard,Carsystem Sanding Block Hard,137.431,137.431,/products/carsystem/catalog/carsystem-sanding-block-hard.webp,https://www.carsystem.org/fileadmin/_processed_/c/b/csm_137431-cs-sanding-block-hard-125x70mm_c0aec18eac.png,https://www.carsystem.org/fileadmin/products/images/137.431/137431-cs-sanding-block-hard-125x70mm.png,53c59bcf4615e3c8c6ab7b63abbfc9d1e616f4a82116d4f7ce0f5447968ba176,660,296,WEBP,10924,True,0,False,,,alpha,"41,21,578,256","43,22,574,254",1.0149,1.007,1.0079,0.7574,0.4804,0.0621,0.0621,0.0709,0.0642,0.0065,0.0003,0.0319,0.0316,0.0,1.0,0.1216,0.0002,0.0,0.9243,0.007,0.0031,0.0167,1,#000000,False,,,,,,,bez merljivog defekta,ne dirati,—,LOW_DETAIL|SOFT_IMAGE
,0,A_OK_NO_CHANGE,NONE,unknown,,,png,carsystem-sanding-disc-f-19-77-mm,Carsystem Sanding Disc F.19 – 77 mm,156.647,156.647,/products/carsystem/catalog/carsystem-sanding-disc-f-19-77-mm.webp,https://www.carsystem.org/fileadmin/_processed_/b/1/csm_156647-655-cs-sanding-disc-f19-77-mm-ungelocht_8b28a88c5e.png,https://www.carsystem.org/fileadmin/products/images/156.647/156647-655-cs-sanding-disc-f19-77-mm-ungelocht.png,eef6c0f9639917a7e26b1bf75040206a5cc349758ab0269ae8fe27353785d051,660,660,WEBP,11236,True,0,False,,,alpha,"129,131,400,399","131,132,396,397",1.0152,1.0101,1.005,0.3664,0.2871,0.1955,0.1985,0.1985,0.197,0.0388,0.0328,0.0448,0.012,0.0706,0.1673,0.0,0.0,0.0,0.0001,0.0001,0.0029,0.0114,1,#000000,False,,,,,,,bez merljivog defekta,ne dirati,—,LOW_DETAIL|SOFT_IMAGE
,0,A_OK_NO_CHANGE,NONE,unknown,,,png,carsystem-sanding-disc-f-19-finish-77-mm,Carsystem Sanding Disc F.19 Finish – 77 mm,156.904,156.904,/products/carsystem/catalog/carsystem-sanding-disc-f-19-finish-77-mm.webp,https://www.carsystem.org/fileadmin/_processed_/e/a/csm_156905-cs-sand-disc-f19-finish-77mm-ungel-p2000_251b291a0c.png,https://www.carsystem.org/fileadmin/products/images/156.904/156905-cs-sand-disc-f19-finish-77mm-ungel-p2000.png,e47b26e1edd8644c8830bba5e1f60361f3ceea99a3bfa98330dc6f453946754f,660,660,WEBP,9386,True,0,False,,,alpha,"132,131,397,397","133,133,395,394",1.0127,1.0051,1.0076,0.3618,0.2842,0.2,0.1985,0.1985,0.2,0.0206,0.0137,0.0276,0.0139,0.0549,0.8459,0.0,0.0,0.0,0.4515,0.0,0.0028,0.0109,1,#000000,False,,,,,,,bez merljivog defekta,ne dirati,—,LOW_DETAIL|SOFT_IMAGE
,0,A_OK_NO_CHANGE,NONE,unknown,,,png,carsystem-sanding-disc-f-19-soft,Carsystem Sanding Disc F.19 Soft,156.933,156.933,/products/carsystem/catalog/carsystem-sanding-disc-f-19-soft.webp,https://www.carsystem.org/fileadmin/_processed_/a/b/csm_156937-cs-sanding-disc-f19-soft-152mm-p800_e40d0bdd45.png,https://www.carsystem.org/fileadmin/products/images/156.933/156937-cs-sanding-disc-f19-soft-152mm-p800.png,b50c63f4360fd7af605f604609f1cfc16d6febdb6c9b58bf2934f055b6683f6c,660,662,WEBP,59950,True,0,False,,,alpha,"9,15,637,637","10,16,634,634",1.0095,1.0047,1.0047,0.9287,0.6429,0.0136,0.0212,0.0227,0.0151,0.0148,0.0086,0.0215,0.0129,0.0549,0.8542,0.0,0.0,0.0,0.9084,0.0003,0.0081,0.0478,1,#000000,False,,,,,,,bez merljivog defekta,ne dirati,—,LOW_DETAIL|SOFT_IMAGE
,0,A_OK_NO_CHANGE,NONE,unknown,,,png,carsystem-sanding-disc-p-25-ceramic,Carsystem Sanding Disc P.25 Ceramic,160.273,160.273,/products/carsystem/catalog/carsystem-sanding-disc-p-25-ceramic.webp,https://www.carsystem.org/fileadmin/_processed_/b/c/csm_Sanding-Disc-P25-Ceramic-2_d59a51c815.png,https://www.carsystem.org/fileadmin/products/images/159.995/Sanding-Disc-P25-Ceramic-2.png,30a7f3eff926d975ab95f24aa5f2dda87f91c87fabbc540a7491a8ba8443e8a5,660,650,WEBP,98480,True,0,False,,,alpha,"27,22,599,599","29,23,595,596",1.0118,1.0067,1.005,0.8364,0.5977,0.0409,0.0515,0.0338,0.0446,0.0459,0.0265,0.0589,0.0324,0.4824,0.0,0.0,0.0,0.0,0.0109,0.0002,0.0052,0.0248,1,#000000,False,,,,,,,bez merljivog defekta,ne dirati,—,LOW_DETAIL|SOFT_IMAGE
,0,A_OK_NO_CHANGE,NONE,unknown,,,png,carsystem-sanding-fleece-v-19-disc,Carsystem Sanding Fleece V.19 – Disc,156.691,156.691,/products/carsystem/catalog/carsystem-sanding-fleece-v-19-disc.webp,https://www.carsystem.org/fileadmin/_processed_/0/f/csm_156044-045-156690-691-cs-schleifvlies-v19-scheibe-gruppe_19e0fdd2dd.png,https://www.carsystem.org/fileadmin/products/images/156.044/156044-045-156690-691-cs-schleifvlies-v19-scheibe-gruppe.png,e9c06d30acef574433db94ea709ec403ea626e39ac541b2a8e82c7d6d9a3423e,660,439,WEBP,55562,True,0,False,,,alpha,"42,12,577,395","44,14,574,391",1.0155,1.0052,1.0102,0.7866,0.5421,0.0636,0.0621,0.0273,0.0729,0.0144,0.0051,0.5333,0.5282,0.0275,0.6798,0.0001,0.0435,0.0,0.6181,0.1037,0.0025,0.0135,1,#000000,True,,,,,,,bez merljivog defekta,ne dirati,—,
,0,A_OK_NO_CHANGE,NONE,unknown,,,webp,carsystem-sanding-fleece-v-19-pad-115-x-230-mm,Carsystem Sanding Fleece V.19 – Pad - 115 x 230 mm,156.041,156.041,/products/carsystem/catalog/carsystem-sanding-fleece-v-19-pad-115-x-230-mm.webp,https://www.carsystem.org/fileadmin/_processed_/1/e/csm_156041-042-cs-schleifvlies-v19-pad-rot-grau-115x230mm-gruppe_0496c332b5.webp,https://www.carsystem.org/fileadmin/products/images/156.041/156041-042-cs-schleifvlies-v19-pad-rot-grau-115x230mm-gruppe.webp,6ccf22693748d25aa8032e4ed1c334b756e6a21c1b8e901b82ed95215ba0f995,660,587,WEBP,44486,True,0,False,,,alpha,"70,48,534,512","71,49,531,509",1.0116,1.0056,1.0059,0.7057,0.4771,0.1061,0.0848,0.0818,0.046,0.1532,0.0644,0.753,0.6885,0.5882,0.0699,0.0,0.5871,0.0,0.0002,0.1141,0.0028,0.0115,1,#000000,True,,,,,,,bez merljivog defekta,ne dirati,—,
,0,A_OK_NO_CHANGE,NONE,unknown,,,png,carsystem-sanding-fleece-v-19-roll-115-mm-x-10-m,Carsystem Sanding Fleece V.19 – Roll - 115 mm x 10 m,156.039,156.039,/products/carsystem/catalog/carsystem-sanding-fleece-v-19-roll-115-mm-x-10-m.webp,https://www.carsystem.org/fileadmin/_processed_/3/c/csm_156039-040-schleifvlies-v19-rolle-gruppe_e76519e8ac.png,https://www.carsystem.org/fileadmin/products/images/156.039/156039-040-schleifvlies-v19-rolle-gruppe.png,eb2124aeac3ae6407a3c5a947c20698eab9201951cf5b13e576508cd71d0d788,660,427,WEBP,42752,True,0,False,,,alpha,"45,9,595,411","46,10,592,408",1.0125,1.0051,1.0074,0.8677,0.5223,0.0682,0.0303,0.0211,0.0164,0.0149,0.0018,0.088,0.0862,0.2,0.3136,0.0298,0.0031,0.0,0.6477,0.0138,0.0047,0.0159,1,#000000,False,,,,,,,bez merljivog defekta,ne dirati,—,LOW_DETAIL|SOFT_IMAGE
,0,A_OK_NO_CHANGE,NONE,unknown,,,png,carsystem-sanding-strips-f-23-ceramic,Carsystem Sanding Strips F.23 Ceramic,159.227,159.227,/products/carsystem/catalog/carsystem-sanding-strips-f-23-ceramic.webp,https://www.carsystem.org/fileadmin/_processed_/0/7/csm_159.227-235-cs-f.23-sanding-strips_24aa82adaf.png,https://www.carsystem.org/fileadmin/products/images/159.227/159.227-235-cs-f.23-sanding-strips.png,ca1f7192db8c18f29d6a292507187367d602711a27fd347af891fd485d7e5d61,660,665,WEBP,42632,True,0,False,,,alpha,"50,54,552,567","52,56,549,563",1.0126,1.0055,1.0071,0.7131,0.3644,0.0758,0.0879,0.0812,0.0662,0.0086,0.0007,0.2132,0.2125,0.051,0.5568,0.0426,0.002,0.0,0.6664,0.0259,0.0031,0.0261,2,#000000,False,,,,,,,bez merljivog defekta,ne dirati,—,
,0,A_OK_NO_CHANGE,NONE,unknown,,,webp,carsystem-sanding-strips-p-25-ceramic,Carsystem Sanding Strips P.25 Ceramic,160.408,160.408,/products/carsystem/catalog/carsystem-sanding-strips-p-25-ceramic.webp,https://www.carsystem.org/fileadmin/_processed_/9/0/csm_160.408-413-p.25c-strips_f1a4a7f239.webp,https://www.carsystem.org/fileadmin/products/images/160.408/160.408-413-p.25c-strips.webp,04878b3464b040346a1fe2bdb08a61a93544fe4f7ee74d46f3d0f0aa6b6bc93f,660,449,WEBP,34568,True,0,False,,,alpha,"40,37,528,372","42,38,520,367",1.0292,1.0154,1.0136,0.6628,0.4868,0.0606,0.1394,0.0824,0.0891,0.1834,0.0482,0.7769,0.7287,0.5529,0.096,0.0,0.5724,0.0002,0.0154,0.1364,0.0145,0.03,1,#000000,True,,,,,,,bez merljivog defekta,ne dirati,—,
,0,A_OK_NO_CHANGE,NONE,unknown,,,png,carsystem-sanding-water-sw20,Carsystem Sanding Water SW20,157.446,157.446,/products/carsystem/catalog/carsystem-sanding-water-sw20.webp,https://www.carsystem.org/fileadmin/_processed_/3/2/csm_157446-157447-cs-schleifwasser-sw20-1-liter-5-liter-gruppe_f83a0f86b2.png,https://www.carsystem.org/fileadmin/products/images/157.446/157446-157447-cs-schleifwasser-sw20-1-liter-5-liter-gruppe.png,1b1a990c0d4ff46a478bd5879e448e58f2260f0ba0e0e7d5c930d89acf2280f5,660,591,WEBP,43734,True,0,False,,,alpha,"26,12,611,573","28,14,607,569",1.0137,1.0066,1.007,0.8976,0.7572,0.0394,0.0348,0.0203,0.0102,0.0456,0.0227,0.4723,0.4496,0.3765,0.1155,0.0155,0.0205,0.0,0.0443,0.0776,0.0033,0.0141,2,#010101,True,,,,,,,bez merljivog defekta,ne dirati,—,
,0,A_OK_NO_CHANGE,NONE,unknown,,,png,carsystem-scraper,Carsystem Scraper,140.984,140.984,/products/carsystem/catalog/carsystem-scraper.webp,https://www.carsystem.org/fileadmin/_processed_/6/6/csm_140984-985-cs-scraper-refill_be8e8515d0.png,https://www.carsystem.org/fileadmin/products/images/140.984/140984-985-cs-scraper-refill.png,104030777666ece0faaf007076e2ae8a6f900e78eadf7a83b2a8b55980dd55e1,660,540,WEBP,29616,True,0,False,,,alpha,"57,25,573,487","58,26,571,485",1.0076,1.0035,1.0041,0.783,0.3362,0.0864,0.0455,0.0463,0.0519,0.0336,0.013,0.2629,0.2499,0.0392,0.616,0.0219,0.0136,0.0002,0.1987,0.0713,0.0038,0.0186,2,#000000,True,,,,,,,bez merljivog defekta,ne dirati,—,
,0,A_OK_NO_CHANGE,NONE,unknown,,,webp,carsystem-shop-seat-pro,Carsystem Shop Seat Pro,160.161,160.161,/products/carsystem/catalog/carsystem-shop-seat-pro.webp,https://www.carsystem.org/fileadmin/_processed_/2/d/csm_160161-cs-shop-seat-pro_94520cc6d8.webp,https://www.carsystem.org/fileadmin/products/images/160.161/160161-cs-shop-seat-pro.webp,8cd958ce065f2db962a635ee17c0c11736d331da09c4fa3f54ea4fd56ea45755,660,705,WEBP,67778,True,0,False,,,alpha,"57,48,538,634","58,49,536,632",1.0069,1.0037,1.0032,0.7331,0.4859,0.0864,0.0985,0.0681,0.0326,0.0545,0.0037,0.3147,0.311,0.0,0.7898,0.0411,0.1512,0.0001,0.2188,0.0934,0.0025,0.0112,1,#000000,True,,,,,,,bez merljivog defekta,ne dirati,—,
,0,A_OK_NO_CHANGE,NONE,unknown,,,png,carsystem-silver-tape,Carsystem Silver Tape,135.715,135.715,/products/carsystem/catalog/carsystem-silver-tape.webp,https://www.carsystem.org/fileadmin/_processed_/b/5/csm_135715-138532-cs-silver-tape-gewebeband_86f0ca8b11.png,https://www.carsystem.org/fileadmin/products/images/135.715/135715-138532-cs-silver-tape-gewebeband.png,1baa7393e1e38e16e2915a556a6a7e78bcb7ee56c00fa34ae6deb6d94726f08e,660,440,WEBP,24204,True,0,False,,,alpha,"0,3,659,437","4,4,653,435",1.0138,1.0092,1.0046,0.9917,0.2943,0.0,0.0015,0.0068,0.0,0.0956,0.0487,0.7529,0.7042,0.0235,0.9992,0.0048,0.0962,0.0044,0.0212,0.061,0.0036,0.0278,1,#131312,True,,,,,,,bez merljivog defekta,ne dirati,—,SOFT_IMAGE
,0,A_OK_NO_CHANGE,NONE,unknown,,,webp,carsystem-silver-wheel,Carsystem Silver Wheel,126.021,126.021,/products/carsystem/catalog/carsystem-silver-wheel.webp,https://www.carsystem.org/fileadmin/_processed_/6/5/csm_126.021-felgensilber-spray_b2a83e881b.webp,https://www.carsystem.org/fileadmin/products/images/126.021/126.021-felgensilber-spray.webp,2c33ba9019b70a2299a680b777f48a0dfb3ca4118f529c3637c3019ff7d2fc30,660,1378,WEBP,76528,True,0,False,,,alpha,"108,55,429,1259","127,56,409,1254",1.0531,1.0489,1.004,0.5939,0.5405,0.1636,0.1864,0.0399,0.0464,0.2348,0.0685,0.7758,0.7073,0.5569,0.3933,0.0072,0.42,0.0166,0.0153,0.1176,0.0068,0.0127,1,#000000,True,,,,,,,bez merljivog defekta,ne dirati,—,
,0,A_OK_NO_CHANGE,NONE,unknown,,,png,carsystem-slim-tape,Carsystem Slim Tape,133.827,133.827,/products/carsystem/catalog/carsystem-slim-tape.webp,https://www.carsystem.org/fileadmin/_processed_/a/b/csm_133827-cs-slim-tape-18mmx50m_cff0afe12d.png,https://www.carsystem.org/fileadmin/products/images/133.827/133827-cs-slim-tape-18mmx50m.png,e1af11f1e5ffe67820d2539834ad9a82e77067b07647544c0d39dcb8a583d6dd,660,594,WEBP,24366,True,0,False,,,alpha,"3,3,655,591","4,4,653,589",1.0065,1.0031,1.0034,0.9874,0.185,0.0045,0.003,0.0051,0.0,0.2753,0.0688,0.4156,0.3468,0.4863,0.1278,0.0,0.1182,0.0,0.0079,0.074,0.0019,0.0386,1,#0c0b0a,True,,,,,,,bez merljivog defekta,ne dirati,—,
,0,A_OK_NO_CHANGE,NONE,unknown,,,png,carsystem-slim-tape-green,Carsystem Slim Tape Green,150.081,150.081,/products/carsystem/catalog/carsystem-slim-tape-green.webp,https://www.carsystem.org/fileadmin/_processed_/1/e/csm_150081-cs-slim-tape-green-18mmx18m_e770047803.png,https://www.carsystem.org/fileadmin/products/images/150.081/150081-cs-slim-tape-green-18mmx18m.png,2cdfca1cbb41af964bdc6a987f769e0374f73ba137ef55edb5419b6a95663fb6,660,591,WEBP,32148,True,0,False,,,alpha,"15,17,625,563","18,18,621,560",1.0118,1.0064,1.0054,0.9021,0.4035,0.0227,0.0303,0.0288,0.0186,0.1312,0.068,0.2524,0.1844,0.2549,0.1427,0.0,0.0003,0.0,0.0001,0.0321,0.0029,0.0179,1,#000000,False,,,,,,,bez merljivog defekta,ne dirati,—,SOFT_IMAGE
,0,A_OK_NO_CHANGE,NONE,not_detected,0.0,1.0,webp,carsystem-socks-carsystem-black-white,Carsystem Socks CARSYSTEM black & white,160.540,160.540,/products/carsystem/catalog/carsystem-socks-carsystem-black-white.webp,https://www.carsystem.org/fileadmin/_processed_/c/e/csm_160540-542-cs-wm-tennissocken_69f37c322a.webp,https://www.carsystem.org/fileadmin/products/images/160.540/160540-542-cs-wm-tennissocken.webp,20ba2af012da8aec9aefabaeb133e48c07fba7f62767c0d3bbc667b87db527ef,660,660,WEBP,38694,True,0,False,,,alpha,"106,0,502,612","108,0,498,608",1.0147,1.008,1.0066,0.7053,0.352,0.1606,0.0788,0.0,0.0727,0.5647,0.1764,0.8228,0.6464,0.0,0.7639,0.0136,0.5268,0.0001,0.0188,0.1667,0.0103,0.0333,1,#140f0d,True,,,,,,,bez merljivog defekta,ne dirati,—,
,0,A_OK_NO_CHANGE,NONE,unknown,,,png,carsystem-soft,Carsystem Soft,127.972,127.972,/products/carsystem/catalog/carsystem-soft.webp,https://www.carsystem.org/fileadmin/_processed_/9/e/csm_127.972-cs-soft-beige-inkl-haerter-3D_604cdd214a.png,https://www.carsystem.org/fileadmin/products/images/127.972/127.972-cs-soft-beige-inkl-haerter-3D.png,996aafb0294ce5ecc0a1b16b74ff2ec6f4f381db785fb015837643a95cf35a51,660,406,WEBP,46246,True,0,False,,,alpha,"56,50,519,299","85,57,489,290",1.0943,1.0613,1.031,0.5791,0.5201,0.0848,0.1288,0.1232,0.1404,0.1661,0.0491,0.8951,0.846,0.102,0.4815,0.0058,0.3215,0.001,0.0167,0.3087,0.0231,0.0348,1,#020202,True,,,,,,,bez merljivog defekta,ne dirati,—,
,0,A_OK_NO_CHANGE,NONE,unknown,,,png,carsystem-soft-interface-pad,Carsystem Soft Interface Pad,140.585,140.585,/products/carsystem/catalog/carsystem-soft-interface-pad.webp,https://www.carsystem.org/fileadmin/_processed_/1/8/csm_140584-585-cs-soft-interface-pad-grip-gruppe-150mm_6ea2d9d349.png,https://www.carsystem.org/fileadmin/products/images/140.584/140584-585-cs-soft-interface-pad-grip-gruppe-150mm.png,cc0c84d8fb229d98741efbfc0ce08406e70b75ece4ae4ab0438710535661accf,660,392,WEBP,74518,True,0,False,,,alpha,"0,12,660,380","1,14,658,377",1.011,1.003,1.008,0.9694,0.7538,0.0,0.0,0.0306,0.0,0.0243,0.0138,0.0449,0.0311,0.3137,0.004,0.0,0.0045,0.0,0.2882,0.0218,0.0045,0.0195,1,#2d2727,False,,,,,,,bez merljivog defekta,ne dirati,—,
,0,A_OK_NO_CHANGE,NONE,unknown,,,png,carsystem-spare-battery-5-0ah,"Carsystem Spare Battery 5,0Ah",160.110,160.110,/products/carsystem/catalog/carsystem-spare-battery-5-0ah.webp,https://www.carsystem.org/fileadmin/_processed_/3/0/csm_160110-cs-ersatzakku-5-ah-2_2d7800352d.png,https://www.carsystem.org/fileadmin/products/images/160.110/160110-cs-ersatzakku-5-ah-2.png,0b1ef401bf5128b1a31c25f57bdca2f14649ed0d2cf377180678307e01d7cd78,660,754,WEBP,49210,True,0,False,,,alpha,"35,41,594,659","36,43,591,655",1.0112,1.0051,1.0061,0.7866,0.4515,0.053,0.047,0.0544,0.0716,0.0129,0.0005,0.2378,0.2373,0.0235,0.8826,0.1428,0.1144,0.0003,0.5603,0.0469,0.0032,0.0138,1,#000000,False,,,,,,,bez merljivog defekta,ne dirati,—,
,0,A_OK_NO_CHANGE,NONE,unknown,,,png,carsystem-speedmixer-10-kg,Carsystem Speedmixer 10 kg,143.347,143.347,/products/carsystem/catalog/carsystem-speedmixer-10-kg.webp,https://www.carsystem.org/fileadmin/_processed_/5/f/csm_143347-cs-speedmixer-10kg_9d13de9c64.png,https://www.carsystem.org/fileadmin/products/images/143.205/143347-cs-speedmixer-10kg.png,0acae4f12681727b0f080676c7befd7dedcaa59f5d2a1ef88764e2cba6329167,660,1460,WEBP,64702,True,0,False,,,alpha,"72,26,526,1395","74,28,522,1390",1.0113,1.0077,1.0036,0.7615,0.2741,0.1091,0.0939,0.0178,0.0267,0.0579,0.003,0.5593,0.5563,0.0118,0.8627,0.0328,0.0519,0.0113,0.1305,0.1232,0.0049,0.0467,1,#000000,True,,,,,,,bez merljivog defekta,ne dirati,—,
,0,A_OK_NO_CHANGE,NONE,unknown,,,png,carsystem-speedmixer-3-kg,Carsystem Speedmixer 3 kg,151.017,151.017,/products/carsystem/catalog/carsystem-speedmixer-3-kg.webp,https://www.carsystem.org/fileadmin/_processed_/1/1/csm_151017-cs-speedmixer-3kg_b5dc8e5935.png,https://www.carsystem.org/fileadmin/products/images/146.427/151017-cs-speedmixer-3kg.png,100477c77884e0b2fcf2a0ae975372fd4ca41a36923127e957750792a89bca6f,660,410,WEBP,30242,True,0,False,,,alpha,"22,20,620,380","24,21,617,378",1.0102,1.0049,1.0053,0.8707,0.3486,0.0333,0.0273,0.0488,0.0244,0.0565,0.0009,0.3837,0.3828,0.2667,0.3404,0.0903,0.0234,0.0045,0.3341,0.0738,0.0039,0.0307,1,#000000,True,,,,,,,bez merljivog defekta,ne dirati,—,
,0,A_OK_NO_CHANGE,NONE,unknown,,,png,carsystem-spotblender,Carsystem Spotblender,148.989,148.989,/products/carsystem/catalog/carsystem-spotblender.webp,https://www.carsystem.org/fileadmin/_processed_/b/e/csm_148989-cs-spotblender-1-l_4be45e23b6.png,https://www.carsystem.org/fileadmin/products/images/148.989/148989-cs-spotblender-1-l.png,118212a3718161ac08a1c05eb5b7e04d0123e3ce1c8cb395d56ae0203137d5bb,660,965,WEBP,69102,True,0,False,,,alpha,"53,34,559,902","55,36,556,898",1.0099,1.0054,1.0045,0.7917,0.7445,0.0803,0.0727,0.0352,0.0301,0.6243,0.0394,0.8372,0.7978,0.0235,0.747,0.0035,0.6452,0.002,0.0207,0.0884,0.0024,0.0074,1,#000000,True,,,,,,,bez merljivog defekta,ne dirati,—,
,0,A_OK_NO_CHANGE,NONE,unknown,,,webp,carsystem-spray-filler-spray,Carsystem Spray Filler Spray,125.580,125.580,/products/carsystem/catalog/carsystem-spray-filler-spray.webp,https://www.carsystem.org/fileadmin/_processed_/6/6/csm_125580-spritzspachtel-spray-400ml_14101393c5.webp,https://www.carsystem.org/fileadmin/products/images/125.580/125580-spritzspachtel-spray-400ml.webp,d5ace6550413071c88fe88d2e3006acc5bd231f3e98ffac2e686e44f8cb2e888,660,1378,WEBP,81722,True,0,False,,,alpha,"108,55,429,1259","127,56,409,1254",1.0531,1.0489,1.004,0.5939,0.5405,0.1636,0.1864,0.0399,0.0464,0.2374,0.0633,0.956,0.8926,0.4196,0.4394,0.008,0.6225,0.0395,0.0192,0.1278,0.0068,0.0128,1,#000000,True,,,,,,,bez merljivog defekta,ne dirati,—,
,0,A_OK_NO_CHANGE,NONE,unknown,,,png,carsystem-spray-out-cards-metal,Carsystem Spray Out Cards Metal,153.758,153.758,/products/carsystem/catalog/carsystem-spray-out-cards-metal.webp,https://www.carsystem.org/fileadmin/_processed_/a/e/csm_153758-759-spray-out-cards_438396339e.png,https://www.carsystem.org/fileadmin/products/images/153.758/153758-759-spray-out-cards.png,66cfe6bccc5c8a2b51adc71dc3d36b44ca4ed2b802cba3de4d5d02278b92524e,660,726,WEBP,21264,True,0,False,,,alpha,"14,18,633,698","15,19,631,696",1.0061,1.0032,1.0029,0.9221,0.8062,0.0212,0.0197,0.0248,0.0138,0.0454,0.0006,0.6514,0.6508,0.102,0.4348,0.0509,0.3539,0.0,0.0684,0.0218,0.0033,0.0126,1,#000000,False,,,,,,,bez merljivog defekta,ne dirati,—,
,0,A_OK_NO_CHANGE,NONE,unknown,,,png,carsystem-squeezer,Carsystem Squeezer,157.987,157.987,/products/carsystem/catalog/carsystem-squeezer.webp,https://www.carsystem.org/fileadmin/_processed_/1/7/csm_139858-157987-cs-squeezer-press-mit-logo_7c20f9f540.png,https://www.carsystem.org/fileadmin/products/images/157.987/139858-157987-cs-squeezer-press-mit-logo.png,e0a3d474c13da66b34b6b38a725fcd39893cee5e77667a02f05e70df42f5563a,660,505,WEBP,64458,True,0,False,,,alpha,"9,15,645,476","11,18,641,471",1.0169,1.0062,1.0106,0.9212,0.5979,0.0136,0.0091,0.0297,0.0277,0.4187,0.0007,0.6272,0.6264,0.7294,0.0605,0.0453,0.6561,0.0,0.0783,0.0609,0.0033,0.0184,1,#000000,True,,,,,,,bez merljivog defekta,ne dirati,—,
,0,A_OK_NO_CHANGE,NONE,unknown,,,png,carsystem-star-dust-2-0-ffp2,Carsystem Star Dust 2.0 FFP2,159.949,159.949,/products/carsystem/catalog/carsystem-star-dust-2-0-ffp2.webp,https://www.carsystem.org/fileadmin/_processed_/b/8/csm_159949-cs-star-dust-ffp2_f837435b37.png,https://www.carsystem.org/fileadmin/products/images/159.949/159949-cs-star-dust-ffp2.png,dd3af3eccd0aa054a75ef8f748c1ceb539e85e1c8da9f0986ee65773daa940d6,660,1012,WEBP,40844,True,0,False,,,alpha,"74,56,486,889","76,57,483,886",1.0096,1.0062,1.0034,0.6469,0.5045,0.1121,0.1515,0.0553,0.0662,0.0006,0.0,0.8304,0.8304,0.0039,0.7868,0.5663,0.2028,0.0,0.6507,0.0431,0.0026,0.0101,1,#000000,False,,,,,,,bez merljivog defekta,ne dirati,—,SOFT_IMAGE
,0,A_OK_NO_CHANGE,NONE,unknown,,,png,carsystem-star-dust-2-0-ffp3-with-valve,Carsystem Star Dust 2.0 FFP3 with Valve,159.950,159.950,/products/carsystem/catalog/carsystem-star-dust-2-0-ffp3-with-valve.webp,https://www.carsystem.org/fileadmin/_processed_/c/b/csm_159950-cs-star-dust-ffp3_9c281ddc43.png,https://www.carsystem.org/fileadmin/products/images/159.950/159950-cs-star-dust-ffp3.png,23a22ce649f2567cddd8ea343404531098645d58dc6bd75ffc92746cdfb5b165,660,876,WEBP,33826,True,0,False,,,alpha,"99,61,548,748","101,63,545,744",1.0109,1.0055,1.0054,0.709,0.4226,0.15,0.0197,0.0696,0.0765,0.0006,0.0,0.6622,0.6622,0.0078,0.7068,0.5625,0.1211,0.0,0.6997,0.0287,0.0031,0.0164,1,#000000,False,,,,,,,bez merljivog defekta,ne dirati,—,
,0,A_OK_NO_CHANGE,NONE,unknown,,,png,carsystem-star-mask,Carsystem Star Mask,141.143,141.143,/products/carsystem/catalog/carsystem-star-mask.webp,https://www.carsystem.org/fileadmin/_processed_/6/e/csm_141143-141145-cs-star-mask-ffa2-p2-r_eacea50421.png,https://www.carsystem.org/fileadmin/products/images/141.143/141143-141145-cs-star-mask-ffa2-p2-r.png,4cd30bf0cf0bb29b876d70553178e14655de1e520f98da39ff4e5e2b7d2fc977,660,527,WEBP,47672,True,8,False,,,alpha,"0,0,660,527","1,1,658,525",1.0069,1.003,1.0038,1.0,0.3536,0.0,0.0,0.0,0.0,0.1031,0.0011,0.5611,0.56,0.0667,0.4752,0.0615,0.063,0.0004,0.2731,0.0579,0.0118,0.0711,8,#2d2c2b,True,,,,,,,bez merljivog defekta,ne dirati,—,MULTI_OBJECT
,0,A_OK_NO_CHANGE,NONE,unknown,,,png,carsystem-star-mask-disc,Carsystem Star Mask Disc,144.310,144.310,/products/carsystem/catalog/carsystem-star-mask-disc.webp,https://www.carsystem.org/fileadmin/_processed_/c/9/csm_144310-cs-star-mask-disk-filter-holder_de2833c407.png,https://www.carsystem.org/fileadmin/products/images/144.310/144310-cs-star-mask-disk-filter-holder.png,e05713e036dd0fb0d2102facbabcc1c2d920a79472a6620edc510efeba66e15b,660,697,WEBP,26754,True,0,False,,,alpha,"7,11,641,675","9,12,638,673",1.0077,1.0047,1.003,0.9406,0.5711,0.0106,0.0182,0.0158,0.0158,0.4877,0.3684,0.7337,0.3653,0.0196,1.0,0.0,0.2324,0.0007,0.0,0.0344,0.0025,0.0139,1,#030303,False,,,,,,,bez merljivog defekta,ne dirati,—,SOFT_IMAGE
,0,A_OK_NO_CHANGE,NONE,unknown,,,png,carsystem-star-mask-pre-p2-r,Carsystem Star Mask Pre P2 R,141.154,141.154,/products/carsystem/catalog/carsystem-star-mask-pre-p2-r.webp,https://www.carsystem.org/fileadmin/_processed_/9/7/csm_141154-cs-star-mask-pre-p2s-r_8065221345.png,https://www.carsystem.org/fileadmin/products/images/141.154/141154-cs-star-mask-pre-p2s-r.png,17336a3c274d1559722d7e4ce5579a3e8f924484045ef0d6774be193d8c1ec75,660,634,WEBP,45056,True,0,False,,,alpha,"26,16,615,609","27,18,612,606",1.0099,1.0049,1.005,0.8951,0.4328,0.0394,0.0288,0.0252,0.0142,0.544,0.0666,0.6775,0.6109,0.0314,0.9957,0.0042,0.4484,0.0,0.0189,0.1636,0.0018,0.0171,3,#000000,True,,,,,,,bez merljivog defekta,ne dirati,—,
,0,A_OK_NO_CHANGE,NONE,unknown,,,png,carsystem-star-mask-refill,Carsystem Star Mask Refill,141.224,141.224,/products/carsystem/catalog/carsystem-star-mask-refill.webp,https://www.carsystem.org/fileadmin/_processed_/0/0/csm_141224-cs-star-mask-refill-a2_b0c7fde064.png,https://www.carsystem.org/fileadmin/products/images/141.224/141224-cs-star-mask-refill-a2.png,de4e0e94100e6733fe7d7d5b6acc0a1935fc0e311ff63d79571a15ae823c7d50,660,383,WEBP,45928,True,0,False,,,alpha,"0,0,660,383","1,1,658,381",1.0083,1.003,1.0052,1.0,0.631,0.0,0.0,0.0,0.0,0.5227,0.0436,0.9183,0.8747,0.1294,0.1774,0.0,0.4982,0.0107,0.0304,0.2205,0.0031,0.0131,1,#2b2b29,True,,,,,,,bez merljivog defekta,ne dirati,—,
,0,A_OK_NO_CHANGE,NONE,unknown,,,png,carsystem-staub-stop,Carsystem Staub Stop,132.615,132.615,/products/carsystem/catalog/carsystem-staub-stop.webp,https://www.carsystem.org/fileadmin/_processed_/5/f/csm_132616-cs-staub-stop-standard-5er_ebb4ad3c91.png,https://www.carsystem.org/fileadmin/products/images/132.615/132616-cs-staub-stop-standard-5er.png,304d681631603c716c1430dd84791b5d168b831972ac971af9925b3a58ec9f0a,660,534,WEBP,27638,True,0,False,,,alpha,"1,21,643,492","3,22,639,490",1.0104,1.0063,1.0041,0.8976,0.3943,0.0015,0.0242,0.0393,0.0393,0.4614,0.0408,0.5891,0.5483,0.0824,0.3507,0.0,0.4416,0.0,0.0238,0.0625,0.0036,0.0189,1,#020202,True,,,,,,,bez merljivog defekta,ne dirati,—,
,0,A_OK_NO_CHANGE,NONE,unknown,,,png,carsystem-staub-stop-super-wave,Carsystem Staub Stop Super Wave,148.124,148.124,/products/carsystem/catalog/carsystem-staub-stop-super-wave.webp,https://www.carsystem.org/fileadmin/_processed_/7/6/csm_148124-cs-staub-stop-super-wave-1-stueck_d924a75ca8.png,https://www.carsystem.org/fileadmin/products/images/148.124/148124-cs-staub-stop-super-wave-1-stueck.png,aa5fa27cb964d7449566fee278557d6c04ad79d47e2354d4b3c9d5a4cb276a65,660,644,WEBP,59348,True,0,False,,,alpha,"31,22,590,597","32,25,588,593",1.0102,1.0034,1.0067,0.8287,0.5117,0.047,0.0591,0.0342,0.0388,0.1248,0.0129,0.6077,0.5948,0.2196,0.1962,0.0001,0.1146,0.0,0.0864,0.0748,0.0035,0.0145,1,#000000,True,,,,,,,bez merljivog defekta,ne dirati,—,
,0,A_OK_NO_CHANGE,NONE,unknown,,,webp,carsystem-staub-stop-water,Carsystem Staub Stop Water,144.538,144.538,/products/carsystem/catalog/carsystem-staub-stop-water.webp,https://www.carsystem.org/fileadmin/_processed_/8/b/csm_144538-staub-stop-water-10-stueck_50add42b84.webp,https://www.carsystem.org/fileadmin/products/images/144.538/144538-staub-stop-water-10-stueck.webp,e60f7950e378942f9c8c8940f10450ff79d5634886c22a404bee4509e43d9a91,660,579,WEBP,28684,True,0,False,,,alpha,"50,18,506,520","52,20,500,513",1.0258,1.012,1.0136,0.6885,0.3594,0.0758,0.1576,0.0311,0.0708,0.6149,0.1076,0.8388,0.7312,0.1922,0.2308,0.0,0.6791,0.0,0.0001,0.1107,0.0095,0.0291,1,#000000,True,,,,,,,bez merljivog defekta,ne dirati,—,
,0,A_OK_NO_CHANGE,NONE,unknown,,,png,carsystem-steel,Carsystem Steel,138.587,138.587,/products/carsystem/catalog/carsystem-steel.webp,https://www.carsystem.org/fileadmin/_processed_/0/3/csm_138587-cs-steel-inkl-haerter-kg-0_9_3c4475bec2.png,https://www.carsystem.org/fileadmin/products/images/138.587/138587-cs-steel-inkl-haerter-kg-0_9.png,2ef5bf05eed696d1cac6d64bc6e549ee37afc0fe36932bea7d9b1d8a07bba603,660,388,WEBP,45864,True,0,False,,,alpha,"121,41,419,304","122,42,416,301",1.0173,1.0072,1.01,0.4974,0.4634,0.1833,0.1818,0.1057,0.1108,0.1622,0.0352,0.9735,0.9384,0.2745,0.4538,0.0071,0.6284,0.0554,0.0336,0.3435,0.0074,0.0169,1,#000000,True,,,,,,,bez merljivog defekta,ne dirati,—,
,0,A_OK_NO_CHANGE,NONE,unknown,,,png,carsystem-stripping-disc,Carsystem Stripping Disc,127.999,127.999,/products/carsystem/catalog/carsystem-stripping-disc.webp,https://www.carsystem.org/fileadmin/_processed_/a/f/csm_128000-cs-topline-paintoff-stripping-disc-150mm_00ac0a09fc.png,https://www.carsystem.org/fileadmin/products/images/127.999/128000-cs-topline-paintoff-stripping-disc-150mm.png,28f1ebdd4ce1d4a333c8ddbbc89740c46b50d57bd04588c3d4a4bc7620ad6fab,660,657,WEBP,128066,True,0,False,,,alpha,"1,3,657,651","3,4,654,649",1.0077,1.0046,1.0031,0.9864,0.7575,0.0015,0.003,0.0046,0.0046,0.003,0.0,0.0595,0.0595,0.0,1.0,0.3702,0.0016,0.0002,0.8536,0.0618,0.002,0.0084,1,#080808,True,,,,,,,bez merljivog defekta,ne dirati,—,MOSTLY_BLACK
,0,A_OK_NO_CHANGE,NONE,unknown,,,png,carsystem-super-nitril-hand-i,Carsystem Super Nitril Hand I,145.130,145.130,/products/carsystem/catalog/carsystem-super-nitril-hand-i.webp,https://www.carsystem.org/fileadmin/_processed_/2/d/csm_145130-131-super-nitril-hand-I_a2bf33dd74.png,https://www.carsystem.org/fileadmin/products/images/145.130/145130-131-super-nitril-hand-I.png,a4d3b3c1ce936187587e068ca60d9200ce25da41a78918e83e01e3f949692c55,660,727,WEBP,57476,True,255,False,,,alpha,"0,12,617,715","0,14,615,713",1.0061,1.0033,1.0028,0.9194,0.5267,0.0,0.0652,0.0165,0.0,0.0738,0.0063,0.1735,0.1673,0.3412,0.0318,0.0139,0.0002,0.0,0.1513,0.0042,0.0024,0.0149,1,#181008,False,,,,,,,bez merljivog defekta,ne dirati,—,LOW_DETAIL|SOFT_IMAGE
,0,F_SPECIAL_MARKETING_IMAGE,SOURCE_IMAGE_PROBLEM,unknown,,,webp,carsystem-sweatshirt-black-teamcarsystem,Carsystem Sweatshirt Black #teamCARSYSTEM,160.325,160.325,/products/carsystem/catalog/carsystem-sweatshirt-black-teamcarsystem.webp,https://www.carsystem.org/fileadmin/_processed_/3/c/csm_160325-160330-sweatshirt-schwarz-2025_8495d2ed64.webp,https://www.carsystem.org/fileadmin/products/images/160.325/160325-160330-sweatshirt-schwarz-2025.webp,ac7eb0ce5cf75783c1bb00a38eaf3480af4bb578bce66d134cee24f6fb2f8962,660,1072,WEBP,49000,True,0,False,,,alpha,"106,33,493,1039","108,38,490,1034",1.011,1.0061,1.0048,0.724,0.5153,0.1606,0.0924,0.0308,0.0,0.0072,0.0012,0.4113,0.4101,0.0314,0.6985,0.0316,0.0809,0.0,0.6672,0.0308,0.0028,0.0117,1,#0b0c0d,False,,,,,,,merch/model/brand composition,izvan packshot workflow-a — samo padding/scale politika kartice,nema (ne dira se),MERCH
,0,F_SPECIAL_MARKETING_IMAGE,SOURCE_IMAGE_PROBLEM,unknown,,,png,carsystem-sweatshirt-grey-teamcarsystem,Carsystem Sweatshirt Grey #TeamCARSYSTEM,159.864,159.864,/products/carsystem/catalog/carsystem-sweatshirt-grey-teamcarsystem.webp,https://www.carsystem.org/fileadmin/_processed_/e/e/csm_159864-868-909-sweatshirt-grau_610353c282.png,https://www.carsystem.org/fileadmin/products/images/159.864/159864-868-909-sweatshirt-grau.png,f43f0b294548e33e14d1ce5806dce2db89826abb0335ae2fde0d370e2abd4717,660,718,WEBP,98062,True,0,False,,,alpha,"40,47,560,671","41,48,558,670",1.0051,1.0036,1.0015,0.7929,0.5826,0.0606,0.0909,0.0655,0.0,0.0748,0.0,0.4264,0.4264,0.0118,0.8711,0.1284,0.0377,0.0005,0.2634,0.1242,0.0026,0.0116,1,#010101,True,,,,,,,merch/model/brand composition,izvan packshot workflow-a — samo padding/scale politika kartice,nema (ne dira se),MERCH
,0,F_SPECIAL_MARKETING_IMAGE,SOURCE_IMAGE_PROBLEM,unknown,,,png,carsystem-t-shirt-black-teamcarsystem,Carsystem T-Shirt Black #teamCARSYSTEM,159.827,159.827,/products/carsystem/catalog/carsystem-t-shirt-black-teamcarsystem.webp,https://www.carsystem.org/fileadmin/_processed_/d/f/csm_159387-391-cs-t-shirt-teamcarsystem_d48e89a7ce.png,https://www.carsystem.org/fileadmin/products/images/159.827/159387-391-cs-t-shirt-teamcarsystem.png,b366e90ec44f1d008917758fdd92002eb4a08adb5ba3f84d26a7cdfbd97623a6,660,652,WEBP,29650,True,0,False,,,alpha,"70,41,551,611","71,42,549,610",1.0053,1.0036,1.0016,0.7824,0.6048,0.1061,0.0591,0.0629,0.0,0.0,0.0,0.1191,0.1191,0.0,0.8108,0.7606,0.0181,0.0032,0.8254,0.0164,0.0029,0.0119,1,#010101,False,,,,,,,merch/model/brand composition,izvan packshot workflow-a — samo padding/scale politika kartice,nema (ne dira se),CRUSHED_BLACK|LOW_DETAIL|SOFT_IMAGE|MERCH
,0,A_OK_NO_CHANGE,NONE,unknown,,,png,carsystem-tape-off-disc-premium,Carsystem Tape Off Disc Premium,152.013,152.013,/products/carsystem/catalog/carsystem-tape-off-disc-premium.webp,https://www.carsystem.org/fileadmin/_processed_/c/2/csm_152013-cs-tape-off-disc-premium_e722fb2c44.png,https://www.carsystem.org/fileadmin/products/images/152.013/152013-cs-tape-off-disc-premium.png,d8f7f48b260fe44c84fbb15d7ff4d0d06e319a2f4e44f51b6bbf9c554c539f91,660,528,WEBP,28720,True,0,False,,,alpha,"74,96,519,334","76,97,516,325",1.0337,1.0058,1.0277,0.4974,0.4207,0.1121,0.1015,0.1818,0.1856,0.2557,0.0062,0.3361,0.3298,0.8706,0.0431,0.0004,0.674,0.0,0.0695,0.0367,0.0398,0.0543,1,#000000,False,,,,,,,bez merljivog defekta,ne dirati,—,SOFT_IMAGE
,0,A_OK_NO_CHANGE,NONE,unknown,,,png,carsystem-tape-off-tool,Carsystem Tape Off Tool,133.172,133.172,/products/carsystem/catalog/carsystem-tape-off-tool.webp,https://www.carsystem.org/fileadmin/_processed_/a/6/csm_133172-cs-tape-off-tool_1483411394.png,https://www.carsystem.org/fileadmin/products/images/133.172/133172-cs-tape-off-tool.png,cda7f5bab974437c2b5015bc428bc87f5fbb3bf52cb700c46e05d61295d4b268,660,246,WEBP,16230,True,0,False,,,alpha,"41,48,571,181","42,50,569,177",1.0262,1.0035,1.0226,0.6366,0.3509,0.0621,0.0727,0.1951,0.0691,0.021,0.0003,0.7435,0.7432,0.0824,0.437,0.1026,0.1448,0.0006,0.4935,0.1137,0.0047,0.0375,1,#000000,True,,,,,,,bez merljivog defekta,ne dirati,—,
,0,A_OK_NO_CHANGE,NONE,unknown,,,png,carsystem-tec-line-matt-matting-mousse,Carsystem Tec Line Matt Matting Mousse,151.947,151.947,/products/carsystem/catalog/carsystem-tec-line-matt-matting-mousse.webp,https://www.carsystem.org/fileadmin/_processed_/9/e/csm_151947-cs-tec-line-matt-matting-mousse-kg1_0_f6e294f72d.png,https://www.carsystem.org/fileadmin/products/images/151.947/151947-cs-tec-line-matt-matting-mousse-kg1_0.png,ec69c943548657570bd403f2514dbf666ac6c87090831b6e990756f5eb9f2dad,660,1148,WEBP,60424,True,0,False,,,alpha,"111,47,436,1046","113,49,432,1043",1.0122,1.0093,1.0029,0.6019,0.5316,0.1682,0.1712,0.0409,0.0479,0.0935,0.0345,0.5032,0.4688,0.5804,0.12,0.0004,0.2818,0.0,0.0094,0.0623,0.0027,0.0102,1,#000000,True,,,,,,,bez merljivog defekta,ne dirati,—,
,0,A_OK_NO_CHANGE,NONE,unknown,,,png,carsystem-tec-line-mattflex-pad,Carsystem Tec Line Mattflex Pad,152.686,152.686,/products/carsystem/catalog/carsystem-tec-line-mattflex-pad.webp,https://www.carsystem.org/fileadmin/_processed_/4/9/csm_152686-87-88-157444-cs-tec-line-mattflex-pad-gruppe_75c69978cc.png,https://www.carsystem.org/fileadmin/products/images/152.686/152686-87-88-157444-cs-tec-line-mattflex-pad-gruppe.png,e447f712af85b369984e08e3f38a98dec0fb676c1ce6698aee38d723418f9446,660,645,WEBP,59522,True,0,False,,,alpha,"7,3,649,636","8,4,646,633",1.0094,1.0046,1.0047,0.9696,0.6095,0.0106,0.0061,0.0047,0.0093,0.0156,0.0009,0.2424,0.2414,0.1098,0.2908,0.0858,0.0306,0.0,0.5922,0.0423,0.0026,0.015,2,#0e0e0e,False,,,,,,,bez merljivog defekta,ne dirati,—,
,0,A_OK_NO_CHANGE,NONE,unknown,,,png,carsystem-tec-line-mattflex-premium,Carsystem Tec Line Mattflex Premium,151.616,151.616,/products/carsystem/catalog/carsystem-tec-line-mattflex-premium.webp,https://www.carsystem.org/fileadmin/_processed_/4/0/csm_151616-617-cs-tec-line-mattflex-premium-rolle-gruppe_0b798f5776.png,https://www.carsystem.org/fileadmin/products/images/151.616/151616-617-cs-tec-line-mattflex-premium-rolle-gruppe.png,739f3c8930f6f2dcef7836087f4a454088b3d286878b8d52147453519eb0a5a2,660,550,WEBP,55884,True,0,False,,,alpha,"7,15,646,512","8,16,643,510",1.0086,1.0047,1.0039,0.9112,0.4622,0.0106,0.0106,0.0273,0.0418,0.0047,0.0009,0.0339,0.0329,0.0118,0.9416,0.0628,0.0001,0.0,0.8926,0.0175,0.0043,0.0225,1,#000000,False,,,,,,,bez merljivog defekta,ne dirati,—,LOW_DETAIL
,0,A_OK_NO_CHANGE,NONE,unknown,,,png,carsystem-tec-line-n20,Carsystem Tec Line N20,157.438,157.438,/products/carsystem/catalog/carsystem-tec-line-n20.webp,https://www.carsystem.org/fileadmin/_processed_/6/1/csm_157438-439-440-441-442-443-cs-tec-line-n20-70x400-mm-gruppe_2d603493f4.png,https://www.carsystem.org/fileadmin/products/images/157.438/157438-439-440-441-442-443-cs-tec-line-n20-70x400-mm-gruppe.png,cc734df5b2c5e925c502855a1bed6d3ecf8cd6be16d121d7fb403486d67034f8,660,692,WEBP,75788,True,0,False,,,alpha,"4,3,652,683","6,5,648,680",1.0106,1.0062,1.0044,0.975,0.6639,0.0061,0.0061,0.0043,0.0087,0.03,0.0111,0.206,0.1949,0.2941,0.323,0.0,0.0038,0.0,0.2534,0.053,0.0057,0.0155,1,#050505,True,,,,,,,bez merljivog defekta,ne dirati,—,
,0,A_OK_NO_CHANGE,NONE,unknown,,,png,carsystem-tec-line-pro-finish,Carsystem Tec Line Pro Finish,152.983,152.983,/products/carsystem/catalog/carsystem-tec-line-pro-finish.webp,https://www.carsystem.org/fileadmin/_processed_/e/b/csm_152983-984-153256-257-cs-tec-line-pro-finish-150mm_3bc06bca00.png,https://www.carsystem.org/fileadmin/products/images/152.983/152983-984-153256-257-cs-tec-line-pro-finish-150mm.png,ebf9c86a2f2fc1b582b123a81df85fa554e6f1f9a4df28909a52d67ebe3ba93c,660,678,WEBP,90730,True,0,False,,,alpha,"36,21,586,635","37,22,584,633",1.0066,1.0034,1.0032,0.8316,0.6405,0.0545,0.0576,0.031,0.0324,0.0048,0.0011,0.0393,0.0382,0.0157,0.9877,0.048,0.0015,0.0,0.8649,0.0142,0.0036,0.0104,1,#000000,False,,,,,,,bez merljivog defekta,ne dirati,—,LOW_DETAIL|SOFT_IMAGE
,0,A_OK_NO_CHANGE,NONE,unknown,,,png,carsystem-tec-line-softflex,Carsystem Tec Line Softflex,152.689,152.689,/products/carsystem/catalog/carsystem-tec-line-softflex.webp,https://www.carsystem.org/fileadmin/_processed_/2/5/csm_152689-696-cs-tec-line-softlex-rolle-115x125mm_8280ff5c19.png,https://www.carsystem.org/fileadmin/products/images/152.689/152689-696-cs-tec-line-softlex-rolle-115x125mm.png,c144bd362adf3079e54e60eb8298c90c87fc03d7bdab128196e7be335d7787bf,660,660,WEBP,28166,True,0,False,,,alpha,"76,33,486,600","78,35,482,597",1.0134,1.0083,1.005,0.6694,0.565,0.1152,0.1485,0.05,0.0409,0.0846,0.0065,0.4079,0.4014,0.5725,0.0375,0.0035,0.1225,0.0,0.1219,0.0372,0.0023,0.0087,1,#000000,False,,,,,,,bez merljivog defekta,ne dirati,—,
,0,A_OK_NO_CHANGE,NONE,unknown,,,webp,carsystem-thermo-spray,Carsystem Thermo-Spray,126.086,126.086,/products/carsystem/catalog/carsystem-thermo-spray.webp,https://www.carsystem.org/fileadmin/_processed_/5/9/csm_126.086-126.087-thermo-Spray_4923f1a7b7.webp,https://www.carsystem.org/fileadmin/products/images/126.086/126.086-126.087-thermo-Spray.webp,9176f4bb92b7c9862fac9359607ad7fe894dac08e9b8818be522634e4812b45d,660,825,WEBP,72260,True,0,False,,,alpha,"63,44,526,731","74,46,514,726",1.0304,1.0233,1.0069,0.7062,0.6075,0.0955,0.1076,0.0533,0.0606,0.1826,0.0252,0.7511,0.7259,0.4902,0.3881,0.0041,0.4353,0.0127,0.0361,0.1756,0.0075,0.0165,2,#000000,True,,,,,,,bez merljivog defekta,ne dirati,—,
,0,A_OK_NO_CHANGE,NONE,unknown,,,webp,carsystem-top-tape,Carsystem Top Tape,139.262,139.262,/products/carsystem/catalog/carsystem-top-tape.webp,https://www.carsystem.org/fileadmin/_processed_/e/c/csm_139263-64-65-67-cs-top-tape_90840f3bc7.webp,https://www.carsystem.org/fileadmin/products/images/139.262/139263-64-65-67-cs-top-tape.webp,106728b4fe7aa7ecbfdfc690eb2a5a89eaeae97fbcc7332782272ee4fcd1d86d,660,660,WEBP,31228,True,0,False,,,alpha,"39,45,524,558","43,46,519,556",1.0133,1.0096,1.0036,0.6712,0.4121,0.0591,0.147,0.0682,0.0864,0.4852,0.1095,0.783,0.6735,0.1647,0.0154,0.0,0.5127,0.0,0.0,0.0821,0.0031,0.0153,1,#000000,True,,,,,,,bez merljivog defekta,ne dirati,—,
,0,A_OK_NO_CHANGE,NONE,unknown,,,png,carsystem-topline-soft-pad,Carsystem Topline Soft Pad,126.251,126.251,/products/carsystem/catalog/carsystem-topline-soft-pad.webp,https://www.carsystem.org/fileadmin/_processed_/b/3/csm_126251-254-cs-topline-soft-pad-gruppe_1715a6b669.png,https://www.carsystem.org/fileadmin/products/images/126.251/126251-254-cs-topline-soft-pad-gruppe.png,7563595008e5bc5c42336aeebb66566cd8ae1763722f9b1335458a49823c862b,660,445,WEBP,35738,True,0,False,,,alpha,"28,22,597,391","30,24,594,388",1.0128,1.0051,1.0077,0.7948,0.5036,0.0424,0.053,0.0494,0.0719,0.2313,0.0056,0.3881,0.3825,0.0118,0.6735,0.0134,0.0028,0.0,0.1724,0.0926,0.0106,0.0397,6,#000000,True,,,,,,,bez merljivog defekta,ne dirati,—,MULTI_OBJECT|SOFT_IMAGE
,0,A_OK_NO_CHANGE,NONE,unknown,,,png,carsystem-touch-up-fillable-20ml,Carsystem Touch Up – fillable 20ml,150.764,150.764,/products/carsystem/catalog/carsystem-touch-up-fillable-20ml.webp,https://www.carsystem.org/fileadmin/_processed_/d/0/csm_150764-cs-touch-up-20ml_61842c6451.png,https://www.carsystem.org/fileadmin/products/images/150.764/150764-cs-touch-up-20ml.png,f725588286e002f8486f75084e8329c7b37bafe87faed19b6588bd09b1a72dd8,660,437,WEBP,50656,True,0,False,,,alpha,"19,12,622,408","20,14,620,405",1.0107,1.0032,1.0074,0.8799,0.6453,0.0288,0.0288,0.0275,0.0389,0.0554,0.0321,0.747,0.7149,0.4627,0.1251,0.0005,0.1568,0.0,0.0097,0.1268,0.0043,0.0138,1,#000000,True,,,,,,,bez merljivog defekta,ne dirati,—,
,0,A_OK_NO_CHANGE,NONE,unknown,,,png,carsystem-touch-up-fillable-50ml,Carsystem Touch Up – fillable 50ml,150.769,150.769,/products/carsystem/catalog/carsystem-touch-up-fillable-50ml.webp,https://www.carsystem.org/fileadmin/_processed_/f/2/csm_150769-cs-touch-up-50ml_3b74438c20.png,https://www.carsystem.org/fileadmin/products/images/150.769/150769-cs-touch-up-50ml.png,3054d6b554b3f40e370fe8e0730f6a48b930e7be6316df904652d24e65fbca30,660,589,WEBP,61260,True,0,False,,,alpha,"38,23,592,549","39,24,590,546",1.0089,1.0034,1.0055,0.8361,0.6055,0.0576,0.0455,0.039,0.0289,0.0554,0.0321,0.7895,0.7574,0.498,0.1943,0.006,0.1952,0.0002,0.0392,0.1233,0.0033,0.0113,1,#000000,True,,,,,,,bez merljivog defekta,ne dirati,—,
,0,A_OK_NO_CHANGE,NONE,unknown,,,png,carsystem-uniflex-adapter-nozzle-v-nozzle,Carsystem UNIFLEX Adapter Nozzle – V-Nozzle,149.010,149.010,/products/carsystem/catalog/carsystem-uniflex-adapter-nozzle-v-nozzle.webp,https://www.carsystem.org/fileadmin/_processed_/c/2/csm_149010-cs-uniflex-adapt-spitze-flat-blade-10St_f442e4c5db.png,https://www.carsystem.org/fileadmin/products/images/149.010/149010-cs-uniflex-adapt-spitze-flat-blade-10St.png,e60e3c19bba72f0718aa21bb42d54de3b6aea6980d387f71d4409a8360db8617,660,1719,WEBP,50774,True,0,False,,,alpha,"44,29,585,1657","47,32,579,1651",1.014,1.0104,1.0036,0.8544,0.5672,0.0667,0.047,0.0169,0.0192,0.54,0.4572,0.7764,0.3192,0.0196,0.9961,0.0,0.4985,0.0035,0.0,0.0148,0.0035,0.0155,1,#000000,False,,,,,,,bez merljivog defekta,ne dirati,—,LOW_DETAIL|SOFT_IMAGE
,0,A_OK_NO_CHANGE,NONE,unknown,,,png,carsystem-uniflex-adapter-nozzle-wing-tip,Carsystem UNIFLEX Adapter Nozzle – Wing tip,149.009,149.009,/products/carsystem/catalog/carsystem-uniflex-adapter-nozzle-wing-tip.webp,https://www.carsystem.org/fileadmin/_processed_/3/c/csm_149009-cs-uniflex-adapt-spitze-fluegel-10er-pack_10eaaa18b3.png,https://www.carsystem.org/fileadmin/products/images/149.009/149009-cs-uniflex-adapt-spitze-fluegel-10er-pack.png,3ec3c78433ccf48a2ecd00eef5f619bd9e26d1d8a749c02857a860b1a6644103,660,1398,WEBP,56840,True,0,False,,,alpha,"45,50,583,1333","47,52,579,1329",1.0099,1.0069,1.003,0.8423,0.507,0.0682,0.0485,0.0358,0.0107,0.2412,0.1622,0.4179,0.2557,0.0784,0.1322,0.0,0.0367,0.0023,0.0,0.0343,0.0023,0.016,1,#000000,False,,,,,,,bez merljivog defekta,ne dirati,—,SOFT_IMAGE
,0,A_OK_NO_CHANGE,NONE,unknown,,,png,carsystem-uniflex-air-gun,Carsystem UNIFLEX Air Gun,153.224,153.224,/products/carsystem/catalog/carsystem-uniflex-air-gun.webp,https://www.carsystem.org/fileadmin/_processed_/1/a/csm_153224-cs-uniflex-air-gun_fdfb448480.png,https://www.carsystem.org/fileadmin/products/images/153.224/153224-cs-uniflex-air-gun.png,bedc5b2f576e2219ea79cef01b2edfb473fbbeb2416dddbb38bf823ff9436212,660,638,WEBP,28468,True,0,False,,,alpha,"11,2,628,623","12,3,625,620",1.0097,1.0048,1.0048,0.9291,0.3085,0.0167,0.0318,0.0031,0.0204,0.0024,0.0003,0.1804,0.1801,0.0,0.8281,0.3972,0.0074,0.0008,0.7552,0.0392,0.0017,0.0351,2,#010101,False,,,,,,,bez merljivog defekta,ne dirati,—,MOSTLY_BLACK
,0,A_OK_NO_CHANGE,NONE,unknown,,,png,carsystem-uniflex-glas,Carsystem UNIFLEX Glas,148.927,148.927,/products/carsystem/catalog/carsystem-uniflex-glas.webp,https://www.carsystem.org/fileadmin/_processed_/4/7/csm_148927-uniflex-glas-310ml_bf9b3c381c.png,https://www.carsystem.org/fileadmin/products/images/148.927/148927-uniflex-glas-310ml.png,477340fe7b2f0cc3ac60301a9d481e51518d4efd36cd5ad980ddb256ab6ba7fb,660,1956,WEBP,92060,True,0,False,,,alpha,"130,74,388,1835","132,77,384,1829",1.0137,1.0104,1.0033,0.5515,0.5122,0.197,0.2152,0.0378,0.024,0.0783,0.0389,0.6462,0.6073,0.5569,0.1405,0.0015,0.1602,0.0005,0.0183,0.1025,0.0032,0.0111,1,#000000,True,,,,,,,bez merljivog defekta,ne dirati,—,
,0,A_OK_NO_CHANGE,NONE,unknown,,,png,carsystem-uniflex-glas-fast-primer,Carsystem UNIFLEX Glas Fast-Primer,144.036,144.036,/products/carsystem/catalog/carsystem-uniflex-glas-fast-primer.webp,https://www.carsystem.org/fileadmin/_processed_/2/a/csm_144036-cs-uniflex-glas-fast-primer-30ml_217fff4ffa.png,https://www.carsystem.org/fileadmin/products/images/144.036/144036-cs-uniflex-glas-fast-primer-30ml.png,1e8833e8f1fbe4e023953f0c24f9a3b5b2164f56eba5e361bd2fcb6b8f5ce778,660,931,WEBP,50296,True,0,False,,,alpha,"147,110,356,739","149,112,352,735",1.0169,1.0114,1.0054,0.4282,0.3995,0.2227,0.2379,0.1182,0.0881,0.0271,0.0,0.6556,0.6556,0.0314,0.5969,0.2917,0.097,0.0,0.4553,0.1042,0.0039,0.0137,1,#000000,True,,,,,,,bez merljivog defekta,ne dirati,—,
,0,A_OK_NO_CHANGE,NONE,unknown,,,png,carsystem-uniflex-glas-hm,Carsystem UNIFLEX Glas HM,148.928,148.928,/products/carsystem/catalog/carsystem-uniflex-glas-hm.webp,https://www.carsystem.org/fileadmin/_processed_/0/8/csm_148928-cs-uniflex-glas-hm-schwarz-310ml_1cb193eeb5.png,https://www.carsystem.org/fileadmin/products/images/148.928/148928-cs-uniflex-glas-hm-schwarz-310ml.png,433713fefec8fa1590dd1712d877130ceaf347b634ccb9310f42db9ace30eb0d,660,1846,WEBP,111172,True,0,False,,,alpha,"160,113,340,1627","162,117,336,1621",1.0157,1.0119,1.0037,0.454,0.4243,0.2424,0.2424,0.0612,0.0574,0.1606,0.0102,0.6928,0.6826,0.5529,0.1275,0.0018,0.4648,0.0,0.1054,0.1299,0.0033,0.0125,1,#000000,True,,,,,,,bez merljivog defekta,ne dirati,—,
,0,A_OK_NO_CHANGE,NONE,unknown,,,png,carsystem-uniflex-nozzle,Carsystem UNIFLEX Nozzle,150.292,150.292,/products/carsystem/catalog/carsystem-uniflex-nozzle.webp,https://www.carsystem.org/fileadmin/_processed_/6/7/csm_150292-155241-cs-ersatzspitze-fuer-uniflex-pu-ms_af7b90bc8b.png,https://www.carsystem.org/fileadmin/products/images/150.292/150292-155241-cs-ersatzspitze-fuer-uniflex-pu-ms.png,ef76f4e1658f45171c45973c28f1fafc09b333123965237c525193c77b1918d9,660,215,WEBP,10856,True,0,False,,,alpha,"10,15,645,189","12,16,642,186",1.0209,1.0047,1.0161,0.8591,0.5971,0.0152,0.0076,0.0698,0.0512,0.491,0.2346,0.8632,0.6286,0.0,1.0,0.0,0.3878,0.0,0.0,0.0649,0.0045,0.03,1,#000000,True,,,,,,,bez merljivog defekta,ne dirati,—,SOFT_IMAGE
,0,A_OK_NO_CHANGE,NONE,unknown,,,png,carsystem-uniflex-pu,Carsystem UNIFLEX PU,159.160,159.160,/products/carsystem/catalog/carsystem-uniflex-pu.webp,https://www.carsystem.org/fileadmin/_processed_/7/b/csm_159160-cs-uniflex-pu-weiss-310ml_dbffd71f5c.png,https://www.carsystem.org/fileadmin/products/images/159.160/159160-cs-uniflex-pu-weiss-310ml.png,a78b43222a36793632cd13af6f139e1b6464a16a64ca08844d44d8dd83851f0c,660,2742,WEBP,302502,True,0,False,,,alpha,"43,40,573,2660","46,43,567,2654",1.0129,1.0106,1.0023,0.8422,0.7588,0.0652,0.0667,0.0146,0.0153,0.0612,0.0126,0.505,0.4924,0.3765,0.0897,0.0026,0.06,0.0,0.145,0.1213,0.0026,0.0098,1,#000000,True,,,,,,,bez merljivog defekta,ne dirati,—,
,0,F_SPECIAL_MARKETING_IMAGE,SOURCE_IMAGE_PROBLEM,unknown,,,png,carsystem-usb-stick,Carsystem USB-Stick,158.871,158.871,/products/carsystem/catalog/carsystem-usb-stick.webp,https://www.carsystem.org/fileadmin/_processed_/a/1/csm_155866-cs-usb-stick-twister-16gb-schwarz_2fbcb58601.png,https://www.carsystem.org/fileadmin/products/images/158.871/155866-cs-usb-stick-twister-16gb-schwarz.png,5cafdf905e81ef7dba7641444da143cca90eb7ba6ef583080c61b686c1c77845,660,583,WEBP,17356,True,0,False,,,alpha,"15,10,632,559","17,12,629,556",1.0102,1.0048,1.0054,0.9182,0.518,0.0227,0.0197,0.0172,0.024,0.0009,0.0003,0.0286,0.0283,0.0,0.9095,0.7025,0.016,0.0119,0.9167,0.0157,0.0033,0.0149,1,#000000,False,,,,,,,merch/model/brand composition,izvan packshot workflow-a — samo padding/scale politika kartice,nema (ne dira se),CRUSHED_BLACK|LOW_DETAIL|MERCH
,0,A_OK_NO_CHANGE,NONE,unknown,,,png,carsystem-uv-clear,Carsystem UV Clear,154.528,154.528,/products/carsystem/catalog/carsystem-uv-clear.webp,https://www.carsystem.org/fileadmin/_processed_/f/5/csm_154528-cs-uv-clear-100ml_ca1d0ba4f4.png,https://www.carsystem.org/fileadmin/products/images/154.528/154528-cs-uv-clear-100ml.png,83484a38003c65966632dde269cd67181abf98c8ae040a60178b0650da44dc36,660,1406,WEBP,44336,True,0,False,,,alpha,"173,73,305,1241","175,75,302,1236",1.014,1.0099,1.004,0.4079,0.3081,0.2621,0.2758,0.0519,0.0654,0.0006,0.0,0.2393,0.2393,0.0039,0.7926,0.5632,0.029,0.0,0.7977,0.0507,0.0042,0.0167,1,#000000,True,,,,,,,bez merljivog defekta,ne dirati,—,CRUSHED_BLACK
,0,A_OK_NO_CHANGE,NONE,unknown,,,png,carsystem-uv-glasses,Carsystem UV Glasses,154.263,154.263,/products/carsystem/catalog/carsystem-uv-glasses.webp,https://www.carsystem.org/fileadmin/_processed_/6/f/csm_154263-cs-uv-brille_b355544698.png,https://www.carsystem.org/fileadmin/products/images/154.263/154263-cs-uv-brille.png,7290ffde19f53f1d2e5e27eeb164cd39caf1fecb6ef36b9a8ac1688074cd882b,660,389,WEBP,21806,True,0,False,,,alpha,"24,26,593,277","26,28,589,273",1.0215,1.0068,1.0147,0.6398,0.3163,0.0364,0.0652,0.0668,0.2211,0.5702,0.0006,0.6622,0.6616,0.0667,0.3227,0.0704,0.7394,0.0002,0.1227,0.1332,0.0036,0.0322,1,#000000,True,,,,,,,bez merljivog defekta,ne dirati,—,
,0,A_OK_NO_CHANGE,NONE,unknown,,,png,carsystem-uv-led-lamp,Carsystem UV LED Lamp,154.645,154.645,/products/carsystem/catalog/carsystem-uv-led-lamp.webp,https://www.carsystem.org/fileadmin/_processed_/b/6/csm_154645-cs-uv-led-lampe-halblinks__1__21f6ac3f82.png,https://www.carsystem.org/fileadmin/products/images/154.645/154645-cs-uv-led-lampe-halblinks__1_.png,4ecb54e179c7887e7278cead37d8b3492766c3a532129cf866c4d63a777772f3,660,734,WEBP,42974,True,0,False,,,alpha,"27,6,600,709","28,8,597,706",1.0093,1.005,1.0042,0.8781,0.6476,0.0409,0.05,0.0082,0.0259,0.003,0.0015,0.4735,0.472,0.0,0.7529,0.0451,0.0195,0.0,0.5622,0.0436,0.0025,0.0091,1,#020202,False,,,,,,,bez merljivog defekta,ne dirati,—,
,0,A_OK_NO_CHANGE,NONE,unknown,,,png,carsystem-uv-smart-lamp,Carsystem UV Smart Lamp,153.777,153.777,/products/carsystem/catalog/carsystem-uv-smart-lamp.webp,https://www.carsystem.org/fileadmin/_processed_/2/d/csm_153777-cs-uv-smart-lamp_3026d8cd96.png,https://www.carsystem.org/fileadmin/products/images/153.777/153777-cs-uv-smart-lamp.png,2f4de706fe75e63c85fbc9bb6557a5ff84cf1023dbb1e6580bacb5346946a6bc,660,1789,WEBP,69394,True,0,False,,,alpha,"86,91,466,1582","89,96,459,1575",1.0198,1.0153,1.0044,0.6244,0.5639,0.1303,0.1636,0.0509,0.0648,0.0125,0.0023,0.3611,0.3587,0.0314,0.6336,0.0093,0.0169,0.0001,0.621,0.0284,0.0038,0.0141,1,#000000,False,,,,,,,bez merljivog defekta,ne dirati,—,SOFT_IMAGE
,0,A_OK_NO_CHANGE,NONE,unknown,,,png,carsystem-uv-timer,Carsystem UV Timer,154.772,154.772,/products/carsystem/catalog/carsystem-uv-timer.webp,https://www.carsystem.org/fileadmin/_processed_/f/1/csm_154772-uv-timer-fuer-strahler_11663747b6.png,https://www.carsystem.org/fileadmin/products/images/154.772/154772-uv-timer-fuer-strahler.png,90e91fd728b92f701a52a20507bcda186ac41ea248f17bdd6f6b282f56812ce0,660,660,WEBP,27548,True,0,False,,,alpha,"76,70,507,500","77,71,504,498",1.01,1.006,1.004,0.582,0.537,0.1152,0.1167,0.1061,0.1364,0.0226,0.0049,0.3563,0.3514,0.1529,0.2334,0.0038,0.0301,0.0,0.4782,0.0384,0.0025,0.0088,1,#000000,False,,,,,,,bez merljivog defekta,ne dirati,—,
,0,A_OK_NO_CHANGE,NONE,unknown,,,png,carsystem-wall-bracket-for-5-kg-polish,Carsystem Wall Bracket for 5 kg Polish,156.461,156.461,/products/carsystem/catalog/carsystem-wall-bracket-for-5-kg-polish.webp,https://www.carsystem.org/fileadmin/_processed_/6/b/csm_156461-cs-wandhalter-fuer-5kg-politur_47572675f6.png,https://www.carsystem.org/fileadmin/products/images/156.461/156461-cs-wandhalter-fuer-5kg-politur.png,5e9e5f982ec87c6631135ff26755eb068626e96d75e2a1808e77824be33c7be0,660,766,WEBP,42022,True,0,False,,,alpha,"16,17,628,738","18,19,624,735",1.0105,1.0064,1.0041,0.9167,0.1518,0.0242,0.0242,0.0222,0.0144,0.0887,0.0123,0.6724,0.6602,0.0,1.0,0.0,0.0662,0.0038,0.1485,0.1673,0.006,0.1084,1,#000000,True,,,,,,,bez merljivog defekta,ne dirati,—,
,0,A_OK_NO_CHANGE,NONE,unknown,,,png,carsystem-wall-dispenser-for-soft-bottle-2-l,Carsystem Wall dispenser for Soft Bottle 2 l,155.350,155.350,/products/carsystem/catalog/carsystem-wall-dispenser-for-soft-bottle-2-l.webp,https://www.carsystem.org/fileadmin/_processed_/2/e/csm_155350-cs-dispenser-fuer-handreinigungssystem_987a807791.png,https://www.carsystem.org/fileadmin/products/images/155.350/155350-cs-dispenser-fuer-handreinigungssystem.png,b5fac788026eabe8db824ccdb5a3b8a438d5945b4b24caaa02313be8d984f052,660,1371,WEBP,39546,True,0,False,,,alpha,"49,27,581,1305","52,29,577,1301",1.01,1.0069,1.0031,0.8379,0.7161,0.0742,0.0455,0.0197,0.0284,0.491,0.0232,0.7991,0.7759,0.0,1.0,0.001,0.4647,0.013,0.0437,0.037,0.0045,0.0127,1,#000000,False,,,,,,,bez merljivog defekta,ne dirati,—,SOFT_IMAGE
,0,A_OK_NO_CHANGE,NONE,unknown,,,png,carsystem-wax-puck,Carsystem Wax Puck,152.565,152.565,/products/carsystem/catalog/carsystem-wax-puck.webp,https://www.carsystem.org/fileadmin/_processed_/a/b/csm_152565-cs-wax-puck_6edaed9a38.png,https://www.carsystem.org/fileadmin/products/images/152.565/152565-cs-wax-puck.png,45f597ee03fca6778a6e7419a9bcfe179f9690aabe9dcf2046ab8d9a7b5b82c2,660,345,WEBP,35826,True,0,False,,,alpha,"15,19,635,326","17,20,631,324",1.0126,1.0063,1.0062,0.9091,0.7417,0.0227,0.0152,0.0551,0.0,0.0018,0.0,0.0406,0.0406,0.0118,0.9997,0.3123,0.0005,0.0,0.9002,0.0118,0.0044,0.0147,1,#030303,False,,,,,,,bez merljivog defekta,ne dirati,—,MOSTLY_BLACK|LOW_DETAIL|SOFT_IMAGE
,0,A_OK_NO_CHANGE,NONE,unknown,,,png,carsystem-wheel-cover,Carsystem Wheel Cover,142.483,142.483,/products/carsystem/catalog/carsystem-wheel-cover.webp,https://www.carsystem.org/fileadmin/_processed_/7/b/csm_142483-cs-wheel-cover-17-pack-4-hauben_ab1f4878b2.png,https://www.carsystem.org/fileadmin/products/images/142.483/142483-cs-wheel-cover-17-pack-4-hauben.png,a335c755f88edab63429525b65a1b40d001721fc61821bb0fa96ae8e6d5b1303,660,503,WEBP,63418,True,0,False,,,alpha,"15,9,632,487","16,10,630,484",1.0094,1.0032,1.0062,0.9271,0.7593,0.0227,0.0197,0.0179,0.0139,0.0917,0.0024,0.3652,0.3628,0.0196,0.9813,0.0229,0.0205,0.0045,0.1908,0.0413,0.0025,0.0106,1,#000000,False,,,,,,,bez merljivog defekta,ne dirati,—,SOFT_IMAGE
,0,A_OK_NO_CHANGE,NONE,unknown,,,webp,carsystem-wm-tape,Carsystem WM Tape,140.794,140.794,/products/carsystem/catalog/carsystem-wm-tape.webp,https://www.carsystem.org/fileadmin/_processed_/8/2/csm_140794-wm-klebeband-50mm-x-66m_d4467d19d8.webp,https://www.carsystem.org/fileadmin/products/images/140.794/140794-wm-klebeband-50mm-x-66m.webp,cb7a39156031c00531fece771e2402f2f79c7bbbf20fadba87c3ae035f347b10,660,562,WEBP,25924,True,0,False,,,alpha,"44,72,534,417","49,73,527,411",1.0281,1.0133,1.0146,0.6003,0.2948,0.0667,0.1242,0.1281,0.1299,0.8372,0.0766,0.9672,0.8906,0.0196,0.8775,0.0264,0.8553,0.0431,0.0391,0.145,0.0143,0.0451,1,#000000,True,,,,,,,bez merljivog defekta,ne dirati,—,
,0,A_OK_NO_CHANGE,NONE,unknown,,,png,carsystem-workshop-bucket,Carsystem Workshop Bucket,139.442,139.442,/products/carsystem/catalog/carsystem-workshop-bucket.webp,https://www.carsystem.org/fileadmin/_processed_/e/1/csm_139442-cs-werkstatteimer-10-l._30d2524b1a.png,https://www.carsystem.org/fileadmin/products/images/139.442/139442-cs-werkstatteimer-10-l..png,e0572f3ee52a8a2b0efdbbbbefae199c780435d596fcebf79a285ffe52cc27b2,660,748,WEBP,27132,True,0,False,,,alpha,"42,92,582,578","44,93,578,575",1.0122,1.0069,1.0052,0.6814,0.4988,0.0636,0.0545,0.123,0.1043,0.3062,0.0381,0.6795,0.6415,0.0784,0.3547,0.0,0.2114,0.0,0.0065,0.0327,0.0029,0.014,1,#000000,False,,,,,,,bez merljivog defekta,ne dirati,—,
,0,A_OK_NO_CHANGE,NONE,unknown,,,png,carsystem-workshop-seat,Carsystem Workshop Seat,149.427,149.427,/products/carsystem/catalog/carsystem-workshop-seat.webp,https://www.carsystem.org/fileadmin/_processed_/5/9/csm_149427-cs-werstatt-sitzhocker_b4203965e8.png,https://www.carsystem.org/fileadmin/products/images/149.427/149427-cs-werstatt-sitzhocker.png,0672a358e292d7a44423f1665fda78e9d07c48497fea7a6bf833dcae4464e682,660,888,WEBP,45896,True,0,False,,,alpha,"33,16,590,854","34,18,587,850",1.0098,1.0051,1.0047,0.8597,0.3608,0.05,0.0561,0.018,0.0203,0.0262,0.0003,0.491,0.4907,0.0,0.9906,0.2632,0.0454,0.0223,0.4751,0.0975,0.0036,0.0266,1,#000000,True,,,,,,,bez merljivog defekta,ne dirati,—,
,0,A_OK_NO_CHANGE,NONE,unknown,,,png,carsystem-wr-lifting-tape,Carsystem WR-Lifting Tape,155.720,155.720,/products/carsystem/catalog/carsystem-wr-lifting-tape.webp,https://www.carsystem.org/fileadmin/_processed_/d/e/csm_155722-wr-lifting-tape_ac2ff8e72a.png,https://www.carsystem.org/fileadmin/products/images/155.720/155722-wr-lifting-tape.png,9890579934d3cad85c7ac0dfb26fdb538db0307c1da0d3ae93a2ab7cd59bd77d,660,404,WEBP,18570,True,0,False,,,alpha,"0,2,659,401","2,4,656,398",1.0121,1.0046,1.0075,0.9911,0.2637,0.0,0.0015,0.005,0.0025,0.6059,0.1728,0.8004,0.6276,0.3804,0.0,0.0,0.7466,0.0,0.0,0.0325,0.0029,0.0309,1,#0f0e0d,False,,,,,,,bez merljivog defekta,ne dirati,—,SOFT_IMAGE
,0,A_OK_NO_CHANGE,NONE,unknown,,,webp,carsystem-wr-lifting-tape-premium,Carsystem WR-Lifting Tape Premium,155.734,155.734,/products/carsystem/catalog/carsystem-wr-lifting-tape-premium.webp,https://www.carsystem.org/fileadmin/_processed_/8/9/csm_155734-cs-wr-lifting-tape-premium_721359163f.webp,https://www.carsystem.org/fileadmin/products/images/155.734/155734-cs-wr-lifting-tape-premium.webp,688c56b256b17976563e8428fbadefcdfb024d1b49a46f1f25e6e83a531343d5,660,574,WEBP,36198,True,0,False,,,alpha,"67,48,474,514","68,49,472,512",1.0082,1.0042,1.0039,0.6431,0.379,0.1015,0.1803,0.0836,0.0209,0.5414,0.097,0.7519,0.6548,0.2078,0.0169,0.0,0.6343,0.0,0.0,0.1654,0.0028,0.0172,1,#000000,True,,,,,,,bez merljivog defekta,ne dirati,—,
,0,A_OK_NO_CHANGE,NONE,unknown,,,webp,carsystem-zinc-spray,Carsystem Zinc Spray,126.030,126.030,/products/carsystem/catalog/carsystem-zinc-spray.webp,https://www.carsystem.org/fileadmin/_processed_/4/0/csm_126.030-zink-spray_c8898736a8.webp,https://www.carsystem.org/fileadmin/products/images/126.030/126.030-zink-spray.webp,145263360f1868a762a0df8a1ef49d7077b83fd5bdef5941989782b93b002ef3,660,1378,WEBP,67860,True,0,False,,,alpha,"108,55,429,1259","127,56,409,1254",1.0531,1.0489,1.004,0.5939,0.5405,0.1636,0.1864,0.0399,0.0464,0.2254,0.07,0.7671,0.6971,0.5961,0.383,0.007,0.4178,0.0173,0.016,0.0963,0.0068,0.0127,1,#000000,True,,,,,,,bez merljivog defekta,ne dirati,—,
,0,F_SPECIAL_MARKETING_IMAGE,SOURCE_IMAGE_PROBLEM,unknown,,,png,carsystem-zip-hoodie-black,Carsystem Zip-Hoodie black,158.084,158.084,/products/carsystem/catalog/carsystem-zip-hoodie-black.webp,https://www.carsystem.org/fileadmin/_processed_/0/4/csm_158084-158088-hoodie-mit-zipper-schwarz-2025_3f76e558ab.png,https://www.carsystem.org/fileadmin/products/images/158.084/158084-158088-hoodie-mit-zipper-schwarz-2025.png,6f1f2313053ee0e82380801181fd9b4e34a8b719bf55c7898e9bd1e12cbd4a31,660,1162,WEBP,57332,True,0,False,,,alpha,"32,42,601,1120","33,43,598,1119",1.0059,1.005,1.0009,0.8777,0.6087,0.0485,0.0409,0.0361,0.0,0.0015,0.0003,0.1672,0.1669,0.0,0.827,0.5294,0.0401,0.0002,0.8398,0.015,0.0029,0.0103,1,#010101,False,,,,,,,merch/model/brand composition,izvan packshot workflow-a — samo padding/scale politika kartice,nema (ne dira se),CRUSHED_BLACK|LOW_DETAIL|SOFT_IMAGE|MERCH
