action,change,slug,officialName,subtitle,officialCategory,ourCategory,variants,inCatalogue,isNew,articleNumbers,reason,sourceUrl
"IMPORT","NEW","carsystem-classicline-soft-pad","Classicline Soft Pad","Foam abrasive - 140 x 115 mm","Abrasives","abrazivi","4","true","false","138.924 138.925 138.926 138.927","","https://www.carsystem.org/en/products/detail/abrasives/classicline-soft-pad-foam-abrasive-140-x-115-mm"
"IMPORT","NEW","carsystem-control-spray","Control-Spray","Sanding control spray","Abrasives","abrazivi","1","true","false","125.779","","https://www.carsystem.org/en/products/detail/abrasives/control-spray-sanding-control-spray"
"IMPORT","NEW","carsystem-double-sanding-soft-pad","Double Sanding Soft Pad","Foam abrasive - 120 x 98 x 13 mm","Abrasives","abrazivi","3","true","false","160.183 160.185 160.186","","https://www.carsystem.org/en/products/detail/abrasives/double-sanding-soft-pad-foam-abrasive-120-x-98-x-13-mm"
"IMPORT","NEW","carsystem-dry-coat-2-0","Dry Coat 2.0","Sanding control system","Abrasives","abrazivi","4","true","false","158.487 158.488 158.489 158.490","","https://www.carsystem.org/en/products/detail/abrasives/dry-coat-20-sanding-control-system"
"IMPORT","NEW","carsystem-excenter-back-pad-multi-m","Excenter Back Pad Multi M","Back pad - 150 mm","Abrasives","pribor","1","true","false","156.570","","https://www.carsystem.org/en/products/detail/abrasives/excenter-back-pad-multi-m-back-pad-150-mm"
"IMPORT","NEW","carsystem-excenter-back-pad-t-19","Excenter Back Pad T.19","Back pad - 150 mm","Abrasives","pribor","3","true","false","156.564 156.227 156.563","","https://www.carsystem.org/en/products/detail/abrasives/excenter-back-pad-t19-back-pad-150-mm"
"IMPORT","NEW","carsystem-excenter-classic","Excenter Classic","Random orbital sander, pneumatic","Abrasives","oprema","1","true","false","139.653","","https://www.carsystem.org/en/products/detail/abrasives/excenter-classic-random-orbital-sander-pneumatic"
"IMPORT","NEW","carsystem-fine-block","Fine Block","Fine sanding block","Abrasives","pribor","4","true","false","140.979 140.980 140.981 140.982","","https://www.carsystem.org/en/products/detail/abrasives/fine-block-fine-sanding-block"
"IMPORT","NEW","carsystem-finish-sander-back-pad","Finish Sander Back Pad","Back pad - 77 mm","Abrasives","pribor","1","true","false","144.917","","https://www.carsystem.org/en/products/detail/abrasives/finish-sander-back-pad-back-pad-77-mm"
"IMPORT","NEW","carsystem-finish-sander-rc-9332","Finish Sander RC 9332","Random orbital sander 75 mm, pneumatic","Abrasives","oprema","1","true","false","143.388","","https://www.carsystem.org/en/products/detail/abrasives/finish-sander-rc-9332-random-orbital-sander-75-mm-pneumatic"
"IMPORT","NEW","carsystem-grip-to-stick-interface-pad","Grip To Stick Interface Pad","Interface pad - Ø 30 mm","Abrasives","pribor","1","true","false","159.677","","https://www.carsystem.org/en/products/detail/abrasives/grip-to-stick-interface-pad-interface-pad-oe-30-mm"
"IMPORT","NEW","carsystem-interface-pad","Interface Pad","Interface pad - 150 mm","Abrasives","pribor","2","true","false","156.225 156.226","","https://www.carsystem.org/en/products/detail/abrasives/interface-pad-interface-pad-150-mm"
"IMPORT","NEW","carsystem-mini-back-pad","Mini Back Pad","Finish back pad","Abrasives","pribor","2","true","false","144.768 144.769","","https://www.carsystem.org/en/products/detail/abrasives/mini-back-pad-finish-back-pad"
"IMPORT","NEW","carsystem-pad-saver","Pad Saver","Interface pad - 150 mm","Abrasives","pribor","1","true","false","154.099","","https://www.carsystem.org/en/products/detail/abrasives/pad-saver-interface-pad-150-mm"
"IMPORT","NEW","carsystem-paint-planer","Paint Planer","Paint planer and holder","Abrasives","oprema","2","true","false","142.995 142.996","","https://www.carsystem.org/en/products/detail/abrasives/paint-planer-paint-planer-and-holder"
"IMPORT","NEW","carsystem-prep-brush","Prep-Brush","Special brush","Abrasives","pribor","1","true","false","159.696","","https://www.carsystem.org/en/products/detail/abrasives/prep-brush-special-brush"
"IMPORT","NEW","carsystem-prep-scuff","Prep & Scuff","Matting paste","Abrasives","abrazivi","2","true","false","137.547 137.779","","https://www.carsystem.org/en/products/detail/abrasives/prep-scuff-matting-paste"
"IMPORT","NEW","carsystem-proflex-back-pad-psa","ProFlex Back Pad PSA","Back pad - 30 mm","Abrasives","pribor","1","true","false","155.153","","https://www.carsystem.org/en/products/detail/abrasives/proflex-back-pad-psa-back-pad-30-mm"
"IMPORT","NEW","carsystem-proflex-callisto-150-mm","ProFlex Callisto","Foam abrasive - 150 mm","Abrasives","abrazivi","2","true","false","158.797 159.301","","https://www.carsystem.org/en/products/detail/abrasives/proflex-callisto-foam-abrasive-150-mm"
"IMPORT","NEW","carsystem-proflex-callisto-33-mm","ProFlex Callisto","Foam abrasive - 33 mm","Abrasives","abrazivi","2","true","false","158.793 159.299","","https://www.carsystem.org/en/products/detail/abrasives/proflex-callisto-foam-abrasive-33-mm"
"IMPORT","NEW","carsystem-proflex-callisto-77-mm","ProFlex Callisto","Foam abrasive - 77 mm","Abrasives","abrazivi","2","true","false","158.795 159.300","","https://www.carsystem.org/en/products/detail/abrasives/proflex-callisto-foam-abrasive-77-mm"
"IMPORT","NEW","carsystem-proflex-hydra-152-mm","ProFlex Hydra","Foam abrasive - Ø 152 mm","Abrasives","abrazivi","1","true","false","159.463","","https://www.carsystem.org/en/products/detail/abrasives/proflex-hydra-foam-abrasive-oe-152-mm"
"IMPORT","NEW","carsystem-proflex-hydra-75-mm","ProFlex Hydra","Foam abrasive - Ø 75 mm","Abrasives","abrazivi","1","true","false","159.461","","https://www.carsystem.org/en/products/detail/abrasives/proflex-hydra-foam-abrasive-oe-75-mm"
"IMPORT","NEW","carsystem-proflex-interface-pad-finish-150-mm-15-holes","ProFlex Interface Pad Finish","Interface pad - 150 mm - 15 holes","Abrasives","pribor","1","true","false","159.078","","https://www.carsystem.org/en/products/detail/abrasives/proflex-interface-pad-finish-interface-pad-150-mm-15-holes"
"IMPORT","NEW","carsystem-proflex-interface-pad-finish-75-mm","ProFlex Interface Pad Finish","Interface pad - 75 mm","Abrasives","pribor","1","true","false","159.079","","https://www.carsystem.org/en/products/detail/abrasives/proflex-interface-pad-finish-interface-pad-75-mm"
"IMPORT","NEW","carsystem-proflex-interface-pad-150-mm-15-holes","ProFlex Interface Pad","Interface pad - 150 mm - 15 holes","Abrasives","pribor","3","true","false","154.295 154.193 155.100","","https://www.carsystem.org/en/products/detail/abrasives/proflex-interface-pad-interface-pad-150-mm-15-holes"
"IMPORT","NEW","carsystem-proflex-interface-pad-30-mm","ProFlex Interface Pad","Interface pad - 30 mm","Abrasives","pribor","1","true","false","157.137","","https://www.carsystem.org/en/products/detail/abrasives/proflex-interface-pad-interface-pad-30-mm"
"IMPORT","NEW","carsystem-proflex-interface-pad-75-mm","ProFlex Interface Pad","Interface pad - 75 mm","Abrasives","pribor","3","true","false","154.296 154.194 155.098","","https://www.carsystem.org/en/products/detail/abrasives/proflex-interface-pad-interface-pad-75-mm"
"IMPORT","NEW","carsystem-proflex-jupiter-152-mm","ProFlex Jupiter","Film abrasive - 152 mm","Abrasives","abrazivi","4","true","false","154.660 154.661 154.662 154.663","","https://www.carsystem.org/en/products/detail/abrasives/proflex-jupiter-film-abrasive-152-mm"
"IMPORT","NEW","carsystem-proflex-jupiter-152-mm-15-holes","ProFlex Jupiter","Film abrasive - 152 mm - 15 holes","Abrasives","abrazivi","9","true","false","154.449 154.450 154.451 154.452 154.453 153.469 153.470 153.471 156.939","","https://www.carsystem.org/en/products/detail/abrasives/proflex-jupiter-film-abrasive-152-mm-15-holes"
"IMPORT","NEW","carsystem-proflex-jupiter-75-mm","ProFlex Jupiter","Film abrasive - 75 mm","Abrasives","abrazivi","9","true","false","154.444 154.445 154.446 154.447 154.448 153.466 153.467 153.468 156.946","","https://www.carsystem.org/en/products/detail/abrasives/proflex-jupiter-film-abrasive-75-mm"
"IMPORT","NEW","carsystem-proflex-jupiter-soft-152-mm","ProFlex Jupiter Soft","Film abrasive - 152 mm - Multi hole","Abrasives","abrazivi","6","true","false","156.509 156.510 156.511 156.512 156.513 156.514","","https://www.carsystem.org/en/products/detail/abrasives/proflex-jupiter-soft-film-abrasive-152-mm-multi-hole"
"HELD_WEBSITE_ONLY","","","ProFlex Jupiter Soft","Film abrasive - 75 mm - multihole","Abrasives","","2","false","false","156.522 156.523","Na carsystem.org postoji, ali ga nema u katalogu 2026/27.","https://www.carsystem.org/en/products/detail/abrasives/proflex-jupiter-soft-film-abrasive-75-mm-multihole"
"IMPORT","NEW","carsystem-proflex-jupiter-soft-h2o-152-mm","ProFlex Jupiter Soft H2O","Film abrasive - 152 mm - Multi hole","Abrasives","abrazivi","3","true","false","156.515 156.516 156.517","","https://www.carsystem.org/en/products/detail/abrasives/proflex-jupiter-soft-h2o-film-abrasive-152-mm-multi-hole"
"IMPORT","NEW","carsystem-proflex-jupiter-soft-h2o-77-mm","ProFlex Jupiter Soft H2O","Film abrasive - 77 mm - Multihole","Abrasives","abrazivi","3","true","false","156.524 156.525 156.526","","https://www.carsystem.org/en/products/detail/abrasives/proflex-jupiter-soft-h2o-film-abrasive-77-mm-multihole"
"IMPORT","NEW","carsystem-proflex-mercury","ProFlex Mercury","Film abrasive - 29 x 35 mm","Abrasives","abrazivi","4","true","false","154.437 153.460 153.461 153.462","","https://www.carsystem.org/en/products/detail/abrasives/proflex-mercury-film-abrasive-29-x-35-mm"
"IMPORT","NEW","carsystem-proflex-mercury-sanding-block","ProFlex Mercury Sanding Block","Sanding block - 27 x 33 x 15 mm","Abrasives","pribor","2","true","false","156.555 154.173","","https://www.carsystem.org/en/products/detail/abrasives/proflex-mercury-sanding-block-sanding-block-27-x-33-x-15-mm"
"IMPORT","NEW","carsystem-proflex-neptune","ProFlex Neptune","Film abrasive - 130 x 170 mm","Abrasives","abrazivi","5","true","false","153.472 153.473 154.454 154.455 153.474","","https://www.carsystem.org/en/products/detail/abrasives/proflex-neptune-film-abrasive-130-x-170-mm"
"IMPORT","NEW","carsystem-proflex-neptune-pad-maxgrip","ProFlex Neptune Pad MaxGrip","Hand pad - 120 x 75 x 6 mm - multihole","Abrasives","abrazivi","1","true","false","158.097","","https://www.carsystem.org/en/products/detail/abrasives/proflex-neptune-pad-maxgrip-hand-pad-120-x-75-x-6-mm-multihole"
"IMPORT","NEW","carsystem-proflex-neptune-soft","ProFlex Neptune Soft","Film abrasive - 130 x 85 mm - Multihole","Abrasives","abrazivi","3","true","false","157.791 157.792 157.794","","https://www.carsystem.org/en/products/detail/abrasives/proflex-neptune-soft-film-abrasive-130-x-85-mm-multihole"
"IMPORT","NEW","carsystem-proflex-pluto","ProFlex Pluto","Film abrasive - 34 mm","Abrasives","abrazivi","6","true","false","154.428 154.429 154.430 154.431 154.432 154.433","","https://www.carsystem.org/en/products/detail/abrasives/proflex-pluto-film-abrasive-34-mm"
"IMPORT","NEW","carsystem-proflex-pluto-sanding-block","ProFlex Pluto Sanding Block","Sanding block","Abrasives","pribor","2","true","false","156.557 156.556","","https://www.carsystem.org/en/products/detail/abrasives/proflex-pluto-sanding-block-sanding-block"
"IMPORT","NEW","carsystem-proflex-styx","ProFlex Styx","Film abrasive - Ø 32 mm","Abrasives","abrazivi","2","true","false","159.738 159.739","","https://www.carsystem.org/en/products/detail/abrasives/proflex-styx-film-abrasive-oe-32-mm"
"IMPORT","NEW","carsystem-rupes-back-pad","RUPES Back Pad","Back pad - 150 mm","Abrasives","pribor","2","true","false","158.291 158.292","","https://www.carsystem.org/en/products/detail/abrasives/rupes-back-pad-back-pad-150-mm"
"IMPORT","NEW","carsystem-rupes-ibrid-nano","RUPES Ibrid Nano","Battery operated mini sanding and polishing machine","Abrasives","oprema","10","true","false","157.318 157.319 158.370 157.718 157.717 157.784 157.785 157.786 157.787 157.788","","https://www.carsystem.org/en/products/detail/abrasives/rupes-ibrid-nano-battery-operated-mini-sanding-and-polishing-machine"
"IMPORT","NEW","carsystem-rupes-ibrid-nano-q-maq","RUPES Ibrid Nano Q-MAQ","Battery operated mini sanding and polishing machine","Abrasives","oprema","2","true","false","157.320 157.644","","https://www.carsystem.org/en/products/detail/abrasives/rupes-ibrid-nano-q-maq-battery-operated-mini-sanding-and-polishing-machine"
"HELD_WEBSITE_ONLY","","","RUPES Mini Random Orbital Sander LD30","Mini random orbital sander, pneumatic","Abrasives","","1","false","false","157.330","Na carsystem.org postoji, ali ga nema u katalogu 2026/27.","https://www.carsystem.org/en/products/detail/abrasives/rupes-mini-random-orbital-sander-ld30-mini-random-orbital-sander-pneumatic"
"IMPORT","NEW","carsystem-rupes-orbital-sander-re21aln","RUPES Orbital Sander RE21ALN","Orbital sander, pneumatic","Abrasives","oprema","2","true","false","157.454 157.558","","https://www.carsystem.org/en/products/detail/abrasives/rupes-orbital-sander-re21aln-orbital-sander-pneumatic"
"IMPORT","NEW","carsystem-rupes-orbital-sander-sl42aes","RUPES Orbital Sander SL42AES","Orbital sander, electric","Abrasives","oprema","1","true","false","157.329","","https://www.carsystem.org/en/products/detail/abrasives/rupes-orbital-sander-sl42aes-orbital-sander-electric"
"IMPORT","NEW","carsystem-rupes-orbital-sander-slp41a","RUPES Orbital Sander SLP41A","Orbital sander, pneumatic","Abrasives","oprema","2","true","false","157.337 157.559","","https://www.carsystem.org/en/products/detail/abrasives/rupes-orbital-sander-slp41a-orbital-sander-pneumatic"
"HELD_WEBSITE_ONLY","","","RUPES Random Orbital Sander ER","Random orbital sander, electric","Abrasives","","2","false","false","158.283 158.284","Na carsystem.org postoji, ali ga nema u katalogu 2026/27.","https://www.carsystem.org/en/products/detail/abrasives/rupes-random-orbital-sander-er-random-orbital-sander-electric"
"HELD_WEBSITE_ONLY","","","RUPES Random Orbital Sander TA50","Random orbital sander, pneumatic","Abrasives","","2","false","false","157.338 159.007","Na carsystem.org postoji, ali ga nema u katalogu 2026/27.","https://www.carsystem.org/en/products/detail/abrasives/rupes-random-orbital-sander-ta50-random-orbital-sander-pneumatic"
"IMPORT","NEW","carsystem-rupes-random-orbital-single-hand-sander-ra75","RUPES Random Orbital Single-Hand Sander RA75","Random orbital sander, pneumatic","Abrasives","oprema","2","true","false","157.333 147.663","","https://www.carsystem.org/en/products/detail/abrasives/rupes-random-orbital-single-hand-sander-ra75-random-orbital-sander-pneumatic"
"IMPORT","NEW","carsystem-rupes-skorpio-e-rx","RUPES Skorpio E RX","Random orbital sander, electric","Abrasives","oprema","2","true","false","157.326 157.328","","https://www.carsystem.org/en/products/detail/abrasives/rupes-skorpio-e-rx-random-orbital-sander-electric"
"IMPORT","NEW","carsystem-rupes-skorpio-iii-rh","RUPES Skorpio III RH","Random orbital sander, pneumatic","Abrasives","oprema","2","true","false","157.334 157.335","","https://www.carsystem.org/en/products/detail/abrasives/rupes-skorpio-iii-rh-random-orbital-sander-pneumatic"
"IMPORT","NEW","carsystem-sanding-block-100-2-0","Sanding Block 100 2.0","Hand sanding – Velcro®","Abrasives","pribor","1","true","true","160.224","","https://www.carsystem.org/en/products/detail/abrasives/sanding-block-100-20-hand-sanding-velcror"
"IMPORT","NEW","carsystem-sanding-block-198-2-0","Sanding Block 198 2.0","Hand sanding - Velcro®","Abrasives","pribor","1","true","false","159.535","","https://www.carsystem.org/en/products/detail/abrasives/sanding-block-198-20-hand-sanding-velcror"
"IMPORT","NEW","carsystem-sanding-block-198-kit","Sanding Block 198 Kit","Hand sanding block set - Velcro®","Abrasives","pribor","1","true","false","148.702","","https://www.carsystem.org/en/products/detail/abrasives/sanding-block-198-kit-hand-sanding-block-set-velcror"
"IMPORT","NEW","carsystem-sanding-block-300-100","Sanding Block 300 + 100","Hand sanding block -Velcro®","Abrasives","pribor","2","true","true","160.172 159.571","","https://www.carsystem.org/en/products/detail/abrasives/sanding-block-300-100-hand-sanding-block-velcror"
"IMPORT","NEW","carsystem-sanding-block-400-2-0","Sanding Block 400 2.0","Hand sanding block 400 2.0","Abrasives","pribor","1","true","false","159.534","","https://www.carsystem.org/en/products/detail/abrasives/sanding-block-400-20-hand-sanding-block-400-20"
"IMPORT","NEW","carsystem-sanding-block-400-grip-flex","Sanding Block 400 Grip Flex","Hand sanding block - Velcro®","Abrasives","pribor","1","true","false","150.088","","https://www.carsystem.org/en/products/detail/abrasives/sanding-block-400-grip-flex-hand-sanding-block-velcror"
"IMPORT","NEW","carsystem-sanding-block-disc-kit-150","Sanding Block Disc Kit 150","Hand sanding block set - Velcro®","Abrasives","pribor","1","true","false","151.904","","https://www.carsystem.org/en/products/detail/abrasives/sanding-block-disc-kit-150-hand-sanding-block-set-velcror"
"IMPORT","NEW","carsystem-sanding-block-grip-box","Sanding Block Grip Box","Hand sanding blocks - Velcro®","Abrasives","pribor","1","true","false","142.009","","https://www.carsystem.org/en/products/detail/abrasives/sanding-block-grip-box-hand-sanding-blocks-velcror"
"IMPORT","NEW","carsystem-sanding-block-grip","Sanding Block Grip","Hand sanding block - Velcro®","Abrasives","pribor","1","true","false","137.439","","https://www.carsystem.org/en/products/detail/abrasives/sanding-block-grip-hand-sanding-block-velcror"
"IMPORT","NEW","carsystem-sanding-block-hard","Sanding Block Hard","Hand sanding block - hard","Abrasives","pribor","1","true","false","137.431","","https://www.carsystem.org/en/products/detail/abrasives/sanding-block-hard-hand-sanding-block-hard"
"MATCHED_EXISTING","","","Sanding Disc F.19","Film abrasive - 150 mm - 25 holes","Abrasives","","12","true","false","156.046 156.048 156.049 156.050 156.051 156.052 156.054 156.055 156.056 156.057 156.058 156.059","Već postoji kao ručni zapis „carsystem-f19-brusni-diskovi”.","https://www.carsystem.org/en/products/detail/abrasives/sanding-disc-f19-film-abrasive-150-mm-25-holes"
"IMPORT","NEW","carsystem-sanding-disc-f-19-77-mm","Sanding Disc F.19","Film abrasive - 77 mm","Abrasives","abrazivi","10","true","false","156.647 156.648 156.649 156.650 156.651 156.652 156.653 156.654 156.655 156.903","","https://www.carsystem.org/en/products/detail/abrasives/sanding-disc-f19-film-abrasive-77-mm"
"MATCHED_EXISTING","","","Sanding Disc F.19 Finish","Film abrasive - 152 mm - 15 holes","Abrasives","","4","true","false","156.899 156.900 156.901 156.902","Već postoji kao ručni zapis „carsystem-finish-serija”.","https://www.carsystem.org/en/products/detail/abrasives/sanding-disc-f19-finish-film-abrasive-152-mm-15-holes"
"IMPORT","NEW","carsystem-sanding-disc-f-19-finish-77-mm","Sanding Disc F.19 Finish","Film abrasive - 77 mm","Abrasives","abrazivi","2","true","false","156.904 156.905","","https://www.carsystem.org/en/products/detail/abrasives/sanding-disc-f19-finish-film-abrasive-77-mm"
"IMPORT","NEW","carsystem-sanding-disc-f-19-soft","Sanding Disc F.19 Soft","Film abrasive - 152 mm - Multi hole","Abrasives","abrazivi","5","true","false","156.933 156.934 156.935 156.936 156.937","","https://www.carsystem.org/en/products/detail/abrasives/sanding-disc-f19-soft-film-abrasive-152-mm-multi-hole"
"MATCHED_EXISTING","","","Sanding Disc F.23 Ceramic","Film abrasive - 150 mm - 25 holes","Abrasives","","9","true","false","159.218 159.219 159.220 159.221 159.222 159.223 159.224 159.225 159.226","Već postoji kao ručni zapis „carsystem-f23-brusni-diskovi”.","https://www.carsystem.org/en/products/detail/abrasives/sanding-disc-f23-ceramic-film-abrasive-150-mm-25-holes"
"MATCHED_EXISTING","","","Sanding Disc P.19","Paper abrasive - 150 mm - 25 holes","Abrasives","","13","false","false","156.357 156.358 156.359 156.361 156.362 156.363 156.364 156.365 156.367 156.368 156.369 156.370 156.371","Već postoji kao ručni zapis „carsystem-p19-brusni-diskovi”.","https://www.carsystem.org/en/products/detail/abrasives/sanding-disc-p19-paper-abrasive-150-mm-25-holes"
"IMPORT","NEW","carsystem-sanding-disc-p-25-ceramic","Sanding Disc P.25 Ceramic","Paper abrasive - 150 mm - 25 holes","Abrasives","abrazivi","10","true","true","160.273 160.274 159.995 159.996 159.997 159.998 159.999 160.000 160.002 160.003","","https://www.carsystem.org/en/products/detail/abrasives/sanding-disc-p25-ceramic-paper-abrasive-150-mm-25-holes"
"IMPORT","NEW","carsystem-sanding-fleece-v-19-disc","Sanding Fleece V.19","Sanding Fleece - Disc","Abrasives","abrazivi","4","true","false","156.691 156.690 156.044 156.045","","https://www.carsystem.org/en/products/detail/abrasives/sanding-fleece-v19-sanding-fleece-disc"
"IMPORT","NEW","carsystem-sanding-fleece-v-19-pad-115-x-230-mm","Sanding Fleece V.19","Sanding Fleece - Pad - 115 x 230 mm","Abrasives","abrazivi","2","true","false","156.041 156.042","","https://www.carsystem.org/en/products/detail/abrasives/sanding-fleece-v19-sanding-fleece-pad-115-x-230-mm"
"IMPORT","NEW","carsystem-sanding-fleece-v-19-roll-115-mm-x-10-m","Sanding Fleece V.19","Sanding Fleece - Roll - 115 mm x 10 m","Abrasives","abrazivi","2","true","false","156.039 156.040","","https://www.carsystem.org/en/products/detail/abrasives/sanding-fleece-v19-sanding-fleece-roll-115-mm-x-10-m"
"IMPORT","NEW","carsystem-sanding-strips-f-23-ceramic","Sanding Strips F.23 Ceramic","Film abrasive - Roll - 70 mm x 12 m","Abrasives","abrazivi","8","true","false","159.227 159.228 159.229 159.230 159.231 159.232 159.234 159.235","","https://www.carsystem.org/en/products/detail/abrasives/sanding-strips-f23-ceramic-film-abrasive-roll-70-mm-x-12-m"
"IMPORT","NEW","carsystem-sanding-strips-p-25-ceramic","Sanding Strips P.25 Ceramic","Paper abrasive - roll - 70 mm x 12 m","Abrasives","abrazivi","6","true","true","160.408 160.409 160.410 160.411 160.412 160.413","","https://www.carsystem.org/en/products/detail/abrasives/sanding-strips-p25-ceramic-paper-abrasive-roll-70-mm-x-12-m"
"IMPORT","NEW","carsystem-sanding-water-sw20","Sanding Water SW20","Sanding water","Abrasives","abrazivi","2","true","false","157.446 157.447","","https://www.carsystem.org/en/products/detail/abrasives/sanding-water-sw20-sanding-water"
"IMPORT","NEW","carsystem-soft-interface-pad","Soft Interface Pad","Interface pad - 150 mm","Abrasives","pribor","2","true","false","140.585 140.584","","https://www.carsystem.org/en/products/detail/abrasives/soft-interface-pad-interface-pad-150-mm"
"IMPORT","NEW","carsystem-soft-roll","Soft-Roll","Paper abrasive - Roll - 115 x 125 mm","Abrasives","abrazivi","9","true","false","159.422 159.423 159.424 159.425 159.426 159.427 159.428 159.429 159.430","","https://www.carsystem.org/en/products/detail/abrasives/soft-roll-paper-abrasive-roll-115-x-125-mm"
"IMPORT","NEW","carsystem-stripping-disc","Stripping Disc","Raw cleaning disc","Abrasives","abrazivi","2","true","false","127.999 128.000","","https://www.carsystem.org/en/products/detail/abrasives/stripping-disc-raw-cleaning-disc"
"IMPORT","NEW","carsystem-tape-off-disc-premium","Tape Off Disc Premium","Sticker removal disc","Abrasives","abrazivi","1","true","false","152.013","","https://www.carsystem.org/en/products/detail/abrasives/tape-off-disc-premium-sticker-removal-disc"
"IMPORT","NEW","carsystem-tape-off-tool","Tape Off Tool","Axial sander","Abrasives","oprema","1","true","false","133.172","","https://www.carsystem.org/en/products/detail/abrasives/tape-off-tool-axial-sander"
"IMPORT","NEW","carsystem-tec-line-matt-matting-mousse","Tec Line Matt Matting Mousse","Matting paste","Abrasives","abrazivi","1","true","false","151.947","","https://www.carsystem.org/en/products/detail/abrasives/tec-line-matt-matting-mousse-matting-paste"
"IMPORT","NEW","carsystem-tec-line-mattflex-pad","Tec Line Mattflex Pad","Sanding fleece - Pad - 115 x 230 mm","Abrasives","abrazivi","4","true","false","152.686 157.444 152.687 152.688","","https://www.carsystem.org/en/products/detail/abrasives/tec-line-mattflex-pad-sanding-fleece-pad-115-x-230-mm"
"IMPORT","NEW","carsystem-tec-line-mattflex-premium","Tec Line Mattflex Premium","Sanding Fleece - Roll - 115 mm x 10 m","Abrasives","abrazivi","2","true","false","151.616 151.617","","https://www.carsystem.org/en/products/detail/abrasives/tec-line-mattflex-premium-sanding-fleece-roll-115-mm-x-10-m"
"IMPORT","NEW","carsystem-tec-line-n20","Tec Line N20","Net sanding strips 70 x 400 mm","Abrasives","abrazivi","6","true","false","157.438 157.439 157.440 157.441 157.442 157.443","","https://www.carsystem.org/en/products/detail/abrasives/tec-line-n20-net-sanding-strips-70-x-400-mm"
"IMPORT","NEW","carsystem-tec-line-pro-finish","Tec Line Pro Finish","Net abrasive - 150 mm","Abrasives","abrazivi","3","true","false","152.983 152.984 153.256","","https://www.carsystem.org/en/products/detail/abrasives/tec-line-pro-finish-net-abrasive-150-mm"
"IMPORT","NEW","carsystem-tec-line-softflex","Tec Line Softflex","Paper abrasive - Roll - 115 x 125 mm","Abrasives","abrazivi","8","true","false","152.689 152.690 152.691 152.692 152.693 152.694 152.695 152.696","","https://www.carsystem.org/en/products/detail/abrasives/tec-line-softflex-paper-abrasive-roll-115-x-125-mm"
"IMPORT","NEW","carsystem-topline-soft-pad","Topline Soft Pad","Foam abrasive - 140 x 115 mm","Abrasives","abrazivi","4","true","false","126.251 126.252 126.253 126.254","","https://www.carsystem.org/en/products/detail/abrasives/topline-soft-pad-foam-abrasive-140-x-115-mm"
"IMPORT","NEW","carsystem-topline-wp-s","Topline WP S","Paper abrasive - 230 x 280 mm","Abrasives","abrazivi","15","true","false","136.676 136.677 136.678 136.679 136.680 136.682 136.684 136.685 136.686 136.687 136.688 136.689 136.690 136.691 136.683","","https://www.carsystem.org/en/products/detail/abrasives/topline-wp-s-paper-abrasive-230-x-280-mm"
"IMPORT","NEW","carsystem-applicator","Applicator","Applicator","Bonding & Sealing","pribor","1","true","false","139.325","","https://www.carsystem.org/en/products/detail/bonding-sealing/applicator-applicator"
"IMPORT","NEW","carsystem-hs-acryl-tape","HS-Acryl Tape","Double-sided adhesive tape","Bonding & Sealing","lepkovi","4","true","false","147.024 137.072 137.073 137.074","","https://www.carsystem.org/en/products/detail/bonding-sealing/hs-acryl-tape-double-sided-adhesive-tape"
"IMPORT","NEW","carsystem-ks-100","KS-100","Underbody protection bitumen","Bonding & Sealing","zastita","1","true","false","126.032","","https://www.carsystem.org/en/products/detail/bonding-sealing/ks-100-underbody-protection-bitumen"
"IMPORT","NEW","carsystem-ks-1000","KS-1000","Stone chip protection","Bonding & Sealing","zastita","3","true","false","149.266 149.264 149.265","","https://www.carsystem.org/en/products/detail/bonding-sealing/ks-1000-stone-chip-protection"
"IMPORT","NEW","carsystem-ks-1050","KS-1050","Stone chip protection","Bonding & Sealing","zastita","2","true","false","126.022 126.023","","https://www.carsystem.org/en/products/detail/bonding-sealing/ks-1050-stone-chip-protection"
"IMPORT","NEW","carsystem-ks-200","KS-200","Cavity protection","Bonding & Sealing","zastita","1","true","false","126.062","","https://www.carsystem.org/en/products/detail/bonding-sealing/ks-200-cavity-protection"
"IMPORT","NEW","carsystem-ks-250","KS-250","Cavity protection","Bonding & Sealing","zastita","2","true","false","126.061 159.332","","https://www.carsystem.org/en/products/detail/bonding-sealing/ks-250-cavity-protection"
"IMPORT","NEW","carsystem-ks-3000-plus","KS-3000 Plus","HS stone chip protection","Bonding & Sealing","zastita","2","true","false","152.804 152.622","","https://www.carsystem.org/en/products/detail/bonding-sealing/ks-3000-plus-hs-stone-chip-protection"
"IMPORT","NEW","carsystem-ks-300-2","KS-300.2","Cavity wax","Bonding & Sealing","zastita","1","true","false","160.064","","https://www.carsystem.org/en/products/detail/bonding-sealing/ks-3002-cavity-wax"
"IMPORT","NEW","carsystem-ks-400","KS-400","Rust protection wax","Bonding & Sealing","zastita","1","true","false","125.468","","https://www.carsystem.org/en/products/detail/bonding-sealing/ks-400-rust-protection-wax"
"IMPORT","NEW","carsystem-ks-4000-2","KS-4000.2","Stone chip protection - water-based","Bonding & Sealing","zastita","1","true","true","160.067","","https://www.carsystem.org/en/products/detail/bonding-sealing/ks-40002-stone-chip-protection-water-based"
"IMPORT","NEW","carsystem-ks-500-2","KS-500.2","Underbody protection bitumen","Bonding & Sealing","zastita","1","true","true","160.065","","https://www.carsystem.org/en/products/detail/bonding-sealing/ks-5002-underbody-protection-bitumen"
"IMPORT","NEW","carsystem-ks-50-2","KS-50.2","Brushable Seam Sealer","Bonding & Sealing","lepkovi","1","true","false","160.007","","https://www.carsystem.org/en/products/detail/bonding-sealing/ks-502-brushable-seam-sealer"
"IMPORT","NEW","carsystem-ks-550","KS-550","Underbody protection bitumen","Bonding & Sealing","zastita","1","true","false","126.029","","https://www.carsystem.org/en/products/detail/bonding-sealing/ks-550-underbody-protection-bitumen"
"IMPORT","NEW","carsystem-ks-800","KS-800","Underbody protection wax","Bonding & Sealing","zastita","1","true","false","126.095","","https://www.carsystem.org/en/products/detail/bonding-sealing/ks-800-underbody-protection-wax"
"IMPORT","NEW","carsystem-ks-850","KS-850","Underbody protection wax","Bonding & Sealing","zastita","1","true","false","126.094","","https://www.carsystem.org/en/products/detail/bonding-sealing/ks-850-underbody-protection-wax"
"IMPORT","NEW","carsystem-ks-brush","KS-Brush","Nylon brush","Bonding & Sealing","pribor","1","true","false","141.453","","https://www.carsystem.org/en/products/detail/bonding-sealing/ks-brush-nylon-brush"
"IMPORT","NEW","carsystem-ks-dual-gun","KS-Dual Gun","Underbody protection gun","Bonding & Sealing","pribor","3","true","false","126.040 126.058 126.048","","https://www.carsystem.org/en/products/detail/bonding-sealing/ks-dual-gun-underbody-protection-gun"
"IMPORT","NEW","carsystem-ks-gun","KS-Gun","Underbody protection gun","Bonding & Sealing","pribor","4","true","false","157.032 142.279 147.956 158.017","","https://www.carsystem.org/en/products/detail/bonding-sealing/ks-gun-underbody-protection-gun"
"IMPORT","NEW","carsystem-mount-tape","Mount Tape","Double-sided adhesive tape","Bonding & Sealing","lepkovi","3","true","false","125.712 125.713 125.720","","https://www.carsystem.org/en/products/detail/bonding-sealing/mount-tape-double-sided-adhesive-tape"
"IMPORT","NEW","carsystem-ms-air-gun","MS Air Gun","MS spray gun","Bonding & Sealing","pribor","3","true","false","125.681 131.563 140.075","","https://www.carsystem.org/en/products/detail/bonding-sealing/ms-air-gun-ms-spray-gun"
"IMPORT","NEW","carsystem-power-pu-bond","Power PU Bond","2K PU glue","Bonding & Sealing","lepkovi","3","true","true","159.952 159.954 159.955","","https://www.carsystem.org/en/products/detail/bonding-sealing/power-pu-bond-2k-pu-glue"
"IMPORT","NEW","carsystem-power-pu-bond-film","Power PU Bond Film","Backing and supporting film","Bonding & Sealing","pribor","1","true","false","159.958","","https://www.carsystem.org/en/products/detail/bonding-sealing/power-pu-bond-film-backing-and-supporting-film"
"IMPORT","NEW","carsystem-power-pu-bond-gun","Power PU Bond Gun","2K PU-glue gun","Bonding & Sealing","pribor","1","true","false","140.927","","https://www.carsystem.org/en/products/detail/bonding-sealing/power-pu-bond-gun-2k-pu-glue-gun"
"IMPORT","NEW","carsystem-power-pu-bond-mixer","Power PU Bond Mixer","Mixing tube - 25+50 ml","Bonding & Sealing","pribor","1","true","true","159.956","","https://www.carsystem.org/en/products/detail/bonding-sealing/power-pu-bond-mixer-mixing-tube-25-50-ml"
"IMPORT","NEW","carsystem-sound-deadening-panels","Sound Deadening Panels","Sound deadening panels","Bonding & Sealing","zastita","3","true","false","126.055 134.139 134.140","","https://www.carsystem.org/en/products/detail/bonding-sealing/sound-deadening-panels-sound-deadening-panels"
"IMPORT","NEW","carsystem-uniflex-adapter-nozzle-v-nozzle","UNIFLEX Adapter Nozzle","V-Nozzle","Bonding & Sealing","pribor","1","true","false","149.010","","https://www.carsystem.org/en/products/detail/bonding-sealing/uniflex-adapter-nozzle-v-nozzle"
"IMPORT","NEW","carsystem-uniflex-adapter-nozzle-wing-tip","UNIFLEX Adapter Nozzle","Wing tip","Bonding & Sealing","pribor","1","true","false","149.009","","https://www.carsystem.org/en/products/detail/bonding-sealing/uniflex-adapter-nozzle-wing-tip"
"IMPORT","NEW","carsystem-uniflex-air-gun","UNIFLEX Air Gun","Air gun","Bonding & Sealing","pribor","1","true","false","153.224","","https://www.carsystem.org/en/products/detail/bonding-sealing/uniflex-air-gun-air-gun"
"IMPORT","NEW","carsystem-uniflex-glas-fast-primer","UNIFLEX Glas Fast-Primer","Moisture-curing glass primer","Bonding & Sealing","lepkovi","1","true","false","144.036","","https://www.carsystem.org/en/products/detail/bonding-sealing/uniflex-glas-fast-primer-moisture-curing-glass-primer"
"IMPORT","NEW","carsystem-uniflex-glas","UNIFLEX Glas","Glass bonding glue","Bonding & Sealing","lepkovi","1","true","false","148.927","","https://www.carsystem.org/en/products/detail/bonding-sealing/uniflex-glas-glass-bonding-glue"
"IMPORT","NEW","carsystem-uniflex-glas-hm","UNIFLEX Glas HM","Glass bonding glue - High modulus - Non-conductive","Bonding & Sealing","lepkovi","1","true","false","148.928","","https://www.carsystem.org/en/products/detail/bonding-sealing/uniflex-glas-hm-glass-bonding-glue-high-modulus-non-conductive"
"IMPORT","NEW","carsystem-uniflex-gun","UNIFLEX Gun","Manual gun","Bonding & Sealing","pribor","2","true","false","135.108 139.286","","https://www.carsystem.org/en/products/detail/bonding-sealing/uniflex-gun-manual-gun"
"IMPORT","NEW","carsystem-uniflex-ms","UNIFLEX MS","Sprayable seam sealer","Bonding & Sealing","lepkovi","3","true","false","160.133 159.108 160.132","","https://www.carsystem.org/en/products/detail/bonding-sealing/uniflex-ms-sprayable-seam-sealer"
"IMPORT","NEW","carsystem-uniflex-nozzle","UNIFLEX Nozzle","Spare nozzles","Bonding & Sealing","pribor","2","true","false","150.292 155.241","","https://www.carsystem.org/en/products/detail/bonding-sealing/uniflex-nozzle-spare-nozzles"
"IMPORT","NEW","carsystem-uniflex-pu","UNIFLEX PU","Bonding and sealing compound","Bonding & Sealing","lepkovi","3","true","false","159.160 159.161 159.162","","https://www.carsystem.org/en/products/detail/bonding-sealing/uniflex-pu-bonding-and-sealing-compound"
"HELD_NO_PRODUCT_PAGE","","","CAR CLEAN MULTI II","Cleaning cloth","MASKINGPAINTINGFINISH","","1","true","true","160.515","U katalogu je, ali nema stranicu na carsystem.org (nema zvanične slike ni opisa).","https://www.carsystem.org/fileadmin/CS-Kataloge-2026/Carsystem-product-catalogue-HQ-2026-27-EN.pdf#page=89"
"HELD_NO_PRODUCT_PAGE","","","CLASSIC COVERALL PANTS KNEEPADFIT","Protective coverall pants - Kneepad pocket","MASKINGPAINTINGFINISHCLEANING ABRASIVESPUTTIES","","6","true","true","160.596 160.597 160.598 160.599 160.600 160.601","U katalogu je, ali nema stranicu na carsystem.org (nema zvanične slike ni opisa).","https://www.carsystem.org/fileadmin/CS-Kataloge-2026/Carsystem-product-catalogue-HQ-2026-27-EN.pdf#page=94"
"HELD_NO_PRODUCT_PAGE","","","ERLKING LTD. 2-PIECE COVERALL","Protective Coverall","MASKINGPAINTINGFINISHCLEANING ABRASIVESPUTTIES","","12","true","true","160.663 160.669 160.664 160.670 160.665 160.671 160.666 160.672 160.667 160.673 160.668 160.674","U katalogu je, ali nema stranicu na carsystem.org (nema zvanične slike ni opisa).","https://www.carsystem.org/fileadmin/CS-Kataloge-2026/Carsystem-product-catalogue-HQ-2026-27-EN.pdf#page=93"
"IMPORT","NEW","carsystem-car-clean-double-blue","Car Clean Double Blue","Paper cleaning cloth","Cleaning","ciscenje","1","true","false","134.580","","https://www.carsystem.org/en/products/detail/cleaning/car-clean-double-blue-paper-cleaning-cloth"
"IMPORT","NEW","carsystem-car-clean-double-white","Car Clean Double White","Paper cleaning cloth","Cleaning","ciscenje","1","true","false","141.253","","https://www.carsystem.org/en/products/detail/cleaning/car-clean-double-white-paper-cleaning-cloth"
"IMPORT","NEW","carsystem-car-clean-multi","Car Clean Multi","Cleaning cloth","Cleaning","ciscenje","1","true","false","134.577","","https://www.carsystem.org/en/products/detail/cleaning/car-clean-multi-cleaning-cloth"
"IMPORT","NEW","carsystem-car-clean-multi-extreme-box","Car Clean Multi Extreme Box","Cellulose cleaning cloth","Cleaning","ciscenje","1","true","false","142.765","","https://www.carsystem.org/en/products/detail/cleaning/car-clean-multi-extreme-box-cellulose-cleaning-cloth"
"IMPORT","NEW","carsystem-car-clean-triple-blue","Car Clean Triple Blue","Paper cleaning cloth","Cleaning","ciscenje","2","true","false","134.578 134.579","","https://www.carsystem.org/en/products/detail/cleaning/car-clean-triple-blue-paper-cleaning-cloth"
"IMPORT","NEW","carsystem-cleaning-wipes","Cleaning wipes","Cleaning wipes","Cleaning","ciscenje","1","true","false","156.458","","https://www.carsystem.org/en/products/detail/cleaning/cleaning-wipes-cleaning-wipes"
"IMPORT","NEW","carsystem-cockpit-spray","Cockpit-Spray","Cleaning spray","Cleaning","ciscenje","1","true","false","126.020","","https://www.carsystem.org/en/products/detail/cleaning/cockpit-spray-cleaning-spray"
"IMPORT","NEW","carsystem-coding-caps","Coding Caps","Colour code rings","Cleaning","pribor","1","true","false","152.642","","https://www.carsystem.org/en/products/detail/cleaning/coding-caps-colour-code-rings"
"IMPORT","NEW","carsystem-finish-clay","Finish Clay","Cleaning clay","Cleaning","ciscenje","1","true","false","147.468","","https://www.carsystem.org/en/products/detail/cleaning/finish-clay-cleaning-clay"
"IMPORT","NEW","carsystem-gun-clean-set","Gun Clean Set","Gun cleaning set","Cleaning","ciscenje","1","true","false","157.520","","https://www.carsystem.org/en/products/detail/cleaning/gun-clean-set-gun-cleaning-set"
"IMPORT","NEW","carsystem-h2o-cleaner","H₂O Cleaner","Cleaner","Cleaning","ciscenje","1","true","false","151.953","","https://www.carsystem.org/en/products/detail/cleaning/h2o-cleaner-cleaner"
"IMPORT","NEW","carsystem-iso-ve-7030","ISO-VE 7030","Isopropanol cleaner","Cleaning","ciscenje","2","true","false","154.034 157.345","","https://www.carsystem.org/en/products/detail/cleaning/iso-ve-7030-isopropanol-cleaner"
"IMPORT","NEW","carsystem-multi-cleaning-wipes","Multi Cleaning wipes","Cleaning wipes","Cleaning","ciscenje","1","true","true","159.782","","https://www.carsystem.org/en/products/detail/cleaning/multi-cleaning-wipes-cleaning-wipes"
"IMPORT","NEW","carsystem-nano-easy-cleaner","Nano Easy Cleaner","Cleaning sponge","Cleaning","ciscenje","1","true","false","143.383","","https://www.carsystem.org/en/products/detail/cleaning/nano-easy-cleaner-cleaning-sponge"
"IMPORT","NEW","carsystem-pump-sprayer","Pump Sprayer","Pump Sprayer","Cleaning","pribor","5","true","false","157.412 142.808 139.606 146.680 153.269","","https://www.carsystem.org/en/products/detail/cleaning/pump-sprayer-pump-sprayer"
"IMPORT","NEW","carsystem-scraper","Scraper","Paint off blade","Cleaning","pribor","2","true","false","140.984 140.985","","https://www.carsystem.org/en/products/detail/cleaning/scraper-paint-off-blade"
"IMPORT","NEW","carsystem-silicone-remover-mild","Silicone Remover Mild","Silicone remover - solvent based","Cleaning","ciscenje","4","true","false","146.711 146.704 147.023 139.212","","https://www.carsystem.org/en/products/detail/cleaning/silicone-remover-mild-silicone-remover-solvent-based"
"IMPORT","NEW","carsystem-silicone-remover-water-2-0","Silicone Remover Water 2.0","Silicone remover - water based","Cleaning","ciscenje","1","true","true","160.321","","https://www.carsystem.org/en/products/detail/cleaning/silicone-remover-water-20-silicone-remover-water-based"
"IMPORT","NEW","carsystem-spraygun-cleaner","Spraygun cleaner","Spraygun cleaner","Cleaning","ciscenje","1","true","false","158.627","","https://www.carsystem.org/en/products/detail/cleaning/spraygun-cleaner-spraygun-cleaner"
"IMPORT","NEW","carsystem-squeezer","Squeezer","Squeezer sponge","Cleaning","ciscenje","1","true","false","157.987","","https://www.carsystem.org/en/products/detail/cleaning/squeezer-squeezer-sponge"
"IMPORT","NEW","carsystem-staub-stop-super-wave","Staub Stop Super Wave","Tack cloth","Cleaning","ciscenje","1","true","false","148.124","","https://www.carsystem.org/en/products/detail/cleaning/staub-stop-super-wave-tack-cloth"
"IMPORT","NEW","carsystem-staub-stop","Staub Stop","Tack cloth","Cleaning","ciscenje","2","true","false","132.615 132.616","","https://www.carsystem.org/en/products/detail/cleaning/staub-stop-tack-cloth"
"IMPORT","NEW","carsystem-staub-stop-water-black","Staub Stop Water Black","Tack cloth","Cleaning","ciscenje","1","true","false","158.033","","https://www.carsystem.org/en/products/detail/cleaning/staub-stop-water-black-tack-cloth"
"IMPORT","NEW","carsystem-staub-stop-water","Staub Stop Water","Tack cloth","Cleaning","ciscenje","1","true","false","144.538","","https://www.carsystem.org/en/products/detail/cleaning/staub-stop-water-tack-cloth"
"IMPORT","NEW","carsystem-c-wax-c-80","C-Wax C-80","High gloss finish sealer","Finish","poliranje","1","true","false","158.243","","https://www.carsystem.org/en/products/detail/finish/c-wax-c-80-high-gloss-finish-sealer"
"IMPORT","NEW","carsystem-car-mop-white","Car Mop White","Polishing pad","Finish","poliranje","1","true","false","133.149","","https://www.carsystem.org/en/products/detail/finish/car-mop-white-polishing-pad"
"IMPORT","NEW","carsystem-car-polish-roll","Car Polish Roll","Disposable polishing cloth","Finish","poliranje","1","true","false","134.582","","https://www.carsystem.org/en/products/detail/finish/car-polish-roll-disposable-polishing-cloth"
"IMPORT","NEW","carsystem-compound-x1500-hc","Compound X1500 HC","High performance cutting compound","Finish","poliranje","1","true","true","160.446","","https://www.carsystem.org/en/products/detail/finish/compound-x1500-hc-high-performance-cutting-compound"
"IMPORT","NEW","carsystem-cordless-sander-csh-cos01","CORDLESS SANDER CSH-COS01","Cordless random orbital sander","Finish","oprema","2","true","true","160.108 160.109","","https://www.carsystem.org/en/products/detail/finish/cordless-sander-csh-cos01-cordless-random-orbital-sander"
"IMPORT","NEW","carsystem-dispenser-bottle-incl-cap","Dispenser bottle incl. Cap","Dispenser bottle","Finish","pribor","1","true","false","156.575","","https://www.carsystem.org/en/products/detail/finish/dispenser-bottle-incl-cap-dispenser-bottle"
"HELD_WEBSITE_ONLY","","","Dispenser for 5 kg Polish","Dispenser","Finish","","1","false","false","156.460","Na carsystem.org postoji, ali ga nema u katalogu 2026/27.","https://www.carsystem.org/en/products/detail/finish/dispenser-for-5-kg-polish-dispenser"
"IMPORT","NEW","carsystem-finish-back-pad","Finish Back Pad","Finish back pad","Finish","pribor","1","true","false","139.206","","https://www.carsystem.org/en/products/detail/finish/finish-back-pad-finish-back-pad"
"HELD_WEBSITE_ONLY","","","Finish Back Pad M-14","Finish back pad","Finish","","1","false","false","160.443","Na carsystem.org postoji, ali ga nema u katalogu 2026/27.","https://www.carsystem.org/en/products/detail/finish/finish-back-pad-m-14-finish-back-pad"
"IMPORT","NEW","carsystem-finish-control-foam-c-99","Finish Control Foam C-99","Control Foam","Finish","poliranje","1","true","false","156.614","","https://www.carsystem.org/en/products/detail/finish/finish-control-foam-c-99-control-foam"
"IMPORT","NEW","carsystem-finish-foam-black-ah","Finish Foam Black AH","Polishing pad","Finish","poliranje","2","true","false","157.064 157.065","","https://www.carsystem.org/en/products/detail/finish/finish-foam-black-ah-polishing-pad"
"IMPORT","NEW","carsystem-finish-foam-orange","Finish Foam Orange","Polishing pad","Finish","poliranje","2","true","false","153.088 153.076","","https://www.carsystem.org/en/products/detail/finish/finish-foam-orange-polishing-pad"
"IMPORT","NEW","carsystem-finish-foam-white-ah","Finish Foam White AH","Polishing pad","Finish","poliranje","2","true","false","157.052 157.053","","https://www.carsystem.org/en/products/detail/finish/finish-foam-white-ah-polishing-pad"
"IMPORT","NEW","carsystem-finish-quadra-pad-c-10","Finish Quadra Pad C-10","Polishing pad","Finish","poliranje","3","true","false","151.906 151.640 151.905","","https://www.carsystem.org/en/products/detail/finish/finish-quadra-pad-c-10-polishing-pad"
"IMPORT","NEW","carsystem-finish-sandwich-pad-c-30","Finish Sandwich Pad C-30","Polishing pad","Finish","poliranje","2","true","false","151.908 151.639","","https://www.carsystem.org/en/products/detail/finish/finish-sandwich-pad-c-30-polishing-pad"
"IMPORT","NEW","carsystem-finish-waffle-foam-black-ah","Finish Waffle Foam Black AH","polishing pad","Finish","poliranje","2","true","false","157.066 157.067","","https://www.carsystem.org/en/products/detail/finish/finish-waffle-foam-black-ah-polishing-pad"
"IMPORT","NEW","carsystem-finish-waffle-pad-orange","Finish Waffle Pad Orange","Polishing pad","Finish","poliranje","1","true","false","153.114","","https://www.carsystem.org/en/products/detail/finish/finish-waffle-pad-orange-polishing-pad"
"IMPORT","NEW","carsystem-lamb-wool-pad-gold-s","Lamb Wool Pad Gold S","Lamb wool pad","Finish","poliranje","2","true","false","157.166 157.290","","https://www.carsystem.org/en/products/detail/finish/lamb-wool-pad-gold-s-lamb-wool-pad"
"IMPORT","NEW","carsystem-lamb-wool-pad-white-s-edge","Lamb Wool Pad White S Edge","Lamb wool pad","Finish","poliranje","2","true","false","157.163 157.232","","https://www.carsystem.org/en/products/detail/finish/lamb-wool-pad-white-s-edge-lamb-wool-pad"
"IMPORT","NEW","carsystem-micro-fiber-cloth-2-in-1","Micro Fiber Cloth","2 IN 1","Finish","poliranje","1","true","false","156.589","","https://www.carsystem.org/en/products/detail/finish/micro-fiber-cloth-2-in-1"
"IMPORT","NEW","carsystem-micro-fiber-cloth-fluffy","Micro Fiber Cloth","Fluffy","Finish","poliranje","1","true","false","156.590","","https://www.carsystem.org/en/products/detail/finish/micro-fiber-cloth-fluffy"
"IMPORT","NEW","carsystem-micro-fiber-cloth-polish-extreme","Micro Fiber Cloth","Polish Extreme","Finish","poliranje","1","true","false","156.591","","https://www.carsystem.org/en/products/detail/finish/micro-fiber-cloth-polish-extreme"
"IMPORT","NEW","carsystem-micro-fiber-cloth-sky-blue","Micro Fiber Cloth","Sky Blue","Finish","poliranje","1","true","false","156.587","","https://www.carsystem.org/en/products/detail/finish/micro-fiber-cloth-sky-blue"
"IMPORT","NEW","carsystem-micro-fiber-cloth-wave-cut","Micro Fiber Cloth","Wave Cut","Finish","poliranje","1","true","false","156.588","","https://www.carsystem.org/en/products/detail/finish/micro-fiber-cloth-wave-cut"
"IMPORT","NEW","carsystem-microfiber-x300-duo","Microfiber X300 Duo","Micro Fiber Cloth","Finish","poliranje","1","true","true","160.457","","https://www.carsystem.org/en/products/detail/finish/microfiber-x300-duo-micro-fiber-cloth"
"IMPORT","NEW","carsystem-mini-sanding-machine-rc-9330","Mini Sanding Machine RC 9330","Mini sanding machine, pneumatic","Finish","oprema","1","true","false","143.724","","https://www.carsystem.org/en/products/detail/finish/mini-sanding-machine-rc-9330-mini-sanding-machine-pneumatic"
"IMPORT","NEW","carsystem-nano-carnauba-wax","Nano Carnauba Wax","High gloss wax","Finish","poliranje","1","true","false","151.945","","https://www.carsystem.org/en/products/detail/finish/nano-carnauba-wax-high-gloss-wax"
"IMPORT","NEW","carsystem-orbital-sander-csh-cms01-kit","Orbital Sander CSH-CMS01 kit","Cordless orbital sander","Finish","oprema","1","true","false","159.067","","https://www.carsystem.org/en/products/detail/finish/orbital-sander-csh-cms01-kit-cordless-orbital-sander"
"IMPORT","NEW","carsystem-polish-c-05-cut","Polish C-05 cut","High performance cutting compound","Finish","poliranje","1","true","false","156.345","","https://www.carsystem.org/en/products/detail/finish/polish-c-05-cut-high-performance-cutting-compound"
"IMPORT","NEW","carsystem-polish-c-07-cut","Polish C-07 cut","High performance cutting compound","Finish","poliranje","1","true","false","157.445","","https://www.carsystem.org/en/products/detail/finish/polish-c-07-cut-high-performance-cutting-compound"
"IMPORT","NEW","carsystem-polish-c-10-strong","Polish C-10 strong","High performance cutting compound","Finish","poliranje","1","true","false","151.634","","https://www.carsystem.org/en/products/detail/finish/polish-c-10-strong-high-performance-cutting-compound"
"IMPORT","NEW","carsystem-polish-c-30-finish","Polish C-30 finish","Anti hologram polish","Finish","poliranje","1","true","false","151.636","","https://www.carsystem.org/en/products/detail/finish/polish-c-30-finish-anti-hologram-polish"
"HELD_WEBSITE_ONLY","","","Polish – Coarse Step 1","Polish","Finish","","1","false","false","156.451","Na carsystem.org postoji, ali ga nema u katalogu 2026/27.","https://www.carsystem.org/en/products/detail/finish/polish-coarse-step-1-polish"
"HELD_WEBSITE_ONLY","","","Polish – Fine Step 2","Anti-hologram polish","Finish","","1","false","false","156.452","Na carsystem.org postoji, ali ga nema u katalogu 2026/27.","https://www.carsystem.org/en/products/detail/finish/polish-fine-step-2-anti-hologram-polish"
"IMPORT","NEW","carsystem-polish-foam-green","Polish Foam Green","Polishing pad","Finish","poliranje","2","true","false","157.050 157.051","","https://www.carsystem.org/en/products/detail/finish/polish-foam-green-polishing-pad"
"IMPORT","NEW","carsystem-polish-foam-white-sc","Polish Foam White SC","Polishing pad","Finish","poliranje","2","true","false","157.054 157.055","","https://www.carsystem.org/en/products/detail/finish/polish-foam-white-sc-polishing-pad"
"IMPORT","NEW","carsystem-polish-foam-yellow","Polish Foam Yellow","Polishing pad","Finish","poliranje","2","true","false","157.056 157.057","","https://www.carsystem.org/en/products/detail/finish/polish-foam-yellow-polishing-pad"
"IMPORT","NEW","carsystem-polish-waffle-foam-yellow","Polish Waffle Foam Yellow","Polishing pad","Finish","poliranje","2","true","false","157.058 157.059","","https://www.carsystem.org/en/products/detail/finish/polish-waffle-foam-yellow-polishing-pad"
"IMPORT","NEW","carsystem-polish-x8000-ah","Polish X8000 AH","Anti hologram polish","Finish","poliranje","1","true","true","160.451","","https://www.carsystem.org/en/products/detail/finish/polish-x8000-ah-anti-hologram-polish"
"IMPORT","NEW","carsystem-polishing-back-pad","Polishing Back Pad","Finish back pad","Finish","pribor","1","true","false","144.916","","https://www.carsystem.org/en/products/detail/finish/polishing-back-pad-finish-back-pad"
"IMPORT","NEW","carsystem-polishing-machine-rc-166","Polishing Machine RC 166","Polishing machine, pneumatic","Finish","oprema","1","true","false","143.723","","https://www.carsystem.org/en/products/detail/finish/polishing-machine-rc-166-polishing-machine-pneumatic"
"IMPORT","NEW","carsystem-polishing-pad-x1500","Polishing Pad X1500","Polishing Pad","Finish","poliranje","4","true","true","160.447 160.448 160.449 160.450","","https://www.carsystem.org/en/products/detail/finish/polishing-pad-x1500-polishing-pad"
"IMPORT","NEW","carsystem-polishing-pad-x8000","Polishing Pad X8000","Polishing Pad","Finish","poliranje","2","true","true","160.452 160.453","","https://www.carsystem.org/en/products/detail/finish/polishing-pad-x8000-polishing-pad"
"IMPORT","NEW","carsystem-rapid-charger-for-csh-battery-powered","Rapid Charger for CSH-battery-powered","replacement charger","Finish","oprema","1","true","true","159.064","","https://www.carsystem.org/en/products/detail/finish/rapid-charger-for-csh-battery-powered-replacement-charger"
"IMPORT","NEW","carsystem-refinish-1","Refinish 1","Cutting compound","Finish","poliranje","1","true","false","132.437","","https://www.carsystem.org/en/products/detail/finish/refinish-1-cutting-compound"
"IMPORT","NEW","carsystem-refinish-restorer","Refinish Restorer","Plastic conditioner","Finish","poliranje","2","true","false","159.706 159.707","","https://www.carsystem.org/en/products/detail/finish/refinish-restorer-plastic-conditioner"
"IMPORT","NEW","carsystem-rotary-polisher-csh-crp01-kit","Rotary Polisher CSH-CRP01 Kit","Rotary Polisher, cordless","Finish","oprema","2","true","false","159.822 160.111","","https://www.carsystem.org/en/products/detail/finish/rotary-polisher-csh-crp01-kit-rotary-polisher-cordless"
"HELD_WEBSITE_ONLY","","","RUPES 47.105 Replacement carbon brush","Replacement carbon brush","Finish","","1","false","false","158.290","Na carsystem.org postoji, ali ga nema u katalogu 2026/27.","https://www.carsystem.org/en/products/detail/finish/rupes-47105-replacement-carbon-brush-replacement-carbon-brush"
"HELD_WEBSITE_ONLY","","","Rupes 9. Holder BigFoot","Wall racket","Finish","","1","false","false","158.134","Na carsystem.org postoji, ali ga nema u katalogu 2026/27.","https://www.carsystem.org/en/products/detail/finish/rupes-9-holder-bigfoot-wall-racket"
"IMPORT","NEW","carsystem-rupes-angle-polishing-machine-lh76p","RUPES Angle Polishing Machine LH76P","Angle polishing machine, pneumatic","Finish","oprema","1","true","false","157.331","","https://www.carsystem.org/en/products/detail/finish/rupes-angle-polishing-machine-lh76p-angle-polishing-machine-pneumatic"
"IMPORT","NEW","carsystem-rupes-mini-polishing-machine-hlr75stb","RUPES Mini Polishing Machine HLR75STB","Polishing Machine, battery powered","Finish","oprema","1","true","false","158.647","","https://www.carsystem.org/en/products/detail/finish/rupes-mini-polishing-machine-hlr75stb-polishing-machine-battery-powered"
"IMPORT","NEW","carsystem-rupes-polish-pad","RUPES Polish Pad","Polishing pad","Finish","poliranje","4","true","false","158.854 158.853 158.856 158.855","","https://www.carsystem.org/en/products/detail/finish/rupes-polish-pad-polishing-pad"
"IMPORT","NEW","carsystem-rupes-polishing-machine-lh19e","RUPES Polishing Machine LH19E","Polishing machine, Bigfoot","Finish","oprema","2","true","false","157.322 157.640","","https://www.carsystem.org/en/products/detail/finish/rupes-polishing-machine-lh19e-polishing-machine-bigfoot"
"IMPORT","NEW","carsystem-rupes-polishing-machine-lhr15","RUPES Polishing Machine LHR15","Polishing machine, electric, Bigfoot","Finish","oprema","2","true","false","157.323 157.641","","https://www.carsystem.org/en/products/detail/finish/rupes-polishing-machine-lhr15-polishing-machine-electric-bigfoot"
"HELD_WEBSITE_ONLY","","","RUPES Polishing Machine LHR75","Polishing machine, pneumatic","Finish","","2","false","false","157.332 157.642","Na carsystem.org postoji, ali ga nema u katalogu 2026/27.","https://www.carsystem.org/en/products/detail/finish/rupes-polishing-machine-lhr75-polishing-machine-pneumatic"
"HELD_WEBSITE_ONLY","","","RUPES Polishing Machine LHR75E","Polishing machine Bigfoot, electric","Finish","","1","false","false","157.340","Na carsystem.org postoji, ali ga nema u katalogu 2026/27.","https://www.carsystem.org/en/products/detail/finish/rupes-polishing-machine-lhr75e-polishing-machine-bigfoot-electric"
"IMPORT","NEW","carsystem-spare-battery-5-0ah","Spare Battery 5,0Ah","Spare Battery for CSH-COS01 and CSH-CRP01","Finish","oprema","1","true","true","160.110","","https://www.carsystem.org/en/products/detail/finish/spare-battery-50ah-spare-battery-for-csh-cos01-and-csh-crp01"
"HELD_WEBSITE_ONLY","","","Wall Bracket for 5 kg Polish","Wall Bracket","Finish","","1","false","false","156.461","Na carsystem.org postoji, ali ga nema u katalogu 2026/27.","https://www.carsystem.org/en/products/detail/finish/wall-bracket-for-5-kg-polish-wall-bracket"
"IMPORT","NEW","carsystem-wax-puck","Wax Puck","Application foam","Finish","poliranje","1","true","false","152.565","","https://www.carsystem.org/en/products/detail/finish/wax-puck-application-foam"
"IMPORT","NEW","carsystem-all-in-one-covers","All In One Covers","Interior protection 5-in-1","Masking","maskiranje","1","true","false","159.480","","https://www.carsystem.org/en/products/detail/masking/all-in-one-covers-interior-protection-5-in-1"
"IMPORT","NEW","carsystem-auto-mask","Auto Mask","Handy masking film incl. tape","Masking","maskiranje","3","true","false","125.476 125.517 133.060","","https://www.carsystem.org/en/products/detail/masking/auto-mask-handy-masking-film-incl-tape"
"IMPORT","NEW","carsystem-black-tape","Black Tape","Fabric tape","Masking","maskiranje","1","true","false","147.753","","https://www.carsystem.org/en/products/detail/masking/black-tape-fabric-tape"
"IMPORT","NEW","carsystem-crash-film","Crash Film","Self-adhesive protective covering film","Masking","maskiranje","1","true","true","160.381","","https://www.carsystem.org/en/products/detail/masking/crash-film-self-adhesive-protective-covering-film"
"IMPORT","NEW","carsystem-easy-mask-ii","Easy Mask II","Masking film transparent – Roll","Masking","maskiranje","2","true","true","160.434 160.435","","https://www.carsystem.org/en/products/detail/masking/easy-mask-ii-masking-film-transparent-roll"
"HELD_WEBSITE_ONLY","","","Easy Mask","Masking film - Roll","Masking","","2","false","false","151.199 151.181","Na carsystem.org postoji, ali ga nema u katalogu 2026/27.","https://www.carsystem.org/en/products/detail/masking/easy-mask-masking-film-roll"
"IMPORT","NEW","carsystem-fine-line-tape-blue","Fine Line Tape Blue","Fine line tape","Masking","maskiranje","5","true","false","140.083 140.084 140.085 140.086 140.087","","https://www.carsystem.org/en/products/detail/masking/fine-line-tape-blue-fine-line-tape"
"IMPORT","NEW","carsystem-foam-tape","Foam Tape","Foam tape","Masking","maskiranje","2","true","false","148.861 148.862","","https://www.carsystem.org/en/products/detail/masking/foam-tape-foam-tape"
"IMPORT","NEW","carsystem-foam-tape-t-soft","Foam Tape T-Soft","Foam tape","Masking","maskiranje","1","true","false","157.974","","https://www.carsystem.org/en/products/detail/masking/foam-tape-t-soft-foam-tape"
"HELD_WEBSITE_ONLY","","","Hand Mask","Handy masking film incl. tape","Masking","","6","false","false","144.547 144.549 144.550 144.551 144.552 144.553","Na carsystem.org postoji, ali ga nema u katalogu 2026/27.","https://www.carsystem.org/en/products/detail/masking/hand-mask-handy-masking-film-incl-tape"
"IMPORT","NEW","carsystem-liquid-masking","Liquid Masking","Liquid masking film","Masking","maskiranje","1","true","false","138.718","","https://www.carsystem.org/en/products/detail/masking/liquid-masking-liquid-masking-film"
"IMPORT","NEW","carsystem-masking-film-blue","Masking film blue","Masking film - Roll","Masking","maskiranje","3","true","false","155.570 155.569 155.571","","https://www.carsystem.org/en/products/detail/masking/masking-film-blue-masking-film-roll"
"IMPORT","NEW","carsystem-masking-film-green","Masking film green","Masking film - Roll","Masking","maskiranje","3","true","false","155.565 155.567 155.568","","https://www.carsystem.org/en/products/detail/masking/masking-film-green-masking-film-roll"
"IMPORT","NEW","carsystem-masking-film-yellow","Masking film yellow","Masking film - Roll","Masking","maskiranje","3","true","false","155.572 155.573 156.948","","https://www.carsystem.org/en/products/detail/masking/masking-film-yellow-masking-film-roll"
"IMPORT","NEW","carsystem-masking-paper-master-ii","Masking Paper Master II","Masking paper - Roll","Masking","maskiranje","5","true","false","159.878 159.880 159.882 159.883 159.884","","https://www.carsystem.org/en/products/detail/masking/masking-paper-master-ii-masking-paper-roll"
"IMPORT","NEW","carsystem-masking-paper-top-ii","Masking Paper Top II","Masking paper - Roll","Masking","maskiranje","5","true","false","155.528 155.529 155.530 155.531 155.532","","https://www.carsystem.org/en/products/detail/masking/masking-paper-top-ii-masking-paper-roll"
"IMPORT","NEW","carsystem-master-tape-green","Master Tape Green","Masking tape","Masking","maskiranje","5","true","false","149.221 149.222 149.223 149.225 149.226","","https://www.carsystem.org/en/products/detail/masking/master-tape-green-masking-tape"
"IMPORT","NEW","carsystem-master-tape-ii","Master Tape II","Masking tape","Masking","maskiranje","6","true","false","140.201 140.202 140.203 140.204 140.205 140.206","","https://www.carsystem.org/en/products/detail/masking/master-tape-ii-masking-tape"
"IMPORT","NEW","carsystem-mmir-knife-premium","MMIR Knife Premium","Cutter tool","Masking","maskiranje","1","true","false","151.513","","https://www.carsystem.org/en/products/detail/masking/mmir-knife-premium-cutter-tool"
"HELD_WEBSITE_ONLY","","","MMIR-Mask Aqua Tec","Masking film - Roll","Masking","","2","false","false","151.038 152.055","Na carsystem.org postoji, ali ga nema u katalogu 2026/27.","https://www.carsystem.org/en/products/detail/masking/mmir-mask-aqua-tec-masking-film-roll"
"HELD_WEBSITE_ONLY","","","MMIR-Mask Light Green","Masking film - Roll","Masking","","4","false","false","150.453 150.454 150.455 149.587","Na carsystem.org postoji, ali ga nema u katalogu 2026/27.","https://www.carsystem.org/en/products/detail/masking/mmir-mask-light-green-masking-film-roll"
"IMPORT","NEW","carsystem-pdc-easy-paint","PDC Easy Paint","Painting assistant for parking sensors","Masking","maskiranje","1","true","false","159.500","","https://www.carsystem.org/en/products/detail/masking/pdc-easy-paint-painting-assistant-for-parking-sensors"
"IMPORT","NEW","carsystem-protective-film-spf","Protective Film SPF","Surface Protection Film - 60 cm x 20 m","Masking","maskiranje","1","true","false","158.145","","https://www.carsystem.org/en/products/detail/masking/protective-film-spf-surface-protection-film-60-cm-x-20-m"
"IMPORT","NEW","carsystem-red-tape","Red Tape","Masking tape","Masking","maskiranje","3","true","true","160.210 160.211 160.213","","https://www.carsystem.org/en/products/detail/masking/red-tape-masking-tape"
"IMPORT","NEW","carsystem-silver-tape","Silver Tape","Fabric tape","Masking","maskiranje","1","true","false","135.715","","https://www.carsystem.org/en/products/detail/masking/silver-tape-fabric-tape"
"IMPORT","NEW","carsystem-slim-tape-green","Slim Tape Green","Special masking tape","Masking","maskiranje","1","true","false","150.081","","https://www.carsystem.org/en/products/detail/masking/slim-tape-green-special-masking-tape"
"IMPORT","NEW","carsystem-slim-tape","Slim Tape","Special masking tape","Masking","maskiranje","1","true","false","133.827","","https://www.carsystem.org/en/products/detail/masking/slim-tape-special-masking-tape"
"IMPORT","NEW","carsystem-tec-line-stick","Tec Line Stick","Sensor pad","Masking","maskiranje","1","true","false","152.554","","https://www.carsystem.org/en/products/detail/masking/tec-line-stick-sensor-pad"
"IMPORT","NEW","carsystem-top-tape","Top Tape","Masking tape","Masking","maskiranje","6","true","false","139.262 139.263 139.264 139.265 139.266 139.267","","https://www.carsystem.org/en/products/detail/masking/top-tape-masking-tape"
"IMPORT","NEW","carsystem-wheel-cover","Wheel Cover","Cover hood","Masking","maskiranje","2","true","false","142.483 158.211","","https://www.carsystem.org/en/products/detail/masking/wheel-cover-cover-hood"
"IMPORT","NEW","carsystem-wm-tape","WM Tape","Adhesive Tape","Masking","maskiranje","1","true","false","140.794","","https://www.carsystem.org/en/products/detail/masking/wm-tape-adhesive-tape"
"IMPORT","NEW","carsystem-wr-lifting-tape","WR-Lifting Tape","Masking tape with plastic edge","Masking","maskiranje","1","true","false","155.720","","https://www.carsystem.org/en/products/detail/masking/wr-lifting-tape-masking-tape-with-plastic-edge"
"IMPORT","NEW","carsystem-wr-lifting-tape-premium","WR-Lifting Tape Premium","Masking tape with plastic edge - perforated","Masking","maskiranje","1","true","false","155.734","","https://www.carsystem.org/en/products/detail/masking/wr-lifting-tape-premium-masking-tape-with-plastic-edge-perforated"
"EXCLUDED","","","Carsystem Cap Black","onesize","Merchandising Materials","","1","false","false","158.927","Promotivna odeća i reklamni materijal; naš sajt ih ne prodaje. Identifikuju se u izveštaju, ne uvoze se.","https://www.carsystem.org/en/products/detail/merchandising-materials/carsystem-cap-black-onesize"
"EXCLUDED","","","Carsystem Cap camouflage","onesize","Merchandising Materials","","1","false","true","160.493","Promotivna odeća i reklamni materijal; naš sajt ih ne prodaje. Identifikuju se u izveštaju, ne uvoze se.","https://www.carsystem.org/en/products/detail/merchandising-materials/carsystem-cap-camouflage-onesize"
"EXCLUDED","","","Carsystem car sticker plain","four formats","Merchandising Materials","","6","false","false","158.829 158.830 158.831 158.832 158.833 158.834","Promotivna odeća i reklamni materijal; naš sajt ih ne prodaje. Identifikuju se u izveštaju, ne uvoze se.","https://www.carsystem.org/en/products/detail/merchandising-materials/carsystem-car-sticker-plain-four-formats"
"EXCLUDED","","","Coffee Cup Black","300 ml","Merchandising Materials","","1","false","false","157.219","Promotivna odeća i reklamni materijal; naš sajt ih ne prodaje. Identifikuju se u izveštaju, ne uvoze se.","https://www.carsystem.org/en/products/detail/merchandising-materials/coffee-cup-black-300-ml"
"EXCLUDED","","","Cutter Knife black","140 mm","Merchandising Materials","","1","false","false","156.281","Promotivna odeća i reklamni materijal; naš sajt ih ne prodaje. Identifikuju se u izveštaju, ne uvoze se.","https://www.carsystem.org/en/products/detail/merchandising-materials/cutter-knife-black-140-mm"
"EXCLUDED","","","Doormat logo black","50 x 75 cm and 90 x 60 cm","Merchandising Materials","","2","false","false","158.622 158.623","Promotivna odeća i reklamni materijal; naš sajt ih ne prodaje. Identifikuju se u izveštaju, ne uvoze se.","https://www.carsystem.org/en/products/detail/merchandising-materials/doormat-logo-black-50-x-75-cm-and-90-x-60-cm"
"EXCLUDED","","","Hoist flag","120 x 300 cm","Merchandising Materials","","1","false","false","137.325","Promotivna odeća i reklamni materijal; naš sajt ih ne prodaje. Identifikuju se u izveštaju, ne uvoze se.","https://www.carsystem.org/en/products/detail/merchandising-materials/hoist-flag-120-x-300-cm"
"EXCLUDED","","","Lighter black","refillable","Merchandising Materials","","1","false","false","148.281","Promotivna odeća i reklamni materijal; naš sajt ih ne prodaje. Identifikuju se u izveštaju, ne uvoze se.","https://www.carsystem.org/en/products/detail/merchandising-materials/lighter-black-refillable"
"EXCLUDED","","","Padded Jacket Black 2025","size S - 3XL","Merchandising Materials","","6","false","true","160.037 160.038 160.039 160.040 160.041 160.042","Promotivna odeća i reklamni materijal; naš sajt ih ne prodaje. Identifikuju se u izveštaju, ne uvoze se.","https://www.carsystem.org/en/products/detail/merchandising-materials/padded-jacket-black-2025-size-s-3xl"
"EXCLUDED","","","Padded Vest Black 2025","size S - 3XL","Merchandising Materials","","6","false","true","160.027 160.028 160.029 160.030 160.031 160.032","Promotivna odeća i reklamni materijal; naš sajt ih ne prodaje. Identifikuju se u izveštaju, ne uvoze se.","https://www.carsystem.org/en/products/detail/merchandising-materials/padded-vest-black-2025-size-s-3xl"
"EXCLUDED","","","Padded Vest Black","size S - 3XL","Merchandising Materials","","6","false","false","159.288 159.289 159.290 159.291 159.292 159.293","Promotivna odeća i reklamni materijal; naš sajt ih ne prodaje. Identifikuju se u izveštaju, ne uvoze se.","https://www.carsystem.org/en/products/detail/merchandising-materials/padded-vest-black-size-s-3xl"
"EXCLUDED","","","Pen Trinity Gum black","blue ink","Merchandising Materials","","1","false","false","156.540","Promotivna odeća i reklamni materijal; naš sajt ih ne prodaje. Identifikuju se u izveštaju, ne uvoze se.","https://www.carsystem.org/en/products/detail/merchandising-materials/pen-trinity-gum-black-blue-ink"
"EXCLUDED","","","Socks CARSYSTEM black & white","2 size ranges","Merchandising Materials","","2","false","true","160.540 160.542","Promotivna odeća i reklamni materijal; naš sajt ih ne prodaje. Identifikuju se u izveštaju, ne uvoze se.","https://www.carsystem.org/en/products/detail/merchandising-materials/socks-carsystem-black-white-2-size-ranges"
"EXCLUDED","","","Socks CARSYSTEM red & white","2 size range","Merchandising Materials","","2","false","false","159.837 159.839","Promotivna odeća i reklamni materijal; naš sajt ih ne prodaje. Identifikuju se u izveštaju, ne uvoze se.","https://www.carsystem.org/en/products/detail/merchandising-materials/socks-carsystem-red-white-2-size-range"
"EXCLUDED","","","Sweatshirt Black #teamCARSYSTEM","size S - 3XL","Merchandising Materials","","6","false","true","160.325 160.326 160.327 160.328 160.329 160.330","Promotivna odeća i reklamni materijal; naš sajt ih ne prodaje. Identifikuju se u izveštaju, ne uvoze se.","https://www.carsystem.org/en/products/detail/merchandising-materials/sweatshirt-black-teamcarsystem-size-s-3xl"
"EXCLUDED","","","Sweatshirt Grey #TeamCARSYSTEM","size S - 3XL","Merchandising Materials","","6","false","false","159.864 159.865 159.866 159.867 159.868 159.909","Promotivna odeća i reklamni materijal; naš sajt ih ne prodaje. Identifikuju se u izveštaju, ne uvoze se.","https://www.carsystem.org/en/products/detail/merchandising-materials/sweatshirt-grey-teamcarsystem-size-s-3xl"
"EXCLUDED","","","T-Shirt Black #teamCARSYSTEM","size S - XXL","Merchandising Materials","","5","false","false","159.827 159.828 159.829 159.830 159.831","Promotivna odeća i reklamni materijal; naš sajt ih ne prodaje. Identifikuju se u izveštaju, ne uvoze se.","https://www.carsystem.org/en/products/detail/merchandising-materials/t-shirt-black-teamcarsystem-size-s-xxl"
"EXCLUDED","","","USB-Stick","64 GB","Merchandising Materials","","1","false","false","158.871","Promotivna odeća i reklamni materijal; naš sajt ih ne prodaje. Identifikuju se u izveštaju, ne uvoze se.","https://www.carsystem.org/en/products/detail/merchandising-materials/usb-stick-64-gb"
"EXCLUDED","","","Zip-Hoodie black","size S - 3XL","Merchandising Materials","","6","false","true","158.084 158.085 158.086 158.087 158.088 158.089","Promotivna odeća i reklamni materijal; naš sajt ih ne prodaje. Identifikuju se u izveštaju, ne uvoze se.","https://www.carsystem.org/en/products/detail/merchandising-materials/zip-hoodie-black-size-s-3xl"
"IMPORT","NEW","carsystem-air-hose-air-hose-coil","Air hose","Air hose coil","Painting supplies","oprema","1","true","false","143.131","","https://www.carsystem.org/en/products/detail/painting-supplies/air-hose-air-hose-coil"
"IMPORT","NEW","carsystem-air-hose-air-hose-complete","Air hose","Air hose complete","Painting supplies","oprema","1","true","false","139.039","","https://www.carsystem.org/en/products/detail/painting-supplies/air-hose-air-hose-complete"
"IMPORT","NEW","carsystem-blow-off-gun","Blow Off Gun","Blow off gun","Painting supplies","oprema","4","true","false","145.270 145.271 145.272 145.273","","https://www.carsystem.org/en/products/detail/painting-supplies/blow-off-gun-blow-off-gun"
"IMPORT","NEW","carsystem-blow-off-stick","Blow Off Stick","Blow off stick","Painting supplies","oprema","2","true","false","154.123 154.124","","https://www.carsystem.org/en/products/detail/painting-supplies/blow-off-stick-blow-off-stick"
"IMPORT","NEW","carsystem-booth-mask","Booth Mask","Booth protection mask","Painting supplies","pribor","2","true","false","149.358 149.359","","https://www.carsystem.org/en/products/detail/painting-supplies/booth-mask-booth-protection-mask"
"IMPORT","NEW","carsystem-booth-mask-stick","Booth Mask Stick","Booth protection mask","Painting supplies","pribor","3","true","false","149.338 149.339 149.340","","https://www.carsystem.org/en/products/detail/painting-supplies/booth-mask-stick-booth-protection-mask"
"IMPORT","NEW","carsystem-booth-mask-white","Booth Mask White","Booth protection mask","Painting supplies","pribor","1","true","false","153.205","","https://www.carsystem.org/en/products/detail/painting-supplies/booth-mask-white-booth-protection-mask"
"IMPORT","NEW","carsystem-bumper-stand","Bumper Stand","Bumper paint stand","Painting supplies","radionica","2","true","false","159.413 159.702","","https://www.carsystem.org/en/products/detail/painting-supplies/bumper-stand-bumper-paint-stand"
"IMPORT","NEW","carsystem-car-clean-trolley","Car Clean Trolley","Cleaning paper stand","Painting supplies","radionica","2","true","false","139.912 139.913","","https://www.carsystem.org/en/products/detail/painting-supplies/car-clean-trolley-cleaning-paper-stand"
"IMPORT","NEW","carsystem-colour-match-lamp","Colour Match Lamp","Day light lamp","Painting supplies","oprema","1","true","false","155.614","","https://www.carsystem.org/en/products/detail/painting-supplies/colour-match-lamp-day-light-lamp"
"HELD_WEBSITE_ONLY","","","LED Lamp","LED lamp","Painting supplies","","1","false","false","155.037","Na carsystem.org postoji, ali ga nema u katalogu 2026/27.","https://www.carsystem.org/en/products/detail/painting-supplies/led-lamp-led-lamp"
"IMPORT","NEW","carsystem-magnetic-flat-strip","Magnetic Flat Strip","Flat strip","Painting supplies","pribor","1","true","false","137.214","","https://www.carsystem.org/en/products/detail/painting-supplies/magnetic-flat-strip-flat-strip"
"IMPORT","NEW","carsystem-magnetic-gun-holder-plus","Magnetic Gun Holder Plus","Paint gun holder","Painting supplies","oprema","1","true","false","159.969","","https://www.carsystem.org/en/products/detail/painting-supplies/magnetic-gun-holder-plus-paint-gun-holder"
"IMPORT","NEW","carsystem-magnetic-sanding-protection","Magnetic Sanding Protection","Edge protection","Painting supplies","pribor","1","true","false","130.992","","https://www.carsystem.org/en/products/detail/painting-supplies/magnetic-sanding-protection-edge-protection"
"IMPORT","NEW","carsystem-mmir-trolley-box","MMIR Trolley ""Box""","Masking film stand","Painting supplies","radionica","1","true","false","151.514","","https://www.carsystem.org/en/products/detail/painting-supplies/mmir-trolley-box-masking-film-stand"
"IMPORT","NEW","carsystem-mmir-trolley","MMIR Trolley","Masking film stand","Painting supplies","radionica","1","true","false","125.737","","https://www.carsystem.org/en/products/detail/painting-supplies/mmir-trolley-masking-film-stand"
"IMPORT","NEW","carsystem-ms-coupling","MS Coupling","MS Coupling","Painting supplies","oprema","1","true","false","139.036","","https://www.carsystem.org/en/products/detail/painting-supplies/ms-coupling-ms-coupling"
"IMPORT","NEW","carsystem-multi-stand","Multi Stand","Paint stand","Painting supplies","radionica","1","true","false","159.563","","https://www.carsystem.org/en/products/detail/painting-supplies/multi-stand-paint-stand"
"IMPORT","NEW","carsystem-nippel-nipple-for-quick-connector","Nippel","Nipple for quick connector","Painting supplies","oprema","1","true","false","143.129","","https://www.carsystem.org/en/products/detail/painting-supplies/nippel-nipple-for-quick-connector"
"IMPORT","NEW","carsystem-nippel-nipple-with-inner-thread","Nippel","Nipple with inner thread","Painting supplies","oprema","1","true","false","139.034","","https://www.carsystem.org/en/products/detail/painting-supplies/nippel-nipple-with-inner-thread"
"IMPORT","NEW","carsystem-nippel-nipple-with-outer-thread","Nippel","Nipple with outer thread","Painting supplies","oprema","1","true","false","139.033","","https://www.carsystem.org/en/products/detail/painting-supplies/nippel-nipple-with-outer-thread"
"IMPORT","NEW","carsystem-paint-arrestor-ii","PAINT ARRESTOR II","Paint mist separator","Painting supplies","pribor","13","true","true","160.136 160.137 160.138 160.139 160.140 160.141 160.142 160.143 160.144 160.145 160.146 160.147 160.148","","https://www.carsystem.org/en/products/detail/painting-supplies/paint-arrestor-ii-paint-mist-separator"
"IMPORT","NEW","carsystem-paint-trolley-flexi-plus","Paint Trolley Flexi Plus","Paint stand","Painting supplies","radionica","1","true","false","152.596","","https://www.carsystem.org/en/products/detail/painting-supplies/paint-trolley-flexi-plus-paint-stand"
"IMPORT","NEW","carsystem-paint-trolley","Paint Trolley","Paint stand","Painting supplies","radionica","3","true","false","154.253 138.848 138.849","","https://www.carsystem.org/en/products/detail/painting-supplies/paint-trolley-paint-stand"
"IMPORT","NEW","carsystem-paper-trolley-1500","Paper Trolley 1500","Paper stand","Painting supplies","radionica","1","true","false","139.101","","https://www.carsystem.org/en/products/detail/painting-supplies/paper-trolley-1500-paper-stand"
"IMPORT","NEW","carsystem-paper-trolley","Paper Trolley","Triple paper stand","Painting supplies","radionica","1","true","false","138.862","","https://www.carsystem.org/en/products/detail/painting-supplies/paper-trolley-triple-paper-stand"
"IMPORT","NEW","carsystem-rupes-carrier","RUPES Carrier","Carrier for polishes and abrasives","Painting supplies","radionica","1","true","false","157.342","","https://www.carsystem.org/en/products/detail/painting-supplies/rupes-carrier-carrier-for-polishes-and-abrasives"
"IMPORT","NEW","carsystem-rupes-cleaning-and-maintenance-oil","RUPES Cleaning and maintenance oil","Maintenance oil","Painting supplies","pribor","1","true","false","150.190","","https://www.carsystem.org/en/products/detail/painting-supplies/rupes-cleaning-and-maintenance-oil-maintenance-oil"
"IMPORT","NEW","carsystem-rupes-vacuum-cleaner-s145","RUPES Vacuum Cleaner S145","Vacuum cleaner","Painting supplies","oprema","5","true","false","157.343 157.344 157.471 157.472 157.560","","https://www.carsystem.org/en/products/detail/painting-supplies/rupes-vacuum-cleaner-s145-vacuum-cleaner"
"IMPORT","NEW","carsystem-rupes-workshop-carrier-kc28","RUPES Workshop Carrier KC28","Workshop carrier","Painting supplies","radionica","2","true","false","157.341 157.469","","https://www.carsystem.org/en/products/detail/painting-supplies/rupes-workshop-carrier-kc28-workshop-carrier"
"IMPORT","NEW","carsystem-safety-coupling","Safety Coupling","Safety coupling with quick connector","Painting supplies","oprema","1","true","false","143.127","","https://www.carsystem.org/en/products/detail/painting-supplies/safety-coupling-safety-coupling-with-quick-connector"
"IMPORT","NEW","carsystem-shop-seat-pro","Shop Seat Pro","Workshop seat","Painting supplies","radionica","1","true","false","160.161","","https://www.carsystem.org/en/products/detail/painting-supplies/shop-seat-pro-workshop-seat"
"HELD_WEBSITE_ONLY","","","UV LED Lamp","UV LED lamp","Painting supplies","","1","false","false","154.645","Na carsystem.org postoji, ali ga nema u katalogu 2026/27.","https://www.carsystem.org/en/products/detail/painting-supplies/uv-led-lamp-uv-led-lamp"
"IMPORT","NEW","carsystem-uv-smart-lamp","UV Smart Lamp","UV hand lamp","Painting supplies","oprema","1","true","false","153.777","","https://www.carsystem.org/en/products/detail/painting-supplies/uv-smart-lamp-uv-hand-lamp"
"HELD_WEBSITE_ONLY","","","UV Timer","Timer for UV Lamps","Painting supplies","","1","false","false","154.772","Na carsystem.org postoji, ali ga nema u katalogu 2026/27.","https://www.carsystem.org/en/products/detail/painting-supplies/uv-timer-timer-for-uv-lamps"
"IMPORT","NEW","carsystem-workshop-bucket","Workshop Bucket","10 l","Painting supplies","radionica","1","true","false","139.442","","https://www.carsystem.org/en/products/detail/painting-supplies/workshop-bucket-10-l"
"IMPORT","NEW","carsystem-workshop-seat","Workshop Seat","Workshop seat","Painting supplies","radionica","1","true","false","149.427","","https://www.carsystem.org/en/products/detail/painting-supplies/workshop-seat-workshop-seat"
"IMPORT","NEW","carsystem-x-stand-classic","X-Stand Classic","Paint stand","Painting supplies","radionica","1","true","false","137.349","","https://www.carsystem.org/en/products/detail/painting-supplies/x-stand-classic-paint-stand"
"IMPORT","NEW","carsystem-x-stand-top","X-Stand Top","Paint stand","Painting supplies","radionica","2","true","false","138.851 138.852","","https://www.carsystem.org/en/products/detail/painting-supplies/x-stand-top-paint-stand"
"IMPORT","NEW","carsystem-1k-easy-filler","1K Easy Filler","1K High build primer","Painting","boje","3","true","false","159.584 151.522 151.523","","https://www.carsystem.org/en/products/detail/painting/1k-easy-filler-1k-high-build-primer"
"IMPORT","NEW","carsystem-1k-easy-primer","1K Easy Primer","1K Filling primer","Painting","boje","3","true","false","151.537 151.538 151.539","","https://www.carsystem.org/en/products/detail/painting/1k-easy-primer-1k-filling-primer"
"IMPORT","NEW","carsystem-1k-epoxy-primer","1K Epoxy Primer","1K Epoxy primer","Painting","boje","1","true","false","151.958","","https://www.carsystem.org/en/products/detail/painting/1k-epoxy-primer-1k-epoxy-primer"
"IMPORT","NEW","carsystem-2k-carbo-clear-plus","2K Carbo Clear Plus","2K Carbo clear coat","Painting","boje","4","true","false","153.217 153.218 153.207 153.208","","https://www.carsystem.org/en/products/detail/painting/2k-carbo-clear-plus-2k-carbo-clear-coat"
"IMPORT","NEW","carsystem-2k-carbo-filler-transparent-1-0","2K Carbo Filler Transparent 1,0","2K Polyurethane Filler","Painting","boje","2","true","false","157.988 157.989","","https://www.carsystem.org/en/products/detail/painting/2k-carbo-filler-transparent-10-2k-polyurethane-filler"
"HELD_WEBSITE_ONLY","","","2K Clear VOC 420","2K Clear coat","Painting","","6","false","false","144.138 144.140 144.139 142.953 144.107 144.108","Na carsystem.org postoji, ali ga nema u katalogu 2026/27.","https://www.carsystem.org/en/products/detail/painting/2k-clear-voc-420-2k-clear-coat"
"HELD_WEBSITE_ONLY","","","2K Clear VOC CC.19 AS","2K Clear coat","Painting","","1","false","false","156.931","Na carsystem.org postoji, ali ga nema u katalogu 2026/27.","https://www.carsystem.org/en/products/detail/painting/2k-clear-voc-cc19-as-2k-clear-coat"
"IMPORT","NEW","carsystem-2k-clear-voc-cc-25-hs-as","2K Clear VOC CC.25 HS-AS","2K Clear coat","Painting","boje","5","true","true","160.417 160.418 160.419 160.420 160.422","","https://www.carsystem.org/en/products/detail/painting/2k-clear-voc-cc25-hs-as-2k-clear-coat"
"IMPORT","NEW","carsystem-2k-clear-voc-cc-26-eco-x-15-60","2K CLEAR VOC CC.26 ECO-X 15-60","2K Clear coat","Painting","boje","3","true","true","160.613 160.614 160.615","","https://www.carsystem.org/en/products/detail/painting/2k-clear-voc-cc26-eco-x-15-60-2k-clear-coat"
"HELD_WEBSITE_ONLY","","","2K Clear VOC HS-SR","2K Clear coat","Painting","","5","false","false","153.223 153.774 151.909 151.910 151.911","Na carsystem.org postoji, ali ga nema u katalogu 2026/27.","https://www.carsystem.org/en/products/detail/painting/2k-clear-voc-hs-sr-2k-clear-coat"
"IMPORT","NEW","carsystem-2k-clear-voc-matt","2K Clear VOC Matt","2K Clear coat matt","Painting","boje","4","true","false","148.983 148.986 148.985 148.984","","https://www.carsystem.org/en/products/detail/painting/2k-clear-voc-matt-2k-clear-coat-matt"
"HELD_WEBSITE_ONLY","","","2K Clear VOC Premium","2K Clear coat","Painting","","3","false","false","146.714 147.019 147.862","Na carsystem.org postoji, ali ga nema u katalogu 2026/27.","https://www.carsystem.org/en/products/detail/painting/2k-clear-voc-premium-2k-clear-coat"
"IMPORT","NEW","carsystem-2k-clear-voc-speed-plus","2K Clear VOC Speed Plus","2K Clear coat","Painting","boje","3","true","false","152.563 151.899 151.901","","https://www.carsystem.org/en/products/detail/painting/2k-clear-voc-speed-plus-2k-clear-coat"
"IMPORT","NEW","carsystem-2k-epoxy-fill-primer","2K Epoxy Fill Primer","2K Spot-repair epoxy primer","Painting","boje","1","true","false","159.158","","https://www.carsystem.org/en/products/detail/painting/2k-epoxy-fill-primer-2k-spot-repair-epoxy-primer"
"IMPORT","NEW","carsystem-2k-filler-air-plus","2K Filler Air Plus","2K Acrylic filler","Painting","boje","5","true","false","152.580 152.416 152.417 152.418 152.419","","https://www.carsystem.org/en/products/detail/painting/2k-filler-air-plus-2k-acrylic-filler"
"IMPORT","NEW","carsystem-2k-filler-vario-plus","2K Filler Vario Plus","2K Acrylic filler","Painting","boje","3","true","false","152.058 152.057 147.682","","https://www.carsystem.org/en/products/detail/painting/2k-filler-vario-plus-2k-acrylic-filler"
"HELD_WEBSITE_ONLY","","","2K Filler Wet on Wet Plus","2K Acryl filler","Painting","","3","false","false","153.455 153.456 153.457","Na carsystem.org postoji, ali ga nema u katalogu 2026/27.","https://www.carsystem.org/en/products/detail/painting/2k-filler-wet-on-wet-plus-2k-acryl-filler"
"IMPORT","NEW","carsystem-2k-high-speed-klarlack","2K High-Speed Klarlack","2K Spot-repair clear coat","Painting","boje","1","true","false","149.421","","https://www.carsystem.org/en/products/detail/painting/2k-high-speed-klarlack-2k-spot-repair-clear-coat"
"IMPORT","NEW","carsystem-2k-voc-filler-540","2K VOC Filler 540","2K Acrylic filler","Painting","boje","10","true","false","144.541 147.432 144.539 144.540 144.354 144.026 144.353 144.977 144.027 153.493","","https://www.carsystem.org/en/products/detail/painting/2k-voc-filler-540-2k-acrylic-filler"
"IMPORT","NEW","carsystem-acryl-thinner","Acryl Thinner","Acrylic thinner","Painting","boje","4","true","false","153.171 150.331 141.479 152.456","","https://www.carsystem.org/en/products/detail/painting/acryl-thinner-acrylic-thinner"
"IMPORT","NEW","carsystem-activator","Activator","Reaction accelerator","Painting","boje","1","true","false","147.695","","https://www.carsystem.org/en/products/detail/painting/activator-reaction-accelerator"
"IMPORT","NEW","carsystem-adapter-for-cps-paint-cup-systems","Adapter for CPS paint cup systems","Stainless steel and aluminium spray gun adapters","Painting","pribor","14","true","true","158.063 158.064 158.065 158.066 158.717 158.718 160.187 160.188 160.189 160.190 160.191 160.192 160.193 160.194","","https://www.carsystem.org/en/products/detail/painting/adapter-for-cps-paint-cup-systems-stainless-steel-and-aluminium-spray-gun-adapters"
"IMPORT","NEW","carsystem-af-21-1k-filler","AF.21 1K Filler","1K Hybrid filler","Painting","boje","2","true","false","158.244 158.245","","https://www.carsystem.org/en/products/detail/painting/af21-1k-filler-1k-hybrid-filler"
"IMPORT","NEW","carsystem-af-21-x-pert","AF.21 X-pert","2K Acrylic filler","Painting","boje","7","true","false","158.216 158.218 158.219 158.220 158.221 159.237 160.315","","https://www.carsystem.org/en/products/detail/painting/af21-x-pert-2k-acrylic-filler"
"IMPORT","NEW","carsystem-af-25-primer-wet-on-wet","AF.25 Primer Wet on Wet","2K Acryl filler","Painting","boje","6","true","true","160.263 160.262 160.261 160.267 160.265 160.268","","https://www.carsystem.org/en/products/detail/painting/af25-primer-wet-on-wet-2k-acryl-filler"
"IMPORT","NEW","carsystem-brush-set","Brush Set","Set of brushes","Painting","pribor","1","true","false","140.970","","https://www.carsystem.org/en/products/detail/painting/brush-set-set-of-brushes"
"IMPORT","NEW","carsystem-bumper-paint-spray","Bumper Paint Spray","Bumper spray","Painting","boje","2","true","false","142.820 142.821","","https://www.carsystem.org/en/products/detail/painting/bumper-paint-spray-bumper-spray"
"IMPORT","NEW","carsystem-bumper-paint","Bumper Paint","Structurant paint for plastics","Painting","boje","1","true","false","147.447","","https://www.carsystem.org/en/products/detail/painting/bumper-paint-structurant-paint-for-plastics"
"IMPORT","NEW","carsystem-bumper-structurant-spray","Bumper Structurant Spray","Bumper structurant spray black","Painting","boje","1","true","false","142.982","","https://www.carsystem.org/en/products/detail/painting/bumper-structurant-spray-bumper-structurant-spray-black"
"IMPORT","NEW","carsystem-can-scraper","Can Scraper","Plastic mixing stick","Painting","pribor","1","true","true","159.672","","https://www.carsystem.org/en/products/detail/painting/can-scraper-plastic-mixing-stick"
"IMPORT","NEW","carsystem-cc-20-x-pert","CC.20 X-pert","2K Clear coat","Painting","boje","3","true","false","158.423 157.450 157.451","","https://www.carsystem.org/en/products/detail/painting/cc20-x-pert-2k-clear-coat"
"IMPORT","NEW","carsystem-cc-21-x-press-five","CC.21 X-press FIVE","2K Clear coat","Painting","boje","3","true","false","158.251 158.249 158.250","","https://www.carsystem.org/en/products/detail/painting/cc21-x-press-five-2k-clear-coat"
"IMPORT","NEW","carsystem-clear-coat-spray","Clear Coat Spray","Paint spray - transparent","Painting","boje","1","true","false","126.025","","https://www.carsystem.org/en/products/detail/painting/clear-coat-spray-paint-spray-transparent"
"IMPORT","NEW","carsystem-color-match-card-paper","Color Match Card Paper","Colour match card","Painting","pribor","1","true","false","141.109","","https://www.carsystem.org/en/products/detail/painting/color-match-card-paper-colour-match-card"
"IMPORT","NEW","carsystem-dispenser-for-paint-strainers","Dispenser for paint strainers","Dispenser","Painting","pribor","1","true","false","146.960","","https://www.carsystem.org/en/products/detail/painting/dispenser-for-paint-strainers-dispenser"
"IMPORT","NEW","carsystem-dispenser-multi-mix","Dispenser Multi-Mix","Wall bracket for Multi-Mix Cups","Painting","pribor","4","true","false","137.664 137.665 137.666 137.667","","https://www.carsystem.org/en/products/detail/painting/dispenser-multi-mix-wall-bracket-for-multi-mix-cups"
"IMPORT","NEW","carsystem-dust-needle","Dust Needle","Dust needle","Painting","pribor","2","true","false","140.971 140.972","","https://www.carsystem.org/en/products/detail/painting/dust-needle-dust-needle"
"IMPORT","NEW","carsystem-ef-21-ep-filler","EF.21 EP-Filler","2K Hybrid filler","Painting","boje","1","true","false","158.248","","https://www.carsystem.org/en/products/detail/painting/ef21-ep-filler-2k-hybrid-filler"
"IMPORT","NEW","carsystem-etch-primer","Etch Primer","Primer","Painting","boje","1","true","false","143.028","","https://www.carsystem.org/en/products/detail/painting/etch-primer-primer"
"IMPORT","NEW","carsystem-high-gloss-additive","High Gloss Additive","High-gloss additive","Painting","boje","1","true","false","152.788","","https://www.carsystem.org/en/products/detail/painting/high-gloss-additive-high-gloss-additive"
"IMPORT","NEW","carsystem-hpp-primer","HpP Primer","1K Plastic primer","Painting","boje","4","true","false","154.706 154.707 154.708 154.712","","https://www.carsystem.org/en/products/detail/painting/hpp-primer-1k-plastic-primer"
"IMPORT","NEW","carsystem-micro-tip","Micro Tip","Repair tip","Painting","pribor","1","true","false","140.976","","https://www.carsystem.org/en/products/detail/painting/micro-tip-repair-tip"
"IMPORT","NEW","carsystem-mixing-stick-black","Mixing Stick Black","Plastic mixing stick","Painting","pribor","1","true","false","144.752","","https://www.carsystem.org/en/products/detail/painting/mixing-stick-black-plastic-mixing-stick"
"IMPORT","NEW","carsystem-mixing-stick-fast","Mixing Stick Fast","Plastic mixing stick","Painting","pribor","1","true","true","159.834","","https://www.carsystem.org/en/products/detail/painting/mixing-stick-fast-plastic-mixing-stick"
"IMPORT","NEW","carsystem-multi-mix-bucket","Multi-Mix Bucket","Paint mixing bucket","Painting","pribor","2","true","false","144.649 145.315","","https://www.carsystem.org/en/products/detail/painting/multi-mix-bucket-paint-mixing-bucket"
"IMPORT","NEW","carsystem-multi-mix-cup","Multi-Mix Cup","Disposable mixing cups","Painting","pribor","4","true","false","140.545 140.546 140.547 140.548","","https://www.carsystem.org/en/products/detail/painting/multi-mix-cup-disposable-mixing-cups"
"IMPORT","NEW","carsystem-multi-mix-lids","Multi-Mix Lids","Disposable lids","Painting","pribor","4","true","false","140.549 140.550 140.551 140.552","","https://www.carsystem.org/en/products/detail/painting/multi-mix-lids-disposable-lids"
"IMPORT","NEW","carsystem-multi-strain","Multi Strain","Paint strainer","Painting","pribor","2","true","false","146.957 146.958","","https://www.carsystem.org/en/products/detail/painting/multi-strain-paint-strainer"
"IMPORT","NEW","carsystem-paint-strainer","Paint Strainer","Paint strainer","Painting","pribor","2","true","false","158.430 158.431","","https://www.carsystem.org/en/products/detail/painting/paint-strainer-paint-strainer"
"HELD_WEBSITE_ONLY","","","Paint System CPS 2.0","Disposable paint cup system with ring lock","Painting","","12","false","false","159.311 159.312 159.670 159.643 159.644 159.671 159.315 159.318 159.321 159.322 159.324 159.325","Na carsystem.org postoji, ali ga nema u katalogu 2026/27.","https://www.carsystem.org/en/products/detail/painting/paint-system-cps-20-disposable-paint-cup-system-with-ring-lock"
"IMPORT","NEW","carsystem-paint-system-cps-3-0","Paint System CPS 3.0","Disposable paint cup system with red locking ring","Painting","pribor","11","true","true","160.085 160.086 160.087 160.088 160.090 160.091 160.092 160.093 160.376 160.377 160.379","","https://www.carsystem.org/en/products/detail/painting/paint-system-cps-30-disposable-paint-cup-system-with-red-locking-ring"
"IMPORT","NEW","carsystem-pg-fg-fine-filter","PG - FG Fine Filter","Fine filter","Painting","pribor","1","true","false","138.680","","https://www.carsystem.org/en/products/detail/painting/pg-fg-fine-filter-fine-filter"
"IMPORT","NEW","carsystem-plastic-can-empty","Plastic Can Empty","Paint tins","Painting","pribor","3","true","false","144.957 144.958 145.784","","https://www.carsystem.org/en/products/detail/painting/plastic-can-empty-paint-tins"
"IMPORT","NEW","carsystem-plastic-primer","Plastic Primer","Plastic primer","Painting","boje","1","true","false","145.986","","https://www.carsystem.org/en/products/detail/painting/plastic-primer-plastic-primer"
"IMPORT","NEW","carsystem-prefill-spray","Prefill-Spray","Aerosol tin - fillable","Painting","boje","1","true","false","125.686","","https://www.carsystem.org/en/products/detail/painting/prefill-spray-aerosol-tin-fillable"
"IMPORT","NEW","carsystem-prefill-spray-water","Prefill-Spray Water","Aerosol tin - fillable","Painting","boje","1","true","false","140.608","","https://www.carsystem.org/en/products/detail/painting/prefill-spray-water-aerosol-tin-fillable"
"IMPORT","NEW","carsystem-primer-spray","Primer Spray","Primer spray","Painting","boje","2","true","false","125.949 132.907","","https://www.carsystem.org/en/products/detail/painting/primer-spray-primer-spray"
"IMPORT","NEW","carsystem-primer-surfacing-spray","Primer Surfacing Spray","Primer spray","Painting","boje","1","true","false","126.024","","https://www.carsystem.org/en/products/detail/painting/primer-surfacing-spray-primer-spray"
"IMPORT","NEW","carsystem-rallye-spray-gloss","Rallye-Spray gloss","Paint spray - gloss","Painting","boje","2","true","false","126.053 126.026","","https://www.carsystem.org/en/products/detail/painting/rallye-spray-gloss-paint-spray-gloss"
"IMPORT","NEW","carsystem-rallye-spray-matt","Rallye-Spray matt","Paint spray - matt","Painting","boje","1","true","false","126.027","","https://www.carsystem.org/en/products/detail/painting/rallye-spray-matt-paint-spray-matt"
"IMPORT","NEW","carsystem-rallye-spray-premium-black-glossy","Rallye-Spray Premium","Paint spray - black glossy","Painting","boje","1","true","false","149.219","","https://www.carsystem.org/en/products/detail/painting/rallye-spray-premium-paint-spray-black-glossy"
"IMPORT","NEW","carsystem-rallye-spray-premium-black-matt","Rallye-Spray Premium","Paint spray - black matt","Painting","boje","1","true","false","149.218","","https://www.carsystem.org/en/products/detail/painting/rallye-spray-premium-paint-spray-black-matt"
"IMPORT","NEW","carsystem-replacement-spray-head-adjustable","Replacement Spray Head","Replacement Spray Head - adjustable","Painting","pribor","1","true","false","153.793","","https://www.carsystem.org/en/products/detail/painting/replacement-spray-head-replacement-spray-head-adjustable"
"IMPORT","NEW","carsystem-replacement-spray-head-red","Replacement Spray Head","Replacement spray head - red","Painting","pribor","1","true","false","145.840","","https://www.carsystem.org/en/products/detail/painting/replacement-spray-head-replacement-spray-head-red"
"IMPORT","NEW","carsystem-silver-wheel","Silver Wheel","Silver wheel spray","Painting","boje","1","true","false","126.021","","https://www.carsystem.org/en/products/detail/painting/silver-wheel-silver-wheel-spray"
"IMPORT","NEW","carsystem-spotblender","Spotblender","Blending thinner","Painting","boje","1","true","false","148.989","","https://www.carsystem.org/en/products/detail/painting/spotblender-blending-thinner"
"IMPORT","NEW","carsystem-spotblender-spray","Spotblender Spray","Blending thinner spray","Painting","boje","1","true","false","145.987","","https://www.carsystem.org/en/products/detail/painting/spotblender-spray-blending-thinner-spray"
"IMPORT","NEW","carsystem-spray-filler-spray","Spray Filler Spray","Spray filler","Painting","boje","1","true","false","125.580","","https://www.carsystem.org/en/products/detail/painting/spray-filler-spray-spray-filler"
"IMPORT","NEW","carsystem-spray-out-cards-metal","Spray Out Cards Metal","Colour match card","Painting","pribor","2","true","false","153.758 153.759","","https://www.carsystem.org/en/products/detail/painting/spray-out-cards-metal-colour-match-card"
"IMPORT","NEW","carsystem-thermo-spray","Thermo-Spray","Paint spray - heat resistant","Painting","boje","2","true","false","126.086 126.087","","https://www.carsystem.org/en/products/detail/painting/thermo-spray-paint-spray-heat-resistant"
"IMPORT","NEW","carsystem-tinting-paste-filler","Tinting paste filler","Tinting paste","Painting","boje","2","true","false","148.505 148.504","","https://www.carsystem.org/en/products/detail/painting/tinting-paste-filler-tinting-paste"
"IMPORT","NEW","carsystem-touch-up-fillable-20ml","Touch Up","Paint bottle - fillable 20ml","Painting","pribor","1","true","false","150.764","","https://www.carsystem.org/en/products/detail/painting/touch-up-paint-bottle-fillable-20ml"
"IMPORT","NEW","carsystem-touch-up-fillable-50ml","Touch Up","Paint bottle - fillable 50ml","Painting","pribor","1","true","false","150.769","","https://www.carsystem.org/en/products/detail/painting/touch-up-paint-bottle-fillable-50ml"
"IMPORT","NEW","carsystem-uv-clear","UV Clear","Transparent UV Clear coat","Painting","boje","1","true","false","154.528","","https://www.carsystem.org/en/products/detail/painting/uv-clear-transparent-uv-clear-coat"
"HELD_WEBSITE_ONLY","","","UV Filler Spray","UV Filler Spray","Painting","","1","false","false","159.169","Na carsystem.org postoji, ali ga nema u katalogu 2026/27.","https://www.carsystem.org/en/products/detail/painting/uv-filler-spray-uv-filler-spray"
"IMPORT","NEW","carsystem-zinc-spray","Zinc Spray","Rust protection","Painting","boje","1","true","false","126.030","","https://www.carsystem.org/en/products/detail/painting/zinc-spray-rust-protection"
"IMPORT","NEW","carsystem-30-years-ltd-coverall-jacket","30 Years Ltd. Coverall Jacket","Protective coverall","Personal Safety","zastita","6","true","false","159.654 159.655 159.656 159.657 159.658 159.659","","https://www.carsystem.org/en/products/detail/personal-safety/30-years-ltd-coverall-jacket-protective-coverall"
"HELD_WEBSITE_ONLY","","","Bodyshirt Black","Functional shirt - short-sleeved","Personal Safety","","2","false","false","158.536 158.537","Na carsystem.org postoji, ali ga nema u katalogu 2026/27.","https://www.carsystem.org/en/products/detail/personal-safety/bodyshirt-black-functional-shirt-short-sleeved"
"HELD_PENDING_DECISION","","","Classic Coverall Jacket Anthracite","Protective coverall","Personal Safety","","7","true","false","159.194 159.195 159.196 159.197 159.198 159.199 159.200","Mogući duplikat ručnog zapisa „carsystem-zastitno-odelo” — potrebna odluka.","https://www.carsystem.org/en/products/detail/personal-safety/classic-coverall-jacket-anthracite-protective-coverall"
"IMPORT","NEW","carsystem-classic-coverall-pants","Classic Coverall Pants","Protective coverall","Personal Safety","zastita","7","true","false","159.180 159.181 159.182 159.183 159.184 159.185 159.186","","https://www.carsystem.org/en/products/detail/personal-safety/classic-coverall-pants-protective-coverall"
"IMPORT","NEW","carsystem-coverall-2-0","Coverall 2.0","Disposable-protective suit 2.0","Personal Safety","zastita","6","true","false","160.275 160.276 160.277 160.278 160.279 160.280","","https://www.carsystem.org/en/products/detail/personal-safety/coverall-20-disposable-protective-suit-20"
"IMPORT","NEW","carsystem-coverall-black-suit","Coverall Black Suit","Protective coverall","Personal Safety","zastita","6","true","false","159.113 159.114 159.115 159.116 159.117 159.118","","https://www.carsystem.org/en/products/detail/personal-safety/coverall-black-suit-protective-coverall"
"HELD_WEBSITE_ONLY","","","Explorer Ltd. 2-Piece Coverall","Protective coverall","Personal Safety","","13","false","false","159.120 159.121 158.682 158.683 158.684 158.685 158.687 158.688 158.689 158.690 158.691 158.692 158.693","Na carsystem.org postoji, ali ga nema u katalogu 2026/27.","https://www.carsystem.org/en/products/detail/personal-safety/explorer-ltd-2-piece-coverall-protective-coverall"
"IMPORT","NEW","carsystem-hand-cleaner-extreme","Hand Cleaner extreme","Hand cleaner","Personal Safety","ciscenje","2","true","false","155.348 155.357","","https://www.carsystem.org/en/products/detail/personal-safety/hand-cleaner-extreme-hand-cleaner"
"IMPORT","NEW","carsystem-hand-cleaner","Hand Cleaner","Hand cleaner","Personal Safety","ciscenje","1","true","false","155.356","","https://www.carsystem.org/en/products/detail/personal-safety/hand-cleaner-hand-cleaner"
"HELD_WEBSITE_ONLY","","","Latex gloves","Protective gloves","Personal Safety","","1","false","false","157.981","Na carsystem.org postoji, ali ga nema u katalogu 2026/27.","https://www.carsystem.org/en/products/detail/personal-safety/latex-gloves-protective-gloves"
"IMPORT","NEW","carsystem-latex-hand-i-premium","Latex Hand I Premium","Protection gloves","Personal Safety","zastita","2","true","false","152.011 152.012","","https://www.carsystem.org/en/products/detail/personal-safety/latex-hand-i-premium-protection-gloves"
"IMPORT","NEW","carsystem-neopren-hand","Neopren Hand","Protection gloves","Personal Safety","zastita","3","true","false","140.939 140.940 140.941","","https://www.carsystem.org/en/products/detail/personal-safety/neopren-hand-protection-gloves"
"IMPORT","NEW","carsystem-nitril-hand-premium-black","Nitril Hand Premium black","Protection gloves","Personal Safety","zastita","4","true","false","156.623 156.624 154.347 154.348","","https://www.carsystem.org/en/products/detail/personal-safety/nitril-hand-premium-black-protection-gloves"
"IMPORT","NEW","carsystem-paint-overall-blue","Paint Overall Blue","Protective coverall","Personal Safety","zastita","6","true","false","139.232 139.233 138.472 138.473 139.234 152.968","","https://www.carsystem.org/en/products/detail/personal-safety/paint-overall-blue-protective-coverall"
"IMPORT","NEW","carsystem-prep-hand-ii","Prep Hand II","Work gloves","Personal Safety","zastita","2","true","false","150.719 150.720","","https://www.carsystem.org/en/products/detail/personal-safety/prep-hand-ii-work-gloves"
"IMPORT","NEW","carsystem-prep-hand-iii","Prep Hand III","Work gloves","Personal Safety","zastita","2","true","false","145.132 145.133","","https://www.carsystem.org/en/products/detail/personal-safety/prep-hand-iii-work-gloves"
"IMPORT","NEW","carsystem-pump-for-hand-cleaner-3-l","Pump for Hand Cleaner 3 l","Pump for Hand Cleaner classic","Personal Safety","ciscenje","1","true","false","155.359","","https://www.carsystem.org/en/products/detail/personal-safety/pump-for-hand-cleaner-3-l-pump-for-hand-cleaner-classic"
"IMPORT","NEW","carsystem-safety-lens","Safety Lens","Protective glasses","Personal Safety","zastita","1","true","false","140.955","","https://www.carsystem.org/en/products/detail/personal-safety/safety-lens-protective-glasses"
"IMPORT","NEW","carsystem-star-dust-2-0-ffp2","Star Dust 2.0 FFP2","Dust mask","Personal Safety","zastita","1","true","true","159.949","","https://www.carsystem.org/en/products/detail/personal-safety/star-dust-20-ffp2-dust-mask"
"IMPORT","NEW","carsystem-star-dust-2-0-ffp3-with-valve","Star Dust 2.0 FFP3 with Valve","Dust mask","Personal Safety","zastita","1","true","true","159.950","","https://www.carsystem.org/en/products/detail/personal-safety/star-dust-20-ffp3-with-valve-dust-mask"
"IMPORT","NEW","carsystem-star-mask-disc","Star Mask Disc","Filter frame","Personal Safety","zastita","1","true","false","144.310","","https://www.carsystem.org/en/products/detail/personal-safety/star-mask-disc-filter-frame"
"IMPORT","NEW","carsystem-star-mask-pre-p2-r","Star Mask Pre P2 R","Pre-filters","Personal Safety","zastita","1","true","false","141.154","","https://www.carsystem.org/en/products/detail/personal-safety/star-mask-pre-p2-r-pre-filters"
"IMPORT","NEW","carsystem-star-mask-refill","Star Mask Refill","Charcoal filter","Personal Safety","zastita","1","true","false","141.224","","https://www.carsystem.org/en/products/detail/personal-safety/star-mask-refill-charcoal-filter"
"IMPORT","NEW","carsystem-star-mask","Star Mask","Respirator","Personal Safety","zastita","2","true","false","141.143 141.145","","https://www.carsystem.org/en/products/detail/personal-safety/star-mask-respirator"
"IMPORT","NEW","carsystem-super-nitril-hand-i","Super Nitril Hand I","Protection gloves","Personal Safety","zastita","2","true","false","145.130 145.131","","https://www.carsystem.org/en/products/detail/personal-safety/super-nitril-hand-i-protection-gloves"
"IMPORT","NEW","carsystem-uv-glasses","UV Glasses","UV-protective glasses","Personal Safety","zastita","1","true","false","154.263","","https://www.carsystem.org/en/products/detail/personal-safety/uv-glasses-uv-protective-glasses"
"IMPORT","NEW","carsystem-wall-dispenser-for-soft-bottle-2-l","Wall dispenser for Soft Bottle 2 l","Wall Dispenser","Personal Safety","ciscenje","1","true","false","155.350","","https://www.carsystem.org/en/products/detail/personal-safety/wall-dispenser-for-soft-bottle-2-l-wall-dispenser"
"IMPORT","NEW","carsystem-1k-nc-filler","1K NC Filler","Nitrocellulose - filler","Putties","kitovi","1","true","false","158.139","","https://www.carsystem.org/en/products/detail/putties/1k-nc-filler-nitrocellulose-filler"
"IMPORT","NEW","carsystem-alu-spezial","Alu Spezial","Polyester - hard putty","Putties","kitovi","1","true","false","148.524","","https://www.carsystem.org/en/products/detail/putties/alu-spezial-polyester-hard-putty"
"IMPORT","NEW","carsystem-aluminium-mesh","Aluminium mesh","Aluminium repair mesh","Putties","kitovi","1","true","false","126.041","","https://www.carsystem.org/en/products/detail/putties/aluminium-mesh-aluminium-repair-mesh"
"IMPORT","NEW","carsystem-anti-rust-putty","Anti Rust Putty","Anti rust putty","Putties","kitovi","1","true","false","149.612","","https://www.carsystem.org/en/products/detail/putties/anti-rust-putty-anti-rust-putty"
"IMPORT","NEW","carsystem-blacky","Blacky","Rubber spreader","Putties","pribor","1","true","false","137.433","","https://www.carsystem.org/en/products/detail/putties/blacky-rubber-spreader"
"IMPORT","NEW","carsystem-bpo-hardener","BPO Hardener","Hardener","Putties","kitovi","1","true","false","132.413","","https://www.carsystem.org/en/products/detail/putties/bpo-hardener-hardener"
"IMPORT","NEW","carsystem-carbo-putty","Carbo Putty","Polyester - carbon putty","Putties","kitovi","1","true","false","148.018","","https://www.carsystem.org/en/products/detail/putties/carbo-putty-polyester-carbon-putty"
"IMPORT","NEW","carsystem-carbo-spray","Carbo Spray","Polyester - sprayable putty for carbon parts","Putties","kitovi","1","true","false","148.019","","https://www.carsystem.org/en/products/detail/putties/carbo-spray-polyester-sprayable-putty-for-carbon-parts"
"IMPORT","NEW","carsystem-carbo-spray-thinner","Carbo Spray Thinner","Carbo spray thinner","Putties","kitovi","1","true","false","148.234","","https://www.carsystem.org/en/products/detail/putties/carbo-spray-thinner-carbo-spray-thinner"
"IMPORT","NEW","carsystem-dualmatic","Dualmatic","Putty dispenser - manual","Putties","pribor","3","true","false","123.892 126.854 126.861","","https://www.carsystem.org/en/products/detail/putties/dualmatic-putty-dispenser-manual"
"IMPORT","NEW","carsystem-easy-clean-box","Easy Clean Box","Putty spreader cleaning box","Putties","pribor","2","true","false","153.206 159.363","","https://www.carsystem.org/en/products/detail/putties/easy-clean-box-putty-spreader-cleaning-box"
"IMPORT","NEW","carsystem-elastic-beige","Elastic beige","Polyester - fine putty","Putties","kitovi","1","true","false","127.976","","https://www.carsystem.org/en/products/detail/putties/elastic-beige-polyester-fine-putty"
"HELD_WEBSITE_ONLY","","","Elastic Green","Polyester - fine putty","Putties","","1","false","false","146.708","Na carsystem.org postoji, ali ga nema u katalogu 2026/27.","https://www.carsystem.org/en/products/detail/putties/elastic-green-polyester-fine-putty"
"MATCHED_EXISTING","","","Elastic white","Polyester - fine putty","Putties","","3","true","false","130.856 127.975 132.723","Već postoji kao ručni zapis „carsystem-git-elastic-weiss”.","https://www.carsystem.org/en/products/detail/putties/elastic-white-polyester-fine-putty"
"IMPORT","NEW","carsystem-faser","Faser","Polyester - glass fibre reinforced putty","Putties","kitovi","1","true","false","138.443","","https://www.carsystem.org/en/products/detail/putties/faser-polyester-glass-fibre-reinforced-putty"
"IMPORT","NEW","carsystem-fill-putty","Fill putty","Polyester - fill putty","Putties","kitovi","2","true","false","124.550 124.552","","https://www.carsystem.org/en/products/detail/putties/fill-putty-polyester-fill-putty"
"IMPORT","NEW","carsystem-fine-putty","Fine putty","Polyester - fine putty","Putties","kitovi","2","true","false","124.124 124.126","","https://www.carsystem.org/en/products/detail/putties/fine-putty-polyester-fine-putty"
"IMPORT","NEW","carsystem-flex","Flex","Polyester - plastic putty","Putties","kitovi","1","true","false","134.796","","https://www.carsystem.org/en/products/detail/putties/flex-polyester-plastic-putty"
"IMPORT","NEW","carsystem-glas","Glas","Polyester - glass fibre reinforced putty","Putties","kitovi","2","true","false","130.854 127.974","","https://www.carsystem.org/en/products/detail/putties/glas-polyester-glass-fibre-reinforced-putty"
"IMPORT","NEW","carsystem-glas-white","Glas White","Polyester - glass fibre reinforced putty","Putties","kitovi","1","true","false","144.808","","https://www.carsystem.org/en/products/detail/putties/glas-white-polyester-glass-fibre-reinforced-putty"
"HELD_WEBSITE_ONLY","","","Glass fibre fleece","40 g per m²","Putties","","2","false","false","125.421 125.422","Na carsystem.org postoji, ali ga nema u katalogu 2026/27.","https://www.carsystem.org/en/products/detail/putties/glass-fibre-fleece-40-g-per-m2"
"IMPORT","NEW","carsystem-glass-fibre-mat","Glass fibre mat","300 g per m²","Putties","kitovi","2","true","false","125.423 125.424","","https://www.carsystem.org/en/products/detail/putties/glass-fibre-mat-300-g-per-m2"
"IMPORT","NEW","carsystem-glass-fibre-reinforced-putty","Glass fibre reinforced putty","Polyester - glass fibre reinforced putty","Putties","kitovi","1","true","false","124.036","","https://www.carsystem.org/en/products/detail/putties/glass-fibre-reinforced-putty-polyester-glass-fibre-reinforced-putty"
"IMPORT","NEW","carsystem-japanese-putty-knife","Japanese Putty Knife","Japanese steel spreader","Putties","pribor","1","true","false","139.356","","https://www.carsystem.org/en/products/detail/putties/japanese-putty-knife-japanese-steel-spreader"
"IMPORT","NEW","carsystem-liquid-putty","Liquid Putty","Polyester - liquid putty","Putties","kitovi","1","true","false","143.496","","https://www.carsystem.org/en/products/detail/putties/liquid-putty-polyester-liquid-putty"
"IMPORT","NEW","carsystem-metallic","Metallic","Polyester - fill putty","Putties","kitovi","2","true","false","130.852 127.911","","https://www.carsystem.org/en/products/detail/putties/metallic-polyester-fill-putty"
"IMPORT","NEW","carsystem-multi-black-rapid","Multi Black Rapid","Multifunctional polyester putty","Putties","kitovi","2","true","false","159.755 160.343","","https://www.carsystem.org/en/products/detail/putties/multi-black-rapid-multifunctional-polyester-putty"
"IMPORT","NEW","carsystem-multi-blue-rapid-changer-sf","Multi Blue Rapid Changer SF","Multifunctional polyester putty, styrene-free","Putties","kitovi","1","true","true","159.923","","https://www.carsystem.org/en/products/detail/putties/multi-blue-rapid-changer-sf-multifunctional-polyester-putty-styrene-free"
"IMPORT","NEW","carsystem-multi-flow","Multi Flow","Polyester multi light putty","Putties","kitovi","1","true","true","160.378","","https://www.carsystem.org/en/products/detail/putties/multi-flow-polyester-multi-light-putty"
"IMPORT","NEW","carsystem-multi-green-changer","Multi Green Changer","Multifuncional polyester putty","Putties","kitovi","1","true","false","157.622","","https://www.carsystem.org/en/products/detail/putties/multi-green-changer-multifuncional-polyester-putty"
"IMPORT","NEW","carsystem-multi-green-glas-light","Multi Green Glas Light","Multifunctional fiberglass reinforced lightweight polyester putty","Putties","kitovi","1","true","false","158.116","","https://www.carsystem.org/en/products/detail/putties/multi-green-glas-light-multifunctional-fiberglass-reinforced-lightweight-polyester-putty"
"IMPORT","NEW","carsystem-multi-green-glas","Multi Green Glas","Multifunctional fiberglass reinforced polyester putty","Putties","kitovi","1","true","false","146.707","","https://www.carsystem.org/en/products/detail/putties/multi-green-glas-multifunctional-fiberglass-reinforced-polyester-putty"
"HELD_PENDING_DECISION","","","Multi Green","Multifuncional polyester putty","Putties","","3","true","false","146.706 147.337 149.134","Mogući duplikat ručnog zapisa „carsystem-git-multi-green” — potrebna odluka.","https://www.carsystem.org/en/products/detail/putties/multi-green-multifuncional-polyester-putty"
"IMPORT","NEW","carsystem-multi-green-plus-1-0-super-light","Multi Green Plus 1.0 Super Light","Multifuncional polyester putty","Putties","kitovi","2","true","false","152.357 152.978","","https://www.carsystem.org/en/products/detail/putties/multi-green-plus-10-super-light-multifuncional-polyester-putty"
"IMPORT","NEW","carsystem-multi-green-rapid","Multi Green Rapid","Multifuncional polyester putty","Putties","kitovi","1","true","false","158.233","","https://www.carsystem.org/en/products/detail/putties/multi-green-rapid-multifuncional-polyester-putty"
"IMPORT","NEW","carsystem-multi-green-sf","Multi Green SF","Multifuncional polyester putty styrene-free","Putties","kitovi","1","true","false","156.543","","https://www.carsystem.org/en/products/detail/putties/multi-green-sf-multifuncional-polyester-putty-styrene-free"
"IMPORT","NEW","carsystem-multi-light","Multi Light","Multifuncional polyester putty","Putties","kitovi","2","true","false","141.503 142.155","","https://www.carsystem.org/en/products/detail/putties/multi-light-multifuncional-polyester-putty"
"IMPORT","NEW","carsystem-multi","Multi","Multifuncional polyester putty","Putties","kitovi","5","true","false","130.857 127.977 134.155 132.214 128.145","","https://www.carsystem.org/en/products/detail/putties/multi-multifuncional-polyester-putty"
"IMPORT","NEW","carsystem-multi-plus","Multi Plus","Multifuncional polyester putty","Putties","kitovi","1","true","false","138.451","","https://www.carsystem.org/en/products/detail/putties/multi-plus-multifuncional-polyester-putty"
"IMPORT","NEW","carsystem-multi-silver-light","Multi Silver Light","Multifuncional polyester putty","Putties","kitovi","1","true","false","140.795","","https://www.carsystem.org/en/products/detail/putties/multi-silver-light-multifuncional-polyester-putty"
"IMPORT","NEW","carsystem-multi-soft","Multi Soft","Multifuncional polyester putty","Putties","kitovi","1","true","false","137.206","","https://www.carsystem.org/en/products/detail/putties/multi-soft-multifuncional-polyester-putty"
"IMPORT","NEW","carsystem-multi-super-flex","Multi Super Flex","Polyester putty highly elastic","Putties","kitovi","1","true","false","153.284","","https://www.carsystem.org/en/products/detail/putties/multi-super-flex-polyester-putty-highly-elastic"
"IMPORT","NEW","carsystem-plastic-pro","Plastic Pro","Polyester - plastic putty","Putties","kitovi","1","true","false","149.613","","https://www.carsystem.org/en/products/detail/putties/plastic-pro-polyester-plastic-putty"
"IMPORT","NEW","carsystem-plastic-spreader","Plastic spreader","Plastic spreader","Putties","pribor","1","true","false","146.961","","https://www.carsystem.org/en/products/detail/putties/plastic-spreader-plastic-spreader"
"IMPORT","NEW","carsystem-polyester-repair-resin","Polyester Repair Resin","Polyester repair resin","Putties","kitovi","1","true","false","126.050","","https://www.carsystem.org/en/products/detail/putties/polyester-repair-resin-polyester-repair-resin"
"IMPORT","NEW","carsystem-polyester-repair-set","Polyester Repair Set","Polyester repair set","Putties","kitovi","1","true","false","126.054","","https://www.carsystem.org/en/products/detail/putties/polyester-repair-set-polyester-repair-set"
"IMPORT","NEW","carsystem-putty-dispenser","Putty dispenser","Putty dispenser - pneumatic","Putties","pribor","3","true","false","123.859 123.840 160.576","","https://www.carsystem.org/en/products/detail/putties/putty-dispenser-putty-dispenser-pneumatic"
"IMPORT","NEW","carsystem-putty-knife","Putty Knife","Steel spreader","Putties","pribor","3","true","false","137.435 137.436 137.437","","https://www.carsystem.org/en/products/detail/putties/putty-knife-steel-spreader"
"IMPORT","NEW","carsystem-putty-mix-board","Putty Mix Board","Putty mix board","Putties","pribor","1","true","false","142.206","","https://www.carsystem.org/en/products/detail/putties/putty-mix-board-putty-mix-board"
"IMPORT","NEW","carsystem-rubber-spreader-set","Rubber Spreader Set","Rubber spreader","Putties","pribor","1","true","false","159.448","","https://www.carsystem.org/en/products/detail/putties/rubber-spreader-set-rubber-spreader"
"IMPORT","NEW","carsystem-soft","Soft","Polyester - fill putty","Putties","kitovi","2","true","false","127.972 132.116","","https://www.carsystem.org/en/products/detail/putties/soft-polyester-fill-putty"
"IMPORT","NEW","carsystem-speedmixer-10-kg","Speedmixer 10 kg","Putty dispenser - electro-pneumatic","Putties","pribor","9","true","false","143.347 146.955 143.810 144.131 143.205 145.419 146.808 147.451 149.614","","https://www.carsystem.org/en/products/detail/putties/speedmixer-10-kg-putty-dispenser-electro-pneumatic"
"IMPORT","NEW","carsystem-speedmixer-3-kg","Speedmixer 3 kg","Putty dispenser - electrical","Putties","pribor","3","true","false","151.017 146.427 152.088","","https://www.carsystem.org/en/products/detail/putties/speedmixer-3-kg-putty-dispenser-electrical"
"IMPORT","NEW","carsystem-spray-plus","Spray Plus","Polyester - sprayable putty","Putties","kitovi","1","true","false","135.597","","https://www.carsystem.org/en/products/detail/putties/spray-plus-polyester-sprayable-putty"
"IMPORT","NEW","carsystem-spray","Spray","Polyester - sprayable putty","Putties","kitovi","1","true","false","127.978","","https://www.carsystem.org/en/products/detail/putties/spray-polyester-sprayable-putty"
"IMPORT","NEW","carsystem-spray-thinner","Spray Thinner","Thinner","Putties","kitovi","1","true","false","124.315","","https://www.carsystem.org/en/products/detail/putties/spray-thinner-thinner"
"IMPORT","NEW","carsystem-steel","Steel","Polyester - hard putty","Putties","kitovi","1","true","false","138.587","","https://www.carsystem.org/en/products/detail/putties/steel-polyester-hard-putty"
