"Source URL","Canonical URL","Index status","Redirect status","Razlog"
"/","https://carsystemirm.com","index","","Produkcioni self-reference"
"/brendovi","https://carsystemirm.com/brendovi","index","","Produkcioni self-reference"
"/brendovi/baslac","https://carsystemirm.com/brendovi/baslac","index","","Produkcioni self-reference"
"/brendovi/befar","https://carsystemirm.com/brendovi/befar","index","","Produkcioni self-reference"
"/brendovi/carfit","https://carsystemirm.com/brendovi/carfit","index","","Produkcioni self-reference"
"/brendovi/carsystem","https://carsystemirm.com/brendovi/carsystem","index","","Produkcioni self-reference"
"/brendovi/cosmos-lac","https://carsystemirm.com/brendovi/cosmos-lac","index","","Produkcioni self-reference"
"/brendovi/norbin","https://carsystemirm.com/brendovi/norbin","index","","Produkcioni self-reference"
"/brendovi/rm","https://carsystemirm.com/brendovi/rm","index","","Produkcioni self-reference"
"/brendovi/sata","https://carsystemirm.com/brendovi/sata","index","","Produkcioni self-reference"
"/interaction-demo/cursor-states","","noindex","","Noindex/redirect ili canonical nedostaje"
"/interaction-demo/footer-roller-reveal","","noindex","","Noindex/redirect ili canonical nedostaje"
"/interaction-demo/footer-roller-reveal-wide","","noindex","","Noindex/redirect ili canonical nedostaje"
"/interaction-demo/paint-takeover","","noindex","","Noindex/redirect ili canonical nedostaje"
"/interaction-demo/paint-takeover-final","","noindex","","Noindex/redirect ili canonical nedostaje"
"/interaction-demo/paint-takeover-final-art","","noindex","","Noindex/redirect ili canonical nedostaje"
"/interaction-demo/paint-takeover-final-art-entry","","noindex","","Noindex/redirect ili canonical nedostaje"
"/interaction-demo/paint-takeover-hybrid","","noindex","","Noindex/redirect ili canonical nedostaje"
"/interaction-demo/paint-takeover-reference-assimilation","","noindex","","Noindex/redirect ili canonical nedostaje"
"/interaction-demo/product-surface-reveal","","noindex","","Noindex/redirect ili canonical nedostaje"
"/interaction-demo/product-surface-reveal-single","","noindex","","Noindex/redirect ili canonical nedostaje"
"/interaction-demo/split-contact-cta","","noindex","","Noindex/redirect ili canonical nedostaje"
"/interaction-demo/split-contact-cta-wide","","noindex","","Noindex/redirect ili canonical nedostaje"
"/katalog","https://carsystemirm.com/katalog","index","","Produkcioni self-reference"
"/katalog?brend=rm","https://carsystemirm.com/katalog","noindex","","Produkcioni self-reference"
"/katalog?page=2","https://carsystemirm.com/katalog","noindex","","Produkcioni self-reference"
"/katalog?q=lak","https://carsystemirm.com/katalog","noindex","","Produkcioni self-reference"
"/katalog?sort=naziv","https://carsystemirm.com/katalog","noindex","","Produkcioni self-reference"
"/katalog/strana/10","https://carsystemirm.com/katalog/strana/10","index","","Produkcioni self-reference"
"/katalog/strana/11","https://carsystemirm.com/katalog/strana/11","index","","Produkcioni self-reference"
"/katalog/strana/12","https://carsystemirm.com/katalog/strana/12","index","","Produkcioni self-reference"
"/katalog/strana/13","https://carsystemirm.com/katalog/strana/13","index","","Produkcioni self-reference"
"/katalog/strana/14","https://carsystemirm.com/katalog/strana/14","index","","Produkcioni self-reference"
"/katalog/strana/15","https://carsystemirm.com/katalog/strana/15","index","","Produkcioni self-reference"
"/katalog/strana/16","https://carsystemirm.com/katalog/strana/16","index","","Produkcioni self-reference"
"/katalog/strana/17","https://carsystemirm.com/katalog/strana/17","index","","Produkcioni self-reference"
"/katalog/strana/18","https://carsystemirm.com/katalog/strana/18","index","","Produkcioni self-reference"
"/katalog/strana/2","https://carsystemirm.com/katalog/strana/2","index","","Produkcioni self-reference"
"/katalog/strana/3","https://carsystemirm.com/katalog/strana/3","index","","Produkcioni self-reference"
"/katalog/strana/4","https://carsystemirm.com/katalog/strana/4","index","","Produkcioni self-reference"
"/katalog/strana/5","https://carsystemirm.com/katalog/strana/5","index","","Produkcioni self-reference"
"/katalog/strana/6","https://carsystemirm.com/katalog/strana/6","index","","Produkcioni self-reference"
"/katalog/strana/7","https://carsystemirm.com/katalog/strana/7","index","","Produkcioni self-reference"
"/katalog/strana/8","https://carsystemirm.com/katalog/strana/8","index","","Produkcioni self-reference"
"/katalog/strana/9","https://carsystemirm.com/katalog/strana/9","index","","Produkcioni self-reference"
"/kategorije/bazne-boje","https://carsystemirm.com/kategorije/bazne-boje","index","","Produkcioni self-reference"
"/kategorije/bezbojni-lakovi","https://carsystemirm.com/kategorije/bezbojni-lakovi","index","","Produkcioni self-reference"
"/kategorije/prajmeri-i-punioci","https://carsystemirm.com/kategorije/prajmeri-i-punioci","index","","Produkcioni self-reference"
"/kategorije/ucvrscivaci-i-razredjivaci","https://carsystemirm.com/kategorije/ucvrscivaci-i-razredjivaci","index","","Produkcioni self-reference"
"/kontakt","https://carsystemirm.com/kontakt","index","","Produkcioni self-reference"
"/portal","","noindex","","Noindex/redirect ili canonical nedostaje"
"/portal/aktivnosti","","noindex","","Noindex/redirect ili canonical nedostaje"
"/portal/bex","","noindex","","Noindex/redirect ili canonical nedostaje"
"/portal/biznissoft","","noindex","","Noindex/redirect ili canonical nedostaje"
"/portal/cene","","noindex","","Noindex/redirect ili canonical nedostaje"
"/portal/cene/istorija","","noindex","","Noindex/redirect ili canonical nedostaje"
"/portal/cene/pravila","","noindex","","Noindex/redirect ili canonical nedostaje"
"/portal/komercijalisti","","noindex","","Noindex/redirect ili canonical nedostaje"
"/portal/kupci","","noindex","","Noindex/redirect ili canonical nedostaje"
"/portal/odobrenja","","noindex","","Noindex/redirect ili canonical nedostaje"
"/portal/podesavanja","","noindex","","Noindex/redirect ili canonical nedostaje"
"/portal/porudzbine","","noindex","","Noindex/redirect ili canonical nedostaje"
"/portal/porudzbine/nova","","noindex","","Noindex/redirect ili canonical nedostaje"
"/portal/prijava","","noindex","","Noindex/redirect ili canonical nedostaje"
"/portal/proizvodi","","noindex","","Noindex/redirect ili canonical nedostaje"
"/preview","","noindex","/","Noindex/redirect ili canonical nedostaje"
"/preview/seo-audit","","noindex","/","Noindex/redirect ili canonical nedostaje"
"/prodavnice","https://carsystemirm.com/prodavnice","index","","Produkcioni self-reference"
"/program","https://carsystemirm.com/program","index","","Produkcioni self-reference"
"/program/boje-i-lakovi","https://carsystemirm.com/program/boje-i-lakovi","index","","Produkcioni self-reference"
"/program/pistolji-i-oprema","https://carsystemirm.com/program/pistolji-i-oprema","index","","Produkcioni self-reference"
"/program/poliranje","https://carsystemirm.com/program/poliranje","index","","Produkcioni self-reference"
"/program/potrosni-materijal","https://carsystemirm.com/program/potrosni-materijal","index","","Produkcioni self-reference"
"/program/priprema-i-abrazivi","https://carsystemirm.com/program/priprema-i-abrazivi","index","","Produkcioni self-reference"
"/proizvodi/2210-onyx-activator","https://carsystemirm.com/proizvodi/2210-onyx-activator","index","","Produkcioni self-reference"
"/proizvodi/2220-agilis-activator","https://carsystemirm.com/proizvodi/2220-agilis-activator","index","","Produkcioni self-reference"
"/proizvodi/2520-onyx-easy-blender","https://carsystemirm.com/proizvodi/2520-onyx-easy-blender","index","","Produkcioni self-reference"
"/proizvodi/2530-agilis-blender","https://carsystemirm.com/proizvodi/2530-agilis-blender","index","","Produkcioni self-reference"
"/proizvodi/2560-agilis-amplifier","https://carsystemirm.com/proizvodi/2560-agilis-amplifier","index","","Produkcioni self-reference"
"/proizvodi/2p15-air-tune-r","https://carsystemirm.com/proizvodi/2p15-air-tune-r","index","","Produkcioni self-reference"
"/proizvodi/2p80-texture-tune-r","https://carsystemirm.com/proizvodi/2p80-texture-tune-r","index","","Produkcioni self-reference"
"/proizvodi/b-2p93-uv-bodyfill-r","https://carsystemirm.com/proizvodi/b-2p93-uv-bodyfill-r","index","","Produkcioni self-reference"
"/proizvodi/baslac-30-s510-s-serija","https://carsystemirm.com/proizvodi/baslac-30-s510-s-serija","index","","Produkcioni self-reference"
"/proizvodi/baslac-35-m214","https://carsystemirm.com/proizvodi/baslac-35-m214","index","","Produkcioni self-reference"
"/proizvodi/baslac-35-m331-pasta","https://carsystemirm.com/proizvodi/baslac-35-m331-pasta","index","","Produkcioni self-reference"
"/proizvodi/baslac-60-20-razredjivac","https://carsystemirm.com/proizvodi/baslac-60-20-razredjivac","index","","Produkcioni self-reference"
"/proizvodi/befar-sundjer-beli-25x150","https://carsystemirm.com/proizvodi/befar-sundjer-beli-25x150","index","","Produkcioni self-reference"
"/proizvodi/befar-sundjer-beli-50x150","https://carsystemirm.com/proizvodi/befar-sundjer-beli-50x150","index","","Produkcioni self-reference"
"/proizvodi/befar-sundjer-crni-25x150","https://carsystemirm.com/proizvodi/befar-sundjer-crni-25x150","index","","Produkcioni self-reference"
"/proizvodi/befar-sundjer-crni-50x150","https://carsystemirm.com/proizvodi/befar-sundjer-crni-50x150","index","","Produkcioni self-reference"
"/proizvodi/befar-sundjer-narandzasti-25x150","https://carsystemirm.com/proizvodi/befar-sundjer-narandzasti-25x150","index","","Produkcioni self-reference"
"/proizvodi/befar-sundjer-narandzasti-50x150","https://carsystemirm.com/proizvodi/befar-sundjer-narandzasti-50x150","index","","Produkcioni self-reference"
"/proizvodi/befar-sundjer-plavi-25x150","https://carsystemirm.com/proizvodi/befar-sundjer-plavi-25x150","index","","Produkcioni self-reference"
"/proizvodi/befar-sundjer-plavi-50x150","https://carsystemirm.com/proizvodi/befar-sundjer-plavi-50x150","index","","Produkcioni self-reference"
"/proizvodi/c-2a40-airtop","https://carsystemirm.com/proizvodi/c-2a40-airtop","index","","Produkcioni self-reference"
"/proizvodi/c-2a46-ultratop","https://carsystemirm.com/proizvodi/c-2a46-ultratop","index","","Produkcioni self-reference"
"/proizvodi/c-2a54-performtop","https://carsystemirm.com/proizvodi/c-2a54-performtop","index","","Produkcioni self-reference"
"/proizvodi/c-2a57-mixtop","https://carsystemirm.com/proizvodi/c-2a57-mixtop","index","","Produkcioni self-reference"
"/proizvodi/c-2a63-glosstop","https://carsystemirm.com/proizvodi/c-2a63-glosstop","index","","Produkcioni self-reference"
"/proizvodi/c-2a64-glosstop","https://carsystemirm.com/proizvodi/c-2a64-glosstop","index","","Produkcioni self-reference"
"/proizvodi/c-2a84-protecttop","https://carsystemirm.com/proizvodi/c-2a84-protecttop","index","","Produkcioni self-reference"
"/proizvodi/c-2a93-mattop","https://carsystemirm.com/proizvodi/c-2a93-mattop","index","","Produkcioni self-reference"
"/proizvodi/c-2e10-clear-coat-premixed","https://carsystemirm.com/proizvodi/c-2e10-clear-coat-premixed","index","","Produkcioni self-reference"
"/proizvodi/c-2e50-clear-coat","https://carsystemirm.com/proizvodi/c-2e50-clear-coat","index","","Produkcioni self-reference"
"/proizvodi/c-2p15-easy-finish-r","https://carsystemirm.com/proizvodi/c-2p15-easy-finish-r","index","","Produkcioni self-reference"
"/proizvodi/c-2p30-uv-finish-r","https://carsystemirm.com/proizvodi/c-2p30-uv-finish-r","index","","Produkcioni self-reference"
"/proizvodi/c-2p42-race-finish-r","https://carsystemirm.com/proizvodi/c-2p42-race-finish-r","index","","Produkcioni self-reference"
"/proizvodi/c-2p45-speed-finish-r","https://carsystemirm.com/proizvodi/c-2p45-speed-finish-r","index","","Produkcioni self-reference"
"/proizvodi/c-2p55-multi-finish-r","https://carsystemirm.com/proizvodi/c-2p55-multi-finish-r","index","","Produkcioni self-reference"
"/proizvodi/c-2p62-bright-finish-r","https://carsystemirm.com/proizvodi/c-2p62-bright-finish-r","index","","Produkcioni self-reference"
"/proizvodi/c-2p85-power-finish-r","https://carsystemirm.com/proizvodi/c-2p85-power-finish-r","index","","Produkcioni self-reference"
"/proizvodi/c-2p91-mat-finish-r","https://carsystemirm.com/proizvodi/c-2p91-mat-finish-r","index","","Produkcioni self-reference"
"/proizvodi/c-2p96-satin-finish-r","https://carsystemirm.com/proizvodi/c-2p96-satin-finish-r","index","","Produkcioni self-reference"
"/proizvodi/c-5450-ghd-clear","https://carsystemirm.com/proizvodi/c-5450-ghd-clear","index","","Produkcioni self-reference"
"/proizvodi/carfit-maskirna-folija-4x150m","https://carsystemirm.com/proizvodi/carfit-maskirna-folija-4x150m","index","","Produkcioni self-reference"
"/proizvodi/carfit-maskirna-folija-4x5m","https://carsystemirm.com/proizvodi/carfit-maskirna-folija-4x5m","index","","Produkcioni self-reference"
"/proizvodi/carsystem-f19-brusni-diskovi","https://carsystemirm.com/proizvodi/carsystem-f19-brusni-diskovi","index","","Produkcioni self-reference"
"/proizvodi/carsystem-f23-brusni-diskovi","https://carsystemirm.com/proizvodi/carsystem-f23-brusni-diskovi","index","","Produkcioni self-reference"
"/proizvodi/carsystem-finish-serija","https://carsystemirm.com/proizvodi/carsystem-finish-serija","index","","Produkcioni self-reference"
"/proizvodi/carsystem-git-elastic-weiss","https://carsystemirm.com/proizvodi/carsystem-git-elastic-weiss","index","","Produkcioni self-reference"
"/proizvodi/carsystem-git-multi-green","https://carsystemirm.com/proizvodi/carsystem-git-multi-green","index","","Produkcioni self-reference"
"/proizvodi/carsystem-p19-brusni-diskovi","https://carsystemirm.com/proizvodi/carsystem-p19-brusni-diskovi","index","","Produkcioni self-reference"
"/proizvodi/carsystem-p23-brusni-diskovi","https://carsystemirm.com/proizvodi/carsystem-p23-brusni-diskovi","index","","Produkcioni self-reference"
"/proizvodi/carsystem-soft-plus-git","https://carsystemirm.com/proizvodi/carsystem-soft-plus-git","index","","Produkcioni self-reference"
"/proizvodi/carsystem-zastitno-odelo","https://carsystemirm.com/proizvodi/carsystem-zastitno-odelo","index","","Produkcioni self-reference"
"/proizvodi/cosmos-lac-automotive-030-400-ml-prefilled-030-1k","https://carsystemirm.com/proizvodi/cosmos-lac-automotive-030-400-ml-prefilled-030-1k","index","","Produkcioni self-reference"
"/proizvodi/cosmos-lac-automotive-250-400-ml-antichip-250-white","https://carsystemirm.com/proizvodi/grupa/cosmos-lac-automotive-antichip","index","","Produkcioni self-reference"
"/proizvodi/cosmos-lac-automotive-251-400-ml-antichip-251-black","https://carsystemirm.com/proizvodi/grupa/cosmos-lac-automotive-antichip","index","","Produkcioni self-reference"
"/proizvodi/cosmos-lac-automotive-252-400-ml-antichip-252-grey","https://carsystemirm.com/proizvodi/grupa/cosmos-lac-automotive-antichip","index","","Produkcioni self-reference"
"/proizvodi/cosmos-lac-automotive-510-400-ml-vinyl-fabric-510-black","https://carsystemirm.com/proizvodi/cosmos-lac-automotive-510-400-ml-vinyl-fabric-510-black","index","","Produkcioni self-reference"
"/proizvodi/cosmos-lac-automotive-560-400-ml-bumper-paint-560-white","https://carsystemirm.com/proizvodi/grupa/cosmos-lac-automotive-bumper-paint","index","","Produkcioni self-reference"
"/proizvodi/cosmos-lac-automotive-561-400-ml-bumper-paint-561-black","https://carsystemirm.com/proizvodi/grupa/cosmos-lac-automotive-bumper-paint","index","","Produkcioni self-reference"
"/proizvodi/cosmos-lac-automotive-562-400-ml-bumper-paint-562-grey","https://carsystemirm.com/proizvodi/grupa/cosmos-lac-automotive-bumper-paint","index","","Produkcioni self-reference"
"/proizvodi/cosmos-lac-automotive-563-400-ml-bumper-paint-563-anthracite","https://carsystemirm.com/proizvodi/grupa/cosmos-lac-automotive-bumper-paint","index","","Produkcioni self-reference"
"/proizvodi/cosmos-lac-automotive-564-400-ml-bumper-paint-564-black-structure","https://carsystemirm.com/proizvodi/grupa/cosmos-lac-automotive-bumper-paint","index","","Produkcioni self-reference"
"/proizvodi/cosmos-lac-automotive-701-400-ml-brake-caliper-engine-paint-701-red","https://carsystemirm.com/proizvodi/grupa/cosmos-lac-automotive-brake-caliper-engine-paint","index","","Produkcioni self-reference"
"/proizvodi/cosmos-lac-automotive-702-400-ml-brake-caliper-engine-paint-702-yellow","https://carsystemirm.com/proizvodi/grupa/cosmos-lac-automotive-brake-caliper-engine-paint","index","","Produkcioni self-reference"
"/proizvodi/cosmos-lac-automotive-703-400-ml-brake-caliper-engine-paint-703-blue","https://carsystemirm.com/proizvodi/grupa/cosmos-lac-automotive-brake-caliper-engine-paint","index","","Produkcioni self-reference"
"/proizvodi/cosmos-lac-automotive-711-400-ml-backlight-711-black","https://carsystemirm.com/proizvodi/grupa/cosmos-lac-automotive-backlight-paint","index","","Produkcioni self-reference"
"/proizvodi/cosmos-lac-automotive-712-400-ml-backlight-712-red","https://carsystemirm.com/proizvodi/grupa/cosmos-lac-automotive-backlight-paint","index","","Produkcioni self-reference"
"/proizvodi/cosmos-lac-automotive-719-200-ml-quick-start-719","https://carsystemirm.com/proizvodi/cosmos-lac-automotive-719-200-ml-quick-start-719","index","","Produkcioni self-reference"
"/proizvodi/cosmos-lac-chalk-effect-cl-n01-mat-400-ml-chalk-effect-n01-charcoal","https://carsystemirm.com/proizvodi/grupa/cosmos-lac-chalk-effect","index","","Produkcioni self-reference"
"/proizvodi/cosmos-lac-chalk-effect-cl-n02-mat-400-ml-chalk-effect-n02-pure-white","https://carsystemirm.com/proizvodi/grupa/cosmos-lac-chalk-effect","index","","Produkcioni self-reference"
"/proizvodi/cosmos-lac-chalk-effect-cl-n03-mat-400-ml-chalk-effect-n03-cloudy-white","https://carsystemirm.com/proizvodi/grupa/cosmos-lac-chalk-effect","index","","Produkcioni self-reference"
"/proizvodi/cosmos-lac-chalk-effect-cl-n04-mat-400-ml-chalk-effect-n04-cream","https://carsystemirm.com/proizvodi/grupa/cosmos-lac-chalk-effect","index","","Produkcioni self-reference"
"/proizvodi/cosmos-lac-chalk-effect-cl-n05-mat-400-ml-chalk-effect-n05-dolphin-grey","https://carsystemirm.com/proizvodi/grupa/cosmos-lac-chalk-effect","index","","Produkcioni self-reference"
"/proizvodi/cosmos-lac-chalk-effect-cl-n06-mat-400-ml-chalk-effect-n06-english-manor","https://carsystemirm.com/proizvodi/grupa/cosmos-lac-chalk-effect","index","","Produkcioni self-reference"
"/proizvodi/cosmos-lac-chalk-effect-cl-n07-mat-400-ml-chalk-effect-n07-duck-egg-blue","https://carsystemirm.com/proizvodi/grupa/cosmos-lac-chalk-effect","index","","Produkcioni self-reference"
"/proizvodi/cosmos-lac-chalk-effect-cl-n08-mat-400-ml-chalk-effect-n08-scottish-green","https://carsystemirm.com/proizvodi/grupa/cosmos-lac-chalk-effect","index","","Produkcioni self-reference"
"/proizvodi/cosmos-lac-chalk-effect-cl-n09-mat-400-ml-chalk-effect-n09-moroccan-turquoise","https://carsystemirm.com/proizvodi/grupa/cosmos-lac-chalk-effect","index","","Produkcioni self-reference"
"/proizvodi/cosmos-lac-chalk-effect-cl-n10-mat-400-ml-chalk-effect-n10-dirty-lilac","https://carsystemirm.com/proizvodi/grupa/cosmos-lac-chalk-effect","index","","Produkcioni self-reference"
"/proizvodi/cosmos-lac-chalk-effect-cl-n11-mat-400-ml-chalk-effect-n11-budapest-pink","https://carsystemirm.com/proizvodi/grupa/cosmos-lac-chalk-effect","index","","Produkcioni self-reference"
"/proizvodi/cosmos-lac-chalk-effect-cl-n12-mat-400-ml-chalk-effect-n12-bubblegum","https://carsystemirm.com/proizvodi/grupa/cosmos-lac-chalk-effect","index","","Produkcioni self-reference"
"/proizvodi/cosmos-lac-chalk-effect-cl-n13-mat-400-ml-chalk-effect-n13-vanilla","https://carsystemirm.com/proizvodi/grupa/cosmos-lac-chalk-effect","index","","Produkcioni self-reference"
"/proizvodi/cosmos-lac-chalk-effect-cl-n14-mat-400-ml-chalk-effect-n14-greek-blue","https://carsystemirm.com/proizvodi/grupa/cosmos-lac-chalk-effect","index","","Produkcioni self-reference"
"/proizvodi/cosmos-lac-chalk-effect-cl-n15-mat-400-ml-chalk-effect-n15-royal-blue","https://carsystemirm.com/proizvodi/grupa/cosmos-lac-chalk-effect","index","","Produkcioni self-reference"
"/proizvodi/cosmos-lac-chalk-effect-cl-n16-mat-400-ml-chalk-effect-n16-aegean-blue","https://carsystemirm.com/proizvodi/grupa/cosmos-lac-chalk-effect","index","","Produkcioni self-reference"
"/proizvodi/cosmos-lac-chalk-effect-cl-n17-mat-400-ml-chalk-effect-n17-tuscan-sunset","https://carsystemirm.com/proizvodi/grupa/cosmos-lac-chalk-effect","index","","Produkcioni self-reference"
"/proizvodi/cosmos-lac-chalk-effect-cl-n18-mat-400-ml-chalk-effect-n18-indian-green","https://carsystemirm.com/proizvodi/grupa/cosmos-lac-chalk-effect","index","","Produkcioni self-reference"
"/proizvodi/cosmos-lac-chalk-effect-cl-n19-mat-400-ml-chalk-effect-n19-dark-sangria","https://carsystemirm.com/proizvodi/grupa/cosmos-lac-chalk-effect","index","","Produkcioni self-reference"
"/proizvodi/cosmos-lac-chalk-effect-cl-n20-mat-400-ml-chalk-effect-n20-shadow-grey","https://carsystemirm.com/proizvodi/grupa/cosmos-lac-chalk-effect","index","","Produkcioni self-reference"
"/proizvodi/cosmos-lac-chalk-effect-cl-n21-mat-400-ml-chalk-effect-n21-coral-blush","https://carsystemirm.com/proizvodi/grupa/cosmos-lac-chalk-effect","index","","Produkcioni self-reference"
"/proizvodi/cosmos-lac-chalk-effect-cl-n22-mat-400-ml-chalk-effect-n22-bloodstone","https://carsystemirm.com/proizvodi/grupa/cosmos-lac-chalk-effect","index","","Produkcioni self-reference"
"/proizvodi/cosmos-lac-chalk-effect-cl-n23-mat-400-ml-chalk-effect-n23-khaki-brown","https://carsystemirm.com/proizvodi/grupa/cosmos-lac-chalk-effect","index","","Produkcioni self-reference"
"/proizvodi/cosmos-lac-chalk-effect-cl-n24-mat-400-ml-chalk-effect-n24-latte","https://carsystemirm.com/proizvodi/grupa/cosmos-lac-chalk-effect","index","","Produkcioni self-reference"
"/proizvodi/cosmos-lac-chalk-effect-cl-n25-mat-400-ml-chalk-effect-n25-versailles-gold","https://carsystemirm.com/proizvodi/grupa/cosmos-lac-chalk-effect","index","","Produkcioni self-reference"
"/proizvodi/cosmos-lac-chalk-effect-cl-n26-mat-400-ml-chalk-effect-n26-cream-linen","https://carsystemirm.com/proizvodi/grupa/cosmos-lac-chalk-effect","index","","Produkcioni self-reference"
"/proizvodi/cosmos-lac-chalk-effect-cl-n27-mat-400-ml-chalk-effect-n27-nordic-olive","https://carsystemirm.com/proizvodi/grupa/cosmos-lac-chalk-effect","index","","Produkcioni self-reference"
"/proizvodi/cosmos-lac-chalk-effect-cl-n28-mat-400-ml-chalk-effect-n28-velvet-citrus","https://carsystemirm.com/proizvodi/grupa/cosmos-lac-chalk-effect","index","","Produkcioni self-reference"
"/proizvodi/cosmos-lac-chalk-effect-cl-n29-mat-400-ml-chalk-effect-n29-imperial-violet","https://carsystemirm.com/proizvodi/grupa/cosmos-lac-chalk-effect","index","","Produkcioni self-reference"
"/proizvodi/cosmos-lac-chalk-effect-cl-n30-mat-400-ml-chalk-effect-n30-ashen-lavender","https://carsystemirm.com/proizvodi/grupa/cosmos-lac-chalk-effect","index","","Produkcioni self-reference"
"/proizvodi/cosmos-lac-chalk-effect-cl-n31-mat-400-ml-chalk-effect-n31-salmon-di-venezia","https://carsystemirm.com/proizvodi/grupa/cosmos-lac-chalk-effect","index","","Produkcioni self-reference"
"/proizvodi/cosmos-lac-chalk-effect-cl-n32-mat-400-ml-chalk-effect-n32-smoked-fig","https://carsystemirm.com/proizvodi/grupa/cosmos-lac-chalk-effect","index","","Produkcioni self-reference"
"/proizvodi/cosmos-lac-chalk-effect-cl-n33-mat-400-ml-chalk-effect-n33-british-biscuit","https://carsystemirm.com/proizvodi/grupa/cosmos-lac-chalk-effect","index","","Produkcioni self-reference"
"/proizvodi/cosmos-lac-chalk-effect-cl-n52-mat-400-ml-chalk-effect-n52-matt-varnish","https://carsystemirm.com/proizvodi/grupa/cosmos-lac-chalk-effect","index","","Produkcioni self-reference"
"/proizvodi/cosmos-lac-cleaners-205-400-ml-contact-cleaner-205","https://carsystemirm.com/proizvodi/cosmos-lac-cleaners-205-400-ml-contact-cleaner-205","index","","Produkcioni self-reference"
"/proizvodi/cosmos-lac-cleaners-718-400-ml-sticker-glue-remover-718","https://carsystemirm.com/proizvodi/cosmos-lac-cleaners-718-400-ml-sticker-glue-remover-718","index","","Produkcioni self-reference"
"/proizvodi/cosmos-lac-cleaners-732-400-ml-air-duster-732","https://carsystemirm.com/proizvodi/cosmos-lac-cleaners-732-400-ml-air-duster-732","index","","Produkcioni self-reference"
"/proizvodi/cosmos-lac-cleaners-733-400-ml-paint-remover-733","https://carsystemirm.com/proizvodi/cosmos-lac-cleaners-733-400-ml-paint-remover-733","index","","Produkcioni self-reference"
"/proizvodi/cosmos-lac-cleaners-750-400-ml-brake-cleaner-750","https://carsystemirm.com/proizvodi/cosmos-lac-cleaners-750-400-ml-brake-cleaner-750","index","","Produkcioni self-reference"
"/proizvodi/cosmos-lac-cleaners-751-400-ml-carburetor-cleaner-751","https://carsystemirm.com/proizvodi/cosmos-lac-cleaners-751-400-ml-carburetor-cleaner-751","index","","Produkcioni self-reference"
"/proizvodi/cosmos-lac-cleaners-752-400-ml-textile-cleaner-752","https://carsystemirm.com/proizvodi/cosmos-lac-cleaners-752-400-ml-textile-cleaner-752","index","","Produkcioni self-reference"
"/proizvodi/cosmos-lac-easy-max-cl-800-ral-9010-400-ml-easy-max-ral-9010-800-white","https://carsystemirm.com/proizvodi/grupa/cosmos-lac-easy-max","index","","Produkcioni self-reference"
"/proizvodi/cosmos-lac-easy-max-cl-801-ral-9001-400-ml-easy-max-ral-9001-801-cream-white","https://carsystemirm.com/proizvodi/grupa/cosmos-lac-easy-max","index","","Produkcioni self-reference"
"/proizvodi/cosmos-lac-easy-max-cl-802-ral-9002-400-ml-easy-max-ral-9002-802-grey-white","https://carsystemirm.com/proizvodi/grupa/cosmos-lac-easy-max","index","","Produkcioni self-reference"
"/proizvodi/cosmos-lac-easy-max-cl-803-ral-9005-400-ml-easy-max-ral-9005-803-black","https://carsystemirm.com/proizvodi/grupa/cosmos-lac-easy-max","index","","Produkcioni self-reference"
"/proizvodi/cosmos-lac-easy-max-cl-804-ral-7021-400-ml-easy-max-ral-7021-804-black-grey","https://carsystemirm.com/proizvodi/grupa/cosmos-lac-easy-max","index","","Produkcioni self-reference"
"/proizvodi/cosmos-lac-easy-max-cl-805-ral-7011-400-ml-easy-max-ral-7011-805-iron-grey","https://carsystemirm.com/proizvodi/grupa/cosmos-lac-easy-max","index","","Produkcioni self-reference"
"/proizvodi/cosmos-lac-easy-max-cl-806-ral-7015-400-ml-easy-max-ral-7015-806-dark-grey","https://carsystemirm.com/proizvodi/grupa/cosmos-lac-easy-max","index","","Produkcioni self-reference"
"/proizvodi/cosmos-lac-easy-max-cl-807-ral-7040-400-ml-easy-max-ral-7040-807-grey","https://carsystemirm.com/proizvodi/grupa/cosmos-lac-easy-max","index","","Produkcioni self-reference"
"/proizvodi/cosmos-lac-easy-max-cl-808-ral-7033-400-ml-easy-max-ral-7033-808-cement-grey","https://carsystemirm.com/proizvodi/grupa/cosmos-lac-easy-max","index","","Produkcioni self-reference"
"/proizvodi/cosmos-lac-easy-max-cl-809-ral-1015-400-ml-easy-max-ral-1015-809-light-ivory","https://carsystemirm.com/proizvodi/grupa/cosmos-lac-easy-max","index","","Produkcioni self-reference"
"/proizvodi/cosmos-lac-easy-max-cl-810-ral-3004-400-ml-easy-max-ral-3004-810-purple-red","https://carsystemirm.com/proizvodi/grupa/cosmos-lac-easy-max","index","","Produkcioni self-reference"
"/proizvodi/cosmos-lac-easy-max-cl-811-ral-3002-400-ml-easy-max-ral-3002-811-dark-red","https://carsystemirm.com/proizvodi/grupa/cosmos-lac-easy-max","index","","Produkcioni self-reference"
"/proizvodi/cosmos-lac-easy-max-cl-812-ral-3020-400-ml-easy-max-ral-3020-812-red","https://carsystemirm.com/proizvodi/grupa/cosmos-lac-easy-max","index","","Produkcioni self-reference"
"/proizvodi/cosmos-lac-easy-max-cl-813-ral-1018-400-ml-easy-max-ral-1018-813-yellow","https://carsystemirm.com/proizvodi/grupa/cosmos-lac-easy-max","index","","Produkcioni self-reference"
"/proizvodi/cosmos-lac-easy-max-cl-814-ral-6001-400-ml-easy-max-ral-6001-814-dark-green","https://carsystemirm.com/proizvodi/grupa/cosmos-lac-easy-max","index","","Produkcioni self-reference"
"/proizvodi/cosmos-lac-easy-max-cl-815-ral-8011-400-ml-easy-max-ral-8011-815-brown","https://carsystemirm.com/proizvodi/grupa/cosmos-lac-easy-max","index","","Produkcioni self-reference"
"/proizvodi/cosmos-lac-easy-max-cl-816-ral-5005-400-ml-easy-max-ral-5005-816-dark-blue","https://carsystemirm.com/proizvodi/grupa/cosmos-lac-easy-max","index","","Produkcioni self-reference"
"/proizvodi/cosmos-lac-easy-max-cl-817-ral-5012-400-ml-easy-max-ral-5012-817-blue","https://carsystemirm.com/proizvodi/grupa/cosmos-lac-easy-max","index","","Produkcioni self-reference"
"/proizvodi/cosmos-lac-easy-max-cl-818-ral-5010-400-ml-easy-max-ral-5010-818-gentian-blue","https://carsystemirm.com/proizvodi/grupa/cosmos-lac-easy-max","index","","Produkcioni self-reference"
"/proizvodi/cosmos-lac-easy-max-cl-819-ral-5018-400-ml-easy-max-ral-5018-819-turquoise-blue","https://carsystemirm.com/proizvodi/grupa/cosmos-lac-easy-max","index","","Produkcioni self-reference"
"/proizvodi/cosmos-lac-easy-max-cl-823-ral-1007-400-ml-easy-max-ral-1007-823-daffodil-yellow","https://carsystemirm.com/proizvodi/grupa/cosmos-lac-easy-max","index","","Produkcioni self-reference"
"/proizvodi/cosmos-lac-easy-max-cl-824-ral-5013-400-ml-easy-max-ral-5013-824-cobalt-blue","https://carsystemirm.com/proizvodi/grupa/cosmos-lac-easy-max","index","","Produkcioni self-reference"
"/proizvodi/cosmos-lac-easy-max-cl-825-ral-6011-400-ml-easy-max-ral-6011-825-reseda-green","https://carsystemirm.com/proizvodi/grupa/cosmos-lac-easy-max","index","","Produkcioni self-reference"
"/proizvodi/cosmos-lac-easy-max-cl-826-ral-8004-400-ml-easy-max-ral-8004-826-copper-brown","https://carsystemirm.com/proizvodi/grupa/cosmos-lac-easy-max","index","","Produkcioni self-reference"
"/proizvodi/cosmos-lac-easy-max-cl-830-ral-8003-400-ml-easy-max-ral-8003-830-clay-brown","https://carsystemirm.com/proizvodi/grupa/cosmos-lac-easy-max","index","","Produkcioni self-reference"
"/proizvodi/cosmos-lac-easy-max-cl-831-ral-2010-400-ml-easy-max-ral-2010-831-orange","https://carsystemirm.com/proizvodi/grupa/cosmos-lac-easy-max","index","","Produkcioni self-reference"
"/proizvodi/cosmos-lac-easy-max-cl-860-ral-6018-400-ml-easy-max-ral-6018-860-green","https://carsystemirm.com/proizvodi/grupa/cosmos-lac-easy-max","index","","Produkcioni self-reference"
"/proizvodi/cosmos-lac-easy-max-cl-861-ral-6005-400-ml-easy-max-ral-6005-861-moss-green","https://carsystemirm.com/proizvodi/grupa/cosmos-lac-easy-max","index","","Produkcioni self-reference"
"/proizvodi/cosmos-lac-easy-max-cl-868-ral-4010-400-ml-easy-max-ral-4010-868-magenta","https://carsystemirm.com/proizvodi/grupa/cosmos-lac-easy-max","index","","Produkcioni self-reference"
"/proizvodi/cosmos-lac-easy-max-cl-870-ral-4005-400-ml-easy-max-ral-4005-870-blue-lilac","https://carsystemirm.com/proizvodi/grupa/cosmos-lac-easy-max","index","","Produkcioni self-reference"
"/proizvodi/cosmos-lac-easy-max-cl-871-400-ml-easy-max-871-pastel-beige","https://carsystemirm.com/proizvodi/grupa/cosmos-lac-easy-max","index","","Produkcioni self-reference"
"/proizvodi/cosmos-lac-easy-max-cl-872-400-ml-easy-max-872-pastel-pink","https://carsystemirm.com/proizvodi/grupa/cosmos-lac-easy-max","index","","Produkcioni self-reference"
"/proizvodi/cosmos-lac-easy-max-cl-873-400-ml-easy-max-873-pastel-green","https://carsystemirm.com/proizvodi/grupa/cosmos-lac-easy-max","index","","Produkcioni self-reference"
"/proizvodi/cosmos-lac-easy-max-cl-874-400-ml-easy-max-874-pastel-yellow","https://carsystemirm.com/proizvodi/grupa/cosmos-lac-easy-max","index","","Produkcioni self-reference"
"/proizvodi/cosmos-lac-easy-max-cl-875-400-ml-easy-max-875-pastel-blue","https://carsystemirm.com/proizvodi/grupa/cosmos-lac-easy-max","index","","Produkcioni self-reference"
"/proizvodi/cosmos-lac-easy-max-cl-876-400-ml-easy-max-876-pastel-mocca","https://carsystemirm.com/proizvodi/grupa/cosmos-lac-easy-max","index","","Produkcioni self-reference"
"/proizvodi/cosmos-lac-easy-max-cl-900-400-ml-easy-max-metallic-900-pewter-silver","https://carsystemirm.com/proizvodi/grupa/cosmos-lac-easy-max","index","","Produkcioni self-reference"
"/proizvodi/cosmos-lac-easy-max-cl-901-400-ml-easy-max-metallic-901-gold","https://carsystemirm.com/proizvodi/grupa/cosmos-lac-easy-max","index","","Produkcioni self-reference"
"/proizvodi/cosmos-lac-easy-max-cl-902-400-ml-easy-max-metallic-902-bronze","https://carsystemirm.com/proizvodi/grupa/cosmos-lac-easy-max","index","","Produkcioni self-reference"
"/proizvodi/cosmos-lac-easy-max-cl-903-400-ml-easy-max-metallic-903-copper","https://carsystemirm.com/proizvodi/grupa/cosmos-lac-easy-max","index","","Produkcioni self-reference"
"/proizvodi/cosmos-lac-easy-max-cl-910-400-ml-easy-max-glitter-910-silver","https://carsystemirm.com/proizvodi/grupa/cosmos-lac-easy-max","index","","Produkcioni self-reference"
"/proizvodi/cosmos-lac-easy-max-cl-911-400-ml-easy-max-glitter-911-gold","https://carsystemirm.com/proizvodi/grupa/cosmos-lac-easy-max","index","","Produkcioni self-reference"
"/proizvodi/cosmos-lac-easy-max-cl-920-400-ml-easy-max-marble-effect-920-white","https://carsystemirm.com/proizvodi/grupa/cosmos-lac-easy-max","index","","Produkcioni self-reference"
"/proizvodi/cosmos-lac-easy-max-cl-921-400-ml-easy-max-marble-effect-921-black","https://carsystemirm.com/proizvodi/grupa/cosmos-lac-easy-max","index","","Produkcioni self-reference"
"/proizvodi/cosmos-lac-easy-max-cl-922-400-ml-easy-max-marble-effect-922-gold","https://carsystemirm.com/proizvodi/grupa/cosmos-lac-easy-max","index","","Produkcioni self-reference"
"/proizvodi/cosmos-lac-easy-max-cl-923-400-ml-easy-max-marble-effect-923-silver","https://carsystemirm.com/proizvodi/grupa/cosmos-lac-easy-max","index","","Produkcioni self-reference"
"/proizvodi/cosmos-lac-easy-max-cl-930-400-ml-easy-max-granite-effect-930-grey","https://carsystemirm.com/proizvodi/grupa/cosmos-lac-easy-max","index","","Produkcioni self-reference"
"/proizvodi/cosmos-lac-easy-max-cl-931-400-ml-easy-max-granite-effect-931-beige","https://carsystemirm.com/proizvodi/grupa/cosmos-lac-easy-max","index","","Produkcioni self-reference"
"/proizvodi/cosmos-lac-easy-max-cl-932-400-ml-easy-max-granite-effect-932-terraccota","https://carsystemirm.com/proizvodi/grupa/cosmos-lac-easy-max","index","","Produkcioni self-reference"
"/proizvodi/cosmos-lac-easy-max-cl-933-400-ml-easy-max-granite-effect-933-black","https://carsystemirm.com/proizvodi/grupa/cosmos-lac-easy-max","index","","Produkcioni self-reference"
"/proizvodi/cosmos-lac-easy-max-cl-940-400-ml-easy-max-sand-effect-940-beige","https://carsystemirm.com/proizvodi/grupa/cosmos-lac-easy-max","index","","Produkcioni self-reference"
"/proizvodi/cosmos-lac-easy-max-cl-941-400-ml-easy-max-sand-effect-941-grey","https://carsystemirm.com/proizvodi/grupa/cosmos-lac-easy-max","index","","Produkcioni self-reference"
"/proizvodi/cosmos-lac-effect-450-400-ml-chrome-effect-450","https://carsystemirm.com/proizvodi/cosmos-lac-effect-450-400-ml-chrome-effect-450","index","","Produkcioni self-reference"
"/proizvodi/cosmos-lac-effect-451-400-ml-gold-effect-451","https://carsystemirm.com/proizvodi/cosmos-lac-effect-451-400-ml-gold-effect-451","index","","Produkcioni self-reference"
"/proizvodi/cosmos-lac-fast-acrylic-r307-sjaj-400-ml-fast-acrylic-r307-bright-silver","https://carsystemirm.com/proizvodi/grupa/cosmos-lac-fast-acrylic","index","","Produkcioni self-reference"
"/proizvodi/cosmos-lac-fast-acrylic-r308-sjaj-400-ml-fast-acrylic-r308-bright-gold","https://carsystemirm.com/proizvodi/grupa/cosmos-lac-fast-acrylic","index","","Produkcioni self-reference"
"/proizvodi/cosmos-lac-fast-acrylic-ral-1007-sjaj-400-ml-fast-acrylic-ral-1007-daffodil-yellow","https://carsystemirm.com/proizvodi/grupa/cosmos-lac-fast-acrylic","index","","Produkcioni self-reference"
"/proizvodi/cosmos-lac-fast-acrylic-ral-1015-sjaj-400-ml-fast-acrylic-ral-1015-light-ivory","https://carsystemirm.com/proizvodi/grupa/cosmos-lac-fast-acrylic","index","","Produkcioni self-reference"
"/proizvodi/cosmos-lac-fast-acrylic-ral-1018-sjaj-400-ml-fast-acrylic-ral-1018-zinc-yellow","https://carsystemirm.com/proizvodi/grupa/cosmos-lac-fast-acrylic","index","","Produkcioni self-reference"
"/proizvodi/cosmos-lac-fast-acrylic-ral-2003-sjaj-400-ml-fast-acrylic-ral-2003-pastel-orange","https://carsystemirm.com/proizvodi/grupa/cosmos-lac-fast-acrylic","index","","Produkcioni self-reference"
"/proizvodi/cosmos-lac-fast-acrylic-ral-2010-sjaj-400-ml-fast-acrylic-ral-2010-signal-orange","https://carsystemirm.com/proizvodi/grupa/cosmos-lac-fast-acrylic","index","","Produkcioni self-reference"
"/proizvodi/cosmos-lac-fast-acrylic-ral-3000-sjaj-400-ml-fast-acrylic-ral-3000-flame-red","https://carsystemirm.com/proizvodi/grupa/cosmos-lac-fast-acrylic","index","","Produkcioni self-reference"
"/proizvodi/cosmos-lac-fast-acrylic-ral-3002-sjaj-400-ml-fast-acrylic-ral-3002-carmine-red","https://carsystemirm.com/proizvodi/grupa/cosmos-lac-fast-acrylic","index","","Produkcioni self-reference"
"/proizvodi/cosmos-lac-fast-acrylic-ral-3003-sjaj-400-ml-fast-acrylic-ral-3003-ruby-red","https://carsystemirm.com/proizvodi/grupa/cosmos-lac-fast-acrylic","index","","Produkcioni self-reference"
"/proizvodi/cosmos-lac-fast-acrylic-ral-3004-sjaj-400-ml-fast-acrylic-ral-3004-purple-red","https://carsystemirm.com/proizvodi/grupa/cosmos-lac-fast-acrylic","index","","Produkcioni self-reference"
"/proizvodi/cosmos-lac-fast-acrylic-ral-5010-sjaj-400-ml-fast-acrylic-ral-5010-gentian-blue","https://carsystemirm.com/proizvodi/grupa/cosmos-lac-fast-acrylic","index","","Produkcioni self-reference"
"/proizvodi/cosmos-lac-fast-acrylic-ral-5012-sjaj-400-ml-fast-acrylic-ral-5012-light-blue","https://carsystemirm.com/proizvodi/grupa/cosmos-lac-fast-acrylic","index","","Produkcioni self-reference"
"/proizvodi/cosmos-lac-fast-acrylic-ral-5013-sjaj-400-ml-fast-acrylic-ral-5013-cobalt-blue","https://carsystemirm.com/proizvodi/grupa/cosmos-lac-fast-acrylic","index","","Produkcioni self-reference"
"/proizvodi/cosmos-lac-fast-acrylic-ral-5017-sjaj-400-ml-fast-acrylic-ral-5017-traffic-blue","https://carsystemirm.com/proizvodi/grupa/cosmos-lac-fast-acrylic","index","","Produkcioni self-reference"
"/proizvodi/cosmos-lac-fast-acrylic-ral-6001-sjaj-400-ml-fast-acrylic-ral-6001-emerald-green","https://carsystemirm.com/proizvodi/grupa/cosmos-lac-fast-acrylic","index","","Produkcioni self-reference"
"/proizvodi/cosmos-lac-fast-acrylic-ral-6002-sjaj-400-ml-fast-acrylic-ral-6002-leaf-green","https://carsystemirm.com/proizvodi/grupa/cosmos-lac-fast-acrylic","index","","Produkcioni self-reference"
"/proizvodi/cosmos-lac-fast-acrylic-ral-6005-sjaj-400-ml-fast-acrylic-ral-6005-moss-green","https://carsystemirm.com/proizvodi/grupa/cosmos-lac-fast-acrylic","index","","Produkcioni self-reference"
"/proizvodi/cosmos-lac-fast-acrylic-ral-6018-sjaj-400-ml-fast-acrylic-ral-6018-yellow-green","https://carsystemirm.com/proizvodi/grupa/cosmos-lac-fast-acrylic","index","","Produkcioni self-reference"
"/proizvodi/cosmos-lac-fast-acrylic-ral-7011-sjaj-400-ml-fast-acrylic-ral-7011-iron-grey","https://carsystemirm.com/proizvodi/grupa/cosmos-lac-fast-acrylic","index","","Produkcioni self-reference"
"/proizvodi/cosmos-lac-fast-acrylic-ral-7016-sjaj-400-ml-fast-acrylic-ral-7016-anthracite-grey","https://carsystemirm.com/proizvodi/grupa/cosmos-lac-fast-acrylic","index","","Produkcioni self-reference"
"/proizvodi/cosmos-lac-fast-acrylic-ral-7042-sjaj-400-ml-fast-acrylic-ral-7042-traffic-grey-a","https://carsystemirm.com/proizvodi/grupa/cosmos-lac-fast-acrylic","index","","Produkcioni self-reference"
"/proizvodi/cosmos-lac-fast-acrylic-ral-8003-sjaj-400-ml-fast-acrylic-ral-8003-clay-brown","https://carsystemirm.com/proizvodi/grupa/cosmos-lac-fast-acrylic","index","","Produkcioni self-reference"
"/proizvodi/cosmos-lac-fast-acrylic-ral-8011-sjaj-400-ml-fast-acrylic-ral-8011-nut-brown","https://carsystemirm.com/proizvodi/grupa/cosmos-lac-fast-acrylic","index","","Produkcioni self-reference"
"/proizvodi/cosmos-lac-fast-acrylic-ral-8017-sjaj-400-ml-fast-acrylic-ral-8017-chocolate-brown","https://carsystemirm.com/proizvodi/grupa/cosmos-lac-fast-acrylic","index","","Produkcioni self-reference"
"/proizvodi/cosmos-lac-fast-acrylic-ral-9005-mat-400-ml-fast-acrylic-ral-9005-matt-black","https://carsystemirm.com/proizvodi/grupa/cosmos-lac-fast-acrylic","index","","Produkcioni self-reference"
"/proizvodi/cosmos-lac-fast-acrylic-ral-9005-sjaj-400-ml-fast-acrylic-ral-9005-gloss-black","https://carsystemirm.com/proizvodi/grupa/cosmos-lac-fast-acrylic","index","","Produkcioni self-reference"
"/proizvodi/cosmos-lac-fast-acrylic-ral-9010-mat-400-ml-fast-acrylic-ral-9010-matt-white","https://carsystemirm.com/proizvodi/grupa/cosmos-lac-fast-acrylic","index","","Produkcioni self-reference"
"/proizvodi/cosmos-lac-fast-acrylic-ral-9010-sjaj-400-ml-fast-acrylic-ral-9010-gloss-white","https://carsystemirm.com/proizvodi/grupa/cosmos-lac-fast-acrylic","index","","Produkcioni self-reference"
"/proizvodi/cosmos-lac-flame-blue-fb-100-400-ml-flame-blue-fb-100-vanilla","https://carsystemirm.com/proizvodi/grupa/cosmos-lac-flame-blue","index","","Produkcioni self-reference"
"/proizvodi/cosmos-lac-flame-blue-fb-1000-400-ml-flame-blue-fb-1000-fluo-yellow","https://carsystemirm.com/proizvodi/grupa/cosmos-lac-flame-blue","index","","Produkcioni self-reference"
"/proizvodi/cosmos-lac-flame-blue-fb-1002-400-ml-flame-blue-fb-1002-fluo-orange","https://carsystemirm.com/proizvodi/grupa/cosmos-lac-flame-blue","index","","Produkcioni self-reference"
"/proizvodi/cosmos-lac-flame-blue-fb-1004-400-ml-flame-blue-fb-1004-fluo-pink","https://carsystemirm.com/proizvodi/grupa/cosmos-lac-flame-blue","index","","Produkcioni self-reference"
"/proizvodi/cosmos-lac-flame-blue-fb-1006-400-ml-flame-blue-fb-1006-fluo-green","https://carsystemirm.com/proizvodi/grupa/cosmos-lac-flame-blue","index","","Produkcioni self-reference"
"/proizvodi/cosmos-lac-flame-blue-fb-102-400-ml-flame-blue-fb-102-zinc-yellow","https://carsystemirm.com/proizvodi/grupa/cosmos-lac-flame-blue","index","","Produkcioni self-reference"
"/proizvodi/cosmos-lac-flame-blue-fb-104-400-ml-flame-blue-fb-104-cadmium-yellow","https://carsystemirm.com/proizvodi/grupa/cosmos-lac-flame-blue","index","","Produkcioni self-reference"
"/proizvodi/cosmos-lac-flame-blue-fb-106-400-ml-flame-blue-fb-106-signal-yellow","https://carsystemirm.com/proizvodi/grupa/cosmos-lac-flame-blue","index","","Produkcioni self-reference"
"/proizvodi/cosmos-lac-flame-blue-fb-110-400-ml-flame-blue-fb-110-melon-yellow","https://carsystemirm.com/proizvodi/grupa/cosmos-lac-flame-blue","index","","Produkcioni self-reference"
"/proizvodi/cosmos-lac-flame-blue-fb-112-400-ml-flame-blue-fb-112-saffron","https://carsystemirm.com/proizvodi/grupa/cosmos-lac-flame-blue","index","","Produkcioni self-reference"
"/proizvodi/cosmos-lac-flame-blue-fb-114-400-ml-flame-blue-fb-114-dahlia","https://carsystemirm.com/proizvodi/grupa/cosmos-lac-flame-blue","index","","Produkcioni self-reference"
"/proizvodi/cosmos-lac-flame-blue-fb-200-400-ml-flame-blue-fb-200-peach","https://carsystemirm.com/proizvodi/grupa/cosmos-lac-flame-blue","index","","Produkcioni self-reference"
"/proizvodi/cosmos-lac-flame-blue-fb-202-400-ml-flame-blue-fb-202-pastel-orange","https://carsystemirm.com/proizvodi/grupa/cosmos-lac-flame-blue","index","","Produkcioni self-reference"
"/proizvodi/cosmos-lac-flame-blue-fb-204-400-ml-flame-blue-fb-204-light-orange","https://carsystemirm.com/proizvodi/grupa/cosmos-lac-flame-blue","index","","Produkcioni self-reference"
"/proizvodi/cosmos-lac-flame-blue-fb-208-400-ml-flame-blue-fb-208-cold-peach","https://carsystemirm.com/proizvodi/grupa/cosmos-lac-flame-blue","index","","Produkcioni self-reference"
"/proizvodi/cosmos-lac-flame-blue-fb-210-400-ml-flame-blue-fb-210-apricot","https://carsystemirm.com/proizvodi/grupa/cosmos-lac-flame-blue","index","","Produkcioni self-reference"
"/proizvodi/cosmos-lac-flame-blue-fb-212-400-ml-flame-blue-fb-212-orange","https://carsystemirm.com/proizvodi/grupa/cosmos-lac-flame-blue","index","","Produkcioni self-reference"
"/proizvodi/cosmos-lac-flame-blue-fb-214-400-ml-flame-blue-fb-214-red-orange","https://carsystemirm.com/proizvodi/grupa/cosmos-lac-flame-blue","index","","Produkcioni self-reference"
"/proizvodi/cosmos-lac-flame-blue-fb-3000-providna-400-ml-flame-blue-fb-3000-transparent-white","https://carsystemirm.com/proizvodi/grupa/cosmos-lac-flame-blue","index","","Produkcioni self-reference"
"/proizvodi/cosmos-lac-flame-blue-fb-3004-providna-400-ml-flame-blue-fb-3004-transparent-black","https://carsystemirm.com/proizvodi/grupa/cosmos-lac-flame-blue","index","","Produkcioni self-reference"
"/proizvodi/cosmos-lac-flame-blue-fb-304-400-ml-flame-blue-fb-304-signal-red","https://carsystemirm.com/proizvodi/grupa/cosmos-lac-flame-blue","index","","Produkcioni self-reference"
"/proizvodi/cosmos-lac-flame-blue-fb-306-400-ml-flame-blue-fb-306-ruby-red","https://carsystemirm.com/proizvodi/grupa/cosmos-lac-flame-blue","index","","Produkcioni self-reference"
"/proizvodi/cosmos-lac-flame-blue-fb-308-400-ml-flame-blue-fb-308-piglet-pink-light","https://carsystemirm.com/proizvodi/grupa/cosmos-lac-flame-blue","index","","Produkcioni self-reference"
"/proizvodi/cosmos-lac-flame-blue-fb-310-400-ml-flame-blue-fb-310-piglet-pink","https://carsystemirm.com/proizvodi/grupa/cosmos-lac-flame-blue","index","","Produkcioni self-reference"
"/proizvodi/cosmos-lac-flame-blue-fb-311-400-ml-flame-blue-fb-311-crazy-cherry","https://carsystemirm.com/proizvodi/grupa/cosmos-lac-flame-blue","index","","Produkcioni self-reference"
"/proizvodi/cosmos-lac-flame-blue-fb-312-400-ml-flame-blue-fb-312-fire-red","https://carsystemirm.com/proizvodi/grupa/cosmos-lac-flame-blue","index","","Produkcioni self-reference"
"/proizvodi/cosmos-lac-flame-blue-fb-313-400-ml-flame-blue-fb-313-cherry-dark","https://carsystemirm.com/proizvodi/grupa/cosmos-lac-flame-blue","index","","Produkcioni self-reference"
"/proizvodi/cosmos-lac-flame-blue-fb-318-400-ml-flame-blue-fb-318-traffic-purple-dark","https://carsystemirm.com/proizvodi/grupa/cosmos-lac-flame-blue","index","","Produkcioni self-reference"
"/proizvodi/cosmos-lac-flame-blue-fb-320-400-ml-flame-blue-fb-320-burgundy","https://carsystemirm.com/proizvodi/grupa/cosmos-lac-flame-blue","index","","Produkcioni self-reference"
"/proizvodi/cosmos-lac-flame-blue-fb-322-400-ml-flame-blue-fb-322-aubergine","https://carsystemirm.com/proizvodi/grupa/cosmos-lac-flame-blue","index","","Produkcioni self-reference"
"/proizvodi/cosmos-lac-flame-blue-fb-399-400-ml-flame-blue-fb-399-erica-violet-light","https://carsystemirm.com/proizvodi/grupa/cosmos-lac-flame-blue","index","","Produkcioni self-reference"
"/proizvodi/cosmos-lac-flame-blue-fb-400-400-ml-flame-blue-fb-400-erica-violet","https://carsystemirm.com/proizvodi/grupa/cosmos-lac-flame-blue","index","","Produkcioni self-reference"
"/proizvodi/cosmos-lac-flame-blue-fb-401-400-ml-flame-blue-fb-401-erica-pastel","https://carsystemirm.com/proizvodi/grupa/cosmos-lac-flame-blue","index","","Produkcioni self-reference"
"/proizvodi/cosmos-lac-flame-blue-fb-402-400-ml-flame-blue-fb-402-telemagenta","https://carsystemirm.com/proizvodi/grupa/cosmos-lac-flame-blue","index","","Produkcioni self-reference"
"/proizvodi/cosmos-lac-flame-blue-fb-404-400-ml-flame-blue-fb-404-traffic-purple","https://carsystemirm.com/proizvodi/grupa/cosmos-lac-flame-blue","index","","Produkcioni self-reference"
"/proizvodi/cosmos-lac-flame-blue-fb-406-400-ml-flame-blue-fb-406-lavender","https://carsystemirm.com/proizvodi/grupa/cosmos-lac-flame-blue","index","","Produkcioni self-reference"
"/proizvodi/cosmos-lac-flame-blue-fb-408-400-ml-flame-blue-fb-408-grape","https://carsystemirm.com/proizvodi/grupa/cosmos-lac-flame-blue","index","","Produkcioni self-reference"
"/proizvodi/cosmos-lac-flame-blue-fb-410-400-ml-flame-blue-fb-410-blackberry","https://carsystemirm.com/proizvodi/grupa/cosmos-lac-flame-blue","index","","Produkcioni self-reference"
"/proizvodi/cosmos-lac-flame-blue-fb-412-400-ml-flame-blue-fb-412-currant","https://carsystemirm.com/proizvodi/grupa/cosmos-lac-flame-blue","index","","Produkcioni self-reference"
"/proizvodi/cosmos-lac-flame-blue-fb-414-400-ml-flame-blue-fb-414-viola-pastel","https://carsystemirm.com/proizvodi/grupa/cosmos-lac-flame-blue","index","","Produkcioni self-reference"
"/proizvodi/cosmos-lac-flame-blue-fb-416-400-ml-flame-blue-fb-416-viola-light","https://carsystemirm.com/proizvodi/grupa/cosmos-lac-flame-blue","index","","Produkcioni self-reference"
"/proizvodi/cosmos-lac-flame-blue-fb-418-400-ml-flame-blue-fb-418-viola","https://carsystemirm.com/proizvodi/grupa/cosmos-lac-flame-blue","index","","Produkcioni self-reference"
"/proizvodi/cosmos-lac-flame-blue-fb-420-400-ml-flame-blue-fb-420-viola-dark","https://carsystemirm.com/proizvodi/grupa/cosmos-lac-flame-blue","index","","Produkcioni self-reference"
"/proizvodi/cosmos-lac-flame-blue-fb-424-400-ml-flame-blue-fb-424-cosmos-blue-light","https://carsystemirm.com/proizvodi/grupa/cosmos-lac-flame-blue","index","","Produkcioni self-reference"
"/proizvodi/cosmos-lac-flame-blue-fb-426-400-ml-flame-blue-fb-426-cosmos-blue","https://carsystemirm.com/proizvodi/grupa/cosmos-lac-flame-blue","index","","Produkcioni self-reference"
"/proizvodi/cosmos-lac-flame-blue-fb-428-400-ml-flame-blue-fb-428-cosmos-blue-dark","https://carsystemirm.com/proizvodi/grupa/cosmos-lac-flame-blue","index","","Produkcioni self-reference"
"/proizvodi/cosmos-lac-flame-blue-fb-502-400-ml-flame-blue-fb-502-lighting-blue","https://carsystemirm.com/proizvodi/grupa/cosmos-lac-flame-blue","index","","Produkcioni self-reference"
"/proizvodi/cosmos-lac-flame-blue-fb-504-400-ml-flame-blue-fb-504-light-blue-light","https://carsystemirm.com/proizvodi/grupa/cosmos-lac-flame-blue","index","","Produkcioni self-reference"
"/proizvodi/cosmos-lac-flame-blue-fb-508-400-ml-flame-blue-fb-508-light-blue","https://carsystemirm.com/proizvodi/grupa/cosmos-lac-flame-blue","index","","Produkcioni self-reference"
"/proizvodi/cosmos-lac-flame-blue-fb-510-400-ml-flame-blue-fb-510-sky-blue","https://carsystemirm.com/proizvodi/grupa/cosmos-lac-flame-blue","index","","Produkcioni self-reference"
"/proizvodi/cosmos-lac-flame-blue-fb-512-400-ml-flame-blue-fb-512-signal-blue","https://carsystemirm.com/proizvodi/grupa/cosmos-lac-flame-blue","index","","Produkcioni self-reference"
"/proizvodi/cosmos-lac-flame-blue-fb-514-400-ml-flame-blue-fb-514-true-blue","https://carsystemirm.com/proizvodi/grupa/cosmos-lac-flame-blue","index","","Produkcioni self-reference"
"/proizvodi/cosmos-lac-flame-blue-fb-516-400-ml-flame-blue-fb-516-cream-blue-light","https://carsystemirm.com/proizvodi/grupa/cosmos-lac-flame-blue","index","","Produkcioni self-reference"
"/proizvodi/cosmos-lac-flame-blue-fb-518-400-ml-flame-blue-fb-518-cream-blue","https://carsystemirm.com/proizvodi/grupa/cosmos-lac-flame-blue","index","","Produkcioni self-reference"
"/proizvodi/cosmos-lac-flame-blue-fb-520-400-ml-flame-blue-fb-520-cream-blue-dark","https://carsystemirm.com/proizvodi/grupa/cosmos-lac-flame-blue","index","","Produkcioni self-reference"
"/proizvodi/cosmos-lac-flame-blue-fb-522-400-ml-flame-blue-fb-522-sapphire-blue","https://carsystemirm.com/proizvodi/grupa/cosmos-lac-flame-blue","index","","Produkcioni self-reference"
"/proizvodi/cosmos-lac-flame-blue-fb-524-400-ml-flame-blue-fb-524-denim-blue-pastel","https://carsystemirm.com/proizvodi/grupa/cosmos-lac-flame-blue","index","","Produkcioni self-reference"
"/proizvodi/cosmos-lac-flame-blue-fb-526-400-ml-flame-blue-fb-526-denim-blue-light","https://carsystemirm.com/proizvodi/grupa/cosmos-lac-flame-blue","index","","Produkcioni self-reference"
"/proizvodi/cosmos-lac-flame-blue-fb-528-400-ml-flame-blue-fb-528-denim-blue","https://carsystemirm.com/proizvodi/grupa/cosmos-lac-flame-blue","index","","Produkcioni self-reference"
"/proizvodi/cosmos-lac-flame-blue-fb-530-400-ml-flame-blue-fb-530-denim-blue-dark","https://carsystemirm.com/proizvodi/grupa/cosmos-lac-flame-blue","index","","Produkcioni self-reference"
"/proizvodi/cosmos-lac-flame-blue-fb-600-400-ml-flame-blue-fb-600-riviera-light","https://carsystemirm.com/proizvodi/grupa/cosmos-lac-flame-blue","index","","Produkcioni self-reference"
"/proizvodi/cosmos-lac-flame-blue-fb-602-400-ml-flame-blue-fb-602-riviera","https://carsystemirm.com/proizvodi/grupa/cosmos-lac-flame-blue","index","","Produkcioni self-reference"
"/proizvodi/cosmos-lac-flame-blue-fb-604-400-ml-flame-blue-fb-604-lagoon-blue","https://carsystemirm.com/proizvodi/grupa/cosmos-lac-flame-blue","index","","Produkcioni self-reference"
"/proizvodi/cosmos-lac-flame-blue-fb-606-400-ml-flame-blue-fb-606-ocean-blue","https://carsystemirm.com/proizvodi/grupa/cosmos-lac-flame-blue","index","","Produkcioni self-reference"
"/proizvodi/cosmos-lac-flame-blue-fb-614-400-ml-flame-blue-fb-614-aqua-pastel","https://carsystemirm.com/proizvodi/grupa/cosmos-lac-flame-blue","index","","Produkcioni self-reference"
"/proizvodi/cosmos-lac-flame-blue-fb-616-400-ml-flame-blue-fb-616-aqua-light","https://carsystemirm.com/proizvodi/grupa/cosmos-lac-flame-blue","index","","Produkcioni self-reference"
"/proizvodi/cosmos-lac-flame-blue-fb-618-400-ml-flame-blue-fb-618-aqua","https://carsystemirm.com/proizvodi/grupa/cosmos-lac-flame-blue","index","","Produkcioni self-reference"
"/proizvodi/cosmos-lac-flame-blue-fb-620-400-ml-flame-blue-fb-620-aqua-dark","https://carsystemirm.com/proizvodi/grupa/cosmos-lac-flame-blue","index","","Produkcioni self-reference"
"/proizvodi/cosmos-lac-flame-blue-fb-624-400-ml-flame-blue-fb-624-pistachio-light","https://carsystemirm.com/proizvodi/grupa/cosmos-lac-flame-blue","index","","Produkcioni self-reference"
"/proizvodi/cosmos-lac-flame-blue-fb-626-400-ml-flame-blue-fb-626-pistachio","https://carsystemirm.com/proizvodi/grupa/cosmos-lac-flame-blue","index","","Produkcioni self-reference"
"/proizvodi/cosmos-lac-flame-blue-fb-628-400-ml-flame-blue-fb-628-grass-green","https://carsystemirm.com/proizvodi/grupa/cosmos-lac-flame-blue","index","","Produkcioni self-reference"
"/proizvodi/cosmos-lac-flame-blue-fb-630-400-ml-flame-blue-fb-630-fern-green","https://carsystemirm.com/proizvodi/grupa/cosmos-lac-flame-blue","index","","Produkcioni self-reference"
"/proizvodi/cosmos-lac-flame-blue-fb-632-400-ml-flame-blue-fb-632-leaf-green","https://carsystemirm.com/proizvodi/grupa/cosmos-lac-flame-blue","index","","Produkcioni self-reference"
"/proizvodi/cosmos-lac-flame-blue-fb-634-400-ml-flame-blue-fb-634-moss-green","https://carsystemirm.com/proizvodi/grupa/cosmos-lac-flame-blue","index","","Produkcioni self-reference"
"/proizvodi/cosmos-lac-flame-blue-fb-636-400-ml-flame-blue-fb-636-fir-green","https://carsystemirm.com/proizvodi/grupa/cosmos-lac-flame-blue","index","","Produkcioni self-reference"
"/proizvodi/cosmos-lac-flame-blue-fb-638-400-ml-flame-blue-fb-638-kiwi-pastel","https://carsystemirm.com/proizvodi/grupa/cosmos-lac-flame-blue","index","","Produkcioni self-reference"
"/proizvodi/cosmos-lac-flame-blue-fb-640-400-ml-flame-blue-fb-640-kiwi-light","https://carsystemirm.com/proizvodi/grupa/cosmos-lac-flame-blue","index","","Produkcioni self-reference"
"/proizvodi/cosmos-lac-flame-blue-fb-642-400-ml-flame-blue-fb-642-kiwi","https://carsystemirm.com/proizvodi/grupa/cosmos-lac-flame-blue","index","","Produkcioni self-reference"
"/proizvodi/cosmos-lac-flame-blue-fb-644-400-ml-flame-blue-fb-644-kiwi-dark","https://carsystemirm.com/proizvodi/grupa/cosmos-lac-flame-blue","index","","Produkcioni self-reference"
"/proizvodi/cosmos-lac-flame-blue-fb-654-400-ml-flame-blue-fb-654-primavera-green","https://carsystemirm.com/proizvodi/grupa/cosmos-lac-flame-blue","index","","Produkcioni self-reference"
"/proizvodi/cosmos-lac-flame-blue-fb-656-400-ml-flame-blue-fb-656-tarzan-green","https://carsystemirm.com/proizvodi/grupa/cosmos-lac-flame-blue","index","","Produkcioni self-reference"
"/proizvodi/cosmos-lac-flame-blue-fb-658-400-ml-flame-blue-fb-658-camo-green","https://carsystemirm.com/proizvodi/grupa/cosmos-lac-flame-blue","index","","Produkcioni self-reference"
"/proizvodi/cosmos-lac-flame-blue-fb-660-400-ml-flame-blue-fb-660-olive","https://carsystemirm.com/proizvodi/grupa/cosmos-lac-flame-blue","index","","Produkcioni self-reference"
"/proizvodi/cosmos-lac-flame-blue-fb-662-400-ml-flame-blue-fb-662-menthol-pastel","https://carsystemirm.com/proizvodi/grupa/cosmos-lac-flame-blue","index","","Produkcioni self-reference"
"/proizvodi/cosmos-lac-flame-blue-fb-664-400-ml-flame-blue-fb-664-menthol-light","https://carsystemirm.com/proizvodi/grupa/cosmos-lac-flame-blue","index","","Produkcioni self-reference"
"/proizvodi/cosmos-lac-flame-blue-fb-666-400-ml-flame-blue-fb-666-menthol","https://carsystemirm.com/proizvodi/grupa/cosmos-lac-flame-blue","index","","Produkcioni self-reference"
"/proizvodi/cosmos-lac-flame-blue-fb-668-400-ml-flame-blue-fb-668-menthol-dark","https://carsystemirm.com/proizvodi/grupa/cosmos-lac-flame-blue","index","","Produkcioni self-reference"
"/proizvodi/cosmos-lac-flame-blue-fb-670-400-ml-flame-blue-fb-670-turquoise-light","https://carsystemirm.com/proizvodi/grupa/cosmos-lac-flame-blue","index","","Produkcioni self-reference"
"/proizvodi/cosmos-lac-flame-blue-fb-672-400-ml-flame-blue-fb-672-turquoise","https://carsystemirm.com/proizvodi/grupa/cosmos-lac-flame-blue","index","","Produkcioni self-reference"
"/proizvodi/cosmos-lac-flame-blue-fb-674-400-ml-flame-blue-fb-674-turquoise-dark","https://carsystemirm.com/proizvodi/grupa/cosmos-lac-flame-blue","index","","Produkcioni self-reference"
"/proizvodi/cosmos-lac-flame-blue-fb-702-400-ml-flame-blue-fb-702-ivory-light","https://carsystemirm.com/proizvodi/grupa/cosmos-lac-flame-blue","index","","Produkcioni self-reference"
"/proizvodi/cosmos-lac-flame-blue-fb-704-400-ml-flame-blue-fb-704-beige-brown","https://carsystemirm.com/proizvodi/grupa/cosmos-lac-flame-blue","index","","Produkcioni self-reference"
"/proizvodi/cosmos-lac-flame-blue-fb-706-400-ml-flame-blue-fb-706-ocher","https://carsystemirm.com/proizvodi/grupa/cosmos-lac-flame-blue","index","","Produkcioni self-reference"
"/proizvodi/cosmos-lac-flame-blue-fb-708-400-ml-flame-blue-fb-708-nut","https://carsystemirm.com/proizvodi/grupa/cosmos-lac-flame-blue","index","","Produkcioni self-reference"
"/proizvodi/cosmos-lac-flame-blue-fb-710-400-ml-flame-blue-fb-710-chocolate","https://carsystemirm.com/proizvodi/grupa/cosmos-lac-flame-blue","index","","Produkcioni self-reference"
"/proizvodi/cosmos-lac-flame-blue-fb-716-400-ml-flame-blue-fb-716-cookie-dough-pastel","https://carsystemirm.com/proizvodi/grupa/cosmos-lac-flame-blue","index","","Produkcioni self-reference"
"/proizvodi/cosmos-lac-flame-blue-fb-717-400-ml-flame-blue-fb-717-cookie-dough","https://carsystemirm.com/proizvodi/grupa/cosmos-lac-flame-blue","index","","Produkcioni self-reference"
"/proizvodi/cosmos-lac-flame-blue-fb-718-400-ml-flame-blue-fb-718-macadamia-pastel","https://carsystemirm.com/proizvodi/grupa/cosmos-lac-flame-blue","index","","Produkcioni self-reference"
"/proizvodi/cosmos-lac-flame-blue-fb-719-400-ml-flame-blue-fb-719-macadamia","https://carsystemirm.com/proizvodi/grupa/cosmos-lac-flame-blue","index","","Produkcioni self-reference"
"/proizvodi/cosmos-lac-flame-blue-fb-732-400-ml-flame-blue-fb-732-grey-beige-light","https://carsystemirm.com/proizvodi/grupa/cosmos-lac-flame-blue","index","","Produkcioni self-reference"
"/proizvodi/cosmos-lac-flame-blue-fb-734-400-ml-flame-blue-fb-734-grey-beige","https://carsystemirm.com/proizvodi/grupa/cosmos-lac-flame-blue","index","","Produkcioni self-reference"
"/proizvodi/cosmos-lac-flame-blue-fb-736-400-ml-flame-blue-fb-736-khaki-grey","https://carsystemirm.com/proizvodi/grupa/cosmos-lac-flame-blue","index","","Produkcioni self-reference"
"/proizvodi/cosmos-lac-flame-blue-fb-738-400-ml-flame-blue-fb-738-dark-brown","https://carsystemirm.com/proizvodi/grupa/cosmos-lac-flame-blue","index","","Produkcioni self-reference"
"/proizvodi/cosmos-lac-flame-blue-fb-808-400-ml-flame-blue-fb-808-terracotta-grey-pastel","https://carsystemirm.com/proizvodi/grupa/cosmos-lac-flame-blue","index","","Produkcioni self-reference"
"/proizvodi/cosmos-lac-flame-blue-fb-810-400-ml-flame-blue-fb-810-terracotta-grey-light","https://carsystemirm.com/proizvodi/grupa/cosmos-lac-flame-blue","index","","Produkcioni self-reference"
"/proizvodi/cosmos-lac-flame-blue-fb-812-400-ml-flame-blue-fb-812-terracotta-grey","https://carsystemirm.com/proizvodi/grupa/cosmos-lac-flame-blue","index","","Produkcioni self-reference"
"/proizvodi/cosmos-lac-flame-blue-fb-820-400-ml-flame-blue-fb-820-violet-grey-middle","https://carsystemirm.com/proizvodi/grupa/cosmos-lac-flame-blue","index","","Produkcioni self-reference"
"/proizvodi/cosmos-lac-flame-blue-fb-822-400-ml-flame-blue-fb-822-violet-grey","https://carsystemirm.com/proizvodi/grupa/cosmos-lac-flame-blue","index","","Produkcioni self-reference"
"/proizvodi/cosmos-lac-flame-blue-fb-834-400-ml-flame-blue-fb-834-light-grey-neutral","https://carsystemirm.com/proizvodi/grupa/cosmos-lac-flame-blue","index","","Produkcioni self-reference"
"/proizvodi/cosmos-lac-flame-blue-fb-836-400-ml-flame-blue-fb-836-middle-grey-neutral","https://carsystemirm.com/proizvodi/grupa/cosmos-lac-flame-blue","index","","Produkcioni self-reference"
"/proizvodi/cosmos-lac-flame-blue-fb-838-400-ml-flame-blue-fb-838-grey-neutral","https://carsystemirm.com/proizvodi/grupa/cosmos-lac-flame-blue","index","","Produkcioni self-reference"
"/proizvodi/cosmos-lac-flame-blue-fb-840-400-ml-flame-blue-fb-840-dark-grey-neutral","https://carsystemirm.com/proizvodi/grupa/cosmos-lac-flame-blue","index","","Produkcioni self-reference"
"/proizvodi/cosmos-lac-flame-blue-fb-842-400-ml-flame-blue-fb-842-anthracite-grey-middle","https://carsystemirm.com/proizvodi/grupa/cosmos-lac-flame-blue","index","","Produkcioni self-reference"
"/proizvodi/cosmos-lac-flame-blue-fb-844-400-ml-flame-blue-fb-844-anthracite-grey","https://carsystemirm.com/proizvodi/grupa/cosmos-lac-flame-blue","index","","Produkcioni self-reference"
"/proizvodi/cosmos-lac-flame-blue-fb-846-400-ml-flame-blue-fb-846-anthracite-grey-dark","https://carsystemirm.com/proizvodi/grupa/cosmos-lac-flame-blue","index","","Produkcioni self-reference"
"/proizvodi/cosmos-lac-flame-blue-fb-900-400-ml-flame-blue-fb-900-pure-white","https://carsystemirm.com/proizvodi/grupa/cosmos-lac-flame-blue","index","","Produkcioni self-reference"
"/proizvodi/cosmos-lac-flame-blue-fb-902-400-ml-flame-blue-fb-902-ultra-chrome","https://carsystemirm.com/proizvodi/grupa/cosmos-lac-flame-blue","index","","Produkcioni self-reference"
"/proizvodi/cosmos-lac-flame-blue-fb-904-400-ml-flame-blue-fb-904-deep-black","https://carsystemirm.com/proizvodi/grupa/cosmos-lac-flame-blue","index","","Produkcioni self-reference"
"/proizvodi/cosmos-lac-flame-blue-fb-906-400-ml-flame-blue-fb-906-gold","https://carsystemirm.com/proizvodi/grupa/cosmos-lac-flame-blue","index","","Produkcioni self-reference"
"/proizvodi/cosmos-lac-flame-blue-fb-908-400-ml-flame-blue-fb-908-copper","https://carsystemirm.com/proizvodi/grupa/cosmos-lac-flame-blue","index","","Produkcioni self-reference"
"/proizvodi/cosmos-lac-flame-booster-b-901-500-ml-flame-booster-b-901-thick-black","https://carsystemirm.com/proizvodi/grupa/cosmos-lac-flame-booster","index","","Produkcioni self-reference"
"/proizvodi/cosmos-lac-flame-booster-b-902-500-ml-flame-booster-b-902-ultra-chrome","https://carsystemirm.com/proizvodi/grupa/cosmos-lac-flame-booster","index","","Produkcioni self-reference"
"/proizvodi/cosmos-lac-flame-orange-fo-100-400-ml-flame-orange-fo-100-vanilla","https://carsystemirm.com/proizvodi/grupa/cosmos-lac-flame-orange","index","","Produkcioni self-reference"
"/proizvodi/cosmos-lac-flame-orange-fo-102-400-ml-flame-orange-fo-102-zinc-yellow","https://carsystemirm.com/proizvodi/grupa/cosmos-lac-flame-orange","index","","Produkcioni self-reference"
"/proizvodi/cosmos-lac-flame-orange-fo-104-400-ml-flame-orange-fo-104-cadmium-yellow","https://carsystemirm.com/proizvodi/grupa/cosmos-lac-flame-orange","index","","Produkcioni self-reference"
"/proizvodi/cosmos-lac-flame-orange-fo-106-400-ml-flame-orange-fo-106-signal-yellow","https://carsystemirm.com/proizvodi/grupa/cosmos-lac-flame-orange","index","","Produkcioni self-reference"
"/proizvodi/cosmos-lac-flame-orange-fo-107-400-ml-flame-orange-fo-107-melon-light","https://carsystemirm.com/proizvodi/grupa/cosmos-lac-flame-orange","index","","Produkcioni self-reference"
"/proizvodi/cosmos-lac-flame-orange-fo-110-400-ml-flame-orange-fo-110-melon-yellow","https://carsystemirm.com/proizvodi/grupa/cosmos-lac-flame-orange","index","","Produkcioni self-reference"
"/proizvodi/cosmos-lac-flame-orange-fo-111-400-ml-flame-orange-fo-111-melon-dark","https://carsystemirm.com/proizvodi/grupa/cosmos-lac-flame-orange","index","","Produkcioni self-reference"
"/proizvodi/cosmos-lac-flame-orange-fo-113-400-ml-flame-orange-fo-113-curry","https://carsystemirm.com/proizvodi/grupa/cosmos-lac-flame-orange","index","","Produkcioni self-reference"
"/proizvodi/cosmos-lac-flame-orange-fo-198-400-ml-flame-orange-fo-198-peach-middle","https://carsystemirm.com/proizvodi/grupa/cosmos-lac-flame-orange","index","","Produkcioni self-reference"
"/proizvodi/cosmos-lac-flame-orange-fo-200-400-ml-flame-orange-fo-200-peach","https://carsystemirm.com/proizvodi/grupa/cosmos-lac-flame-orange","index","","Produkcioni self-reference"
"/proizvodi/cosmos-lac-flame-orange-fo-202-400-ml-flame-orange-fo-202-pastel-orange","https://carsystemirm.com/proizvodi/grupa/cosmos-lac-flame-orange","index","","Produkcioni self-reference"
"/proizvodi/cosmos-lac-flame-orange-fo-204-400-ml-flame-orange-fo-204-light-orange","https://carsystemirm.com/proizvodi/grupa/cosmos-lac-flame-orange","index","","Produkcioni self-reference"
"/proizvodi/cosmos-lac-flame-orange-fo-205-400-ml-flame-orange-fo-205-peach-dark","https://carsystemirm.com/proizvodi/grupa/cosmos-lac-flame-orange","index","","Produkcioni self-reference"
"/proizvodi/cosmos-lac-flame-orange-fo-208-400-ml-flame-orange-fo-208-cold-peach","https://carsystemirm.com/proizvodi/grupa/cosmos-lac-flame-orange","index","","Produkcioni self-reference"
"/proizvodi/cosmos-lac-flame-orange-fo-210-400-ml-flame-orange-fo-210-apricot","https://carsystemirm.com/proizvodi/grupa/cosmos-lac-flame-orange","index","","Produkcioni self-reference"
"/proizvodi/cosmos-lac-flame-orange-fo-212-400-ml-flame-orange-fo-212-orange","https://carsystemirm.com/proizvodi/grupa/cosmos-lac-flame-orange","index","","Produkcioni self-reference"
"/proizvodi/cosmos-lac-flame-orange-fo-214-400-ml-flame-orange-fo-214-red-orange","https://carsystemirm.com/proizvodi/grupa/cosmos-lac-flame-orange","index","","Produkcioni self-reference"
"/proizvodi/cosmos-lac-flame-orange-fo-303-400-ml-flame-orange-fo-303-red-pastel","https://carsystemirm.com/proizvodi/grupa/cosmos-lac-flame-orange","index","","Produkcioni self-reference"
"/proizvodi/cosmos-lac-flame-orange-fo-304-400-ml-flame-orange-fo-304-signal-red","https://carsystemirm.com/proizvodi/grupa/cosmos-lac-flame-orange","index","","Produkcioni self-reference"
"/proizvodi/cosmos-lac-flame-orange-fo-305-400-ml-flame-orange-fo-305-coral-red","https://carsystemirm.com/proizvodi/grupa/cosmos-lac-flame-orange","index","","Produkcioni self-reference"
"/proizvodi/cosmos-lac-flame-orange-fo-306-400-ml-flame-orange-fo-306-ruby-red","https://carsystemirm.com/proizvodi/grupa/cosmos-lac-flame-orange","index","","Produkcioni self-reference"
"/proizvodi/cosmos-lac-flame-orange-fo-307-400-ml-flame-orange-fo-307-coral","https://carsystemirm.com/proizvodi/grupa/cosmos-lac-flame-orange","index","","Produkcioni self-reference"
"/proizvodi/cosmos-lac-flame-orange-fo-308-400-ml-flame-orange-fo-308-piglet-pink-light","https://carsystemirm.com/proizvodi/grupa/cosmos-lac-flame-orange","index","","Produkcioni self-reference"
"/proizvodi/cosmos-lac-flame-orange-fo-309-400-ml-flame-orange-fo-309-piglet-pink-middle","https://carsystemirm.com/proizvodi/grupa/cosmos-lac-flame-orange","index","","Produkcioni self-reference"
"/proizvodi/cosmos-lac-flame-orange-fo-310-400-ml-flame-orange-fo-310-piglet-pink","https://carsystemirm.com/proizvodi/grupa/cosmos-lac-flame-orange","index","","Produkcioni self-reference"
"/proizvodi/cosmos-lac-flame-orange-fo-311-400-ml-flame-orange-fo-311-crazy-cherry","https://carsystemirm.com/proizvodi/grupa/cosmos-lac-flame-orange","index","","Produkcioni self-reference"
"/proizvodi/cosmos-lac-flame-orange-fo-312-400-ml-flame-orange-fo-312-fire-red","https://carsystemirm.com/proizvodi/grupa/cosmos-lac-flame-orange","index","","Produkcioni self-reference"
"/proizvodi/cosmos-lac-flame-orange-fo-313-400-ml-flame-orange-fo-313-cherry-dark","https://carsystemirm.com/proizvodi/grupa/cosmos-lac-flame-orange","index","","Produkcioni self-reference"
"/proizvodi/cosmos-lac-flame-orange-fo-318-400-ml-flame-orange-fo-318-traffic-purple-dark","https://carsystemirm.com/proizvodi/grupa/cosmos-lac-flame-orange","index","","Produkcioni self-reference"
"/proizvodi/cosmos-lac-flame-orange-fo-320-400-ml-flame-orange-fo-320-burgundy","https://carsystemirm.com/proizvodi/grupa/cosmos-lac-flame-orange","index","","Produkcioni self-reference"
"/proizvodi/cosmos-lac-flame-orange-fo-322-400-ml-flame-orange-fo-322-aubergine","https://carsystemirm.com/proizvodi/grupa/cosmos-lac-flame-orange","index","","Produkcioni self-reference"
"/proizvodi/cosmos-lac-flame-orange-fo-323-400-ml-flame-orange-fo-323-aubergine-dark","https://carsystemirm.com/proizvodi/grupa/cosmos-lac-flame-orange","index","","Produkcioni self-reference"
"/proizvodi/cosmos-lac-flame-orange-fo-396-400-ml-flame-orange-fo-396-violet","https://carsystemirm.com/proizvodi/grupa/cosmos-lac-flame-orange","index","","Produkcioni self-reference"
"/proizvodi/cosmos-lac-flame-orange-fo-397-400-ml-flame-orange-fo-397-crazy-violet","https://carsystemirm.com/proizvodi/grupa/cosmos-lac-flame-orange","index","","Produkcioni self-reference"
"/proizvodi/cosmos-lac-flame-orange-fo-398-400-ml-flame-orange-fo-398-deep-violet","https://carsystemirm.com/proizvodi/grupa/cosmos-lac-flame-orange","index","","Produkcioni self-reference"
"/proizvodi/cosmos-lac-flame-orange-fo-399-400-ml-flame-orange-fo-399-erica-violet-light","https://carsystemirm.com/proizvodi/grupa/cosmos-lac-flame-orange","index","","Produkcioni self-reference"
"/proizvodi/cosmos-lac-flame-orange-fo-400-400-ml-flame-orange-fo-400-erica-violet","https://carsystemirm.com/proizvodi/grupa/cosmos-lac-flame-orange","index","","Produkcioni self-reference"
"/proizvodi/cosmos-lac-flame-orange-fo-401-400-ml-flame-orange-fo-401-erica-pastel","https://carsystemirm.com/proizvodi/grupa/cosmos-lac-flame-orange","index","","Produkcioni self-reference"
"/proizvodi/cosmos-lac-flame-orange-fo-402-400-ml-flame-orange-fo-402-telemagenta","https://carsystemirm.com/proizvodi/grupa/cosmos-lac-flame-orange","index","","Produkcioni self-reference"
"/proizvodi/cosmos-lac-flame-orange-fo-403-400-ml-flame-orange-fo-403-deep-violet-dark","https://carsystemirm.com/proizvodi/grupa/cosmos-lac-flame-orange","index","","Produkcioni self-reference"
"/proizvodi/cosmos-lac-flame-orange-fo-404-400-ml-flame-orange-fo-404-traffic-purple","https://carsystemirm.com/proizvodi/grupa/cosmos-lac-flame-orange","index","","Produkcioni self-reference"
"/proizvodi/cosmos-lac-flame-orange-fo-405-400-ml-flame-orange-fo-405-erica-pastel-middle","https://carsystemirm.com/proizvodi/grupa/cosmos-lac-flame-orange","index","","Produkcioni self-reference"
"/proizvodi/cosmos-lac-flame-orange-fo-407-400-ml-flame-orange-fo-407-erica-violet-middle","https://carsystemirm.com/proizvodi/grupa/cosmos-lac-flame-orange","index","","Produkcioni self-reference"
"/proizvodi/cosmos-lac-flame-orange-fo-408-400-ml-flame-orange-fo-408-grape","https://carsystemirm.com/proizvodi/grupa/cosmos-lac-flame-orange","index","","Produkcioni self-reference"
"/proizvodi/cosmos-lac-flame-orange-fo-409-400-ml-flame-orange-fo-409-erica-pink","https://carsystemirm.com/proizvodi/grupa/cosmos-lac-flame-orange","index","","Produkcioni self-reference"
"/proizvodi/cosmos-lac-flame-orange-fo-410-400-ml-flame-orange-fo-410-blackberry","https://carsystemirm.com/proizvodi/grupa/cosmos-lac-flame-orange","index","","Produkcioni self-reference"
"/proizvodi/cosmos-lac-flame-orange-fo-412-400-ml-flame-orange-fo-412-currant","https://carsystemirm.com/proizvodi/grupa/cosmos-lac-flame-orange","index","","Produkcioni self-reference"
"/proizvodi/cosmos-lac-flame-orange-fo-415-400-ml-flame-orange-fo-415-crocus","https://carsystemirm.com/proizvodi/grupa/cosmos-lac-flame-orange","index","","Produkcioni self-reference"
"/proizvodi/cosmos-lac-flame-orange-fo-416-400-ml-flame-orange-fo-416-viola-light","https://carsystemirm.com/proizvodi/grupa/cosmos-lac-flame-orange","index","","Produkcioni self-reference"
"/proizvodi/cosmos-lac-flame-orange-fo-418-400-ml-flame-orange-fo-418-viola","https://carsystemirm.com/proizvodi/grupa/cosmos-lac-flame-orange","index","","Produkcioni self-reference"
"/proizvodi/cosmos-lac-flame-orange-fo-420-400-ml-flame-orange-fo-420-viola-dark","https://carsystemirm.com/proizvodi/grupa/cosmos-lac-flame-orange","index","","Produkcioni self-reference"
"/proizvodi/cosmos-lac-flame-orange-fo-422-400-ml-flame-orange-fo-422-cosmos-blue-pastel","https://carsystemirm.com/proizvodi/grupa/cosmos-lac-flame-orange","index","","Produkcioni self-reference"
"/proizvodi/cosmos-lac-flame-orange-fo-424-400-ml-flame-orange-fo-424-cosmos-blue-light","https://carsystemirm.com/proizvodi/grupa/cosmos-lac-flame-orange","index","","Produkcioni self-reference"
"/proizvodi/cosmos-lac-flame-orange-fo-426-400-ml-flame-orange-fo-426-cosmos-blue","https://carsystemirm.com/proizvodi/grupa/cosmos-lac-flame-orange","index","","Produkcioni self-reference"
"/proizvodi/cosmos-lac-flame-orange-fo-428-400-ml-flame-orange-fo-428-cosmos-blue-dark","https://carsystemirm.com/proizvodi/grupa/cosmos-lac-flame-orange","index","","Produkcioni self-reference"
"/proizvodi/cosmos-lac-flame-orange-fo-502-400-ml-flame-orange-fo-502-lighting-blue","https://carsystemirm.com/proizvodi/grupa/cosmos-lac-flame-orange","index","","Produkcioni self-reference"
"/proizvodi/cosmos-lac-flame-orange-fo-504-400-ml-flame-orange-fo-504-light-blue-light","https://carsystemirm.com/proizvodi/grupa/cosmos-lac-flame-orange","index","","Produkcioni self-reference"
"/proizvodi/cosmos-lac-flame-orange-fo-508-400-ml-flame-orange-fo-508-light-blue","https://carsystemirm.com/proizvodi/grupa/cosmos-lac-flame-orange","index","","Produkcioni self-reference"
"/proizvodi/cosmos-lac-flame-orange-fo-510-400-ml-flame-orange-fo-510-sky-blue","https://carsystemirm.com/proizvodi/grupa/cosmos-lac-flame-orange","index","","Produkcioni self-reference"
"/proizvodi/cosmos-lac-flame-orange-fo-511-400-ml-flame-orange-fo-511-crazy-blue","https://carsystemirm.com/proizvodi/grupa/cosmos-lac-flame-orange","index","","Produkcioni self-reference"
"/proizvodi/cosmos-lac-flame-orange-fo-512-400-ml-flame-orange-fo-512-signal-blue","https://carsystemirm.com/proizvodi/grupa/cosmos-lac-flame-orange","index","","Produkcioni self-reference"
"/proizvodi/cosmos-lac-flame-orange-fo-514-400-ml-flame-orange-fo-514-true-blue","https://carsystemirm.com/proizvodi/grupa/cosmos-lac-flame-orange","index","","Produkcioni self-reference"
"/proizvodi/cosmos-lac-flame-orange-fo-515-400-ml-flame-orange-fo-515-ultramarine-blue","https://carsystemirm.com/proizvodi/grupa/cosmos-lac-flame-orange","index","","Produkcioni self-reference"
"/proizvodi/cosmos-lac-flame-orange-fo-516-400-ml-flame-orange-fo-516-cream-blue-light","https://carsystemirm.com/proizvodi/grupa/cosmos-lac-flame-orange","index","","Produkcioni self-reference"
"/proizvodi/cosmos-lac-flame-orange-fo-518-400-ml-flame-orange-fo-518-cream-blue","https://carsystemirm.com/proizvodi/grupa/cosmos-lac-flame-orange","index","","Produkcioni self-reference"
"/proizvodi/cosmos-lac-flame-orange-fo-520-400-ml-flame-orange-fo-520-cream-blue-dark","https://carsystemirm.com/proizvodi/grupa/cosmos-lac-flame-orange","index","","Produkcioni self-reference"
"/proizvodi/cosmos-lac-flame-orange-fo-522-400-ml-flame-orange-fo-522-sapphire-blue","https://carsystemirm.com/proizvodi/grupa/cosmos-lac-flame-orange","index","","Produkcioni self-reference"
"/proizvodi/cosmos-lac-flame-orange-fo-523-400-ml-flame-orange-fo-523-sapphire-blue-dark","https://carsystemirm.com/proizvodi/grupa/cosmos-lac-flame-orange","index","","Produkcioni self-reference"
"/proizvodi/cosmos-lac-flame-orange-fo-531-400-ml-flame-orange-fo-531-verdigris-light","https://carsystemirm.com/proizvodi/grupa/cosmos-lac-flame-orange","index","","Produkcioni self-reference"
"/proizvodi/cosmos-lac-flame-orange-fo-532-400-ml-flame-orange-fo-532-verdigris-middle","https://carsystemirm.com/proizvodi/grupa/cosmos-lac-flame-orange","index","","Produkcioni self-reference"
"/proizvodi/cosmos-lac-flame-orange-fo-533-400-ml-flame-orange-fo-533-verdigris","https://carsystemirm.com/proizvodi/grupa/cosmos-lac-flame-orange","index","","Produkcioni self-reference"
"/proizvodi/cosmos-lac-flame-orange-fo-601-400-ml-flame-orange-fo-601-crazy-riviera","https://carsystemirm.com/proizvodi/grupa/cosmos-lac-flame-orange","index","","Produkcioni self-reference"
"/proizvodi/cosmos-lac-flame-orange-fo-602-400-ml-flame-orange-fo-602-riviera","https://carsystemirm.com/proizvodi/grupa/cosmos-lac-flame-orange","index","","Produkcioni self-reference"
"/proizvodi/cosmos-lac-flame-orange-fo-604-400-ml-flame-orange-fo-604-lagoon-blue","https://carsystemirm.com/proizvodi/grupa/cosmos-lac-flame-orange","index","","Produkcioni self-reference"
"/proizvodi/cosmos-lac-flame-orange-fo-605-400-ml-flame-orange-fo-605-lagoon-blue-dark","https://carsystemirm.com/proizvodi/grupa/cosmos-lac-flame-orange","index","","Produkcioni self-reference"
"/proizvodi/cosmos-lac-flame-orange-fo-606-400-ml-flame-orange-fo-606-ocean-blue","https://carsystemirm.com/proizvodi/grupa/cosmos-lac-flame-orange","index","","Produkcioni self-reference"
"/proizvodi/cosmos-lac-flame-orange-fo-608-400-ml-flame-orange-fo-608-sage-middle","https://carsystemirm.com/proizvodi/grupa/cosmos-lac-flame-orange","index","","Produkcioni self-reference"
"/proizvodi/cosmos-lac-flame-orange-fo-609-400-ml-flame-orange-fo-609-sage","https://carsystemirm.com/proizvodi/grupa/cosmos-lac-flame-orange","index","","Produkcioni self-reference"
"/proizvodi/cosmos-lac-flame-orange-fo-610-400-ml-flame-orange-fo-610-sage-dark","https://carsystemirm.com/proizvodi/grupa/cosmos-lac-flame-orange","index","","Produkcioni self-reference"
"/proizvodi/cosmos-lac-flame-orange-fo-613-400-ml-flame-orange-fo-613-aqua-pastel-light","https://carsystemirm.com/proizvodi/grupa/cosmos-lac-flame-orange","index","","Produkcioni self-reference"
"/proizvodi/cosmos-lac-flame-orange-fo-614-400-ml-flame-orange-fo-614-aqua-pastel","https://carsystemirm.com/proizvodi/grupa/cosmos-lac-flame-orange","index","","Produkcioni self-reference"
"/proizvodi/cosmos-lac-flame-orange-fo-615-400-ml-flame-orange-fo-615-crazy-aqua","https://carsystemirm.com/proizvodi/grupa/cosmos-lac-flame-orange","index","","Produkcioni self-reference"
"/proizvodi/cosmos-lac-flame-orange-fo-616-400-ml-flame-orange-fo-616-aqua-light","https://carsystemirm.com/proizvodi/grupa/cosmos-lac-flame-orange","index","","Produkcioni self-reference"
"/proizvodi/cosmos-lac-flame-orange-fo-618-400-ml-flame-orange-fo-618-aqua","https://carsystemirm.com/proizvodi/grupa/cosmos-lac-flame-orange","index","","Produkcioni self-reference"
"/proizvodi/cosmos-lac-flame-orange-fo-621-400-ml-flame-orange-fo-621-mustard-middle","https://carsystemirm.com/proizvodi/grupa/cosmos-lac-flame-orange","index","","Produkcioni self-reference"
"/proizvodi/cosmos-lac-flame-orange-fo-622-400-ml-flame-orange-fo-622-mustard-light","https://carsystemirm.com/proizvodi/grupa/cosmos-lac-flame-orange","index","","Produkcioni self-reference"
"/proizvodi/cosmos-lac-flame-orange-fo-623-400-ml-flame-orange-fo-623-crazy-green","https://carsystemirm.com/proizvodi/grupa/cosmos-lac-flame-orange","index","","Produkcioni self-reference"
"/proizvodi/cosmos-lac-flame-orange-fo-624-400-ml-flame-orange-fo-624-pistachio-light","https://carsystemirm.com/proizvodi/grupa/cosmos-lac-flame-orange","index","","Produkcioni self-reference"
"/proizvodi/cosmos-lac-flame-orange-fo-625-400-ml-flame-orange-fo-625-mustard","https://carsystemirm.com/proizvodi/grupa/cosmos-lac-flame-orange","index","","Produkcioni self-reference"
"/proizvodi/cosmos-lac-flame-orange-fo-627-400-ml-flame-orange-fo-627-crazy-grass","https://carsystemirm.com/proizvodi/grupa/cosmos-lac-flame-orange","index","","Produkcioni self-reference"
"/proizvodi/cosmos-lac-flame-orange-fo-628-400-ml-flame-orange-fo-628-grass-green","https://carsystemirm.com/proizvodi/grupa/cosmos-lac-flame-orange","index","","Produkcioni self-reference"
"/proizvodi/cosmos-lac-flame-orange-fo-629-400-ml-flame-orange-fo-629-juice-green","https://carsystemirm.com/proizvodi/grupa/cosmos-lac-flame-orange","index","","Produkcioni self-reference"
"/proizvodi/cosmos-lac-flame-orange-fo-631-400-ml-flame-orange-fo-631-mustard-dark","https://carsystemirm.com/proizvodi/grupa/cosmos-lac-flame-orange","index","","Produkcioni self-reference"
"/proizvodi/cosmos-lac-flame-orange-fo-632-400-ml-flame-orange-fo-632-leaf-green","https://carsystemirm.com/proizvodi/grupa/cosmos-lac-flame-orange","index","","Produkcioni self-reference"
"/proizvodi/cosmos-lac-flame-orange-fo-633-400-ml-flame-orange-fo-633-khaki-green","https://carsystemirm.com/proizvodi/grupa/cosmos-lac-flame-orange","index","","Produkcioni self-reference"
"/proizvodi/cosmos-lac-flame-orange-fo-636-400-ml-flame-orange-fo-636-fir-green","https://carsystemirm.com/proizvodi/grupa/cosmos-lac-flame-orange","index","","Produkcioni self-reference"
"/proizvodi/cosmos-lac-flame-orange-fo-637-400-ml-flame-orange-fo-637-pear-light","https://carsystemirm.com/proizvodi/grupa/cosmos-lac-flame-orange","index","","Produkcioni self-reference"
"/proizvodi/cosmos-lac-flame-orange-fo-639-400-ml-flame-orange-fo-639-pear","https://carsystemirm.com/proizvodi/grupa/cosmos-lac-flame-orange","index","","Produkcioni self-reference"
"/proizvodi/cosmos-lac-flame-orange-fo-640-400-ml-flame-orange-fo-640-kiwi-light","https://carsystemirm.com/proizvodi/grupa/cosmos-lac-flame-orange","index","","Produkcioni self-reference"
"/proizvodi/cosmos-lac-flame-orange-fo-641-400-ml-flame-orange-fo-641-pear-dark","https://carsystemirm.com/proizvodi/grupa/cosmos-lac-flame-orange","index","","Produkcioni self-reference"
"/proizvodi/cosmos-lac-flame-orange-fo-642-400-ml-flame-orange-fo-642-kiwi","https://carsystemirm.com/proizvodi/grupa/cosmos-lac-flame-orange","index","","Produkcioni self-reference"
"/proizvodi/cosmos-lac-flame-orange-fo-644-400-ml-flame-orange-fo-644-kiwi-dark","https://carsystemirm.com/proizvodi/grupa/cosmos-lac-flame-orange","index","","Produkcioni self-reference"
"/proizvodi/cosmos-lac-flame-orange-fo-663-400-ml-flame-orange-fo-663-mint","https://carsystemirm.com/proizvodi/grupa/cosmos-lac-flame-orange","index","","Produkcioni self-reference"
"/proizvodi/cosmos-lac-flame-orange-fo-664-400-ml-flame-orange-fo-664-menthol-light","https://carsystemirm.com/proizvodi/grupa/cosmos-lac-flame-orange","index","","Produkcioni self-reference"
"/proizvodi/cosmos-lac-flame-orange-fo-666-400-ml-flame-orange-fo-666-menthol","https://carsystemirm.com/proizvodi/grupa/cosmos-lac-flame-orange","index","","Produkcioni self-reference"
"/proizvodi/cosmos-lac-flame-orange-fo-667-400-ml-flame-orange-fo-667-crazy-menthol","https://carsystemirm.com/proizvodi/grupa/cosmos-lac-flame-orange","index","","Produkcioni self-reference"
"/proizvodi/cosmos-lac-flame-orange-fo-670-400-ml-flame-orange-fo-670-turquoise-light","https://carsystemirm.com/proizvodi/grupa/cosmos-lac-flame-orange","index","","Produkcioni self-reference"
"/proizvodi/cosmos-lac-flame-orange-fo-672-400-ml-flame-orange-fo-672-turquoise","https://carsystemirm.com/proizvodi/grupa/cosmos-lac-flame-orange","index","","Produkcioni self-reference"
"/proizvodi/cosmos-lac-flame-orange-fo-675-400-ml-flame-orange-fo-675-emerald-green","https://carsystemirm.com/proizvodi/grupa/cosmos-lac-flame-orange","index","","Produkcioni self-reference"
"/proizvodi/cosmos-lac-flame-orange-fo-697-400-ml-flame-orange-fo-697-cocoa-light","https://carsystemirm.com/proizvodi/grupa/cosmos-lac-flame-orange","index","","Produkcioni self-reference"
"/proizvodi/cosmos-lac-flame-orange-fo-698-400-ml-flame-orange-fo-698-cocoa","https://carsystemirm.com/proizvodi/grupa/cosmos-lac-flame-orange","index","","Produkcioni self-reference"
"/proizvodi/cosmos-lac-flame-orange-fo-699-400-ml-flame-orange-fo-699-brown-red","https://carsystemirm.com/proizvodi/grupa/cosmos-lac-flame-orange","index","","Produkcioni self-reference"
"/proizvodi/cosmos-lac-flame-orange-fo-702-400-ml-flame-orange-fo-702-ivory-light","https://carsystemirm.com/proizvodi/grupa/cosmos-lac-flame-orange","index","","Produkcioni self-reference"
"/proizvodi/cosmos-lac-flame-orange-fo-703-400-ml-flame-orange-fo-703-milk-coffee","https://carsystemirm.com/proizvodi/grupa/cosmos-lac-flame-orange","index","","Produkcioni self-reference"
"/proizvodi/cosmos-lac-flame-orange-fo-704-400-ml-flame-orange-fo-704-beige-brown","https://carsystemirm.com/proizvodi/grupa/cosmos-lac-flame-orange","index","","Produkcioni self-reference"
"/proizvodi/cosmos-lac-flame-orange-fo-706-400-ml-flame-orange-fo-706-ocher","https://carsystemirm.com/proizvodi/grupa/cosmos-lac-flame-orange","index","","Produkcioni self-reference"
"/proizvodi/cosmos-lac-flame-orange-fo-708-400-ml-flame-orange-fo-708-nut","https://carsystemirm.com/proizvodi/grupa/cosmos-lac-flame-orange","index","","Produkcioni self-reference"
"/proizvodi/cosmos-lac-flame-orange-fo-710-400-ml-flame-orange-fo-710-chocolate","https://carsystemirm.com/proizvodi/grupa/cosmos-lac-flame-orange","index","","Produkcioni self-reference"
"/proizvodi/cosmos-lac-flame-orange-fo-732-400-ml-flame-orange-fo-732-grey-beige-light","https://carsystemirm.com/proizvodi/grupa/cosmos-lac-flame-orange","index","","Produkcioni self-reference"
"/proizvodi/cosmos-lac-flame-orange-fo-734-400-ml-flame-orange-fo-734-grey-beige","https://carsystemirm.com/proizvodi/grupa/cosmos-lac-flame-orange","index","","Produkcioni self-reference"
"/proizvodi/cosmos-lac-flame-orange-fo-736-400-ml-flame-orange-fo-736-khaki-grey","https://carsystemirm.com/proizvodi/grupa/cosmos-lac-flame-orange","index","","Produkcioni self-reference"
"/proizvodi/cosmos-lac-flame-orange-fo-830-400-ml-flame-orange-fo-830-stone-grey-light","https://carsystemirm.com/proizvodi/grupa/cosmos-lac-flame-orange","index","","Produkcioni self-reference"
"/proizvodi/cosmos-lac-flame-orange-fo-831-400-ml-flame-orange-fo-831-stone-grey-middle","https://carsystemirm.com/proizvodi/grupa/cosmos-lac-flame-orange","index","","Produkcioni self-reference"
"/proizvodi/cosmos-lac-flame-orange-fo-832-400-ml-flame-orange-fo-832-stone-grey","https://carsystemirm.com/proizvodi/grupa/cosmos-lac-flame-orange","index","","Produkcioni self-reference"
"/proizvodi/cosmos-lac-flame-orange-fo-833-400-ml-flame-orange-fo-833-stone-grey-dark","https://carsystemirm.com/proizvodi/grupa/cosmos-lac-flame-orange","index","","Produkcioni self-reference"
"/proizvodi/cosmos-lac-flame-orange-fo-834-400-ml-flame-orange-fo-834-light-grey-neutral","https://carsystemirm.com/proizvodi/grupa/cosmos-lac-flame-orange","index","","Produkcioni self-reference"
"/proizvodi/cosmos-lac-flame-orange-fo-836-400-ml-flame-orange-fo-836-middle-grey-neutral","https://carsystemirm.com/proizvodi/grupa/cosmos-lac-flame-orange","index","","Produkcioni self-reference"
"/proizvodi/cosmos-lac-flame-orange-fo-840-400-ml-flame-orange-fo-840-dark-grey-neutral","https://carsystemirm.com/proizvodi/grupa/cosmos-lac-flame-orange","index","","Produkcioni self-reference"
"/proizvodi/cosmos-lac-flame-orange-fo-844-400-ml-flame-orange-fo-844-anthracite-grey","https://carsystemirm.com/proizvodi/grupa/cosmos-lac-flame-orange","index","","Produkcioni self-reference"
"/proizvodi/cosmos-lac-flame-orange-fo-900-400-ml-flame-orange-fo-900-pure-white","https://carsystemirm.com/proizvodi/grupa/cosmos-lac-flame-orange","index","","Produkcioni self-reference"
"/proizvodi/cosmos-lac-flame-orange-fo-901-400-ml-flame-orange-fo-901-thick-black","https://carsystemirm.com/proizvodi/grupa/cosmos-lac-flame-orange","index","","Produkcioni self-reference"
"/proizvodi/cosmos-lac-flame-orange-fo-902-400-ml-flame-orange-fo-902-ultra-chrome","https://carsystemirm.com/proizvodi/grupa/cosmos-lac-flame-orange","index","","Produkcioni self-reference"
"/proizvodi/cosmos-lac-flame-orange-fo-904-400-ml-flame-orange-fo-904-deep-black","https://carsystemirm.com/proizvodi/grupa/cosmos-lac-flame-orange","index","","Produkcioni self-reference"
"/proizvodi/cosmos-lac-flame-orange-fo-906-400-ml-flame-orange-fo-906-gold","https://carsystemirm.com/proizvodi/grupa/cosmos-lac-flame-orange","index","","Produkcioni self-reference"
"/proizvodi/cosmos-lac-fluorescent-marking-490-fluorescent-paint-490-red","https://carsystemirm.com/proizvodi/grupa/cosmos-lac-fluorescent-marking-fluorescent-paint","index","","Produkcioni self-reference"
"/proizvodi/cosmos-lac-fluorescent-marking-491-fluorescent-paint-491-orange","https://carsystemirm.com/proizvodi/grupa/cosmos-lac-fluorescent-marking-fluorescent-paint","index","","Produkcioni self-reference"
"/proizvodi/cosmos-lac-fluorescent-marking-493-fluorescent-paint-493-green","https://carsystemirm.com/proizvodi/grupa/cosmos-lac-fluorescent-marking-fluorescent-paint","index","","Produkcioni self-reference"
"/proizvodi/cosmos-lac-fluorescent-marking-494-fluorescent-paint-494-yellow","https://carsystemirm.com/proizvodi/grupa/cosmos-lac-fluorescent-marking-fluorescent-paint","index","","Produkcioni self-reference"
"/proizvodi/cosmos-lac-fluorescent-marking-571-forest-trail-marking-571-red","https://carsystemirm.com/proizvodi/grupa/cosmos-lac-fluorescent-marking-forest-trail-marking","index","","Produkcioni self-reference"
"/proizvodi/cosmos-lac-fluorescent-marking-572-forest-trail-marking-572-orange","https://carsystemirm.com/proizvodi/grupa/cosmos-lac-fluorescent-marking-forest-trail-marking","index","","Produkcioni self-reference"
"/proizvodi/cosmos-lac-fluorescent-marking-573-forest-trail-marking-573-yellow","https://carsystemirm.com/proizvodi/grupa/cosmos-lac-fluorescent-marking-forest-trail-marking","index","","Produkcioni self-reference"
"/proizvodi/cosmos-lac-fluorescent-marking-574-forest-trail-marking-574-blue","https://carsystemirm.com/proizvodi/grupa/cosmos-lac-fluorescent-marking-forest-trail-marking","index","","Produkcioni self-reference"
"/proizvodi/cosmos-lac-fluorescent-marking-575-forest-trail-marking-575-white","https://carsystemirm.com/proizvodi/grupa/cosmos-lac-fluorescent-marking-forest-trail-marking","index","","Produkcioni self-reference"
"/proizvodi/cosmos-lac-fluorescent-marking-591-road-construction-marking-591-orange","https://carsystemirm.com/proizvodi/grupa/cosmos-lac-fluorescent-marking-road-construction-marking","index","","Produkcioni self-reference"
"/proizvodi/cosmos-lac-fluorescent-marking-593-road-construction-marking-593-green","https://carsystemirm.com/proizvodi/grupa/cosmos-lac-fluorescent-marking-road-construction-marking","index","","Produkcioni self-reference"
"/proizvodi/cosmos-lac-fluorescent-marking-594-road-construction-marking-594-yellow","https://carsystemirm.com/proizvodi/grupa/cosmos-lac-fluorescent-marking-road-construction-marking","index","","Produkcioni self-reference"
"/proizvodi/cosmos-lac-fluorescent-marking-595-road-construction-marking-595-white","https://carsystemirm.com/proizvodi/grupa/cosmos-lac-fluorescent-marking-road-construction-marking","index","","Produkcioni self-reference"
"/proizvodi/cosmos-lac-high-heat-700-c-350-400-ml-high-heat-350-silver","https://carsystemirm.com/proizvodi/grupa/cosmos-lac-high-heat-700-c","index","","Produkcioni self-reference"
"/proizvodi/cosmos-lac-high-heat-700-c-351-400-ml-high-heat-351-black","https://carsystemirm.com/proizvodi/grupa/cosmos-lac-high-heat-700-c","index","","Produkcioni self-reference"
"/proizvodi/cosmos-lac-high-heat-700-c-352-400-ml-high-heat-352-white","https://carsystemirm.com/proizvodi/grupa/cosmos-lac-high-heat-700-c","index","","Produkcioni self-reference"
"/proizvodi/cosmos-lac-high-heat-700-c-353-400-ml-high-heat-353-red","https://carsystemirm.com/proizvodi/grupa/cosmos-lac-high-heat-700-c","index","","Produkcioni self-reference"
"/proizvodi/cosmos-lac-high-heat-700-c-356-400-ml-high-heat-356-anthracite","https://carsystemirm.com/proizvodi/grupa/cosmos-lac-high-heat-700-c","index","","Produkcioni self-reference"
"/proizvodi/cosmos-lac-home-380-400-ml-paint-for-aluminums-380-white","https://carsystemirm.com/proizvodi/cosmos-lac-home-380-400-ml-paint-for-aluminums-380-white","index","","Produkcioni self-reference"
"/proizvodi/cosmos-lac-home-400-400-ml-white-smalto-400-white","https://carsystemirm.com/proizvodi/cosmos-lac-home-400-400-ml-white-smalto-400-white","index","","Produkcioni self-reference"
"/proizvodi/cosmos-lac-home-401-400-ml-porcelain-paint-401-white","https://carsystemirm.com/proizvodi/cosmos-lac-home-401-400-ml-porcelain-paint-401-white","index","","Produkcioni self-reference"
"/proizvodi/cosmos-lac-home-402-400-ml-radiator-lacquer-402-white","https://carsystemirm.com/proizvodi/grupa/cosmos-lac-home-radiator-lacquer","index","","Produkcioni self-reference"
"/proizvodi/cosmos-lac-home-403-400-ml-radiator-lacquer-403-silver","https://carsystemirm.com/proizvodi/grupa/cosmos-lac-home-radiator-lacquer","index","","Produkcioni self-reference"
"/proizvodi/cosmos-lac-home-741-providna-400-ml-power-glue-741-transparent","https://carsystemirm.com/proizvodi/cosmos-lac-home-741-providna-400-ml-power-glue-741-transparent","index","","Produkcioni self-reference"
"/proizvodi/cosmos-lac-lubricants-200-400-ml-multimax-1000-200","https://carsystemirm.com/proizvodi/cosmos-lac-lubricants-200-400-ml-multimax-1000-200","index","","Produkcioni self-reference"
"/proizvodi/cosmos-lac-lubricants-203-400-ml-silicone-oil-203","https://carsystemirm.com/proizvodi/grupa/cosmos-lac-lubricants-oil","index","","Produkcioni self-reference"
"/proizvodi/cosmos-lac-lubricants-204-400-ml-lithium-grease-204","https://carsystemirm.com/proizvodi/grupa/cosmos-lac-lubricants-grease","index","","Produkcioni self-reference"
"/proizvodi/cosmos-lac-lubricants-208-400-ml-penetrating-oil-anti-corrosion-208","https://carsystemirm.com/proizvodi/grupa/cosmos-lac-lubricants-oil","index","","Produkcioni self-reference"
"/proizvodi/cosmos-lac-lubricants-210-400-ml-chain-grease-210","https://carsystemirm.com/proizvodi/grupa/cosmos-lac-lubricants-grease","index","","Produkcioni self-reference"
"/proizvodi/cosmos-lac-lubricants-742-400-ml-penetrating-oil-ptfe-742","https://carsystemirm.com/proizvodi/grupa/cosmos-lac-lubricants-oil","index","","Produkcioni self-reference"
"/proizvodi/cosmos-lac-lubricants-743-400-ml-dry-ptfe-oil-743","https://carsystemirm.com/proizvodi/grupa/cosmos-lac-lubricants-oil","index","","Produkcioni self-reference"
"/proizvodi/cosmos-lac-lubricants-744-400-ml-lithium-grease-ptfe-744","https://carsystemirm.com/proizvodi/grupa/cosmos-lac-lubricants-grease","index","","Produkcioni self-reference"
"/proizvodi/cosmos-lac-lubricants-745-400-ml-copper-grease-1100-c-745","https://carsystemirm.com/proizvodi/grupa/cosmos-lac-lubricants-grease","index","","Produkcioni self-reference"
"/proizvodi/cosmos-lac-lubricants-746-400-ml-cut-drill-oil-746","https://carsystemirm.com/proizvodi/grupa/cosmos-lac-lubricants-oil","index","","Produkcioni self-reference"
"/proizvodi/cosmos-lac-lubricants-747-400-ml-vaseline-spray-747","https://carsystemirm.com/proizvodi/cosmos-lac-lubricants-747-400-ml-vaseline-spray-747","index","","Produkcioni self-reference"
"/proizvodi/cosmos-lac-lubricants-748-400-ml-leak-detector-748","https://carsystemirm.com/proizvodi/cosmos-lac-lubricants-748-400-ml-leak-detector-748","index","","Produkcioni self-reference"
"/proizvodi/cosmos-lac-lubricants-749-400-ml-rust-shock-freeze-penetrating-oil-749","https://carsystemirm.com/proizvodi/grupa/cosmos-lac-lubricants-oil","index","","Produkcioni self-reference"
"/proizvodi/cosmos-lac-lubricants-753-400-ml-anti-spatter-for-welding-753","https://carsystemirm.com/proizvodi/cosmos-lac-lubricants-753-400-ml-anti-spatter-for-welding-753","index","","Produkcioni self-reference"
"/proizvodi/cosmos-lac-master-mechanic-01-500-ml-master-mechanic-primer-01-grey","https://carsystemirm.com/proizvodi/grupa/cosmos-lac-master-mechanic-primer","index","","Produkcioni self-reference"
"/proizvodi/cosmos-lac-master-mechanic-01-500-ml-master-mechanic-primer-01-white","https://carsystemirm.com/proizvodi/grupa/cosmos-lac-master-mechanic-primer","index","","Produkcioni self-reference"
"/proizvodi/cosmos-lac-master-mechanic-02-500-ml-master-mechanic-filler-02-black","https://carsystemirm.com/proizvodi/grupa/cosmos-lac-master-mechanic-filler","index","","Produkcioni self-reference"
"/proizvodi/cosmos-lac-master-mechanic-02-500-ml-master-mechanic-filler-02-grey","https://carsystemirm.com/proizvodi/grupa/cosmos-lac-master-mechanic-filler","index","","Produkcioni self-reference"
"/proizvodi/cosmos-lac-master-mechanic-03-500-ml-master-mechanic-epoxy-primer-03-grey","https://carsystemirm.com/proizvodi/cosmos-lac-master-mechanic-03-500-ml-master-mechanic-epoxy-primer-03-grey","index","","Produkcioni self-reference"
"/proizvodi/cosmos-lac-master-mechanic-04-500-ml-master-mechanic-wash-primer-04-light-yellow","https://carsystemirm.com/proizvodi/cosmos-lac-master-mechanic-04-500-ml-master-mechanic-wash-primer-04-light-yellow","index","","Produkcioni self-reference"
"/proizvodi/cosmos-lac-master-mechanic-05-providna-500-ml-master-mechanic-plastic-primer-05-transparent","https://carsystemirm.com/proizvodi/cosmos-lac-master-mechanic-05-providna-500-ml-master-mechanic-plastic-primer-05-transparent","index","","Produkcioni self-reference"
"/proizvodi/cosmos-lac-master-mechanic-06-500-ml-master-mechanic-control-guide-06-black","https://carsystemirm.com/proizvodi/cosmos-lac-master-mechanic-06-500-ml-master-mechanic-control-guide-06-black","index","","Produkcioni self-reference"
"/proizvodi/cosmos-lac-master-mechanic-10-500-ml-master-mechanic-ral-paint-10-silver","https://carsystemirm.com/proizvodi/grupa/cosmos-lac-master-mechanic-ral","index","","Produkcioni self-reference"
"/proizvodi/cosmos-lac-master-mechanic-10-mat-500-ml-master-mechanic-ral-paint-10-black-matt","https://carsystemirm.com/proizvodi/grupa/cosmos-lac-master-mechanic-ral","index","","Produkcioni self-reference"
"/proizvodi/cosmos-lac-master-mechanic-10-mat-500-ml-master-mechanic-ral-paint-10-white-matt","https://carsystemirm.com/proizvodi/grupa/cosmos-lac-master-mechanic-ral","index","","Produkcioni self-reference"
"/proizvodi/cosmos-lac-master-mechanic-10-sjaj-500-ml-master-mechanic-ral-paint-10-black-gloss","https://carsystemirm.com/proizvodi/grupa/cosmos-lac-master-mechanic-ral","index","","Produkcioni self-reference"
"/proizvodi/cosmos-lac-master-mechanic-10-sjaj-500-ml-master-mechanic-ral-paint-10-white-gloss","https://carsystemirm.com/proizvodi/grupa/cosmos-lac-master-mechanic-ral","index","","Produkcioni self-reference"
"/proizvodi/cosmos-lac-master-mechanic-11-sjaj-500-ml-master-mechanic-bumber-paint-11-black-gloss","https://carsystemirm.com/proizvodi/grupa/cosmos-lac-master-mechanic-bumper-paint","index","","Produkcioni self-reference"
"/proizvodi/cosmos-lac-master-mechanic-11s-500-ml-master-mechanic-bumber-paint-11s-black-structure","https://carsystemirm.com/proizvodi/grupa/cosmos-lac-master-mechanic-bumper-paint","index","","Produkcioni self-reference"
"/proizvodi/cosmos-lac-master-mechanic-12-500-ml-master-mechanic-heat-resistant-paint-12-black","https://carsystemirm.com/proizvodi/grupa/cosmos-lac-master-mechanic-heat-resistant-paint","index","","Produkcioni self-reference"
"/proizvodi/cosmos-lac-master-mechanic-12-500-ml-master-mechanic-heat-resistant-paint-12-silver","https://carsystemirm.com/proizvodi/grupa/cosmos-lac-master-mechanic-heat-resistant-paint","index","","Produkcioni self-reference"
"/proizvodi/cosmos-lac-master-mechanic-13-500-ml-master-mechanic-antigravel-paintable-13-black","https://carsystemirm.com/proizvodi/grupa/cosmos-lac-master-mechanic-antigravel-paintable","index","","Produkcioni self-reference"
"/proizvodi/cosmos-lac-master-mechanic-13-500-ml-master-mechanic-antigravel-paintable-13-grey","https://carsystemirm.com/proizvodi/grupa/cosmos-lac-master-mechanic-antigravel-paintable","index","","Produkcioni self-reference"
"/proizvodi/cosmos-lac-master-mechanic-13-500-ml-master-mechanic-antigravel-paintable-13-white","https://carsystemirm.com/proizvodi/grupa/cosmos-lac-master-mechanic-antigravel-paintable","index","","Produkcioni self-reference"
"/proizvodi/cosmos-lac-master-mechanic-14-500-ml-master-mechanic-wheel-paint-14-black","https://carsystemirm.com/proizvodi/grupa/cosmos-lac-master-mechanic-wheel-paint","index","","Produkcioni self-reference"
"/proizvodi/cosmos-lac-master-mechanic-14-500-ml-master-mechanic-wheel-paint-14-silver","https://carsystemirm.com/proizvodi/grupa/cosmos-lac-master-mechanic-wheel-paint","index","","Produkcioni self-reference"
"/proizvodi/cosmos-lac-master-mechanic-15-500-ml-master-mechanic-brake-caliper-paint-15-blue","https://carsystemirm.com/proizvodi/grupa/cosmos-lac-master-mechanic-brake-caliper-paint","index","","Produkcioni self-reference"
"/proizvodi/cosmos-lac-master-mechanic-15-500-ml-master-mechanic-brake-caliper-paint-15-red","https://carsystemirm.com/proizvodi/grupa/cosmos-lac-master-mechanic-brake-caliper-paint","index","","Produkcioni self-reference"
"/proizvodi/cosmos-lac-master-mechanic-15-500-ml-master-mechanic-brake-caliper-paint-15-yellow","https://carsystemirm.com/proizvodi/grupa/cosmos-lac-master-mechanic-brake-caliper-paint","index","","Produkcioni self-reference"
"/proizvodi/cosmos-lac-master-mechanic-20-providna-500-ml-master-mechanic-clear-coat-20-transparent","https://carsystemirm.com/proizvodi/cosmos-lac-master-mechanic-20-providna-500-ml-master-mechanic-clear-coat-20-transparent","index","","Produkcioni self-reference"
"/proizvodi/cosmos-lac-metallic-332-400-ml-metallic-effect-332-blue","https://carsystemirm.com/proizvodi/grupa/cosmos-lac-metallic-metallic-effect","index","","Produkcioni self-reference"
"/proizvodi/cosmos-lac-metallic-334-400-ml-metallic-effect-334-green","https://carsystemirm.com/proizvodi/grupa/cosmos-lac-metallic-metallic-effect","index","","Produkcioni self-reference"
"/proizvodi/cosmos-lac-metallic-335-400-ml-metallic-effect-335-black","https://carsystemirm.com/proizvodi/grupa/cosmos-lac-metallic-metallic-effect","index","","Produkcioni self-reference"
"/proizvodi/cosmos-lac-metallic-336-400-ml-metallic-effect-336-red","https://carsystemirm.com/proizvodi/grupa/cosmos-lac-metallic-metallic-effect","index","","Produkcioni self-reference"
"/proizvodi/cosmos-lac-metallic-338-400-ml-metallic-effect-338-silver","https://carsystemirm.com/proizvodi/grupa/cosmos-lac-metallic-metallic-effect","index","","Produkcioni self-reference"
"/proizvodi/cosmos-lac-molotow-burner-400-ml-mb-400ml-chrome","https://carsystemirm.com/proizvodi/grupa/cosmos-lac-molotow-burner","index","","Produkcioni self-reference"
"/proizvodi/cosmos-lac-molotow-burner-500-ml-mb-500ml-30-years-chrome","https://carsystemirm.com/proizvodi/grupa/cosmos-lac-molotow-burner","index","","Produkcioni self-reference"
"/proizvodi/cosmos-lac-molotow-burner-500-ml-mb-500ml-outline-black","https://carsystemirm.com/proizvodi/grupa/cosmos-lac-molotow-burner","index","","Produkcioni self-reference"
"/proizvodi/cosmos-lac-molotow-burner-600-ml-mb-600ml-30-years-chrome","https://carsystemirm.com/proizvodi/grupa/cosmos-lac-molotow-burner","index","","Produkcioni self-reference"
"/proizvodi/cosmos-lac-molotow-burner-600-ml-mb-600ml-black","https://carsystemirm.com/proizvodi/grupa/cosmos-lac-molotow-burner","index","","Produkcioni self-reference"
"/proizvodi/cosmos-lac-molotow-burner-600-ml-mb-600ml-copper","https://carsystemirm.com/proizvodi/grupa/cosmos-lac-molotow-burner","index","","Produkcioni self-reference"
"/proizvodi/cosmos-lac-molotow-burner-600-ml-mb-600ml-gold","https://carsystemirm.com/proizvodi/grupa/cosmos-lac-molotow-burner","index","","Produkcioni self-reference"
"/proizvodi/cosmos-lac-molotow-premium-mp-001-400-ml-mp-001-jasmine-yellow","https://carsystemirm.com/proizvodi/grupa/cosmos-lac-molotow-premium","index","","Produkcioni self-reference"
"/proizvodi/cosmos-lac-molotow-premium-mp-002-400-ml-mp-002-zinc-yellow","https://carsystemirm.com/proizvodi/grupa/cosmos-lac-molotow-premium","index","","Produkcioni self-reference"
"/proizvodi/cosmos-lac-molotow-premium-mp-003-400-ml-mp-003-cadmium-yellow","https://carsystemirm.com/proizvodi/grupa/cosmos-lac-molotow-premium","index","","Produkcioni self-reference"
"/proizvodi/cosmos-lac-molotow-premium-mp-004-400-ml-mp-004-signal-yellow","https://carsystemirm.com/proizvodi/grupa/cosmos-lac-molotow-premium","index","","Produkcioni self-reference"
"/proizvodi/cosmos-lac-molotow-premium-mp-005-400-ml-mp-005-nature-white","https://carsystemirm.com/proizvodi/grupa/cosmos-lac-molotow-premium","index","","Produkcioni self-reference"
"/proizvodi/cosmos-lac-molotow-premium-mp-006-400-ml-mp-006-vanilla","https://carsystemirm.com/proizvodi/grupa/cosmos-lac-molotow-premium","index","","Produkcioni self-reference"
"/proizvodi/cosmos-lac-molotow-premium-mp-009-400-ml-mp-009-golden-yellow","https://carsystemirm.com/proizvodi/grupa/cosmos-lac-molotow-premium","index","","Produkcioni self-reference"
"/proizvodi/cosmos-lac-molotow-premium-mp-010-400-ml-mp-010-melon-yellow","https://carsystemirm.com/proizvodi/grupa/cosmos-lac-molotow-premium","index","","Produkcioni self-reference"
"/proizvodi/cosmos-lac-molotow-premium-mp-011-400-ml-mp-011-slider-light-orange","https://carsystemirm.com/proizvodi/grupa/cosmos-lac-molotow-premium","index","","Produkcioni self-reference"
"/proizvodi/cosmos-lac-molotow-premium-mp-012-400-ml-mp-012-pastel-orange","https://carsystemirm.com/proizvodi/grupa/cosmos-lac-molotow-premium","index","","Produkcioni self-reference"
"/proizvodi/cosmos-lac-molotow-premium-mp-013-400-ml-mp-013-dare-orange-light","https://carsystemirm.com/proizvodi/grupa/cosmos-lac-molotow-premium","index","","Produkcioni self-reference"
"/proizvodi/cosmos-lac-molotow-premium-mp-014-400-ml-mp-014-dare-orange","https://carsystemirm.com/proizvodi/grupa/cosmos-lac-molotow-premium","index","","Produkcioni self-reference"
"/proizvodi/cosmos-lac-molotow-premium-mp-016-400-ml-mp-016-traffic-red","https://carsystemirm.com/proizvodi/grupa/cosmos-lac-molotow-premium","index","","Produkcioni self-reference"
"/proizvodi/cosmos-lac-molotow-premium-mp-017-400-ml-mp-017-tornado-red","https://carsystemirm.com/proizvodi/grupa/cosmos-lac-molotow-premium","index","","Produkcioni self-reference"
"/proizvodi/cosmos-lac-molotow-premium-mp-018-400-ml-mp-018-ruby-red","https://carsystemirm.com/proizvodi/grupa/cosmos-lac-molotow-premium","index","","Produkcioni self-reference"
"/proizvodi/cosmos-lac-molotow-premium-mp-019-400-ml-mp-019-burgundy","https://carsystemirm.com/proizvodi/grupa/cosmos-lac-molotow-premium","index","","Produkcioni self-reference"
"/proizvodi/cosmos-lac-molotow-premium-mp-032-400-ml-mp-032-mad-c-cherry-red","https://carsystemirm.com/proizvodi/grupa/cosmos-lac-molotow-premium","index","","Produkcioni self-reference"
"/proizvodi/cosmos-lac-molotow-premium-mp-033-400-ml-mp-033-signal-red","https://carsystemirm.com/proizvodi/grupa/cosmos-lac-molotow-premium","index","","Produkcioni self-reference"
"/proizvodi/cosmos-lac-molotow-premium-mp-052-400-ml-mp-052-piglet-pink","https://carsystemirm.com/proizvodi/grupa/cosmos-lac-molotow-premium","index","","Produkcioni self-reference"
"/proizvodi/cosmos-lac-molotow-premium-mp-053-400-ml-mp-053-candy","https://carsystemirm.com/proizvodi/grupa/cosmos-lac-molotow-premium","index","","Produkcioni self-reference"
"/proizvodi/cosmos-lac-molotow-premium-mp-058-400-ml-mp-058-fuchsia-pink","https://carsystemirm.com/proizvodi/grupa/cosmos-lac-molotow-premium","index","","Produkcioni self-reference"
"/proizvodi/cosmos-lac-molotow-premium-mp-059-400-ml-mp-059-mad-c-psycho-pink","https://carsystemirm.com/proizvodi/grupa/cosmos-lac-molotow-premium","index","","Produkcioni self-reference"
"/proizvodi/cosmos-lac-molotow-premium-mp-060-400-ml-mp-060-telemagenta","https://carsystemirm.com/proizvodi/grupa/cosmos-lac-molotow-premium","index","","Produkcioni self-reference"
"/proizvodi/cosmos-lac-molotow-premium-mp-066-400-ml-mp-066-lilac","https://carsystemirm.com/proizvodi/grupa/cosmos-lac-molotow-premium","index","","Produkcioni self-reference"
"/proizvodi/cosmos-lac-molotow-premium-mp-068-400-ml-mp-068-blackberry","https://carsystemirm.com/proizvodi/grupa/cosmos-lac-molotow-premium","index","","Produkcioni self-reference"
"/proizvodi/cosmos-lac-molotow-premium-mp-069-400-ml-mp-069-currant","https://carsystemirm.com/proizvodi/grupa/cosmos-lac-molotow-premium","index","","Produkcioni self-reference"
"/proizvodi/cosmos-lac-molotow-premium-mp-089-400-ml-mp-089-azure-blue-light","https://carsystemirm.com/proizvodi/grupa/cosmos-lac-molotow-premium","index","","Produkcioni self-reference"
"/proizvodi/cosmos-lac-molotow-premium-mp-090-400-ml-mp-090-azure-blue","https://carsystemirm.com/proizvodi/grupa/cosmos-lac-molotow-premium","index","","Produkcioni self-reference"
"/proizvodi/cosmos-lac-molotow-premium-mp-091-400-ml-mp-091-shock-blue-pastel","https://carsystemirm.com/proizvodi/grupa/cosmos-lac-molotow-premium","index","","Produkcioni self-reference"
"/proizvodi/cosmos-lac-molotow-premium-mp-092-400-ml-mp-092-shock-blue-light","https://carsystemirm.com/proizvodi/grupa/cosmos-lac-molotow-premium","index","","Produkcioni self-reference"
"/proizvodi/cosmos-lac-molotow-premium-mp-093-400-ml-mp-093-shock-blue-middle","https://carsystemirm.com/proizvodi/grupa/cosmos-lac-molotow-premium","index","","Produkcioni self-reference"
"/proizvodi/cosmos-lac-molotow-premium-mp-094-400-ml-mp-094-shock-blue","https://carsystemirm.com/proizvodi/grupa/cosmos-lac-molotow-premium","index","","Produkcioni self-reference"
"/proizvodi/cosmos-lac-molotow-premium-mp-096-400-ml-mp-096-tulip-blue-middle","https://carsystemirm.com/proizvodi/grupa/cosmos-lac-molotow-premium","index","","Produkcioni self-reference"
"/proizvodi/cosmos-lac-molotow-premium-mp-097-400-ml-mp-097-tulip-blue","https://carsystemirm.com/proizvodi/grupa/cosmos-lac-molotow-premium","index","","Produkcioni self-reference"
"/proizvodi/cosmos-lac-molotow-premium-mp-103-400-ml-mp-103-ultramarine-blue","https://carsystemirm.com/proizvodi/grupa/cosmos-lac-molotow-premium","index","","Produkcioni self-reference"
"/proizvodi/cosmos-lac-molotow-premium-mp-104-400-ml-mp-104-sapphire-blue","https://carsystemirm.com/proizvodi/grupa/cosmos-lac-molotow-premium","index","","Produkcioni self-reference"
"/proizvodi/cosmos-lac-molotow-premium-mp-106-400-ml-mp-106-ecb-prussian-blue-dark","https://carsystemirm.com/proizvodi/grupa/cosmos-lac-molotow-premium","index","","Produkcioni self-reference"
"/proizvodi/cosmos-lac-molotow-premium-mp-124-400-ml-mp-124-taste-riviera-middle","https://carsystemirm.com/proizvodi/grupa/cosmos-lac-molotow-premium","index","","Produkcioni self-reference"
"/proizvodi/cosmos-lac-molotow-premium-mp-159-400-ml-mp-159-juice-green","https://carsystemirm.com/proizvodi/grupa/cosmos-lac-molotow-premium","index","","Produkcioni self-reference"
"/proizvodi/cosmos-lac-molotow-premium-mp-160-400-ml-mp-160-mr-green","https://carsystemirm.com/proizvodi/grupa/cosmos-lac-molotow-premium","index","","Produkcioni self-reference"
"/proizvodi/cosmos-lac-molotow-premium-mp-161-400-ml-mp-161-leaf-green","https://carsystemirm.com/proizvodi/grupa/cosmos-lac-molotow-premium","index","","Produkcioni self-reference"
"/proizvodi/cosmos-lac-molotow-premium-mp-189-400-ml-mp-189-sahara-beige-light","https://carsystemirm.com/proizvodi/grupa/cosmos-lac-molotow-premium","index","","Produkcioni self-reference"
"/proizvodi/cosmos-lac-molotow-premium-mp-210-400-ml-mp-210-tar-black","https://carsystemirm.com/proizvodi/grupa/cosmos-lac-molotow-premium","index","","Produkcioni self-reference"
"/proizvodi/cosmos-lac-molotow-premium-mp-214-400-ml-mp-214-tar-signal-black","https://carsystemirm.com/proizvodi/grupa/cosmos-lac-molotow-premium","index","","Produkcioni self-reference"
"/proizvodi/cosmos-lac-molotow-premium-mp-217-400-ml-mp-217-caparso-middle-grey-neutral","https://carsystemirm.com/proizvodi/grupa/cosmos-lac-molotow-premium","index","","Produkcioni self-reference"
"/proizvodi/cosmos-lac-molotow-premium-mp-218-400-ml-mp-218-light-grey-neutral","https://carsystemirm.com/proizvodi/grupa/cosmos-lac-molotow-premium","index","","Produkcioni self-reference"
"/proizvodi/cosmos-lac-molotow-premium-mp-220-1-400-ml-mp-220-1-gold-dollar","https://carsystemirm.com/proizvodi/grupa/cosmos-lac-molotow-premium","index","","Produkcioni self-reference"
"/proizvodi/cosmos-lac-molotow-premium-mp-220-400-ml-mp-220-silver-dollar","https://carsystemirm.com/proizvodi/grupa/cosmos-lac-molotow-premium","index","","Produkcioni self-reference"
"/proizvodi/cosmos-lac-molotow-premium-mp-221-400-ml-mp-221-deep-black","https://carsystemirm.com/proizvodi/grupa/cosmos-lac-molotow-premium","index","","Produkcioni self-reference"
"/proizvodi/cosmos-lac-molotow-premium-mp-223-400-ml-mp-223-anthracite-grey","https://carsystemirm.com/proizvodi/grupa/cosmos-lac-molotow-premium","index","","Produkcioni self-reference"
"/proizvodi/cosmos-lac-molotow-premium-mp-224-400-ml-mp-224-grey-blue-dark","https://carsystemirm.com/proizvodi/grupa/cosmos-lac-molotow-premium","index","","Produkcioni self-reference"
"/proizvodi/cosmos-lac-molotow-premium-mp-225-400-ml-mp-225-granite","https://carsystemirm.com/proizvodi/grupa/cosmos-lac-molotow-premium","index","","Produkcioni self-reference"
"/proizvodi/cosmos-lac-molotow-premium-mp-226-400-ml-mp-226-grey-blue-middle","https://carsystemirm.com/proizvodi/grupa/cosmos-lac-molotow-premium","index","","Produkcioni self-reference"
"/proizvodi/cosmos-lac-molotow-premium-mp-228-400-ml-mp-228-grey-blue-light","https://carsystemirm.com/proizvodi/grupa/cosmos-lac-molotow-premium","index","","Produkcioni self-reference"
"/proizvodi/cosmos-lac-molotow-premium-mp-229-400-ml-mp-229-pebble-grey","https://carsystemirm.com/proizvodi/grupa/cosmos-lac-molotow-premium","index","","Produkcioni self-reference"
"/proizvodi/cosmos-lac-molotow-premium-mp-230-400-ml-mp-230-marble","https://carsystemirm.com/proizvodi/grupa/cosmos-lac-molotow-premium","index","","Produkcioni self-reference"
"/proizvodi/cosmos-lac-molotow-premium-mp-231-400-ml-mp-231-signal-white","https://carsystemirm.com/proizvodi/grupa/cosmos-lac-molotow-premium","index","","Produkcioni self-reference"
"/proizvodi/cosmos-lac-molotow-premium-mp-232-400-ml-mp-232-neon-yellow","https://carsystemirm.com/proizvodi/grupa/cosmos-lac-molotow-premium","index","","Produkcioni self-reference"
"/proizvodi/cosmos-lac-molotow-premium-mp-233-400-ml-mp-233-neon-orange","https://carsystemirm.com/proizvodi/grupa/cosmos-lac-molotow-premium","index","","Produkcioni self-reference"
"/proizvodi/cosmos-lac-molotow-premium-mp-234-400-ml-mp-234-neon-pink","https://carsystemirm.com/proizvodi/grupa/cosmos-lac-molotow-premium","index","","Produkcioni self-reference"
"/proizvodi/cosmos-lac-molotow-premium-mp-235-400-ml-mp-235-neon-blue","https://carsystemirm.com/proizvodi/grupa/cosmos-lac-molotow-premium","index","","Produkcioni self-reference"
"/proizvodi/cosmos-lac-molotow-premium-mp-236-1-400-ml-mp-236-1-antistatik-neon-red","https://carsystemirm.com/proizvodi/grupa/cosmos-lac-molotow-premium","index","","Produkcioni self-reference"
"/proizvodi/cosmos-lac-molotow-premium-mp-236-400-ml-mp-236-neon-green","https://carsystemirm.com/proizvodi/grupa/cosmos-lac-molotow-premium","index","","Produkcioni self-reference"
"/proizvodi/cosmos-lac-molotow-premium-mp-249-400-ml-mp-249-toast-signal-black-transp","https://carsystemirm.com/proizvodi/grupa/cosmos-lac-molotow-premium","index","","Produkcioni self-reference"
"/proizvodi/cosmos-lac-molotow-premium-mp-252-sjaj-400-ml-mp-252-clear-coat-gloss","https://carsystemirm.com/proizvodi/grupa/cosmos-lac-molotow-premium","index","","Produkcioni self-reference"
"/proizvodi/cosmos-lac-molotow-premium-mp-253-mat-400-ml-mp-253-clear-coat-matt","https://carsystemirm.com/proizvodi/grupa/cosmos-lac-molotow-premium","index","","Produkcioni self-reference"
"/proizvodi/cosmos-lac-primers-233-providna-400-ml-plastic-primer-233-transparent","https://carsystemirm.com/proizvodi/cosmos-lac-primers-233-providna-400-ml-plastic-primer-233-transparent","index","","Produkcioni self-reference"
"/proizvodi/cosmos-lac-primers-342-400-ml-acrylic-primer-filler-342-grey","https://carsystemirm.com/proizvodi/grupa/cosmos-lac-primers-acrylic-primer-filler","index","","Produkcioni self-reference"
"/proizvodi/cosmos-lac-primers-343-400-ml-acrylic-primer-filler-343-beige","https://carsystemirm.com/proizvodi/grupa/cosmos-lac-primers-acrylic-primer-filler","index","","Produkcioni self-reference"
"/proizvodi/cosmos-lac-primers-344-400-ml-metal-primer-344-red","https://carsystemirm.com/proizvodi/grupa/cosmos-lac-primers-metal-primer","index","","Produkcioni self-reference"
"/proizvodi/cosmos-lac-primers-345-400-ml-metal-primer-345-white","https://carsystemirm.com/proizvodi/grupa/cosmos-lac-primers-metal-primer","index","","Produkcioni self-reference"
"/proizvodi/cosmos-lac-primers-346-400-ml-metal-primer-346-grey","https://carsystemirm.com/proizvodi/grupa/cosmos-lac-primers-metal-primer","index","","Produkcioni self-reference"
"/proizvodi/cosmos-lac-primers-348-400-ml-metal-primer-348-black","https://carsystemirm.com/proizvodi/grupa/cosmos-lac-primers-metal-primer","index","","Produkcioni self-reference"
"/proizvodi/cosmos-lac-primers-349-400-ml-special-metal-primer-349-white","https://carsystemirm.com/proizvodi/grupa/cosmos-lac-primers-special-metal-primer","index","","Produkcioni self-reference"
"/proizvodi/cosmos-lac-primers-449-400-ml-special-metal-primer-449-grey","https://carsystemirm.com/proizvodi/grupa/cosmos-lac-primers-special-metal-primer","index","","Produkcioni self-reference"
"/proizvodi/cosmos-lac-putties-1-kg-fiberglass-premium-thixotropic-resin-1kg","https://carsystemirm.com/proizvodi/grupa/cosmos-lac-putties-fiberglass-premium-thixotropic-resin","index","","Produkcioni self-reference"
"/proizvodi/cosmos-lac-putties-5-kg-fiberglass-premium-thixotropic-resin-5kg","https://carsystemirm.com/proizvodi/grupa/cosmos-lac-putties-fiberglass-premium-thixotropic-resin","index","","Produkcioni self-reference"
"/proizvodi/cosmos-lac-putties-acrylic-putty-water-based","https://carsystemirm.com/proizvodi/cosmos-lac-putties-acrylic-putty-water-based","index","","Produkcioni self-reference"
"/proizvodi/cosmos-lac-putties-iron-filler","https://carsystemirm.com/proizvodi/grupa/cosmos-lac-putties-filler","index","","Produkcioni self-reference"
"/proizvodi/cosmos-lac-putties-marble-adhesive-filler","https://carsystemirm.com/proizvodi/grupa/cosmos-lac-putties-filler","index","","Produkcioni self-reference"
"/proizvodi/cosmos-lac-putties-polyester-putty-fiber-filler","https://carsystemirm.com/proizvodi/grupa/cosmos-lac-putties-filler","index","","Produkcioni self-reference"
"/proizvodi/cosmos-lac-ral-400-ml-500-ml-ral-brass-r310","https://carsystemirm.com/proizvodi/grupa/cosmos-lac-ral","index","","Produkcioni self-reference"
"/proizvodi/cosmos-lac-ral-400-ml-500-ml-ral-copper-r309","https://carsystemirm.com/proizvodi/grupa/cosmos-lac-ral","index","","Produkcioni self-reference"
"/proizvodi/cosmos-lac-ral-400-ml-500-ml-ral-gold-r308","https://carsystemirm.com/proizvodi/grupa/cosmos-lac-ral","index","","Produkcioni self-reference"
"/proizvodi/cosmos-lac-ral-400-ml-500-ml-ral-silver-r307","https://carsystemirm.com/proizvodi/grupa/cosmos-lac-ral","index","","Produkcioni self-reference"
"/proizvodi/cosmos-lac-ral-cl-301-ral-9010-mat-400-ml-500-ml-ral-9010-matt-white","https://carsystemirm.com/proizvodi/grupa/cosmos-lac-ral","index","","Produkcioni self-reference"
"/proizvodi/cosmos-lac-ral-cl-301-ral-9010-sjaj-400-ml-500-ml-ral-9010-gloss-white","https://carsystemirm.com/proizvodi/grupa/cosmos-lac-ral","index","","Produkcioni self-reference"
"/proizvodi/cosmos-lac-ral-cl-302-ral-1014-sjaj-400-ml-500-ml-ral-1014-ivory","https://carsystemirm.com/proizvodi/grupa/cosmos-lac-ral","index","","Produkcioni self-reference"
"/proizvodi/cosmos-lac-ral-cl-304-ral-9005-mat-400-ml-500-ml-ral-9005-matt-black","https://carsystemirm.com/proizvodi/grupa/cosmos-lac-ral","index","","Produkcioni self-reference"
"/proizvodi/cosmos-lac-ral-cl-304-ral-9005-polusjaj-400-ml-500-ml-ral-9005-semigloss-black","https://carsystemirm.com/proizvodi/grupa/cosmos-lac-ral","index","","Produkcioni self-reference"
"/proizvodi/cosmos-lac-ral-cl-304-ral-9005-sjaj-400-ml-500-ml-ral-9005-gloss-black","https://carsystemirm.com/proizvodi/grupa/cosmos-lac-ral","index","","Produkcioni self-reference"
"/proizvodi/cosmos-lac-ral-cl-305-ral-7011-sjaj-400-ml-500-ml-ral-7011-iron-grey","https://carsystemirm.com/proizvodi/grupa/cosmos-lac-ral","index","","Produkcioni self-reference"
"/proizvodi/cosmos-lac-ral-cl-306-ral-7042-sjaj-400-ml-500-ml-ral-7042-traffic-grey-a","https://carsystemirm.com/proizvodi/grupa/cosmos-lac-ral","index","","Produkcioni self-reference"
"/proizvodi/cosmos-lac-ral-cl-311-ral-3003-sjaj-400-ml-500-ml-ral-3003-ruby-red","https://carsystemirm.com/proizvodi/grupa/cosmos-lac-ral","index","","Produkcioni self-reference"
"/proizvodi/cosmos-lac-ral-cl-312-ral-3020-sjaj-400-ml-500-ml-ral-3020-traffic-red","https://carsystemirm.com/proizvodi/grupa/cosmos-lac-ral","index","","Produkcioni self-reference"
"/proizvodi/cosmos-lac-ral-cl-313-ral-1018-sjaj-400-ml-500-ml-ral-1018-zinc-yellow","https://carsystemirm.com/proizvodi/grupa/cosmos-lac-ral","index","","Produkcioni self-reference"
"/proizvodi/cosmos-lac-ral-cl-314-ral-6005-sjaj-400-ml-500-ml-ral-6005-moss-green","https://carsystemirm.com/proizvodi/grupa/cosmos-lac-ral","index","","Produkcioni self-reference"
"/proizvodi/cosmos-lac-ral-cl-315-ral-8011-sjaj-400-ml-500-ml-ral-8011-nut-brown","https://carsystemirm.com/proizvodi/grupa/cosmos-lac-ral","index","","Produkcioni self-reference"
"/proizvodi/cosmos-lac-ral-cl-316-ral-5010-sjaj-400-ml-500-ml-ral-5010-gentian-blue","https://carsystemirm.com/proizvodi/grupa/cosmos-lac-ral","index","","Produkcioni self-reference"
"/proizvodi/cosmos-lac-ral-cl-317-ral-5012-sjaj-400-ml-500-ml-ral-5012-light-blue","https://carsystemirm.com/proizvodi/grupa/cosmos-lac-ral","index","","Produkcioni self-reference"
"/proizvodi/cosmos-lac-ral-cl-318-ral-8017-sjaj-400-ml-500-ml-ral-8017-chocolate-brown","https://carsystemirm.com/proizvodi/grupa/cosmos-lac-ral","index","","Produkcioni self-reference"
"/proizvodi/cosmos-lac-ral-cl-319-ral-7035-sjaj-400-ml-500-ml-ral-7035-light-grey","https://carsystemirm.com/proizvodi/grupa/cosmos-lac-ral","index","","Produkcioni self-reference"
"/proizvodi/cosmos-lac-ral-cl-320-ral-1028-sjaj-400-ml-500-ml-ral-1028-melon-yellow","https://carsystemirm.com/proizvodi/grupa/cosmos-lac-ral","index","","Produkcioni self-reference"
"/proizvodi/cosmos-lac-ral-cl-321-ral-1007-sjaj-400-ml-500-ml-ral-1007-daffodil-yellow","https://carsystemirm.com/proizvodi/grupa/cosmos-lac-ral","index","","Produkcioni self-reference"
"/proizvodi/cosmos-lac-ral-cl-322-ral-7016-sjaj-400-ml-500-ml-ral-7016-anthracite-grey","https://carsystemirm.com/proizvodi/grupa/cosmos-lac-ral","index","","Produkcioni self-reference"
"/proizvodi/cosmos-lac-ral-cl-324-ral-8003-sjaj-400-ml-500-ml-ral-8003-clay-brown","https://carsystemirm.com/proizvodi/grupa/cosmos-lac-ral","index","","Produkcioni self-reference"
"/proizvodi/cosmos-lac-ral-cl-325-ral-3009-sjaj-400-ml-500-ml-ral-3009-oxide-red","https://carsystemirm.com/proizvodi/grupa/cosmos-lac-ral","index","","Produkcioni self-reference"
"/proizvodi/cosmos-lac-ral-cl-329-ral-2003-sjaj-400-ml-500-ml-ral-2003-pastel-orange","https://carsystemirm.com/proizvodi/grupa/cosmos-lac-ral","index","","Produkcioni self-reference"
"/proizvodi/cosmos-lac-ral-cl-330-ral-3000-sjaj-400-ml-500-ml-ral-3000-flame-red","https://carsystemirm.com/proizvodi/grupa/cosmos-lac-ral","index","","Produkcioni self-reference"
"/proizvodi/cosmos-lac-ral-cl-331-ral-2010-sjaj-400-ml-500-ml-ral-2010-signal-orange","https://carsystemirm.com/proizvodi/grupa/cosmos-lac-ral","index","","Produkcioni self-reference"
"/proizvodi/cosmos-lac-ral-cl-341-ral-5017-sjaj-400-ml-500-ml-ral-5017-traffic-blue","https://carsystemirm.com/proizvodi/grupa/cosmos-lac-ral","index","","Produkcioni self-reference"
"/proizvodi/cosmos-lac-ral-cl-347-ral-1015-sjaj-400-ml-500-ml-ral-1015-light-ivory","https://carsystemirm.com/proizvodi/grupa/cosmos-lac-ral","index","","Produkcioni self-reference"
"/proizvodi/cosmos-lac-ral-cl-411-ral-7001-sjaj-400-ml-500-ml-ral-7001-silver-grey","https://carsystemirm.com/proizvodi/grupa/cosmos-lac-ral","index","","Produkcioni self-reference"
"/proizvodi/cosmos-lac-ral-cl-412-ral-9002-sjaj-400-ml-500-ml-ral-9002-grey-white","https://carsystemirm.com/proizvodi/grupa/cosmos-lac-ral","index","","Produkcioni self-reference"
"/proizvodi/cosmos-lac-ral-cl-413-ral-5013-sjaj-400-ml-500-ml-ral-5013-cobalt-blue","https://carsystemirm.com/proizvodi/grupa/cosmos-lac-ral","index","","Produkcioni self-reference"
"/proizvodi/cosmos-lac-ral-cl-414-ral-8004-sjaj-400-ml-500-ml-ral-8004-copper-brown","https://carsystemirm.com/proizvodi/grupa/cosmos-lac-ral","index","","Produkcioni self-reference"
"/proizvodi/cosmos-lac-ral-cl-415-ral-1013-sjaj-400-ml-500-ml-ral-1013-oyster-white","https://carsystemirm.com/proizvodi/grupa/cosmos-lac-ral","index","","Produkcioni self-reference"
"/proizvodi/cosmos-lac-ral-cl-416-ral-8016-sjaj-400-ml-500-ml-ral-8016-mahogany-brown","https://carsystemirm.com/proizvodi/grupa/cosmos-lac-ral","index","","Produkcioni self-reference"
"/proizvodi/cosmos-lac-ral-cl-417-ral-5002-sjaj-400-ml-500-ml-ral-5002-ultramarine-blue","https://carsystemirm.com/proizvodi/grupa/cosmos-lac-ral","index","","Produkcioni self-reference"
"/proizvodi/cosmos-lac-ral-cl-418-ral-5018-sjaj-400-ml-500-ml-ral-5018-turquoise-blue","https://carsystemirm.com/proizvodi/grupa/cosmos-lac-ral","index","","Produkcioni self-reference"
"/proizvodi/cosmos-lac-ral-cl-419-ral-8019-sjaj-400-ml-500-ml-ral-8019-grey-brown","https://carsystemirm.com/proizvodi/grupa/cosmos-lac-ral","index","","Produkcioni self-reference"
"/proizvodi/cosmos-lac-ral-cl-420-ral-7021-sjaj-400-ml-500-ml-ral-7021-black-grey","https://carsystemirm.com/proizvodi/grupa/cosmos-lac-ral","index","","Produkcioni self-reference"
"/proizvodi/cosmos-lac-ral-cl-425-ral-9001-sjaj-400-ml-500-ml-ral-9001-cream","https://carsystemirm.com/proizvodi/grupa/cosmos-lac-ral","index","","Produkcioni self-reference"
"/proizvodi/cosmos-lac-ral-cl-426-ral-9003-sjaj-400-ml-500-ml-ral-9003-signal-white","https://carsystemirm.com/proizvodi/grupa/cosmos-lac-ral","index","","Produkcioni self-reference"
"/proizvodi/cosmos-lac-ral-cl-427-ral-9007-sjaj-400-ml-500-ml-ral-9007-grey-aluminium","https://carsystemirm.com/proizvodi/grupa/cosmos-lac-ral","index","","Produkcioni self-reference"
"/proizvodi/cosmos-lac-ral-cl-428-ral-6028-sjaj-400-ml-500-ml-ral-6028-pine-green","https://carsystemirm.com/proizvodi/grupa/cosmos-lac-ral","index","","Produkcioni self-reference"
"/proizvodi/cosmos-lac-ral-cl-453-ral-1023-sjaj-400-ml-500-ml-ral-1023-traffic-yellow","https://carsystemirm.com/proizvodi/grupa/cosmos-lac-ral","index","","Produkcioni self-reference"
"/proizvodi/cosmos-lac-ral-cl-455-ral-6009-sjaj-400-ml-500-ml-ral-6009-fir-green","https://carsystemirm.com/proizvodi/grupa/cosmos-lac-ral","index","","Produkcioni self-reference"
"/proizvodi/cosmos-lac-ral-cl-460-ral-6002-sjaj-400-ml-500-ml-ral-6002-leaf-green","https://carsystemirm.com/proizvodi/grupa/cosmos-lac-ral","index","","Produkcioni self-reference"
"/proizvodi/cosmos-lac-ral-cl-462-ral-6001-sjaj-400-ml-500-ml-ral-6001-emerald-green","https://carsystemirm.com/proizvodi/grupa/cosmos-lac-ral","index","","Produkcioni self-reference"
"/proizvodi/cosmos-lac-ral-cl-463-ral-6018-sjaj-400-ml-500-ml-ral-6018-yellow-green","https://carsystemirm.com/proizvodi/grupa/cosmos-lac-ral","index","","Produkcioni self-reference"
"/proizvodi/cosmos-lac-ral-cl-464-ral-3004-sjaj-400-ml-500-ml-ral-3004-purple-red","https://carsystemirm.com/proizvodi/grupa/cosmos-lac-ral","index","","Produkcioni self-reference"
"/proizvodi/cosmos-lac-ral-cl-465-ral-3015-sjaj-400-ml-500-ml-ral-3015-light-pink","https://carsystemirm.com/proizvodi/grupa/cosmos-lac-ral","index","","Produkcioni self-reference"
"/proizvodi/cosmos-lac-ral-cl-466-ral-8000-sjaj-400-ml-500-ml-ral-8000-green-brown","https://carsystemirm.com/proizvodi/grupa/cosmos-lac-ral","index","","Produkcioni self-reference"
"/proizvodi/cosmos-lac-ral-cl-468-ral-4003-sjaj-400-ml-500-ml-ral-4003-heather-violet","https://carsystemirm.com/proizvodi/grupa/cosmos-lac-ral","index","","Produkcioni self-reference"
"/proizvodi/cosmos-lac-ral-cl-469-ral-4005-sjaj-400-ml-500-ml-ral-4005-blue-lilac","https://carsystemirm.com/proizvodi/grupa/cosmos-lac-ral","index","","Produkcioni self-reference"
"/proizvodi/cosmos-lac-ral-ral-3002-sjaj-400-ml-500-ml-ral-3002-carmine-red","https://carsystemirm.com/proizvodi/grupa/cosmos-lac-ral","index","","Produkcioni self-reference"
"/proizvodi/cosmos-lac-ral-ral-4006-sjaj-400-ml-500-ml-ral-4006-traffic-purple","https://carsystemirm.com/proizvodi/grupa/cosmos-lac-ral","index","","Produkcioni self-reference"
"/proizvodi/cosmos-lac-ral-ral-5015-sjaj-400-ml-500-ml-ral-5015-sky-blue","https://carsystemirm.com/proizvodi/grupa/cosmos-lac-ral","index","","Produkcioni self-reference"
"/proizvodi/cosmos-lac-ral-ral-7015-sjaj-400-ml-500-ml-ral-7015-slate-grey","https://carsystemirm.com/proizvodi/grupa/cosmos-lac-ral","index","","Produkcioni self-reference"
"/proizvodi/cosmos-lac-ral-ral-8014-sjaj-400-ml-500-ml-ral-8014-sepia-brown","https://carsystemirm.com/proizvodi/grupa/cosmos-lac-ral","index","","Produkcioni self-reference"
"/proizvodi/cosmos-lac-sealer-260-400-ml-sealer-260-black","https://carsystemirm.com/proizvodi/grupa/cosmos-lac-sealer","index","","Produkcioni self-reference"
"/proizvodi/cosmos-lac-sealer-261-400-ml-sealer-261-grey","https://carsystemirm.com/proizvodi/grupa/cosmos-lac-sealer","index","","Produkcioni self-reference"
"/proizvodi/cosmos-lac-sealer-262-400-ml-sealer-262-white","https://carsystemirm.com/proizvodi/grupa/cosmos-lac-sealer","index","","Produkcioni self-reference"
"/proizvodi/cosmos-lac-sealer-263-400-ml-sealer-263-brick-red","https://carsystemirm.com/proizvodi/grupa/cosmos-lac-sealer","index","","Produkcioni self-reference"
"/proizvodi/cosmos-lac-spray-bike-100-400-ml-spray-bike-london-collection-100-blackfriars","https://carsystemirm.com/proizvodi/grupa/cosmos-lac-spray-bike","index","","Produkcioni self-reference"
"/proizvodi/cosmos-lac-spray-bike-101-400-ml-spray-bike-london-collection-101-whitechapel","https://carsystemirm.com/proizvodi/grupa/cosmos-lac-spray-bike","index","","Produkcioni self-reference"
"/proizvodi/cosmos-lac-spray-bike-102-400-ml-spray-bike-london-collection-102-chalk-farm","https://carsystemirm.com/proizvodi/grupa/cosmos-lac-spray-bike","index","","Produkcioni self-reference"
"/proizvodi/cosmos-lac-spray-bike-103-400-ml-spray-bike-london-collection-103-primrose-hill","https://carsystemirm.com/proizvodi/grupa/cosmos-lac-spray-bike","index","","Produkcioni self-reference"
"/proizvodi/cosmos-lac-spray-bike-104-400-ml-spray-bike-london-collection-104-goldhawk-road","https://carsystemirm.com/proizvodi/grupa/cosmos-lac-spray-bike","index","","Produkcioni self-reference"
"/proizvodi/cosmos-lac-spray-bike-105-400-ml-spray-bike-london-collection-105-sands-end","https://carsystemirm.com/proizvodi/grupa/cosmos-lac-spray-bike","index","","Produkcioni self-reference"
"/proizvodi/cosmos-lac-spray-bike-106-400-ml-spray-bike-london-collection-106-whetstone","https://carsystemirm.com/proizvodi/grupa/cosmos-lac-spray-bike","index","","Produkcioni self-reference"
"/proizvodi/cosmos-lac-spray-bike-107-400-ml-spray-bike-london-collection-107-royal-oak","https://carsystemirm.com/proizvodi/grupa/cosmos-lac-spray-bike","index","","Produkcioni self-reference"
"/proizvodi/cosmos-lac-spray-bike-108-400-ml-spray-bike-london-collection-108-bethnal-green","https://carsystemirm.com/proizvodi/grupa/cosmos-lac-spray-bike","index","","Produkcioni self-reference"
"/proizvodi/cosmos-lac-spray-bike-109-400-ml-spray-bike-london-collection-109-limehouse","https://carsystemirm.com/proizvodi/grupa/cosmos-lac-spray-bike","index","","Produkcioni self-reference"
"/proizvodi/cosmos-lac-spray-bike-110-400-ml-spray-bike-london-collection-110-parsons-green","https://carsystemirm.com/proizvodi/grupa/cosmos-lac-spray-bike","index","","Produkcioni self-reference"
"/proizvodi/cosmos-lac-spray-bike-111-400-ml-spray-bike-london-collection-111-greenwich","https://carsystemirm.com/proizvodi/grupa/cosmos-lac-spray-bike","index","","Produkcioni self-reference"
"/proizvodi/cosmos-lac-spray-bike-112-400-ml-spray-bike-london-collection-112-coldharbour-lane","https://carsystemirm.com/proizvodi/grupa/cosmos-lac-spray-bike","index","","Produkcioni self-reference"
"/proizvodi/cosmos-lac-spray-bike-113-400-ml-spray-bike-london-collection-113-bayswater","https://carsystemirm.com/proizvodi/grupa/cosmos-lac-spray-bike","index","","Produkcioni self-reference"
"/proizvodi/cosmos-lac-spray-bike-114-400-ml-spray-bike-london-collection-114-battersea","https://carsystemirm.com/proizvodi/grupa/cosmos-lac-spray-bike","index","","Produkcioni self-reference"
"/proizvodi/cosmos-lac-spray-bike-115-400-ml-spray-bike-london-collection-115-plumstead","https://carsystemirm.com/proizvodi/grupa/cosmos-lac-spray-bike","index","","Produkcioni self-reference"
"/proizvodi/cosmos-lac-spray-bike-116-400-ml-spray-bike-london-collection-116-salmon-lane","https://carsystemirm.com/proizvodi/grupa/cosmos-lac-spray-bike","index","","Produkcioni self-reference"
"/proizvodi/cosmos-lac-spray-bike-117-400-ml-spray-bike-london-collection-117-strawberry-hill","https://carsystemirm.com/proizvodi/grupa/cosmos-lac-spray-bike","index","","Produkcioni self-reference"
"/proizvodi/cosmos-lac-spray-bike-118-400-ml-spray-bike-london-collection-118-redbridge","https://carsystemirm.com/proizvodi/grupa/cosmos-lac-spray-bike","index","","Produkcioni self-reference"
"/proizvodi/cosmos-lac-spray-bike-119-400-ml-spray-bike-london-collection-119-brick-lane","https://carsystemirm.com/proizvodi/grupa/cosmos-lac-spray-bike","index","","Produkcioni self-reference"
"/proizvodi/cosmos-lac-spray-bike-120-400-ml-spray-bike-london-collection-120-marylebone","https://carsystemirm.com/proizvodi/grupa/cosmos-lac-spray-bike","index","","Produkcioni self-reference"
"/proizvodi/cosmos-lac-spray-bike-121-400-ml-spray-bike-london-collection-121-clay-hill","https://carsystemirm.com/proizvodi/grupa/cosmos-lac-spray-bike","index","","Produkcioni self-reference"
"/proizvodi/cosmos-lac-spray-bike-122-400-ml-spray-bike-london-collection-122-silvertown","https://carsystemirm.com/proizvodi/grupa/cosmos-lac-spray-bike","index","","Produkcioni self-reference"
"/proizvodi/cosmos-lac-spray-bike-123-400-ml-spray-bike-london-collection-123-gray-s-inn","https://carsystemirm.com/proizvodi/grupa/cosmos-lac-spray-bike","index","","Produkcioni self-reference"
"/proizvodi/cosmos-lac-spray-bike-201-400-ml-spray-bike-historic-collection-201-chicago-yellow","https://carsystemirm.com/proizvodi/grupa/cosmos-lac-spray-bike","index","","Produkcioni self-reference"
"/proizvodi/cosmos-lac-spray-bike-202-400-ml-spray-bike-historic-collection-202-milan-celadon-1","https://carsystemirm.com/proizvodi/grupa/cosmos-lac-spray-bike","index","","Produkcioni self-reference"
"/proizvodi/cosmos-lac-spray-bike-203-400-ml-spray-bike-historic-collection-203-milan-celadon-2","https://carsystemirm.com/proizvodi/grupa/cosmos-lac-spray-bike","index","","Produkcioni self-reference"
"/proizvodi/cosmos-lac-spray-bike-204-400-ml-spray-bike-historic-collection-204-coventry-red","https://carsystemirm.com/proizvodi/grupa/cosmos-lac-spray-bike","index","","Produkcioni self-reference"
"/proizvodi/cosmos-lac-spray-bike-205-400-ml-spray-bike-historic-collection-205-meise-orange","https://carsystemirm.com/proizvodi/grupa/cosmos-lac-spray-bike","index","","Produkcioni self-reference"
"/proizvodi/cosmos-lac-spray-bike-206-400-ml-spray-bike-historic-collection-206-milan-blue","https://carsystemirm.com/proizvodi/grupa/cosmos-lac-spray-bike","index","","Produkcioni self-reference"
"/proizvodi/cosmos-lac-spray-bike-221-400-ml-spray-bike-vintage-collection-221-bradbury","https://carsystemirm.com/proizvodi/grupa/cosmos-lac-spray-bike","index","","Produkcioni self-reference"
"/proizvodi/cosmos-lac-spray-bike-222-400-ml-spray-bike-vintage-collection-222-hercules","https://carsystemirm.com/proizvodi/grupa/cosmos-lac-spray-bike","index","","Produkcioni self-reference"
"/proizvodi/cosmos-lac-spray-bike-223-400-ml-spray-bike-vintage-collection-223-humber","https://carsystemirm.com/proizvodi/grupa/cosmos-lac-spray-bike","index","","Produkcioni self-reference"
"/proizvodi/cosmos-lac-spray-bike-224-400-ml-spray-bike-vintage-collection-224-excelsior","https://carsystemirm.com/proizvodi/grupa/cosmos-lac-spray-bike","index","","Produkcioni self-reference"
"/proizvodi/cosmos-lac-spray-bike-225-400-ml-spray-bike-vintage-collection-225-eagle","https://carsystemirm.com/proizvodi/grupa/cosmos-lac-spray-bike","index","","Produkcioni self-reference"
"/proizvodi/cosmos-lac-spray-bike-226-400-ml-spray-bike-vintage-collection-226-calcott","https://carsystemirm.com/proizvodi/grupa/cosmos-lac-spray-bike","index","","Produkcioni self-reference"
"/proizvodi/cosmos-lac-spray-bike-227-400-ml-spray-bike-vintage-collection-227-perry","https://carsystemirm.com/proizvodi/grupa/cosmos-lac-spray-bike","index","","Produkcioni self-reference"
"/proizvodi/cosmos-lac-spray-bike-228-400-ml-spray-bike-vintage-collection-228-warrick","https://carsystemirm.com/proizvodi/grupa/cosmos-lac-spray-bike","index","","Produkcioni self-reference"
"/proizvodi/cosmos-lac-spray-bike-229-400-ml-spray-bike-vintage-collection-229-ariel","https://carsystemirm.com/proizvodi/grupa/cosmos-lac-spray-bike","index","","Produkcioni self-reference"
"/proizvodi/cosmos-lac-spray-bike-230-400-ml-spray-bike-vintage-collection-230-elswick","https://carsystemirm.com/proizvodi/grupa/cosmos-lac-spray-bike","index","","Produkcioni self-reference"
"/proizvodi/cosmos-lac-spray-bike-231-400-ml-spray-bike-vintage-collection-231-rudge","https://carsystemirm.com/proizvodi/grupa/cosmos-lac-spray-bike","index","","Produkcioni self-reference"
"/proizvodi/cosmos-lac-spray-bike-232-400-ml-spray-bike-vintage-collection-232-carlton","https://carsystemirm.com/proizvodi/grupa/cosmos-lac-spray-bike","index","","Produkcioni self-reference"
"/proizvodi/cosmos-lac-spray-bike-241-400-ml-spray-bike-pop-collection-241-bomber","https://carsystemirm.com/proizvodi/grupa/cosmos-lac-spray-bike","index","","Produkcioni self-reference"
"/proizvodi/cosmos-lac-spray-bike-242-400-ml-spray-bike-pop-collection-242-memphis","https://carsystemirm.com/proizvodi/grupa/cosmos-lac-spray-bike","index","","Produkcioni self-reference"
"/proizvodi/cosmos-lac-spray-bike-243-400-ml-spray-bike-pop-collection-243-superbe","https://carsystemirm.com/proizvodi/grupa/cosmos-lac-spray-bike","index","","Produkcioni self-reference"
"/proizvodi/cosmos-lac-spray-bike-244-400-ml-spray-bike-pop-collection-244-mustang","https://carsystemirm.com/proizvodi/grupa/cosmos-lac-spray-bike","index","","Produkcioni self-reference"
"/proizvodi/cosmos-lac-spray-bike-245-400-ml-spray-bike-pop-collection-245-grifter","https://carsystemirm.com/proizvodi/grupa/cosmos-lac-spray-bike","index","","Produkcioni self-reference"
"/proizvodi/cosmos-lac-spray-bike-246-400-ml-spray-bike-pop-collection-246-quasar","https://carsystemirm.com/proizvodi/grupa/cosmos-lac-spray-bike","index","","Produkcioni self-reference"
"/proizvodi/cosmos-lac-spray-bike-247-400-ml-spray-bike-pop-collection-247-winkie","https://carsystemirm.com/proizvodi/grupa/cosmos-lac-spray-bike","index","","Produkcioni self-reference"
"/proizvodi/cosmos-lac-spray-bike-248-400-ml-spray-bike-pop-collection-248-mirage","https://carsystemirm.com/proizvodi/grupa/cosmos-lac-spray-bike","index","","Produkcioni self-reference"
"/proizvodi/cosmos-lac-spray-bike-249-400-ml-spray-bike-pop-collection-249-riviera","https://carsystemirm.com/proizvodi/grupa/cosmos-lac-spray-bike","index","","Produkcioni self-reference"
"/proizvodi/cosmos-lac-spray-bike-250-400-ml-spray-bike-pop-collection-250-royale","https://carsystemirm.com/proizvodi/grupa/cosmos-lac-spray-bike","index","","Produkcioni self-reference"
"/proizvodi/cosmos-lac-spray-bike-251-400-ml-spray-bike-pop-collection-251-misty","https://carsystemirm.com/proizvodi/grupa/cosmos-lac-spray-bike","index","","Produkcioni self-reference"
"/proizvodi/cosmos-lac-spray-bike-252-400-ml-spray-bike-pop-collection-252-calypso","https://carsystemirm.com/proizvodi/grupa/cosmos-lac-spray-bike","index","","Produkcioni self-reference"
"/proizvodi/cosmos-lac-spray-bike-261-400-ml-spray-bike-fluorescent-collection-261-fluro-light-blue","https://carsystemirm.com/proizvodi/grupa/cosmos-lac-spray-bike","index","","Produkcioni self-reference"
"/proizvodi/cosmos-lac-spray-bike-262-400-ml-spray-bike-fluorescent-collection-262-fluro-green","https://carsystemirm.com/proizvodi/grupa/cosmos-lac-spray-bike","index","","Produkcioni self-reference"
"/proizvodi/cosmos-lac-spray-bike-263-400-ml-spray-bike-fluorescent-collection-263-fluro-orange","https://carsystemirm.com/proizvodi/grupa/cosmos-lac-spray-bike","index","","Produkcioni self-reference"
"/proizvodi/cosmos-lac-spray-bike-264-400-ml-spray-bike-fluorescent-collection-264-fluro-pink","https://carsystemirm.com/proizvodi/grupa/cosmos-lac-spray-bike","index","","Produkcioni self-reference"
"/proizvodi/cosmos-lac-spray-bike-265-400-ml-spray-bike-fluorescent-collection-265-fluro-magenta","https://carsystemirm.com/proizvodi/grupa/cosmos-lac-spray-bike","index","","Produkcioni self-reference"
"/proizvodi/cosmos-lac-spray-bike-266-400-ml-spray-bike-fluorescent-collection-266-fluro-yellow","https://carsystemirm.com/proizvodi/grupa/cosmos-lac-spray-bike","index","","Produkcioni self-reference"
"/proizvodi/cosmos-lac-spray-bike-267-400-ml-spray-bike-nightshade-collection-267-raven-grey","https://carsystemirm.com/proizvodi/grupa/cosmos-lac-spray-bike","index","","Produkcioni self-reference"
"/proizvodi/cosmos-lac-spray-bike-268-400-ml-spray-bike-nightshade-collection-268-elderberry","https://carsystemirm.com/proizvodi/grupa/cosmos-lac-spray-bike","index","","Produkcioni self-reference"
"/proizvodi/cosmos-lac-spray-bike-269-400-ml-spray-bike-nightshade-collection-269-moorland","https://carsystemirm.com/proizvodi/grupa/cosmos-lac-spray-bike","index","","Produkcioni self-reference"
"/proizvodi/cosmos-lac-spray-bike-270-400-ml-spray-bike-nightshade-collection-270-storm","https://carsystemirm.com/proizvodi/grupa/cosmos-lac-spray-bike","index","","Produkcioni self-reference"
"/proizvodi/cosmos-lac-spray-bike-271-400-ml-spray-bike-nightshade-collection-271-black-cherry","https://carsystemirm.com/proizvodi/grupa/cosmos-lac-spray-bike","index","","Produkcioni self-reference"
"/proizvodi/cosmos-lac-spray-bike-272-400-ml-spray-bike-nightshade-collection-272-peacock","https://carsystemirm.com/proizvodi/grupa/cosmos-lac-spray-bike","index","","Produkcioni self-reference"
"/proizvodi/cosmos-lac-spray-bike-400-ml-spray-bike-cobweb-black","https://carsystemirm.com/proizvodi/grupa/cosmos-lac-spray-bike","index","","Produkcioni self-reference"
"/proizvodi/cosmos-lac-spray-bike-400-ml-spray-bike-cobweb-celadon","https://carsystemirm.com/proizvodi/grupa/cosmos-lac-spray-bike","index","","Produkcioni self-reference"
"/proizvodi/cosmos-lac-spray-bike-400-ml-spray-bike-cobweb-gold","https://carsystemirm.com/proizvodi/grupa/cosmos-lac-spray-bike","index","","Produkcioni self-reference"
"/proizvodi/cosmos-lac-spray-bike-400-ml-spray-bike-cobweb-silver","https://carsystemirm.com/proizvodi/grupa/cosmos-lac-spray-bike","index","","Produkcioni self-reference"
"/proizvodi/cosmos-lac-spray-bike-400-ml-spray-bike-cobweb-white","https://carsystemirm.com/proizvodi/grupa/cosmos-lac-spray-bike","index","","Produkcioni self-reference"
"/proizvodi/cosmos-lac-spray-bike-400-sjaj-400-ml-spray-bike-frame-builder-s-400-transparent-finish-gloss","https://carsystemirm.com/proizvodi/grupa/cosmos-lac-spray-bike","index","","Produkcioni self-reference"
"/proizvodi/cosmos-lac-spray-bike-401-mat-400-ml-spray-bike-frame-builder-s-401-transparent-finish-matte","https://carsystemirm.com/proizvodi/grupa/cosmos-lac-spray-bike","index","","Produkcioni self-reference"
"/proizvodi/cosmos-lac-spray-bike-410-400-ml-spray-bike-frame-builder-s-410-frame-builder-s-putty","https://carsystemirm.com/proizvodi/grupa/cosmos-lac-spray-bike","index","","Produkcioni self-reference"
"/proizvodi/cosmos-lac-spray-bike-420-400-ml-spray-bike-frame-builder-s-420-carbon-primer","https://carsystemirm.com/proizvodi/grupa/cosmos-lac-spray-bike","index","","Produkcioni self-reference"
"/proizvodi/cosmos-lac-spray-bike-430-400-ml-spray-bike-frame-builder-s-430-metal-primer","https://carsystemirm.com/proizvodi/grupa/cosmos-lac-spray-bike","index","","Produkcioni self-reference"
"/proizvodi/cosmos-lac-spray-bike-440-400-ml-spray-bike-frame-builder-s-440-cold-zinc","https://carsystemirm.com/proizvodi/grupa/cosmos-lac-spray-bike","index","","Produkcioni self-reference"
"/proizvodi/cosmos-lac-spray-bike-450-400-ml-spray-bike-frame-builder-s-450-top-wax","https://carsystemirm.com/proizvodi/grupa/cosmos-lac-spray-bike","index","","Produkcioni self-reference"
"/proizvodi/cosmos-lac-spray-bike-460-400-ml-spray-bike-frame-builder-s-460-metal-plating-copper","https://carsystemirm.com/proizvodi/grupa/cosmos-lac-spray-bike","index","","Produkcioni self-reference"
"/proizvodi/cosmos-lac-spray-bike-461-400-ml-spray-bike-frame-builder-s-461-metal-plating-bronze-gold","https://carsystemirm.com/proizvodi/grupa/cosmos-lac-spray-bike","index","","Produkcioni self-reference"
"/proizvodi/cosmos-lac-spray-bike-462-400-ml-spray-bike-frame-builder-s-462-metal-plating-brass-gold","https://carsystemirm.com/proizvodi/grupa/cosmos-lac-spray-bike","index","","Produkcioni self-reference"
"/proizvodi/cosmos-lac-spray-bike-463-400-ml-spray-bike-frame-builder-s-463-metal-plating-pewter-silver","https://carsystemirm.com/proizvodi/grupa/cosmos-lac-spray-bike","index","","Produkcioni self-reference"
"/proizvodi/cosmos-lac-spray-bike-601-400-ml-spray-bike-keirin-collection-601-keirin-flake-gold","https://carsystemirm.com/proizvodi/grupa/cosmos-lac-spray-bike","index","","Produkcioni self-reference"
"/proizvodi/cosmos-lac-spray-bike-602-400-ml-spray-bike-keirin-collection-602-keirin-flake-silver","https://carsystemirm.com/proizvodi/grupa/cosmos-lac-spray-bike","index","","Produkcioni self-reference"
"/proizvodi/cosmos-lac-spray-bike-603-400-ml-spray-bike-keirin-collection-603-keirin-flake-red","https://carsystemirm.com/proizvodi/grupa/cosmos-lac-spray-bike","index","","Produkcioni self-reference"
"/proizvodi/cosmos-lac-spray-bike-604-400-ml-spray-bike-keirin-collection-604-keirin-flake-blue","https://carsystemirm.com/proizvodi/grupa/cosmos-lac-spray-bike","index","","Produkcioni self-reference"
"/proizvodi/cosmos-lac-spray-bike-605-400-ml-spray-bike-keirin-collection-605-keirin-flake-green","https://carsystemirm.com/proizvodi/grupa/cosmos-lac-spray-bike","index","","Produkcioni self-reference"
"/proizvodi/cosmos-lac-spray-bike-606-400-ml-spray-bike-keirin-collection-606-keirin-flake-multi","https://carsystemirm.com/proizvodi/grupa/cosmos-lac-spray-bike","index","","Produkcioni self-reference"
"/proizvodi/cosmos-lac-varnishes-370-providna-400-ml-metal-varnish-370-transparent","https://carsystemirm.com/proizvodi/grupa/cosmos-lac-varnishes","index","","Produkcioni self-reference"
"/proizvodi/cosmos-lac-varnishes-601-400-ml-tinted-wood-varnish-601-mahogany","https://carsystemirm.com/proizvodi/grupa/cosmos-lac-varnishes","index","","Produkcioni self-reference"
"/proizvodi/cosmos-lac-varnishes-603-400-ml-tinted-wood-varnish-603-walnut","https://carsystemirm.com/proizvodi/grupa/cosmos-lac-varnishes","index","","Produkcioni self-reference"
"/proizvodi/cosmos-lac-varnishes-604-400-ml-tinted-wood-varnish-604-oak","https://carsystemirm.com/proizvodi/grupa/cosmos-lac-varnishes","index","","Produkcioni self-reference"
"/proizvodi/cosmos-lac-varnishes-607-400-ml-tinted-wood-varnish-607-teak","https://carsystemirm.com/proizvodi/grupa/cosmos-lac-varnishes","index","","Produkcioni self-reference"
"/proizvodi/cosmos-lac-w-wood-care-cl-610-mat-w-water-based-varnish-610-matt","https://carsystemirm.com/proizvodi/grupa/cosmos-lac-w-wood-care-varnish","index","","Produkcioni self-reference"
"/proizvodi/cosmos-lac-w-wood-care-cl-611-saten-w-water-based-varnish-611-satin","https://carsystemirm.com/proizvodi/grupa/cosmos-lac-w-wood-care-varnish","index","","Produkcioni self-reference"
"/proizvodi/cosmos-lac-w-wood-care-sjaj-w-wood-impregnating-varnish-transparent-gloss","https://carsystemirm.com/proizvodi/grupa/cosmos-lac-w-wood-care-varnish","index","","Produkcioni self-reference"
"/proizvodi/cosmos-lac-w-wood-care-w-wood-impregnating-varnish-chestnut","https://carsystemirm.com/proizvodi/grupa/cosmos-lac-w-wood-care-varnish","index","","Produkcioni self-reference"
"/proizvodi/cosmos-lac-w-wood-care-w-wood-impregnating-varnish-green","https://carsystemirm.com/proizvodi/grupa/cosmos-lac-w-wood-care-varnish","index","","Produkcioni self-reference"
"/proizvodi/cosmos-lac-w-wood-care-w-wood-impregnating-varnish-pine","https://carsystemirm.com/proizvodi/grupa/cosmos-lac-w-wood-care-varnish","index","","Produkcioni self-reference"
"/proizvodi/cosmos-lac-w-wood-care-w-wood-impregnating-varnish-rosewood","https://carsystemirm.com/proizvodi/grupa/cosmos-lac-w-wood-care-varnish","index","","Produkcioni self-reference"
"/proizvodi/cosmos-lac-w-wood-care-w-wood-impregnating-varnish-walnut","https://carsystemirm.com/proizvodi/grupa/cosmos-lac-w-wood-care-varnish","index","","Produkcioni self-reference"
"/proizvodi/cosmos-lac-wheel-rim-229-mat-400-ml-wheel-rim-229-deluxe-silver-matte","https://carsystemirm.com/proizvodi/grupa/cosmos-lac-wheel-rim","index","","Produkcioni self-reference"
"/proizvodi/cosmos-lac-wheel-rim-326-400-ml-wheel-rim-326-aluminium","https://carsystemirm.com/proizvodi/grupa/cosmos-lac-wheel-rim","index","","Produkcioni self-reference"
"/proizvodi/cosmos-lac-wheel-rim-327-400-ml-wheel-rim-327-black-diamond","https://carsystemirm.com/proizvodi/grupa/cosmos-lac-wheel-rim","index","","Produkcioni self-reference"
"/proizvodi/cosmos-lac-wheel-rim-328-400-ml-wheel-rim-328-silver-diamond","https://carsystemirm.com/proizvodi/grupa/cosmos-lac-wheel-rim","index","","Produkcioni self-reference"
"/proizvodi/cosmos-lac-wood-putties-1-water-based-wood-putty-1-mahogany-light","https://carsystemirm.com/proizvodi/grupa/cosmos-lac-wood-putties-water-based-wood-putty","index","","Produkcioni self-reference"
"/proizvodi/cosmos-lac-wood-putties-10-water-based-wood-putty-10-natural","https://carsystemirm.com/proizvodi/grupa/cosmos-lac-wood-putties-water-based-wood-putty","index","","Produkcioni self-reference"
"/proizvodi/cosmos-lac-wood-putties-11-water-based-wood-putty-11-beech","https://carsystemirm.com/proizvodi/grupa/cosmos-lac-wood-putties-water-based-wood-putty","index","","Produkcioni self-reference"
"/proizvodi/cosmos-lac-wood-putties-12-water-based-wood-putty-12-white","https://carsystemirm.com/proizvodi/grupa/cosmos-lac-wood-putties-water-based-wood-putty","index","","Produkcioni self-reference"
"/proizvodi/cosmos-lac-wood-putties-13-water-based-wood-putty-13-black","https://carsystemirm.com/proizvodi/grupa/cosmos-lac-wood-putties-water-based-wood-putty","index","","Produkcioni self-reference"
"/proizvodi/cosmos-lac-wood-putties-14-water-based-wood-putty-14-grey","https://carsystemirm.com/proizvodi/grupa/cosmos-lac-wood-putties-water-based-wood-putty","index","","Produkcioni self-reference"
"/proizvodi/cosmos-lac-wood-putties-15-water-based-wood-putty-15-oak-dark","https://carsystemirm.com/proizvodi/grupa/cosmos-lac-wood-putties-water-based-wood-putty","index","","Produkcioni self-reference"
"/proizvodi/cosmos-lac-wood-putties-16-water-based-wood-putty-16-teak","https://carsystemirm.com/proizvodi/grupa/cosmos-lac-wood-putties-water-based-wood-putty","index","","Produkcioni self-reference"
"/proizvodi/cosmos-lac-wood-putties-17-water-based-wood-putty-17-cherry","https://carsystemirm.com/proizvodi/grupa/cosmos-lac-wood-putties-water-based-wood-putty","index","","Produkcioni self-reference"
"/proizvodi/cosmos-lac-wood-putties-18-water-based-wood-putty-18-cherry-light","https://carsystemirm.com/proizvodi/grupa/cosmos-lac-wood-putties-water-based-wood-putty","index","","Produkcioni self-reference"
"/proizvodi/cosmos-lac-wood-putties-2-water-based-wood-putty-2-mahogany-dark","https://carsystemirm.com/proizvodi/grupa/cosmos-lac-wood-putties-water-based-wood-putty","index","","Produkcioni self-reference"
"/proizvodi/cosmos-lac-wood-putties-3-water-based-wood-putty-3-walnut-light","https://carsystemirm.com/proizvodi/grupa/cosmos-lac-wood-putties-water-based-wood-putty","index","","Produkcioni self-reference"
"/proizvodi/cosmos-lac-wood-putties-4-water-based-wood-putty-4-walnut-semi-dark","https://carsystemirm.com/proizvodi/grupa/cosmos-lac-wood-putties-water-based-wood-putty","index","","Produkcioni self-reference"
"/proizvodi/cosmos-lac-wood-putties-5-water-based-wood-putty-5-walnut-dark","https://carsystemirm.com/proizvodi/grupa/cosmos-lac-wood-putties-water-based-wood-putty","index","","Produkcioni self-reference"
"/proizvodi/cosmos-lac-wood-putties-6-water-based-wood-putty-6-pine","https://carsystemirm.com/proizvodi/grupa/cosmos-lac-wood-putties-water-based-wood-putty","index","","Produkcioni self-reference"
"/proizvodi/cosmos-lac-wood-putties-7-water-based-wood-putty-7-maple-tree","https://carsystemirm.com/proizvodi/grupa/cosmos-lac-wood-putties-water-based-wood-putty","index","","Produkcioni self-reference"
"/proizvodi/cosmos-lac-wood-putties-8-water-based-wood-putty-8-oregon","https://carsystemirm.com/proizvodi/grupa/cosmos-lac-wood-putties-water-based-wood-putty","index","","Produkcioni self-reference"
"/proizvodi/cosmos-lac-wood-putties-9-water-based-wood-putty-9-oak","https://carsystemirm.com/proizvodi/grupa/cosmos-lac-wood-putties-water-based-wood-putty","index","","Produkcioni self-reference"
"/proizvodi/cosmos-lac-zinc-500-400-ml-zinc-maximum-500","https://carsystemirm.com/proizvodi/grupa/cosmos-lac-zinc","index","","Produkcioni self-reference"
"/proizvodi/cosmos-lac-zinc-501-400-ml-alu-zinc-501","https://carsystemirm.com/proizvodi/grupa/cosmos-lac-zinc","index","","Produkcioni self-reference"
"/proizvodi/ghd-topcoat","https://carsystemirm.com/proizvodi/ghd-topcoat","index","","Produkcioni self-reference"
"/proizvodi/grupa/cosmos-lac-automotive-antichip","https://carsystemirm.com/proizvodi/grupa/cosmos-lac-automotive-antichip","index","","Produkcioni self-reference"
"/proizvodi/grupa/cosmos-lac-automotive-backlight-paint","https://carsystemirm.com/proizvodi/grupa/cosmos-lac-automotive-backlight-paint","index","","Produkcioni self-reference"
"/proizvodi/grupa/cosmos-lac-automotive-brake-caliper-engine-paint","https://carsystemirm.com/proizvodi/grupa/cosmos-lac-automotive-brake-caliper-engine-paint","index","","Produkcioni self-reference"
"/proizvodi/grupa/cosmos-lac-automotive-bumper-paint","https://carsystemirm.com/proizvodi/grupa/cosmos-lac-automotive-bumper-paint","index","","Produkcioni self-reference"
"/proizvodi/grupa/cosmos-lac-chalk-effect","https://carsystemirm.com/proizvodi/grupa/cosmos-lac-chalk-effect","index","","Produkcioni self-reference"
"/proizvodi/grupa/cosmos-lac-easy-max","https://carsystemirm.com/proizvodi/grupa/cosmos-lac-easy-max","index","","Produkcioni self-reference"
"/proizvodi/grupa/cosmos-lac-fast-acrylic","https://carsystemirm.com/proizvodi/grupa/cosmos-lac-fast-acrylic","index","","Produkcioni self-reference"
"/proizvodi/grupa/cosmos-lac-flame-blue","https://carsystemirm.com/proizvodi/grupa/cosmos-lac-flame-blue","index","","Produkcioni self-reference"
"/proizvodi/grupa/cosmos-lac-flame-booster","https://carsystemirm.com/proizvodi/grupa/cosmos-lac-flame-booster","index","","Produkcioni self-reference"
"/proizvodi/grupa/cosmos-lac-flame-orange","https://carsystemirm.com/proizvodi/grupa/cosmos-lac-flame-orange","index","","Produkcioni self-reference"
"/proizvodi/grupa/cosmos-lac-fluorescent-marking-fluorescent-paint","https://carsystemirm.com/proizvodi/grupa/cosmos-lac-fluorescent-marking-fluorescent-paint","index","","Produkcioni self-reference"
"/proizvodi/grupa/cosmos-lac-fluorescent-marking-forest-trail-marking","https://carsystemirm.com/proizvodi/grupa/cosmos-lac-fluorescent-marking-forest-trail-marking","index","","Produkcioni self-reference"
"/proizvodi/grupa/cosmos-lac-fluorescent-marking-road-construction-marking","https://carsystemirm.com/proizvodi/grupa/cosmos-lac-fluorescent-marking-road-construction-marking","index","","Produkcioni self-reference"
"/proizvodi/grupa/cosmos-lac-high-heat-700-c","https://carsystemirm.com/proizvodi/grupa/cosmos-lac-high-heat-700-c","index","","Produkcioni self-reference"
"/proizvodi/grupa/cosmos-lac-home-radiator-lacquer","https://carsystemirm.com/proizvodi/grupa/cosmos-lac-home-radiator-lacquer","index","","Produkcioni self-reference"
"/proizvodi/grupa/cosmos-lac-lubricants-grease","https://carsystemirm.com/proizvodi/grupa/cosmos-lac-lubricants-grease","index","","Produkcioni self-reference"
"/proizvodi/grupa/cosmos-lac-lubricants-oil","https://carsystemirm.com/proizvodi/grupa/cosmos-lac-lubricants-oil","index","","Produkcioni self-reference"
"/proizvodi/grupa/cosmos-lac-master-mechanic-antigravel-paintable","https://carsystemirm.com/proizvodi/grupa/cosmos-lac-master-mechanic-antigravel-paintable","index","","Produkcioni self-reference"
"/proizvodi/grupa/cosmos-lac-master-mechanic-brake-caliper-paint","https://carsystemirm.com/proizvodi/grupa/cosmos-lac-master-mechanic-brake-caliper-paint","index","","Produkcioni self-reference"
"/proizvodi/grupa/cosmos-lac-master-mechanic-bumper-paint","https://carsystemirm.com/proizvodi/grupa/cosmos-lac-master-mechanic-bumper-paint","index","","Produkcioni self-reference"
"/proizvodi/grupa/cosmos-lac-master-mechanic-filler","https://carsystemirm.com/proizvodi/grupa/cosmos-lac-master-mechanic-filler","index","","Produkcioni self-reference"
"/proizvodi/grupa/cosmos-lac-master-mechanic-heat-resistant-paint","https://carsystemirm.com/proizvodi/grupa/cosmos-lac-master-mechanic-heat-resistant-paint","index","","Produkcioni self-reference"
"/proizvodi/grupa/cosmos-lac-master-mechanic-primer","https://carsystemirm.com/proizvodi/grupa/cosmos-lac-master-mechanic-primer","index","","Produkcioni self-reference"
"/proizvodi/grupa/cosmos-lac-master-mechanic-ral","https://carsystemirm.com/proizvodi/grupa/cosmos-lac-master-mechanic-ral","index","","Produkcioni self-reference"
"/proizvodi/grupa/cosmos-lac-master-mechanic-wheel-paint","https://carsystemirm.com/proizvodi/grupa/cosmos-lac-master-mechanic-wheel-paint","index","","Produkcioni self-reference"
"/proizvodi/grupa/cosmos-lac-metallic-metallic-effect","https://carsystemirm.com/proizvodi/grupa/cosmos-lac-metallic-metallic-effect","index","","Produkcioni self-reference"
"/proizvodi/grupa/cosmos-lac-molotow-burner","https://carsystemirm.com/proizvodi/grupa/cosmos-lac-molotow-burner","index","","Produkcioni self-reference"
"/proizvodi/grupa/cosmos-lac-molotow-premium","https://carsystemirm.com/proizvodi/grupa/cosmos-lac-molotow-premium","index","","Produkcioni self-reference"
"/proizvodi/grupa/cosmos-lac-primers-acrylic-primer-filler","https://carsystemirm.com/proizvodi/grupa/cosmos-lac-primers-acrylic-primer-filler","index","","Produkcioni self-reference"
"/proizvodi/grupa/cosmos-lac-primers-metal-primer","https://carsystemirm.com/proizvodi/grupa/cosmos-lac-primers-metal-primer","index","","Produkcioni self-reference"
"/proizvodi/grupa/cosmos-lac-primers-special-metal-primer","https://carsystemirm.com/proizvodi/grupa/cosmos-lac-primers-special-metal-primer","index","","Produkcioni self-reference"
"/proizvodi/grupa/cosmos-lac-putties-fiberglass-premium-thixotropic-resin","https://carsystemirm.com/proizvodi/grupa/cosmos-lac-putties-fiberglass-premium-thixotropic-resin","index","","Produkcioni self-reference"
"/proizvodi/grupa/cosmos-lac-putties-filler","https://carsystemirm.com/proizvodi/grupa/cosmos-lac-putties-filler","index","","Produkcioni self-reference"
"/proizvodi/grupa/cosmos-lac-ral","https://carsystemirm.com/proizvodi/grupa/cosmos-lac-ral","index","","Produkcioni self-reference"
"/proizvodi/grupa/cosmos-lac-sealer","https://carsystemirm.com/proizvodi/grupa/cosmos-lac-sealer","index","","Produkcioni self-reference"
"/proizvodi/grupa/cosmos-lac-spray-bike","https://carsystemirm.com/proizvodi/grupa/cosmos-lac-spray-bike","index","","Produkcioni self-reference"
"/proizvodi/grupa/cosmos-lac-varnishes","https://carsystemirm.com/proizvodi/grupa/cosmos-lac-varnishes","index","","Produkcioni self-reference"
"/proizvodi/grupa/cosmos-lac-w-wood-care-varnish","https://carsystemirm.com/proizvodi/grupa/cosmos-lac-w-wood-care-varnish","index","","Produkcioni self-reference"
"/proizvodi/grupa/cosmos-lac-wheel-rim","https://carsystemirm.com/proizvodi/grupa/cosmos-lac-wheel-rim","index","","Produkcioni self-reference"
"/proizvodi/grupa/cosmos-lac-wood-putties-water-based-wood-putty","https://carsystemirm.com/proizvodi/grupa/cosmos-lac-wood-putties-water-based-wood-putty","index","","Produkcioni self-reference"
"/proizvodi/grupa/cosmos-lac-zinc","https://carsystemirm.com/proizvodi/grupa/cosmos-lac-zinc","index","","Produkcioni self-reference"
"/proizvodi/h-2a14-topcure","https://carsystemirm.com/proizvodi/h-2a14-topcure","index","","Produkcioni self-reference"
"/proizvodi/h-2e20-hardener","https://carsystemirm.com/proizvodi/h-2e20-hardener","index","","Produkcioni self-reference"
"/proizvodi/h-2p05-clear-harden-r","https://carsystemirm.com/proizvodi/h-2p05-clear-harden-r","index","","Produkcioni self-reference"
"/proizvodi/h-2p15-clear-harden-r","https://carsystemirm.com/proizvodi/h-2p15-clear-harden-r","index","","Produkcioni self-reference"
"/proizvodi/h-380-ghd-hardener","https://carsystemirm.com/proizvodi/h-380-ghd-hardener","index","","Produkcioni self-reference"
"/proizvodi/hb-032-hydromix","https://carsystemirm.com/proizvodi/hb-032-hydromix","index","","Produkcioni self-reference"
"/proizvodi/hb-036-hydromix-tropical","https://carsystemirm.com/proizvodi/hb-036-hydromix-tropical","index","","Produkcioni self-reference"
"/proizvodi/norbin-n15-020-1l","https://carsystemirm.com/proizvodi/norbin-n15-020-1l","index","","Produkcioni self-reference"
"/proizvodi/norbin-n15-020-5l","https://carsystemirm.com/proizvodi/norbin-n15-020-5l","index","","Produkcioni self-reference"
"/proizvodi/p-2a41-performfiller-white","https://carsystemirm.com/proizvodi/p-2a41-performfiller-white","index","","Produkcioni self-reference"
"/proizvodi/p-2a61-multiprotect-white","https://carsystemirm.com/proizvodi/p-2a61-multiprotect-white","index","","Produkcioni self-reference"
"/proizvodi/p-2a63-multiprotect-grey","https://carsystemirm.com/proizvodi/p-2a63-multiprotect-grey","index","","Produkcioni self-reference"
"/proizvodi/p-2a65-multiprotect-black","https://carsystemirm.com/proizvodi/p-2a65-multiprotect-black","index","","Produkcioni self-reference"
"/proizvodi/p-2e23-primer-filler-grey","https://carsystemirm.com/proizvodi/p-2e23-primer-filler-grey","index","","Produkcioni self-reference"
"/proizvodi/p-2p23-air-purpos-r-grey","https://carsystemirm.com/proizvodi/p-2p23-air-purpos-r-grey","index","","Produkcioni self-reference"
"/proizvodi/p-2p51-sanding-fill-r-white","https://carsystemirm.com/proizvodi/p-2p51-sanding-fill-r-white","index","","Produkcioni self-reference"
"/proizvodi/p-2p55-sanding-fill-r-black","https://carsystemirm.com/proizvodi/p-2p55-sanding-fill-r-black","index","","Produkcioni self-reference"
"/proizvodi/p-2p63-multi-purpos-r-grey","https://carsystemirm.com/proizvodi/p-2p63-multi-purpos-r-grey","index","","Produkcioni self-reference"
"/proizvodi/p-2p81-race-wet-fill-r-white","https://carsystemirm.com/proizvodi/p-2p81-race-wet-fill-r-white","index","","Produkcioni self-reference"
"/proizvodi/p-2p85-race-wet-fill-r-black","https://carsystemirm.com/proizvodi/p-2p85-race-wet-fill-r-black","index","","Produkcioni self-reference"
"/proizvodi/p-2p92-uv-fill-r-light-grey","https://carsystemirm.com/proizvodi/p-2p92-uv-fill-r-light-grey","index","","Produkcioni self-reference"
"/proizvodi/p-2p94-uv-fill-r-dark-grey","https://carsystemirm.com/proizvodi/p-2p94-uv-fill-r-dark-grey","index","","Produkcioni self-reference"
"/proizvodi/p-5480-ghd-universal-epoxy","https://carsystemirm.com/proizvodi/p-5480-ghd-universal-epoxy","index","","Produkcioni self-reference"
"/proizvodi/p-5530-ghd-uni-wash","https://carsystemirm.com/proizvodi/p-5530-ghd-uni-wash","index","","Produkcioni self-reference"
"/proizvodi/pm-2e32-filler-light-grey","https://carsystemirm.com/proizvodi/pm-2e32-filler-light-grey","index","","Produkcioni self-reference"
"/proizvodi/pm-2e34-filler-dark-grey","https://carsystemirm.com/proizvodi/pm-2e34-filler-dark-grey","index","","Produkcioni self-reference"
"/proizvodi/r-2a10-airtopthinn","https://carsystemirm.com/proizvodi/r-2a10-airtopthinn","index","","Produkcioni self-reference"
"/proizvodi/r-2a14-multithinn","https://carsystemirm.com/proizvodi/r-2a14-multithinn","index","","Produkcioni self-reference"
"/proizvodi/r-2e10-thinner-fast","https://carsystemirm.com/proizvodi/r-2e10-thinner-fast","index","","Produkcioni self-reference"
"/proizvodi/r-2p15-clear-thinn-r","https://carsystemirm.com/proizvodi/r-2p15-clear-thinn-r","index","","Produkcioni self-reference"
"/proizvodi/r-2p20-under-thinn-r-medium","https://carsystemirm.com/proizvodi/r-2p20-under-thinn-r-medium","index","","Produkcioni self-reference"
"/proizvodi/ra-050x-agilis-mix","https://carsystemirm.com/proizvodi/ra-050x-agilis-mix","index","","Produkcioni self-reference"
"/proizvodi/rm-body-filler-white-b-2e11","https://carsystemirm.com/proizvodi/rm-body-filler-white-b-2e11","index","","Produkcioni self-reference"
"/proizvodi/rm-diamont-bazna-boja","https://carsystemirm.com/proizvodi/rm-diamont-bazna-boja","index","","Produkcioni self-reference"
"/proizvodi/rm-diamont-bezbojni-lak","https://carsystemirm.com/proizvodi/rm-diamont-bezbojni-lak","index","","Produkcioni self-reference"
"/proizvodi/rm-pasta-190-1l","https://carsystemirm.com/proizvodi/rm-pasta-190-1l","index","","Produkcioni self-reference"
"/proizvodi/rm-pasta-190-5l","https://carsystemirm.com/proizvodi/rm-pasta-190-5l","index","","Produkcioni self-reference"
"/proizvodi/satajet-x-5500","https://carsystemirm.com/proizvodi/satajet-x-5500","index","","Produkcioni self-reference"
"/seo-audit-missing-route","","noindex","","Noindex/redirect ili canonical nedostaje"
"/site-u-pripremi","","noindex","","Noindex/redirect ili canonical nedostaje"
"/social-exports/product-showcase","","noindex","","Noindex/redirect ili canonical nedostaje"
"/social-exports/refinish-systems","","noindex","","Noindex/redirect ili canonical nedostaje"
"/social-exports/spray-reveal","","noindex","","Noindex/redirect ili canonical nedostaje"
"/vodici","https://carsystemirm.com/vodici","noindex","","Produkcioni self-reference"
