"URL","HTTP status","Indexable","Robots","Title","Title length","Title duplicate count","Description","Description length","Description duplicate count","Canonical","Canonical status","Canonical correct","H1","H1 count","Headings","HTML lang","OG title","OG description","OG image","Twitter card","Twitter title","Twitter description","Twitter image","JSON-LD types","Breadcrumb","Internal links","External links","Broken links","Images","Images missing alt","Images missing dimensions","In sitemap","Orphan"
"/","200","true","","Carsystem i R-M Inđija | Profesionalni refinish program","55","1","Distribucija profesionalnih refinish materijala, boja, lakova, opreme i tehničke podrške kroz partnersku mrežu u Srbiji.","120","1","http://localhost:3000","200","false","Profesionalni refinish program za siguran rezultat.","1","H1:Profesionalni refinish program za siguran rezultat. | H2:Kategorije proizvoda | H2:Pronađite proverenu lokaciju u svom regionu. | H2:BOJA NIJE SLOJ. BOJA JE POKRET. | H2:Pravi izbor proizvoda počinje dobrim savetom. | H2:Znanje za stabilniji rad u lakirnici. | H2:Carsystem i R-M Inđija d.o.o. | H2:Pronađite prodavnicu ili pripremite upit za saradnju. | H2:Katalog | H2:Brendovi | H2:Podrška | H2:Kontakt","sr-Latn","Carsystem i R-M Inđija | Profesionalni refinish program","Distribucija profesionalnih refinish materijala, boja, lakova, opreme i tehničke podrške kroz partnersku mrežu u Srbiji.","","summary","Carsystem i R-M Inđija | Profesionalni refinish program","Distribucija profesionalnih refinish materijala, boja, lakova, opreme i tehničke podrške kroz partnersku mrežu u Srbiji.","","ContactPoint | Organization | PostalAddress","false","62","1","","33","0","26","true","false"
"/brendovi","200","true","","Brendovi | Carsystem i R-M Inđija","33","1","Pregled aktivnih refinish brendova u Carsystem i R-M programu za Srbiju.","72","1","http://localhost:3000/brendovi","200","false","Brendovi","1","H1:Brendovi | H2:Ulaz u brendove | H2:R-M | H2:Carsystem | H2:baslac | H2:Norbin | H2:Cosmos Lac | H2:Befar | H2:Car Fit | H2:SATA | H2:Katalog | H2:Brendovi | H2:Podrška | H2:Kontakt","sr-Latn","Brendovi | Carsystem i R-M Inđija","Pregled aktivnih refinish brendova u Carsystem i R-M programu za Srbiju.","","summary","Brendovi | Carsystem i R-M Inđija","Pregled aktivnih refinish brendova u Carsystem i R-M programu za Srbiju.","","","false","32","1","","9","0","1","true","false"
"/brendovi/baslac","200","true","","baslac program | Carsystem i R-M Inđija","39","1","Profesionalni automotive refinish sistem koji povezuje pripremu podloge, vodene i solventne boje, bezbojne lakove i digitalnu koloristiku.","138","1","http://localhost:3000/brendovi/baslac","200","false","Od pripreme podloge do završnog sjaja.","1","H1:Od pripreme podloge do završnog sjaja. | H2:Manje komplikovanja. Više kontrole nad procesom. | H2:Četiri jasna puta kroz sistem boje. | H3:45 Line | H3:35 Line | H3:30 Line | H3:30 Line CV | H3:45 Line povezuje nijansu, blendovanje i završni lak. | H2:Jedan sistem, osam povezanih faza. | H3:Čišćenje | H2:Ne birate samo limenku. Birate ritam popravke. | H3:40-100 | H3:40-510 | H3:40-440 / 40-450 | H3:40-10 | H3:40-620 | H2:Pet funkcija pre prvog sloja boje. | H3:Sanding primer-filleri | H3:Wet-on-wet | H3:Epoxy primer-filler | H3:Washprimer | H3:Plastika | H2:Od površine vozila do formule spremne za probu. | H3:e-finder star | H3:Formula Finder | H3:Refinity | H2:Direct gloss za velike površine i duže radne cikluse. | H2:Proizvodi sa postojećim lokalnim zapisom. | H3:Baslac 35-M331 pasta | H3:Baslac 30-S510 S serija | H3:Baslac 35-M214 | H3:Baslac 60-20 razređivač | H2:Informacija koja vodi do sledećeg koraka. | H3:Tehnički listovi | H3:Koloristička podrška | H3:Obuka i procesi | H2:Pošaljite nam vrstu popravke, podlogu i uslove rada. | H2:Katalog | H2:Brendovi | H2:Podrška | H2:Kontakt","sr-Latn","baslac program | Carsystem i R-M Inđija","Profesionalni automotive refinish sistem koji povezuje pripremu podloge, vodene i solventne boje, bezbojne lakove i digitalnu koloristiku.","","summary","baslac program | Carsystem i R-M Inđija","Profesionalni automotive refinish sistem koji povezuje pripremu podloge, vodene i solventne boje, bezbojne lakove i digitalnu koloristiku.","","Brand | BreadcrumbList | ListItem","true","53","3","","10","0","9","true","false"
"/brendovi/befar","200","true","","Befar program | Carsystem i R-M Inđija","38","1","Program sunđera i pratećeg materijala za poliranje i završnu obradu u lakirnici.","80","1","http://localhost:3000/brendovi/befar","200","false","Befar","1","H1:Befar | H2:Programi i proizvodi brenda Befar | H3:Poliranje | H2:Pogledajte druge proizvođače | H2:Befar proizvodi | H3:Befar | H3:Befar sunđer narandžasti 25x150 | H3:Befar sunđer narandžasti 50x150 | H3:Befar sunđer crni 25x150 | H3:Befar sunđer crni 50x150 | H3:Befar sunđer beli 25x150 | H3:Befar sunđer beli 50x150 | H3:Befar sunđer plavi 25x150 | H3:Befar sunđer plavi 50x150 | H2:Treba vam proizvod iz Befar programa? | H2:Katalog | H2:Brendovi | H2:Podrška | H2:Kontakt","sr-Latn","Befar program | Carsystem i R-M Inđija","Program sunđera i pratećeg materijala za poliranje i završnu obradu u lakirnici.","","summary","Befar program | Carsystem i R-M Inđija","Program sunđera i pratećeg materijala za poliranje i završnu obradu u lakirnici.","","Brand | BreadcrumbList | ListItem","true","72","1","","18","0","9","true","false"
"/brendovi/carfit","200","true","","Car Fit program | Carsystem i R-M Inđija","40","1","Materijali za pripremu i podlogu, namenjeni svakodnevnom radu u profesionalnoj radionici.","89","1","http://localhost:3000/brendovi/carfit","200","false","Car Fit","1","H1:Car Fit | H2:Programi i proizvodi brenda Car Fit | H3:Priprema i abrazivi | H3:Potrošni materijal | H2:Pogledajte druge proizvođače | H2:Car Fit proizvodi | H3:Car Fit | H3:Car Fit maskirna folija 4 x 5 m | H3:Car Fit maskirna folija 4 x 150 m | H2:Treba vam proizvod iz Car Fit programa? | H2:Katalog | H2:Brendovi | H2:Podrška | H2:Kontakt","sr-Latn","Car Fit program | Carsystem i R-M Inđija","Materijali za pripremu i podlogu, namenjeni svakodnevnom radu u profesionalnoj radionici.","","summary","Car Fit program | Carsystem i R-M Inđija","Materijali za pripremu i podlogu, namenjeni svakodnevnom radu u profesionalnoj radionici.","","Brand | BreadcrumbList | ListItem","true","49","1","","11","0","2","true","false"
"/brendovi/carsystem","200","true","","Carsystem program | Carsystem i R-M Inđija","42","1","Širok program pripreme, obrade i pratećeg materijala za karoserijske i lakirerske radionice.","92","1","http://localhost:3000/brendovi/carsystem","200","false","Carsystem","1","H1:Carsystem | H2:Programi i proizvodi brenda Carsystem | H3:Priprema i abrazivi | H3:Pištolji i oprema | H3:Poliranje | H3:Potrošni materijal | H2:Pogledajte druge proizvođače | H2:Carsystem proizvodi | H3:Carsystem | H3:Carsystem Git Multi Green | H3:Carsystem Git Elastic Weiss | H3:Carsystem Soft Plus git | H3:Carsystem P19 brusni diskovi | H3:Carsystem F19 brusni diskovi | H3:Carsystem Sanding Disc F.23 Ceramic | H3:Carsystem P23 brusni diskovi | H3:Carsystem Finish serija | H3:Carsystem zaštitno odelo | H2:Treba vam proizvod iz Carsystem programa? | H2:Katalog | H2:Brendovi | H2:Podrška | H2:Kontakt","sr-Latn","Carsystem program | Carsystem i R-M Inđija","Širok program pripreme, obrade i pratećeg materijala za karoserijske i lakirerske radionice.","","summary","Carsystem program | Carsystem i R-M Inđija","Širok program pripreme, obrade i pratećeg materijala za karoserijske i lakirerske radionice.","","Brand | BreadcrumbList | ListItem","true","79","1","","17","0","8","true","false"
"/brendovi/cosmos-lac","200","true","","Cosmos Lac program | Carsystem i R-M Inđija","43","1","Aerosolne boje, tehnički sprejevi i specijalizovane linije za automotive, industrijsku i dekorativnu primenu.","109","1","http://localhost:3000/brendovi/cosmos-lac","200","false","Cosmos Lac","1","H1:Cosmos Lac | H2:Programi i proizvodi brenda Cosmos Lac | H3:Boje i lakovi | H3:Priprema i abrazivi | H3:Potrošni materijal | H2:Pogledajte druge proizvođače | H2:Cosmos Lac proizvodi | H3:Cosmos Lac | H3:Cosmos Lac Automotive Prefilled Spray 030 | H3:Cosmos Lac Automotive Antichip 250 White | H3:Cosmos Lac Automotive Antichip 251 Black | H3:Cosmos Lac Automotive Antichip 252 Grey | H3:Cosmos Lac Automotive Vinyl & Fabric 510 Black | H3:Cosmos Lac Automotive Bumper Paint 560 White | H3:Cosmos Lac Automotive Bumper Paint 561 Black | H3:Cosmos Lac Automotive Bumper Paint 562 Grey | H3:Cosmos Lac Automotive Bumper Paint 563 Anthracite | H3:Cosmos Lac Automotive Bumper Paint 564 Black Structure | H3:Cosmos Lac Automotive Brake Caliper & Engine Paint 701 Red | H3:Cosmos Lac Automotive Brake Caliper & Engine Paint 702 Yellow | H3:Cosmos Lac Automotive Brake Caliper & Engine Paint 703 Blue | H3:Cosmos Lac Automotive Backlight Paint 711 Black | H3:Cosmos Lac Automotive Backlight Paint 712 Red | H3:Cosmos Lac Automotive Quick Start 719 | H3:Cosmos Lac Chalk Effect CL N01 Charcoal — mat | H3:Cosmos Lac Chalk Effect CL N02 Pure White — mat | H3:Cosmos Lac Chalk Effect CL N03 Cloudy White — mat | H3:Cosmos Lac Chalk Effect CL N04 Cream — mat | H3:Cosmos Lac Chalk Effect CL N05 Dolphin Grey — mat | H3:Cosmos Lac Chalk Effect CL N06 English Manor — mat | H3:Cosmos Lac Chalk Effect CL N07 Duck Egg Blue — mat | H3:Cosmos Lac Chalk Effect CL N08 Scottish Green — mat | H3:Cosmos Lac Chalk Effect CL N09 Moroccan Turquoise — mat | H3:Cosmos Lac Chalk Effect CL N10 Dirty Lilac — mat | H3:Cosmos Lac Chalk Effect CL N11 Budapest Pink — mat | H3:Cosmos Lac Chalk Effect CL N12 Bubblegum — mat | H3:Cosmos Lac Chalk Effect CL N13 Vanilla — mat | H3:Cosmos Lac Chalk Effect CL N14 Greek Blue — mat | H3:Cosmos Lac Chalk Effect CL N15 Royal Blue — mat | H3:Cosmos Lac Chalk Effect CL N16 Aegean Blue — mat | H3:Cosmos Lac Chalk Effect CL N17 Tuscan Sunset — mat | H3:Cosmos Lac Chalk Effect CL N18 Indian Green — mat | H3:Cosmos Lac Chalk Effect CL N19 Dark Sangria — mat | H3:Cosmos Lac Chalk Effect CL N20 Shadow Grey — mat | H3:Cosmos Lac Chalk Effect CL N21 Coral Blush — mat | H3:Cosmos Lac Chalk Effect CL N22 Bloodstone — mat | H3:Cosmos Lac Chalk Effect CL N23 Khaki Brown — mat | H3:Cosmos Lac Chalk Effect CL N24 Latte — mat | H3:Cosmos Lac Chalk Effect CL N25 Versailles Gold — mat | H3:Cosmos Lac Chalk Effect CL N26 Cream Linen — mat | H3:Cosmos Lac Chalk Effect CL N27 Nordic Olive — mat | H3:Cosmos Lac Chalk Effect CL N28 Velvet Citrus — mat | H3:Cosmos Lac Chalk Effect CL N29 Imperial Violet — mat | H3:Cosmos Lac Chalk Effect CL N30 Ashen Lavender — mat | H3:Cosmos Lac Chalk Effect CL N31 Salmon Di Venezia — mat | H3:Cosmos Lac Chalk Effect CL N32 Smoked Fig — mat | H2:Treba vam proizvod iz Cosmos Lac programa? | H2:Katalog | H2:Brendovi | H2:Podrška | H2:Kontakt","sr-Latn","Cosmos Lac program | Carsystem i R-M Inđija","Aerosolne boje, tehnički sprejevi i specijalizovane linije za automotive, industrijsku i dekorativnu primenu.","","summary","Cosmos Lac program | Carsystem i R-M Inđija","Aerosolne boje, tehnički sprejevi i specijalizovane linije za automotive, industrijsku i dekorativnu primenu.","","Brand | BreadcrumbList | ListItem","true","234","1","","58","0","49","true","false"
"/brendovi/norbin","200","true","","Norbin program | Carsystem i R-M Inđija","39","1","Program boja, lakova i pratećih materijala za profesionalnu obradu u lakirnici.","79","1","http://localhost:3000/brendovi/norbin","200","false","Norbin","1","H1:Norbin | H2:Programi i proizvodi brenda Norbin | H3:Boje i lakovi | H2:Pogledajte druge proizvođače | H2:Norbin proizvodi | H3:Norbin | H3:Norbin N15-020 5 L | H3:Norbin N15-020 1 L | H2:Treba vam proizvod iz Norbin programa? | H2:Katalog | H2:Brendovi | H2:Podrška | H2:Kontakt","sr-Latn","Norbin program | Carsystem i R-M Inđija","Program boja, lakova i pratećih materijala za profesionalnu obradu u lakirnici.","","summary","Norbin program | Carsystem i R-M Inđija","Program boja, lakova i pratećih materijala za profesionalnu obradu u lakirnici.","","Brand | BreadcrumbList | ListItem","true","48","1","","11","0","2","true","false"
"/brendovi/rm","200","true","","R-M program | Carsystem i R-M Inđija","36","1","Profesionalni refinish program za precizno usklađivanje nijanse, lakiranje i radioničku efikasnost.","99","1","http://localhost:3000/brendovi/rm","200","false","Brži proces. Precizniji rezultat. | Nijansa bez nagađanja. | Digitalna snaga za celu radionicu. | Efikasniji proces sa manjim uticajem.","4","H1:Brži proces. Precizniji rezultat. | H1:Nijansa bez nagađanja. | H1:Digitalna snaga za celu radionicu. | H1:Efikasniji proces sa manjim uticajem. | H2:Kompletan R-M proces | H3:Priprema | H3:Prajmer i punilac | H3:Bazna boja | H3:Bezbojni lak | H3:Završna obrada | H2:Proizvod ima smisla tek unutar sistema. | H3:AGILIS | H2:AGILIS | H3:Precizno podudaranje nijanse | H3:Visoka pokrivnost | H3:Kraće vreme procesa | H3:Efikasnija potrošnja materijala | H2:Refinity povezuje svaki korak do formule. | H3:Digitalna pretraga nijanse | H3:Vizuelno poređenje formule | H3:Upravljanje zalihama | H3:Radni nalozi i izveštavanje | H2:Pioneer, Advance i Element | H3:Pioneer | H3:Advance | H3:Element | H2:R-M sistemi za svaku vrstu procesa. | H3:AGILIS | H3:ONYX HD | H3:DIAMONT | H3:UNO HD | H3:CRYSTAL BASE | H3:GRAPHITE HD | H2:Rešenja za širok spektar automobilskih marki. | H2:Svaka grupa ima jasno mesto u procesu. | H3:Bazne boje | H3:Bezbojni lakovi | H3:Prajmeri i punioci | H3:Kitovi | H3:Učvršćivači | H3:Razređivači | H3:Aditivi | H3:Čistači i odmašćivači | H3:Specijalni efektni proizvodi | H3:Komercijalna vozila | H2:Efikasniji proces sa manjim uticajem. | H2:Performanse potvrđene i izvan radionice. | H2:Pronađite R-M sistem za svoj proces. | H2:Katalog | H2:Brendovi | H2:Podrška | H2:Kontakt","sr-Latn","R-M program | Carsystem i R-M Inđija","Profesionalni refinish program za precizno usklađivanje nijanse, lakiranje i radioničku efikasnost.","","summary","R-M program | Carsystem i R-M Inđija","Profesionalni refinish program za precizno usklađivanje nijanse, lakiranje i radioničku efikasnost.","","Brand | BreadcrumbList | ListItem","true","104","1","","50","0","45","true","false"
"/brendovi/sata","200","true","","SATA program | Carsystem i R-M Inđija","37","1","Oprema za profesionalno nanošenje materijala u lakirnici, sa fokusom na kontrolu i ponovljiv rezultat.","102","1","http://localhost:3000/brendovi/sata","200","false","SATA","1","H1:SATA | H2:Programi i proizvodi brenda SATA | H3:Pištolji i oprema | H2:Pogledajte druge proizvođače | H2:SATA proizvodi | H3:SATA | H3:SATAjet X 5500 | H2:Treba vam proizvod iz SATA programa? | H2:Katalog | H2:Brendovi | H2:Podrška | H2:Kontakt","sr-Latn","SATA program | Carsystem i R-M Inđija","Oprema za profesionalno nanošenje materijala u lakirnici, sa fokusom na kontrolu i ponovljiv rezultat.","","summary","SATA program | Carsystem i R-M Inđija","Oprema za profesionalno nanošenje materijala u lakirnici, sa fokusom na kontrolu i ponovljiv rezultat.","","Brand | BreadcrumbList | ListItem","true","44","1","","10","0","1","true","false"
"/interaction-demo/cursor-states","200","false","noindex, nofollow","Cursor states | Interni prikaz interakcije | Carsystem i R-M Inđija","67","0","Profesionalni program za pripremu, farbanje, opremu i završnu obradu vozila kroz mrežu partnera u Srbiji.","105","0","http://localhost:3000","200","false","Cursor states demo","1","H1:Cursor states demo | H2:Veliki naslov sekcije","sr-Latn","Carsystem i R-M Inđija | Profesionalni refinish program","Profesionalni program za pripremu, farbanje, opremu i završnu obradu vozila kroz mrežu partnera u Srbiji.","","summary","Carsystem i R-M Inđija | Profesionalni refinish program","Profesionalni program za pripremu, farbanje, opremu i završnu obradu vozila kroz mrežu partnera u Srbiji.","","","false","3","0","","3","0","3","false","false"
"/interaction-demo/footer-roller-reveal","200","false","noindex, nofollow","Footer roller reveal — vertical | Interni prikaz interakcije | Carsystem i R-M Inđija","85","0","Profesionalni program za pripremu, farbanje, opremu i završnu obradu vozila kroz mrežu partnera u Srbiji.","105","0","http://localhost:3000","200","false","","0","H2:Katalog | H2:Brendovi | H2:Podrška | H2:Kontakt","sr-Latn","Carsystem i R-M Inđija | Profesionalni refinish program","Profesionalni program za pripremu, farbanje, opremu i završnu obradu vozila kroz mrežu partnera u Srbiji.","","summary","Carsystem i R-M Inđija | Profesionalni refinish program","Profesionalni program za pripremu, farbanje, opremu i završnu obradu vozila kroz mrežu partnera u Srbiji.","","","false","20","1","","0","0","0","false","false"
"/interaction-demo/footer-roller-reveal-wide","200","false","noindex, nofollow","Footer roller reveal — wide | Interni prikaz interakcije | Carsystem i R-M Inđija","81","0","Profesionalni program za pripremu, farbanje, opremu i završnu obradu vozila kroz mrežu partnera u Srbiji.","105","0","http://localhost:3000","200","false","","0","H2:Katalog | H2:Brendovi | H2:Podrška | H2:Kontakt","sr-Latn","Carsystem i R-M Inđija | Profesionalni refinish program","Profesionalni program za pripremu, farbanje, opremu i završnu obradu vozila kroz mrežu partnera u Srbiji.","","summary","Carsystem i R-M Inđija | Profesionalni refinish program","Profesionalni program za pripremu, farbanje, opremu i završnu obradu vozila kroz mrežu partnera u Srbiji.","","","false","20","1","","0","0","0","false","false"
"/interaction-demo/paint-takeover","200","false","noindex, nofollow","Paint takeover proof | Interni prikaz interakcije | Carsystem i R-M Inđija","74","0","Profesionalni program za pripremu, farbanje, opremu i završnu obradu vozila kroz mrežu partnera u Srbiji.","105","0","http://localhost:3000","200","false","Boja nije sloj. Boja je pokret.","1","H1:Boja nije sloj. Boja je pokret.","sr-Latn","Carsystem i R-M Inđija | Profesionalni refinish program","Profesionalni program za pripremu, farbanje, opremu i završnu obradu vozila kroz mrežu partnera u Srbiji.","","summary","Carsystem i R-M Inđija | Profesionalni refinish program","Profesionalni program za pripremu, farbanje, opremu i završnu obradu vozila kroz mrežu partnera u Srbiji.","","","false","0","0","","0","0","0","false","false"
"/interaction-demo/paint-takeover-final","200","true","","Final paint takeover | Interaction demo | Carsystem i R-M Inđija","64","1","Phase 4 finalni pregled Carsystem hybrid paint takeover sistema.","64","1","http://localhost:3000","200","false","PRIPREMA PRE PROMENE.","1","H1:PRIPREMA PRE PROMENE. | H2:BOJA NIJE SLOJ. BOJA JE POKRET. | H2:SLEDEĆA POVRŠINA.","sr-Latn","Carsystem i R-M Inđija | Profesionalni refinish program","Profesionalni program za pripremu, farbanje, opremu i završnu obradu vozila kroz mrežu partnera u Srbiji.","","summary","Carsystem i R-M Inđija | Profesionalni refinish program","Profesionalni program za pripremu, farbanje, opremu i završnu obradu vozila kroz mrežu partnera u Srbiji.","","","false","1","0","","0","0","0","false","true"
"/interaction-demo/paint-takeover-final-art","200","true","","Paint takeover final art | Interaction demo | Carsystem i R-M Inđija","68","1","Izolovani Phase 3A pregled finalne statične paint takeover kompozicije.","71","1","http://localhost:3000","200","false","BOJANJE JE SLOJ. BOJA JE POKRET.","1","H1:BOJANJE JE SLOJ. BOJA JE POKRET.","sr-Latn","Carsystem i R-M Inđija | Profesionalni refinish program","Profesionalni program za pripremu, farbanje, opremu i završnu obradu vozila kroz mrežu partnera u Srbiji.","","summary","Carsystem i R-M Inđija | Profesionalni refinish program","Profesionalni program za pripremu, farbanje, opremu i završnu obradu vozila kroz mrežu partnera u Srbiji.","","","false","0","0","","0","0","0","false","true"
"/interaction-demo/paint-takeover-final-art-entry","200","true","","Paint takeover final art entry | Interaction demo | Carsystem i R-M Inđija","74","1","Phase 3A live pregled dijagonalnog ulaznog poteza i finalne painterly kompozicije.","82","1","http://localhost:3000","200","false","PRIPREMA PRE PROMENE.","1","H1:PRIPREMA PRE PROMENE. | H2:BOJANJE JE SLOJ. BOJA JE POKRET.","sr-Latn","Carsystem i R-M Inđija | Profesionalni refinish program","Profesionalni program za pripremu, farbanje, opremu i završnu obradu vozila kroz mrežu partnera u Srbiji.","","summary","Carsystem i R-M Inđija | Profesionalni refinish program","Profesionalni program za pripremu, farbanje, opremu i završnu obradu vozila kroz mrežu partnera u Srbiji.","","","false","0","0","","0","0","0","false","true"
"/interaction-demo/paint-takeover-hybrid","200","true","","Paint takeover hybrid | Interaction demo | Carsystem i R-M Inđija","65","1","Phase 3B pregled laganog painterly background i hero SVG sistema.","65","1","http://localhost:3000","200","false","PRIPREMA PRE PROMENE.","1","H1:PRIPREMA PRE PROMENE. | H2:BOJANJE JE SLOJ. BOJA JE POKRET.","sr-Latn","Carsystem i R-M Inđija | Profesionalni refinish program","Profesionalni program za pripremu, farbanje, opremu i završnu obradu vozila kroz mrežu partnera u Srbiji.","","summary","Carsystem i R-M Inđija | Profesionalni refinish program","Profesionalni program za pripremu, farbanje, opremu i završnu obradu vozila kroz mrežu partnera u Srbiji.","","","false","0","0","","0","0","0","false","true"
"/interaction-demo/paint-takeover-reference-assimilation","200","true","","Carsystem brush reference assimilation | Interaction demo | Carsystem i R-M Inđija","82","1","Pre-Phase 4 isolated comparison proof for six selected hybrid hero strokes.","75","1","http://localhost:3000","200","false","CARSYSTEM BRUSH ASSIMILATION","1","H1:CARSYSTEM BRUSH ASSIMILATION | H2:Magenta left-entry broad","sr-Latn","Carsystem i R-M Inđija | Profesionalni refinish program","Profesionalni program za pripremu, farbanje, opremu i završnu obradu vozila kroz mrežu partnera u Srbiji.","","summary","Carsystem i R-M Inđija | Profesionalni refinish program","Profesionalni program za pripremu, farbanje, opremu i završnu obradu vozila kroz mrežu partnera u Srbiji.","","","false","0","0","","6","0","6","false","true"
"/interaction-demo/product-surface-reveal","404","false","noindex","Carsystem i R-M Inđija | Profesionalni refinish program","55","1","Profesionalni program za pripremu, farbanje, opremu i završnu obradu vozila kroz mrežu partnera u Srbiji.","105","0","http://localhost:3000","200","false","","0","","","Carsystem i R-M Inđija | Profesionalni refinish program","Profesionalni program za pripremu, farbanje, opremu i završnu obradu vozila kroz mrežu partnera u Srbiji.","","summary","Carsystem i R-M Inđija | Profesionalni refinish program","Profesionalni program za pripremu, farbanje, opremu i završnu obradu vozila kroz mrežu partnera u Srbiji.","","","false","0","0","","0","0","0","false","false"
"/interaction-demo/product-surface-reveal-single","404","false","noindex","Carsystem i R-M Inđija | Profesionalni refinish program","55","1","Profesionalni program za pripremu, farbanje, opremu i završnu obradu vozila kroz mrežu partnera u Srbiji.","105","0","http://localhost:3000","200","false","","0","","","Carsystem i R-M Inđija | Profesionalni refinish program","Profesionalni program za pripremu, farbanje, opremu i završnu obradu vozila kroz mrežu partnera u Srbiji.","","summary","Carsystem i R-M Inđija | Profesionalni refinish program","Profesionalni program za pripremu, farbanje, opremu i završnu obradu vozila kroz mrežu partnera u Srbiji.","","","false","0","0","","0","0","0","false","false"
"/interaction-demo/split-contact-cta","200","false","noindex, nofollow","Split contact CTA — vertical | Interni prikaz interakcije | Carsystem i R-M Inđija","82","0","Profesionalni program za pripremu, farbanje, opremu i završnu obradu vozila kroz mrežu partnera u Srbiji.","105","0","http://localhost:3000","200","false","","0","","sr-Latn","Carsystem i R-M Inđija | Profesionalni refinish program","Profesionalni program za pripremu, farbanje, opremu i završnu obradu vozila kroz mrežu partnera u Srbiji.","","summary","Carsystem i R-M Inđija | Profesionalni refinish program","Profesionalni program za pripremu, farbanje, opremu i završnu obradu vozila kroz mrežu partnera u Srbiji.","","","false","1","0","","0","0","0","false","false"
"/interaction-demo/split-contact-cta-wide","200","false","noindex, nofollow","Split contact CTA — wide | Interni prikaz interakcije | Carsystem i R-M Inđija","78","0","Profesionalni program za pripremu, farbanje, opremu i završnu obradu vozila kroz mrežu partnera u Srbiji.","105","0","http://localhost:3000","200","false","","0","","sr-Latn","Carsystem i R-M Inđija | Profesionalni refinish program","Profesionalni program za pripremu, farbanje, opremu i završnu obradu vozila kroz mrežu partnera u Srbiji.","","summary","Carsystem i R-M Inđija | Profesionalni refinish program","Profesionalni program za pripremu, farbanje, opremu i završnu obradu vozila kroz mrežu partnera u Srbiji.","","","false","1","0","","0","0","0","false","false"
"/katalog","200","true","","Katalog proizvoda | Carsystem i R-M Inđija","42","5","Profesionalni katalog proizvoda za pripremu, bojenje, lakiranje, poliranje i radioničku opremu u Carsystem i R-M programu.","122","5","http://localhost:3000/katalog","200","false","","0","H2:Katalog | H2:Brendovi | H2:Podrška | H2:Kontakt","sr-Latn","Katalog proizvoda | Carsystem i R-M Inđija","Profesionalni katalog proizvoda za pripremu, bojenje, lakiranje, poliranje i radioničku opremu u Carsystem i R-M programu.","","summary","Katalog proizvoda | Carsystem i R-M Inđija","Profesionalni katalog proizvoda za pripremu, bojenje, lakiranje, poliranje i radioničku opremu u Carsystem i R-M programu.","","","false","24","1","","1","0","1","true","false"
"/katalog?brend=rm","200","true","","Katalog proizvoda | Carsystem i R-M Inđija","42","5","Profesionalni katalog proizvoda za pripremu, bojenje, lakiranje, poliranje i radioničku opremu u Carsystem i R-M programu.","122","5","http://localhost:3000/katalog","200","false","","0","H2:Katalog | H2:Brendovi | H2:Podrška | H2:Kontakt","sr-Latn","Katalog proizvoda | Carsystem i R-M Inđija","Profesionalni katalog proizvoda za pripremu, bojenje, lakiranje, poliranje i radioničku opremu u Carsystem i R-M programu.","","summary","Katalog proizvoda | Carsystem i R-M Inđija","Profesionalni katalog proizvoda za pripremu, bojenje, lakiranje, poliranje i radioničku opremu u Carsystem i R-M programu.","","","false","24","1","","1","0","1","true","false"
"/katalog?page=2","200","true","","Katalog proizvoda | Carsystem i R-M Inđija","42","5","Profesionalni katalog proizvoda za pripremu, bojenje, lakiranje, poliranje i radioničku opremu u Carsystem i R-M programu.","122","5","http://localhost:3000/katalog","200","false","","0","H2:Katalog | H2:Brendovi | H2:Podrška | H2:Kontakt","sr-Latn","Katalog proizvoda | Carsystem i R-M Inđija","Profesionalni katalog proizvoda za pripremu, bojenje, lakiranje, poliranje i radioničku opremu u Carsystem i R-M programu.","","summary","Katalog proizvoda | Carsystem i R-M Inđija","Profesionalni katalog proizvoda za pripremu, bojenje, lakiranje, poliranje i radioničku opremu u Carsystem i R-M programu.","","","false","24","1","","1","0","1","true","false"
"/katalog?q=lak","200","true","","Katalog proizvoda | Carsystem i R-M Inđija","42","5","Profesionalni katalog proizvoda za pripremu, bojenje, lakiranje, poliranje i radioničku opremu u Carsystem i R-M programu.","122","5","http://localhost:3000/katalog","200","false","","0","H2:Katalog | H2:Brendovi | H2:Podrška | H2:Kontakt","sr-Latn","Katalog proizvoda | Carsystem i R-M Inđija","Profesionalni katalog proizvoda za pripremu, bojenje, lakiranje, poliranje i radioničku opremu u Carsystem i R-M programu.","","summary","Katalog proizvoda | Carsystem i R-M Inđija","Profesionalni katalog proizvoda za pripremu, bojenje, lakiranje, poliranje i radioničku opremu u Carsystem i R-M programu.","","","false","24","1","","1","0","1","true","false"
"/katalog?sort=naziv","200","true","","Katalog proizvoda | Carsystem i R-M Inđija","42","5","Profesionalni katalog proizvoda za pripremu, bojenje, lakiranje, poliranje i radioničku opremu u Carsystem i R-M programu.","122","5","http://localhost:3000/katalog","200","false","","0","H2:Katalog | H2:Brendovi | H2:Podrška | H2:Kontakt","sr-Latn","Katalog proizvoda | Carsystem i R-M Inđija","Profesionalni katalog proizvoda za pripremu, bojenje, lakiranje, poliranje i radioničku opremu u Carsystem i R-M programu.","","summary","Katalog proizvoda | Carsystem i R-M Inđija","Profesionalni katalog proizvoda za pripremu, bojenje, lakiranje, poliranje i radioničku opremu u Carsystem i R-M programu.","","","false","24","1","","1","0","1","true","false"
"/kontakt","200","true","","Kontakt | Carsystem i R-M Inđija","32","1","Pošaljite upit za Carsystem i R-M proizvode, tehničku podršku i najbližu prodavnicu.","84","1","http://localhost:3000/kontakt","200","false","Kome da se obratite u Carsystem timu","1","H1:Kome da se obratite u Carsystem timu | H2:Poruka za Carsystem tim | H2:Opišite vaš upit | H2:Tražite najbliže prodajno mesto? | H2:Direktan kontakt | H2:Jedan upit i tim vas usmerava na pravu adresu. | H2:Katalog | H2:Brendovi | H2:Podrška | H2:Kontakt","sr-Latn","Kontakt | Carsystem i R-M Inđija","Pošaljite upit za Carsystem i R-M proizvode, tehničku podršku i najbližu prodavnicu.","","summary","Kontakt | Carsystem i R-M Inđija","Pošaljite upit za Carsystem i R-M proizvode, tehničku podršku i najbližu prodavnicu.","","","false","26","1","","1","0","1","true","false"
"/preview","307","false","","","0","0","","0","0","",,"false","","0","","","","","","","","","","","false","0","0","","0","0","0","false","false"
"/preview/seo-audit","307","false","","","0","0","","0","0","",,"false","","0","","","","","","","","","","","false","0","0","","0","0","0","false","false"
"/prodavnice","200","true","","Prodajna i partnerska mreža | Carsystem i R-M Inđija","52","1","Pronađite proverena prodajna mesta, servise i partnerske lokacije za Carsystem i R-M program u Srbiji.","102","1","http://localhost:3000/prodavnice","200","false","Prodajna i partnerska mreža","1","H1:Prodajna i partnerska mreža | H2:Katalog | H2:Brendovi | H2:Podrška | H2:Kontakt","sr-Latn","Prodajna i partnerska mreža | Carsystem i R-M Inđija","Pronađite proverena prodajna mesta, servise i partnerske lokacije za Carsystem i R-M program u Srbiji.","","summary","Prodajna i partnerska mreža | Carsystem i R-M Inđija","Pronađite proverena prodajna mesta, servise i partnerske lokacije za Carsystem i R-M program u Srbiji.","","","false","24","1","","1","0","1","true","false"
"/program","200","true","","Programi | Carsystem i R-M Inđija","33","1","Pregled programskih celina za boje, pripremu, opremu, poliranje i potrošni materijal.","85","1","http://localhost:3000/program","200","false","Programi","1","H1:Programi | H2:Programi po fazi rada | H2:Boje i lakovi | H2:Priprema i abrazivi | H2:Pištolji i oprema | H2:Poliranje | H2:Potrošni materijal | H2:Katalog | H2:Brendovi | H2:Podrška | H2:Kontakt","sr-Latn","Programi | Carsystem i R-M Inđija","Pregled programskih celina za boje, pripremu, opremu, poliranje i potrošni materijal.","","summary","Programi | Carsystem i R-M Inđija","Pregled programskih celina za boje, pripremu, opremu, poliranje i potrošni materijal.","","","false","29","1","","1","0","1","true","false"
"/program/boje-i-lakovi","200","true","","Boje i lakovi | Carsystem i R-M Inđija","38","1","Sistemi bojenja, bazne boje i završni lakovi za profesionalni refinish rezultat.","80","1","http://localhost:3000/program/boje-i-lakovi","200","false","Boje i lakovi","1","H1:Boje i lakovi | H2:Mesto programa u procesu rada | H2:Sistemi, finiš i podrška za nijansu | H2:Brendovi povezani sa programom | H3:R-M | H3:baslac | H3:Norbin | H3:Cosmos Lac | H2:Tehnički proizvodi u programu | H3:Program | H3:A 2210 ONYX ACTIVATOR | H3:A 2220 AGILIS ACTIVATOR | H3:A 2520 ONYX EASY BLENDER | H3:A 2530 AGILIS BLENDER | H3:A 2560 AGILIS AMPLIFIER | H3:A 2P15 AIR Tune-R | H3:A 2P80 TEXTURE Tune-R | H3:C 2A40 AirTOP | H3:C 2A46 UltraTOP | H3:C 2A54 PerformTOP | H3:C 2A57 MixTOP | H3:C 2A63 GlossTOP | H3:C 2A64 GlossTOP+ | H3:C 2A93 MatTOP+ | H3:C 2E10 Clear coat, premixed | H3:C 2E50 Clear coat | H3:C 2P30 UV Finish-R | H3:C 2P42 RACE Finish-R | H3:C 2P45 SPEED Finish-R | H3:C 2P55 MULTI Finish-R | H3:C 2P62 BRIGHT Finish-R | H3:C 2P85 POWER Finish-R | H3:C 2P91 MAT Finish-R | H3:C 2P96 SATIN Finish-R | H3:C 5450 GHD CLEAR | H3:EASY C 2P15 | H3:GHD TOPCOAT | H3:H 2A14 TopCURE | H3:H 2E20 Hardener | H3:H 2P05 CLEAR Harden-R | H3:H 2P15 CLEAR Harden-R | H3:HB 032 HYDROMIX | H3:HB 036 HYDROMIX TROPICAL | H3:ProtectTOP C 2A84 | H3:R 2A10 AirtopTHINN | H3:R 2A14 MultiTHINN | H3:R 2E10 Thinner, fast | H3:R 2P15 CLEAR Thinn-R | H3:R 2P20 UNDER Thinn-R Medium | H3:RA 050X AGILIS MIX | H3:R-M DIAMONT bazna boja | H3:R-M DIAMONT bezbojni lak | H3:Baslac 30-S510 S serija | H3:Baslac 35-M214 | H3:Baslac 60-20 razređivač | H3:Norbin N15-020 5 L | H3:Norbin N15-020 1 L | H3:Cosmos Lac Varnishes 370 Transparent — providna | H2:Pronađite proizvode za Boje i lakovi | H2:Katalog | H2:Brendovi | H2:Podrška | H2:Kontakt","sr-Latn","Boje i lakovi | Carsystem i R-M Inđija","Sistemi bojenja, bazne boje i završni lakovi za profesionalni refinish rezultat.","","summary","Boje i lakovi | Carsystem i R-M Inđija","Sistemi bojenja, bazne boje i završni lakovi za profesionalni refinish rezultat.","","BreadcrumbList | CollectionPage | ListItem","true","228","1","","51","0","47","true","false"
"/program/pistolji-i-oprema","200","true","","Pištolji i oprema | Carsystem i R-M Inđija","42","1","Profesionalna oprema za precizno nanošenje materijala i kontrolu rada u lakirnici.","82","1","http://localhost:3000/program/pistolji-i-oprema","200","false","Pištolji i oprema","1","H1:Pištolji i oprema | H2:Mesto programa u procesu rada | H2:Precizna oprema i kontrola aplikacije | H2:Brendovi povezani sa programom | H3:SATA | H3:Carsystem | H2:Tehnički proizvodi u programu | H3:Program | H3:SATAjet X 5500 | H2:Pronađite proizvode za Pištolji i oprema | H2:Katalog | H2:Brendovi | H2:Podrška | H2:Kontakt","sr-Latn","Pištolji i oprema | Carsystem i R-M Inđija","Profesionalna oprema za precizno nanošenje materijala i kontrolu rada u lakirnici.","","summary","Pištolji i oprema | Carsystem i R-M Inđija","Profesionalna oprema za precizno nanošenje materijala i kontrolu rada u lakirnici.","","BreadcrumbList | CollectionPage | ListItem","true","38","1","","3","0","1","true","false"
"/program/poliranje","200","true","","Poliranje | Carsystem i R-M Inđija","34","1","Paste, podloške i rešenja za korekciju površine, dubinu sjaja i finalnu obradu.","79","1","http://localhost:3000/program/poliranje","200","false","Poliranje","1","H1:Poliranje | H2:Mesto programa u procesu rada | H2:Završna obrada, korekcija i sjaj | H2:Brendovi povezani sa programom | H3:Carsystem | H3:R-M | H3:baslac | H3:Befar | H2:Tehnički proizvodi u programu | H3:Program | H3:R-M Pasta 190 1 L | H3:R-M Pasta 190 5 L | H3:Carsystem Finish serija | H3:Baslac 35-M331 pasta | H3:Befar sunđer narandžasti 25x150 | H3:Befar sunđer narandžasti 50x150 | H3:Befar sunđer crni 25x150 | H3:Befar sunđer crni 50x150 | H3:Befar sunđer beli 25x150 | H3:Befar sunđer beli 50x150 | H3:Befar sunđer plavi 25x150 | H3:Befar sunđer plavi 50x150 | H2:Pronađite proizvode za Poliranje | H2:Katalog | H2:Brendovi | H2:Podrška | H2:Kontakt","sr-Latn","Poliranje | Carsystem i R-M Inđija","Paste, podloške i rešenja za korekciju površine, dubinu sjaja i finalnu obradu.","","summary","Poliranje | Carsystem i R-M Inđija","Paste, podloške i rešenja za korekciju površine, dubinu sjaja i finalnu obradu.","","BreadcrumbList | CollectionPage | ListItem","true","84","1","","17","0","13","true","false"
"/program/potrosni-materijal","200","true","","Potrošni materijal | Carsystem i R-M Inđija","43","1","Maskiranje, sprejevi i radionički materijali za svakodnevni refinish proces.","76","1","http://localhost:3000/program/potrosni-materijal","200","false","Potrošni materijal","1","H1:Potrošni materijal | H2:Mesto programa u procesu rada | H2:Materijali za dnevni ritam radionice | H2:Brendovi povezani sa programom | H3:Carsystem | H3:Car Fit | H3:Cosmos Lac | H2:Tehnički proizvodi u programu | H3:Program | H3:Carsystem zaštitno odelo | H3:Car Fit maskirna folija 4 x 5 m | H3:Car Fit maskirna folija 4 x 150 m | H3:Cosmos Lac Automotive Prefilled Spray 030 | H3:Cosmos Lac Automotive Antichip 250 White | H3:Cosmos Lac Automotive Antichip 251 Black | H3:Cosmos Lac Automotive Antichip 252 Grey | H3:Cosmos Lac Automotive Vinyl & Fabric 510 Black | H3:Cosmos Lac Automotive Bumper Paint 560 White | H3:Cosmos Lac Automotive Bumper Paint 561 Black | H3:Cosmos Lac Automotive Bumper Paint 562 Grey | H3:Cosmos Lac Automotive Bumper Paint 563 Anthracite | H3:Cosmos Lac Automotive Bumper Paint 564 Black Structure | H3:Cosmos Lac Automotive Brake Caliper & Engine Paint 701 Red | H3:Cosmos Lac Automotive Brake Caliper & Engine Paint 702 Yellow | H3:Cosmos Lac Automotive Brake Caliper & Engine Paint 703 Blue | H3:Cosmos Lac Automotive Backlight Paint 711 Black | H3:Cosmos Lac Automotive Backlight Paint 712 Red | H3:Cosmos Lac Automotive Quick Start 719 | H3:Cosmos Lac Chalk Effect CL N01 Charcoal — mat | H3:Cosmos Lac Chalk Effect CL N02 Pure White — mat | H3:Cosmos Lac Chalk Effect CL N03 Cloudy White — mat | H3:Cosmos Lac Chalk Effect CL N04 Cream — mat | H3:Cosmos Lac Chalk Effect CL N05 Dolphin Grey — mat | H3:Cosmos Lac Chalk Effect CL N06 English Manor — mat | H3:Cosmos Lac Chalk Effect CL N07 Duck Egg Blue — mat | H3:Cosmos Lac Chalk Effect CL N08 Scottish Green — mat | H3:Cosmos Lac Chalk Effect CL N09 Moroccan Turquoise — mat | H3:Cosmos Lac Chalk Effect CL N10 Dirty Lilac — mat | H3:Cosmos Lac Chalk Effect CL N11 Budapest Pink — mat | H3:Cosmos Lac Chalk Effect CL N12 Bubblegum — mat | H3:Cosmos Lac Chalk Effect CL N13 Vanilla — mat | H3:Cosmos Lac Chalk Effect CL N14 Greek Blue — mat | H3:Cosmos Lac Chalk Effect CL N15 Royal Blue — mat | H3:Cosmos Lac Chalk Effect CL N16 Aegean Blue — mat | H3:Cosmos Lac Chalk Effect CL N17 Tuscan Sunset — mat | H3:Cosmos Lac Chalk Effect CL N18 Indian Green — mat | H3:Cosmos Lac Chalk Effect CL N19 Dark Sangria — mat | H3:Cosmos Lac Chalk Effect CL N20 Shadow Grey — mat | H3:Cosmos Lac Chalk Effect CL N21 Coral Blush — mat | H3:Cosmos Lac Chalk Effect CL N22 Bloodstone — mat | H3:Cosmos Lac Chalk Effect CL N23 Khaki Brown — mat | H3:Cosmos Lac Chalk Effect CL N24 Latte — mat | H3:Cosmos Lac Chalk Effect CL N25 Versailles Gold — mat | H3:Cosmos Lac Chalk Effect CL N26 Cream Linen — mat | H3:Cosmos Lac Chalk Effect CL N27 Nordic Olive — mat | H3:Cosmos Lac Chalk Effect CL N28 Velvet Citrus — mat | H3:Cosmos Lac Chalk Effect CL N29 Imperial Violet — mat | H2:Pronađite proizvode za Potrošni materijal | H2:Katalog | H2:Brendovi | H2:Podrška | H2:Kontakt","sr-Latn","Potrošni materijal | Carsystem i R-M Inđija","Maskiranje, sprejevi i radionički materijali za svakodnevni refinish proces.","","summary","Potrošni materijal | Carsystem i R-M Inđija","Maskiranje, sprejevi i radionički materijali za svakodnevni refinish proces.","","BreadcrumbList | CollectionPage | ListItem","true","227","1","","51","0","48","true","false"
"/program/priprema-i-abrazivi","200","true","","Priprema i abrazivi | Carsystem i R-M Inđija","44","1","Gitovi, prajmeri, punila i abrazivi za stabilnu površinu pre bojenja.","69","1","http://localhost:3000/program/priprema-i-abrazivi","200","false","Priprema i abrazivi","1","H1:Priprema i abrazivi | H2:Mesto programa u procesu rada | H2:Priprema površine bez preskakanja faza | H2:Brendovi povezani sa programom | H3:Carsystem | H3:Car Fit | H3:R-M | H3:Cosmos Lac | H2:Tehnički proizvodi u programu | H3:Program | H3:B 2P93 UV Bodyfill-R | H3:H 380 GHD HARDENER | H3:P 2A41 PerformFILLER White | H3:P 2A61 MultiPROTECT White | H3:P 2A63 MultiPROTECT Grey | H3:P 2A65 MultiPROTECT Black | H3:P 2E23 Primer filler, grey | H3:P 2P23 AIR Purpos-R Grey | H3:P 2P51 SANDING Fill-R+ White | H3:P 2P55 SANDING Fill-R+ Black | H3:P 2P63 MULTI Purpos-R Grey | H3:P 2P81 Race WET Fill-R White | H3:P 2P85 Race WET Fill-R Black | H3:P 2P92 UV Fill-R Light Grey | H3:P 2P94 UV Fill-R Dark Grey | H3:P 5480 GHD UNIVERSAL EPOXY | H3:P 5530 GHD UNI WASH | H3:PM 2E32 Filler, light grey | H3:PM 2E34 Filler, dark grey | H3:R-M Body Filler White B 2E11 | H3:Carsystem Git Multi Green | H3:Carsystem Git Elastic Weiss | H3:Carsystem Soft Plus git | H3:Carsystem P19 brusni diskovi | H3:Carsystem F19 brusni diskovi | H3:Carsystem Sanding Disc F.23 Ceramic | H3:Carsystem P23 brusni diskovi | H3:Cosmos Lac Putties Putty Acrylic Putty Water Based | H3:Cosmos Lac Putties Filler Iron Filler | H3:Cosmos Lac Putties Filler Marble Adhesive Filler | H3:Cosmos Lac Putties Filler Polyester Putty Fiber Filler | H3:Cosmos Lac Putties Fiberglass Premium Thixotropic Resin 1 kg | H3:Cosmos Lac Putties Fiberglass Premium Thixotropic Resin 5 kg | H3:Cosmos Lac Wood Putties Water-Based Wood Putty 1 Mahogany Light | H3:Cosmos Lac Wood Putties Water-Based Wood Putty 2 Mahogany Dark | H3:Cosmos Lac Wood Putties Water-Based Wood Putty 3 Walnut Light | H3:Cosmos Lac Wood Putties Water-Based Wood Putty 4 Walnut Semi Dark | H3:Cosmos Lac Wood Putties Water-Based Wood Putty 5 Walnut Dark | H3:Cosmos Lac Wood Putties Water-Based Wood Putty 6 Pine | H3:Cosmos Lac Wood Putties Water-Based Wood Putty 7 Maple Tree | H3:Cosmos Lac Wood Putties Water-Based Wood Putty 8 Oregon | H3:Cosmos Lac Wood Putties Water-Based Wood Putty 9 Oak | H3:Cosmos Lac Wood Putties Water-Based Wood Putty 10 Natural | H3:Cosmos Lac Wood Putties Water-Based Wood Putty 11 Beech | H3:Cosmos Lac Wood Putties Water-Based Wood Putty 12 White | H3:Cosmos Lac Wood Putties Water-Based Wood Putty 13 Black | H3:Cosmos Lac Wood Putties Water-Based Wood Putty 14 Grey | H3:Cosmos Lac Wood Putties Water-Based Wood Putty 15 Oak Dark | H2:Pronađite proizvode za Priprema i abrazivi | H2:Katalog | H2:Brendovi | H2:Podrška | H2:Kontakt","sr-Latn","Priprema i abrazivi | Carsystem i R-M Inđija","Gitovi, prajmeri, punila i abrazivi za stabilnu površinu pre bojenja.","","summary","Priprema i abrazivi | Carsystem i R-M Inđija","Gitovi, prajmeri, punila i abrazivi za stabilnu površinu pre bojenja.","","BreadcrumbList | CollectionPage | ListItem","true","228","1","","51","0","47","true","false"
"/proizvodi/2210-onyx-activator","200","true","","A 2210 ONYX ACTIVATOR | Carsystem i R-M Inđija","46","1","Aditiv za posebne ONYX HD primene i solid-color bazne slojeve prema tehničkom listu.","84","1","http://localhost:3000/proizvodi/2210-onyx-activator","200","false","A 2210 ONYX ACTIVATOR","1","H1:A 2210 ONYX ACTIVATOR | H3:Sistemska komponenta | H3:Dokumentovana uloga proizvoda | H3:ONYX HD · Aditiv | H2:Slični proizvodi | H3:A 2520 ONYX EASY BLENDER | H3:C 2A40 AirTOP | H3:H 2A14 TopCURE | H3:HB 032 HYDROMIX | H3:HB 036 HYDROMIX TROPICAL | H3:P 2A41 PerformFILLER White | H2:Proverite A 2210 ONYX ACTIVATOR za svoj proces. | H2:Katalog | H2:Brendovi | H2:Podrška | H2:Kontakt","sr-Latn","A 2210 ONYX ACTIVATOR | Carsystem i R-M Inđija","Aditiv za posebne ONYX HD primene i solid-color bazne slojeve prema tehničkom listu.","","summary","A 2210 ONYX ACTIVATOR | Carsystem i R-M Inđija","Aditiv za posebne ONYX HD primene i solid-color bazne slojeve prema tehničkom listu.","","Brand | BreadcrumbList | ListItem | Product","true","42","1","","8","0","8","true","false"
"/proizvodi/2220-agilis-activator","200","true","","A 2220 AGILIS ACTIVATOR | Carsystem i R-M Inđija","48","1","Aditiv za AGILIS enterijerske aplikacije i učvršćivač za AGILIS AMPLIFIER A 2560.","81","1","http://localhost:3000/proizvodi/2220-agilis-activator","200","false","A 2220 AGILIS ACTIVATOR","1","H1:A 2220 AGILIS ACTIVATOR | H3:Sistemska komponenta | H3:Dokumentovana uloga proizvoda | H3:AGILIS · Aditiv | H2:Slični proizvodi | H3:A 2530 AGILIS BLENDER | H3:A 2560 AGILIS AMPLIFIER | H3:C 2P42 RACE Finish-R | H3:H 2P15 CLEAR Harden-R | H3:P 2P81 Race WET Fill-R White | H3:RA 050X AGILIS MIX | H2:Proverite A 2220 AGILIS ACTIVATOR za svoj proces. | H2:Katalog | H2:Brendovi | H2:Podrška | H2:Kontakt","sr-Latn","A 2220 AGILIS ACTIVATOR | Carsystem i R-M Inđija","Aditiv za AGILIS enterijerske aplikacije i učvršćivač za AGILIS AMPLIFIER A 2560.","","summary","A 2220 AGILIS ACTIVATOR | Carsystem i R-M Inđija","Aditiv za AGILIS enterijerske aplikacije i učvršćivač za AGILIS AMPLIFIER A 2560.","","Brand | BreadcrumbList | ListItem | Product","true","42","1","","8","0","8","true","false"
"/proizvodi/2520-onyx-easy-blender","200","true","","A 2520 ONYX EASY BLENDER | Carsystem i R-M Inđija","49","1","Vodeni dodatak za ONYX HD BLEND'ART popravke i transparentni predpremaz.","72","1","http://localhost:3000/proizvodi/2520-onyx-easy-blender","200","false","A 2520 ONYX EASY BLENDER","1","H1:A 2520 ONYX EASY BLENDER | H3:Sistemska komponenta | H3:Dokumentovana uloga proizvoda | H3:ONYX HD · Aditiv | H2:Slični proizvodi | H3:A 2210 ONYX ACTIVATOR | H3:C 2A40 AirTOP | H3:H 2A14 TopCURE | H3:HB 032 HYDROMIX | H3:HB 036 HYDROMIX TROPICAL | H3:P 2A41 PerformFILLER White | H2:Proverite A 2520 ONYX EASY BLENDER za svoj proces. | H2:Katalog | H2:Brendovi | H2:Podrška | H2:Kontakt","sr-Latn","A 2520 ONYX EASY BLENDER | Carsystem i R-M Inđija","Vodeni dodatak za ONYX HD BLEND'ART popravke i transparentni predpremaz.","","summary","A 2520 ONYX EASY BLENDER | Carsystem i R-M Inđija","Vodeni dodatak za ONYX HD BLEND'ART popravke i transparentni predpremaz.","","Brand | BreadcrumbList | ListItem | Product","true","42","1","","8","0","8","true","false"
"/proizvodi/2530-agilis-blender","200","true","","A 2530 AGILIS BLENDER | Carsystem i R-M Inđija","46","1","Optimizuje orijentaciju efektnih čestica u zoni blend-in popravke; isporučuje se spreman za upotrebu.","101","1","http://localhost:3000/proizvodi/2530-agilis-blender","200","false","A 2530 AGILIS BLENDER","1","H1:A 2530 AGILIS BLENDER | H3:Sistemska komponenta | H3:Dokumentovana uloga proizvoda | H3:AGILIS · Aditiv | H2:Slični proizvodi | H3:A 2220 AGILIS ACTIVATOR | H3:A 2560 AGILIS AMPLIFIER | H3:C 2P42 RACE Finish-R | H3:H 2P15 CLEAR Harden-R | H3:P 2P81 Race WET Fill-R White | H3:RA 050X AGILIS MIX | H2:Proverite A 2530 AGILIS BLENDER za svoj proces. | H2:Katalog | H2:Brendovi | H2:Podrška | H2:Kontakt","sr-Latn","A 2530 AGILIS BLENDER | Carsystem i R-M Inđija","Optimizuje orijentaciju efektnih čestica u zoni blend-in popravke; isporučuje se spreman za upotrebu.","","summary","A 2530 AGILIS BLENDER | Carsystem i R-M Inđija","Optimizuje orijentaciju efektnih čestica u zoni blend-in popravke; isporučuje se spreman za upotrebu.","","Brand | BreadcrumbList | ListItem | Product","true","42","1","","8","0","8","true","false"
"/proizvodi/2560-agilis-amplifier","200","true","","A 2560 AGILIS AMPLIFIER | Carsystem i R-M Inđija","48","1","Tonirajuća AGILIS komponenta za wet-on-wet rad na OEM e-coat panelima i unutrašnjim zonama.","91","1","http://localhost:3000/proizvodi/2560-agilis-amplifier","200","false","A 2560 AGILIS AMPLIFIER","1","H1:A 2560 AGILIS AMPLIFIER | H3:Sistemska komponenta | H3:Dokumentovana uloga proizvoda | H3:AGILIS · Aditiv | H2:Slični proizvodi | H3:A 2220 AGILIS ACTIVATOR | H3:A 2530 AGILIS BLENDER | H3:C 2P42 RACE Finish-R | H3:H 2P15 CLEAR Harden-R | H3:P 2P81 Race WET Fill-R White | H3:RA 050X AGILIS MIX | H2:Proverite A 2560 AGILIS AMPLIFIER za svoj proces. | H2:Katalog | H2:Brendovi | H2:Podrška | H2:Kontakt","sr-Latn","A 2560 AGILIS AMPLIFIER | Carsystem i R-M Inđija","Tonirajuća AGILIS komponenta za wet-on-wet rad na OEM e-coat panelima i unutrašnjim zonama.","","summary","A 2560 AGILIS AMPLIFIER | Carsystem i R-M Inđija","Tonirajuća AGILIS komponenta za wet-on-wet rad na OEM e-coat panelima i unutrašnjim zonama.","","Brand | BreadcrumbList | ListItem | Product","true","42","1","","8","0","8","true","false"
"/proizvodi/2p15-air-tune-r","200","true","","A 2P15 AIR Tune-R | Carsystem i R-M Inđija","42","1","Dodatak Pioneer lakovima za bržu površinu bez prašine i raniju spremnost za završnu obradu.","91","1","http://localhost:3000/proizvodi/2p15-air-tune-r","200","false","A 2P15 AIR Tune-R","1","H1:A 2P15 AIR Tune-R | H3:Sistemska komponenta | H3:Dokumentovana uloga proizvoda | H3:Pioneer Series · Aditiv | H2:Slični proizvodi | H3:A 2P80 TEXTURE Tune-R | H3:B 2P93 UV Bodyfill-R | H3:EASY C 2P15 | H3:C 2P30 UV Finish-R | H3:C 2P42 RACE Finish-R | H3:C 2P45 SPEED Finish-R | H2:Proverite A 2P15 AIR Tune-R za svoj proces. | H2:Katalog | H2:Brendovi | H2:Podrška | H2:Kontakt","sr-Latn","A 2P15 AIR Tune-R | Carsystem i R-M Inđija","Dodatak Pioneer lakovima za bržu površinu bez prašine i raniju spremnost za završnu obradu.","","summary","A 2P15 AIR Tune-R | Carsystem i R-M Inđija","Dodatak Pioneer lakovima za bržu površinu bez prašine i raniju spremnost za završnu obradu.","","Brand | BreadcrumbList | ListItem | Product","true","42","1","","8","0","8","true","false"
"/proizvodi/2p80-texture-tune-r","200","true","","A 2P80 TEXTURE Tune-R | Carsystem i R-M Inđija","46","1","Dodatak za kontrolisano formiranje teksture u kompatibilnim Pioneer bezbojnim lakovima.","87","1","http://localhost:3000/proizvodi/2p80-texture-tune-r","200","false","A 2P80 TEXTURE Tune-R","1","H1:A 2P80 TEXTURE Tune-R | H3:Sistemska komponenta | H3:Dokumentovana uloga proizvoda | H3:Pioneer Series · Aditiv | H2:Slični proizvodi | H3:A 2P15 AIR Tune-R | H3:B 2P93 UV Bodyfill-R | H3:EASY C 2P15 | H3:C 2P30 UV Finish-R | H3:C 2P42 RACE Finish-R | H3:C 2P45 SPEED Finish-R | H2:Proverite A 2P80 TEXTURE Tune-R za svoj proces. | H2:Katalog | H2:Brendovi | H2:Podrška | H2:Kontakt","sr-Latn","A 2P80 TEXTURE Tune-R | Carsystem i R-M Inđija","Dodatak za kontrolisano formiranje teksture u kompatibilnim Pioneer bezbojnim lakovima.","","summary","A 2P80 TEXTURE Tune-R | Carsystem i R-M Inđija","Dodatak za kontrolisano formiranje teksture u kompatibilnim Pioneer bezbojnim lakovima.","","Brand | BreadcrumbList | ListItem | Product","true","42","1","","8","0","8","true","false"
"/proizvodi/b-2p93-uv-bodyfill-r","200","true","","B 2P93 UV Bodyfill-R | Carsystem i R-M Inđija","45","1","UV fini kit sa brzim procesom, dobrom obradivošću i antikorozivnom zaštitom prema tehničkom listu.","98","1","http://localhost:3000/proizvodi/b-2p93-uv-bodyfill-r","200","false","B 2P93 UV Bodyfill-R","1","H1:B 2P93 UV Bodyfill-R | H3:Mesto u pripremnom procesu | H3:Dokumentovana uloga proizvoda | H3:Pioneer Series · Kit | H2:Slični proizvodi | H3:A 2P15 AIR Tune-R | H3:A 2P80 TEXTURE Tune-R | H3:EASY C 2P15 | H3:C 2P30 UV Finish-R | H3:C 2P42 RACE Finish-R | H3:C 2P45 SPEED Finish-R | H2:Proverite B 2P93 UV Bodyfill-R za svoj proces. | H2:Katalog | H2:Brendovi | H2:Podrška | H2:Kontakt","sr-Latn","B 2P93 UV Bodyfill-R | Carsystem i R-M Inđija","UV fini kit sa brzim procesom, dobrom obradivošću i antikorozivnom zaštitom prema tehničkom listu.","","summary","B 2P93 UV Bodyfill-R | Carsystem i R-M Inđija","UV fini kit sa brzim procesom, dobrom obradivošću i antikorozivnom zaštitom prema tehničkom listu.","","Brand | BreadcrumbList | ListItem | Product","true","42","1","","8","0","8","true","false"
"/proizvodi/baslac-30-s510-s-serija","200","true","","Baslac 30-S510 S serija | Carsystem i R-M Inđija","48","1","Baslac S serija za rad u sistemu boja i pratećih materijala.","60","1","http://localhost:3000/proizvodi/baslac-30-s510-s-serija","200","false","Baslac 30-S510 S serija","1","H1:Baslac 30-S510 S serija | H2:Slični proizvodi | H3:Baslac 60-20 razređivač | H3:Baslac 35-M214 | H3:R-M DIAMONT bazna boja | H2:Treba vam savet pri izboru proizvoda? | H2:Katalog | H2:Brendovi | H2:Podrška | H2:Kontakt","sr-Latn","Baslac 30-S510 S serija | Carsystem i R-M Inđija","Baslac S serija za rad u sistemu boja i pratećih materijala.","","summary","Baslac 30-S510 S serija | Carsystem i R-M Inđija","Baslac S serija za rad u sistemu boja i pratećih materijala.","","Brand | BreadcrumbList | ListItem | Product","true","37","1","","5","0","5","true","false"
"/proizvodi/baslac-35-m214","200","true","","Baslac 35-M214 | Carsystem i R-M Inđija","39","1","Baslac 35-M214 u pakovanju 3.5 L za završni refinish proces.","60","1","http://localhost:3000/proizvodi/baslac-35-m214","200","false","Baslac 35-M214","1","H1:Baslac 35-M214 | H2:Slični proizvodi | H3:Baslac 30-S510 S serija | H3:Baslac 60-20 razređivač | H3:SATAjet X 5500 | H2:Treba vam savet pri izboru proizvoda? | H2:Katalog | H2:Brendovi | H2:Podrška | H2:Kontakt","sr-Latn","Baslac 35-M214 | Carsystem i R-M Inđija","Baslac 35-M214 u pakovanju 3.5 L za završni refinish proces.","","summary","Baslac 35-M214 | Carsystem i R-M Inđija","Baslac 35-M214 u pakovanju 3.5 L za završni refinish proces.","","Brand | BreadcrumbList | ListItem | Product","true","37","1","","4","0","4","true","false"
"/proizvodi/baslac-35-m331-pasta","200","true","","Baslac 35-M331 pasta | Carsystem i R-M Inđija","45","1","Pasta u pakovanju 0.5 L za korekciju i završnu obradu.","54","1","http://localhost:3000/proizvodi/baslac-35-m331-pasta","200","false","Baslac 35-M331 pasta","1","H1:Baslac 35-M331 pasta | H2:Slični proizvodi | H3:Befar sunđer beli 50x150 | H3:R-M Pasta 190 1 L | H3:Carsystem Finish serija | H2:Treba vam savet pri izboru proizvoda? | H2:Katalog | H2:Brendovi | H2:Podrška | H2:Kontakt","sr-Latn","Baslac 35-M331 pasta | Carsystem i R-M Inđija","Pasta u pakovanju 0.5 L za korekciju i završnu obradu.","","summary","Baslac 35-M331 pasta | Carsystem i R-M Inđija","Pasta u pakovanju 0.5 L za korekciju i završnu obradu.","","Brand | BreadcrumbList | ListItem | Product","true","37","1","","5","0","5","true","false"
"/proizvodi/baslac-60-20-razredjivac","200","true","","Baslac 60-20 razređivač | Carsystem i R-M Inđija","48","1","Razređivač u pakovanju 5 L za rad u Baslac sistemu.","51","1","http://localhost:3000/proizvodi/baslac-60-20-razredjivac","200","false","Baslac 60-20 razređivač","1","H1:Baslac 60-20 razređivač | H2:Slični proizvodi | H3:Baslac 30-S510 S serija | H3:R-M DIAMONT bazna boja | H3:SATAjet X 5500 | H2:Treba vam savet pri izboru proizvoda? | H2:Katalog | H2:Brendovi | H2:Podrška | H2:Kontakt","sr-Latn","Baslac 60-20 razređivač | Carsystem i R-M Inđija","Razređivač u pakovanju 5 L za rad u Baslac sistemu.","","summary","Baslac 60-20 razređivač | Carsystem i R-M Inđija","Razređivač u pakovanju 5 L za rad u Baslac sistemu.","","Brand | BreadcrumbList | ListItem | Product","true","37","1","","4","0","4","true","false"
"/proizvodi/befar-sundjer-beli-25x150","200","true","","Befar sunđer beli 25x150 | Carsystem i R-M Inđija","49","1","Sunđer za poliranje, beli izvedba, dimenzija 25 mm x 150 mm.","60","1","http://localhost:3000/proizvodi/befar-sundjer-beli-25x150","200","false","Befar sunđer beli 25x150","1","H1:Befar sunđer beli 25x150 | H2:Dostupne boje i dimenzije | H2:Slični proizvodi | H3:Befar sunđer beli 50x150 | H3:Carsystem Finish serija | H3:R-M Pasta 190 1 L | H2:Treba vam savet pri izboru proizvoda? | H2:Katalog | H2:Brendovi | H2:Podrška | H2:Kontakt","sr-Latn","Befar sunđer beli 25x150 | Carsystem i R-M Inđija","Sunđer za poliranje, beli izvedba, dimenzija 25 mm x 150 mm.","","summary","Befar sunđer beli 25x150 | Carsystem i R-M Inđija","Sunđer za poliranje, beli izvedba, dimenzija 25 mm x 150 mm.","","Brand | BreadcrumbList | ListItem | Product","true","42","1","","9","0","9","true","false"
"/proizvodi/befar-sundjer-beli-50x150","200","true","","Befar sunđer beli 50x150 | Carsystem i R-M Inđija","49","1","Sunđer za poliranje, beli izvedba, dimenzija 50 mm x 150 mm.","60","1","http://localhost:3000/proizvodi/befar-sundjer-beli-50x150","200","false","Befar sunđer beli 50x150","1","H1:Befar sunđer beli 50x150 | H2:Dostupne boje i dimenzije | H2:Slični proizvodi | H3:Befar sunđer beli 25x150 | H3:Carsystem Finish serija | H3:R-M Pasta 190 1 L | H2:Treba vam savet pri izboru proizvoda? | H2:Katalog | H2:Brendovi | H2:Podrška | H2:Kontakt","sr-Latn","Befar sunđer beli 50x150 | Carsystem i R-M Inđija","Sunđer za poliranje, beli izvedba, dimenzija 50 mm x 150 mm.","","summary","Befar sunđer beli 50x150 | Carsystem i R-M Inđija","Sunđer za poliranje, beli izvedba, dimenzija 50 mm x 150 mm.","","Brand | BreadcrumbList | ListItem | Product","true","42","1","","9","0","9","true","false"
"/proizvodi/befar-sundjer-crni-25x150","200","true","","Befar sunđer crni 25x150 | Carsystem i R-M Inđija","49","1","Sunđer za poliranje, crni izvedba, dimenzija 25 mm x 150 mm.","60","1","http://localhost:3000/proizvodi/befar-sundjer-crni-25x150","200","false","Befar sunđer crni 25x150","1","H1:Befar sunđer crni 25x150 | H2:Dostupne boje i dimenzije | H2:Slični proizvodi | H3:Befar sunđer crni 50x150 | H3:Carsystem Finish serija | H3:R-M Pasta 190 1 L | H2:Treba vam savet pri izboru proizvoda? | H2:Katalog | H2:Brendovi | H2:Podrška | H2:Kontakt","sr-Latn","Befar sunđer crni 25x150 | Carsystem i R-M Inđija","Sunđer za poliranje, crni izvedba, dimenzija 25 mm x 150 mm.","","summary","Befar sunđer crni 25x150 | Carsystem i R-M Inđija","Sunđer za poliranje, crni izvedba, dimenzija 25 mm x 150 mm.","","Brand | BreadcrumbList | ListItem | Product","true","42","1","","9","0","9","true","false"
"/proizvodi/befar-sundjer-crni-50x150","200","true","","Befar sunđer crni 50x150 | Carsystem i R-M Inđija","49","1","Sunđer za poliranje, crni izvedba, dimenzija 50 mm x 150 mm.","60","1","http://localhost:3000/proizvodi/befar-sundjer-crni-50x150","200","false","Befar sunđer crni 50x150","1","H1:Befar sunđer crni 50x150 | H2:Dostupne boje i dimenzije | H2:Slični proizvodi | H3:Befar sunđer crni 25x150 | H3:Carsystem Finish serija | H3:R-M Pasta 190 1 L | H2:Treba vam savet pri izboru proizvoda? | H2:Katalog | H2:Brendovi | H2:Podrška | H2:Kontakt","sr-Latn","Befar sunđer crni 50x150 | Carsystem i R-M Inđija","Sunđer za poliranje, crni izvedba, dimenzija 50 mm x 150 mm.","","summary","Befar sunđer crni 50x150 | Carsystem i R-M Inđija","Sunđer za poliranje, crni izvedba, dimenzija 50 mm x 150 mm.","","Brand | BreadcrumbList | ListItem | Product","true","42","1","","9","0","9","true","false"
"/proizvodi/befar-sundjer-narandzasti-25x150","200","true","","Befar sunđer narandžasti 25x150 | Carsystem i R-M Inđija","56","1","Sunđer za poliranje, narandžasti izvedba, dimenzija 25 mm x 150 mm.","67","1","http://localhost:3000/proizvodi/befar-sundjer-narandzasti-25x150","200","false","Befar sunđer narandžasti 25x150","1","H1:Befar sunđer narandžasti 25x150 | H2:Dostupne boje i dimenzije | H2:Slični proizvodi | H3:Befar sunđer narandžasti 50x150 | H3:Carsystem Finish serija | H3:R-M Pasta 190 1 L | H2:Treba vam savet pri izboru proizvoda? | H2:Katalog | H2:Brendovi | H2:Podrška | H2:Kontakt","sr-Latn","Befar sunđer narandžasti 25x150 | Carsystem i R-M Inđija","Sunđer za poliranje, narandžasti izvedba, dimenzija 25 mm x 150 mm.","","summary","Befar sunđer narandžasti 25x150 | Carsystem i R-M Inđija","Sunđer za poliranje, narandžasti izvedba, dimenzija 25 mm x 150 mm.","","Brand | BreadcrumbList | ListItem | Product","true","42","1","","9","0","9","true","false"
"/proizvodi/befar-sundjer-narandzasti-50x150","200","true","","Befar sunđer narandžasti 50x150 | Carsystem i R-M Inđija","56","1","Sunđer za poliranje, narandžasti izvedba, dimenzija 50 mm x 150 mm.","67","1","http://localhost:3000/proizvodi/befar-sundjer-narandzasti-50x150","200","false","Befar sunđer narandžasti 50x150","1","H1:Befar sunđer narandžasti 50x150 | H2:Dostupne boje i dimenzije | H2:Slični proizvodi | H3:Befar sunđer narandžasti 25x150 | H3:Carsystem Finish serija | H3:R-M Pasta 190 1 L | H2:Treba vam savet pri izboru proizvoda? | H2:Katalog | H2:Brendovi | H2:Podrška | H2:Kontakt","sr-Latn","Befar sunđer narandžasti 50x150 | Carsystem i R-M Inđija","Sunđer za poliranje, narandžasti izvedba, dimenzija 50 mm x 150 mm.","","summary","Befar sunđer narandžasti 50x150 | Carsystem i R-M Inđija","Sunđer za poliranje, narandžasti izvedba, dimenzija 50 mm x 150 mm.","","Brand | BreadcrumbList | ListItem | Product","true","42","1","","9","0","9","true","false"
"/proizvodi/befar-sundjer-plavi-25x150","200","true","","Befar sunđer plavi 25x150 | Carsystem i R-M Inđija","50","1","Sunđer za poliranje, plavi izvedba, dimenzija 25 mm x 150 mm.","61","1","http://localhost:3000/proizvodi/befar-sundjer-plavi-25x150","200","false","Befar sunđer plavi 25x150","1","H1:Befar sunđer plavi 25x150 | H2:Dostupne boje i dimenzije | H2:Slični proizvodi | H3:Befar sunđer plavi 50x150 | H3:Carsystem Finish serija | H3:R-M Pasta 190 1 L | H2:Treba vam savet pri izboru proizvoda? | H2:Katalog | H2:Brendovi | H2:Podrška | H2:Kontakt","sr-Latn","Befar sunđer plavi 25x150 | Carsystem i R-M Inđija","Sunđer za poliranje, plavi izvedba, dimenzija 25 mm x 150 mm.","","summary","Befar sunđer plavi 25x150 | Carsystem i R-M Inđija","Sunđer za poliranje, plavi izvedba, dimenzija 25 mm x 150 mm.","","Brand | BreadcrumbList | ListItem | Product","true","42","1","","9","0","9","true","false"
"/proizvodi/befar-sundjer-plavi-50x150","200","true","","Befar sunđer plavi 50x150 | Carsystem i R-M Inđija","50","1","Sunđer za poliranje, plavi izvedba, dimenzija 50 mm x 150 mm.","61","1","http://localhost:3000/proizvodi/befar-sundjer-plavi-50x150","200","false","Befar sunđer plavi 50x150","1","H1:Befar sunđer plavi 50x150 | H2:Dostupne boje i dimenzije | H2:Slični proizvodi | H3:Befar sunđer plavi 25x150 | H3:Carsystem Finish serija | H3:R-M Pasta 190 1 L | H2:Treba vam savet pri izboru proizvoda? | H2:Katalog | H2:Brendovi | H2:Podrška | H2:Kontakt","sr-Latn","Befar sunđer plavi 50x150 | Carsystem i R-M Inđija","Sunđer za poliranje, plavi izvedba, dimenzija 50 mm x 150 mm.","","summary","Befar sunđer plavi 50x150 | Carsystem i R-M Inđija","Sunđer za poliranje, plavi izvedba, dimenzija 50 mm x 150 mm.","","Brand | BreadcrumbList | ListItem | Product","true","42","1","","9","0","9","true","false"
"/proizvodi/c-2a40-airtop","200","true","","C 2A40 AirTOP | Carsystem i R-M Inđija","38","1","Vazdušno sušeći Advance bezbojni lak za produktivan rad, od manjih popravki do bočne strane vozila.","99","1","http://localhost:3000/proizvodi/c-2a40-airtop","200","false","C 2A40 AirTOP","1","H1:C 2A40 AirTOP | H3:Mesto u završnom procesu | H3:Dokumentovana uloga proizvoda | H3:ONYX HD · Bezbojni lak | H2:Slični proizvodi | H3:H 2A14 TopCURE | H3:P 2A41 PerformFILLER White | H3:R 2A10 AirtopTHINN | H3:A 2210 ONYX ACTIVATOR | H3:A 2520 ONYX EASY BLENDER | H3:C 2A46 UltraTOP | H2:Proverite C 2A40 AirTOP za svoj proces. | H2:Katalog | H2:Brendovi | H2:Podrška | H2:Kontakt","sr-Latn","C 2A40 AirTOP | Carsystem i R-M Inđija","Vazdušno sušeći Advance bezbojni lak za produktivan rad, od manjih popravki do bočne strane vozila.","","summary","C 2A40 AirTOP | Carsystem i R-M Inđija","Vazdušno sušeći Advance bezbojni lak za produktivan rad, od manjih popravki do bočne strane vozila.","","Brand | BreadcrumbList | ListItem | Product","true","42","1","","8","0","8","true","false"
"/proizvodi/c-2a46-ultratop","200","true","","C 2A46 UltraTOP | Carsystem i R-M Inđija","40","1","Produktivan Advance bezbojni lak sa kratkim vremenom sušenja i smanjenom energijom očvršćavanja.","96","1","http://localhost:3000/proizvodi/c-2a46-ultratop","200","false","C 2A46 UltraTOP","1","H1:C 2A46 UltraTOP | H3:Mesto u završnom procesu | H3:Dokumentovana uloga proizvoda | H3:Advance Series · Bezbojni lak | H2:Slični proizvodi | H3:C 2A40 AirTOP | H3:C 2A54 PerformTOP | H3:C 2A57 MixTOP | H3:C 2A63 GlossTOP | H3:C 2A64 GlossTOP+ | H3:ProtectTOP C 2A84 | H2:Proverite C 2A46 UltraTOP za svoj proces. | H2:Katalog | H2:Brendovi | H2:Podrška | H2:Kontakt","sr-Latn","C 2A46 UltraTOP | Carsystem i R-M Inđija","Produktivan Advance bezbojni lak sa kratkim vremenom sušenja i smanjenom energijom očvršćavanja.","","summary","C 2A46 UltraTOP | Carsystem i R-M Inđija","Produktivan Advance bezbojni lak sa kratkim vremenom sušenja i smanjenom energijom očvršćavanja.","","Brand | BreadcrumbList | ListItem | Product","true","42","1","","8","0","8","true","false"
"/proizvodi/c-2a54-performtop","200","true","","C 2A54 PerformTOP | Carsystem i R-M Inđija","42","1","Univerzalni Advance bezbojni lak za širok spektar primena i jednostavan rad.","76","1","http://localhost:3000/proizvodi/c-2a54-performtop","200","false","C 2A54 PerformTOP","1","H1:C 2A54 PerformTOP | H3:Mesto u završnom procesu | H3:Dokumentovana uloga proizvoda | H3:Advance Series · Bezbojni lak | H2:Slični proizvodi | H3:C 2A40 AirTOP | H3:C 2A46 UltraTOP | H3:C 2A57 MixTOP | H3:C 2A63 GlossTOP | H3:C 2A64 GlossTOP+ | H3:ProtectTOP C 2A84 | H2:Proverite C 2A54 PerformTOP za svoj proces. | H2:Katalog | H2:Brendovi | H2:Podrška | H2:Kontakt","sr-Latn","C 2A54 PerformTOP | Carsystem i R-M Inđija","Univerzalni Advance bezbojni lak za širok spektar primena i jednostavan rad.","","summary","C 2A54 PerformTOP | Carsystem i R-M Inđija","Univerzalni Advance bezbojni lak za širok spektar primena i jednostavan rad.","","Brand | BreadcrumbList | ListItem | Product","true","42","1","","8","0","8","true","false"
"/proizvodi/c-2a57-mixtop","200","true","","C 2A57 MixTOP | Carsystem i R-M Inđija","38","1","Advance bezbojni lak pripremljen kao premixed rešenje prema zvaničnoj dokumentaciji.","84","1","http://localhost:3000/proizvodi/c-2a57-mixtop","200","false","C 2A57 MixTOP","1","H1:C 2A57 MixTOP | H3:Mesto u završnom procesu | H3:Dokumentovana uloga proizvoda | H3:Advance Series · Bezbojni lak | H2:Slični proizvodi | H3:C 2A40 AirTOP | H3:C 2A46 UltraTOP | H3:C 2A54 PerformTOP | H3:C 2A63 GlossTOP | H3:C 2A64 GlossTOP+ | H3:ProtectTOP C 2A84 | H2:Proverite C 2A57 MixTOP za svoj proces. | H2:Katalog | H2:Brendovi | H2:Podrška | H2:Kontakt","sr-Latn","C 2A57 MixTOP | Carsystem i R-M Inđija","Advance bezbojni lak pripremljen kao premixed rešenje prema zvaničnoj dokumentaciji.","","summary","C 2A57 MixTOP | Carsystem i R-M Inđija","Advance bezbojni lak pripremljen kao premixed rešenje prema zvaničnoj dokumentaciji.","","Brand | BreadcrumbList | ListItem | Product","true","42","1","","8","0","8","true","false"
"/proizvodi/c-2a63-glosstop","200","true","","C 2A63 GlossTOP | Carsystem i R-M Inđija","40","1","Advance bezbojni lak za završnicu visokog sjaja.","48","1","http://localhost:3000/proizvodi/c-2a63-glosstop","200","false","C 2A63 GlossTOP","1","H1:C 2A63 GlossTOP | H3:Mesto u završnom procesu | H3:Dokumentovana uloga proizvoda | H3:Advance Series · Bezbojni lak | H2:Slični proizvodi | H3:C 2A40 AirTOP | H3:C 2A46 UltraTOP | H3:C 2A54 PerformTOP | H3:C 2A57 MixTOP | H3:C 2A64 GlossTOP+ | H3:ProtectTOP C 2A84 | H2:Proverite C 2A63 GlossTOP za svoj proces. | H2:Katalog | H2:Brendovi | H2:Podrška | H2:Kontakt","sr-Latn","C 2A63 GlossTOP | Carsystem i R-M Inđija","Advance bezbojni lak za završnicu visokog sjaja.","","summary","C 2A63 GlossTOP | Carsystem i R-M Inđija","Advance bezbojni lak za završnicu visokog sjaja.","","Brand | BreadcrumbList | ListItem | Product","true","42","1","","8","0","8","true","false"
"/proizvodi/c-2a64-glosstop","200","true","","C 2A64 GlossTOP+ | Carsystem i R-M Inđija","41","1","Advance bezbojni lak za superioran sjaj i završni rezultat visokog nivoa.","73","1","http://localhost:3000/proizvodi/c-2a64-glosstop","200","false","C 2A64 GlossTOP+","1","H1:C 2A64 GlossTOP+ | H3:Mesto u završnom procesu | H3:Dokumentovana uloga proizvoda | H3:Advance Series · Bezbojni lak | H2:Slični proizvodi | H3:C 2A40 AirTOP | H3:C 2A46 UltraTOP | H3:C 2A54 PerformTOP | H3:C 2A57 MixTOP | H3:C 2A63 GlossTOP | H3:ProtectTOP C 2A84 | H2:Proverite C 2A64 GlossTOP+ za svoj proces. | H2:Katalog | H2:Brendovi | H2:Podrška | H2:Kontakt","sr-Latn","C 2A64 GlossTOP+ | Carsystem i R-M Inđija","Advance bezbojni lak za superioran sjaj i završni rezultat visokog nivoa.","","summary","C 2A64 GlossTOP+ | Carsystem i R-M Inđija","Advance bezbojni lak za superioran sjaj i završni rezultat visokog nivoa.","","Brand | BreadcrumbList | ListItem | Product","true","42","1","","8","0","8","true","false"
"/proizvodi/c-2a84-protecttop","200","true","","ProtectTOP C 2A84 | Carsystem i R-M Inđija","42","1","Scratch-resistant Advance bezbojni lak za povećanu površinsku zaštitu.","70","1","http://localhost:3000/proizvodi/c-2a84-protecttop","200","false","ProtectTOP C 2A84","1","H1:ProtectTOP C 2A84 | H3:Mesto u završnom procesu | H3:Dokumentovana uloga proizvoda | H3:Advance Series · Bezbojni lak | H2:Slični proizvodi | H3:C 2A40 AirTOP | H3:C 2A46 UltraTOP | H3:C 2A54 PerformTOP | H3:C 2A57 MixTOP | H3:C 2A63 GlossTOP | H3:C 2A64 GlossTOP+ | H2:Proverite ProtectTOP C 2A84 za svoj proces. | H2:Katalog | H2:Brendovi | H2:Podrška | H2:Kontakt","sr-Latn","ProtectTOP C 2A84 | Carsystem i R-M Inđija","Scratch-resistant Advance bezbojni lak za povećanu površinsku zaštitu.","","summary","ProtectTOP C 2A84 | Carsystem i R-M Inđija","Scratch-resistant Advance bezbojni lak za povećanu površinsku zaštitu.","","Brand | BreadcrumbList | ListItem | Product","true","42","1","","8","0","8","true","false"
"/proizvodi/c-2a93-mattop","200","true","","C 2A93 MatTOP+ | Carsystem i R-M Inđija","39","1","Mat Advance bezbojni lak namenjen popravci posebnih OEM mat završnica.","70","1","http://localhost:3000/proizvodi/c-2a93-mattop","200","false","C 2A93 MatTOP+","1","H1:C 2A93 MatTOP+ | H3:Mesto u završnom procesu | H3:Dokumentovana uloga proizvoda | H3:Advance Series · Bezbojni lak | H2:Slični proizvodi | H3:C 2A40 AirTOP | H3:C 2A46 UltraTOP | H3:C 2A54 PerformTOP | H3:C 2A57 MixTOP | H3:C 2A63 GlossTOP | H3:C 2A64 GlossTOP+ | H2:Proverite C 2A93 MatTOP+ za svoj proces. | H2:Katalog | H2:Brendovi | H2:Podrška | H2:Kontakt","sr-Latn","C 2A93 MatTOP+ | Carsystem i R-M Inđija","Mat Advance bezbojni lak namenjen popravci posebnih OEM mat završnica.","","summary","C 2A93 MatTOP+ | Carsystem i R-M Inđija","Mat Advance bezbojni lak namenjen popravci posebnih OEM mat završnica.","","Brand | BreadcrumbList | ListItem | Product","true","42","1","","8","0","8","true","false"
"/proizvodi/c-2e10-clear-coat-premixed","200","true","","C 2E10 Clear coat, premixed | Carsystem i R-M Inđija","52","1","Element premixed bezbojni lak za primene od pojedinačnih panela do kompletnog prelakiranja.","91","1","http://localhost:3000/proizvodi/c-2e10-clear-coat-premixed","200","false","C 2E10 Clear coat, premixed","1","H1:C 2E10 Clear coat, premixed | H3:Mesto u završnom procesu | H3:Dokumentovana uloga proizvoda | H3:Element Series · Bezbojni lak | H2:Slični proizvodi | H3:C 2E50 Clear coat | H3:H 2E20 Hardener | H3:P 2E23 Primer filler, grey | H3:PM 2E32 Filler, light grey | H3:PM 2E34 Filler, dark grey | H3:R 2E10 Thinner, fast | H2:Proverite C 2E10 Clear coat, premixed za svoj proces. | H2:Katalog | H2:Brendovi | H2:Podrška | H2:Kontakt","sr-Latn","C 2E10 Clear coat, premixed | Carsystem i R-M Inđija","Element premixed bezbojni lak za primene od pojedinačnih panela do kompletnog prelakiranja.","","summary","C 2E10 Clear coat, premixed | Carsystem i R-M Inđija","Element premixed bezbojni lak za primene od pojedinačnih panela do kompletnog prelakiranja.","","Brand | BreadcrumbList | ListItem | Product","true","42","1","","8","0","8","true","false"
"/proizvodi/c-2e50-clear-coat","200","true","","C 2E50 Clear coat | Carsystem i R-M Inđija","42","1","Element bezbojni lak za primene od pojedinačnih panela do kompletnog prelakiranja.","82","1","http://localhost:3000/proizvodi/c-2e50-clear-coat","200","false","C 2E50 Clear coat","1","H1:C 2E50 Clear coat | H3:Mesto u završnom procesu | H3:Dokumentovana uloga proizvoda | H3:Element Series · Bezbojni lak | H2:Slični proizvodi | H3:C 2E10 Clear coat, premixed | H3:H 2E20 Hardener | H3:P 2E23 Primer filler, grey | H3:PM 2E32 Filler, light grey | H3:PM 2E34 Filler, dark grey | H3:R 2E10 Thinner, fast | H2:Proverite C 2E50 Clear coat za svoj proces. | H2:Katalog | H2:Brendovi | H2:Podrška | H2:Kontakt","sr-Latn","C 2E50 Clear coat | Carsystem i R-M Inđija","Element bezbojni lak za primene od pojedinačnih panela do kompletnog prelakiranja.","","summary","C 2E50 Clear coat | Carsystem i R-M Inđija","Element bezbojni lak za primene od pojedinačnih panela do kompletnog prelakiranja.","","Brand | BreadcrumbList | ListItem | Product","true","42","1","","8","0","8","true","false"
"/proizvodi/c-2p15-easy-finish-r","200","true","","EASY C 2P15 | Carsystem i R-M Inđija","36","1","Pioneer eSense bezbojni lak sa jednostavnom pripremom za širok spektar primena.","79","1","http://localhost:3000/proizvodi/c-2p15-easy-finish-r","200","false","EASY C 2P15","1","H1:EASY C 2P15 | H3:Mesto u završnom procesu | H3:Dokumentovana uloga proizvoda | H3:Pioneer Series · Bezbojni lak | H2:Slični proizvodi | H3:C 2P30 UV Finish-R | H3:C 2P42 RACE Finish-R | H3:C 2P45 SPEED Finish-R | H3:C 2P55 MULTI Finish-R | H3:C 2P62 BRIGHT Finish-R | H3:C 2P85 POWER Finish-R | H2:Proverite EASY C 2P15 za svoj proces. | H2:Katalog | H2:Brendovi | H2:Podrška | H2:Kontakt","sr-Latn","EASY C 2P15 | Carsystem i R-M Inđija","Pioneer eSense bezbojni lak sa jednostavnom pripremom za širok spektar primena.","","summary","EASY C 2P15 | Carsystem i R-M Inđija","Pioneer eSense bezbojni lak sa jednostavnom pripremom za širok spektar primena.","","Brand | BreadcrumbList | ListItem | Product","true","42","1","","8","0","8","true","false"
"/proizvodi/c-2p30-uv-finish-r","200","true","","C 2P30 UV Finish-R | Carsystem i R-M Inđija","43","1","UVA-otvrdnjavajući Pioneer eSense lak za BLEND'ART i veoma kratak proces.","73","1","http://localhost:3000/proizvodi/c-2p30-uv-finish-r","200","false","C 2P30 UV Finish-R","1","H1:C 2P30 UV Finish-R | H3:Mesto u završnom procesu | H3:Dokumentovana uloga proizvoda | H3:Pioneer Series · Bezbojni lak | H2:Slični proizvodi | H3:EASY C 2P15 | H3:C 2P42 RACE Finish-R | H3:C 2P45 SPEED Finish-R | H3:C 2P55 MULTI Finish-R | H3:C 2P62 BRIGHT Finish-R | H3:C 2P85 POWER Finish-R | H2:Proverite C 2P30 UV Finish-R za svoj proces. | H2:Katalog | H2:Brendovi | H2:Podrška | H2:Kontakt","sr-Latn","C 2P30 UV Finish-R | Carsystem i R-M Inđija","UVA-otvrdnjavajući Pioneer eSense lak za BLEND'ART i veoma kratak proces.","","summary","C 2P30 UV Finish-R | Carsystem i R-M Inđija","UVA-otvrdnjavajući Pioneer eSense lak za BLEND'ART i veoma kratak proces.","","Brand | BreadcrumbList | ListItem | Product","true","42","1","","8","0","8","true","false"
"/proizvodi/c-2p42-race-finish-r","200","true","","C 2P42 RACE Finish-R | Carsystem i R-M Inđija","45","1","Pioneer eSense bezbojni lak sa fleksibilnim procesom i optimizovanim vremenom rada.","83","1","http://localhost:3000/proizvodi/c-2p42-race-finish-r","200","false","C 2P42 RACE Finish-R","1","H1:C 2P42 RACE Finish-R | H3:Mesto u završnom procesu | H3:Dokumentovana uloga proizvoda | H3:AGILIS · Bezbojni lak | H2:Slični proizvodi | H3:H 2P15 CLEAR Harden-R | H3:P 2P81 Race WET Fill-R White | H3:A 2220 AGILIS ACTIVATOR | H3:A 2530 AGILIS BLENDER | H3:A 2560 AGILIS AMPLIFIER | H3:EASY C 2P15 | H2:Proverite C 2P42 RACE Finish-R za svoj proces. | H2:Katalog | H2:Brendovi | H2:Podrška | H2:Kontakt","sr-Latn","C 2P42 RACE Finish-R | Carsystem i R-M Inđija","Pioneer eSense bezbojni lak sa fleksibilnim procesom i optimizovanim vremenom rada.","","summary","C 2P42 RACE Finish-R | Carsystem i R-M Inđija","Pioneer eSense bezbojni lak sa fleksibilnim procesom i optimizovanim vremenom rada.","","Brand | BreadcrumbList | ListItem | Product","true","42","1","","8","0","8","true","false"
"/proizvodi/c-2p45-speed-finish-r","200","true","","C 2P45 SPEED Finish-R | Carsystem i R-M Inđija","46","1","Brzosušeći Pioneer eSense bezbojni lak za više panela i manje popravke.","71","1","http://localhost:3000/proizvodi/c-2p45-speed-finish-r","200","false","C 2P45 SPEED Finish-R","1","H1:C 2P45 SPEED Finish-R | H3:Mesto u završnom procesu | H3:Dokumentovana uloga proizvoda | H3:Pioneer Series · Bezbojni lak | H2:Slični proizvodi | H3:EASY C 2P15 | H3:C 2P30 UV Finish-R | H3:C 2P42 RACE Finish-R | H3:C 2P55 MULTI Finish-R | H3:C 2P62 BRIGHT Finish-R | H3:C 2P85 POWER Finish-R | H2:Proverite C 2P45 SPEED Finish-R za svoj proces. | H2:Katalog | H2:Brendovi | H2:Podrška | H2:Kontakt","sr-Latn","C 2P45 SPEED Finish-R | Carsystem i R-M Inđija","Brzosušeći Pioneer eSense bezbojni lak za više panela i manje popravke.","","summary","C 2P45 SPEED Finish-R | Carsystem i R-M Inđija","Brzosušeći Pioneer eSense bezbojni lak za više panela i manje popravke.","","Brand | BreadcrumbList | ListItem | Product","true","42","1","","8","0","8","true","false"
"/proizvodi/c-2p55-multi-finish-r","200","true","","C 2P55 MULTI Finish-R | Carsystem i R-M Inđija","46","1","Višenamenski Pioneer eSense bezbojni lak sa jednostavnom primenom.","66","1","http://localhost:3000/proizvodi/c-2p55-multi-finish-r","200","false","C 2P55 MULTI Finish-R","1","H1:C 2P55 MULTI Finish-R | H3:Mesto u završnom procesu | H3:Dokumentovana uloga proizvoda | H3:Pioneer Series · Bezbojni lak | H2:Slični proizvodi | H3:EASY C 2P15 | H3:C 2P30 UV Finish-R | H3:C 2P42 RACE Finish-R | H3:C 2P45 SPEED Finish-R | H3:C 2P62 BRIGHT Finish-R | H3:C 2P85 POWER Finish-R | H2:Proverite C 2P55 MULTI Finish-R za svoj proces. | H2:Katalog | H2:Brendovi | H2:Podrška | H2:Kontakt","sr-Latn","C 2P55 MULTI Finish-R | Carsystem i R-M Inđija","Višenamenski Pioneer eSense bezbojni lak sa jednostavnom primenom.","","summary","C 2P55 MULTI Finish-R | Carsystem i R-M Inđija","Višenamenski Pioneer eSense bezbojni lak sa jednostavnom primenom.","","Brand | BreadcrumbList | ListItem | Product","true","42","1","","8","0","8","true","false"
"/proizvodi/c-2p62-bright-finish-r","200","true","","C 2P62 BRIGHT Finish-R | Carsystem i R-M Inđija","47","1","Pioneer eSense bezbojni lak za završnicu naglašenog sjaja.","58","1","http://localhost:3000/proizvodi/c-2p62-bright-finish-r","200","false","C 2P62 BRIGHT Finish-R","1","H1:C 2P62 BRIGHT Finish-R | H3:Mesto u završnom procesu | H3:Dokumentovana uloga proizvoda | H3:Pioneer Series · Bezbojni lak | H2:Slični proizvodi | H3:EASY C 2P15 | H3:C 2P30 UV Finish-R | H3:C 2P42 RACE Finish-R | H3:C 2P45 SPEED Finish-R | H3:C 2P55 MULTI Finish-R | H3:C 2P85 POWER Finish-R | H2:Proverite C 2P62 BRIGHT Finish-R za svoj proces. | H2:Katalog | H2:Brendovi | H2:Podrška | H2:Kontakt","sr-Latn","C 2P62 BRIGHT Finish-R | Carsystem i R-M Inđija","Pioneer eSense bezbojni lak za završnicu naglašenog sjaja.","","summary","C 2P62 BRIGHT Finish-R | Carsystem i R-M Inđija","Pioneer eSense bezbojni lak za završnicu naglašenog sjaja.","","Brand | BreadcrumbList | ListItem | Product","true","42","1","","8","0","8","true","false"
"/proizvodi/c-2p85-power-finish-r","200","true","","C 2P85 POWER Finish-R | Carsystem i R-M Inđija","46","1","Scratch-resistant Pioneer eSense bezbojni lak za visoku površinsku zaštitu.","75","1","http://localhost:3000/proizvodi/c-2p85-power-finish-r","200","false","C 2P85 POWER Finish-R","1","H1:C 2P85 POWER Finish-R | H3:Mesto u završnom procesu | H3:Dokumentovana uloga proizvoda | H3:Pioneer Series · Bezbojni lak | H2:Slični proizvodi | H3:EASY C 2P15 | H3:C 2P30 UV Finish-R | H3:C 2P42 RACE Finish-R | H3:C 2P45 SPEED Finish-R | H3:C 2P55 MULTI Finish-R | H3:C 2P62 BRIGHT Finish-R | H2:Proverite C 2P85 POWER Finish-R za svoj proces. | H2:Katalog | H2:Brendovi | H2:Podrška | H2:Kontakt","sr-Latn","C 2P85 POWER Finish-R | Carsystem i R-M Inđija","Scratch-resistant Pioneer eSense bezbojni lak za visoku površinsku zaštitu.","","summary","C 2P85 POWER Finish-R | Carsystem i R-M Inđija","Scratch-resistant Pioneer eSense bezbojni lak za visoku površinsku zaštitu.","","Brand | BreadcrumbList | ListItem | Product","true","42","1","","8","0","8","true","false"
"/proizvodi/c-2p91-mat-finish-r","200","true","","C 2P91 MAT Finish-R | Carsystem i R-M Inđija","44","1","Mat Pioneer eSense bezbojni lak za popravku OEM mat završnica.","62","1","http://localhost:3000/proizvodi/c-2p91-mat-finish-r","200","false","C 2P91 MAT Finish-R","1","H1:C 2P91 MAT Finish-R | H3:Mesto u završnom procesu | H3:Dokumentovana uloga proizvoda | H3:Pioneer Series · Bezbojni lak | H2:Slični proizvodi | H3:EASY C 2P15 | H3:C 2P30 UV Finish-R | H3:C 2P42 RACE Finish-R | H3:C 2P45 SPEED Finish-R | H3:C 2P55 MULTI Finish-R | H3:C 2P62 BRIGHT Finish-R | H2:Proverite C 2P91 MAT Finish-R za svoj proces. | H2:Katalog | H2:Brendovi | H2:Podrška | H2:Kontakt","sr-Latn","C 2P91 MAT Finish-R | Carsystem i R-M Inđija","Mat Pioneer eSense bezbojni lak za popravku OEM mat završnica.","","summary","C 2P91 MAT Finish-R | Carsystem i R-M Inđija","Mat Pioneer eSense bezbojni lak za popravku OEM mat završnica.","","Brand | BreadcrumbList | ListItem | Product","true","42","1","","8","0","8","true","false"
"/proizvodi/c-2p96-satin-finish-r","200","true","","C 2P96 SATIN Finish-R | Carsystem i R-M Inđija","46","1","Satin Pioneer eSense bezbojni lak za popravku OEM mat i svilenkasto-mat završnica.","82","1","http://localhost:3000/proizvodi/c-2p96-satin-finish-r","200","false","C 2P96 SATIN Finish-R","1","H1:C 2P96 SATIN Finish-R | H3:Mesto u završnom procesu | H3:Dokumentovana uloga proizvoda | H3:Pioneer Series · Bezbojni lak | H2:Slični proizvodi | H3:EASY C 2P15 | H3:C 2P30 UV Finish-R | H3:C 2P42 RACE Finish-R | H3:C 2P45 SPEED Finish-R | H3:C 2P55 MULTI Finish-R | H3:C 2P62 BRIGHT Finish-R | H2:Proverite C 2P96 SATIN Finish-R za svoj proces. | H2:Katalog | H2:Brendovi | H2:Podrška | H2:Kontakt","sr-Latn","C 2P96 SATIN Finish-R | Carsystem i R-M Inđija","Satin Pioneer eSense bezbojni lak za popravku OEM mat i svilenkasto-mat završnica.","","summary","C 2P96 SATIN Finish-R | Carsystem i R-M Inđija","Satin Pioneer eSense bezbojni lak za popravku OEM mat i svilenkasto-mat završnica.","","Brand | BreadcrumbList | ListItem | Product","true","42","1","","8","0","8","true","false"
"/proizvodi/c-5450-ghd-clear","200","true","","C 5450 GHD CLEAR | Carsystem i R-M Inđija","41","1","GRAPHITE HD bezbojni lak za velike površine, sa dobrim nivelisanjem, UV otpornošću i visokim sjajem.","100","1","http://localhost:3000/proizvodi/c-5450-ghd-clear","200","false","C 5450 GHD CLEAR","1","H1:C 5450 GHD CLEAR | H3:Mesto u završnom procesu | H3:Dokumentovana uloga proizvoda | H3:GRAPHITE HD · Bezbojni lak | H2:Slični proizvodi | H3:GHD TOPCOAT | H3:H 380 GHD HARDENER | H3:P 5480 GHD UNIVERSAL EPOXY | H3:P 5530 GHD UNI WASH | H3:C 2A40 AirTOP | H3:C 2A46 UltraTOP | H2:Proverite C 5450 GHD CLEAR za svoj proces. | H2:Katalog | H2:Brendovi | H2:Podrška | H2:Kontakt","sr-Latn","C 5450 GHD CLEAR | Carsystem i R-M Inđija","GRAPHITE HD bezbojni lak za velike površine, sa dobrim nivelisanjem, UV otpornošću i visokim sjajem.","","summary","C 5450 GHD CLEAR | Carsystem i R-M Inđija","GRAPHITE HD bezbojni lak za velike površine, sa dobrim nivelisanjem, UV otpornošću i visokim sjajem.","","Brand | BreadcrumbList | ListItem | Product","true","42","1","","8","0","8","true","false"
"/proizvodi/carfit-maskirna-folija-4x150m","200","true","","Car Fit maskirna folija 4 x 150 m | Carsystem i R-M Inđija","58","1","Maskirna folija u rolni 4 x 150 m za radioničku potrošnju.","58","1","http://localhost:3000/proizvodi/carfit-maskirna-folija-4x150m","200","false","Car Fit maskirna folija 4 x 150 m","1","H1:Car Fit maskirna folija 4 x 150 m | H2:Slični proizvodi | H3:Car Fit maskirna folija 4 x 5 m | H3:Carsystem zaštitno odelo | H3:Carsystem P19 brusni diskovi | H2:Treba vam savet pri izboru proizvoda? | H2:Katalog | H2:Brendovi | H2:Podrška | H2:Kontakt","sr-Latn","Car Fit maskirna folija 4 x 150 m | Carsystem i R-M Inđija","Maskirna folija u rolni 4 x 150 m za radioničku potrošnju.","","summary","Car Fit maskirna folija 4 x 150 m | Carsystem i R-M Inđija","Maskirna folija u rolni 4 x 150 m za radioničku potrošnju.","","Brand | BreadcrumbList | ListItem | Product","true","37","1","","4","0","4","true","false"
"/proizvodi/carfit-maskirna-folija-4x5m","200","true","","Car Fit maskirna folija 4 x 5 m | Carsystem i R-M Inđija","56","1","Maskirna folija 4 x 5 m za zaštitu površina tokom pripreme i lakiranja.","71","1","http://localhost:3000/proizvodi/carfit-maskirna-folija-4x5m","200","false","Car Fit maskirna folija 4 x 5 m","1","H1:Car Fit maskirna folija 4 x 5 m | H2:Slični proizvodi | H3:Car Fit maskirna folija 4 x 150 m | H3:Carsystem zaštitno odelo | H3:Cosmos Lac RAL CL 330 RAL 3000 Flame Red — sjaj | H2:Treba vam savet pri izboru proizvoda? | H2:Katalog | H2:Brendovi | H2:Podrška | H2:Kontakt","sr-Latn","Car Fit maskirna folija 4 x 5 m | Carsystem i R-M Inđija","Maskirna folija 4 x 5 m za zaštitu površina tokom pripreme i lakiranja.","","summary","Car Fit maskirna folija 4 x 5 m | Carsystem i R-M Inđija","Maskirna folija 4 x 5 m za zaštitu površina tokom pripreme i lakiranja.","","Brand | BreadcrumbList | ListItem | Product","true","37","1","","4","0","4","true","false"
"/proizvodi/carsystem-f19-brusni-diskovi","200","true","","Carsystem F19 brusni diskovi | Carsystem i R-M Inđija","53","1","Brusni diskovi P80-P800 za kontrolisanu pripremu i međufaznu obradu.","68","1","http://localhost:3000/proizvodi/carsystem-f19-brusni-diskovi","200","false","Carsystem F19 brusni diskovi","1","H1:Carsystem F19 brusni diskovi | H2:Slični proizvodi | H3:Carsystem Sanding Disc F.23 Ceramic | H3:Carsystem Git Elastic Weiss | H3:Carsystem Finish serija | H2:Treba vam savet pri izboru proizvoda? | H2:Katalog | H2:Brendovi | H2:Podrška | H2:Kontakt","sr-Latn","Carsystem F19 brusni diskovi | Carsystem i R-M Inđija","Brusni diskovi P80-P800 za kontrolisanu pripremu i međufaznu obradu.","","summary","Carsystem F19 brusni diskovi | Carsystem i R-M Inđija","Brusni diskovi P80-P800 za kontrolisanu pripremu i međufaznu obradu.","","Brand | BreadcrumbList | ListItem | Product","true","38","1","","7","0","7","true","false"
"/proizvodi/carsystem-f23-brusni-diskovi","200","true","","Carsystem Sanding Disc F.23 Ceramic | Carsystem i R-M Inđija","60","1","Keramički filmski brusni disk prečnika 150 mm sa Carsystem rasporedom od 25 rupa.","81","1","http://localhost:3000/proizvodi/carsystem-f23-brusni-diskovi","200","false","Carsystem Sanding Disc F.23 Ceramic","1","H1:Carsystem Sanding Disc F.23 Ceramic | H2:Granulacije | H3:Primena kroz više faza brušenja | H3:Zašto F.23 Ceramic | H3:Keramičko zrno na otpornom filmskom nosaču | H2:Slični proizvodi | H3:Carsystem F19 brusni diskovi | H3:Carsystem P23 brusni diskovi | H3:Carsystem Git Elastic Weiss | H2:Niste sigurni koja granulacija odgovara vašem procesu? | H2:Katalog | H2:Brendovi | H2:Podrška | H2:Kontakt","sr-Latn","Carsystem Sanding Disc F.23 Ceramic | Carsystem i R-M Inđija","Keramički filmski brusni disk prečnika 150 mm sa Carsystem rasporedom od 25 rupa.","","summary","Carsystem Sanding Disc F.23 Ceramic | Carsystem i R-M Inđija","Keramički filmski brusni disk prečnika 150 mm sa Carsystem rasporedom od 25 rupa.","","Brand | BreadcrumbList | ListItem | Product","true","39","1","","6","0","6","true","false"
"/proizvodi/carsystem-finish-serija","200","true","","Carsystem Finish serija | Carsystem i R-M Inđija","48","1","Finish serija za fino matiranje, korekciju i završnu pripremu sjaja.","68","1","http://localhost:3000/proizvodi/carsystem-finish-serija","200","false","Carsystem Finish serija","1","H1:Carsystem Finish serija | H2:Slični proizvodi | H3:Befar sunđer plavi 50x150 | H3:R-M Pasta 190 1 L | H3:Carsystem F19 brusni diskovi | H2:Treba vam savet pri izboru proizvoda? | H2:Katalog | H2:Brendovi | H2:Podrška | H2:Kontakt","sr-Latn","Carsystem Finish serija | Carsystem i R-M Inđija","Finish serija za fino matiranje, korekciju i završnu pripremu sjaja.","","summary","Carsystem Finish serija | Carsystem i R-M Inđija","Finish serija za fino matiranje, korekciju i završnu pripremu sjaja.","","Brand | BreadcrumbList | ListItem | Product","true","38","1","","7","0","7","true","false"
"/proizvodi/carsystem-git-elastic-weiss","200","true","","Carsystem Git Elastic Weiss | Carsystem i R-M Inđija","52","1","Elastični beli git za pripremne radove i finije ravnanje.","57","1","http://localhost:3000/proizvodi/carsystem-git-elastic-weiss","200","false","Carsystem Git Elastic Weiss","1","H1:Carsystem Git Elastic Weiss | H2:Slični proizvodi | H3:Carsystem Git Multi Green | H3:Carsystem F19 brusni diskovi | H3:Carsystem P23 brusni diskovi | H2:Treba vam savet pri izboru proizvoda? | H2:Katalog | H2:Brendovi | H2:Podrška | H2:Kontakt","sr-Latn","Carsystem Git Elastic Weiss | Carsystem i R-M Inđija","Elastični beli git za pripremne radove i finije ravnanje.","","summary","Carsystem Git Elastic Weiss | Carsystem i R-M Inđija","Elastični beli git za pripremne radove i finije ravnanje.","","Brand | BreadcrumbList | ListItem | Product","true","38","1","","4","0","4","true","false"
"/proizvodi/carsystem-git-multi-green","200","true","","Carsystem Git Multi Green | Carsystem i R-M Inđija","50","1","Višenamenski zeleni git za pripremu i ravnanje površine.","56","1","http://localhost:3000/proizvodi/carsystem-git-multi-green","200","false","Carsystem Git Multi Green","1","H1:Carsystem Git Multi Green | H2:Slični proizvodi | H3:Carsystem Soft Plus git | H3:Carsystem P19 brusni diskovi | H3:R-M Body Filler White B 2E11 | H2:Treba vam savet pri izboru proizvoda? | H2:Katalog | H2:Brendovi | H2:Podrška | H2:Kontakt","sr-Latn","Carsystem Git Multi Green | Carsystem i R-M Inđija","Višenamenski zeleni git za pripremu i ravnanje površine.","","summary","Carsystem Git Multi Green | Carsystem i R-M Inđija","Višenamenski zeleni git za pripremu i ravnanje površine.","","Brand | BreadcrumbList | ListItem | Product","true","38","1","","4","0","4","true","false"
"/proizvodi/carsystem-p19-brusni-diskovi","200","true","","Carsystem P19 brusni diskovi | Carsystem i R-M Inđija","53","1","Brusni diskovi u rasponu granulacija P40-P800 za pripremu površine.","67","1","http://localhost:3000/proizvodi/carsystem-p19-brusni-diskovi","200","false","Carsystem P19 brusni diskovi","1","H1:Carsystem P19 brusni diskovi | H2:Slični proizvodi | H3:Carsystem P23 brusni diskovi | H3:Carsystem Git Multi Green | H3:Carsystem Soft Plus git | H2:Treba vam savet pri izboru proizvoda? | H2:Katalog | H2:Brendovi | H2:Podrška | H2:Kontakt","sr-Latn","Carsystem P19 brusni diskovi | Carsystem i R-M Inđija","Brusni diskovi u rasponu granulacija P40-P800 za pripremu površine.","","summary","Carsystem P19 brusni diskovi | Carsystem i R-M Inđija","Brusni diskovi u rasponu granulacija P40-P800 za pripremu površine.","","Brand | BreadcrumbList | ListItem | Product","true","38","1","","5","0","5","true","false"
"/proizvodi/carsystem-p23-brusni-diskovi","200","true","","Carsystem P23 brusni diskovi | Carsystem i R-M Inđija","53","1","Nova serija P23 brusnih diskova za pripremu i obradu površine.","62","1","http://localhost:3000/proizvodi/carsystem-p23-brusni-diskovi","200","false","Carsystem P23 brusni diskovi","1","H1:Carsystem P23 brusni diskovi | H2:Slični proizvodi | H3:Carsystem P19 brusni diskovi | H3:Carsystem Sanding Disc F.23 Ceramic | H3:Carsystem Git Multi Green | H2:Treba vam savet pri izboru proizvoda? | H2:Katalog | H2:Brendovi | H2:Podrška | H2:Kontakt","sr-Latn","Carsystem P23 brusni diskovi | Carsystem i R-M Inđija","Nova serija P23 brusnih diskova za pripremu i obradu površine.","","summary","Carsystem P23 brusni diskovi | Carsystem i R-M Inđija","Nova serija P23 brusnih diskova za pripremu i obradu površine.","","Brand | BreadcrumbList | ListItem | Product","true","37","1","","4","0","4","true","false"
"/proizvodi/carsystem-soft-plus-git","200","true","","Carsystem Soft Plus git | Carsystem i R-M Inđija","48","1","Carsystem Soft Plus git u katalogu Carsystem i R-M Inđija, sa tehničkim specifikacijama i upitom.","97","1","http://localhost:3000/proizvodi/carsystem-soft-plus-git","200","false","Carsystem Soft Plus git","1","H1:Carsystem Soft Plus git | H2:Slični proizvodi | H3:Carsystem Git Multi Green | H3:Carsystem P19 brusni diskovi | H3:R-M DIAMONT bazna boja | H3:Carsystem Finish serija | H2:Treba vam savet pri izboru proizvoda? | H2:Katalog | H2:Brendovi | H2:Podrška | H2:Kontakt","sr-Latn","Carsystem Soft Plus git | Carsystem i R-M Inđija","Carsystem Soft Plus git u katalogu Carsystem i R-M Inđija, sa tehničkim specifikacijama i upitom.","","summary","Carsystem Soft Plus git | Carsystem i R-M Inđija","Carsystem Soft Plus git u katalogu Carsystem i R-M Inđija, sa tehničkim specifikacijama i upitom.","","Brand | BreadcrumbList | ListItem | Product","true","38","1","","5","0","5","true","false"
"/proizvodi/carsystem-zastitno-odelo","200","true","","Carsystem zaštitno odelo | Carsystem i R-M Inđija","49","1","Zaštitno odelo za rad u pripremi, lakirnici i završnoj obradi.","62","1","http://localhost:3000/proizvodi/carsystem-zastitno-odelo","200","false","Carsystem zaštitno odelo","1","H1:Carsystem zaštitno odelo | H2:Slični proizvodi | H3:Car Fit maskirna folija 4 x 150 m | H3:Carsystem P19 brusni diskovi | H3:Cosmos Lac RAL CL 330 RAL 3000 Flame Red — sjaj | H2:Treba vam savet pri izboru proizvoda? | H2:Katalog | H2:Brendovi | H2:Podrška | H2:Kontakt","sr-Latn","Carsystem zaštitno odelo | Carsystem i R-M Inđija","Zaštitno odelo za rad u pripremi, lakirnici i završnoj obradi.","","summary","Carsystem zaštitno odelo | Carsystem i R-M Inđija","Zaštitno odelo za rad u pripremi, lakirnici i završnoj obradi.","","Brand | BreadcrumbList | ListItem | Product","true","37","1","","7","0","7","true","false"
"/proizvodi/cosmos-lac-automotive-030-400-ml-prefilled-030-1k","200","true","","Cosmos Lac Automotive Prefilled Spray 030 | Carsystem i R-M Inđija","66","1","Automotive 030 u Cosmos Lac katalogu. Proverite namenu i pošaljite upit Carsystem i R-M timu.","93","1","http://localhost:3000/proizvodi/cosmos-lac-automotive-030-400-ml-prefilled-030-1k","200","false","Cosmos Lac Automotive Prefilled Spray 030","1","H1:Cosmos Lac Automotive Prefilled Spray 030 | H2:Treba vam savet pri izboru proizvoda? | H2:Katalog | H2:Brendovi | H2:Podrška | H2:Kontakt","sr-Latn","Cosmos Lac Automotive Prefilled Spray 030 | Carsystem i R-M Inđija","Automotive 030 u Cosmos Lac katalogu. Proverite namenu i pošaljite upit Carsystem i R-M timu.","","summary","Cosmos Lac Automotive Prefilled Spray 030 | Carsystem i R-M Inđija","Automotive 030 u Cosmos Lac katalogu. Proverite namenu i pošaljite upit Carsystem i R-M timu.","","Brand | BreadcrumbList | ListItem | Product","true","34","1","","2","0","2","true","false"
"/proizvodi/cosmos-lac-automotive-250-400-ml-antichip-250-white","200","true","","Cosmos Lac Automotive Antichip 250 White | Carsystem i R-M Inđija","65","1","Automotive 250 White u Cosmos Lac katalogu. Proverite namenu i pošaljite upit Carsystem i R-M timu.","99","1","http://localhost:3000/proizvodi/cosmos-lac-automotive-250-400-ml-antichip-250-white","200","false","Cosmos Lac Automotive Antichip 250 White","1","H1:Cosmos Lac Automotive Antichip 250 White | H2:Dostupne boje | H2:Treba vam savet pri izboru proizvoda? | H2:Katalog | H2:Brendovi | H2:Podrška | H2:Kontakt","sr-Latn","Cosmos Lac Automotive Antichip 250 White | Carsystem i R-M Inđija","Automotive 250 White u Cosmos Lac katalogu. Proverite namenu i pošaljite upit Carsystem i R-M timu.","","summary","Cosmos Lac Automotive Antichip 250 White | Carsystem i R-M Inđija","Automotive 250 White u Cosmos Lac katalogu. Proverite namenu i pošaljite upit Carsystem i R-M timu.","","Brand | BreadcrumbList | ListItem | Product","true","37","1","","5","0","5","true","false"
"/proizvodi/cosmos-lac-automotive-251-400-ml-antichip-251-black","200","true","","Cosmos Lac Automotive Antichip 251 Black | Carsystem i R-M Inđija","65","1","Automotive 251 Black u Cosmos Lac katalogu. Proverite namenu i pošaljite upit Carsystem i R-M timu.","99","1","http://localhost:3000/proizvodi/cosmos-lac-automotive-251-400-ml-antichip-251-black","200","false","Cosmos Lac Automotive Antichip 251 Black","1","H1:Cosmos Lac Automotive Antichip 251 Black | H2:Dostupne boje | H2:Treba vam savet pri izboru proizvoda? | H2:Katalog | H2:Brendovi | H2:Podrška | H2:Kontakt","sr-Latn","Cosmos Lac Automotive Antichip 251 Black | Carsystem i R-M Inđija","Automotive 251 Black u Cosmos Lac katalogu. Proverite namenu i pošaljite upit Carsystem i R-M timu.","","summary","Cosmos Lac Automotive Antichip 251 Black | Carsystem i R-M Inđija","Automotive 251 Black u Cosmos Lac katalogu. Proverite namenu i pošaljite upit Carsystem i R-M timu.","","Brand | BreadcrumbList | ListItem | Product","true","37","1","","5","0","5","true","false"
"/proizvodi/cosmos-lac-automotive-252-400-ml-antichip-252-grey","200","true","","Cosmos Lac Automotive Antichip 252 Grey | Carsystem i R-M Inđija","64","1","Automotive 252 Grey u Cosmos Lac katalogu. Proverite namenu i pošaljite upit Carsystem i R-M timu.","98","1","http://localhost:3000/proizvodi/cosmos-lac-automotive-252-400-ml-antichip-252-grey","200","false","Cosmos Lac Automotive Antichip 252 Grey","1","H1:Cosmos Lac Automotive Antichip 252 Grey | H2:Dostupne boje | H2:Treba vam savet pri izboru proizvoda? | H2:Katalog | H2:Brendovi | H2:Podrška | H2:Kontakt","sr-Latn","Cosmos Lac Automotive Antichip 252 Grey | Carsystem i R-M Inđija","Automotive 252 Grey u Cosmos Lac katalogu. Proverite namenu i pošaljite upit Carsystem i R-M timu.","","summary","Cosmos Lac Automotive Antichip 252 Grey | Carsystem i R-M Inđija","Automotive 252 Grey u Cosmos Lac katalogu. Proverite namenu i pošaljite upit Carsystem i R-M timu.","","Brand | BreadcrumbList | ListItem | Product","true","37","1","","5","0","5","true","false"
"/proizvodi/cosmos-lac-automotive-510-400-ml-vinyl-fabric-510-black","200","true","","Cosmos Lac Automotive Vinyl & Fabric 510 Black | Carsystem i R-M Inđija","71","1","Automotive 510 Black u Cosmos Lac katalogu. Proverite namenu i pošaljite upit Carsystem i R-M timu.","99","1","http://localhost:3000/proizvodi/cosmos-lac-automotive-510-400-ml-vinyl-fabric-510-black","200","false","Cosmos Lac Automotive Vinyl & Fabric 510 Black","1","H1:Cosmos Lac Automotive Vinyl & Fabric 510 Black | H2:Treba vam savet pri izboru proizvoda? | H2:Katalog | H2:Brendovi | H2:Podrška | H2:Kontakt","sr-Latn","Cosmos Lac Automotive Vinyl & Fabric 510 Black | Carsystem i R-M Inđija","Automotive 510 Black u Cosmos Lac katalogu. Proverite namenu i pošaljite upit Carsystem i R-M timu.","","summary","Cosmos Lac Automotive Vinyl & Fabric 510 Black | Carsystem i R-M Inđija","Automotive 510 Black u Cosmos Lac katalogu. Proverite namenu i pošaljite upit Carsystem i R-M timu.","","Brand | BreadcrumbList | ListItem | Product","true","34","1","","2","0","2","true","false"
"/proizvodi/cosmos-lac-automotive-560-400-ml-bumper-paint-560-white","200","true","","Cosmos Lac Automotive Bumper Paint 560 White | Carsystem i R-M Inđija","69","1","Automotive 560 White u Cosmos Lac katalogu. Proverite namenu i pošaljite upit Carsystem i R-M timu.","99","1","http://localhost:3000/proizvodi/cosmos-lac-automotive-560-400-ml-bumper-paint-560-white","200","false","Cosmos Lac Automotive Bumper Paint 560 White","1","H1:Cosmos Lac Automotive Bumper Paint 560 White | H2:Dostupne boje | H2:Treba vam savet pri izboru proizvoda? | H2:Katalog | H2:Brendovi | H2:Podrška | H2:Kontakt","sr-Latn","Cosmos Lac Automotive Bumper Paint 560 White | Carsystem i R-M Inđija","Automotive 560 White u Cosmos Lac katalogu. Proverite namenu i pošaljite upit Carsystem i R-M timu.","","summary","Cosmos Lac Automotive Bumper Paint 560 White | Carsystem i R-M Inđija","Automotive 560 White u Cosmos Lac katalogu. Proverite namenu i pošaljite upit Carsystem i R-M timu.","","Brand | BreadcrumbList | ListItem | Product","true","39","1","","7","0","7","true","false"
"/proizvodi/cosmos-lac-automotive-561-400-ml-bumper-paint-561-black","200","true","","Cosmos Lac Automotive Bumper Paint 561 Black | Carsystem i R-M Inđija","69","1","Automotive 561 Black u Cosmos Lac katalogu. Proverite namenu i pošaljite upit Carsystem i R-M timu.","99","1","http://localhost:3000/proizvodi/cosmos-lac-automotive-561-400-ml-bumper-paint-561-black","200","false","Cosmos Lac Automotive Bumper Paint 561 Black","1","H1:Cosmos Lac Automotive Bumper Paint 561 Black | H2:Dostupne boje | H2:Treba vam savet pri izboru proizvoda? | H2:Katalog | H2:Brendovi | H2:Podrška | H2:Kontakt","sr-Latn","Cosmos Lac Automotive Bumper Paint 561 Black | Carsystem i R-M Inđija","Automotive 561 Black u Cosmos Lac katalogu. Proverite namenu i pošaljite upit Carsystem i R-M timu.","","summary","Cosmos Lac Automotive Bumper Paint 561 Black | Carsystem i R-M Inđija","Automotive 561 Black u Cosmos Lac katalogu. Proverite namenu i pošaljite upit Carsystem i R-M timu.","","Brand | BreadcrumbList | ListItem | Product","true","39","1","","7","0","7","true","false"
"/proizvodi/cosmos-lac-automotive-562-400-ml-bumper-paint-562-grey","200","true","","Cosmos Lac Automotive Bumper Paint 562 Grey | Carsystem i R-M Inđija","68","1","Automotive 562 Grey u Cosmos Lac katalogu. Proverite namenu i pošaljite upit Carsystem i R-M timu.","98","1","http://localhost:3000/proizvodi/cosmos-lac-automotive-562-400-ml-bumper-paint-562-grey","200","false","Cosmos Lac Automotive Bumper Paint 562 Grey","1","H1:Cosmos Lac Automotive Bumper Paint 562 Grey | H2:Dostupne boje | H2:Treba vam savet pri izboru proizvoda? | H2:Katalog | H2:Brendovi | H2:Podrška | H2:Kontakt","sr-Latn","Cosmos Lac Automotive Bumper Paint 562 Grey | Carsystem i R-M Inđija","Automotive 562 Grey u Cosmos Lac katalogu. Proverite namenu i pošaljite upit Carsystem i R-M timu.","","summary","Cosmos Lac Automotive Bumper Paint 562 Grey | Carsystem i R-M Inđija","Automotive 562 Grey u Cosmos Lac katalogu. Proverite namenu i pošaljite upit Carsystem i R-M timu.","","Brand | BreadcrumbList | ListItem | Product","true","39","1","","7","0","7","true","false"
"/proizvodi/cosmos-lac-automotive-563-400-ml-bumper-paint-563-anthracite","200","true","","Cosmos Lac Automotive Bumper Paint 563 Anthracite | Carsystem i R-M Inđija","74","1","Automotive 563 Anthracite u Cosmos Lac katalogu. Proverite namenu i pošaljite upit Carsystem i R-M timu.","104","1","http://localhost:3000/proizvodi/cosmos-lac-automotive-563-400-ml-bumper-paint-563-anthracite","200","false","Cosmos Lac Automotive Bumper Paint 563 Anthracite","1","H1:Cosmos Lac Automotive Bumper Paint 563 Anthracite | H2:Dostupne boje | H2:Treba vam savet pri izboru proizvoda? | H2:Katalog | H2:Brendovi | H2:Podrška | H2:Kontakt","sr-Latn","Cosmos Lac Automotive Bumper Paint 563 Anthracite | Carsystem i R-M Inđija","Automotive 563 Anthracite u Cosmos Lac katalogu. Proverite namenu i pošaljite upit Carsystem i R-M timu.","","summary","Cosmos Lac Automotive Bumper Paint 563 Anthracite | Carsystem i R-M Inđija","Automotive 563 Anthracite u Cosmos Lac katalogu. Proverite namenu i pošaljite upit Carsystem i R-M timu.","","Brand | BreadcrumbList | ListItem | Product","true","39","1","","7","0","7","true","false"
"/proizvodi/cosmos-lac-automotive-564-400-ml-bumper-paint-564-black-structure","200","true","","Cosmos Lac Automotive Bumper Paint 564 Black Structure | Carsystem i R-M Inđija","79","1","Automotive 564 Black Structure u Cosmos Lac katalogu. Proverite namenu i pošaljite upit Carsystem i R-M timu.","109","1","http://localhost:3000/proizvodi/cosmos-lac-automotive-564-400-ml-bumper-paint-564-black-structure","200","false","Cosmos Lac Automotive Bumper Paint 564 Black Structure","1","H1:Cosmos Lac Automotive Bumper Paint 564 Black Structure | H2:Dostupne boje | H2:Treba vam savet pri izboru proizvoda? | H2:Katalog | H2:Brendovi | H2:Podrška | H2:Kontakt","sr-Latn","Cosmos Lac Automotive Bumper Paint 564 Black Structure | Carsystem i R-M Inđija","Automotive 564 Black Structure u Cosmos Lac katalogu. Proverite namenu i pošaljite upit Carsystem i R-M timu.","","summary","Cosmos Lac Automotive Bumper Paint 564 Black Structure | Carsystem i R-M Inđija","Automotive 564 Black Structure u Cosmos Lac katalogu. Proverite namenu i pošaljite upit Carsystem i R-M timu.","","Brand | BreadcrumbList | ListItem | Product","true","39","1","","7","0","7","true","false"
"/proizvodi/cosmos-lac-automotive-701-400-ml-brake-caliper-engine-paint-701-red","200","true","","Cosmos Lac Automotive Brake Caliper & Engine Paint 701 Red | Carsystem i R-M Inđija","83","1","Automotive 701 Red u Cosmos Lac katalogu. Proverite namenu i pošaljite upit Carsystem i R-M timu.","97","1","http://localhost:3000/proizvodi/cosmos-lac-automotive-701-400-ml-brake-caliper-engine-paint-701-red","200","false","Cosmos Lac Automotive Brake Caliper & Engine Paint 701 Red","1","H1:Cosmos Lac Automotive Brake Caliper & Engine Paint 701 Red | H2:Dostupne boje | H2:Treba vam savet pri izboru proizvoda? | H2:Katalog | H2:Brendovi | H2:Podrška | H2:Kontakt","sr-Latn","Cosmos Lac Automotive Brake Caliper & Engine Paint 701 Red | Carsystem i R-M Inđija","Automotive 701 Red u Cosmos Lac katalogu. Proverite namenu i pošaljite upit Carsystem i R-M timu.","","summary","Cosmos Lac Automotive Brake Caliper & Engine Paint 701 Red | Carsystem i R-M Inđija","Automotive 701 Red u Cosmos Lac katalogu. Proverite namenu i pošaljite upit Carsystem i R-M timu.","","Brand | BreadcrumbList | ListItem | Product","true","37","1","","5","0","5","true","false"
"/proizvodi/cosmos-lac-automotive-702-400-ml-brake-caliper-engine-paint-702-yellow","200","true","","Cosmos Lac Automotive Brake Caliper & Engine Paint 702 Yellow | Carsystem i R-M Inđija","86","1","Automotive 702 Yellow u Cosmos Lac katalogu. Proverite namenu i pošaljite upit Carsystem i R-M timu.","100","1","http://localhost:3000/proizvodi/cosmos-lac-automotive-702-400-ml-brake-caliper-engine-paint-702-yellow","200","false","Cosmos Lac Automotive Brake Caliper & Engine Paint 702 Yellow","1","H1:Cosmos Lac Automotive Brake Caliper & Engine Paint 702 Yellow | H2:Dostupne boje | H2:Treba vam savet pri izboru proizvoda? | H2:Katalog | H2:Brendovi | H2:Podrška | H2:Kontakt","sr-Latn","Cosmos Lac Automotive Brake Caliper & Engine Paint 702 Yellow | Carsystem i R-M Inđija","Automotive 702 Yellow u Cosmos Lac katalogu. Proverite namenu i pošaljite upit Carsystem i R-M timu.","","summary","Cosmos Lac Automotive Brake Caliper & Engine Paint 702 Yellow | Carsystem i R-M Inđija","Automotive 702 Yellow u Cosmos Lac katalogu. Proverite namenu i pošaljite upit Carsystem i R-M timu.","","Brand | BreadcrumbList | ListItem | Product","true","37","1","","5","0","5","true","false"
"/proizvodi/cosmos-lac-automotive-703-400-ml-brake-caliper-engine-paint-703-blue","200","true","","Cosmos Lac Automotive Brake Caliper & Engine Paint 703 Blue | Carsystem i R-M Inđija","84","1","Automotive 703 Blue u Cosmos Lac katalogu. Proverite namenu i pošaljite upit Carsystem i R-M timu.","98","1","http://localhost:3000/proizvodi/cosmos-lac-automotive-703-400-ml-brake-caliper-engine-paint-703-blue","200","false","Cosmos Lac Automotive Brake Caliper & Engine Paint 703 Blue","1","H1:Cosmos Lac Automotive Brake Caliper & Engine Paint 703 Blue | H2:Dostupne boje | H2:Treba vam savet pri izboru proizvoda? | H2:Katalog | H2:Brendovi | H2:Podrška | H2:Kontakt","sr-Latn","Cosmos Lac Automotive Brake Caliper & Engine Paint 703 Blue | Carsystem i R-M Inđija","Automotive 703 Blue u Cosmos Lac katalogu. Proverite namenu i pošaljite upit Carsystem i R-M timu.","","summary","Cosmos Lac Automotive Brake Caliper & Engine Paint 703 Blue | Carsystem i R-M Inđija","Automotive 703 Blue u Cosmos Lac katalogu. Proverite namenu i pošaljite upit Carsystem i R-M timu.","","Brand | BreadcrumbList | ListItem | Product","true","37","1","","5","0","5","true","false"
"/proizvodi/cosmos-lac-automotive-711-400-ml-backlight-711-black","200","true","","Cosmos Lac Automotive Backlight Paint 711 Black | Carsystem i R-M Inđija","72","1","Automotive 711 Black u Cosmos Lac katalogu. Proverite namenu i pošaljite upit Carsystem i R-M timu.","99","1","http://localhost:3000/proizvodi/cosmos-lac-automotive-711-400-ml-backlight-711-black","200","false","Cosmos Lac Automotive Backlight Paint 711 Black","1","H1:Cosmos Lac Automotive Backlight Paint 711 Black | H2:Dostupne boje | H2:Treba vam savet pri izboru proizvoda? | H2:Katalog | H2:Brendovi | H2:Podrška | H2:Kontakt","sr-Latn","Cosmos Lac Automotive Backlight Paint 711 Black | Carsystem i R-M Inđija","Automotive 711 Black u Cosmos Lac katalogu. Proverite namenu i pošaljite upit Carsystem i R-M timu.","","summary","Cosmos Lac Automotive Backlight Paint 711 Black | Carsystem i R-M Inđija","Automotive 711 Black u Cosmos Lac katalogu. Proverite namenu i pošaljite upit Carsystem i R-M timu.","","Brand | BreadcrumbList | ListItem | Product","true","36","1","","4","0","4","true","false"
"/proizvodi/cosmos-lac-automotive-712-400-ml-backlight-712-red","200","true","","Cosmos Lac Automotive Backlight Paint 712 Red | Carsystem i R-M Inđija","70","1","Automotive 712 Red u Cosmos Lac katalogu. Proverite namenu i pošaljite upit Carsystem i R-M timu.","97","1","http://localhost:3000/proizvodi/cosmos-lac-automotive-712-400-ml-backlight-712-red","200","false","Cosmos Lac Automotive Backlight Paint 712 Red","1","H1:Cosmos Lac Automotive Backlight Paint 712 Red | H2:Dostupne boje | H2:Treba vam savet pri izboru proizvoda? | H2:Katalog | H2:Brendovi | H2:Podrška | H2:Kontakt","sr-Latn","Cosmos Lac Automotive Backlight Paint 712 Red | Carsystem i R-M Inđija","Automotive 712 Red u Cosmos Lac katalogu. Proverite namenu i pošaljite upit Carsystem i R-M timu.","","summary","Cosmos Lac Automotive Backlight Paint 712 Red | Carsystem i R-M Inđija","Automotive 712 Red u Cosmos Lac katalogu. Proverite namenu i pošaljite upit Carsystem i R-M timu.","","Brand | BreadcrumbList | ListItem | Product","true","36","1","","4","0","4","true","false"
"/proizvodi/cosmos-lac-automotive-719-200-ml-quick-start-719","200","true","","Cosmos Lac Automotive Quick Start 719 | Carsystem i R-M Inđija","62","1","Automotive 719 719 u Cosmos Lac katalogu. Proverite namenu i pošaljite upit Carsystem i R-M timu.","97","1","http://localhost:3000/proizvodi/cosmos-lac-automotive-719-200-ml-quick-start-719","200","false","Cosmos Lac Automotive Quick Start 719","1","H1:Cosmos Lac Automotive Quick Start 719 | H2:Treba vam savet pri izboru proizvoda? | H2:Katalog | H2:Brendovi | H2:Podrška | H2:Kontakt","sr-Latn","Cosmos Lac Automotive Quick Start 719 | Carsystem i R-M Inđija","Automotive 719 719 u Cosmos Lac katalogu. Proverite namenu i pošaljite upit Carsystem i R-M timu.","","summary","Cosmos Lac Automotive Quick Start 719 | Carsystem i R-M Inđija","Automotive 719 719 u Cosmos Lac katalogu. Proverite namenu i pošaljite upit Carsystem i R-M timu.","","Brand | BreadcrumbList | ListItem | Product","true","34","1","","2","0","2","true","false"
"/proizvodi/cosmos-lac-chalk-effect-cl-n01-mat-400-ml-chalk-effect-n01-charcoal","200","true","","Cosmos Lac Chalk Effect CL N01 Charcoal — mat | Carsystem i R-M Inđija","70","1","Chalk Effect CL-N01 Charcoal mat u Cosmos Lac katalogu. Proverite namenu i pošaljite upit Carsystem i R-M timu.","111","1","http://localhost:3000/proizvodi/cosmos-lac-chalk-effect-cl-n01-mat-400-ml-chalk-effect-n01-charcoal","200","false","Cosmos Lac Chalk Effect CL N01 Charcoal — mat","1","H1:Cosmos Lac Chalk Effect CL N01 Charcoal — mat | H2:Dostupne boje | H2:Treba vam savet pri izboru proizvoda? | H2:Katalog | H2:Brendovi | H2:Podrška | H2:Kontakt","sr-Latn","Cosmos Lac Chalk Effect CL N01 Charcoal — mat | Carsystem i R-M Inđija","Chalk Effect CL-N01 Charcoal mat u Cosmos Lac katalogu. Proverite namenu i pošaljite upit Carsystem i R-M timu.","","summary","Cosmos Lac Chalk Effect CL N01 Charcoal — mat | Carsystem i R-M Inđija","Chalk Effect CL-N01 Charcoal mat u Cosmos Lac katalogu. Proverite namenu i pošaljite upit Carsystem i R-M timu.","","Brand | BreadcrumbList | ListItem | Product","true","68","1","","36","0","36","true","false"
"/proizvodi/cosmos-lac-chalk-effect-cl-n02-mat-400-ml-chalk-effect-n02-pure-white","200","true","","Cosmos Lac Chalk Effect CL N02 Pure White — mat | Carsystem i R-M Inđija","72","1","Chalk Effect CL-N02 Pure White mat u Cosmos Lac katalogu. Proverite namenu i pošaljite upit Carsystem i R-M timu.","113","1","http://localhost:3000/proizvodi/cosmos-lac-chalk-effect-cl-n02-mat-400-ml-chalk-effect-n02-pure-white","200","false","Cosmos Lac Chalk Effect CL N02 Pure White — mat","1","H1:Cosmos Lac Chalk Effect CL N02 Pure White — mat | H2:Dostupne boje | H2:Treba vam savet pri izboru proizvoda? | H2:Katalog | H2:Brendovi | H2:Podrška | H2:Kontakt","sr-Latn","Cosmos Lac Chalk Effect CL N02 Pure White — mat | Carsystem i R-M Inđija","Chalk Effect CL-N02 Pure White mat u Cosmos Lac katalogu. Proverite namenu i pošaljite upit Carsystem i R-M timu.","","summary","Cosmos Lac Chalk Effect CL N02 Pure White — mat | Carsystem i R-M Inđija","Chalk Effect CL-N02 Pure White mat u Cosmos Lac katalogu. Proverite namenu i pošaljite upit Carsystem i R-M timu.","","Brand | BreadcrumbList | ListItem | Product","true","68","1","","36","0","36","true","false"
"/proizvodi/cosmos-lac-chalk-effect-cl-n03-mat-400-ml-chalk-effect-n03-cloudy-white","200","true","","Cosmos Lac Chalk Effect CL N03 Cloudy White — mat | Carsystem i R-M Inđija","74","1","Chalk Effect CL-N03 Cloudy White mat u Cosmos Lac katalogu. Proverite namenu i pošaljite upit Carsystem i R-M timu.","115","1","http://localhost:3000/proizvodi/cosmos-lac-chalk-effect-cl-n03-mat-400-ml-chalk-effect-n03-cloudy-white","200","false","Cosmos Lac Chalk Effect CL N03 Cloudy White — mat","1","H1:Cosmos Lac Chalk Effect CL N03 Cloudy White — mat | H2:Dostupne boje | H2:Treba vam savet pri izboru proizvoda? | H2:Katalog | H2:Brendovi | H2:Podrška | H2:Kontakt","sr-Latn","Cosmos Lac Chalk Effect CL N03 Cloudy White — mat | Carsystem i R-M Inđija","Chalk Effect CL-N03 Cloudy White mat u Cosmos Lac katalogu. Proverite namenu i pošaljite upit Carsystem i R-M timu.","","summary","Cosmos Lac Chalk Effect CL N03 Cloudy White — mat | Carsystem i R-M Inđija","Chalk Effect CL-N03 Cloudy White mat u Cosmos Lac katalogu. Proverite namenu i pošaljite upit Carsystem i R-M timu.","","Brand | BreadcrumbList | ListItem | Product","true","68","1","","36","0","36","true","false"
"/proizvodi/cosmos-lac-chalk-effect-cl-n04-mat-400-ml-chalk-effect-n04-cream","200","true","","Cosmos Lac Chalk Effect CL N04 Cream — mat | Carsystem i R-M Inđija","67","1","Chalk Effect CL-N04 Cream mat u Cosmos Lac katalogu. Proverite namenu i pošaljite upit Carsystem i R-M timu.","108","1","http://localhost:3000/proizvodi/cosmos-lac-chalk-effect-cl-n04-mat-400-ml-chalk-effect-n04-cream","200","false","Cosmos Lac Chalk Effect CL N04 Cream — mat","1","H1:Cosmos Lac Chalk Effect CL N04 Cream — mat | H2:Dostupne boje | H2:Treba vam savet pri izboru proizvoda? | H2:Katalog | H2:Brendovi | H2:Podrška | H2:Kontakt","sr-Latn","Cosmos Lac Chalk Effect CL N04 Cream — mat | Carsystem i R-M Inđija","Chalk Effect CL-N04 Cream mat u Cosmos Lac katalogu. Proverite namenu i pošaljite upit Carsystem i R-M timu.","","summary","Cosmos Lac Chalk Effect CL N04 Cream — mat | Carsystem i R-M Inđija","Chalk Effect CL-N04 Cream mat u Cosmos Lac katalogu. Proverite namenu i pošaljite upit Carsystem i R-M timu.","","Brand | BreadcrumbList | ListItem | Product","true","68","1","","36","0","36","true","false"
"/proizvodi/cosmos-lac-chalk-effect-cl-n05-mat-400-ml-chalk-effect-n05-dolphin-grey","200","true","","Cosmos Lac Chalk Effect CL N05 Dolphin Grey — mat | Carsystem i R-M Inđija","74","1","Chalk Effect CL-N05 Dolphin Grey mat u Cosmos Lac katalogu. Proverite namenu i pošaljite upit Carsystem i R-M timu.","115","1","http://localhost:3000/proizvodi/cosmos-lac-chalk-effect-cl-n05-mat-400-ml-chalk-effect-n05-dolphin-grey","200","false","Cosmos Lac Chalk Effect CL N05 Dolphin Grey — mat","1","H1:Cosmos Lac Chalk Effect CL N05 Dolphin Grey — mat | H2:Dostupne boje | H2:Treba vam savet pri izboru proizvoda? | H2:Katalog | H2:Brendovi | H2:Podrška | H2:Kontakt","sr-Latn","Cosmos Lac Chalk Effect CL N05 Dolphin Grey — mat | Carsystem i R-M Inđija","Chalk Effect CL-N05 Dolphin Grey mat u Cosmos Lac katalogu. Proverite namenu i pošaljite upit Carsystem i R-M timu.","","summary","Cosmos Lac Chalk Effect CL N05 Dolphin Grey — mat | Carsystem i R-M Inđija","Chalk Effect CL-N05 Dolphin Grey mat u Cosmos Lac katalogu. Proverite namenu i pošaljite upit Carsystem i R-M timu.","","Brand | BreadcrumbList | ListItem | Product","true","68","1","","36","0","36","true","false"
"/proizvodi/cosmos-lac-chalk-effect-cl-n06-mat-400-ml-chalk-effect-n06-english-manor","200","true","","Cosmos Lac Chalk Effect CL N06 English Manor — mat | Carsystem i R-M Inđija","75","1","Chalk Effect CL-N06 English Manor mat u Cosmos Lac katalogu. Proverite namenu i pošaljite upit Carsystem i R-M timu.","116","1","http://localhost:3000/proizvodi/cosmos-lac-chalk-effect-cl-n06-mat-400-ml-chalk-effect-n06-english-manor","200","false","Cosmos Lac Chalk Effect CL N06 English Manor — mat","1","H1:Cosmos Lac Chalk Effect CL N06 English Manor — mat | H2:Dostupne boje | H2:Treba vam savet pri izboru proizvoda? | H2:Katalog | H2:Brendovi | H2:Podrška | H2:Kontakt","sr-Latn","Cosmos Lac Chalk Effect CL N06 English Manor — mat | Carsystem i R-M Inđija","Chalk Effect CL-N06 English Manor mat u Cosmos Lac katalogu. Proverite namenu i pošaljite upit Carsystem i R-M timu.","","summary","Cosmos Lac Chalk Effect CL N06 English Manor — mat | Carsystem i R-M Inđija","Chalk Effect CL-N06 English Manor mat u Cosmos Lac katalogu. Proverite namenu i pošaljite upit Carsystem i R-M timu.","","Brand | BreadcrumbList | ListItem | Product","true","68","1","","36","0","36","true","false"
"/proizvodi/cosmos-lac-chalk-effect-cl-n07-mat-400-ml-chalk-effect-n07-duck-egg-blue","200","true","","Cosmos Lac Chalk Effect CL N07 Duck Egg Blue — mat | Carsystem i R-M Inđija","75","1","Chalk Effect CL-N07 Duck Egg Blue mat u Cosmos Lac katalogu. Proverite namenu i pošaljite upit Carsystem i R-M timu.","116","1","http://localhost:3000/proizvodi/cosmos-lac-chalk-effect-cl-n07-mat-400-ml-chalk-effect-n07-duck-egg-blue","200","false","Cosmos Lac Chalk Effect CL N07 Duck Egg Blue — mat","1","H1:Cosmos Lac Chalk Effect CL N07 Duck Egg Blue — mat | H2:Dostupne boje | H2:Treba vam savet pri izboru proizvoda? | H2:Katalog | H2:Brendovi | H2:Podrška | H2:Kontakt","sr-Latn","Cosmos Lac Chalk Effect CL N07 Duck Egg Blue — mat | Carsystem i R-M Inđija","Chalk Effect CL-N07 Duck Egg Blue mat u Cosmos Lac katalogu. Proverite namenu i pošaljite upit Carsystem i R-M timu.","","summary","Cosmos Lac Chalk Effect CL N07 Duck Egg Blue — mat | Carsystem i R-M Inđija","Chalk Effect CL-N07 Duck Egg Blue mat u Cosmos Lac katalogu. Proverite namenu i pošaljite upit Carsystem i R-M timu.","","Brand | BreadcrumbList | ListItem | Product","true","68","1","","36","0","36","true","false"
"/proizvodi/cosmos-lac-chalk-effect-cl-n08-mat-400-ml-chalk-effect-n08-scottish-green","200","true","","Cosmos Lac Chalk Effect CL N08 Scottish Green — mat | Carsystem i R-M Inđija","76","1","Chalk Effect CL-N08 Scottish Green mat u Cosmos Lac katalogu. Proverite namenu i pošaljite upit Carsystem i R-M timu.","117","1","http://localhost:3000/proizvodi/cosmos-lac-chalk-effect-cl-n08-mat-400-ml-chalk-effect-n08-scottish-green","200","false","Cosmos Lac Chalk Effect CL N08 Scottish Green — mat","1","H1:Cosmos Lac Chalk Effect CL N08 Scottish Green — mat | H2:Dostupne boje | H2:Treba vam savet pri izboru proizvoda? | H2:Katalog | H2:Brendovi | H2:Podrška | H2:Kontakt","sr-Latn","Cosmos Lac Chalk Effect CL N08 Scottish Green — mat | Carsystem i R-M Inđija","Chalk Effect CL-N08 Scottish Green mat u Cosmos Lac katalogu. Proverite namenu i pošaljite upit Carsystem i R-M timu.","","summary","Cosmos Lac Chalk Effect CL N08 Scottish Green — mat | Carsystem i R-M Inđija","Chalk Effect CL-N08 Scottish Green mat u Cosmos Lac katalogu. Proverite namenu i pošaljite upit Carsystem i R-M timu.","","Brand | BreadcrumbList | ListItem | Product","true","68","1","","36","0","36","true","false"
"/proizvodi/cosmos-lac-chalk-effect-cl-n09-mat-400-ml-chalk-effect-n09-moroccan-turquoise","200","true","","Cosmos Lac Chalk Effect CL N09 Moroccan Turquoise — mat | Carsystem i R-M Inđija","80","1","Chalk Effect CL-N09 Moroccan Turquoise mat u Cosmos Lac katalogu. Proverite namenu i pošaljite upit Carsystem i R-M timu.","121","1","http://localhost:3000/proizvodi/cosmos-lac-chalk-effect-cl-n09-mat-400-ml-chalk-effect-n09-moroccan-turquoise","200","false","Cosmos Lac Chalk Effect CL N09 Moroccan Turquoise — mat","1","H1:Cosmos Lac Chalk Effect CL N09 Moroccan Turquoise — mat | H2:Dostupne boje | H2:Treba vam savet pri izboru proizvoda? | H2:Katalog | H2:Brendovi | H2:Podrška | H2:Kontakt","sr-Latn","Cosmos Lac Chalk Effect CL N09 Moroccan Turquoise — mat | Carsystem i R-M Inđija","Chalk Effect CL-N09 Moroccan Turquoise mat u Cosmos Lac katalogu. Proverite namenu i pošaljite upit Carsystem i R-M timu.","","summary","Cosmos Lac Chalk Effect CL N09 Moroccan Turquoise — mat | Carsystem i R-M Inđija","Chalk Effect CL-N09 Moroccan Turquoise mat u Cosmos Lac katalogu. Proverite namenu i pošaljite upit Carsystem i R-M timu.","","Brand | BreadcrumbList | ListItem | Product","true","68","1","","36","0","36","true","false"
"/proizvodi/cosmos-lac-chalk-effect-cl-n10-mat-400-ml-chalk-effect-n10-dirty-lilac","200","true","","Cosmos Lac Chalk Effect CL N10 Dirty Lilac — mat | Carsystem i R-M Inđija","73","1","Chalk Effect CL-N10 Dirty Lilac mat u Cosmos Lac katalogu. Proverite namenu i pošaljite upit Carsystem i R-M timu.","114","1","http://localhost:3000/proizvodi/cosmos-lac-chalk-effect-cl-n10-mat-400-ml-chalk-effect-n10-dirty-lilac","200","false","Cosmos Lac Chalk Effect CL N10 Dirty Lilac — mat","1","H1:Cosmos Lac Chalk Effect CL N10 Dirty Lilac — mat | H2:Dostupne boje | H2:Treba vam savet pri izboru proizvoda? | H2:Katalog | H2:Brendovi | H2:Podrška | H2:Kontakt","sr-Latn","Cosmos Lac Chalk Effect CL N10 Dirty Lilac — mat | Carsystem i R-M Inđija","Chalk Effect CL-N10 Dirty Lilac mat u Cosmos Lac katalogu. Proverite namenu i pošaljite upit Carsystem i R-M timu.","","summary","Cosmos Lac Chalk Effect CL N10 Dirty Lilac — mat | Carsystem i R-M Inđija","Chalk Effect CL-N10 Dirty Lilac mat u Cosmos Lac katalogu. Proverite namenu i pošaljite upit Carsystem i R-M timu.","","Brand | BreadcrumbList | ListItem | Product","true","68","1","","36","0","36","true","false"
"/proizvodi/cosmos-lac-chalk-effect-cl-n11-mat-400-ml-chalk-effect-n11-budapest-pink","200","true","","Cosmos Lac Chalk Effect CL N11 Budapest Pink — mat | Carsystem i R-M Inđija","75","1","Chalk Effect CL-N11 Budapest Pink mat u Cosmos Lac katalogu. Proverite namenu i pošaljite upit Carsystem i R-M timu.","116","1","http://localhost:3000/proizvodi/cosmos-lac-chalk-effect-cl-n11-mat-400-ml-chalk-effect-n11-budapest-pink","200","false","Cosmos Lac Chalk Effect CL N11 Budapest Pink — mat","1","H1:Cosmos Lac Chalk Effect CL N11 Budapest Pink — mat | H2:Dostupne boje | H2:Treba vam savet pri izboru proizvoda? | H2:Katalog | H2:Brendovi | H2:Podrška | H2:Kontakt","sr-Latn","Cosmos Lac Chalk Effect CL N11 Budapest Pink — mat | Carsystem i R-M Inđija","Chalk Effect CL-N11 Budapest Pink mat u Cosmos Lac katalogu. Proverite namenu i pošaljite upit Carsystem i R-M timu.","","summary","Cosmos Lac Chalk Effect CL N11 Budapest Pink — mat | Carsystem i R-M Inđija","Chalk Effect CL-N11 Budapest Pink mat u Cosmos Lac katalogu. Proverite namenu i pošaljite upit Carsystem i R-M timu.","","Brand | BreadcrumbList | ListItem | Product","true","68","1","","36","0","36","true","false"
"/proizvodi/cosmos-lac-chalk-effect-cl-n12-mat-400-ml-chalk-effect-n12-bubblegum","200","true","","Cosmos Lac Chalk Effect CL N12 Bubblegum — mat | Carsystem i R-M Inđija","71","1","Chalk Effect CL-N12 Bubblegum mat u Cosmos Lac katalogu. Proverite namenu i pošaljite upit Carsystem i R-M timu.","112","1","http://localhost:3000/proizvodi/cosmos-lac-chalk-effect-cl-n12-mat-400-ml-chalk-effect-n12-bubblegum","200","false","Cosmos Lac Chalk Effect CL N12 Bubblegum — mat","1","H1:Cosmos Lac Chalk Effect CL N12 Bubblegum — mat | H2:Dostupne boje | H2:Treba vam savet pri izboru proizvoda? | H2:Katalog | H2:Brendovi | H2:Podrška | H2:Kontakt","sr-Latn","Cosmos Lac Chalk Effect CL N12 Bubblegum — mat | Carsystem i R-M Inđija","Chalk Effect CL-N12 Bubblegum mat u Cosmos Lac katalogu. Proverite namenu i pošaljite upit Carsystem i R-M timu.","","summary","Cosmos Lac Chalk Effect CL N12 Bubblegum — mat | Carsystem i R-M Inđija","Chalk Effect CL-N12 Bubblegum mat u Cosmos Lac katalogu. Proverite namenu i pošaljite upit Carsystem i R-M timu.","","Brand | BreadcrumbList | ListItem | Product","true","68","1","","36","0","36","true","false"
"/proizvodi/cosmos-lac-chalk-effect-cl-n13-mat-400-ml-chalk-effect-n13-vanilla","200","true","","Cosmos Lac Chalk Effect CL N13 Vanilla — mat | Carsystem i R-M Inđija","69","1","Chalk Effect CL-N13 Vanilla mat u Cosmos Lac katalogu. Proverite namenu i pošaljite upit Carsystem i R-M timu.","110","1","http://localhost:3000/proizvodi/cosmos-lac-chalk-effect-cl-n13-mat-400-ml-chalk-effect-n13-vanilla","200","false","Cosmos Lac Chalk Effect CL N13 Vanilla — mat","1","H1:Cosmos Lac Chalk Effect CL N13 Vanilla — mat | H2:Dostupne boje | H2:Treba vam savet pri izboru proizvoda? | H2:Katalog | H2:Brendovi | H2:Podrška | H2:Kontakt","sr-Latn","Cosmos Lac Chalk Effect CL N13 Vanilla — mat | Carsystem i R-M Inđija","Chalk Effect CL-N13 Vanilla mat u Cosmos Lac katalogu. Proverite namenu i pošaljite upit Carsystem i R-M timu.","","summary","Cosmos Lac Chalk Effect CL N13 Vanilla — mat | Carsystem i R-M Inđija","Chalk Effect CL-N13 Vanilla mat u Cosmos Lac katalogu. Proverite namenu i pošaljite upit Carsystem i R-M timu.","","Brand | BreadcrumbList | ListItem | Product","true","68","1","","36","0","36","true","false"
"/proizvodi/cosmos-lac-chalk-effect-cl-n14-mat-400-ml-chalk-effect-n14-greek-blue","200","true","","Cosmos Lac Chalk Effect CL N14 Greek Blue — mat | Carsystem i R-M Inđija","72","1","Chalk Effect CL-N14 Greek Blue mat u Cosmos Lac katalogu. Proverite namenu i pošaljite upit Carsystem i R-M timu.","113","1","http://localhost:3000/proizvodi/cosmos-lac-chalk-effect-cl-n14-mat-400-ml-chalk-effect-n14-greek-blue","200","false","Cosmos Lac Chalk Effect CL N14 Greek Blue — mat","1","H1:Cosmos Lac Chalk Effect CL N14 Greek Blue — mat | H2:Dostupne boje | H2:Treba vam savet pri izboru proizvoda? | H2:Katalog | H2:Brendovi | H2:Podrška | H2:Kontakt","sr-Latn","Cosmos Lac Chalk Effect CL N14 Greek Blue — mat | Carsystem i R-M Inđija","Chalk Effect CL-N14 Greek Blue mat u Cosmos Lac katalogu. Proverite namenu i pošaljite upit Carsystem i R-M timu.","","summary","Cosmos Lac Chalk Effect CL N14 Greek Blue — mat | Carsystem i R-M Inđija","Chalk Effect CL-N14 Greek Blue mat u Cosmos Lac katalogu. Proverite namenu i pošaljite upit Carsystem i R-M timu.","","Brand | BreadcrumbList | ListItem | Product","true","68","1","","36","0","36","true","false"
"/proizvodi/cosmos-lac-chalk-effect-cl-n15-mat-400-ml-chalk-effect-n15-royal-blue","200","true","","Cosmos Lac Chalk Effect CL N15 Royal Blue — mat | Carsystem i R-M Inđija","72","1","Chalk Effect CL-N15 Royal Blue mat u Cosmos Lac katalogu. Proverite namenu i pošaljite upit Carsystem i R-M timu.","113","1","http://localhost:3000/proizvodi/cosmos-lac-chalk-effect-cl-n15-mat-400-ml-chalk-effect-n15-royal-blue","200","false","Cosmos Lac Chalk Effect CL N15 Royal Blue — mat","1","H1:Cosmos Lac Chalk Effect CL N15 Royal Blue — mat | H2:Dostupne boje | H2:Treba vam savet pri izboru proizvoda? | H2:Katalog | H2:Brendovi | H2:Podrška | H2:Kontakt","sr-Latn","Cosmos Lac Chalk Effect CL N15 Royal Blue — mat | Carsystem i R-M Inđija","Chalk Effect CL-N15 Royal Blue mat u Cosmos Lac katalogu. Proverite namenu i pošaljite upit Carsystem i R-M timu.","","summary","Cosmos Lac Chalk Effect CL N15 Royal Blue — mat | Carsystem i R-M Inđija","Chalk Effect CL-N15 Royal Blue mat u Cosmos Lac katalogu. Proverite namenu i pošaljite upit Carsystem i R-M timu.","","Brand | BreadcrumbList | ListItem | Product","true","68","1","","36","0","36","true","false"
"/proizvodi/cosmos-lac-chalk-effect-cl-n16-mat-400-ml-chalk-effect-n16-aegean-blue","200","true","","Cosmos Lac Chalk Effect CL N16 Aegean Blue — mat | Carsystem i R-M Inđija","73","1","Chalk Effect CL-N16 Aegean Blue mat u Cosmos Lac katalogu. Proverite namenu i pošaljite upit Carsystem i R-M timu.","114","1","http://localhost:3000/proizvodi/cosmos-lac-chalk-effect-cl-n16-mat-400-ml-chalk-effect-n16-aegean-blue","200","false","Cosmos Lac Chalk Effect CL N16 Aegean Blue — mat","1","H1:Cosmos Lac Chalk Effect CL N16 Aegean Blue — mat | H2:Dostupne boje | H2:Treba vam savet pri izboru proizvoda? | H2:Katalog | H2:Brendovi | H2:Podrška | H2:Kontakt","sr-Latn","Cosmos Lac Chalk Effect CL N16 Aegean Blue — mat | Carsystem i R-M Inđija","Chalk Effect CL-N16 Aegean Blue mat u Cosmos Lac katalogu. Proverite namenu i pošaljite upit Carsystem i R-M timu.","","summary","Cosmos Lac Chalk Effect CL N16 Aegean Blue — mat | Carsystem i R-M Inđija","Chalk Effect CL-N16 Aegean Blue mat u Cosmos Lac katalogu. Proverite namenu i pošaljite upit Carsystem i R-M timu.","","Brand | BreadcrumbList | ListItem | Product","true","68","1","","36","0","36","true","false"
"/proizvodi/cosmos-lac-chalk-effect-cl-n17-mat-400-ml-chalk-effect-n17-tuscan-sunset","200","true","","Cosmos Lac Chalk Effect CL N17 Tuscan Sunset — mat | Carsystem i R-M Inđija","75","1","Chalk Effect CL-N17 Tuscan Sunset mat u Cosmos Lac katalogu. Proverite namenu i pošaljite upit Carsystem i R-M timu.","116","1","http://localhost:3000/proizvodi/cosmos-lac-chalk-effect-cl-n17-mat-400-ml-chalk-effect-n17-tuscan-sunset","200","false","Cosmos Lac Chalk Effect CL N17 Tuscan Sunset — mat","1","H1:Cosmos Lac Chalk Effect CL N17 Tuscan Sunset — mat | H2:Dostupne boje | H2:Treba vam savet pri izboru proizvoda? | H2:Katalog | H2:Brendovi | H2:Podrška | H2:Kontakt","sr-Latn","Cosmos Lac Chalk Effect CL N17 Tuscan Sunset — mat | Carsystem i R-M Inđija","Chalk Effect CL-N17 Tuscan Sunset mat u Cosmos Lac katalogu. Proverite namenu i pošaljite upit Carsystem i R-M timu.","","summary","Cosmos Lac Chalk Effect CL N17 Tuscan Sunset — mat | Carsystem i R-M Inđija","Chalk Effect CL-N17 Tuscan Sunset mat u Cosmos Lac katalogu. Proverite namenu i pošaljite upit Carsystem i R-M timu.","","Brand | BreadcrumbList | ListItem | Product","true","68","1","","36","0","36","true","false"
"/proizvodi/cosmos-lac-chalk-effect-cl-n18-mat-400-ml-chalk-effect-n18-indian-green","200","true","","Cosmos Lac Chalk Effect CL N18 Indian Green — mat | Carsystem i R-M Inđija","74","1","Chalk Effect CL-N18 Indian Green mat u Cosmos Lac katalogu. Proverite namenu i pošaljite upit Carsystem i R-M timu.","115","1","http://localhost:3000/proizvodi/cosmos-lac-chalk-effect-cl-n18-mat-400-ml-chalk-effect-n18-indian-green","200","false","Cosmos Lac Chalk Effect CL N18 Indian Green — mat","1","H1:Cosmos Lac Chalk Effect CL N18 Indian Green — mat | H2:Dostupne boje | H2:Treba vam savet pri izboru proizvoda? | H2:Katalog | H2:Brendovi | H2:Podrška | H2:Kontakt","sr-Latn","Cosmos Lac Chalk Effect CL N18 Indian Green — mat | Carsystem i R-M Inđija","Chalk Effect CL-N18 Indian Green mat u Cosmos Lac katalogu. Proverite namenu i pošaljite upit Carsystem i R-M timu.","","summary","Cosmos Lac Chalk Effect CL N18 Indian Green — mat | Carsystem i R-M Inđija","Chalk Effect CL-N18 Indian Green mat u Cosmos Lac katalogu. Proverite namenu i pošaljite upit Carsystem i R-M timu.","","Brand | BreadcrumbList | ListItem | Product","true","68","1","","36","0","36","true","false"
"/proizvodi/cosmos-lac-chalk-effect-cl-n19-mat-400-ml-chalk-effect-n19-dark-sangria","200","true","","Cosmos Lac Chalk Effect CL N19 Dark Sangria — mat | Carsystem i R-M Inđija","74","1","Chalk Effect CL-N19 Dark Sangria mat u Cosmos Lac katalogu. Proverite namenu i pošaljite upit Carsystem i R-M timu.","115","1","http://localhost:3000/proizvodi/cosmos-lac-chalk-effect-cl-n19-mat-400-ml-chalk-effect-n19-dark-sangria","200","false","Cosmos Lac Chalk Effect CL N19 Dark Sangria — mat","1","H1:Cosmos Lac Chalk Effect CL N19 Dark Sangria — mat | H2:Dostupne boje | H2:Treba vam savet pri izboru proizvoda? | H2:Katalog | H2:Brendovi | H2:Podrška | H2:Kontakt","sr-Latn","Cosmos Lac Chalk Effect CL N19 Dark Sangria — mat | Carsystem i R-M Inđija","Chalk Effect CL-N19 Dark Sangria mat u Cosmos Lac katalogu. Proverite namenu i pošaljite upit Carsystem i R-M timu.","","summary","Cosmos Lac Chalk Effect CL N19 Dark Sangria — mat | Carsystem i R-M Inđija","Chalk Effect CL-N19 Dark Sangria mat u Cosmos Lac katalogu. Proverite namenu i pošaljite upit Carsystem i R-M timu.","","Brand | BreadcrumbList | ListItem | Product","true","68","1","","36","0","36","true","false"
"/proizvodi/cosmos-lac-chalk-effect-cl-n20-mat-400-ml-chalk-effect-n20-shadow-grey","200","true","","Cosmos Lac Chalk Effect CL N20 Shadow Grey — mat | Carsystem i R-M Inđija","73","1","Chalk Effect CL-N20 Shadow Grey mat u Cosmos Lac katalogu. Proverite namenu i pošaljite upit Carsystem i R-M timu.","114","1","http://localhost:3000/proizvodi/cosmos-lac-chalk-effect-cl-n20-mat-400-ml-chalk-effect-n20-shadow-grey","200","false","Cosmos Lac Chalk Effect CL N20 Shadow Grey — mat","1","H1:Cosmos Lac Chalk Effect CL N20 Shadow Grey — mat | H2:Dostupne boje | H2:Treba vam savet pri izboru proizvoda? | H2:Katalog | H2:Brendovi | H2:Podrška | H2:Kontakt","sr-Latn","Cosmos Lac Chalk Effect CL N20 Shadow Grey — mat | Carsystem i R-M Inđija","Chalk Effect CL-N20 Shadow Grey mat u Cosmos Lac katalogu. Proverite namenu i pošaljite upit Carsystem i R-M timu.","","summary","Cosmos Lac Chalk Effect CL N20 Shadow Grey — mat | Carsystem i R-M Inđija","Chalk Effect CL-N20 Shadow Grey mat u Cosmos Lac katalogu. Proverite namenu i pošaljite upit Carsystem i R-M timu.","","Brand | BreadcrumbList | ListItem | Product","true","68","1","","36","0","36","true","false"
"/proizvodi/cosmos-lac-chalk-effect-cl-n21-mat-400-ml-chalk-effect-n21-coral-blush","200","true","","Cosmos Lac Chalk Effect CL N21 Coral Blush — mat | Carsystem i R-M Inđija","73","1","Chalk Effect CL-N21 Coral Blush mat u Cosmos Lac katalogu. Proverite namenu i pošaljite upit Carsystem i R-M timu.","114","1","http://localhost:3000/proizvodi/cosmos-lac-chalk-effect-cl-n21-mat-400-ml-chalk-effect-n21-coral-blush","200","false","Cosmos Lac Chalk Effect CL N21 Coral Blush — mat","1","H1:Cosmos Lac Chalk Effect CL N21 Coral Blush — mat | H2:Dostupne boje | H2:Treba vam savet pri izboru proizvoda? | H2:Katalog | H2:Brendovi | H2:Podrška | H2:Kontakt","sr-Latn","Cosmos Lac Chalk Effect CL N21 Coral Blush — mat | Carsystem i R-M Inđija","Chalk Effect CL-N21 Coral Blush mat u Cosmos Lac katalogu. Proverite namenu i pošaljite upit Carsystem i R-M timu.","","summary","Cosmos Lac Chalk Effect CL N21 Coral Blush — mat | Carsystem i R-M Inđija","Chalk Effect CL-N21 Coral Blush mat u Cosmos Lac katalogu. Proverite namenu i pošaljite upit Carsystem i R-M timu.","","Brand | BreadcrumbList | ListItem | Product","true","68","1","","36","0","36","true","false"
"/proizvodi/cosmos-lac-chalk-effect-cl-n22-mat-400-ml-chalk-effect-n22-bloodstone","200","true","","Cosmos Lac Chalk Effect CL N22 Bloodstone — mat | Carsystem i R-M Inđija","72","1","Chalk Effect CL-N22 Bloodstone mat u Cosmos Lac katalogu. Proverite namenu i pošaljite upit Carsystem i R-M timu.","113","1","http://localhost:3000/proizvodi/cosmos-lac-chalk-effect-cl-n22-mat-400-ml-chalk-effect-n22-bloodstone","200","false","Cosmos Lac Chalk Effect CL N22 Bloodstone — mat","1","H1:Cosmos Lac Chalk Effect CL N22 Bloodstone — mat | H2:Dostupne boje | H2:Treba vam savet pri izboru proizvoda? | H2:Katalog | H2:Brendovi | H2:Podrška | H2:Kontakt","sr-Latn","Cosmos Lac Chalk Effect CL N22 Bloodstone — mat | Carsystem i R-M Inđija","Chalk Effect CL-N22 Bloodstone mat u Cosmos Lac katalogu. Proverite namenu i pošaljite upit Carsystem i R-M timu.","","summary","Cosmos Lac Chalk Effect CL N22 Bloodstone — mat | Carsystem i R-M Inđija","Chalk Effect CL-N22 Bloodstone mat u Cosmos Lac katalogu. Proverite namenu i pošaljite upit Carsystem i R-M timu.","","Brand | BreadcrumbList | ListItem | Product","true","68","1","","36","0","36","true","false"
"/proizvodi/cosmos-lac-chalk-effect-cl-n23-mat-400-ml-chalk-effect-n23-khaki-brown","200","true","","Cosmos Lac Chalk Effect CL N23 Khaki Brown — mat | Carsystem i R-M Inđija","73","1","Chalk Effect CL-N23 Khaki Brown mat u Cosmos Lac katalogu. Proverite namenu i pošaljite upit Carsystem i R-M timu.","114","1","http://localhost:3000/proizvodi/cosmos-lac-chalk-effect-cl-n23-mat-400-ml-chalk-effect-n23-khaki-brown","200","false","Cosmos Lac Chalk Effect CL N23 Khaki Brown — mat","1","H1:Cosmos Lac Chalk Effect CL N23 Khaki Brown — mat | H2:Dostupne boje | H2:Treba vam savet pri izboru proizvoda? | H2:Katalog | H2:Brendovi | H2:Podrška | H2:Kontakt","sr-Latn","Cosmos Lac Chalk Effect CL N23 Khaki Brown — mat | Carsystem i R-M Inđija","Chalk Effect CL-N23 Khaki Brown mat u Cosmos Lac katalogu. Proverite namenu i pošaljite upit Carsystem i R-M timu.","","summary","Cosmos Lac Chalk Effect CL N23 Khaki Brown — mat | Carsystem i R-M Inđija","Chalk Effect CL-N23 Khaki Brown mat u Cosmos Lac katalogu. Proverite namenu i pošaljite upit Carsystem i R-M timu.","","Brand | BreadcrumbList | ListItem | Product","true","68","1","","36","0","36","true","false"
"/proizvodi/cosmos-lac-chalk-effect-cl-n24-mat-400-ml-chalk-effect-n24-latte","200","true","","Cosmos Lac Chalk Effect CL N24 Latte — mat | Carsystem i R-M Inđija","67","1","Chalk Effect CL-N24 Latte mat u Cosmos Lac katalogu. Proverite namenu i pošaljite upit Carsystem i R-M timu.","108","1","http://localhost:3000/proizvodi/cosmos-lac-chalk-effect-cl-n24-mat-400-ml-chalk-effect-n24-latte","200","false","Cosmos Lac Chalk Effect CL N24 Latte — mat","1","H1:Cosmos Lac Chalk Effect CL N24 Latte — mat | H2:Dostupne boje | H2:Treba vam savet pri izboru proizvoda? | H2:Katalog | H2:Brendovi | H2:Podrška | H2:Kontakt","sr-Latn","Cosmos Lac Chalk Effect CL N24 Latte — mat | Carsystem i R-M Inđija","Chalk Effect CL-N24 Latte mat u Cosmos Lac katalogu. Proverite namenu i pošaljite upit Carsystem i R-M timu.","","summary","Cosmos Lac Chalk Effect CL N24 Latte — mat | Carsystem i R-M Inđija","Chalk Effect CL-N24 Latte mat u Cosmos Lac katalogu. Proverite namenu i pošaljite upit Carsystem i R-M timu.","","Brand | BreadcrumbList | ListItem | Product","true","68","1","","36","0","36","true","false"
"/proizvodi/cosmos-lac-chalk-effect-cl-n25-mat-400-ml-chalk-effect-n25-versailles-gold","200","true","","Cosmos Lac Chalk Effect CL N25 Versailles Gold — mat | Carsystem i R-M Inđija","77","1","Chalk Effect CL-N25 Versailles Gold mat u Cosmos Lac katalogu. Proverite namenu i pošaljite upit Carsystem i R-M timu.","118","1","http://localhost:3000/proizvodi/cosmos-lac-chalk-effect-cl-n25-mat-400-ml-chalk-effect-n25-versailles-gold","200","false","Cosmos Lac Chalk Effect CL N25 Versailles Gold — mat","1","H1:Cosmos Lac Chalk Effect CL N25 Versailles Gold — mat | H2:Dostupne boje | H2:Treba vam savet pri izboru proizvoda? | H2:Katalog | H2:Brendovi | H2:Podrška | H2:Kontakt","sr-Latn","Cosmos Lac Chalk Effect CL N25 Versailles Gold — mat | Carsystem i R-M Inđija","Chalk Effect CL-N25 Versailles Gold mat u Cosmos Lac katalogu. Proverite namenu i pošaljite upit Carsystem i R-M timu.","","summary","Cosmos Lac Chalk Effect CL N25 Versailles Gold — mat | Carsystem i R-M Inđija","Chalk Effect CL-N25 Versailles Gold mat u Cosmos Lac katalogu. Proverite namenu i pošaljite upit Carsystem i R-M timu.","","Brand | BreadcrumbList | ListItem | Product","true","68","1","","36","0","36","true","false"
"/proizvodi/cosmos-lac-chalk-effect-cl-n26-mat-400-ml-chalk-effect-n26-cream-linen","200","true","","Cosmos Lac Chalk Effect CL N26 Cream Linen — mat | Carsystem i R-M Inđija","73","1","Chalk Effect CL-N26 Cream Linen mat u Cosmos Lac katalogu. Proverite namenu i pošaljite upit Carsystem i R-M timu.","114","1","http://localhost:3000/proizvodi/cosmos-lac-chalk-effect-cl-n26-mat-400-ml-chalk-effect-n26-cream-linen","200","false","Cosmos Lac Chalk Effect CL N26 Cream Linen — mat","1","H1:Cosmos Lac Chalk Effect CL N26 Cream Linen — mat | H2:Dostupne boje | H2:Treba vam savet pri izboru proizvoda? | H2:Katalog | H2:Brendovi | H2:Podrška | H2:Kontakt","sr-Latn","Cosmos Lac Chalk Effect CL N26 Cream Linen — mat | Carsystem i R-M Inđija","Chalk Effect CL-N26 Cream Linen mat u Cosmos Lac katalogu. Proverite namenu i pošaljite upit Carsystem i R-M timu.","","summary","Cosmos Lac Chalk Effect CL N26 Cream Linen — mat | Carsystem i R-M Inđija","Chalk Effect CL-N26 Cream Linen mat u Cosmos Lac katalogu. Proverite namenu i pošaljite upit Carsystem i R-M timu.","","Brand | BreadcrumbList | ListItem | Product","true","68","1","","36","0","36","true","false"
"/proizvodi/cosmos-lac-chalk-effect-cl-n27-mat-400-ml-chalk-effect-n27-nordic-olive","200","true","","Cosmos Lac Chalk Effect CL N27 Nordic Olive — mat | Carsystem i R-M Inđija","74","1","Chalk Effect CL-N27 Nordic Olive mat u Cosmos Lac katalogu. Proverite namenu i pošaljite upit Carsystem i R-M timu.","115","1","http://localhost:3000/proizvodi/cosmos-lac-chalk-effect-cl-n27-mat-400-ml-chalk-effect-n27-nordic-olive","200","false","Cosmos Lac Chalk Effect CL N27 Nordic Olive — mat","1","H1:Cosmos Lac Chalk Effect CL N27 Nordic Olive — mat | H2:Dostupne boje | H2:Treba vam savet pri izboru proizvoda? | H2:Katalog | H2:Brendovi | H2:Podrška | H2:Kontakt","sr-Latn","Cosmos Lac Chalk Effect CL N27 Nordic Olive — mat | Carsystem i R-M Inđija","Chalk Effect CL-N27 Nordic Olive mat u Cosmos Lac katalogu. Proverite namenu i pošaljite upit Carsystem i R-M timu.","","summary","Cosmos Lac Chalk Effect CL N27 Nordic Olive — mat | Carsystem i R-M Inđija","Chalk Effect CL-N27 Nordic Olive mat u Cosmos Lac katalogu. Proverite namenu i pošaljite upit Carsystem i R-M timu.","","Brand | BreadcrumbList | ListItem | Product","true","68","1","","36","0","36","true","false"
"/proizvodi/cosmos-lac-chalk-effect-cl-n28-mat-400-ml-chalk-effect-n28-velvet-citrus","200","true","","Cosmos Lac Chalk Effect CL N28 Velvet Citrus — mat | Carsystem i R-M Inđija","75","1","Chalk Effect CL-N28 Velvet Citrus mat u Cosmos Lac katalogu. Proverite namenu i pošaljite upit Carsystem i R-M timu.","116","1","http://localhost:3000/proizvodi/cosmos-lac-chalk-effect-cl-n28-mat-400-ml-chalk-effect-n28-velvet-citrus","200","false","Cosmos Lac Chalk Effect CL N28 Velvet Citrus — mat","1","H1:Cosmos Lac Chalk Effect CL N28 Velvet Citrus — mat | H2:Dostupne boje | H2:Treba vam savet pri izboru proizvoda? | H2:Katalog | H2:Brendovi | H2:Podrška | H2:Kontakt","sr-Latn","Cosmos Lac Chalk Effect CL N28 Velvet Citrus — mat | Carsystem i R-M Inđija","Chalk Effect CL-N28 Velvet Citrus mat u Cosmos Lac katalogu. Proverite namenu i pošaljite upit Carsystem i R-M timu.","","summary","Cosmos Lac Chalk Effect CL N28 Velvet Citrus — mat | Carsystem i R-M Inđija","Chalk Effect CL-N28 Velvet Citrus mat u Cosmos Lac katalogu. Proverite namenu i pošaljite upit Carsystem i R-M timu.","","Brand | BreadcrumbList | ListItem | Product","true","68","1","","36","0","36","true","false"
"/proizvodi/cosmos-lac-chalk-effect-cl-n29-mat-400-ml-chalk-effect-n29-imperial-violet","200","true","","Cosmos Lac Chalk Effect CL N29 Imperial Violet — mat | Carsystem i R-M Inđija","77","1","Chalk Effect CL-N29 Imperial Violet mat u Cosmos Lac katalogu. Proverite namenu i pošaljite upit Carsystem i R-M timu.","118","1","http://localhost:3000/proizvodi/cosmos-lac-chalk-effect-cl-n29-mat-400-ml-chalk-effect-n29-imperial-violet","200","false","Cosmos Lac Chalk Effect CL N29 Imperial Violet — mat","1","H1:Cosmos Lac Chalk Effect CL N29 Imperial Violet — mat | H2:Dostupne boje | H2:Treba vam savet pri izboru proizvoda? | H2:Katalog | H2:Brendovi | H2:Podrška | H2:Kontakt","sr-Latn","Cosmos Lac Chalk Effect CL N29 Imperial Violet — mat | Carsystem i R-M Inđija","Chalk Effect CL-N29 Imperial Violet mat u Cosmos Lac katalogu. Proverite namenu i pošaljite upit Carsystem i R-M timu.","","summary","Cosmos Lac Chalk Effect CL N29 Imperial Violet — mat | Carsystem i R-M Inđija","Chalk Effect CL-N29 Imperial Violet mat u Cosmos Lac katalogu. Proverite namenu i pošaljite upit Carsystem i R-M timu.","","Brand | BreadcrumbList | ListItem | Product","true","68","1","","36","0","36","true","false"
"/proizvodi/cosmos-lac-chalk-effect-cl-n30-mat-400-ml-chalk-effect-n30-ashen-lavender","200","true","","Cosmos Lac Chalk Effect CL N30 Ashen Lavender — mat | Carsystem i R-M Inđija","76","1","Chalk Effect CL-N30 Ashen Lavender mat u Cosmos Lac katalogu. Proverite namenu i pošaljite upit Carsystem i R-M timu.","117","1","http://localhost:3000/proizvodi/cosmos-lac-chalk-effect-cl-n30-mat-400-ml-chalk-effect-n30-ashen-lavender","200","false","Cosmos Lac Chalk Effect CL N30 Ashen Lavender — mat","1","H1:Cosmos Lac Chalk Effect CL N30 Ashen Lavender — mat | H2:Dostupne boje | H2:Treba vam savet pri izboru proizvoda? | H2:Katalog | H2:Brendovi | H2:Podrška | H2:Kontakt","sr-Latn","Cosmos Lac Chalk Effect CL N30 Ashen Lavender — mat | Carsystem i R-M Inđija","Chalk Effect CL-N30 Ashen Lavender mat u Cosmos Lac katalogu. Proverite namenu i pošaljite upit Carsystem i R-M timu.","","summary","Cosmos Lac Chalk Effect CL N30 Ashen Lavender — mat | Carsystem i R-M Inđija","Chalk Effect CL-N30 Ashen Lavender mat u Cosmos Lac katalogu. Proverite namenu i pošaljite upit Carsystem i R-M timu.","","Brand | BreadcrumbList | ListItem | Product","true","68","1","","36","0","36","true","false"
"/proizvodi/cosmos-lac-chalk-effect-cl-n31-mat-400-ml-chalk-effect-n31-salmon-di-venezia","200","true","","Cosmos Lac Chalk Effect CL N31 Salmon Di Venezia — mat | Carsystem i R-M Inđija","79","1","Chalk Effect CL-N31 Salmon Di Venezia mat u Cosmos Lac katalogu. Proverite namenu i pošaljite upit Carsystem i R-M timu.","120","1","http://localhost:3000/proizvodi/cosmos-lac-chalk-effect-cl-n31-mat-400-ml-chalk-effect-n31-salmon-di-venezia","200","false","Cosmos Lac Chalk Effect CL N31 Salmon Di Venezia — mat","1","H1:Cosmos Lac Chalk Effect CL N31 Salmon Di Venezia — mat | H2:Dostupne boje | H2:Treba vam savet pri izboru proizvoda? | H2:Katalog | H2:Brendovi | H2:Podrška | H2:Kontakt","sr-Latn","Cosmos Lac Chalk Effect CL N31 Salmon Di Venezia — mat | Carsystem i R-M Inđija","Chalk Effect CL-N31 Salmon Di Venezia mat u Cosmos Lac katalogu. Proverite namenu i pošaljite upit Carsystem i R-M timu.","","summary","Cosmos Lac Chalk Effect CL N31 Salmon Di Venezia — mat | Carsystem i R-M Inđija","Chalk Effect CL-N31 Salmon Di Venezia mat u Cosmos Lac katalogu. Proverite namenu i pošaljite upit Carsystem i R-M timu.","","Brand | BreadcrumbList | ListItem | Product","true","68","1","","36","0","36","true","false"
"/proizvodi/cosmos-lac-chalk-effect-cl-n32-mat-400-ml-chalk-effect-n32-smoked-fig","200","true","","Cosmos Lac Chalk Effect CL N32 Smoked Fig — mat | Carsystem i R-M Inđija","72","1","Chalk Effect CL-N32 Smoked Fig mat u Cosmos Lac katalogu. Proverite namenu i pošaljite upit Carsystem i R-M timu.","113","1","http://localhost:3000/proizvodi/cosmos-lac-chalk-effect-cl-n32-mat-400-ml-chalk-effect-n32-smoked-fig","200","false","Cosmos Lac Chalk Effect CL N32 Smoked Fig — mat","1","H1:Cosmos Lac Chalk Effect CL N32 Smoked Fig — mat | H2:Dostupne boje | H2:Treba vam savet pri izboru proizvoda? | H2:Katalog | H2:Brendovi | H2:Podrška | H2:Kontakt","sr-Latn","Cosmos Lac Chalk Effect CL N32 Smoked Fig — mat | Carsystem i R-M Inđija","Chalk Effect CL-N32 Smoked Fig mat u Cosmos Lac katalogu. Proverite namenu i pošaljite upit Carsystem i R-M timu.","","summary","Cosmos Lac Chalk Effect CL N32 Smoked Fig — mat | Carsystem i R-M Inđija","Chalk Effect CL-N32 Smoked Fig mat u Cosmos Lac katalogu. Proverite namenu i pošaljite upit Carsystem i R-M timu.","","Brand | BreadcrumbList | ListItem | Product","true","68","1","","36","0","36","true","false"
"/proizvodi/cosmos-lac-chalk-effect-cl-n33-mat-400-ml-chalk-effect-n33-british-biscuit","200","true","","Cosmos Lac Chalk Effect CL N33 British Biscuit — mat | Carsystem i R-M Inđija","77","1","Chalk Effect CL-N33 British Biscuit mat u Cosmos Lac katalogu. Proverite namenu i pošaljite upit Carsystem i R-M timu.","118","1","http://localhost:3000/proizvodi/cosmos-lac-chalk-effect-cl-n33-mat-400-ml-chalk-effect-n33-british-biscuit","200","false","Cosmos Lac Chalk Effect CL N33 British Biscuit — mat","1","H1:Cosmos Lac Chalk Effect CL N33 British Biscuit — mat | H2:Dostupne boje | H2:Treba vam savet pri izboru proizvoda? | H2:Katalog | H2:Brendovi | H2:Podrška | H2:Kontakt","sr-Latn","Cosmos Lac Chalk Effect CL N33 British Biscuit — mat | Carsystem i R-M Inđija","Chalk Effect CL-N33 British Biscuit mat u Cosmos Lac katalogu. Proverite namenu i pošaljite upit Carsystem i R-M timu.","","summary","Cosmos Lac Chalk Effect CL N33 British Biscuit — mat | Carsystem i R-M Inđija","Chalk Effect CL-N33 British Biscuit mat u Cosmos Lac katalogu. Proverite namenu i pošaljite upit Carsystem i R-M timu.","","Brand | BreadcrumbList | ListItem | Product","true","68","1","","36","0","36","true","false"
"/proizvodi/cosmos-lac-chalk-effect-cl-n52-mat-400-ml-chalk-effect-n52-matt-varnish","200","true","","Cosmos Lac Chalk Effect CL N52 Varnish — mat | Carsystem i R-M Inđija","69","1","Chalk Effect CL-N52 Varnish mat u Cosmos Lac katalogu. Proverite namenu i pošaljite upit Carsystem i R-M timu.","110","1","http://localhost:3000/proizvodi/cosmos-lac-chalk-effect-cl-n52-mat-400-ml-chalk-effect-n52-matt-varnish","200","false","Cosmos Lac Chalk Effect CL N52 Varnish — mat","1","H1:Cosmos Lac Chalk Effect CL N52 Varnish — mat | H2:Dostupne boje | H2:Treba vam savet pri izboru proizvoda? | H2:Katalog | H2:Brendovi | H2:Podrška | H2:Kontakt","sr-Latn","Cosmos Lac Chalk Effect CL N52 Varnish — mat | Carsystem i R-M Inđija","Chalk Effect CL-N52 Varnish mat u Cosmos Lac katalogu. Proverite namenu i pošaljite upit Carsystem i R-M timu.","","summary","Cosmos Lac Chalk Effect CL N52 Varnish — mat | Carsystem i R-M Inđija","Chalk Effect CL-N52 Varnish mat u Cosmos Lac katalogu. Proverite namenu i pošaljite upit Carsystem i R-M timu.","","Brand | BreadcrumbList | ListItem | Product","true","68","1","","36","0","36","true","false"
"/proizvodi/cosmos-lac-cleaners-205-400-ml-contact-cleaner-205","200","true","","Cosmos Lac Cleaners Contact Cleaner 205 | Carsystem i R-M Inđija","64","1","Cleaners 205 205 u Cosmos Lac katalogu. Proverite namenu i pošaljite upit Carsystem i R-M timu.","95","1","http://localhost:3000/proizvodi/cosmos-lac-cleaners-205-400-ml-contact-cleaner-205","200","false","Cosmos Lac Cleaners Contact Cleaner 205","1","H1:Cosmos Lac Cleaners Contact Cleaner 205 | H2:Treba vam savet pri izboru proizvoda? | H2:Katalog | H2:Brendovi | H2:Podrška | H2:Kontakt","sr-Latn","Cosmos Lac Cleaners Contact Cleaner 205 | Carsystem i R-M Inđija","Cleaners 205 205 u Cosmos Lac katalogu. Proverite namenu i pošaljite upit Carsystem i R-M timu.","","summary","Cosmos Lac Cleaners Contact Cleaner 205 | Carsystem i R-M Inđija","Cleaners 205 205 u Cosmos Lac katalogu. Proverite namenu i pošaljite upit Carsystem i R-M timu.","","Brand | BreadcrumbList | ListItem | Product","true","34","1","","2","0","2","true","true"
"/proizvodi/cosmos-lac-cleaners-718-400-ml-sticker-glue-remover-718","200","true","","Cosmos Lac Cleaners Sticker & Glue Remover 718 | Carsystem i R-M Inđija","71","1","Cleaners 718 Sticker & Glue Remover 718 u Cosmos Lac katalogu. Proverite namenu i pošaljite upit Carsystem i R-M timu.","118","1","http://localhost:3000/proizvodi/cosmos-lac-cleaners-718-400-ml-sticker-glue-remover-718","200","false","Cosmos Lac Cleaners Sticker & Glue Remover 718","1","H1:Cosmos Lac Cleaners Sticker & Glue Remover 718 | H2:Treba vam savet pri izboru proizvoda? | H2:Katalog | H2:Brendovi | H2:Podrška | H2:Kontakt","sr-Latn","Cosmos Lac Cleaners Sticker & Glue Remover 718 | Carsystem i R-M Inđija","Cleaners 718 Sticker & Glue Remover 718 u Cosmos Lac katalogu. Proverite namenu i pošaljite upit Carsystem i R-M timu.","","summary","Cosmos Lac Cleaners Sticker & Glue Remover 718 | Carsystem i R-M Inđija","Cleaners 718 Sticker & Glue Remover 718 u Cosmos Lac katalogu. Proverite namenu i pošaljite upit Carsystem i R-M timu.","","Brand | BreadcrumbList | ListItem | Product","true","34","1","","2","0","2","true","true"
"/proizvodi/cosmos-lac-cleaners-732-400-ml-air-duster-732","200","true","","Cosmos Lac Cleaners Air Duster 732 | Carsystem i R-M Inđija","59","1","Cleaners 732 732 u Cosmos Lac katalogu. Proverite namenu i pošaljite upit Carsystem i R-M timu.","95","1","http://localhost:3000/proizvodi/cosmos-lac-cleaners-732-400-ml-air-duster-732","200","false","Cosmos Lac Cleaners Air Duster 732","1","H1:Cosmos Lac Cleaners Air Duster 732 | H2:Treba vam savet pri izboru proizvoda? | H2:Katalog | H2:Brendovi | H2:Podrška | H2:Kontakt","sr-Latn","Cosmos Lac Cleaners Air Duster 732 | Carsystem i R-M Inđija","Cleaners 732 732 u Cosmos Lac katalogu. Proverite namenu i pošaljite upit Carsystem i R-M timu.","","summary","Cosmos Lac Cleaners Air Duster 732 | Carsystem i R-M Inđija","Cleaners 732 732 u Cosmos Lac katalogu. Proverite namenu i pošaljite upit Carsystem i R-M timu.","","Brand | BreadcrumbList | ListItem | Product","true","34","1","","2","0","2","true","true"
"/proizvodi/cosmos-lac-cleaners-733-400-ml-paint-remover-733","200","true","","Cosmos Lac Cleaners Paint Remover 733 | Carsystem i R-M Inđija","62","1","Cleaners 733 733 u Cosmos Lac katalogu. Proverite namenu i pošaljite upit Carsystem i R-M timu.","95","1","http://localhost:3000/proizvodi/cosmos-lac-cleaners-733-400-ml-paint-remover-733","200","false","Cosmos Lac Cleaners Paint Remover 733","1","H1:Cosmos Lac Cleaners Paint Remover 733 | H2:Treba vam savet pri izboru proizvoda? | H2:Katalog | H2:Brendovi | H2:Podrška | H2:Kontakt","sr-Latn","Cosmos Lac Cleaners Paint Remover 733 | Carsystem i R-M Inđija","Cleaners 733 733 u Cosmos Lac katalogu. Proverite namenu i pošaljite upit Carsystem i R-M timu.","","summary","Cosmos Lac Cleaners Paint Remover 733 | Carsystem i R-M Inđija","Cleaners 733 733 u Cosmos Lac katalogu. Proverite namenu i pošaljite upit Carsystem i R-M timu.","","Brand | BreadcrumbList | ListItem | Product","true","34","1","","2","0","2","true","true"
"/proizvodi/cosmos-lac-cleaners-750-400-ml-brake-cleaner-750","200","true","","Cosmos Lac Cleaners Brake Cleaner 750 | Carsystem i R-M Inđija","62","1","Cleaners 750 750 u Cosmos Lac katalogu. Proverite namenu i pošaljite upit Carsystem i R-M timu.","95","1","http://localhost:3000/proizvodi/cosmos-lac-cleaners-750-400-ml-brake-cleaner-750","200","false","Cosmos Lac Cleaners Brake Cleaner 750","1","H1:Cosmos Lac Cleaners Brake Cleaner 750 | H2:Treba vam savet pri izboru proizvoda? | H2:Katalog | H2:Brendovi | H2:Podrška | H2:Kontakt","sr-Latn","Cosmos Lac Cleaners Brake Cleaner 750 | Carsystem i R-M Inđija","Cleaners 750 750 u Cosmos Lac katalogu. Proverite namenu i pošaljite upit Carsystem i R-M timu.","","summary","Cosmos Lac Cleaners Brake Cleaner 750 | Carsystem i R-M Inđija","Cleaners 750 750 u Cosmos Lac katalogu. Proverite namenu i pošaljite upit Carsystem i R-M timu.","","Brand | BreadcrumbList | ListItem | Product","true","34","1","","2","0","2","true","true"
"/proizvodi/cosmos-lac-cleaners-751-400-ml-carburetor-cleaner-751","200","true","","Cosmos Lac Cleaners Carburetor Cleaner 751 | Carsystem i R-M Inđija","67","1","Cleaners 751 751 u Cosmos Lac katalogu. Proverite namenu i pošaljite upit Carsystem i R-M timu.","95","1","http://localhost:3000/proizvodi/cosmos-lac-cleaners-751-400-ml-carburetor-cleaner-751","200","false","Cosmos Lac Cleaners Carburetor Cleaner 751","1","H1:Cosmos Lac Cleaners Carburetor Cleaner 751 | H2:Treba vam savet pri izboru proizvoda? | H2:Katalog | H2:Brendovi | H2:Podrška | H2:Kontakt","sr-Latn","Cosmos Lac Cleaners Carburetor Cleaner 751 | Carsystem i R-M Inđija","Cleaners 751 751 u Cosmos Lac katalogu. Proverite namenu i pošaljite upit Carsystem i R-M timu.","","summary","Cosmos Lac Cleaners Carburetor Cleaner 751 | Carsystem i R-M Inđija","Cleaners 751 751 u Cosmos Lac katalogu. Proverite namenu i pošaljite upit Carsystem i R-M timu.","","Brand | BreadcrumbList | ListItem | Product","true","34","1","","2","0","2","true","true"
"/proizvodi/cosmos-lac-cleaners-752-400-ml-textile-cleaner-752","200","true","","Cosmos Lac Cleaners Textile Cleaner 752 | Carsystem i R-M Inđija","64","1","Cleaners 752 752 u Cosmos Lac katalogu. Proverite namenu i pošaljite upit Carsystem i R-M timu.","95","1","http://localhost:3000/proizvodi/cosmos-lac-cleaners-752-400-ml-textile-cleaner-752","200","false","Cosmos Lac Cleaners Textile Cleaner 752","1","H1:Cosmos Lac Cleaners Textile Cleaner 752 | H2:Treba vam savet pri izboru proizvoda? | H2:Katalog | H2:Brendovi | H2:Podrška | H2:Kontakt","sr-Latn","Cosmos Lac Cleaners Textile Cleaner 752 | Carsystem i R-M Inđija","Cleaners 752 752 u Cosmos Lac katalogu. Proverite namenu i pošaljite upit Carsystem i R-M timu.","","summary","Cosmos Lac Cleaners Textile Cleaner 752 | Carsystem i R-M Inđija","Cleaners 752 752 u Cosmos Lac katalogu. Proverite namenu i pošaljite upit Carsystem i R-M timu.","","Brand | BreadcrumbList | ListItem | Product","true","34","1","","2","0","2","true","true"
"/proizvodi/cosmos-lac-easy-max-cl-800-ral-9010-400-ml-easy-max-ral-9010-800-white","200","true","","Cosmos Lac Easy Max CL 800 RAL 9010 White | Carsystem i R-M Inđija","66","1","Easy Max CL-800 RAL 9010 White u Cosmos Lac katalogu. Proverite namenu i pošaljite upit Carsystem i R-M timu.","109","1","http://localhost:3000/proizvodi/cosmos-lac-easy-max-cl-800-ral-9010-400-ml-easy-max-ral-9010-800-white","200","false","Cosmos Lac Easy Max CL 800 RAL 9010 White","1","H1:Cosmos Lac Easy Max CL 800 RAL 9010 White | H2:Dostupne boje | H2:Treba vam savet pri izboru proizvoda? | H2:Katalog | H2:Brendovi | H2:Podrška | H2:Kontakt","sr-Latn","Cosmos Lac Easy Max CL 800 RAL 9010 White | Carsystem i R-M Inđija","Easy Max CL-800 RAL 9010 White u Cosmos Lac katalogu. Proverite namenu i pošaljite upit Carsystem i R-M timu.","","summary","Cosmos Lac Easy Max CL 800 RAL 9010 White | Carsystem i R-M Inđija","Easy Max CL-800 RAL 9010 White u Cosmos Lac katalogu. Proverite namenu i pošaljite upit Carsystem i R-M timu.","","Brand | BreadcrumbList | ListItem | Product","true","86","1","","54","0","54","true","false"
"/proizvodi/cosmos-lac-easy-max-cl-801-ral-9001-400-ml-easy-max-ral-9001-801-cream-white","200","true","","Cosmos Lac Easy Max CL 801 RAL 9001 Cream White | Carsystem i R-M Inđija","72","1","Easy Max CL-801 RAL 9001 Cream White u Cosmos Lac katalogu. Proverite namenu i pošaljite upit Carsystem i R-M timu.","115","1","http://localhost:3000/proizvodi/cosmos-lac-easy-max-cl-801-ral-9001-400-ml-easy-max-ral-9001-801-cream-white","200","false","Cosmos Lac Easy Max CL 801 RAL 9001 Cream White","1","H1:Cosmos Lac Easy Max CL 801 RAL 9001 Cream White | H2:Dostupne boje | H2:Treba vam savet pri izboru proizvoda? | H2:Katalog | H2:Brendovi | H2:Podrška | H2:Kontakt","sr-Latn","Cosmos Lac Easy Max CL 801 RAL 9001 Cream White | Carsystem i R-M Inđija","Easy Max CL-801 RAL 9001 Cream White u Cosmos Lac katalogu. Proverite namenu i pošaljite upit Carsystem i R-M timu.","","summary","Cosmos Lac Easy Max CL 801 RAL 9001 Cream White | Carsystem i R-M Inđija","Easy Max CL-801 RAL 9001 Cream White u Cosmos Lac katalogu. Proverite namenu i pošaljite upit Carsystem i R-M timu.","","Brand | BreadcrumbList | ListItem | Product","true","86","1","","54","0","54","true","false"
"/proizvodi/cosmos-lac-easy-max-cl-802-ral-9002-400-ml-easy-max-ral-9002-802-grey-white","200","true","","Cosmos Lac Easy Max CL 802 RAL 9002 Grey White | Carsystem i R-M Inđija","71","1","Easy Max CL-802 RAL 9002 Grey White u Cosmos Lac katalogu. Proverite namenu i pošaljite upit Carsystem i R-M timu.","114","1","http://localhost:3000/proizvodi/cosmos-lac-easy-max-cl-802-ral-9002-400-ml-easy-max-ral-9002-802-grey-white","200","false","Cosmos Lac Easy Max CL 802 RAL 9002 Grey White","1","H1:Cosmos Lac Easy Max CL 802 RAL 9002 Grey White | H2:Dostupne boje | H2:Treba vam savet pri izboru proizvoda? | H2:Katalog | H2:Brendovi | H2:Podrška | H2:Kontakt","sr-Latn","Cosmos Lac Easy Max CL 802 RAL 9002 Grey White | Carsystem i R-M Inđija","Easy Max CL-802 RAL 9002 Grey White u Cosmos Lac katalogu. Proverite namenu i pošaljite upit Carsystem i R-M timu.","","summary","Cosmos Lac Easy Max CL 802 RAL 9002 Grey White | Carsystem i R-M Inđija","Easy Max CL-802 RAL 9002 Grey White u Cosmos Lac katalogu. Proverite namenu i pošaljite upit Carsystem i R-M timu.","","Brand | BreadcrumbList | ListItem | Product","true","86","1","","54","0","54","true","false"
"/proizvodi/cosmos-lac-easy-max-cl-803-ral-9005-400-ml-easy-max-ral-9005-803-black","200","true","","Cosmos Lac Easy Max CL 803 RAL 9005 Black | Carsystem i R-M Inđija","66","1","Easy Max CL-803 RAL 9005 Black u Cosmos Lac katalogu. Proverite namenu i pošaljite upit Carsystem i R-M timu.","109","1","http://localhost:3000/proizvodi/cosmos-lac-easy-max-cl-803-ral-9005-400-ml-easy-max-ral-9005-803-black","200","false","Cosmos Lac Easy Max CL 803 RAL 9005 Black","1","H1:Cosmos Lac Easy Max CL 803 RAL 9005 Black | H2:Dostupne boje | H2:Treba vam savet pri izboru proizvoda? | H2:Katalog | H2:Brendovi | H2:Podrška | H2:Kontakt","sr-Latn","Cosmos Lac Easy Max CL 803 RAL 9005 Black | Carsystem i R-M Inđija","Easy Max CL-803 RAL 9005 Black u Cosmos Lac katalogu. Proverite namenu i pošaljite upit Carsystem i R-M timu.","","summary","Cosmos Lac Easy Max CL 803 RAL 9005 Black | Carsystem i R-M Inđija","Easy Max CL-803 RAL 9005 Black u Cosmos Lac katalogu. Proverite namenu i pošaljite upit Carsystem i R-M timu.","","Brand | BreadcrumbList | ListItem | Product","true","86","1","","54","0","54","true","false"
"/proizvodi/cosmos-lac-easy-max-cl-804-ral-7021-400-ml-easy-max-ral-7021-804-black-grey","200","true","","Cosmos Lac Easy Max CL 804 RAL 7021 Black Grey | Carsystem i R-M Inđija","71","1","Easy Max CL-804 RAL 7021 Black Grey u Cosmos Lac katalogu. Proverite namenu i pošaljite upit Carsystem i R-M timu.","114","1","http://localhost:3000/proizvodi/cosmos-lac-easy-max-cl-804-ral-7021-400-ml-easy-max-ral-7021-804-black-grey","200","false","Cosmos Lac Easy Max CL 804 RAL 7021 Black Grey","1","H1:Cosmos Lac Easy Max CL 804 RAL 7021 Black Grey | H2:Dostupne boje | H2:Treba vam savet pri izboru proizvoda? | H2:Katalog | H2:Brendovi | H2:Podrška | H2:Kontakt","sr-Latn","Cosmos Lac Easy Max CL 804 RAL 7021 Black Grey | Carsystem i R-M Inđija","Easy Max CL-804 RAL 7021 Black Grey u Cosmos Lac katalogu. Proverite namenu i pošaljite upit Carsystem i R-M timu.","","summary","Cosmos Lac Easy Max CL 804 RAL 7021 Black Grey | Carsystem i R-M Inđija","Easy Max CL-804 RAL 7021 Black Grey u Cosmos Lac katalogu. Proverite namenu i pošaljite upit Carsystem i R-M timu.","","Brand | BreadcrumbList | ListItem | Product","true","86","1","","54","0","54","true","false"
"/proizvodi/cosmos-lac-easy-max-cl-805-ral-7011-400-ml-easy-max-ral-7011-805-iron-grey","200","true","","Cosmos Lac Easy Max CL 805 RAL 7011 Iron Grey | Carsystem i R-M Inđija","70","1","Easy Max CL-805 RAL 7011 Iron Grey u Cosmos Lac katalogu. Proverite namenu i pošaljite upit Carsystem i R-M timu.","113","1","http://localhost:3000/proizvodi/cosmos-lac-easy-max-cl-805-ral-7011-400-ml-easy-max-ral-7011-805-iron-grey","200","false","Cosmos Lac Easy Max CL 805 RAL 7011 Iron Grey","1","H1:Cosmos Lac Easy Max CL 805 RAL 7011 Iron Grey | H2:Dostupne boje | H2:Treba vam savet pri izboru proizvoda? | H2:Katalog | H2:Brendovi | H2:Podrška | H2:Kontakt","sr-Latn","Cosmos Lac Easy Max CL 805 RAL 7011 Iron Grey | Carsystem i R-M Inđija","Easy Max CL-805 RAL 7011 Iron Grey u Cosmos Lac katalogu. Proverite namenu i pošaljite upit Carsystem i R-M timu.","","summary","Cosmos Lac Easy Max CL 805 RAL 7011 Iron Grey | Carsystem i R-M Inđija","Easy Max CL-805 RAL 7011 Iron Grey u Cosmos Lac katalogu. Proverite namenu i pošaljite upit Carsystem i R-M timu.","","Brand | BreadcrumbList | ListItem | Product","true","86","1","","54","0","54","true","false"
"/proizvodi/cosmos-lac-easy-max-cl-806-ral-7015-400-ml-easy-max-ral-7015-806-dark-grey","200","true","","Cosmos Lac Easy Max CL 806 RAL 7015 Dark Grey | Carsystem i R-M Inđija","70","1","Easy Max CL-806 RAL 7015 Dark Grey u Cosmos Lac katalogu. Proverite namenu i pošaljite upit Carsystem i R-M timu.","113","1","http://localhost:3000/proizvodi/cosmos-lac-easy-max-cl-806-ral-7015-400-ml-easy-max-ral-7015-806-dark-grey","200","false","Cosmos Lac Easy Max CL 806 RAL 7015 Dark Grey","1","H1:Cosmos Lac Easy Max CL 806 RAL 7015 Dark Grey | H2:Dostupne boje | H2:Treba vam savet pri izboru proizvoda? | H2:Katalog | H2:Brendovi | H2:Podrška | H2:Kontakt","sr-Latn","Cosmos Lac Easy Max CL 806 RAL 7015 Dark Grey | Carsystem i R-M Inđija","Easy Max CL-806 RAL 7015 Dark Grey u Cosmos Lac katalogu. Proverite namenu i pošaljite upit Carsystem i R-M timu.","","summary","Cosmos Lac Easy Max CL 806 RAL 7015 Dark Grey | Carsystem i R-M Inđija","Easy Max CL-806 RAL 7015 Dark Grey u Cosmos Lac katalogu. Proverite namenu i pošaljite upit Carsystem i R-M timu.","","Brand | BreadcrumbList | ListItem | Product","true","86","1","","54","0","54","true","false"
"/proizvodi/cosmos-lac-easy-max-cl-807-ral-7040-400-ml-easy-max-ral-7040-807-grey","200","true","","Cosmos Lac Easy Max CL 807 RAL 7040 Grey | Carsystem i R-M Inđija","65","1","Easy Max CL-807 RAL 7040 Grey u Cosmos Lac katalogu. Proverite namenu i pošaljite upit Carsystem i R-M timu.","108","1","http://localhost:3000/proizvodi/cosmos-lac-easy-max-cl-807-ral-7040-400-ml-easy-max-ral-7040-807-grey","200","false","Cosmos Lac Easy Max CL 807 RAL 7040 Grey","1","H1:Cosmos Lac Easy Max CL 807 RAL 7040 Grey | H2:Dostupne boje | H2:Treba vam savet pri izboru proizvoda? | H2:Katalog | H2:Brendovi | H2:Podrška | H2:Kontakt","sr-Latn","Cosmos Lac Easy Max CL 807 RAL 7040 Grey | Carsystem i R-M Inđija","Easy Max CL-807 RAL 7040 Grey u Cosmos Lac katalogu. Proverite namenu i pošaljite upit Carsystem i R-M timu.","","summary","Cosmos Lac Easy Max CL 807 RAL 7040 Grey | Carsystem i R-M Inđija","Easy Max CL-807 RAL 7040 Grey u Cosmos Lac katalogu. Proverite namenu i pošaljite upit Carsystem i R-M timu.","","Brand | BreadcrumbList | ListItem | Product","true","86","1","","54","0","54","true","false"
"/proizvodi/cosmos-lac-easy-max-cl-808-ral-7033-400-ml-easy-max-ral-7033-808-cement-grey","200","true","","Cosmos Lac Easy Max CL 808 RAL 7033 Cement Grey | Carsystem i R-M Inđija","72","1","Easy Max CL-808 RAL 7033 Cement Grey u Cosmos Lac katalogu. Proverite namenu i pošaljite upit Carsystem i R-M timu.","115","1","http://localhost:3000/proizvodi/cosmos-lac-easy-max-cl-808-ral-7033-400-ml-easy-max-ral-7033-808-cement-grey","200","false","Cosmos Lac Easy Max CL 808 RAL 7033 Cement Grey","1","H1:Cosmos Lac Easy Max CL 808 RAL 7033 Cement Grey | H2:Dostupne boje | H2:Treba vam savet pri izboru proizvoda? | H2:Katalog | H2:Brendovi | H2:Podrška | H2:Kontakt","sr-Latn","Cosmos Lac Easy Max CL 808 RAL 7033 Cement Grey | Carsystem i R-M Inđija","Easy Max CL-808 RAL 7033 Cement Grey u Cosmos Lac katalogu. Proverite namenu i pošaljite upit Carsystem i R-M timu.","","summary","Cosmos Lac Easy Max CL 808 RAL 7033 Cement Grey | Carsystem i R-M Inđija","Easy Max CL-808 RAL 7033 Cement Grey u Cosmos Lac katalogu. Proverite namenu i pošaljite upit Carsystem i R-M timu.","","Brand | BreadcrumbList | ListItem | Product","true","86","1","","54","0","54","true","false"
"/proizvodi/cosmos-lac-easy-max-cl-809-ral-1015-400-ml-easy-max-ral-1015-809-light-ivory","200","true","","Cosmos Lac Easy Max CL 809 RAL 1015 Light Ivory | Carsystem i R-M Inđija","72","1","Easy Max CL-809 RAL 1015 Light Ivory u Cosmos Lac katalogu. Proverite namenu i pošaljite upit Carsystem i R-M timu.","115","1","http://localhost:3000/proizvodi/cosmos-lac-easy-max-cl-809-ral-1015-400-ml-easy-max-ral-1015-809-light-ivory","200","false","Cosmos Lac Easy Max CL 809 RAL 1015 Light Ivory","1","H1:Cosmos Lac Easy Max CL 809 RAL 1015 Light Ivory | H2:Dostupne boje | H2:Treba vam savet pri izboru proizvoda? | H2:Katalog | H2:Brendovi | H2:Podrška | H2:Kontakt","sr-Latn","Cosmos Lac Easy Max CL 809 RAL 1015 Light Ivory | Carsystem i R-M Inđija","Easy Max CL-809 RAL 1015 Light Ivory u Cosmos Lac katalogu. Proverite namenu i pošaljite upit Carsystem i R-M timu.","","summary","Cosmos Lac Easy Max CL 809 RAL 1015 Light Ivory | Carsystem i R-M Inđija","Easy Max CL-809 RAL 1015 Light Ivory u Cosmos Lac katalogu. Proverite namenu i pošaljite upit Carsystem i R-M timu.","","Brand | BreadcrumbList | ListItem | Product","true","86","1","","54","0","54","true","false"
"/proizvodi/cosmos-lac-easy-max-cl-810-ral-3004-400-ml-easy-max-ral-3004-810-purple-red","200","true","","Cosmos Lac Easy Max CL 810 RAL 3004 Purple Red | Carsystem i R-M Inđija","71","1","Easy Max CL-810 RAL 3004 Purple Red u Cosmos Lac katalogu. Proverite namenu i pošaljite upit Carsystem i R-M timu.","114","1","http://localhost:3000/proizvodi/cosmos-lac-easy-max-cl-810-ral-3004-400-ml-easy-max-ral-3004-810-purple-red","200","false","Cosmos Lac Easy Max CL 810 RAL 3004 Purple Red","1","H1:Cosmos Lac Easy Max CL 810 RAL 3004 Purple Red | H2:Dostupne boje | H2:Treba vam savet pri izboru proizvoda? | H2:Katalog | H2:Brendovi | H2:Podrška | H2:Kontakt","sr-Latn","Cosmos Lac Easy Max CL 810 RAL 3004 Purple Red | Carsystem i R-M Inđija","Easy Max CL-810 RAL 3004 Purple Red u Cosmos Lac katalogu. Proverite namenu i pošaljite upit Carsystem i R-M timu.","","summary","Cosmos Lac Easy Max CL 810 RAL 3004 Purple Red | Carsystem i R-M Inđija","Easy Max CL-810 RAL 3004 Purple Red u Cosmos Lac katalogu. Proverite namenu i pošaljite upit Carsystem i R-M timu.","","Brand | BreadcrumbList | ListItem | Product","true","86","1","","54","0","54","true","false"
"/proizvodi/cosmos-lac-easy-max-cl-811-ral-3002-400-ml-easy-max-ral-3002-811-dark-red","200","true","","Cosmos Lac Easy Max CL 811 RAL 3002 Dark Red | Carsystem i R-M Inđija","69","1","Easy Max CL-811 RAL 3002 Dark Red u Cosmos Lac katalogu. Proverite namenu i pošaljite upit Carsystem i R-M timu.","112","1","http://localhost:3000/proizvodi/cosmos-lac-easy-max-cl-811-ral-3002-400-ml-easy-max-ral-3002-811-dark-red","200","false","Cosmos Lac Easy Max CL 811 RAL 3002 Dark Red","1","H1:Cosmos Lac Easy Max CL 811 RAL 3002 Dark Red | H2:Dostupne boje | H2:Treba vam savet pri izboru proizvoda? | H2:Katalog | H2:Brendovi | H2:Podrška | H2:Kontakt","sr-Latn","Cosmos Lac Easy Max CL 811 RAL 3002 Dark Red | Carsystem i R-M Inđija","Easy Max CL-811 RAL 3002 Dark Red u Cosmos Lac katalogu. Proverite namenu i pošaljite upit Carsystem i R-M timu.","","summary","Cosmos Lac Easy Max CL 811 RAL 3002 Dark Red | Carsystem i R-M Inđija","Easy Max CL-811 RAL 3002 Dark Red u Cosmos Lac katalogu. Proverite namenu i pošaljite upit Carsystem i R-M timu.","","Brand | BreadcrumbList | ListItem | Product","true","86","1","","54","0","54","true","false"
"/proizvodi/cosmos-lac-easy-max-cl-812-ral-3020-400-ml-easy-max-ral-3020-812-red","200","true","","Cosmos Lac Easy Max CL 812 RAL 3020 Red | Carsystem i R-M Inđija","64","1","Easy Max CL-812 RAL 3020 Red u Cosmos Lac katalogu. Proverite namenu i pošaljite upit Carsystem i R-M timu.","107","1","http://localhost:3000/proizvodi/cosmos-lac-easy-max-cl-812-ral-3020-400-ml-easy-max-ral-3020-812-red","200","false","Cosmos Lac Easy Max CL 812 RAL 3020 Red","1","H1:Cosmos Lac Easy Max CL 812 RAL 3020 Red | H2:Dostupne boje | H2:Treba vam savet pri izboru proizvoda? | H2:Katalog | H2:Brendovi | H2:Podrška | H2:Kontakt","sr-Latn","Cosmos Lac Easy Max CL 812 RAL 3020 Red | Carsystem i R-M Inđija","Easy Max CL-812 RAL 3020 Red u Cosmos Lac katalogu. Proverite namenu i pošaljite upit Carsystem i R-M timu.","","summary","Cosmos Lac Easy Max CL 812 RAL 3020 Red | Carsystem i R-M Inđija","Easy Max CL-812 RAL 3020 Red u Cosmos Lac katalogu. Proverite namenu i pošaljite upit Carsystem i R-M timu.","","Brand | BreadcrumbList | ListItem | Product","true","86","1","","54","0","54","true","false"
"/proizvodi/cosmos-lac-easy-max-cl-813-ral-1018-400-ml-easy-max-ral-1018-813-yellow","200","true","","Cosmos Lac Easy Max CL 813 RAL 1018 Yellow | Carsystem i R-M Inđija","67","1","Easy Max CL-813 RAL 1018 Yellow u Cosmos Lac katalogu. Proverite namenu i pošaljite upit Carsystem i R-M timu.","110","1","http://localhost:3000/proizvodi/cosmos-lac-easy-max-cl-813-ral-1018-400-ml-easy-max-ral-1018-813-yellow","200","false","Cosmos Lac Easy Max CL 813 RAL 1018 Yellow","1","H1:Cosmos Lac Easy Max CL 813 RAL 1018 Yellow | H2:Dostupne boje | H2:Treba vam savet pri izboru proizvoda? | H2:Katalog | H2:Brendovi | H2:Podrška | H2:Kontakt","sr-Latn","Cosmos Lac Easy Max CL 813 RAL 1018 Yellow | Carsystem i R-M Inđija","Easy Max CL-813 RAL 1018 Yellow u Cosmos Lac katalogu. Proverite namenu i pošaljite upit Carsystem i R-M timu.","","summary","Cosmos Lac Easy Max CL 813 RAL 1018 Yellow | Carsystem i R-M Inđija","Easy Max CL-813 RAL 1018 Yellow u Cosmos Lac katalogu. Proverite namenu i pošaljite upit Carsystem i R-M timu.","","Brand | BreadcrumbList | ListItem | Product","true","86","1","","54","0","54","true","false"
"/proizvodi/cosmos-lac-easy-max-cl-814-ral-6001-400-ml-easy-max-ral-6001-814-dark-green","200","true","","Cosmos Lac Easy Max CL 814 RAL 6001 Dark Green | Carsystem i R-M Inđija","71","1","Easy Max CL-814 RAL 6001 Dark Green u Cosmos Lac katalogu. Proverite namenu i pošaljite upit Carsystem i R-M timu.","114","1","http://localhost:3000/proizvodi/cosmos-lac-easy-max-cl-814-ral-6001-400-ml-easy-max-ral-6001-814-dark-green","200","false","Cosmos Lac Easy Max CL 814 RAL 6001 Dark Green","1","H1:Cosmos Lac Easy Max CL 814 RAL 6001 Dark Green | H2:Dostupne boje | H2:Treba vam savet pri izboru proizvoda? | H2:Katalog | H2:Brendovi | H2:Podrška | H2:Kontakt","sr-Latn","Cosmos Lac Easy Max CL 814 RAL 6001 Dark Green | Carsystem i R-M Inđija","Easy Max CL-814 RAL 6001 Dark Green u Cosmos Lac katalogu. Proverite namenu i pošaljite upit Carsystem i R-M timu.","","summary","Cosmos Lac Easy Max CL 814 RAL 6001 Dark Green | Carsystem i R-M Inđija","Easy Max CL-814 RAL 6001 Dark Green u Cosmos Lac katalogu. Proverite namenu i pošaljite upit Carsystem i R-M timu.","","Brand | BreadcrumbList | ListItem | Product","true","86","1","","54","0","54","true","false"
"/proizvodi/cosmos-lac-easy-max-cl-815-ral-8011-400-ml-easy-max-ral-8011-815-brown","200","true","","Cosmos Lac Easy Max CL 815 RAL 8011 Brown | Carsystem i R-M Inđija","66","1","Easy Max CL-815 RAL 8011 Brown u Cosmos Lac katalogu. Proverite namenu i pošaljite upit Carsystem i R-M timu.","109","1","http://localhost:3000/proizvodi/cosmos-lac-easy-max-cl-815-ral-8011-400-ml-easy-max-ral-8011-815-brown","200","false","Cosmos Lac Easy Max CL 815 RAL 8011 Brown","1","H1:Cosmos Lac Easy Max CL 815 RAL 8011 Brown | H2:Dostupne boje | H2:Treba vam savet pri izboru proizvoda? | H2:Katalog | H2:Brendovi | H2:Podrška | H2:Kontakt","sr-Latn","Cosmos Lac Easy Max CL 815 RAL 8011 Brown | Carsystem i R-M Inđija","Easy Max CL-815 RAL 8011 Brown u Cosmos Lac katalogu. Proverite namenu i pošaljite upit Carsystem i R-M timu.","","summary","Cosmos Lac Easy Max CL 815 RAL 8011 Brown | Carsystem i R-M Inđija","Easy Max CL-815 RAL 8011 Brown u Cosmos Lac katalogu. Proverite namenu i pošaljite upit Carsystem i R-M timu.","","Brand | BreadcrumbList | ListItem | Product","true","86","1","","54","0","54","true","false"
"/proizvodi/cosmos-lac-easy-max-cl-816-ral-5005-400-ml-easy-max-ral-5005-816-dark-blue","200","true","","Cosmos Lac Easy Max CL 816 RAL 5005 Dark Blue | Carsystem i R-M Inđija","70","1","Easy Max CL-816 RAL 5005 Dark Blue u Cosmos Lac katalogu. Proverite namenu i pošaljite upit Carsystem i R-M timu.","113","1","http://localhost:3000/proizvodi/cosmos-lac-easy-max-cl-816-ral-5005-400-ml-easy-max-ral-5005-816-dark-blue","200","false","Cosmos Lac Easy Max CL 816 RAL 5005 Dark Blue","1","H1:Cosmos Lac Easy Max CL 816 RAL 5005 Dark Blue | H2:Dostupne boje | H2:Treba vam savet pri izboru proizvoda? | H2:Katalog | H2:Brendovi | H2:Podrška | H2:Kontakt","sr-Latn","Cosmos Lac Easy Max CL 816 RAL 5005 Dark Blue | Carsystem i R-M Inđija","Easy Max CL-816 RAL 5005 Dark Blue u Cosmos Lac katalogu. Proverite namenu i pošaljite upit Carsystem i R-M timu.","","summary","Cosmos Lac Easy Max CL 816 RAL 5005 Dark Blue | Carsystem i R-M Inđija","Easy Max CL-816 RAL 5005 Dark Blue u Cosmos Lac katalogu. Proverite namenu i pošaljite upit Carsystem i R-M timu.","","Brand | BreadcrumbList | ListItem | Product","true","86","1","","54","0","54","true","false"
"/proizvodi/cosmos-lac-easy-max-cl-817-ral-5012-400-ml-easy-max-ral-5012-817-blue","200","true","","Cosmos Lac Easy Max CL 817 RAL 5012 Blue | Carsystem i R-M Inđija","65","1","Easy Max CL-817 RAL 5012 Blue u Cosmos Lac katalogu. Proverite namenu i pošaljite upit Carsystem i R-M timu.","108","1","http://localhost:3000/proizvodi/cosmos-lac-easy-max-cl-817-ral-5012-400-ml-easy-max-ral-5012-817-blue","200","false","Cosmos Lac Easy Max CL 817 RAL 5012 Blue","1","H1:Cosmos Lac Easy Max CL 817 RAL 5012 Blue | H2:Dostupne boje | H2:Treba vam savet pri izboru proizvoda? | H2:Katalog | H2:Brendovi | H2:Podrška | H2:Kontakt","sr-Latn","Cosmos Lac Easy Max CL 817 RAL 5012 Blue | Carsystem i R-M Inđija","Easy Max CL-817 RAL 5012 Blue u Cosmos Lac katalogu. Proverite namenu i pošaljite upit Carsystem i R-M timu.","","summary","Cosmos Lac Easy Max CL 817 RAL 5012 Blue | Carsystem i R-M Inđija","Easy Max CL-817 RAL 5012 Blue u Cosmos Lac katalogu. Proverite namenu i pošaljite upit Carsystem i R-M timu.","","Brand | BreadcrumbList | ListItem | Product","true","86","1","","54","0","54","true","false"
"/proizvodi/cosmos-lac-easy-max-cl-818-ral-5010-400-ml-easy-max-ral-5010-818-gentian-blue","200","true","","Cosmos Lac Easy Max CL 818 RAL 5010 Gentian Blue | Carsystem i R-M Inđija","73","1","Easy Max CL-818 RAL 5010 Gentian Blue u Cosmos Lac katalogu. Proverite namenu i pošaljite upit Carsystem i R-M timu.","116","1","http://localhost:3000/proizvodi/cosmos-lac-easy-max-cl-818-ral-5010-400-ml-easy-max-ral-5010-818-gentian-blue","200","false","Cosmos Lac Easy Max CL 818 RAL 5010 Gentian Blue","1","H1:Cosmos Lac Easy Max CL 818 RAL 5010 Gentian Blue | H2:Dostupne boje | H2:Treba vam savet pri izboru proizvoda? | H2:Katalog | H2:Brendovi | H2:Podrška | H2:Kontakt","sr-Latn","Cosmos Lac Easy Max CL 818 RAL 5010 Gentian Blue | Carsystem i R-M Inđija","Easy Max CL-818 RAL 5010 Gentian Blue u Cosmos Lac katalogu. Proverite namenu i pošaljite upit Carsystem i R-M timu.","","summary","Cosmos Lac Easy Max CL 818 RAL 5010 Gentian Blue | Carsystem i R-M Inđija","Easy Max CL-818 RAL 5010 Gentian Blue u Cosmos Lac katalogu. Proverite namenu i pošaljite upit Carsystem i R-M timu.","","Brand | BreadcrumbList | ListItem | Product","true","86","1","","54","0","54","true","false"
"/proizvodi/cosmos-lac-easy-max-cl-819-ral-5018-400-ml-easy-max-ral-5018-819-turquoise-blue","200","true","","Cosmos Lac Easy Max CL 819 RAL 5018 Turquoise Blue | Carsystem i R-M Inđija","75","1","Easy Max CL-819 RAL 5018 Turquoise Blue u Cosmos Lac katalogu. Proverite namenu i pošaljite upit Carsystem i R-M timu.","118","1","http://localhost:3000/proizvodi/cosmos-lac-easy-max-cl-819-ral-5018-400-ml-easy-max-ral-5018-819-turquoise-blue","200","false","Cosmos Lac Easy Max CL 819 RAL 5018 Turquoise Blue","1","H1:Cosmos Lac Easy Max CL 819 RAL 5018 Turquoise Blue | H2:Dostupne boje | H2:Treba vam savet pri izboru proizvoda? | H2:Katalog | H2:Brendovi | H2:Podrška | H2:Kontakt","sr-Latn","Cosmos Lac Easy Max CL 819 RAL 5018 Turquoise Blue | Carsystem i R-M Inđija","Easy Max CL-819 RAL 5018 Turquoise Blue u Cosmos Lac katalogu. Proverite namenu i pošaljite upit Carsystem i R-M timu.","","summary","Cosmos Lac Easy Max CL 819 RAL 5018 Turquoise Blue | Carsystem i R-M Inđija","Easy Max CL-819 RAL 5018 Turquoise Blue u Cosmos Lac katalogu. Proverite namenu i pošaljite upit Carsystem i R-M timu.","","Brand | BreadcrumbList | ListItem | Product","true","86","1","","54","0","54","true","false"
"/proizvodi/cosmos-lac-easy-max-cl-823-ral-1007-400-ml-easy-max-ral-1007-823-daffodil-yellow","200","true","","Cosmos Lac Easy Max CL 823 RAL 1007 Daffodil Yellow | Carsystem i R-M Inđija","76","1","Easy Max CL-823 RAL 1007 Daffodil Yellow u Cosmos Lac katalogu. Proverite namenu i pošaljite upit Carsystem i R-M timu.","119","1","http://localhost:3000/proizvodi/cosmos-lac-easy-max-cl-823-ral-1007-400-ml-easy-max-ral-1007-823-daffodil-yellow","200","false","Cosmos Lac Easy Max CL 823 RAL 1007 Daffodil Yellow","1","H1:Cosmos Lac Easy Max CL 823 RAL 1007 Daffodil Yellow | H2:Dostupne boje | H2:Treba vam savet pri izboru proizvoda? | H2:Katalog | H2:Brendovi | H2:Podrška | H2:Kontakt","sr-Latn","Cosmos Lac Easy Max CL 823 RAL 1007 Daffodil Yellow | Carsystem i R-M Inđija","Easy Max CL-823 RAL 1007 Daffodil Yellow u Cosmos Lac katalogu. Proverite namenu i pošaljite upit Carsystem i R-M timu.","","summary","Cosmos Lac Easy Max CL 823 RAL 1007 Daffodil Yellow | Carsystem i R-M Inđija","Easy Max CL-823 RAL 1007 Daffodil Yellow u Cosmos Lac katalogu. Proverite namenu i pošaljite upit Carsystem i R-M timu.","","Brand | BreadcrumbList | ListItem | Product","true","86","1","","54","0","54","true","false"
"/proizvodi/cosmos-lac-easy-max-cl-824-ral-5013-400-ml-easy-max-ral-5013-824-cobalt-blue","200","true","","Cosmos Lac Easy Max CL 824 RAL 5013 Cobalt Blue | Carsystem i R-M Inđija","72","1","Easy Max CL-824 RAL 5013 Cobalt Blue u Cosmos Lac katalogu. Proverite namenu i pošaljite upit Carsystem i R-M timu.","115","1","http://localhost:3000/proizvodi/cosmos-lac-easy-max-cl-824-ral-5013-400-ml-easy-max-ral-5013-824-cobalt-blue","200","false","Cosmos Lac Easy Max CL 824 RAL 5013 Cobalt Blue","1","H1:Cosmos Lac Easy Max CL 824 RAL 5013 Cobalt Blue | H2:Dostupne boje | H2:Treba vam savet pri izboru proizvoda? | H2:Katalog | H2:Brendovi | H2:Podrška | H2:Kontakt","sr-Latn","Cosmos Lac Easy Max CL 824 RAL 5013 Cobalt Blue | Carsystem i R-M Inđija","Easy Max CL-824 RAL 5013 Cobalt Blue u Cosmos Lac katalogu. Proverite namenu i pošaljite upit Carsystem i R-M timu.","","summary","Cosmos Lac Easy Max CL 824 RAL 5013 Cobalt Blue | Carsystem i R-M Inđija","Easy Max CL-824 RAL 5013 Cobalt Blue u Cosmos Lac katalogu. Proverite namenu i pošaljite upit Carsystem i R-M timu.","","Brand | BreadcrumbList | ListItem | Product","true","86","1","","54","0","54","true","false"
"/proizvodi/cosmos-lac-easy-max-cl-825-ral-6011-400-ml-easy-max-ral-6011-825-reseda-green","200","true","","Cosmos Lac Easy Max CL 825 RAL 6011 Reseda Green | Carsystem i R-M Inđija","73","1","Easy Max CL-825 RAL 6011 Reseda Green u Cosmos Lac katalogu. Proverite namenu i pošaljite upit Carsystem i R-M timu.","116","1","http://localhost:3000/proizvodi/cosmos-lac-easy-max-cl-825-ral-6011-400-ml-easy-max-ral-6011-825-reseda-green","200","false","Cosmos Lac Easy Max CL 825 RAL 6011 Reseda Green","1","H1:Cosmos Lac Easy Max CL 825 RAL 6011 Reseda Green | H2:Dostupne boje | H2:Treba vam savet pri izboru proizvoda? | H2:Katalog | H2:Brendovi | H2:Podrška | H2:Kontakt","sr-Latn","Cosmos Lac Easy Max CL 825 RAL 6011 Reseda Green | Carsystem i R-M Inđija","Easy Max CL-825 RAL 6011 Reseda Green u Cosmos Lac katalogu. Proverite namenu i pošaljite upit Carsystem i R-M timu.","","summary","Cosmos Lac Easy Max CL 825 RAL 6011 Reseda Green | Carsystem i R-M Inđija","Easy Max CL-825 RAL 6011 Reseda Green u Cosmos Lac katalogu. Proverite namenu i pošaljite upit Carsystem i R-M timu.","","Brand | BreadcrumbList | ListItem | Product","true","86","1","","54","0","54","true","false"
"/proizvodi/cosmos-lac-easy-max-cl-826-ral-8004-400-ml-easy-max-ral-8004-826-copper-brown","200","true","","Cosmos Lac Easy Max CL 826 RAL 8004 Copper Brown | Carsystem i R-M Inđija","73","1","Easy Max CL-826 RAL 8004 Copper Brown u Cosmos Lac katalogu. Proverite namenu i pošaljite upit Carsystem i R-M timu.","116","1","http://localhost:3000/proizvodi/cosmos-lac-easy-max-cl-826-ral-8004-400-ml-easy-max-ral-8004-826-copper-brown","200","false","Cosmos Lac Easy Max CL 826 RAL 8004 Copper Brown","1","H1:Cosmos Lac Easy Max CL 826 RAL 8004 Copper Brown | H2:Dostupne boje | H2:Treba vam savet pri izboru proizvoda? | H2:Katalog | H2:Brendovi | H2:Podrška | H2:Kontakt","sr-Latn","Cosmos Lac Easy Max CL 826 RAL 8004 Copper Brown | Carsystem i R-M Inđija","Easy Max CL-826 RAL 8004 Copper Brown u Cosmos Lac katalogu. Proverite namenu i pošaljite upit Carsystem i R-M timu.","","summary","Cosmos Lac Easy Max CL 826 RAL 8004 Copper Brown | Carsystem i R-M Inđija","Easy Max CL-826 RAL 8004 Copper Brown u Cosmos Lac katalogu. Proverite namenu i pošaljite upit Carsystem i R-M timu.","","Brand | BreadcrumbList | ListItem | Product","true","86","1","","54","0","54","true","false"
"/proizvodi/cosmos-lac-easy-max-cl-830-ral-8003-400-ml-easy-max-ral-8003-830-clay-brown","200","true","","Cosmos Lac Easy Max CL 830 RAL 8003 Clay Brown | Carsystem i R-M Inđija","71","1","Easy Max CL-830 RAL 8003 Clay Brown u Cosmos Lac katalogu. Proverite namenu i pošaljite upit Carsystem i R-M timu.","114","1","http://localhost:3000/proizvodi/cosmos-lac-easy-max-cl-830-ral-8003-400-ml-easy-max-ral-8003-830-clay-brown","200","false","Cosmos Lac Easy Max CL 830 RAL 8003 Clay Brown","1","H1:Cosmos Lac Easy Max CL 830 RAL 8003 Clay Brown | H2:Dostupne boje | H2:Treba vam savet pri izboru proizvoda? | H2:Katalog | H2:Brendovi | H2:Podrška | H2:Kontakt","sr-Latn","Cosmos Lac Easy Max CL 830 RAL 8003 Clay Brown | Carsystem i R-M Inđija","Easy Max CL-830 RAL 8003 Clay Brown u Cosmos Lac katalogu. Proverite namenu i pošaljite upit Carsystem i R-M timu.","","summary","Cosmos Lac Easy Max CL 830 RAL 8003 Clay Brown | Carsystem i R-M Inđija","Easy Max CL-830 RAL 8003 Clay Brown u Cosmos Lac katalogu. Proverite namenu i pošaljite upit Carsystem i R-M timu.","","Brand | BreadcrumbList | ListItem | Product","true","86","1","","54","0","54","true","false"
"/proizvodi/cosmos-lac-easy-max-cl-831-ral-2010-400-ml-easy-max-ral-2010-831-orange","200","true","","Cosmos Lac Easy Max CL 831 RAL 2010 Orange | Carsystem i R-M Inđija","67","1","Easy Max CL-831 RAL 2010 Orange u Cosmos Lac katalogu. Proverite namenu i pošaljite upit Carsystem i R-M timu.","110","1","http://localhost:3000/proizvodi/cosmos-lac-easy-max-cl-831-ral-2010-400-ml-easy-max-ral-2010-831-orange","200","false","Cosmos Lac Easy Max CL 831 RAL 2010 Orange","1","H1:Cosmos Lac Easy Max CL 831 RAL 2010 Orange | H2:Dostupne boje | H2:Treba vam savet pri izboru proizvoda? | H2:Katalog | H2:Brendovi | H2:Podrška | H2:Kontakt","sr-Latn","Cosmos Lac Easy Max CL 831 RAL 2010 Orange | Carsystem i R-M Inđija","Easy Max CL-831 RAL 2010 Orange u Cosmos Lac katalogu. Proverite namenu i pošaljite upit Carsystem i R-M timu.","","summary","Cosmos Lac Easy Max CL 831 RAL 2010 Orange | Carsystem i R-M Inđija","Easy Max CL-831 RAL 2010 Orange u Cosmos Lac katalogu. Proverite namenu i pošaljite upit Carsystem i R-M timu.","","Brand | BreadcrumbList | ListItem | Product","true","86","1","","54","0","54","true","false"
"/proizvodi/cosmos-lac-easy-max-cl-860-ral-6018-400-ml-easy-max-ral-6018-860-green","200","true","","Cosmos Lac Easy Max CL 860 RAL 6018 Green | Carsystem i R-M Inđija","66","1","Easy Max CL-860 RAL 6018 Green u Cosmos Lac katalogu. Proverite namenu i pošaljite upit Carsystem i R-M timu.","109","1","http://localhost:3000/proizvodi/cosmos-lac-easy-max-cl-860-ral-6018-400-ml-easy-max-ral-6018-860-green","200","false","Cosmos Lac Easy Max CL 860 RAL 6018 Green","1","H1:Cosmos Lac Easy Max CL 860 RAL 6018 Green | H2:Dostupne boje | H2:Treba vam savet pri izboru proizvoda? | H2:Katalog | H2:Brendovi | H2:Podrška | H2:Kontakt","sr-Latn","Cosmos Lac Easy Max CL 860 RAL 6018 Green | Carsystem i R-M Inđija","Easy Max CL-860 RAL 6018 Green u Cosmos Lac katalogu. Proverite namenu i pošaljite upit Carsystem i R-M timu.","","summary","Cosmos Lac Easy Max CL 860 RAL 6018 Green | Carsystem i R-M Inđija","Easy Max CL-860 RAL 6018 Green u Cosmos Lac katalogu. Proverite namenu i pošaljite upit Carsystem i R-M timu.","","Brand | BreadcrumbList | ListItem | Product","true","86","1","","54","0","54","true","false"
"/proizvodi/cosmos-lac-easy-max-cl-861-ral-6005-400-ml-easy-max-ral-6005-861-moss-green","200","true","","Cosmos Lac Easy Max CL 861 RAL 6005 Moss Green | Carsystem i R-M Inđija","71","1","Easy Max CL-861 RAL 6005 Moss Green u Cosmos Lac katalogu. Proverite namenu i pošaljite upit Carsystem i R-M timu.","114","1","http://localhost:3000/proizvodi/cosmos-lac-easy-max-cl-861-ral-6005-400-ml-easy-max-ral-6005-861-moss-green","200","false","Cosmos Lac Easy Max CL 861 RAL 6005 Moss Green","1","H1:Cosmos Lac Easy Max CL 861 RAL 6005 Moss Green | H2:Dostupne boje | H2:Treba vam savet pri izboru proizvoda? | H2:Katalog | H2:Brendovi | H2:Podrška | H2:Kontakt","sr-Latn","Cosmos Lac Easy Max CL 861 RAL 6005 Moss Green | Carsystem i R-M Inđija","Easy Max CL-861 RAL 6005 Moss Green u Cosmos Lac katalogu. Proverite namenu i pošaljite upit Carsystem i R-M timu.","","summary","Cosmos Lac Easy Max CL 861 RAL 6005 Moss Green | Carsystem i R-M Inđija","Easy Max CL-861 RAL 6005 Moss Green u Cosmos Lac katalogu. Proverite namenu i pošaljite upit Carsystem i R-M timu.","","Brand | BreadcrumbList | ListItem | Product","true","86","1","","54","0","54","true","false"
"/proizvodi/cosmos-lac-easy-max-cl-868-ral-4010-400-ml-easy-max-ral-4010-868-magenta","200","true","","Cosmos Lac Easy Max CL 868 RAL 4010 Magenta | Carsystem i R-M Inđija","68","1","Easy Max CL-868 RAL 4010 Magenta u Cosmos Lac katalogu. Proverite namenu i pošaljite upit Carsystem i R-M timu.","111","1","http://localhost:3000/proizvodi/cosmos-lac-easy-max-cl-868-ral-4010-400-ml-easy-max-ral-4010-868-magenta","200","false","Cosmos Lac Easy Max CL 868 RAL 4010 Magenta","1","H1:Cosmos Lac Easy Max CL 868 RAL 4010 Magenta | H2:Dostupne boje | H2:Treba vam savet pri izboru proizvoda? | H2:Katalog | H2:Brendovi | H2:Podrška | H2:Kontakt","sr-Latn","Cosmos Lac Easy Max CL 868 RAL 4010 Magenta | Carsystem i R-M Inđija","Easy Max CL-868 RAL 4010 Magenta u Cosmos Lac katalogu. Proverite namenu i pošaljite upit Carsystem i R-M timu.","","summary","Cosmos Lac Easy Max CL 868 RAL 4010 Magenta | Carsystem i R-M Inđija","Easy Max CL-868 RAL 4010 Magenta u Cosmos Lac katalogu. Proverite namenu i pošaljite upit Carsystem i R-M timu.","","Brand | BreadcrumbList | ListItem | Product","true","86","1","","54","0","54","true","false"
"/proizvodi/cosmos-lac-easy-max-cl-870-ral-4005-400-ml-easy-max-ral-4005-870-blue-lilac","200","true","","Cosmos Lac Easy Max CL 870 RAL 4005 Blue Lilac | Carsystem i R-M Inđija","71","1","Easy Max CL-870 RAL 4005 Blue Lilac u Cosmos Lac katalogu. Proverite namenu i pošaljite upit Carsystem i R-M timu.","114","1","http://localhost:3000/proizvodi/cosmos-lac-easy-max-cl-870-ral-4005-400-ml-easy-max-ral-4005-870-blue-lilac","200","false","Cosmos Lac Easy Max CL 870 RAL 4005 Blue Lilac","1","H1:Cosmos Lac Easy Max CL 870 RAL 4005 Blue Lilac | H2:Dostupne boje | H2:Treba vam savet pri izboru proizvoda? | H2:Katalog | H2:Brendovi | H2:Podrška | H2:Kontakt","sr-Latn","Cosmos Lac Easy Max CL 870 RAL 4005 Blue Lilac | Carsystem i R-M Inđija","Easy Max CL-870 RAL 4005 Blue Lilac u Cosmos Lac katalogu. Proverite namenu i pošaljite upit Carsystem i R-M timu.","","summary","Cosmos Lac Easy Max CL 870 RAL 4005 Blue Lilac | Carsystem i R-M Inđija","Easy Max CL-870 RAL 4005 Blue Lilac u Cosmos Lac katalogu. Proverite namenu i pošaljite upit Carsystem i R-M timu.","","Brand | BreadcrumbList | ListItem | Product","true","86","1","","54","0","54","true","false"
"/proizvodi/cosmos-lac-easy-max-cl-871-400-ml-easy-max-871-pastel-beige","200","true","","Cosmos Lac Easy Max CL 871 Pastel Beige | Carsystem i R-M Inđija","64","1","Easy Max CL-871 Pastel Beige u Cosmos Lac katalogu. Proverite namenu i pošaljite upit Carsystem i R-M timu.","107","1","http://localhost:3000/proizvodi/cosmos-lac-easy-max-cl-871-400-ml-easy-max-871-pastel-beige","200","false","Cosmos Lac Easy Max CL 871 Pastel Beige","1","H1:Cosmos Lac Easy Max CL 871 Pastel Beige | H2:Dostupne boje | H2:Treba vam savet pri izboru proizvoda? | H2:Katalog | H2:Brendovi | H2:Podrška | H2:Kontakt","sr-Latn","Cosmos Lac Easy Max CL 871 Pastel Beige | Carsystem i R-M Inđija","Easy Max CL-871 Pastel Beige u Cosmos Lac katalogu. Proverite namenu i pošaljite upit Carsystem i R-M timu.","","summary","Cosmos Lac Easy Max CL 871 Pastel Beige | Carsystem i R-M Inđija","Easy Max CL-871 Pastel Beige u Cosmos Lac katalogu. Proverite namenu i pošaljite upit Carsystem i R-M timu.","","Brand | BreadcrumbList | ListItem | Product","true","86","1","","54","0","54","true","false"
"/proizvodi/cosmos-lac-easy-max-cl-872-400-ml-easy-max-872-pastel-pink","200","true","","Cosmos Lac Easy Max CL 872 Pastel Pink | Carsystem i R-M Inđija","63","1","Easy Max CL-872 Pastel Pink u Cosmos Lac katalogu. Proverite namenu i pošaljite upit Carsystem i R-M timu.","106","1","http://localhost:3000/proizvodi/cosmos-lac-easy-max-cl-872-400-ml-easy-max-872-pastel-pink","200","false","Cosmos Lac Easy Max CL 872 Pastel Pink","1","H1:Cosmos Lac Easy Max CL 872 Pastel Pink | H2:Dostupne boje | H2:Treba vam savet pri izboru proizvoda? | H2:Katalog | H2:Brendovi | H2:Podrška | H2:Kontakt","sr-Latn","Cosmos Lac Easy Max CL 872 Pastel Pink | Carsystem i R-M Inđija","Easy Max CL-872 Pastel Pink u Cosmos Lac katalogu. Proverite namenu i pošaljite upit Carsystem i R-M timu.","","summary","Cosmos Lac Easy Max CL 872 Pastel Pink | Carsystem i R-M Inđija","Easy Max CL-872 Pastel Pink u Cosmos Lac katalogu. Proverite namenu i pošaljite upit Carsystem i R-M timu.","","Brand | BreadcrumbList | ListItem | Product","true","86","1","","54","0","54","true","false"
"/proizvodi/cosmos-lac-easy-max-cl-873-400-ml-easy-max-873-pastel-green","200","true","","Cosmos Lac Easy Max CL 873 Pastel Green | Carsystem i R-M Inđija","64","1","Easy Max CL-873 Pastel Green u Cosmos Lac katalogu. Proverite namenu i pošaljite upit Carsystem i R-M timu.","107","1","http://localhost:3000/proizvodi/cosmos-lac-easy-max-cl-873-400-ml-easy-max-873-pastel-green","200","false","Cosmos Lac Easy Max CL 873 Pastel Green","1","H1:Cosmos Lac Easy Max CL 873 Pastel Green | H2:Dostupne boje | H2:Treba vam savet pri izboru proizvoda? | H2:Katalog | H2:Brendovi | H2:Podrška | H2:Kontakt","sr-Latn","Cosmos Lac Easy Max CL 873 Pastel Green | Carsystem i R-M Inđija","Easy Max CL-873 Pastel Green u Cosmos Lac katalogu. Proverite namenu i pošaljite upit Carsystem i R-M timu.","","summary","Cosmos Lac Easy Max CL 873 Pastel Green | Carsystem i R-M Inđija","Easy Max CL-873 Pastel Green u Cosmos Lac katalogu. Proverite namenu i pošaljite upit Carsystem i R-M timu.","","Brand | BreadcrumbList | ListItem | Product","true","86","1","","54","0","54","true","false"
"/proizvodi/cosmos-lac-easy-max-cl-874-400-ml-easy-max-874-pastel-yellow","200","true","","Cosmos Lac Easy Max CL 874 Pastel Yellow | Carsystem i R-M Inđija","65","1","Easy Max CL-874 Pastel Yellow u Cosmos Lac katalogu. Proverite namenu i pošaljite upit Carsystem i R-M timu.","108","1","http://localhost:3000/proizvodi/cosmos-lac-easy-max-cl-874-400-ml-easy-max-874-pastel-yellow","200","false","Cosmos Lac Easy Max CL 874 Pastel Yellow","1","H1:Cosmos Lac Easy Max CL 874 Pastel Yellow | H2:Dostupne boje | H2:Treba vam savet pri izboru proizvoda? | H2:Katalog | H2:Brendovi | H2:Podrška | H2:Kontakt","sr-Latn","Cosmos Lac Easy Max CL 874 Pastel Yellow | Carsystem i R-M Inđija","Easy Max CL-874 Pastel Yellow u Cosmos Lac katalogu. Proverite namenu i pošaljite upit Carsystem i R-M timu.","","summary","Cosmos Lac Easy Max CL 874 Pastel Yellow | Carsystem i R-M Inđija","Easy Max CL-874 Pastel Yellow u Cosmos Lac katalogu. Proverite namenu i pošaljite upit Carsystem i R-M timu.","","Brand | BreadcrumbList | ListItem | Product","true","86","1","","54","0","54","true","false"
"/proizvodi/cosmos-lac-easy-max-cl-875-400-ml-easy-max-875-pastel-blue","200","true","","Cosmos Lac Easy Max CL 875 Pastel Blue | Carsystem i R-M Inđija","63","1","Easy Max CL-875 Pastel Blue u Cosmos Lac katalogu. Proverite namenu i pošaljite upit Carsystem i R-M timu.","106","1","http://localhost:3000/proizvodi/cosmos-lac-easy-max-cl-875-400-ml-easy-max-875-pastel-blue","200","false","Cosmos Lac Easy Max CL 875 Pastel Blue","1","H1:Cosmos Lac Easy Max CL 875 Pastel Blue | H2:Dostupne boje | H2:Treba vam savet pri izboru proizvoda? | H2:Katalog | H2:Brendovi | H2:Podrška | H2:Kontakt","sr-Latn","Cosmos Lac Easy Max CL 875 Pastel Blue | Carsystem i R-M Inđija","Easy Max CL-875 Pastel Blue u Cosmos Lac katalogu. Proverite namenu i pošaljite upit Carsystem i R-M timu.","","summary","Cosmos Lac Easy Max CL 875 Pastel Blue | Carsystem i R-M Inđija","Easy Max CL-875 Pastel Blue u Cosmos Lac katalogu. Proverite namenu i pošaljite upit Carsystem i R-M timu.","","Brand | BreadcrumbList | ListItem | Product","true","86","1","","54","0","54","true","false"
"/proizvodi/cosmos-lac-easy-max-cl-876-400-ml-easy-max-876-pastel-mocca","200","true","","Cosmos Lac Easy Max CL 876 Pastel Mocca | Carsystem i R-M Inđija","64","1","Easy Max CL-876 Pastel Mocca u Cosmos Lac katalogu. Proverite namenu i pošaljite upit Carsystem i R-M timu.","107","1","http://localhost:3000/proizvodi/cosmos-lac-easy-max-cl-876-400-ml-easy-max-876-pastel-mocca","200","false","Cosmos Lac Easy Max CL 876 Pastel Mocca","1","H1:Cosmos Lac Easy Max CL 876 Pastel Mocca | H2:Dostupne boje | H2:Treba vam savet pri izboru proizvoda? | H2:Katalog | H2:Brendovi | H2:Podrška | H2:Kontakt","sr-Latn","Cosmos Lac Easy Max CL 876 Pastel Mocca | Carsystem i R-M Inđija","Easy Max CL-876 Pastel Mocca u Cosmos Lac katalogu. Proverite namenu i pošaljite upit Carsystem i R-M timu.","","summary","Cosmos Lac Easy Max CL 876 Pastel Mocca | Carsystem i R-M Inđija","Easy Max CL-876 Pastel Mocca u Cosmos Lac katalogu. Proverite namenu i pošaljite upit Carsystem i R-M timu.","","Brand | BreadcrumbList | ListItem | Product","true","86","1","","54","0","54","true","false"
"/proizvodi/cosmos-lac-easy-max-cl-900-400-ml-easy-max-metallic-900-pewter-silver","200","true","","Cosmos Lac Easy Max CL 900 Pewter Silver | Carsystem i R-M Inđija","65","1","Easy Max CL-900 Pewter Silver u Cosmos Lac katalogu. Proverite namenu i pošaljite upit Carsystem i R-M timu.","108","1","http://localhost:3000/proizvodi/cosmos-lac-easy-max-cl-900-400-ml-easy-max-metallic-900-pewter-silver","200","false","Cosmos Lac Easy Max CL 900 Pewter Silver","1","H1:Cosmos Lac Easy Max CL 900 Pewter Silver | H2:Dostupne boje | H2:Treba vam savet pri izboru proizvoda? | H2:Katalog | H2:Brendovi | H2:Podrška | H2:Kontakt","sr-Latn","Cosmos Lac Easy Max CL 900 Pewter Silver | Carsystem i R-M Inđija","Easy Max CL-900 Pewter Silver u Cosmos Lac katalogu. Proverite namenu i pošaljite upit Carsystem i R-M timu.","","summary","Cosmos Lac Easy Max CL 900 Pewter Silver | Carsystem i R-M Inđija","Easy Max CL-900 Pewter Silver u Cosmos Lac katalogu. Proverite namenu i pošaljite upit Carsystem i R-M timu.","","Brand | BreadcrumbList | ListItem | Product","true","86","1","","54","0","54","true","false"
"/proizvodi/cosmos-lac-easy-max-cl-901-400-ml-easy-max-metallic-901-gold","200","true","","Cosmos Lac Easy Max CL 901 Gold | Carsystem i R-M Inđija","56","1","Easy Max CL-901 Gold u Cosmos Lac katalogu. Proverite namenu i pošaljite upit Carsystem i R-M timu.","99","1","http://localhost:3000/proizvodi/cosmos-lac-easy-max-cl-901-400-ml-easy-max-metallic-901-gold","200","false","Cosmos Lac Easy Max CL 901 Gold","1","H1:Cosmos Lac Easy Max CL 901 Gold | H2:Dostupne boje | H2:Treba vam savet pri izboru proizvoda? | H2:Katalog | H2:Brendovi | H2:Podrška | H2:Kontakt","sr-Latn","Cosmos Lac Easy Max CL 901 Gold | Carsystem i R-M Inđija","Easy Max CL-901 Gold u Cosmos Lac katalogu. Proverite namenu i pošaljite upit Carsystem i R-M timu.","","summary","Cosmos Lac Easy Max CL 901 Gold | Carsystem i R-M Inđija","Easy Max CL-901 Gold u Cosmos Lac katalogu. Proverite namenu i pošaljite upit Carsystem i R-M timu.","","Brand | BreadcrumbList | ListItem | Product","true","86","1","","54","0","54","true","false"
"/proizvodi/cosmos-lac-easy-max-cl-902-400-ml-easy-max-metallic-902-bronze","200","true","","Cosmos Lac Easy Max CL 902 Bronze | Carsystem i R-M Inđija","58","1","Easy Max CL-902 Bronze u Cosmos Lac katalogu. Proverite namenu i pošaljite upit Carsystem i R-M timu.","101","1","http://localhost:3000/proizvodi/cosmos-lac-easy-max-cl-902-400-ml-easy-max-metallic-902-bronze","200","false","Cosmos Lac Easy Max CL 902 Bronze","1","H1:Cosmos Lac Easy Max CL 902 Bronze | H2:Dostupne boje | H2:Treba vam savet pri izboru proizvoda? | H2:Katalog | H2:Brendovi | H2:Podrška | H2:Kontakt","sr-Latn","Cosmos Lac Easy Max CL 902 Bronze | Carsystem i R-M Inđija","Easy Max CL-902 Bronze u Cosmos Lac katalogu. Proverite namenu i pošaljite upit Carsystem i R-M timu.","","summary","Cosmos Lac Easy Max CL 902 Bronze | Carsystem i R-M Inđija","Easy Max CL-902 Bronze u Cosmos Lac katalogu. Proverite namenu i pošaljite upit Carsystem i R-M timu.","","Brand | BreadcrumbList | ListItem | Product","true","86","1","","54","0","54","true","false"
"/proizvodi/cosmos-lac-easy-max-cl-903-400-ml-easy-max-metallic-903-copper","200","true","","Cosmos Lac Easy Max CL 903 Copper | Carsystem i R-M Inđija","58","1","Easy Max CL-903 Copper u Cosmos Lac katalogu. Proverite namenu i pošaljite upit Carsystem i R-M timu.","101","1","http://localhost:3000/proizvodi/cosmos-lac-easy-max-cl-903-400-ml-easy-max-metallic-903-copper","200","false","Cosmos Lac Easy Max CL 903 Copper","1","H1:Cosmos Lac Easy Max CL 903 Copper | H2:Dostupne boje | H2:Treba vam savet pri izboru proizvoda? | H2:Katalog | H2:Brendovi | H2:Podrška | H2:Kontakt","sr-Latn","Cosmos Lac Easy Max CL 903 Copper | Carsystem i R-M Inđija","Easy Max CL-903 Copper u Cosmos Lac katalogu. Proverite namenu i pošaljite upit Carsystem i R-M timu.","","summary","Cosmos Lac Easy Max CL 903 Copper | Carsystem i R-M Inđija","Easy Max CL-903 Copper u Cosmos Lac katalogu. Proverite namenu i pošaljite upit Carsystem i R-M timu.","","Brand | BreadcrumbList | ListItem | Product","true","86","1","","54","0","54","true","false"
"/proizvodi/cosmos-lac-easy-max-cl-910-400-ml-easy-max-glitter-910-silver","200","true","","Cosmos Lac Easy Max CL 910 Silver | Carsystem i R-M Inđija","58","1","Easy Max CL-910 Silver u Cosmos Lac katalogu. Proverite namenu i pošaljite upit Carsystem i R-M timu.","101","1","http://localhost:3000/proizvodi/cosmos-lac-easy-max-cl-910-400-ml-easy-max-glitter-910-silver","200","false","Cosmos Lac Easy Max CL 910 Silver","1","H1:Cosmos Lac Easy Max CL 910 Silver | H2:Dostupne boje | H2:Treba vam savet pri izboru proizvoda? | H2:Katalog | H2:Brendovi | H2:Podrška | H2:Kontakt","sr-Latn","Cosmos Lac Easy Max CL 910 Silver | Carsystem i R-M Inđija","Easy Max CL-910 Silver u Cosmos Lac katalogu. Proverite namenu i pošaljite upit Carsystem i R-M timu.","","summary","Cosmos Lac Easy Max CL 910 Silver | Carsystem i R-M Inđija","Easy Max CL-910 Silver u Cosmos Lac katalogu. Proverite namenu i pošaljite upit Carsystem i R-M timu.","","Brand | BreadcrumbList | ListItem | Product","true","86","1","","54","0","54","true","false"
"/proizvodi/cosmos-lac-easy-max-cl-911-400-ml-easy-max-glitter-911-gold","200","true","","Cosmos Lac Easy Max CL 911 Gold | Carsystem i R-M Inđija","56","1","Easy Max CL-911 Gold u Cosmos Lac katalogu. Proverite namenu i pošaljite upit Carsystem i R-M timu.","99","1","http://localhost:3000/proizvodi/cosmos-lac-easy-max-cl-911-400-ml-easy-max-glitter-911-gold","200","false","Cosmos Lac Easy Max CL 911 Gold","1","H1:Cosmos Lac Easy Max CL 911 Gold | H2:Dostupne boje | H2:Treba vam savet pri izboru proizvoda? | H2:Katalog | H2:Brendovi | H2:Podrška | H2:Kontakt","sr-Latn","Cosmos Lac Easy Max CL 911 Gold | Carsystem i R-M Inđija","Easy Max CL-911 Gold u Cosmos Lac katalogu. Proverite namenu i pošaljite upit Carsystem i R-M timu.","","summary","Cosmos Lac Easy Max CL 911 Gold | Carsystem i R-M Inđija","Easy Max CL-911 Gold u Cosmos Lac katalogu. Proverite namenu i pošaljite upit Carsystem i R-M timu.","","Brand | BreadcrumbList | ListItem | Product","true","86","1","","54","0","54","true","false"
"/proizvodi/cosmos-lac-easy-max-cl-920-400-ml-easy-max-marble-effect-920-white","200","true","","Cosmos Lac Easy Max CL 920 White | Carsystem i R-M Inđija","57","1","Easy Max CL-920 White u Cosmos Lac katalogu. Proverite namenu i pošaljite upit Carsystem i R-M timu.","100","1","http://localhost:3000/proizvodi/cosmos-lac-easy-max-cl-920-400-ml-easy-max-marble-effect-920-white","200","false","Cosmos Lac Easy Max CL 920 White","1","H1:Cosmos Lac Easy Max CL 920 White | H2:Dostupne boje | H2:Treba vam savet pri izboru proizvoda? | H2:Katalog | H2:Brendovi | H2:Podrška | H2:Kontakt","sr-Latn","Cosmos Lac Easy Max CL 920 White | Carsystem i R-M Inđija","Easy Max CL-920 White u Cosmos Lac katalogu. Proverite namenu i pošaljite upit Carsystem i R-M timu.","","summary","Cosmos Lac Easy Max CL 920 White | Carsystem i R-M Inđija","Easy Max CL-920 White u Cosmos Lac katalogu. Proverite namenu i pošaljite upit Carsystem i R-M timu.","","Brand | BreadcrumbList | ListItem | Product","true","86","1","","54","0","54","true","false"
"/proizvodi/cosmos-lac-easy-max-cl-921-400-ml-easy-max-marble-effect-921-black","200","true","","Cosmos Lac Easy Max CL 921 Black | Carsystem i R-M Inđija","57","1","Easy Max CL-921 Black u Cosmos Lac katalogu. Proverite namenu i pošaljite upit Carsystem i R-M timu.","100","1","http://localhost:3000/proizvodi/cosmos-lac-easy-max-cl-921-400-ml-easy-max-marble-effect-921-black","200","false","Cosmos Lac Easy Max CL 921 Black","1","H1:Cosmos Lac Easy Max CL 921 Black | H2:Dostupne boje | H2:Treba vam savet pri izboru proizvoda? | H2:Katalog | H2:Brendovi | H2:Podrška | H2:Kontakt","sr-Latn","Cosmos Lac Easy Max CL 921 Black | Carsystem i R-M Inđija","Easy Max CL-921 Black u Cosmos Lac katalogu. Proverite namenu i pošaljite upit Carsystem i R-M timu.","","summary","Cosmos Lac Easy Max CL 921 Black | Carsystem i R-M Inđija","Easy Max CL-921 Black u Cosmos Lac katalogu. Proverite namenu i pošaljite upit Carsystem i R-M timu.","","Brand | BreadcrumbList | ListItem | Product","true","86","1","","54","0","54","true","false"
"/proizvodi/cosmos-lac-easy-max-cl-922-400-ml-easy-max-marble-effect-922-gold","200","true","","Cosmos Lac Easy Max CL 922 Gold | Carsystem i R-M Inđija","56","1","Easy Max CL-922 Gold u Cosmos Lac katalogu. Proverite namenu i pošaljite upit Carsystem i R-M timu.","99","1","http://localhost:3000/proizvodi/cosmos-lac-easy-max-cl-922-400-ml-easy-max-marble-effect-922-gold","200","false","Cosmos Lac Easy Max CL 922 Gold","1","H1:Cosmos Lac Easy Max CL 922 Gold | H2:Dostupne boje | H2:Treba vam savet pri izboru proizvoda? | H2:Katalog | H2:Brendovi | H2:Podrška | H2:Kontakt","sr-Latn","Cosmos Lac Easy Max CL 922 Gold | Carsystem i R-M Inđija","Easy Max CL-922 Gold u Cosmos Lac katalogu. Proverite namenu i pošaljite upit Carsystem i R-M timu.","","summary","Cosmos Lac Easy Max CL 922 Gold | Carsystem i R-M Inđija","Easy Max CL-922 Gold u Cosmos Lac katalogu. Proverite namenu i pošaljite upit Carsystem i R-M timu.","","Brand | BreadcrumbList | ListItem | Product","true","86","1","","54","0","54","true","false"
"/proizvodi/cosmos-lac-easy-max-cl-923-400-ml-easy-max-marble-effect-923-silver","200","true","","Cosmos Lac Easy Max CL 923 Silver | Carsystem i R-M Inđija","58","1","Easy Max CL-923 Silver u Cosmos Lac katalogu. Proverite namenu i pošaljite upit Carsystem i R-M timu.","101","1","http://localhost:3000/proizvodi/cosmos-lac-easy-max-cl-923-400-ml-easy-max-marble-effect-923-silver","200","false","Cosmos Lac Easy Max CL 923 Silver","1","H1:Cosmos Lac Easy Max CL 923 Silver | H2:Dostupne boje | H2:Treba vam savet pri izboru proizvoda? | H2:Katalog | H2:Brendovi | H2:Podrška | H2:Kontakt","sr-Latn","Cosmos Lac Easy Max CL 923 Silver | Carsystem i R-M Inđija","Easy Max CL-923 Silver u Cosmos Lac katalogu. Proverite namenu i pošaljite upit Carsystem i R-M timu.","","summary","Cosmos Lac Easy Max CL 923 Silver | Carsystem i R-M Inđija","Easy Max CL-923 Silver u Cosmos Lac katalogu. Proverite namenu i pošaljite upit Carsystem i R-M timu.","","Brand | BreadcrumbList | ListItem | Product","true","86","1","","54","0","54","true","false"
"/proizvodi/cosmos-lac-easy-max-cl-930-400-ml-easy-max-granite-effect-930-grey","200","true","","Cosmos Lac Easy Max CL 930 Grey | Carsystem i R-M Inđija","56","1","Easy Max CL-930 Grey u Cosmos Lac katalogu. Proverite namenu i pošaljite upit Carsystem i R-M timu.","99","1","http://localhost:3000/proizvodi/cosmos-lac-easy-max-cl-930-400-ml-easy-max-granite-effect-930-grey","200","false","Cosmos Lac Easy Max CL 930 Grey","1","H1:Cosmos Lac Easy Max CL 930 Grey | H2:Dostupne boje | H2:Treba vam savet pri izboru proizvoda? | H2:Katalog | H2:Brendovi | H2:Podrška | H2:Kontakt","sr-Latn","Cosmos Lac Easy Max CL 930 Grey | Carsystem i R-M Inđija","Easy Max CL-930 Grey u Cosmos Lac katalogu. Proverite namenu i pošaljite upit Carsystem i R-M timu.","","summary","Cosmos Lac Easy Max CL 930 Grey | Carsystem i R-M Inđija","Easy Max CL-930 Grey u Cosmos Lac katalogu. Proverite namenu i pošaljite upit Carsystem i R-M timu.","","Brand | BreadcrumbList | ListItem | Product","true","86","1","","54","0","54","true","false"
"/proizvodi/cosmos-lac-easy-max-cl-931-400-ml-easy-max-granite-effect-931-beige","200","true","","Cosmos Lac Easy Max CL 931 Beige | Carsystem i R-M Inđija","57","1","Easy Max CL-931 Beige u Cosmos Lac katalogu. Proverite namenu i pošaljite upit Carsystem i R-M timu.","100","1","http://localhost:3000/proizvodi/cosmos-lac-easy-max-cl-931-400-ml-easy-max-granite-effect-931-beige","200","false","Cosmos Lac Easy Max CL 931 Beige","1","H1:Cosmos Lac Easy Max CL 931 Beige | H2:Dostupne boje | H2:Treba vam savet pri izboru proizvoda? | H2:Katalog | H2:Brendovi | H2:Podrška | H2:Kontakt","sr-Latn","Cosmos Lac Easy Max CL 931 Beige | Carsystem i R-M Inđija","Easy Max CL-931 Beige u Cosmos Lac katalogu. Proverite namenu i pošaljite upit Carsystem i R-M timu.","","summary","Cosmos Lac Easy Max CL 931 Beige | Carsystem i R-M Inđija","Easy Max CL-931 Beige u Cosmos Lac katalogu. Proverite namenu i pošaljite upit Carsystem i R-M timu.","","Brand | BreadcrumbList | ListItem | Product","true","86","1","","54","0","54","true","false"
"/proizvodi/cosmos-lac-easy-max-cl-932-400-ml-easy-max-granite-effect-932-terraccota","200","true","","Cosmos Lac Easy Max CL 932 Terraccota | Carsystem i R-M Inđija","62","1","Easy Max CL-932 Terraccota u Cosmos Lac katalogu. Proverite namenu i pošaljite upit Carsystem i R-M timu.","105","1","http://localhost:3000/proizvodi/cosmos-lac-easy-max-cl-932-400-ml-easy-max-granite-effect-932-terraccota","200","false","Cosmos Lac Easy Max CL 932 Terraccota","1","H1:Cosmos Lac Easy Max CL 932 Terraccota | H2:Dostupne boje | H2:Treba vam savet pri izboru proizvoda? | H2:Katalog | H2:Brendovi | H2:Podrška | H2:Kontakt","sr-Latn","Cosmos Lac Easy Max CL 932 Terraccota | Carsystem i R-M Inđija","Easy Max CL-932 Terraccota u Cosmos Lac katalogu. Proverite namenu i pošaljite upit Carsystem i R-M timu.","","summary","Cosmos Lac Easy Max CL 932 Terraccota | Carsystem i R-M Inđija","Easy Max CL-932 Terraccota u Cosmos Lac katalogu. Proverite namenu i pošaljite upit Carsystem i R-M timu.","","Brand | BreadcrumbList | ListItem | Product","true","86","1","","54","0","54","true","false"
"/proizvodi/cosmos-lac-easy-max-cl-933-400-ml-easy-max-granite-effect-933-black","200","true","","Cosmos Lac Easy Max CL 933 Black | Carsystem i R-M Inđija","57","1","Easy Max CL-933 Black u Cosmos Lac katalogu. Proverite namenu i pošaljite upit Carsystem i R-M timu.","100","1","http://localhost:3000/proizvodi/cosmos-lac-easy-max-cl-933-400-ml-easy-max-granite-effect-933-black","200","false","Cosmos Lac Easy Max CL 933 Black","1","H1:Cosmos Lac Easy Max CL 933 Black | H2:Dostupne boje | H2:Treba vam savet pri izboru proizvoda? | H2:Katalog | H2:Brendovi | H2:Podrška | H2:Kontakt","sr-Latn","Cosmos Lac Easy Max CL 933 Black | Carsystem i R-M Inđija","Easy Max CL-933 Black u Cosmos Lac katalogu. Proverite namenu i pošaljite upit Carsystem i R-M timu.","","summary","Cosmos Lac Easy Max CL 933 Black | Carsystem i R-M Inđija","Easy Max CL-933 Black u Cosmos Lac katalogu. Proverite namenu i pošaljite upit Carsystem i R-M timu.","","Brand | BreadcrumbList | ListItem | Product","true","86","1","","54","0","54","true","false"
"/proizvodi/cosmos-lac-easy-max-cl-940-400-ml-easy-max-sand-effect-940-beige","200","true","","Cosmos Lac Easy Max CL 940 Beige | Carsystem i R-M Inđija","57","1","Easy Max CL-940 Beige u Cosmos Lac katalogu. Proverite namenu i pošaljite upit Carsystem i R-M timu.","100","1","http://localhost:3000/proizvodi/cosmos-lac-easy-max-cl-940-400-ml-easy-max-sand-effect-940-beige","200","false","Cosmos Lac Easy Max CL 940 Beige","1","H1:Cosmos Lac Easy Max CL 940 Beige | H2:Dostupne boje | H2:Treba vam savet pri izboru proizvoda? | H2:Katalog | H2:Brendovi | H2:Podrška | H2:Kontakt","sr-Latn","Cosmos Lac Easy Max CL 940 Beige | Carsystem i R-M Inđija","Easy Max CL-940 Beige u Cosmos Lac katalogu. Proverite namenu i pošaljite upit Carsystem i R-M timu.","","summary","Cosmos Lac Easy Max CL 940 Beige | Carsystem i R-M Inđija","Easy Max CL-940 Beige u Cosmos Lac katalogu. Proverite namenu i pošaljite upit Carsystem i R-M timu.","","Brand | BreadcrumbList | ListItem | Product","true","86","1","","54","0","54","true","false"
"/proizvodi/cosmos-lac-easy-max-cl-941-400-ml-easy-max-sand-effect-941-grey","200","true","","Cosmos Lac Easy Max CL 941 Grey | Carsystem i R-M Inđija","56","1","Easy Max CL-941 Grey u Cosmos Lac katalogu. Proverite namenu i pošaljite upit Carsystem i R-M timu.","99","1","http://localhost:3000/proizvodi/cosmos-lac-easy-max-cl-941-400-ml-easy-max-sand-effect-941-grey","200","false","Cosmos Lac Easy Max CL 941 Grey","1","H1:Cosmos Lac Easy Max CL 941 Grey | H2:Dostupne boje | H2:Treba vam savet pri izboru proizvoda? | H2:Katalog | H2:Brendovi | H2:Podrška | H2:Kontakt","sr-Latn","Cosmos Lac Easy Max CL 941 Grey | Carsystem i R-M Inđija","Easy Max CL-941 Grey u Cosmos Lac katalogu. Proverite namenu i pošaljite upit Carsystem i R-M timu.","","summary","Cosmos Lac Easy Max CL 941 Grey | Carsystem i R-M Inđija","Easy Max CL-941 Grey u Cosmos Lac katalogu. Proverite namenu i pošaljite upit Carsystem i R-M timu.","","Brand | BreadcrumbList | ListItem | Product","true","86","1","","54","0","54","true","false"
"/proizvodi/cosmos-lac-effect-450-400-ml-chrome-effect-450","200","true","","Cosmos Lac Effect Chrome Effect 450 | Carsystem i R-M Inđija","60","1","Effect 450 450 u Cosmos Lac katalogu. Proverite namenu i pošaljite upit Carsystem i R-M timu.","93","1","http://localhost:3000/proizvodi/cosmos-lac-effect-450-400-ml-chrome-effect-450","200","false","Cosmos Lac Effect Chrome Effect 450","1","H1:Cosmos Lac Effect Chrome Effect 450 | H2:Treba vam savet pri izboru proizvoda? | H2:Katalog | H2:Brendovi | H2:Podrška | H2:Kontakt","sr-Latn","Cosmos Lac Effect Chrome Effect 450 | Carsystem i R-M Inđija","Effect 450 450 u Cosmos Lac katalogu. Proverite namenu i pošaljite upit Carsystem i R-M timu.","","summary","Cosmos Lac Effect Chrome Effect 450 | Carsystem i R-M Inđija","Effect 450 450 u Cosmos Lac katalogu. Proverite namenu i pošaljite upit Carsystem i R-M timu.","","Brand | BreadcrumbList | ListItem | Product","true","34","1","","2","0","2","true","true"
"/proizvodi/cosmos-lac-effect-451-400-ml-gold-effect-451","200","true","","Cosmos Lac Effect Gold Effect 451 | Carsystem i R-M Inđija","58","1","Effect 451 451 u Cosmos Lac katalogu. Proverite namenu i pošaljite upit Carsystem i R-M timu.","93","1","http://localhost:3000/proizvodi/cosmos-lac-effect-451-400-ml-gold-effect-451","200","false","Cosmos Lac Effect Gold Effect 451","1","H1:Cosmos Lac Effect Gold Effect 451 | H2:Treba vam savet pri izboru proizvoda? | H2:Katalog | H2:Brendovi | H2:Podrška | H2:Kontakt","sr-Latn","Cosmos Lac Effect Gold Effect 451 | Carsystem i R-M Inđija","Effect 451 451 u Cosmos Lac katalogu. Proverite namenu i pošaljite upit Carsystem i R-M timu.","","summary","Cosmos Lac Effect Gold Effect 451 | Carsystem i R-M Inđija","Effect 451 451 u Cosmos Lac katalogu. Proverite namenu i pošaljite upit Carsystem i R-M timu.","","Brand | BreadcrumbList | ListItem | Product","true","34","1","","2","0","2","true","true"
"/proizvodi/cosmos-lac-fast-acrylic-r307-sjaj-400-ml-fast-acrylic-r307-bright-silver","200","true","","Cosmos Lac Fast Acrylic R307 Bright Silver — sjaj | Carsystem i R-M Inđija","74","1","Fast Acrylic R307 Bright Silver sjaj u Cosmos Lac katalogu. Proverite namenu i pošaljite upit Carsystem i R-M timu.","115","1","http://localhost:3000/proizvodi/cosmos-lac-fast-acrylic-r307-sjaj-400-ml-fast-acrylic-r307-bright-silver","200","false","Cosmos Lac Fast Acrylic R307 Bright Silver — sjaj","1","H1:Cosmos Lac Fast Acrylic R307 Bright Silver — sjaj | H2:Dostupne boje | H2:Treba vam savet pri izboru proizvoda? | H2:Katalog | H2:Brendovi | H2:Podrška | H2:Kontakt","sr-Latn","Cosmos Lac Fast Acrylic R307 Bright Silver — sjaj | Carsystem i R-M Inđija","Fast Acrylic R307 Bright Silver sjaj u Cosmos Lac katalogu. Proverite namenu i pošaljite upit Carsystem i R-M timu.","","summary","Cosmos Lac Fast Acrylic R307 Bright Silver — sjaj | Carsystem i R-M Inđija","Fast Acrylic R307 Bright Silver sjaj u Cosmos Lac katalogu. Proverite namenu i pošaljite upit Carsystem i R-M timu.","","Brand | BreadcrumbList | ListItem | Product","true","63","1","","31","0","31","true","false"
"/proizvodi/cosmos-lac-fast-acrylic-r308-sjaj-400-ml-fast-acrylic-r308-bright-gold","200","true","","Cosmos Lac Fast Acrylic R308 Bright Gold — sjaj | Carsystem i R-M Inđija","72","1","Fast Acrylic R308 Bright Gold sjaj u Cosmos Lac katalogu. Proverite namenu i pošaljite upit Carsystem i R-M timu.","113","1","http://localhost:3000/proizvodi/cosmos-lac-fast-acrylic-r308-sjaj-400-ml-fast-acrylic-r308-bright-gold","200","false","Cosmos Lac Fast Acrylic R308 Bright Gold — sjaj","1","H1:Cosmos Lac Fast Acrylic R308 Bright Gold — sjaj | H2:Dostupne boje | H2:Treba vam savet pri izboru proizvoda? | H2:Katalog | H2:Brendovi | H2:Podrška | H2:Kontakt","sr-Latn","Cosmos Lac Fast Acrylic R308 Bright Gold — sjaj | Carsystem i R-M Inđija","Fast Acrylic R308 Bright Gold sjaj u Cosmos Lac katalogu. Proverite namenu i pošaljite upit Carsystem i R-M timu.","","summary","Cosmos Lac Fast Acrylic R308 Bright Gold — sjaj | Carsystem i R-M Inđija","Fast Acrylic R308 Bright Gold sjaj u Cosmos Lac katalogu. Proverite namenu i pošaljite upit Carsystem i R-M timu.","","Brand | BreadcrumbList | ListItem | Product","true","63","1","","31","0","31","true","false"
"/proizvodi/cosmos-lac-fast-acrylic-ral-1007-sjaj-400-ml-fast-acrylic-ral-1007-daffodil-yellow","200","true","","Cosmos Lac Fast Acrylic RAL 1007 Daffodil Yellow 400 ml — sjaj | Carsystem i R-M Inđija","87","1","Fast Acrylic RAL 1007 Daffodil Yellow sjaj u Cosmos Lac katalogu. Proverite namenu i pošaljite upit Carsystem i R-M timu.","121","1","http://localhost:3000/proizvodi/cosmos-lac-fast-acrylic-ral-1007-sjaj-400-ml-fast-acrylic-ral-1007-daffodil-yellow","200","false","Cosmos Lac Fast Acrylic RAL 1007 Daffodil Yellow 400 ml — sjaj","1","H1:Cosmos Lac Fast Acrylic RAL 1007 Daffodil Yellow 400 ml — sjaj | H2:Dostupne boje | H2:Treba vam savet pri izboru proizvoda? | H2:Katalog | H2:Brendovi | H2:Podrška | H2:Kontakt","sr-Latn","Cosmos Lac Fast Acrylic RAL 1007 Daffodil Yellow 400 ml — sjaj | Carsystem i R-M Inđija","Fast Acrylic RAL 1007 Daffodil Yellow sjaj u Cosmos Lac katalogu. Proverite namenu i pošaljite upit Carsystem i R-M timu.","","summary","Cosmos Lac Fast Acrylic RAL 1007 Daffodil Yellow 400 ml — sjaj | Carsystem i R-M Inđija","Fast Acrylic RAL 1007 Daffodil Yellow sjaj u Cosmos Lac katalogu. Proverite namenu i pošaljite upit Carsystem i R-M timu.","","Brand | BreadcrumbList | ListItem | Product","true","63","1","","31","0","31","true","false"
"/proizvodi/cosmos-lac-fast-acrylic-ral-1015-sjaj-400-ml-fast-acrylic-ral-1015-light-ivory","200","true","","Cosmos Lac Fast Acrylic RAL 1015 Light Ivory 400 ml — sjaj | Carsystem i R-M Inđija","83","1","Fast Acrylic RAL 1015 Light Ivory sjaj u Cosmos Lac katalogu. Proverite namenu i pošaljite upit Carsystem i R-M timu.","117","1","http://localhost:3000/proizvodi/cosmos-lac-fast-acrylic-ral-1015-sjaj-400-ml-fast-acrylic-ral-1015-light-ivory","200","false","Cosmos Lac Fast Acrylic RAL 1015 Light Ivory 400 ml — sjaj","1","H1:Cosmos Lac Fast Acrylic RAL 1015 Light Ivory 400 ml — sjaj | H2:Dostupne boje | H2:Treba vam savet pri izboru proizvoda? | H2:Katalog | H2:Brendovi | H2:Podrška | H2:Kontakt","sr-Latn","Cosmos Lac Fast Acrylic RAL 1015 Light Ivory 400 ml — sjaj | Carsystem i R-M Inđija","Fast Acrylic RAL 1015 Light Ivory sjaj u Cosmos Lac katalogu. Proverite namenu i pošaljite upit Carsystem i R-M timu.","","summary","Cosmos Lac Fast Acrylic RAL 1015 Light Ivory 400 ml — sjaj | Carsystem i R-M Inđija","Fast Acrylic RAL 1015 Light Ivory sjaj u Cosmos Lac katalogu. Proverite namenu i pošaljite upit Carsystem i R-M timu.","","Brand | BreadcrumbList | ListItem | Product","true","63","1","","31","0","31","true","false"
"/proizvodi/cosmos-lac-fast-acrylic-ral-1018-sjaj-400-ml-fast-acrylic-ral-1018-zinc-yellow","200","true","","Cosmos Lac Fast Acrylic RAL 1018 Zinc Yellow 400 ml — sjaj | Carsystem i R-M Inđija","83","1","Fast Acrylic RAL 1018 Zinc Yellow sjaj u Cosmos Lac katalogu. Proverite namenu i pošaljite upit Carsystem i R-M timu.","117","1","http://localhost:3000/proizvodi/cosmos-lac-fast-acrylic-ral-1018-sjaj-400-ml-fast-acrylic-ral-1018-zinc-yellow","200","false","Cosmos Lac Fast Acrylic RAL 1018 Zinc Yellow 400 ml — sjaj","1","H1:Cosmos Lac Fast Acrylic RAL 1018 Zinc Yellow 400 ml — sjaj | H2:Dostupne boje | H2:Treba vam savet pri izboru proizvoda? | H2:Katalog | H2:Brendovi | H2:Podrška | H2:Kontakt","sr-Latn","Cosmos Lac Fast Acrylic RAL 1018 Zinc Yellow 400 ml — sjaj | Carsystem i R-M Inđija","Fast Acrylic RAL 1018 Zinc Yellow sjaj u Cosmos Lac katalogu. Proverite namenu i pošaljite upit Carsystem i R-M timu.","","summary","Cosmos Lac Fast Acrylic RAL 1018 Zinc Yellow 400 ml — sjaj | Carsystem i R-M Inđija","Fast Acrylic RAL 1018 Zinc Yellow sjaj u Cosmos Lac katalogu. Proverite namenu i pošaljite upit Carsystem i R-M timu.","","Brand | BreadcrumbList | ListItem | Product","true","63","1","","31","0","31","true","false"
"/proizvodi/cosmos-lac-fast-acrylic-ral-2003-sjaj-400-ml-fast-acrylic-ral-2003-pastel-orange","200","true","","Cosmos Lac Fast Acrylic RAL 2003 Pastel Orange 400 ml — sjaj | Carsystem i R-M Inđija","85","1","Fast Acrylic RAL 2003 Pastel Orange sjaj u Cosmos Lac katalogu. Proverite namenu i pošaljite upit Carsystem i R-M timu.","119","1","http://localhost:3000/proizvodi/cosmos-lac-fast-acrylic-ral-2003-sjaj-400-ml-fast-acrylic-ral-2003-pastel-orange","200","false","Cosmos Lac Fast Acrylic RAL 2003 Pastel Orange 400 ml — sjaj","1","H1:Cosmos Lac Fast Acrylic RAL 2003 Pastel Orange 400 ml — sjaj | H2:Dostupne boje | H2:Treba vam savet pri izboru proizvoda? | H2:Katalog | H2:Brendovi | H2:Podrška | H2:Kontakt","sr-Latn","Cosmos Lac Fast Acrylic RAL 2003 Pastel Orange 400 ml — sjaj | Carsystem i R-M Inđija","Fast Acrylic RAL 2003 Pastel Orange sjaj u Cosmos Lac katalogu. Proverite namenu i pošaljite upit Carsystem i R-M timu.","","summary","Cosmos Lac Fast Acrylic RAL 2003 Pastel Orange 400 ml — sjaj | Carsystem i R-M Inđija","Fast Acrylic RAL 2003 Pastel Orange sjaj u Cosmos Lac katalogu. Proverite namenu i pošaljite upit Carsystem i R-M timu.","","Brand | BreadcrumbList | ListItem | Product","true","63","1","","31","0","31","true","false"
"/proizvodi/cosmos-lac-fast-acrylic-ral-2010-sjaj-400-ml-fast-acrylic-ral-2010-signal-orange","200","true","","Cosmos Lac Fast Acrylic RAL 2010 Signal Orange 400 ml — sjaj | Carsystem i R-M Inđija","85","1","Fast Acrylic RAL 2010 Signal Orange sjaj u Cosmos Lac katalogu. Proverite namenu i pošaljite upit Carsystem i R-M timu.","119","1","http://localhost:3000/proizvodi/cosmos-lac-fast-acrylic-ral-2010-sjaj-400-ml-fast-acrylic-ral-2010-signal-orange","200","false","Cosmos Lac Fast Acrylic RAL 2010 Signal Orange 400 ml — sjaj","1","H1:Cosmos Lac Fast Acrylic RAL 2010 Signal Orange 400 ml — sjaj | H2:Dostupne boje | H2:Treba vam savet pri izboru proizvoda? | H2:Katalog | H2:Brendovi | H2:Podrška | H2:Kontakt","sr-Latn","Cosmos Lac Fast Acrylic RAL 2010 Signal Orange 400 ml — sjaj | Carsystem i R-M Inđija","Fast Acrylic RAL 2010 Signal Orange sjaj u Cosmos Lac katalogu. Proverite namenu i pošaljite upit Carsystem i R-M timu.","","summary","Cosmos Lac Fast Acrylic RAL 2010 Signal Orange 400 ml — sjaj | Carsystem i R-M Inđija","Fast Acrylic RAL 2010 Signal Orange sjaj u Cosmos Lac katalogu. Proverite namenu i pošaljite upit Carsystem i R-M timu.","","Brand | BreadcrumbList | ListItem | Product","true","63","1","","31","0","31","true","false"
"/proizvodi/cosmos-lac-fast-acrylic-ral-3000-sjaj-400-ml-fast-acrylic-ral-3000-flame-red","200","true","","Cosmos Lac Fast Acrylic RAL 3000 Flame Red 400 ml — sjaj | Carsystem i R-M Inđija","81","1","Fast Acrylic RAL 3000 Flame Red sjaj u Cosmos Lac katalogu. Proverite namenu i pošaljite upit Carsystem i R-M timu.","115","1","http://localhost:3000/proizvodi/cosmos-lac-fast-acrylic-ral-3000-sjaj-400-ml-fast-acrylic-ral-3000-flame-red","200","false","Cosmos Lac Fast Acrylic RAL 3000 Flame Red 400 ml — sjaj","1","H1:Cosmos Lac Fast Acrylic RAL 3000 Flame Red 400 ml — sjaj | H2:Dostupne boje | H2:Treba vam savet pri izboru proizvoda? | H2:Katalog | H2:Brendovi | H2:Podrška | H2:Kontakt","sr-Latn","Cosmos Lac Fast Acrylic RAL 3000 Flame Red 400 ml — sjaj | Carsystem i R-M Inđija","Fast Acrylic RAL 3000 Flame Red sjaj u Cosmos Lac katalogu. Proverite namenu i pošaljite upit Carsystem i R-M timu.","","summary","Cosmos Lac Fast Acrylic RAL 3000 Flame Red 400 ml — sjaj | Carsystem i R-M Inđija","Fast Acrylic RAL 3000 Flame Red sjaj u Cosmos Lac katalogu. Proverite namenu i pošaljite upit Carsystem i R-M timu.","","Brand | BreadcrumbList | ListItem | Product","true","63","1","","31","0","31","true","false"
"/proizvodi/cosmos-lac-fast-acrylic-ral-3002-sjaj-400-ml-fast-acrylic-ral-3002-carmine-red","200","true","","Cosmos Lac Fast Acrylic RAL 3002 Carmine Red 400 ml — sjaj | Carsystem i R-M Inđija","83","1","Fast Acrylic RAL 3002 Carmine Red sjaj u Cosmos Lac katalogu. Proverite namenu i pošaljite upit Carsystem i R-M timu.","117","1","http://localhost:3000/proizvodi/cosmos-lac-fast-acrylic-ral-3002-sjaj-400-ml-fast-acrylic-ral-3002-carmine-red","200","false","Cosmos Lac Fast Acrylic RAL 3002 Carmine Red 400 ml — sjaj","1","H1:Cosmos Lac Fast Acrylic RAL 3002 Carmine Red 400 ml — sjaj | H2:Dostupne boje | H2:Treba vam savet pri izboru proizvoda? | H2:Katalog | H2:Brendovi | H2:Podrška | H2:Kontakt","sr-Latn","Cosmos Lac Fast Acrylic RAL 3002 Carmine Red 400 ml — sjaj | Carsystem i R-M Inđija","Fast Acrylic RAL 3002 Carmine Red sjaj u Cosmos Lac katalogu. Proverite namenu i pošaljite upit Carsystem i R-M timu.","","summary","Cosmos Lac Fast Acrylic RAL 3002 Carmine Red 400 ml — sjaj | Carsystem i R-M Inđija","Fast Acrylic RAL 3002 Carmine Red sjaj u Cosmos Lac katalogu. Proverite namenu i pošaljite upit Carsystem i R-M timu.","","Brand | BreadcrumbList | ListItem | Product","true","63","1","","31","0","31","true","false"
"/proizvodi/cosmos-lac-fast-acrylic-ral-3003-sjaj-400-ml-fast-acrylic-ral-3003-ruby-red","200","true","","Cosmos Lac Fast Acrylic RAL 3003 Ruby Red 400 ml — sjaj | Carsystem i R-M Inđija","80","1","Fast Acrylic RAL 3003 Ruby Red sjaj u Cosmos Lac katalogu. Proverite namenu i pošaljite upit Carsystem i R-M timu.","114","1","http://localhost:3000/proizvodi/cosmos-lac-fast-acrylic-ral-3003-sjaj-400-ml-fast-acrylic-ral-3003-ruby-red","200","false","Cosmos Lac Fast Acrylic RAL 3003 Ruby Red 400 ml — sjaj","1","H1:Cosmos Lac Fast Acrylic RAL 3003 Ruby Red 400 ml — sjaj | H2:Dostupne boje | H2:Treba vam savet pri izboru proizvoda? | H2:Katalog | H2:Brendovi | H2:Podrška | H2:Kontakt","sr-Latn","Cosmos Lac Fast Acrylic RAL 3003 Ruby Red 400 ml — sjaj | Carsystem i R-M Inđija","Fast Acrylic RAL 3003 Ruby Red sjaj u Cosmos Lac katalogu. Proverite namenu i pošaljite upit Carsystem i R-M timu.","","summary","Cosmos Lac Fast Acrylic RAL 3003 Ruby Red 400 ml — sjaj | Carsystem i R-M Inđija","Fast Acrylic RAL 3003 Ruby Red sjaj u Cosmos Lac katalogu. Proverite namenu i pošaljite upit Carsystem i R-M timu.","","Brand | BreadcrumbList | ListItem | Product","true","63","1","","31","0","31","true","false"
"/proizvodi/cosmos-lac-fast-acrylic-ral-3004-sjaj-400-ml-fast-acrylic-ral-3004-purple-red","200","true","","Cosmos Lac Fast Acrylic RAL 3004 Purple Red 400 ml — sjaj | Carsystem i R-M Inđija","82","1","Fast Acrylic RAL 3004 Purple Red sjaj u Cosmos Lac katalogu. Proverite namenu i pošaljite upit Carsystem i R-M timu.","116","1","http://localhost:3000/proizvodi/cosmos-lac-fast-acrylic-ral-3004-sjaj-400-ml-fast-acrylic-ral-3004-purple-red","200","false","Cosmos Lac Fast Acrylic RAL 3004 Purple Red 400 ml — sjaj","1","H1:Cosmos Lac Fast Acrylic RAL 3004 Purple Red 400 ml — sjaj | H2:Dostupne boje | H2:Treba vam savet pri izboru proizvoda? | H2:Katalog | H2:Brendovi | H2:Podrška | H2:Kontakt","sr-Latn","Cosmos Lac Fast Acrylic RAL 3004 Purple Red 400 ml — sjaj | Carsystem i R-M Inđija","Fast Acrylic RAL 3004 Purple Red sjaj u Cosmos Lac katalogu. Proverite namenu i pošaljite upit Carsystem i R-M timu.","","summary","Cosmos Lac Fast Acrylic RAL 3004 Purple Red 400 ml — sjaj | Carsystem i R-M Inđija","Fast Acrylic RAL 3004 Purple Red sjaj u Cosmos Lac katalogu. Proverite namenu i pošaljite upit Carsystem i R-M timu.","","Brand | BreadcrumbList | ListItem | Product","true","63","1","","31","0","31","true","false"
"/proizvodi/cosmos-lac-fast-acrylic-ral-5010-sjaj-400-ml-fast-acrylic-ral-5010-gentian-blue","200","true","","Cosmos Lac Fast Acrylic RAL 5010 Gentian Blue 400 ml — sjaj | Carsystem i R-M Inđija","84","1","Fast Acrylic RAL 5010 Gentian Blue sjaj u Cosmos Lac katalogu. Proverite namenu i pošaljite upit Carsystem i R-M timu.","118","1","http://localhost:3000/proizvodi/cosmos-lac-fast-acrylic-ral-5010-sjaj-400-ml-fast-acrylic-ral-5010-gentian-blue","200","false","Cosmos Lac Fast Acrylic RAL 5010 Gentian Blue 400 ml — sjaj","1","H1:Cosmos Lac Fast Acrylic RAL 5010 Gentian Blue 400 ml — sjaj | H2:Dostupne boje | H2:Treba vam savet pri izboru proizvoda? | H2:Katalog | H2:Brendovi | H2:Podrška | H2:Kontakt","sr-Latn","Cosmos Lac Fast Acrylic RAL 5010 Gentian Blue 400 ml — sjaj | Carsystem i R-M Inđija","Fast Acrylic RAL 5010 Gentian Blue sjaj u Cosmos Lac katalogu. Proverite namenu i pošaljite upit Carsystem i R-M timu.","","summary","Cosmos Lac Fast Acrylic RAL 5010 Gentian Blue 400 ml — sjaj | Carsystem i R-M Inđija","Fast Acrylic RAL 5010 Gentian Blue sjaj u Cosmos Lac katalogu. Proverite namenu i pošaljite upit Carsystem i R-M timu.","","Brand | BreadcrumbList | ListItem | Product","true","63","1","","31","0","31","true","false"
"/proizvodi/cosmos-lac-fast-acrylic-ral-5012-sjaj-400-ml-fast-acrylic-ral-5012-light-blue","200","true","","Cosmos Lac Fast Acrylic RAL 5012 Light Blue 400 ml — sjaj | Carsystem i R-M Inđija","82","1","Fast Acrylic RAL 5012 Light Blue sjaj u Cosmos Lac katalogu. Proverite namenu i pošaljite upit Carsystem i R-M timu.","116","1","http://localhost:3000/proizvodi/cosmos-lac-fast-acrylic-ral-5012-sjaj-400-ml-fast-acrylic-ral-5012-light-blue","200","false","Cosmos Lac Fast Acrylic RAL 5012 Light Blue 400 ml — sjaj","1","H1:Cosmos Lac Fast Acrylic RAL 5012 Light Blue 400 ml — sjaj | H2:Dostupne boje | H2:Treba vam savet pri izboru proizvoda? | H2:Katalog | H2:Brendovi | H2:Podrška | H2:Kontakt","sr-Latn","Cosmos Lac Fast Acrylic RAL 5012 Light Blue 400 ml — sjaj | Carsystem i R-M Inđija","Fast Acrylic RAL 5012 Light Blue sjaj u Cosmos Lac katalogu. Proverite namenu i pošaljite upit Carsystem i R-M timu.","","summary","Cosmos Lac Fast Acrylic RAL 5012 Light Blue 400 ml — sjaj | Carsystem i R-M Inđija","Fast Acrylic RAL 5012 Light Blue sjaj u Cosmos Lac katalogu. Proverite namenu i pošaljite upit Carsystem i R-M timu.","","Brand | BreadcrumbList | ListItem | Product","true","63","1","","31","0","31","true","false"
"/proizvodi/cosmos-lac-fast-acrylic-ral-5013-sjaj-400-ml-fast-acrylic-ral-5013-cobalt-blue","200","true","","Cosmos Lac Fast Acrylic RAL 5013 Cobalt Blue 400 ml — sjaj | Carsystem i R-M Inđija","83","1","Fast Acrylic RAL 5013 Cobalt Blue sjaj u Cosmos Lac katalogu. Proverite namenu i pošaljite upit Carsystem i R-M timu.","117","1","http://localhost:3000/proizvodi/cosmos-lac-fast-acrylic-ral-5013-sjaj-400-ml-fast-acrylic-ral-5013-cobalt-blue","200","false","Cosmos Lac Fast Acrylic RAL 5013 Cobalt Blue 400 ml — sjaj","1","H1:Cosmos Lac Fast Acrylic RAL 5013 Cobalt Blue 400 ml — sjaj | H2:Dostupne boje | H2:Treba vam savet pri izboru proizvoda? | H2:Katalog | H2:Brendovi | H2:Podrška | H2:Kontakt","sr-Latn","Cosmos Lac Fast Acrylic RAL 5013 Cobalt Blue 400 ml — sjaj | Carsystem i R-M Inđija","Fast Acrylic RAL 5013 Cobalt Blue sjaj u Cosmos Lac katalogu. Proverite namenu i pošaljite upit Carsystem i R-M timu.","","summary","Cosmos Lac Fast Acrylic RAL 5013 Cobalt Blue 400 ml — sjaj | Carsystem i R-M Inđija","Fast Acrylic RAL 5013 Cobalt Blue sjaj u Cosmos Lac katalogu. Proverite namenu i pošaljite upit Carsystem i R-M timu.","","Brand | BreadcrumbList | ListItem | Product","true","63","1","","31","0","31","true","false"
"/proizvodi/cosmos-lac-fast-acrylic-ral-5017-sjaj-400-ml-fast-acrylic-ral-5017-traffic-blue","200","true","","Cosmos Lac Fast Acrylic RAL 5017 Traffic Blue 400 ml — sjaj | Carsystem i R-M Inđija","84","1","Fast Acrylic RAL 5017 Traffic Blue sjaj u Cosmos Lac katalogu. Proverite namenu i pošaljite upit Carsystem i R-M timu.","118","1","http://localhost:3000/proizvodi/cosmos-lac-fast-acrylic-ral-5017-sjaj-400-ml-fast-acrylic-ral-5017-traffic-blue","200","false","Cosmos Lac Fast Acrylic RAL 5017 Traffic Blue 400 ml — sjaj","1","H1:Cosmos Lac Fast Acrylic RAL 5017 Traffic Blue 400 ml — sjaj | H2:Dostupne boje | H2:Treba vam savet pri izboru proizvoda? | H2:Katalog | H2:Brendovi | H2:Podrška | H2:Kontakt","sr-Latn","Cosmos Lac Fast Acrylic RAL 5017 Traffic Blue 400 ml — sjaj | Carsystem i R-M Inđija","Fast Acrylic RAL 5017 Traffic Blue sjaj u Cosmos Lac katalogu. Proverite namenu i pošaljite upit Carsystem i R-M timu.","","summary","Cosmos Lac Fast Acrylic RAL 5017 Traffic Blue 400 ml — sjaj | Carsystem i R-M Inđija","Fast Acrylic RAL 5017 Traffic Blue sjaj u Cosmos Lac katalogu. Proverite namenu i pošaljite upit Carsystem i R-M timu.","","Brand | BreadcrumbList | ListItem | Product","true","63","1","","31","0","31","true","false"
"/proizvodi/cosmos-lac-fast-acrylic-ral-6001-sjaj-400-ml-fast-acrylic-ral-6001-emerald-green","200","true","","Cosmos Lac Fast Acrylic RAL 6001 Emerald Green 400 ml — sjaj | Carsystem i R-M Inđija","85","1","Fast Acrylic RAL 6001 Emerald Green sjaj u Cosmos Lac katalogu. Proverite namenu i pošaljite upit Carsystem i R-M timu.","119","1","http://localhost:3000/proizvodi/cosmos-lac-fast-acrylic-ral-6001-sjaj-400-ml-fast-acrylic-ral-6001-emerald-green","200","false","Cosmos Lac Fast Acrylic RAL 6001 Emerald Green 400 ml — sjaj","1","H1:Cosmos Lac Fast Acrylic RAL 6001 Emerald Green 400 ml — sjaj | H2:Dostupne boje | H2:Treba vam savet pri izboru proizvoda? | H2:Katalog | H2:Brendovi | H2:Podrška | H2:Kontakt","sr-Latn","Cosmos Lac Fast Acrylic RAL 6001 Emerald Green 400 ml — sjaj | Carsystem i R-M Inđija","Fast Acrylic RAL 6001 Emerald Green sjaj u Cosmos Lac katalogu. Proverite namenu i pošaljite upit Carsystem i R-M timu.","","summary","Cosmos Lac Fast Acrylic RAL 6001 Emerald Green 400 ml — sjaj | Carsystem i R-M Inđija","Fast Acrylic RAL 6001 Emerald Green sjaj u Cosmos Lac katalogu. Proverite namenu i pošaljite upit Carsystem i R-M timu.","","Brand | BreadcrumbList | ListItem | Product","true","63","1","","31","0","31","true","false"
"/proizvodi/cosmos-lac-fast-acrylic-ral-6002-sjaj-400-ml-fast-acrylic-ral-6002-leaf-green","200","true","","Cosmos Lac Fast Acrylic RAL 6002 Leaf Green 400 ml — sjaj | Carsystem i R-M Inđija","82","1","Fast Acrylic RAL 6002 Leaf Green sjaj u Cosmos Lac katalogu. Proverite namenu i pošaljite upit Carsystem i R-M timu.","116","1","http://localhost:3000/proizvodi/cosmos-lac-fast-acrylic-ral-6002-sjaj-400-ml-fast-acrylic-ral-6002-leaf-green","200","false","Cosmos Lac Fast Acrylic RAL 6002 Leaf Green 400 ml — sjaj","1","H1:Cosmos Lac Fast Acrylic RAL 6002 Leaf Green 400 ml — sjaj | H2:Dostupne boje | H2:Treba vam savet pri izboru proizvoda? | H2:Katalog | H2:Brendovi | H2:Podrška | H2:Kontakt","sr-Latn","Cosmos Lac Fast Acrylic RAL 6002 Leaf Green 400 ml — sjaj | Carsystem i R-M Inđija","Fast Acrylic RAL 6002 Leaf Green sjaj u Cosmos Lac katalogu. Proverite namenu i pošaljite upit Carsystem i R-M timu.","","summary","Cosmos Lac Fast Acrylic RAL 6002 Leaf Green 400 ml — sjaj | Carsystem i R-M Inđija","Fast Acrylic RAL 6002 Leaf Green sjaj u Cosmos Lac katalogu. Proverite namenu i pošaljite upit Carsystem i R-M timu.","","Brand | BreadcrumbList | ListItem | Product","true","63","1","","31","0","31","true","false"
"/proizvodi/cosmos-lac-fast-acrylic-ral-6005-sjaj-400-ml-fast-acrylic-ral-6005-moss-green","200","true","","Cosmos Lac Fast Acrylic RAL 6005 Moss Green 400 ml — sjaj | Carsystem i R-M Inđija","82","1","Fast Acrylic RAL 6005 Moss Green sjaj u Cosmos Lac katalogu. Proverite namenu i pošaljite upit Carsystem i R-M timu.","116","1","http://localhost:3000/proizvodi/cosmos-lac-fast-acrylic-ral-6005-sjaj-400-ml-fast-acrylic-ral-6005-moss-green","200","false","Cosmos Lac Fast Acrylic RAL 6005 Moss Green 400 ml — sjaj","1","H1:Cosmos Lac Fast Acrylic RAL 6005 Moss Green 400 ml — sjaj | H2:Dostupne boje | H2:Treba vam savet pri izboru proizvoda? | H2:Katalog | H2:Brendovi | H2:Podrška | H2:Kontakt","sr-Latn","Cosmos Lac Fast Acrylic RAL 6005 Moss Green 400 ml — sjaj | Carsystem i R-M Inđija","Fast Acrylic RAL 6005 Moss Green sjaj u Cosmos Lac katalogu. Proverite namenu i pošaljite upit Carsystem i R-M timu.","","summary","Cosmos Lac Fast Acrylic RAL 6005 Moss Green 400 ml — sjaj | Carsystem i R-M Inđija","Fast Acrylic RAL 6005 Moss Green sjaj u Cosmos Lac katalogu. Proverite namenu i pošaljite upit Carsystem i R-M timu.","","Brand | BreadcrumbList | ListItem | Product","true","63","1","","31","0","31","true","false"
"/proizvodi/cosmos-lac-fast-acrylic-ral-6018-sjaj-400-ml-fast-acrylic-ral-6018-yellow-green","200","true","","Cosmos Lac Fast Acrylic RAL 6018 Yellow Green 400 ml — sjaj | Carsystem i R-M Inđija","84","1","Fast Acrylic RAL 6018 Yellow Green sjaj u Cosmos Lac katalogu. Proverite namenu i pošaljite upit Carsystem i R-M timu.","118","1","http://localhost:3000/proizvodi/cosmos-lac-fast-acrylic-ral-6018-sjaj-400-ml-fast-acrylic-ral-6018-yellow-green","200","false","Cosmos Lac Fast Acrylic RAL 6018 Yellow Green 400 ml — sjaj","1","H1:Cosmos Lac Fast Acrylic RAL 6018 Yellow Green 400 ml — sjaj | H2:Dostupne boje | H2:Treba vam savet pri izboru proizvoda? | H2:Katalog | H2:Brendovi | H2:Podrška | H2:Kontakt","sr-Latn","Cosmos Lac Fast Acrylic RAL 6018 Yellow Green 400 ml — sjaj | Carsystem i R-M Inđija","Fast Acrylic RAL 6018 Yellow Green sjaj u Cosmos Lac katalogu. Proverite namenu i pošaljite upit Carsystem i R-M timu.","","summary","Cosmos Lac Fast Acrylic RAL 6018 Yellow Green 400 ml — sjaj | Carsystem i R-M Inđija","Fast Acrylic RAL 6018 Yellow Green sjaj u Cosmos Lac katalogu. Proverite namenu i pošaljite upit Carsystem i R-M timu.","","Brand | BreadcrumbList | ListItem | Product","true","63","1","","31","0","31","true","false"
"/proizvodi/cosmos-lac-fast-acrylic-ral-7011-sjaj-400-ml-fast-acrylic-ral-7011-iron-grey","200","true","","Cosmos Lac Fast Acrylic RAL 7011 Iron Grey 400 ml — sjaj | Carsystem i R-M Inđija","81","1","Fast Acrylic RAL 7011 Iron Grey sjaj u Cosmos Lac katalogu. Proverite namenu i pošaljite upit Carsystem i R-M timu.","115","1","http://localhost:3000/proizvodi/cosmos-lac-fast-acrylic-ral-7011-sjaj-400-ml-fast-acrylic-ral-7011-iron-grey","200","false","Cosmos Lac Fast Acrylic RAL 7011 Iron Grey 400 ml — sjaj","1","H1:Cosmos Lac Fast Acrylic RAL 7011 Iron Grey 400 ml — sjaj | H2:Dostupne boje | H2:Treba vam savet pri izboru proizvoda? | H2:Katalog | H2:Brendovi | H2:Podrška | H2:Kontakt","sr-Latn","Cosmos Lac Fast Acrylic RAL 7011 Iron Grey 400 ml — sjaj | Carsystem i R-M Inđija","Fast Acrylic RAL 7011 Iron Grey sjaj u Cosmos Lac katalogu. Proverite namenu i pošaljite upit Carsystem i R-M timu.","","summary","Cosmos Lac Fast Acrylic RAL 7011 Iron Grey 400 ml — sjaj | Carsystem i R-M Inđija","Fast Acrylic RAL 7011 Iron Grey sjaj u Cosmos Lac katalogu. Proverite namenu i pošaljite upit Carsystem i R-M timu.","","Brand | BreadcrumbList | ListItem | Product","true","63","1","","31","0","31","true","false"
"/proizvodi/cosmos-lac-fast-acrylic-ral-7016-sjaj-400-ml-fast-acrylic-ral-7016-anthracite-grey","200","true","","Cosmos Lac Fast Acrylic RAL 7016 Anthracite Grey 400 ml — sjaj | Carsystem i R-M Inđija","87","1","Fast Acrylic RAL 7016 Anthracite Grey sjaj u Cosmos Lac katalogu. Proverite namenu i pošaljite upit Carsystem i R-M timu.","121","1","http://localhost:3000/proizvodi/cosmos-lac-fast-acrylic-ral-7016-sjaj-400-ml-fast-acrylic-ral-7016-anthracite-grey","200","false","Cosmos Lac Fast Acrylic RAL 7016 Anthracite Grey 400 ml — sjaj","1","H1:Cosmos Lac Fast Acrylic RAL 7016 Anthracite Grey 400 ml — sjaj | H2:Dostupne boje | H2:Treba vam savet pri izboru proizvoda? | H2:Katalog | H2:Brendovi | H2:Podrška | H2:Kontakt","sr-Latn","Cosmos Lac Fast Acrylic RAL 7016 Anthracite Grey 400 ml — sjaj | Carsystem i R-M Inđija","Fast Acrylic RAL 7016 Anthracite Grey sjaj u Cosmos Lac katalogu. Proverite namenu i pošaljite upit Carsystem i R-M timu.","","summary","Cosmos Lac Fast Acrylic RAL 7016 Anthracite Grey 400 ml — sjaj | Carsystem i R-M Inđija","Fast Acrylic RAL 7016 Anthracite Grey sjaj u Cosmos Lac katalogu. Proverite namenu i pošaljite upit Carsystem i R-M timu.","","Brand | BreadcrumbList | ListItem | Product","true","63","1","","31","0","31","true","false"
"/proizvodi/cosmos-lac-fast-acrylic-ral-7042-sjaj-400-ml-fast-acrylic-ral-7042-traffic-grey-a","200","true","","Cosmos Lac Fast Acrylic RAL 7042 Traffic Grey A 400 ml — sjaj | Carsystem i R-M Inđija","86","1","Fast Acrylic RAL 7042 Traffic Grey A sjaj u Cosmos Lac katalogu. Proverite namenu i pošaljite upit Carsystem i R-M timu.","120","1","http://localhost:3000/proizvodi/cosmos-lac-fast-acrylic-ral-7042-sjaj-400-ml-fast-acrylic-ral-7042-traffic-grey-a","200","false","Cosmos Lac Fast Acrylic RAL 7042 Traffic Grey A 400 ml — sjaj","1","H1:Cosmos Lac Fast Acrylic RAL 7042 Traffic Grey A 400 ml — sjaj | H2:Dostupne boje | H2:Treba vam savet pri izboru proizvoda? | H2:Katalog | H2:Brendovi | H2:Podrška | H2:Kontakt","sr-Latn","Cosmos Lac Fast Acrylic RAL 7042 Traffic Grey A 400 ml — sjaj | Carsystem i R-M Inđija","Fast Acrylic RAL 7042 Traffic Grey A sjaj u Cosmos Lac katalogu. Proverite namenu i pošaljite upit Carsystem i R-M timu.","","summary","Cosmos Lac Fast Acrylic RAL 7042 Traffic Grey A 400 ml — sjaj | Carsystem i R-M Inđija","Fast Acrylic RAL 7042 Traffic Grey A sjaj u Cosmos Lac katalogu. Proverite namenu i pošaljite upit Carsystem i R-M timu.","","Brand | BreadcrumbList | ListItem | Product","true","63","1","","31","0","31","true","false"
"/proizvodi/cosmos-lac-fast-acrylic-ral-8003-sjaj-400-ml-fast-acrylic-ral-8003-clay-brown","200","true","","Cosmos Lac Fast Acrylic RAL 8003 Clay Brown 400 ml — sjaj | Carsystem i R-M Inđija","82","1","Fast Acrylic RAL 8003 Clay Brown sjaj u Cosmos Lac katalogu. Proverite namenu i pošaljite upit Carsystem i R-M timu.","116","1","http://localhost:3000/proizvodi/cosmos-lac-fast-acrylic-ral-8003-sjaj-400-ml-fast-acrylic-ral-8003-clay-brown","200","false","Cosmos Lac Fast Acrylic RAL 8003 Clay Brown 400 ml — sjaj","1","H1:Cosmos Lac Fast Acrylic RAL 8003 Clay Brown 400 ml — sjaj | H2:Dostupne boje | H2:Treba vam savet pri izboru proizvoda? | H2:Katalog | H2:Brendovi | H2:Podrška | H2:Kontakt","sr-Latn","Cosmos Lac Fast Acrylic RAL 8003 Clay Brown 400 ml — sjaj | Carsystem i R-M Inđija","Fast Acrylic RAL 8003 Clay Brown sjaj u Cosmos Lac katalogu. Proverite namenu i pošaljite upit Carsystem i R-M timu.","","summary","Cosmos Lac Fast Acrylic RAL 8003 Clay Brown 400 ml — sjaj | Carsystem i R-M Inđija","Fast Acrylic RAL 8003 Clay Brown sjaj u Cosmos Lac katalogu. Proverite namenu i pošaljite upit Carsystem i R-M timu.","","Brand | BreadcrumbList | ListItem | Product","true","63","1","","31","0","31","true","false"
"/proizvodi/cosmos-lac-fast-acrylic-ral-8011-sjaj-400-ml-fast-acrylic-ral-8011-nut-brown","200","true","","Cosmos Lac Fast Acrylic RAL 8011 Nut Brown 400 ml — sjaj | Carsystem i R-M Inđija","81","1","Fast Acrylic RAL 8011 Nut Brown sjaj u Cosmos Lac katalogu. Proverite namenu i pošaljite upit Carsystem i R-M timu.","115","1","http://localhost:3000/proizvodi/cosmos-lac-fast-acrylic-ral-8011-sjaj-400-ml-fast-acrylic-ral-8011-nut-brown","200","false","Cosmos Lac Fast Acrylic RAL 8011 Nut Brown 400 ml — sjaj","1","H1:Cosmos Lac Fast Acrylic RAL 8011 Nut Brown 400 ml — sjaj | H2:Dostupne boje | H2:Treba vam savet pri izboru proizvoda? | H2:Katalog | H2:Brendovi | H2:Podrška | H2:Kontakt","sr-Latn","Cosmos Lac Fast Acrylic RAL 8011 Nut Brown 400 ml — sjaj | Carsystem i R-M Inđija","Fast Acrylic RAL 8011 Nut Brown sjaj u Cosmos Lac katalogu. Proverite namenu i pošaljite upit Carsystem i R-M timu.","","summary","Cosmos Lac Fast Acrylic RAL 8011 Nut Brown 400 ml — sjaj | Carsystem i R-M Inđija","Fast Acrylic RAL 8011 Nut Brown sjaj u Cosmos Lac katalogu. Proverite namenu i pošaljite upit Carsystem i R-M timu.","","Brand | BreadcrumbList | ListItem | Product","true","63","1","","31","0","31","true","false"
"/proizvodi/cosmos-lac-fast-acrylic-ral-8017-sjaj-400-ml-fast-acrylic-ral-8017-chocolate-brown","200","true","","Cosmos Lac Fast Acrylic RAL 8017 Chocolate Brown 400 ml — sjaj | Carsystem i R-M Inđija","87","1","Fast Acrylic RAL 8017 Chocolate Brown sjaj u Cosmos Lac katalogu. Proverite namenu i pošaljite upit Carsystem i R-M timu.","121","1","http://localhost:3000/proizvodi/cosmos-lac-fast-acrylic-ral-8017-sjaj-400-ml-fast-acrylic-ral-8017-chocolate-brown","200","false","Cosmos Lac Fast Acrylic RAL 8017 Chocolate Brown 400 ml — sjaj","1","H1:Cosmos Lac Fast Acrylic RAL 8017 Chocolate Brown 400 ml — sjaj | H2:Dostupne boje | H2:Treba vam savet pri izboru proizvoda? | H2:Katalog | H2:Brendovi | H2:Podrška | H2:Kontakt","sr-Latn","Cosmos Lac Fast Acrylic RAL 8017 Chocolate Brown 400 ml — sjaj | Carsystem i R-M Inđija","Fast Acrylic RAL 8017 Chocolate Brown sjaj u Cosmos Lac katalogu. Proverite namenu i pošaljite upit Carsystem i R-M timu.","","summary","Cosmos Lac Fast Acrylic RAL 8017 Chocolate Brown 400 ml — sjaj | Carsystem i R-M Inđija","Fast Acrylic RAL 8017 Chocolate Brown sjaj u Cosmos Lac katalogu. Proverite namenu i pošaljite upit Carsystem i R-M timu.","","Brand | BreadcrumbList | ListItem | Product","true","63","1","","31","0","31","true","false"
"/proizvodi/cosmos-lac-fast-acrylic-ral-9005-mat-400-ml-fast-acrylic-ral-9005-matt-black","200","true","","Cosmos Lac Fast Acrylic RAL 9005 Black 400 ml — mat | Carsystem i R-M Inđija","76","1","Fast Acrylic RAL 9005 Black mat u Cosmos Lac katalogu. Proverite namenu i pošaljite upit Carsystem i R-M timu.","110","1","http://localhost:3000/proizvodi/cosmos-lac-fast-acrylic-ral-9005-mat-400-ml-fast-acrylic-ral-9005-matt-black","200","false","Cosmos Lac Fast Acrylic RAL 9005 Black 400 ml — mat","1","H1:Cosmos Lac Fast Acrylic RAL 9005 Black 400 ml — mat | H2:Dostupne boje | H2:Treba vam savet pri izboru proizvoda? | H2:Katalog | H2:Brendovi | H2:Podrška | H2:Kontakt","sr-Latn","Cosmos Lac Fast Acrylic RAL 9005 Black 400 ml — mat | Carsystem i R-M Inđija","Fast Acrylic RAL 9005 Black mat u Cosmos Lac katalogu. Proverite namenu i pošaljite upit Carsystem i R-M timu.","","summary","Cosmos Lac Fast Acrylic RAL 9005 Black 400 ml — mat | Carsystem i R-M Inđija","Fast Acrylic RAL 9005 Black mat u Cosmos Lac katalogu. Proverite namenu i pošaljite upit Carsystem i R-M timu.","","Brand | BreadcrumbList | ListItem | Product","true","63","1","","31","0","31","true","false"
"/proizvodi/cosmos-lac-fast-acrylic-ral-9005-sjaj-400-ml-fast-acrylic-ral-9005-gloss-black","200","true","","Cosmos Lac Fast Acrylic RAL 9005 Black 400 ml — sjaj | Carsystem i R-M Inđija","77","1","Fast Acrylic RAL 9005 Black sjaj u Cosmos Lac katalogu. Proverite namenu i pošaljite upit Carsystem i R-M timu.","111","1","http://localhost:3000/proizvodi/cosmos-lac-fast-acrylic-ral-9005-sjaj-400-ml-fast-acrylic-ral-9005-gloss-black","200","false","Cosmos Lac Fast Acrylic RAL 9005 Black 400 ml — sjaj","1","H1:Cosmos Lac Fast Acrylic RAL 9005 Black 400 ml — sjaj | H2:Dostupne boje | H2:Treba vam savet pri izboru proizvoda? | H2:Katalog | H2:Brendovi | H2:Podrška | H2:Kontakt","sr-Latn","Cosmos Lac Fast Acrylic RAL 9005 Black 400 ml — sjaj | Carsystem i R-M Inđija","Fast Acrylic RAL 9005 Black sjaj u Cosmos Lac katalogu. Proverite namenu i pošaljite upit Carsystem i R-M timu.","","summary","Cosmos Lac Fast Acrylic RAL 9005 Black 400 ml — sjaj | Carsystem i R-M Inđija","Fast Acrylic RAL 9005 Black sjaj u Cosmos Lac katalogu. Proverite namenu i pošaljite upit Carsystem i R-M timu.","","Brand | BreadcrumbList | ListItem | Product","true","63","1","","31","0","31","true","false"
"/proizvodi/cosmos-lac-fast-acrylic-ral-9010-mat-400-ml-fast-acrylic-ral-9010-matt-white","200","true","","Cosmos Lac Fast Acrylic RAL 9010 White 400 ml — mat | Carsystem i R-M Inđija","76","1","Fast Acrylic RAL 9010 White mat u Cosmos Lac katalogu. Proverite namenu i pošaljite upit Carsystem i R-M timu.","110","1","http://localhost:3000/proizvodi/cosmos-lac-fast-acrylic-ral-9010-mat-400-ml-fast-acrylic-ral-9010-matt-white","200","false","Cosmos Lac Fast Acrylic RAL 9010 White 400 ml — mat","1","H1:Cosmos Lac Fast Acrylic RAL 9010 White 400 ml — mat | H2:Dostupne boje | H2:Treba vam savet pri izboru proizvoda? | H2:Katalog | H2:Brendovi | H2:Podrška | H2:Kontakt","sr-Latn","Cosmos Lac Fast Acrylic RAL 9010 White 400 ml — mat | Carsystem i R-M Inđija","Fast Acrylic RAL 9010 White mat u Cosmos Lac katalogu. Proverite namenu i pošaljite upit Carsystem i R-M timu.","","summary","Cosmos Lac Fast Acrylic RAL 9010 White 400 ml — mat | Carsystem i R-M Inđija","Fast Acrylic RAL 9010 White mat u Cosmos Lac katalogu. Proverite namenu i pošaljite upit Carsystem i R-M timu.","","Brand | BreadcrumbList | ListItem | Product","true","63","1","","31","0","31","true","false"
"/proizvodi/cosmos-lac-fast-acrylic-ral-9010-sjaj-400-ml-fast-acrylic-ral-9010-gloss-white","200","true","","Cosmos Lac Fast Acrylic RAL 9010 White 400 ml — sjaj | Carsystem i R-M Inđija","77","1","Fast Acrylic RAL 9010 White sjaj u Cosmos Lac katalogu. Proverite namenu i pošaljite upit Carsystem i R-M timu.","111","1","http://localhost:3000/proizvodi/cosmos-lac-fast-acrylic-ral-9010-sjaj-400-ml-fast-acrylic-ral-9010-gloss-white","200","false","Cosmos Lac Fast Acrylic RAL 9010 White 400 ml — sjaj","1","H1:Cosmos Lac Fast Acrylic RAL 9010 White 400 ml — sjaj | H2:Dostupne boje | H2:Treba vam savet pri izboru proizvoda? | H2:Katalog | H2:Brendovi | H2:Podrška | H2:Kontakt","sr-Latn","Cosmos Lac Fast Acrylic RAL 9010 White 400 ml — sjaj | Carsystem i R-M Inđija","Fast Acrylic RAL 9010 White sjaj u Cosmos Lac katalogu. Proverite namenu i pošaljite upit Carsystem i R-M timu.","","summary","Cosmos Lac Fast Acrylic RAL 9010 White 400 ml — sjaj | Carsystem i R-M Inđija","Fast Acrylic RAL 9010 White sjaj u Cosmos Lac katalogu. Proverite namenu i pošaljite upit Carsystem i R-M timu.","","Brand | BreadcrumbList | ListItem | Product","true","63","1","","31","0","31","true","false"
"/proizvodi/cosmos-lac-flame-blue-fb-100-400-ml-flame-blue-fb-100-vanilla","200","true","","Cosmos Lac Flame Blue FB-100 Vanilla | Carsystem i R-M Inđija","61","1","Flame Blue FB-100 Vanilla u Cosmos Lac katalogu. Proverite namenu i pošaljite upit Carsystem i R-M timu.","104","1","http://localhost:3000/proizvodi/cosmos-lac-flame-blue-fb-100-400-ml-flame-blue-fb-100-vanilla","200","false","Cosmos Lac Flame Blue FB-100 Vanilla","1","H1:Cosmos Lac Flame Blue FB-100 Vanilla | H2:Dostupne boje | H2:Treba vam savet pri izboru proizvoda? | H2:Katalog | H2:Brendovi | H2:Podrška | H2:Kontakt","sr-Latn","Cosmos Lac Flame Blue FB-100 Vanilla | Carsystem i R-M Inđija","Flame Blue FB-100 Vanilla u Cosmos Lac katalogu. Proverite namenu i pošaljite upit Carsystem i R-M timu.","","summary","Cosmos Lac Flame Blue FB-100 Vanilla | Carsystem i R-M Inđija","Flame Blue FB-100 Vanilla u Cosmos Lac katalogu. Proverite namenu i pošaljite upit Carsystem i R-M timu.","","Brand | BreadcrumbList | ListItem | Product","true","154","1","","122","0","122","true","false"
"/proizvodi/cosmos-lac-flame-blue-fb-1000-400-ml-flame-blue-fb-1000-fluo-yellow","200","true","","Cosmos Lac Flame Blue FB-1000 Fluo Yellow | Carsystem i R-M Inđija","66","1","Flame Blue FB-1000 Fluo Yellow u Cosmos Lac katalogu. Proverite namenu i pošaljite upit Carsystem i R-M timu.","109","1","http://localhost:3000/proizvodi/cosmos-lac-flame-blue-fb-1000-400-ml-flame-blue-fb-1000-fluo-yellow","200","false","Cosmos Lac Flame Blue FB-1000 Fluo Yellow","1","H1:Cosmos Lac Flame Blue FB-1000 Fluo Yellow | H2:Dostupne boje | H2:Treba vam savet pri izboru proizvoda? | H2:Katalog | H2:Brendovi | H2:Podrška | H2:Kontakt","sr-Latn","Cosmos Lac Flame Blue FB-1000 Fluo Yellow | Carsystem i R-M Inđija","Flame Blue FB-1000 Fluo Yellow u Cosmos Lac katalogu. Proverite namenu i pošaljite upit Carsystem i R-M timu.","","summary","Cosmos Lac Flame Blue FB-1000 Fluo Yellow | Carsystem i R-M Inđija","Flame Blue FB-1000 Fluo Yellow u Cosmos Lac katalogu. Proverite namenu i pošaljite upit Carsystem i R-M timu.","","Brand | BreadcrumbList | ListItem | Product","true","154","1","","122","0","122","true","false"
"/proizvodi/cosmos-lac-flame-blue-fb-1002-400-ml-flame-blue-fb-1002-fluo-orange","200","true","","Cosmos Lac Flame Blue FB-1002 Fluo Orange | Carsystem i R-M Inđija","66","1","Flame Blue FB-1002 Fluo Orange u Cosmos Lac katalogu. Proverite namenu i pošaljite upit Carsystem i R-M timu.","109","1","http://localhost:3000/proizvodi/cosmos-lac-flame-blue-fb-1002-400-ml-flame-blue-fb-1002-fluo-orange","200","false","Cosmos Lac Flame Blue FB-1002 Fluo Orange","1","H1:Cosmos Lac Flame Blue FB-1002 Fluo Orange | H2:Dostupne boje | H2:Treba vam savet pri izboru proizvoda? | H2:Katalog | H2:Brendovi | H2:Podrška | H2:Kontakt","sr-Latn","Cosmos Lac Flame Blue FB-1002 Fluo Orange | Carsystem i R-M Inđija","Flame Blue FB-1002 Fluo Orange u Cosmos Lac katalogu. Proverite namenu i pošaljite upit Carsystem i R-M timu.","","summary","Cosmos Lac Flame Blue FB-1002 Fluo Orange | Carsystem i R-M Inđija","Flame Blue FB-1002 Fluo Orange u Cosmos Lac katalogu. Proverite namenu i pošaljite upit Carsystem i R-M timu.","","Brand | BreadcrumbList | ListItem | Product","true","154","1","","122","0","122","true","false"
"/proizvodi/cosmos-lac-flame-blue-fb-1004-400-ml-flame-blue-fb-1004-fluo-pink","200","true","","Cosmos Lac Flame Blue FB-1004 Fluo Pink | Carsystem i R-M Inđija","64","1","Flame Blue FB-1004 Fluo Pink u Cosmos Lac katalogu. Proverite namenu i pošaljite upit Carsystem i R-M timu.","107","1","http://localhost:3000/proizvodi/cosmos-lac-flame-blue-fb-1004-400-ml-flame-blue-fb-1004-fluo-pink","200","false","Cosmos Lac Flame Blue FB-1004 Fluo Pink","1","H1:Cosmos Lac Flame Blue FB-1004 Fluo Pink | H2:Dostupne boje | H2:Treba vam savet pri izboru proizvoda? | H2:Katalog | H2:Brendovi | H2:Podrška | H2:Kontakt","sr-Latn","Cosmos Lac Flame Blue FB-1004 Fluo Pink | Carsystem i R-M Inđija","Flame Blue FB-1004 Fluo Pink u Cosmos Lac katalogu. Proverite namenu i pošaljite upit Carsystem i R-M timu.","","summary","Cosmos Lac Flame Blue FB-1004 Fluo Pink | Carsystem i R-M Inđija","Flame Blue FB-1004 Fluo Pink u Cosmos Lac katalogu. Proverite namenu i pošaljite upit Carsystem i R-M timu.","","Brand | BreadcrumbList | ListItem | Product","true","154","1","","122","0","122","true","false"
"/proizvodi/cosmos-lac-flame-blue-fb-1006-400-ml-flame-blue-fb-1006-fluo-green","200","true","","Cosmos Lac Flame Blue FB-1006 Fluo Green | Carsystem i R-M Inđija","65","1","Flame Blue FB-1006 Fluo Green u Cosmos Lac katalogu. Proverite namenu i pošaljite upit Carsystem i R-M timu.","108","1","http://localhost:3000/proizvodi/cosmos-lac-flame-blue-fb-1006-400-ml-flame-blue-fb-1006-fluo-green","200","false","Cosmos Lac Flame Blue FB-1006 Fluo Green","1","H1:Cosmos Lac Flame Blue FB-1006 Fluo Green | H2:Dostupne boje | H2:Treba vam savet pri izboru proizvoda? | H2:Katalog | H2:Brendovi | H2:Podrška | H2:Kontakt","sr-Latn","Cosmos Lac Flame Blue FB-1006 Fluo Green | Carsystem i R-M Inđija","Flame Blue FB-1006 Fluo Green u Cosmos Lac katalogu. Proverite namenu i pošaljite upit Carsystem i R-M timu.","","summary","Cosmos Lac Flame Blue FB-1006 Fluo Green | Carsystem i R-M Inđija","Flame Blue FB-1006 Fluo Green u Cosmos Lac katalogu. Proverite namenu i pošaljite upit Carsystem i R-M timu.","","Brand | BreadcrumbList | ListItem | Product","true","154","1","","122","0","122","true","false"
"/proizvodi/cosmos-lac-flame-blue-fb-102-400-ml-flame-blue-fb-102-zinc-yellow","200","true","","Cosmos Lac Flame Blue FB-102 Zinc Yellow | Carsystem i R-M Inđija","65","1","Flame Blue FB-102 Zinc Yellow u Cosmos Lac katalogu. Proverite namenu i pošaljite upit Carsystem i R-M timu.","108","1","http://localhost:3000/proizvodi/cosmos-lac-flame-blue-fb-102-400-ml-flame-blue-fb-102-zinc-yellow","200","false","Cosmos Lac Flame Blue FB-102 Zinc Yellow","1","H1:Cosmos Lac Flame Blue FB-102 Zinc Yellow | H2:Dostupne boje | H2:Treba vam savet pri izboru proizvoda? | H2:Katalog | H2:Brendovi | H2:Podrška | H2:Kontakt","sr-Latn","Cosmos Lac Flame Blue FB-102 Zinc Yellow | Carsystem i R-M Inđija","Flame Blue FB-102 Zinc Yellow u Cosmos Lac katalogu. Proverite namenu i pošaljite upit Carsystem i R-M timu.","","summary","Cosmos Lac Flame Blue FB-102 Zinc Yellow | Carsystem i R-M Inđija","Flame Blue FB-102 Zinc Yellow u Cosmos Lac katalogu. Proverite namenu i pošaljite upit Carsystem i R-M timu.","","Brand | BreadcrumbList | ListItem | Product","true","154","1","","122","0","122","true","false"
"/proizvodi/cosmos-lac-flame-blue-fb-104-400-ml-flame-blue-fb-104-cadmium-yellow","200","true","","Cosmos Lac Flame Blue FB-104 Cadmium Yellow | Carsystem i R-M Inđija","68","1","Flame Blue FB-104 Cadmium Yellow u Cosmos Lac katalogu. Proverite namenu i pošaljite upit Carsystem i R-M timu.","111","1","http://localhost:3000/proizvodi/cosmos-lac-flame-blue-fb-104-400-ml-flame-blue-fb-104-cadmium-yellow","200","false","Cosmos Lac Flame Blue FB-104 Cadmium Yellow","1","H1:Cosmos Lac Flame Blue FB-104 Cadmium Yellow | H2:Dostupne boje | H2:Treba vam savet pri izboru proizvoda? | H2:Katalog | H2:Brendovi | H2:Podrška | H2:Kontakt","sr-Latn","Cosmos Lac Flame Blue FB-104 Cadmium Yellow | Carsystem i R-M Inđija","Flame Blue FB-104 Cadmium Yellow u Cosmos Lac katalogu. Proverite namenu i pošaljite upit Carsystem i R-M timu.","","summary","Cosmos Lac Flame Blue FB-104 Cadmium Yellow | Carsystem i R-M Inđija","Flame Blue FB-104 Cadmium Yellow u Cosmos Lac katalogu. Proverite namenu i pošaljite upit Carsystem i R-M timu.","","Brand | BreadcrumbList | ListItem | Product","true","154","1","","122","0","122","true","false"
"/proizvodi/cosmos-lac-flame-blue-fb-106-400-ml-flame-blue-fb-106-signal-yellow","200","true","","Cosmos Lac Flame Blue FB-106 Signal Yellow | Carsystem i R-M Inđija","67","1","Flame Blue FB-106 Signal Yellow u Cosmos Lac katalogu. Proverite namenu i pošaljite upit Carsystem i R-M timu.","110","1","http://localhost:3000/proizvodi/cosmos-lac-flame-blue-fb-106-400-ml-flame-blue-fb-106-signal-yellow","200","false","Cosmos Lac Flame Blue FB-106 Signal Yellow","1","H1:Cosmos Lac Flame Blue FB-106 Signal Yellow | H2:Dostupne boje | H2:Treba vam savet pri izboru proizvoda? | H2:Katalog | H2:Brendovi | H2:Podrška | H2:Kontakt","sr-Latn","Cosmos Lac Flame Blue FB-106 Signal Yellow | Carsystem i R-M Inđija","Flame Blue FB-106 Signal Yellow u Cosmos Lac katalogu. Proverite namenu i pošaljite upit Carsystem i R-M timu.","","summary","Cosmos Lac Flame Blue FB-106 Signal Yellow | Carsystem i R-M Inđija","Flame Blue FB-106 Signal Yellow u Cosmos Lac katalogu. Proverite namenu i pošaljite upit Carsystem i R-M timu.","","Brand | BreadcrumbList | ListItem | Product","true","154","1","","122","0","122","true","false"
"/proizvodi/cosmos-lac-flame-blue-fb-110-400-ml-flame-blue-fb-110-melon-yellow","200","true","","Cosmos Lac Flame Blue FB-110 Melon Yellow | Carsystem i R-M Inđija","66","1","Flame Blue FB-110 Melon Yellow u Cosmos Lac katalogu. Proverite namenu i pošaljite upit Carsystem i R-M timu.","109","1","http://localhost:3000/proizvodi/cosmos-lac-flame-blue-fb-110-400-ml-flame-blue-fb-110-melon-yellow","200","false","Cosmos Lac Flame Blue FB-110 Melon Yellow","1","H1:Cosmos Lac Flame Blue FB-110 Melon Yellow | H2:Dostupne boje | H2:Treba vam savet pri izboru proizvoda? | H2:Katalog | H2:Brendovi | H2:Podrška | H2:Kontakt","sr-Latn","Cosmos Lac Flame Blue FB-110 Melon Yellow | Carsystem i R-M Inđija","Flame Blue FB-110 Melon Yellow u Cosmos Lac katalogu. Proverite namenu i pošaljite upit Carsystem i R-M timu.","","summary","Cosmos Lac Flame Blue FB-110 Melon Yellow | Carsystem i R-M Inđija","Flame Blue FB-110 Melon Yellow u Cosmos Lac katalogu. Proverite namenu i pošaljite upit Carsystem i R-M timu.","","Brand | BreadcrumbList | ListItem | Product","true","154","1","","122","0","122","true","false"
"/proizvodi/cosmos-lac-flame-blue-fb-112-400-ml-flame-blue-fb-112-saffron","200","true","","Cosmos Lac Flame Blue FB-112 Saffron | Carsystem i R-M Inđija","61","1","Flame Blue FB-112 Saffron u Cosmos Lac katalogu. Proverite namenu i pošaljite upit Carsystem i R-M timu.","104","1","http://localhost:3000/proizvodi/cosmos-lac-flame-blue-fb-112-400-ml-flame-blue-fb-112-saffron","200","false","Cosmos Lac Flame Blue FB-112 Saffron","1","H1:Cosmos Lac Flame Blue FB-112 Saffron | H2:Dostupne boje | H2:Treba vam savet pri izboru proizvoda? | H2:Katalog | H2:Brendovi | H2:Podrška | H2:Kontakt","sr-Latn","Cosmos Lac Flame Blue FB-112 Saffron | Carsystem i R-M Inđija","Flame Blue FB-112 Saffron u Cosmos Lac katalogu. Proverite namenu i pošaljite upit Carsystem i R-M timu.","","summary","Cosmos Lac Flame Blue FB-112 Saffron | Carsystem i R-M Inđija","Flame Blue FB-112 Saffron u Cosmos Lac katalogu. Proverite namenu i pošaljite upit Carsystem i R-M timu.","","Brand | BreadcrumbList | ListItem | Product","true","154","1","","122","0","122","true","false"
"/proizvodi/cosmos-lac-flame-blue-fb-114-400-ml-flame-blue-fb-114-dahlia","200","true","","Cosmos Lac Flame Blue FB-114 Dahlia | Carsystem i R-M Inđija","60","1","Flame Blue FB-114 Dahlia u Cosmos Lac katalogu. Proverite namenu i pošaljite upit Carsystem i R-M timu.","103","1","http://localhost:3000/proizvodi/cosmos-lac-flame-blue-fb-114-400-ml-flame-blue-fb-114-dahlia","200","false","Cosmos Lac Flame Blue FB-114 Dahlia","1","H1:Cosmos Lac Flame Blue FB-114 Dahlia | H2:Dostupne boje | H2:Treba vam savet pri izboru proizvoda? | H2:Katalog | H2:Brendovi | H2:Podrška | H2:Kontakt","sr-Latn","Cosmos Lac Flame Blue FB-114 Dahlia | Carsystem i R-M Inđija","Flame Blue FB-114 Dahlia u Cosmos Lac katalogu. Proverite namenu i pošaljite upit Carsystem i R-M timu.","","summary","Cosmos Lac Flame Blue FB-114 Dahlia | Carsystem i R-M Inđija","Flame Blue FB-114 Dahlia u Cosmos Lac katalogu. Proverite namenu i pošaljite upit Carsystem i R-M timu.","","Brand | BreadcrumbList | ListItem | Product","true","154","1","","122","0","122","true","false"
"/proizvodi/cosmos-lac-flame-blue-fb-200-400-ml-flame-blue-fb-200-peach","200","true","","Cosmos Lac Flame Blue FB-200 Peach | Carsystem i R-M Inđija","59","1","Flame Blue FB-200 Peach u Cosmos Lac katalogu. Proverite namenu i pošaljite upit Carsystem i R-M timu.","102","1","http://localhost:3000/proizvodi/cosmos-lac-flame-blue-fb-200-400-ml-flame-blue-fb-200-peach","200","false","Cosmos Lac Flame Blue FB-200 Peach","1","H1:Cosmos Lac Flame Blue FB-200 Peach | H2:Dostupne boje | H2:Treba vam savet pri izboru proizvoda? | H2:Katalog | H2:Brendovi | H2:Podrška | H2:Kontakt","sr-Latn","Cosmos Lac Flame Blue FB-200 Peach | Carsystem i R-M Inđija","Flame Blue FB-200 Peach u Cosmos Lac katalogu. Proverite namenu i pošaljite upit Carsystem i R-M timu.","","summary","Cosmos Lac Flame Blue FB-200 Peach | Carsystem i R-M Inđija","Flame Blue FB-200 Peach u Cosmos Lac katalogu. Proverite namenu i pošaljite upit Carsystem i R-M timu.","","Brand | BreadcrumbList | ListItem | Product","true","154","1","","122","0","122","true","false"
"/proizvodi/cosmos-lac-flame-blue-fb-202-400-ml-flame-blue-fb-202-pastel-orange","200","true","","Cosmos Lac Flame Blue FB-202 Pastel Orange | Carsystem i R-M Inđija","67","1","Flame Blue FB-202 Pastel Orange u Cosmos Lac katalogu. Proverite namenu i pošaljite upit Carsystem i R-M timu.","110","1","http://localhost:3000/proizvodi/cosmos-lac-flame-blue-fb-202-400-ml-flame-blue-fb-202-pastel-orange","200","false","Cosmos Lac Flame Blue FB-202 Pastel Orange","1","H1:Cosmos Lac Flame Blue FB-202 Pastel Orange | H2:Dostupne boje | H2:Treba vam savet pri izboru proizvoda? | H2:Katalog | H2:Brendovi | H2:Podrška | H2:Kontakt","sr-Latn","Cosmos Lac Flame Blue FB-202 Pastel Orange | Carsystem i R-M Inđija","Flame Blue FB-202 Pastel Orange u Cosmos Lac katalogu. Proverite namenu i pošaljite upit Carsystem i R-M timu.","","summary","Cosmos Lac Flame Blue FB-202 Pastel Orange | Carsystem i R-M Inđija","Flame Blue FB-202 Pastel Orange u Cosmos Lac katalogu. Proverite namenu i pošaljite upit Carsystem i R-M timu.","","Brand | BreadcrumbList | ListItem | Product","true","154","1","","122","0","122","true","false"
"/proizvodi/cosmos-lac-flame-blue-fb-204-400-ml-flame-blue-fb-204-light-orange","200","true","","Cosmos Lac Flame Blue FB-204 Light Orange | Carsystem i R-M Inđija","66","1","Flame Blue FB-204 Light Orange u Cosmos Lac katalogu. Proverite namenu i pošaljite upit Carsystem i R-M timu.","109","1","http://localhost:3000/proizvodi/cosmos-lac-flame-blue-fb-204-400-ml-flame-blue-fb-204-light-orange","200","false","Cosmos Lac Flame Blue FB-204 Light Orange","1","H1:Cosmos Lac Flame Blue FB-204 Light Orange | H2:Dostupne boje | H2:Treba vam savet pri izboru proizvoda? | H2:Katalog | H2:Brendovi | H2:Podrška | H2:Kontakt","sr-Latn","Cosmos Lac Flame Blue FB-204 Light Orange | Carsystem i R-M Inđija","Flame Blue FB-204 Light Orange u Cosmos Lac katalogu. Proverite namenu i pošaljite upit Carsystem i R-M timu.","","summary","Cosmos Lac Flame Blue FB-204 Light Orange | Carsystem i R-M Inđija","Flame Blue FB-204 Light Orange u Cosmos Lac katalogu. Proverite namenu i pošaljite upit Carsystem i R-M timu.","","Brand | BreadcrumbList | ListItem | Product","true","154","1","","122","0","122","true","false"
"/proizvodi/cosmos-lac-flame-blue-fb-208-400-ml-flame-blue-fb-208-cold-peach","200","true","","Cosmos Lac Flame Blue FB-208 Cold Peach | Carsystem i R-M Inđija","64","1","Flame Blue FB-208 Cold Peach u Cosmos Lac katalogu. Proverite namenu i pošaljite upit Carsystem i R-M timu.","107","1","http://localhost:3000/proizvodi/cosmos-lac-flame-blue-fb-208-400-ml-flame-blue-fb-208-cold-peach","200","false","Cosmos Lac Flame Blue FB-208 Cold Peach","1","H1:Cosmos Lac Flame Blue FB-208 Cold Peach | H2:Dostupne boje | H2:Treba vam savet pri izboru proizvoda? | H2:Katalog | H2:Brendovi | H2:Podrška | H2:Kontakt","sr-Latn","Cosmos Lac Flame Blue FB-208 Cold Peach | Carsystem i R-M Inđija","Flame Blue FB-208 Cold Peach u Cosmos Lac katalogu. Proverite namenu i pošaljite upit Carsystem i R-M timu.","","summary","Cosmos Lac Flame Blue FB-208 Cold Peach | Carsystem i R-M Inđija","Flame Blue FB-208 Cold Peach u Cosmos Lac katalogu. Proverite namenu i pošaljite upit Carsystem i R-M timu.","","Brand | BreadcrumbList | ListItem | Product","true","154","1","","122","0","122","true","false"
"/proizvodi/cosmos-lac-flame-blue-fb-210-400-ml-flame-blue-fb-210-apricot","200","true","","Cosmos Lac Flame Blue FB-210 Apricot | Carsystem i R-M Inđija","61","1","Flame Blue FB-210 Apricot u Cosmos Lac katalogu. Proverite namenu i pošaljite upit Carsystem i R-M timu.","104","1","http://localhost:3000/proizvodi/cosmos-lac-flame-blue-fb-210-400-ml-flame-blue-fb-210-apricot","200","false","Cosmos Lac Flame Blue FB-210 Apricot","1","H1:Cosmos Lac Flame Blue FB-210 Apricot | H2:Dostupne boje | H2:Treba vam savet pri izboru proizvoda? | H2:Katalog | H2:Brendovi | H2:Podrška | H2:Kontakt","sr-Latn","Cosmos Lac Flame Blue FB-210 Apricot | Carsystem i R-M Inđija","Flame Blue FB-210 Apricot u Cosmos Lac katalogu. Proverite namenu i pošaljite upit Carsystem i R-M timu.","","summary","Cosmos Lac Flame Blue FB-210 Apricot | Carsystem i R-M Inđija","Flame Blue FB-210 Apricot u Cosmos Lac katalogu. Proverite namenu i pošaljite upit Carsystem i R-M timu.","","Brand | BreadcrumbList | ListItem | Product","true","154","1","","122","0","122","true","false"
"/proizvodi/cosmos-lac-flame-blue-fb-212-400-ml-flame-blue-fb-212-orange","200","true","","Cosmos Lac Flame Blue FB-212 Orange | Carsystem i R-M Inđija","60","1","Flame Blue FB-212 Orange u Cosmos Lac katalogu. Proverite namenu i pošaljite upit Carsystem i R-M timu.","103","1","http://localhost:3000/proizvodi/cosmos-lac-flame-blue-fb-212-400-ml-flame-blue-fb-212-orange","200","false","Cosmos Lac Flame Blue FB-212 Orange","1","H1:Cosmos Lac Flame Blue FB-212 Orange | H2:Dostupne boje | H2:Treba vam savet pri izboru proizvoda? | H2:Katalog | H2:Brendovi | H2:Podrška | H2:Kontakt","sr-Latn","Cosmos Lac Flame Blue FB-212 Orange | Carsystem i R-M Inđija","Flame Blue FB-212 Orange u Cosmos Lac katalogu. Proverite namenu i pošaljite upit Carsystem i R-M timu.","","summary","Cosmos Lac Flame Blue FB-212 Orange | Carsystem i R-M Inđija","Flame Blue FB-212 Orange u Cosmos Lac katalogu. Proverite namenu i pošaljite upit Carsystem i R-M timu.","","Brand | BreadcrumbList | ListItem | Product","true","154","1","","122","0","122","true","false"
"/proizvodi/cosmos-lac-flame-blue-fb-214-400-ml-flame-blue-fb-214-red-orange","200","true","","Cosmos Lac Flame Blue FB-214 Red Orange | Carsystem i R-M Inđija","64","1","Flame Blue FB-214 Red Orange u Cosmos Lac katalogu. Proverite namenu i pošaljite upit Carsystem i R-M timu.","107","1","http://localhost:3000/proizvodi/cosmos-lac-flame-blue-fb-214-400-ml-flame-blue-fb-214-red-orange","200","false","Cosmos Lac Flame Blue FB-214 Red Orange","1","H1:Cosmos Lac Flame Blue FB-214 Red Orange | H2:Dostupne boje | H2:Treba vam savet pri izboru proizvoda? | H2:Katalog | H2:Brendovi | H2:Podrška | H2:Kontakt","sr-Latn","Cosmos Lac Flame Blue FB-214 Red Orange | Carsystem i R-M Inđija","Flame Blue FB-214 Red Orange u Cosmos Lac katalogu. Proverite namenu i pošaljite upit Carsystem i R-M timu.","","summary","Cosmos Lac Flame Blue FB-214 Red Orange | Carsystem i R-M Inđija","Flame Blue FB-214 Red Orange u Cosmos Lac katalogu. Proverite namenu i pošaljite upit Carsystem i R-M timu.","","Brand | BreadcrumbList | ListItem | Product","true","154","1","","122","0","122","true","false"
"/proizvodi/cosmos-lac-flame-blue-fb-3000-providna-400-ml-flame-blue-fb-3000-transparent-white","200","true","","Cosmos Lac Flame Blue FB-3000 Transparent White — providna | Carsystem i R-M Inđija","83","1","Flame Blue FB-3000 Transparent White providna u Cosmos Lac katalogu. Proverite namenu i pošaljite upit Carsystem i R-M timu.","124","1","http://localhost:3000/proizvodi/cosmos-lac-flame-blue-fb-3000-providna-400-ml-flame-blue-fb-3000-transparent-white","200","false","Cosmos Lac Flame Blue FB-3000 Transparent White — providna","1","H1:Cosmos Lac Flame Blue FB-3000 Transparent White — providna | H2:Dostupne boje | H2:Treba vam savet pri izboru proizvoda? | H2:Katalog | H2:Brendovi | H2:Podrška | H2:Kontakt","sr-Latn","Cosmos Lac Flame Blue FB-3000 Transparent White — providna | Carsystem i R-M Inđija","Flame Blue FB-3000 Transparent White providna u Cosmos Lac katalogu. Proverite namenu i pošaljite upit Carsystem i R-M timu.","","summary","Cosmos Lac Flame Blue FB-3000 Transparent White — providna | Carsystem i R-M Inđija","Flame Blue FB-3000 Transparent White providna u Cosmos Lac katalogu. Proverite namenu i pošaljite upit Carsystem i R-M timu.","","Brand | BreadcrumbList | ListItem | Product","true","154","1","","122","0","122","true","false"
"/proizvodi/cosmos-lac-flame-blue-fb-3004-providna-400-ml-flame-blue-fb-3004-transparent-black","200","true","","Cosmos Lac Flame Blue FB-3004 Transparent Black — providna | Carsystem i R-M Inđija","83","1","Flame Blue FB-3004 Transparent Black providna u Cosmos Lac katalogu. Proverite namenu i pošaljite upit Carsystem i R-M timu.","124","1","http://localhost:3000/proizvodi/cosmos-lac-flame-blue-fb-3004-providna-400-ml-flame-blue-fb-3004-transparent-black","200","false","Cosmos Lac Flame Blue FB-3004 Transparent Black — providna","1","H1:Cosmos Lac Flame Blue FB-3004 Transparent Black — providna | H2:Dostupne boje | H2:Treba vam savet pri izboru proizvoda? | H2:Katalog | H2:Brendovi | H2:Podrška | H2:Kontakt","sr-Latn","Cosmos Lac Flame Blue FB-3004 Transparent Black — providna | Carsystem i R-M Inđija","Flame Blue FB-3004 Transparent Black providna u Cosmos Lac katalogu. Proverite namenu i pošaljite upit Carsystem i R-M timu.","","summary","Cosmos Lac Flame Blue FB-3004 Transparent Black — providna | Carsystem i R-M Inđija","Flame Blue FB-3004 Transparent Black providna u Cosmos Lac katalogu. Proverite namenu i pošaljite upit Carsystem i R-M timu.","","Brand | BreadcrumbList | ListItem | Product","true","154","1","","122","0","122","true","false"
"/proizvodi/cosmos-lac-flame-blue-fb-304-400-ml-flame-blue-fb-304-signal-red","200","true","","Cosmos Lac Flame Blue FB-304 Signal Red | Carsystem i R-M Inđija","64","1","Flame Blue FB-304 Signal Red u Cosmos Lac katalogu. Proverite namenu i pošaljite upit Carsystem i R-M timu.","107","1","http://localhost:3000/proizvodi/cosmos-lac-flame-blue-fb-304-400-ml-flame-blue-fb-304-signal-red","200","false","Cosmos Lac Flame Blue FB-304 Signal Red","1","H1:Cosmos Lac Flame Blue FB-304 Signal Red | H2:Dostupne boje | H2:Treba vam savet pri izboru proizvoda? | H2:Katalog | H2:Brendovi | H2:Podrška | H2:Kontakt","sr-Latn","Cosmos Lac Flame Blue FB-304 Signal Red | Carsystem i R-M Inđija","Flame Blue FB-304 Signal Red u Cosmos Lac katalogu. Proverite namenu i pošaljite upit Carsystem i R-M timu.","","summary","Cosmos Lac Flame Blue FB-304 Signal Red | Carsystem i R-M Inđija","Flame Blue FB-304 Signal Red u Cosmos Lac katalogu. Proverite namenu i pošaljite upit Carsystem i R-M timu.","","Brand | BreadcrumbList | ListItem | Product","true","154","1","","122","0","122","true","false"
"/proizvodi/cosmos-lac-flame-blue-fb-306-400-ml-flame-blue-fb-306-ruby-red","200","true","","Cosmos Lac Flame Blue FB-306 Ruby Red | Carsystem i R-M Inđija","62","1","Flame Blue FB-306 Ruby Red u Cosmos Lac katalogu. Proverite namenu i pošaljite upit Carsystem i R-M timu.","105","1","http://localhost:3000/proizvodi/cosmos-lac-flame-blue-fb-306-400-ml-flame-blue-fb-306-ruby-red","200","false","Cosmos Lac Flame Blue FB-306 Ruby Red","1","H1:Cosmos Lac Flame Blue FB-306 Ruby Red | H2:Dostupne boje | H2:Treba vam savet pri izboru proizvoda? | H2:Katalog | H2:Brendovi | H2:Podrška | H2:Kontakt","sr-Latn","Cosmos Lac Flame Blue FB-306 Ruby Red | Carsystem i R-M Inđija","Flame Blue FB-306 Ruby Red u Cosmos Lac katalogu. Proverite namenu i pošaljite upit Carsystem i R-M timu.","","summary","Cosmos Lac Flame Blue FB-306 Ruby Red | Carsystem i R-M Inđija","Flame Blue FB-306 Ruby Red u Cosmos Lac katalogu. Proverite namenu i pošaljite upit Carsystem i R-M timu.","","Brand | BreadcrumbList | ListItem | Product","true","154","1","","122","0","122","true","false"
"/proizvodi/cosmos-lac-flame-blue-fb-308-400-ml-flame-blue-fb-308-piglet-pink-light","200","true","","Cosmos Lac Flame Blue FB-308 Piglet Pink Light | Carsystem i R-M Inđija","71","1","Flame Blue FB-308 Piglet Pink Light u Cosmos Lac katalogu. Proverite namenu i pošaljite upit Carsystem i R-M timu.","114","1","http://localhost:3000/proizvodi/cosmos-lac-flame-blue-fb-308-400-ml-flame-blue-fb-308-piglet-pink-light","200","false","Cosmos Lac Flame Blue FB-308 Piglet Pink Light","1","H1:Cosmos Lac Flame Blue FB-308 Piglet Pink Light | H2:Dostupne boje | H2:Treba vam savet pri izboru proizvoda? | H2:Katalog | H2:Brendovi | H2:Podrška | H2:Kontakt","sr-Latn","Cosmos Lac Flame Blue FB-308 Piglet Pink Light | Carsystem i R-M Inđija","Flame Blue FB-308 Piglet Pink Light u Cosmos Lac katalogu. Proverite namenu i pošaljite upit Carsystem i R-M timu.","","summary","Cosmos Lac Flame Blue FB-308 Piglet Pink Light | Carsystem i R-M Inđija","Flame Blue FB-308 Piglet Pink Light u Cosmos Lac katalogu. Proverite namenu i pošaljite upit Carsystem i R-M timu.","","Brand | BreadcrumbList | ListItem | Product","true","154","1","","122","0","122","true","false"
"/proizvodi/cosmos-lac-flame-blue-fb-310-400-ml-flame-blue-fb-310-piglet-pink","200","true","","Cosmos Lac Flame Blue FB-310 Piglet Pink | Carsystem i R-M Inđija","65","1","Flame Blue FB-310 Piglet Pink u Cosmos Lac katalogu. Proverite namenu i pošaljite upit Carsystem i R-M timu.","108","1","http://localhost:3000/proizvodi/cosmos-lac-flame-blue-fb-310-400-ml-flame-blue-fb-310-piglet-pink","200","false","Cosmos Lac Flame Blue FB-310 Piglet Pink","1","H1:Cosmos Lac Flame Blue FB-310 Piglet Pink | H2:Dostupne boje | H2:Treba vam savet pri izboru proizvoda? | H2:Katalog | H2:Brendovi | H2:Podrška | H2:Kontakt","sr-Latn","Cosmos Lac Flame Blue FB-310 Piglet Pink | Carsystem i R-M Inđija","Flame Blue FB-310 Piglet Pink u Cosmos Lac katalogu. Proverite namenu i pošaljite upit Carsystem i R-M timu.","","summary","Cosmos Lac Flame Blue FB-310 Piglet Pink | Carsystem i R-M Inđija","Flame Blue FB-310 Piglet Pink u Cosmos Lac katalogu. Proverite namenu i pošaljite upit Carsystem i R-M timu.","","Brand | BreadcrumbList | ListItem | Product","true","154","1","","122","0","122","true","false"
"/proizvodi/cosmos-lac-flame-blue-fb-311-400-ml-flame-blue-fb-311-crazy-cherry","200","true","","Cosmos Lac Flame Blue FB-311 Crazy Cherry | Carsystem i R-M Inđija","66","1","Flame Blue FB-311 Crazy Cherry u Cosmos Lac katalogu. Proverite namenu i pošaljite upit Carsystem i R-M timu.","109","1","http://localhost:3000/proizvodi/cosmos-lac-flame-blue-fb-311-400-ml-flame-blue-fb-311-crazy-cherry","200","false","Cosmos Lac Flame Blue FB-311 Crazy Cherry","1","H1:Cosmos Lac Flame Blue FB-311 Crazy Cherry | H2:Dostupne boje | H2:Treba vam savet pri izboru proizvoda? | H2:Katalog | H2:Brendovi | H2:Podrška | H2:Kontakt","sr-Latn","Cosmos Lac Flame Blue FB-311 Crazy Cherry | Carsystem i R-M Inđija","Flame Blue FB-311 Crazy Cherry u Cosmos Lac katalogu. Proverite namenu i pošaljite upit Carsystem i R-M timu.","","summary","Cosmos Lac Flame Blue FB-311 Crazy Cherry | Carsystem i R-M Inđija","Flame Blue FB-311 Crazy Cherry u Cosmos Lac katalogu. Proverite namenu i pošaljite upit Carsystem i R-M timu.","","Brand | BreadcrumbList | ListItem | Product","true","154","1","","122","0","122","true","false"
"/proizvodi/cosmos-lac-flame-blue-fb-312-400-ml-flame-blue-fb-312-fire-red","200","true","","Cosmos Lac Flame Blue FB-312 Fire Red | Carsystem i R-M Inđija","62","1","Flame Blue FB-312 Fire Red u Cosmos Lac katalogu. Proverite namenu i pošaljite upit Carsystem i R-M timu.","105","1","http://localhost:3000/proizvodi/cosmos-lac-flame-blue-fb-312-400-ml-flame-blue-fb-312-fire-red","200","false","Cosmos Lac Flame Blue FB-312 Fire Red","1","H1:Cosmos Lac Flame Blue FB-312 Fire Red | H2:Dostupne boje | H2:Treba vam savet pri izboru proizvoda? | H2:Katalog | H2:Brendovi | H2:Podrška | H2:Kontakt","sr-Latn","Cosmos Lac Flame Blue FB-312 Fire Red | Carsystem i R-M Inđija","Flame Blue FB-312 Fire Red u Cosmos Lac katalogu. Proverite namenu i pošaljite upit Carsystem i R-M timu.","","summary","Cosmos Lac Flame Blue FB-312 Fire Red | Carsystem i R-M Inđija","Flame Blue FB-312 Fire Red u Cosmos Lac katalogu. Proverite namenu i pošaljite upit Carsystem i R-M timu.","","Brand | BreadcrumbList | ListItem | Product","true","154","1","","122","0","122","true","false"
"/proizvodi/cosmos-lac-flame-blue-fb-313-400-ml-flame-blue-fb-313-cherry-dark","200","true","","Cosmos Lac Flame Blue FB-313 Cherry Dark | Carsystem i R-M Inđija","65","1","Flame Blue FB-313 Cherry Dark u Cosmos Lac katalogu. Proverite namenu i pošaljite upit Carsystem i R-M timu.","108","1","http://localhost:3000/proizvodi/cosmos-lac-flame-blue-fb-313-400-ml-flame-blue-fb-313-cherry-dark","200","false","Cosmos Lac Flame Blue FB-313 Cherry Dark","1","H1:Cosmos Lac Flame Blue FB-313 Cherry Dark | H2:Dostupne boje | H2:Treba vam savet pri izboru proizvoda? | H2:Katalog | H2:Brendovi | H2:Podrška | H2:Kontakt","sr-Latn","Cosmos Lac Flame Blue FB-313 Cherry Dark | Carsystem i R-M Inđija","Flame Blue FB-313 Cherry Dark u Cosmos Lac katalogu. Proverite namenu i pošaljite upit Carsystem i R-M timu.","","summary","Cosmos Lac Flame Blue FB-313 Cherry Dark | Carsystem i R-M Inđija","Flame Blue FB-313 Cherry Dark u Cosmos Lac katalogu. Proverite namenu i pošaljite upit Carsystem i R-M timu.","","Brand | BreadcrumbList | ListItem | Product","true","154","1","","122","0","122","true","false"
"/proizvodi/cosmos-lac-flame-blue-fb-318-400-ml-flame-blue-fb-318-traffic-purple-dark","200","true","","Cosmos Lac Flame Blue FB-318 Traffic Purple Dark | Carsystem i R-M Inđija","73","1","Flame Blue FB-318 Traffic Purple Dark u Cosmos Lac katalogu. Proverite namenu i pošaljite upit Carsystem i R-M timu.","116","1","http://localhost:3000/proizvodi/cosmos-lac-flame-blue-fb-318-400-ml-flame-blue-fb-318-traffic-purple-dark","200","false","Cosmos Lac Flame Blue FB-318 Traffic Purple Dark","1","H1:Cosmos Lac Flame Blue FB-318 Traffic Purple Dark | H2:Dostupne boje | H2:Treba vam savet pri izboru proizvoda? | H2:Katalog | H2:Brendovi | H2:Podrška | H2:Kontakt","sr-Latn","Cosmos Lac Flame Blue FB-318 Traffic Purple Dark | Carsystem i R-M Inđija","Flame Blue FB-318 Traffic Purple Dark u Cosmos Lac katalogu. Proverite namenu i pošaljite upit Carsystem i R-M timu.","","summary","Cosmos Lac Flame Blue FB-318 Traffic Purple Dark | Carsystem i R-M Inđija","Flame Blue FB-318 Traffic Purple Dark u Cosmos Lac katalogu. Proverite namenu i pošaljite upit Carsystem i R-M timu.","","Brand | BreadcrumbList | ListItem | Product","true","154","1","","122","0","122","true","false"
"/proizvodi/cosmos-lac-flame-blue-fb-320-400-ml-flame-blue-fb-320-burgundy","200","true","","Cosmos Lac Flame Blue FB-320 Burgundy | Carsystem i R-M Inđija","62","1","Flame Blue FB-320 Burgundy u Cosmos Lac katalogu. Proverite namenu i pošaljite upit Carsystem i R-M timu.","105","1","http://localhost:3000/proizvodi/cosmos-lac-flame-blue-fb-320-400-ml-flame-blue-fb-320-burgundy","200","false","Cosmos Lac Flame Blue FB-320 Burgundy","1","H1:Cosmos Lac Flame Blue FB-320 Burgundy | H2:Dostupne boje | H2:Treba vam savet pri izboru proizvoda? | H2:Katalog | H2:Brendovi | H2:Podrška | H2:Kontakt","sr-Latn","Cosmos Lac Flame Blue FB-320 Burgundy | Carsystem i R-M Inđija","Flame Blue FB-320 Burgundy u Cosmos Lac katalogu. Proverite namenu i pošaljite upit Carsystem i R-M timu.","","summary","Cosmos Lac Flame Blue FB-320 Burgundy | Carsystem i R-M Inđija","Flame Blue FB-320 Burgundy u Cosmos Lac katalogu. Proverite namenu i pošaljite upit Carsystem i R-M timu.","","Brand | BreadcrumbList | ListItem | Product","true","154","1","","122","0","122","true","false"
"/proizvodi/cosmos-lac-flame-blue-fb-322-400-ml-flame-blue-fb-322-aubergine","200","true","","Cosmos Lac Flame Blue FB-322 Aubergine | Carsystem i R-M Inđija","63","1","Flame Blue FB-322 Aubergine u Cosmos Lac katalogu. Proverite namenu i pošaljite upit Carsystem i R-M timu.","106","1","http://localhost:3000/proizvodi/cosmos-lac-flame-blue-fb-322-400-ml-flame-blue-fb-322-aubergine","200","false","Cosmos Lac Flame Blue FB-322 Aubergine","1","H1:Cosmos Lac Flame Blue FB-322 Aubergine | H2:Dostupne boje | H2:Treba vam savet pri izboru proizvoda? | H2:Katalog | H2:Brendovi | H2:Podrška | H2:Kontakt","sr-Latn","Cosmos Lac Flame Blue FB-322 Aubergine | Carsystem i R-M Inđija","Flame Blue FB-322 Aubergine u Cosmos Lac katalogu. Proverite namenu i pošaljite upit Carsystem i R-M timu.","","summary","Cosmos Lac Flame Blue FB-322 Aubergine | Carsystem i R-M Inđija","Flame Blue FB-322 Aubergine u Cosmos Lac katalogu. Proverite namenu i pošaljite upit Carsystem i R-M timu.","","Brand | BreadcrumbList | ListItem | Product","true","154","1","","122","0","122","true","false"
"/proizvodi/cosmos-lac-flame-blue-fb-399-400-ml-flame-blue-fb-399-erica-violet-light","200","true","","Cosmos Lac Flame Blue FB-399 Erica Violet Light | Carsystem i R-M Inđija","72","1","Flame Blue FB-399 Erica Violet Light u Cosmos Lac katalogu. Proverite namenu i pošaljite upit Carsystem i R-M timu.","115","1","http://localhost:3000/proizvodi/cosmos-lac-flame-blue-fb-399-400-ml-flame-blue-fb-399-erica-violet-light","200","false","Cosmos Lac Flame Blue FB-399 Erica Violet Light","1","H1:Cosmos Lac Flame Blue FB-399 Erica Violet Light | H2:Dostupne boje | H2:Treba vam savet pri izboru proizvoda? | H2:Katalog | H2:Brendovi | H2:Podrška | H2:Kontakt","sr-Latn","Cosmos Lac Flame Blue FB-399 Erica Violet Light | Carsystem i R-M Inđija","Flame Blue FB-399 Erica Violet Light u Cosmos Lac katalogu. Proverite namenu i pošaljite upit Carsystem i R-M timu.","","summary","Cosmos Lac Flame Blue FB-399 Erica Violet Light | Carsystem i R-M Inđija","Flame Blue FB-399 Erica Violet Light u Cosmos Lac katalogu. Proverite namenu i pošaljite upit Carsystem i R-M timu.","","Brand | BreadcrumbList | ListItem | Product","true","154","1","","122","0","122","true","false"
"/proizvodi/cosmos-lac-flame-blue-fb-400-400-ml-flame-blue-fb-400-erica-violet","200","true","","Cosmos Lac Flame Blue FB-400 Erica Violet | Carsystem i R-M Inđija","66","1","Flame Blue FB-400 Erica Violet u Cosmos Lac katalogu. Proverite namenu i pošaljite upit Carsystem i R-M timu.","109","1","http://localhost:3000/proizvodi/cosmos-lac-flame-blue-fb-400-400-ml-flame-blue-fb-400-erica-violet","200","false","Cosmos Lac Flame Blue FB-400 Erica Violet","1","H1:Cosmos Lac Flame Blue FB-400 Erica Violet | H2:Dostupne boje | H2:Treba vam savet pri izboru proizvoda? | H2:Katalog | H2:Brendovi | H2:Podrška | H2:Kontakt","sr-Latn","Cosmos Lac Flame Blue FB-400 Erica Violet | Carsystem i R-M Inđija","Flame Blue FB-400 Erica Violet u Cosmos Lac katalogu. Proverite namenu i pošaljite upit Carsystem i R-M timu.","","summary","Cosmos Lac Flame Blue FB-400 Erica Violet | Carsystem i R-M Inđija","Flame Blue FB-400 Erica Violet u Cosmos Lac katalogu. Proverite namenu i pošaljite upit Carsystem i R-M timu.","","Brand | BreadcrumbList | ListItem | Product","true","154","1","","122","0","122","true","false"
"/proizvodi/cosmos-lac-flame-blue-fb-401-400-ml-flame-blue-fb-401-erica-pastel","200","true","","Cosmos Lac Flame Blue FB-401 Erica Pastel | Carsystem i R-M Inđija","66","1","Flame Blue FB-401 Erica Pastel u Cosmos Lac katalogu. Proverite namenu i pošaljite upit Carsystem i R-M timu.","109","1","http://localhost:3000/proizvodi/cosmos-lac-flame-blue-fb-401-400-ml-flame-blue-fb-401-erica-pastel","200","false","Cosmos Lac Flame Blue FB-401 Erica Pastel","1","H1:Cosmos Lac Flame Blue FB-401 Erica Pastel | H2:Dostupne boje | H2:Treba vam savet pri izboru proizvoda? | H2:Katalog | H2:Brendovi | H2:Podrška | H2:Kontakt","sr-Latn","Cosmos Lac Flame Blue FB-401 Erica Pastel | Carsystem i R-M Inđija","Flame Blue FB-401 Erica Pastel u Cosmos Lac katalogu. Proverite namenu i pošaljite upit Carsystem i R-M timu.","","summary","Cosmos Lac Flame Blue FB-401 Erica Pastel | Carsystem i R-M Inđija","Flame Blue FB-401 Erica Pastel u Cosmos Lac katalogu. Proverite namenu i pošaljite upit Carsystem i R-M timu.","","Brand | BreadcrumbList | ListItem | Product","true","154","1","","122","0","122","true","false"
"/proizvodi/cosmos-lac-flame-blue-fb-402-400-ml-flame-blue-fb-402-telemagenta","200","true","","Cosmos Lac Flame Blue FB-402 Telemagenta | Carsystem i R-M Inđija","65","1","Flame Blue FB-402 Telemagenta u Cosmos Lac katalogu. Proverite namenu i pošaljite upit Carsystem i R-M timu.","108","1","http://localhost:3000/proizvodi/cosmos-lac-flame-blue-fb-402-400-ml-flame-blue-fb-402-telemagenta","200","false","Cosmos Lac Flame Blue FB-402 Telemagenta","1","H1:Cosmos Lac Flame Blue FB-402 Telemagenta | H2:Dostupne boje | H2:Treba vam savet pri izboru proizvoda? | H2:Katalog | H2:Brendovi | H2:Podrška | H2:Kontakt","sr-Latn","Cosmos Lac Flame Blue FB-402 Telemagenta | Carsystem i R-M Inđija","Flame Blue FB-402 Telemagenta u Cosmos Lac katalogu. Proverite namenu i pošaljite upit Carsystem i R-M timu.","","summary","Cosmos Lac Flame Blue FB-402 Telemagenta | Carsystem i R-M Inđija","Flame Blue FB-402 Telemagenta u Cosmos Lac katalogu. Proverite namenu i pošaljite upit Carsystem i R-M timu.","","Brand | BreadcrumbList | ListItem | Product","true","154","1","","122","0","122","true","false"
"/proizvodi/cosmos-lac-flame-blue-fb-404-400-ml-flame-blue-fb-404-traffic-purple","200","true","","Cosmos Lac Flame Blue FB-404 Traffic Purple | Carsystem i R-M Inđija","68","1","Flame Blue FB-404 Traffic Purple u Cosmos Lac katalogu. Proverite namenu i pošaljite upit Carsystem i R-M timu.","111","1","http://localhost:3000/proizvodi/cosmos-lac-flame-blue-fb-404-400-ml-flame-blue-fb-404-traffic-purple","200","false","Cosmos Lac Flame Blue FB-404 Traffic Purple","1","H1:Cosmos Lac Flame Blue FB-404 Traffic Purple | H2:Dostupne boje | H2:Treba vam savet pri izboru proizvoda? | H2:Katalog | H2:Brendovi | H2:Podrška | H2:Kontakt","sr-Latn","Cosmos Lac Flame Blue FB-404 Traffic Purple | Carsystem i R-M Inđija","Flame Blue FB-404 Traffic Purple u Cosmos Lac katalogu. Proverite namenu i pošaljite upit Carsystem i R-M timu.","","summary","Cosmos Lac Flame Blue FB-404 Traffic Purple | Carsystem i R-M Inđija","Flame Blue FB-404 Traffic Purple u Cosmos Lac katalogu. Proverite namenu i pošaljite upit Carsystem i R-M timu.","","Brand | BreadcrumbList | ListItem | Product","true","154","1","","122","0","122","true","false"
"/proizvodi/cosmos-lac-flame-blue-fb-406-400-ml-flame-blue-fb-406-lavender","200","true","","Cosmos Lac Flame Blue FB-406 Lavender | Carsystem i R-M Inđija","62","1","Flame Blue FB-406 Lavender u Cosmos Lac katalogu. Proverite namenu i pošaljite upit Carsystem i R-M timu.","105","1","http://localhost:3000/proizvodi/cosmos-lac-flame-blue-fb-406-400-ml-flame-blue-fb-406-lavender","200","false","Cosmos Lac Flame Blue FB-406 Lavender","1","H1:Cosmos Lac Flame Blue FB-406 Lavender | H2:Dostupne boje | H2:Treba vam savet pri izboru proizvoda? | H2:Katalog | H2:Brendovi | H2:Podrška | H2:Kontakt","sr-Latn","Cosmos Lac Flame Blue FB-406 Lavender | Carsystem i R-M Inđija","Flame Blue FB-406 Lavender u Cosmos Lac katalogu. Proverite namenu i pošaljite upit Carsystem i R-M timu.","","summary","Cosmos Lac Flame Blue FB-406 Lavender | Carsystem i R-M Inđija","Flame Blue FB-406 Lavender u Cosmos Lac katalogu. Proverite namenu i pošaljite upit Carsystem i R-M timu.","","Brand | BreadcrumbList | ListItem | Product","true","154","1","","122","0","122","true","false"
"/proizvodi/cosmos-lac-flame-blue-fb-408-400-ml-flame-blue-fb-408-grape","200","true","","Cosmos Lac Flame Blue FB-408 Grape | Carsystem i R-M Inđija","59","1","Flame Blue FB-408 Grape u Cosmos Lac katalogu. Proverite namenu i pošaljite upit Carsystem i R-M timu.","102","1","http://localhost:3000/proizvodi/cosmos-lac-flame-blue-fb-408-400-ml-flame-blue-fb-408-grape","200","false","Cosmos Lac Flame Blue FB-408 Grape","1","H1:Cosmos Lac Flame Blue FB-408 Grape | H2:Dostupne boje | H2:Treba vam savet pri izboru proizvoda? | H2:Katalog | H2:Brendovi | H2:Podrška | H2:Kontakt","sr-Latn","Cosmos Lac Flame Blue FB-408 Grape | Carsystem i R-M Inđija","Flame Blue FB-408 Grape u Cosmos Lac katalogu. Proverite namenu i pošaljite upit Carsystem i R-M timu.","","summary","Cosmos Lac Flame Blue FB-408 Grape | Carsystem i R-M Inđija","Flame Blue FB-408 Grape u Cosmos Lac katalogu. Proverite namenu i pošaljite upit Carsystem i R-M timu.","","Brand | BreadcrumbList | ListItem | Product","true","154","1","","122","0","122","true","false"
"/proizvodi/cosmos-lac-flame-blue-fb-410-400-ml-flame-blue-fb-410-blackberry","200","true","","Cosmos Lac Flame Blue FB-410 Blackberry | Carsystem i R-M Inđija","64","1","Flame Blue FB-410 Blackberry u Cosmos Lac katalogu. Proverite namenu i pošaljite upit Carsystem i R-M timu.","107","1","http://localhost:3000/proizvodi/cosmos-lac-flame-blue-fb-410-400-ml-flame-blue-fb-410-blackberry","200","false","Cosmos Lac Flame Blue FB-410 Blackberry","1","H1:Cosmos Lac Flame Blue FB-410 Blackberry | H2:Dostupne boje | H2:Treba vam savet pri izboru proizvoda? | H2:Katalog | H2:Brendovi | H2:Podrška | H2:Kontakt","sr-Latn","Cosmos Lac Flame Blue FB-410 Blackberry | Carsystem i R-M Inđija","Flame Blue FB-410 Blackberry u Cosmos Lac katalogu. Proverite namenu i pošaljite upit Carsystem i R-M timu.","","summary","Cosmos Lac Flame Blue FB-410 Blackberry | Carsystem i R-M Inđija","Flame Blue FB-410 Blackberry u Cosmos Lac katalogu. Proverite namenu i pošaljite upit Carsystem i R-M timu.","","Brand | BreadcrumbList | ListItem | Product","true","154","1","","122","0","122","true","false"
"/proizvodi/cosmos-lac-flame-blue-fb-412-400-ml-flame-blue-fb-412-currant","200","true","","Cosmos Lac Flame Blue FB-412 Currant | Carsystem i R-M Inđija","61","1","Flame Blue FB-412 Currant u Cosmos Lac katalogu. Proverite namenu i pošaljite upit Carsystem i R-M timu.","104","1","http://localhost:3000/proizvodi/cosmos-lac-flame-blue-fb-412-400-ml-flame-blue-fb-412-currant","200","false","Cosmos Lac Flame Blue FB-412 Currant","1","H1:Cosmos Lac Flame Blue FB-412 Currant | H2:Dostupne boje | H2:Treba vam savet pri izboru proizvoda? | H2:Katalog | H2:Brendovi | H2:Podrška | H2:Kontakt","sr-Latn","Cosmos Lac Flame Blue FB-412 Currant | Carsystem i R-M Inđija","Flame Blue FB-412 Currant u Cosmos Lac katalogu. Proverite namenu i pošaljite upit Carsystem i R-M timu.","","summary","Cosmos Lac Flame Blue FB-412 Currant | Carsystem i R-M Inđija","Flame Blue FB-412 Currant u Cosmos Lac katalogu. Proverite namenu i pošaljite upit Carsystem i R-M timu.","","Brand | BreadcrumbList | ListItem | Product","true","154","1","","122","0","122","true","false"
"/proizvodi/cosmos-lac-flame-blue-fb-414-400-ml-flame-blue-fb-414-viola-pastel","200","true","","Cosmos Lac Flame Blue FB-414 Viola Pastel | Carsystem i R-M Inđija","66","1","Flame Blue FB-414 Viola Pastel u Cosmos Lac katalogu. Proverite namenu i pošaljite upit Carsystem i R-M timu.","109","1","http://localhost:3000/proizvodi/cosmos-lac-flame-blue-fb-414-400-ml-flame-blue-fb-414-viola-pastel","200","false","Cosmos Lac Flame Blue FB-414 Viola Pastel","1","H1:Cosmos Lac Flame Blue FB-414 Viola Pastel | H2:Dostupne boje | H2:Treba vam savet pri izboru proizvoda? | H2:Katalog | H2:Brendovi | H2:Podrška | H2:Kontakt","sr-Latn","Cosmos Lac Flame Blue FB-414 Viola Pastel | Carsystem i R-M Inđija","Flame Blue FB-414 Viola Pastel u Cosmos Lac katalogu. Proverite namenu i pošaljite upit Carsystem i R-M timu.","","summary","Cosmos Lac Flame Blue FB-414 Viola Pastel | Carsystem i R-M Inđija","Flame Blue FB-414 Viola Pastel u Cosmos Lac katalogu. Proverite namenu i pošaljite upit Carsystem i R-M timu.","","Brand | BreadcrumbList | ListItem | Product","true","154","1","","122","0","122","true","false"
"/proizvodi/cosmos-lac-flame-blue-fb-416-400-ml-flame-blue-fb-416-viola-light","200","true","","Cosmos Lac Flame Blue FB-416 Viola Light | Carsystem i R-M Inđija","65","1","Flame Blue FB-416 Viola Light u Cosmos Lac katalogu. Proverite namenu i pošaljite upit Carsystem i R-M timu.","108","1","http://localhost:3000/proizvodi/cosmos-lac-flame-blue-fb-416-400-ml-flame-blue-fb-416-viola-light","200","false","Cosmos Lac Flame Blue FB-416 Viola Light","1","H1:Cosmos Lac Flame Blue FB-416 Viola Light | H2:Dostupne boje | H2:Treba vam savet pri izboru proizvoda? | H2:Katalog | H2:Brendovi | H2:Podrška | H2:Kontakt","sr-Latn","Cosmos Lac Flame Blue FB-416 Viola Light | Carsystem i R-M Inđija","Flame Blue FB-416 Viola Light u Cosmos Lac katalogu. Proverite namenu i pošaljite upit Carsystem i R-M timu.","","summary","Cosmos Lac Flame Blue FB-416 Viola Light | Carsystem i R-M Inđija","Flame Blue FB-416 Viola Light u Cosmos Lac katalogu. Proverite namenu i pošaljite upit Carsystem i R-M timu.","","Brand | BreadcrumbList | ListItem | Product","true","154","1","","122","0","122","true","false"
"/proizvodi/cosmos-lac-flame-blue-fb-418-400-ml-flame-blue-fb-418-viola","200","true","","Cosmos Lac Flame Blue FB-418 Viola | Carsystem i R-M Inđija","59","1","Flame Blue FB-418 Viola u Cosmos Lac katalogu. Proverite namenu i pošaljite upit Carsystem i R-M timu.","102","1","http://localhost:3000/proizvodi/cosmos-lac-flame-blue-fb-418-400-ml-flame-blue-fb-418-viola","200","false","Cosmos Lac Flame Blue FB-418 Viola","1","H1:Cosmos Lac Flame Blue FB-418 Viola | H2:Dostupne boje | H2:Treba vam savet pri izboru proizvoda? | H2:Katalog | H2:Brendovi | H2:Podrška | H2:Kontakt","sr-Latn","Cosmos Lac Flame Blue FB-418 Viola | Carsystem i R-M Inđija","Flame Blue FB-418 Viola u Cosmos Lac katalogu. Proverite namenu i pošaljite upit Carsystem i R-M timu.","","summary","Cosmos Lac Flame Blue FB-418 Viola | Carsystem i R-M Inđija","Flame Blue FB-418 Viola u Cosmos Lac katalogu. Proverite namenu i pošaljite upit Carsystem i R-M timu.","","Brand | BreadcrumbList | ListItem | Product","true","154","1","","122","0","122","true","false"
"/proizvodi/cosmos-lac-flame-blue-fb-420-400-ml-flame-blue-fb-420-viola-dark","200","true","","Cosmos Lac Flame Blue FB-420 Viola Dark | Carsystem i R-M Inđija","64","1","Flame Blue FB-420 Viola Dark u Cosmos Lac katalogu. Proverite namenu i pošaljite upit Carsystem i R-M timu.","107","1","http://localhost:3000/proizvodi/cosmos-lac-flame-blue-fb-420-400-ml-flame-blue-fb-420-viola-dark","200","false","Cosmos Lac Flame Blue FB-420 Viola Dark","1","H1:Cosmos Lac Flame Blue FB-420 Viola Dark | H2:Dostupne boje | H2:Treba vam savet pri izboru proizvoda? | H2:Katalog | H2:Brendovi | H2:Podrška | H2:Kontakt","sr-Latn","Cosmos Lac Flame Blue FB-420 Viola Dark | Carsystem i R-M Inđija","Flame Blue FB-420 Viola Dark u Cosmos Lac katalogu. Proverite namenu i pošaljite upit Carsystem i R-M timu.","","summary","Cosmos Lac Flame Blue FB-420 Viola Dark | Carsystem i R-M Inđija","Flame Blue FB-420 Viola Dark u Cosmos Lac katalogu. Proverite namenu i pošaljite upit Carsystem i R-M timu.","","Brand | BreadcrumbList | ListItem | Product","true","154","1","","122","0","122","true","false"
"/proizvodi/cosmos-lac-flame-blue-fb-424-400-ml-flame-blue-fb-424-cosmos-blue-light","200","true","","Cosmos Lac Flame Blue FB-424 Cosmos Blue Light | Carsystem i R-M Inđija","71","1","Flame Blue FB-424 Cosmos Blue Light u Cosmos Lac katalogu. Proverite namenu i pošaljite upit Carsystem i R-M timu.","114","1","http://localhost:3000/proizvodi/cosmos-lac-flame-blue-fb-424-400-ml-flame-blue-fb-424-cosmos-blue-light","200","false","Cosmos Lac Flame Blue FB-424 Cosmos Blue Light","1","H1:Cosmos Lac Flame Blue FB-424 Cosmos Blue Light | H2:Dostupne boje | H2:Treba vam savet pri izboru proizvoda? | H2:Katalog | H2:Brendovi | H2:Podrška | H2:Kontakt","sr-Latn","Cosmos Lac Flame Blue FB-424 Cosmos Blue Light | Carsystem i R-M Inđija","Flame Blue FB-424 Cosmos Blue Light u Cosmos Lac katalogu. Proverite namenu i pošaljite upit Carsystem i R-M timu.","","summary","Cosmos Lac Flame Blue FB-424 Cosmos Blue Light | Carsystem i R-M Inđija","Flame Blue FB-424 Cosmos Blue Light u Cosmos Lac katalogu. Proverite namenu i pošaljite upit Carsystem i R-M timu.","","Brand | BreadcrumbList | ListItem | Product","true","154","1","","122","0","122","true","false"
"/proizvodi/cosmos-lac-flame-blue-fb-426-400-ml-flame-blue-fb-426-cosmos-blue","200","true","","Cosmos Lac Flame Blue FB-426 Cosmos Blue | Carsystem i R-M Inđija","65","1","Flame Blue FB-426 Cosmos Blue u Cosmos Lac katalogu. Proverite namenu i pošaljite upit Carsystem i R-M timu.","108","1","http://localhost:3000/proizvodi/cosmos-lac-flame-blue-fb-426-400-ml-flame-blue-fb-426-cosmos-blue","200","false","Cosmos Lac Flame Blue FB-426 Cosmos Blue","1","H1:Cosmos Lac Flame Blue FB-426 Cosmos Blue | H2:Dostupne boje | H2:Treba vam savet pri izboru proizvoda? | H2:Katalog | H2:Brendovi | H2:Podrška | H2:Kontakt","sr-Latn","Cosmos Lac Flame Blue FB-426 Cosmos Blue | Carsystem i R-M Inđija","Flame Blue FB-426 Cosmos Blue u Cosmos Lac katalogu. Proverite namenu i pošaljite upit Carsystem i R-M timu.","","summary","Cosmos Lac Flame Blue FB-426 Cosmos Blue | Carsystem i R-M Inđija","Flame Blue FB-426 Cosmos Blue u Cosmos Lac katalogu. Proverite namenu i pošaljite upit Carsystem i R-M timu.","","Brand | BreadcrumbList | ListItem | Product","true","154","1","","122","0","122","true","false"
"/proizvodi/cosmos-lac-flame-blue-fb-428-400-ml-flame-blue-fb-428-cosmos-blue-dark","200","true","","Cosmos Lac Flame Blue FB-428 Cosmos Blue Dark | Carsystem i R-M Inđija","70","1","Flame Blue FB-428 Cosmos Blue Dark u Cosmos Lac katalogu. Proverite namenu i pošaljite upit Carsystem i R-M timu.","113","1","http://localhost:3000/proizvodi/cosmos-lac-flame-blue-fb-428-400-ml-flame-blue-fb-428-cosmos-blue-dark","200","false","Cosmos Lac Flame Blue FB-428 Cosmos Blue Dark","1","H1:Cosmos Lac Flame Blue FB-428 Cosmos Blue Dark | H2:Dostupne boje | H2:Treba vam savet pri izboru proizvoda? | H2:Katalog | H2:Brendovi | H2:Podrška | H2:Kontakt","sr-Latn","Cosmos Lac Flame Blue FB-428 Cosmos Blue Dark | Carsystem i R-M Inđija","Flame Blue FB-428 Cosmos Blue Dark u Cosmos Lac katalogu. Proverite namenu i pošaljite upit Carsystem i R-M timu.","","summary","Cosmos Lac Flame Blue FB-428 Cosmos Blue Dark | Carsystem i R-M Inđija","Flame Blue FB-428 Cosmos Blue Dark u Cosmos Lac katalogu. Proverite namenu i pošaljite upit Carsystem i R-M timu.","","Brand | BreadcrumbList | ListItem | Product","true","154","1","","122","0","122","true","false"
"/proizvodi/cosmos-lac-flame-blue-fb-502-400-ml-flame-blue-fb-502-lighting-blue","200","true","","Cosmos Lac Flame Blue FB-502 Lighting Blue | Carsystem i R-M Inđija","67","1","Flame Blue FB-502 Lighting Blue u Cosmos Lac katalogu. Proverite namenu i pošaljite upit Carsystem i R-M timu.","110","1","http://localhost:3000/proizvodi/cosmos-lac-flame-blue-fb-502-400-ml-flame-blue-fb-502-lighting-blue","200","false","Cosmos Lac Flame Blue FB-502 Lighting Blue","1","H1:Cosmos Lac Flame Blue FB-502 Lighting Blue | H2:Dostupne boje | H2:Treba vam savet pri izboru proizvoda? | H2:Katalog | H2:Brendovi | H2:Podrška | H2:Kontakt","sr-Latn","Cosmos Lac Flame Blue FB-502 Lighting Blue | Carsystem i R-M Inđija","Flame Blue FB-502 Lighting Blue u Cosmos Lac katalogu. Proverite namenu i pošaljite upit Carsystem i R-M timu.","","summary","Cosmos Lac Flame Blue FB-502 Lighting Blue | Carsystem i R-M Inđija","Flame Blue FB-502 Lighting Blue u Cosmos Lac katalogu. Proverite namenu i pošaljite upit Carsystem i R-M timu.","","Brand | BreadcrumbList | ListItem | Product","true","154","1","","122","0","122","true","false"
"/proizvodi/cosmos-lac-flame-blue-fb-504-400-ml-flame-blue-fb-504-light-blue-light","200","true","","Cosmos Lac Flame Blue FB-504 Light Blue Light | Carsystem i R-M Inđija","70","1","Flame Blue FB-504 Light Blue Light u Cosmos Lac katalogu. Proverite namenu i pošaljite upit Carsystem i R-M timu.","113","1","http://localhost:3000/proizvodi/cosmos-lac-flame-blue-fb-504-400-ml-flame-blue-fb-504-light-blue-light","200","false","Cosmos Lac Flame Blue FB-504 Light Blue Light","1","H1:Cosmos Lac Flame Blue FB-504 Light Blue Light | H2:Dostupne boje | H2:Treba vam savet pri izboru proizvoda? | H2:Katalog | H2:Brendovi | H2:Podrška | H2:Kontakt","sr-Latn","Cosmos Lac Flame Blue FB-504 Light Blue Light | Carsystem i R-M Inđija","Flame Blue FB-504 Light Blue Light u Cosmos Lac katalogu. Proverite namenu i pošaljite upit Carsystem i R-M timu.","","summary","Cosmos Lac Flame Blue FB-504 Light Blue Light | Carsystem i R-M Inđija","Flame Blue FB-504 Light Blue Light u Cosmos Lac katalogu. Proverite namenu i pošaljite upit Carsystem i R-M timu.","","Brand | BreadcrumbList | ListItem | Product","true","154","1","","122","0","122","true","false"
"/proizvodi/cosmos-lac-flame-blue-fb-508-400-ml-flame-blue-fb-508-light-blue","200","true","","Cosmos Lac Flame Blue FB-508 Light Blue | Carsystem i R-M Inđija","64","1","Flame Blue FB-508 Light Blue u Cosmos Lac katalogu. Proverite namenu i pošaljite upit Carsystem i R-M timu.","107","1","http://localhost:3000/proizvodi/cosmos-lac-flame-blue-fb-508-400-ml-flame-blue-fb-508-light-blue","200","false","Cosmos Lac Flame Blue FB-508 Light Blue","1","H1:Cosmos Lac Flame Blue FB-508 Light Blue | H2:Dostupne boje | H2:Treba vam savet pri izboru proizvoda? | H2:Katalog | H2:Brendovi | H2:Podrška | H2:Kontakt","sr-Latn","Cosmos Lac Flame Blue FB-508 Light Blue | Carsystem i R-M Inđija","Flame Blue FB-508 Light Blue u Cosmos Lac katalogu. Proverite namenu i pošaljite upit Carsystem i R-M timu.","","summary","Cosmos Lac Flame Blue FB-508 Light Blue | Carsystem i R-M Inđija","Flame Blue FB-508 Light Blue u Cosmos Lac katalogu. Proverite namenu i pošaljite upit Carsystem i R-M timu.","","Brand | BreadcrumbList | ListItem | Product","true","154","1","","122","0","122","true","false"
"/proizvodi/cosmos-lac-flame-blue-fb-510-400-ml-flame-blue-fb-510-sky-blue","200","true","","Cosmos Lac Flame Blue FB-510 Sky Blue | Carsystem i R-M Inđija","62","1","Flame Blue FB-510 Sky Blue u Cosmos Lac katalogu. Proverite namenu i pošaljite upit Carsystem i R-M timu.","105","1","http://localhost:3000/proizvodi/cosmos-lac-flame-blue-fb-510-400-ml-flame-blue-fb-510-sky-blue","200","false","Cosmos Lac Flame Blue FB-510 Sky Blue","1","H1:Cosmos Lac Flame Blue FB-510 Sky Blue | H2:Dostupne boje | H2:Treba vam savet pri izboru proizvoda? | H2:Katalog | H2:Brendovi | H2:Podrška | H2:Kontakt","sr-Latn","Cosmos Lac Flame Blue FB-510 Sky Blue | Carsystem i R-M Inđija","Flame Blue FB-510 Sky Blue u Cosmos Lac katalogu. Proverite namenu i pošaljite upit Carsystem i R-M timu.","","summary","Cosmos Lac Flame Blue FB-510 Sky Blue | Carsystem i R-M Inđija","Flame Blue FB-510 Sky Blue u Cosmos Lac katalogu. Proverite namenu i pošaljite upit Carsystem i R-M timu.","","Brand | BreadcrumbList | ListItem | Product","true","154","1","","122","0","122","true","false"
"/proizvodi/cosmos-lac-flame-blue-fb-512-400-ml-flame-blue-fb-512-signal-blue","200","true","","Cosmos Lac Flame Blue FB-512 Signal Blue | Carsystem i R-M Inđija","65","1","Flame Blue FB-512 Signal Blue u Cosmos Lac katalogu. Proverite namenu i pošaljite upit Carsystem i R-M timu.","108","1","http://localhost:3000/proizvodi/cosmos-lac-flame-blue-fb-512-400-ml-flame-blue-fb-512-signal-blue","200","false","Cosmos Lac Flame Blue FB-512 Signal Blue","1","H1:Cosmos Lac Flame Blue FB-512 Signal Blue | H2:Dostupne boje | H2:Treba vam savet pri izboru proizvoda? | H2:Katalog | H2:Brendovi | H2:Podrška | H2:Kontakt","sr-Latn","Cosmos Lac Flame Blue FB-512 Signal Blue | Carsystem i R-M Inđija","Flame Blue FB-512 Signal Blue u Cosmos Lac katalogu. Proverite namenu i pošaljite upit Carsystem i R-M timu.","","summary","Cosmos Lac Flame Blue FB-512 Signal Blue | Carsystem i R-M Inđija","Flame Blue FB-512 Signal Blue u Cosmos Lac katalogu. Proverite namenu i pošaljite upit Carsystem i R-M timu.","","Brand | BreadcrumbList | ListItem | Product","true","154","1","","122","0","122","true","false"
"/proizvodi/cosmos-lac-flame-blue-fb-514-400-ml-flame-blue-fb-514-true-blue","200","true","","Cosmos Lac Flame Blue FB-514 True Blue | Carsystem i R-M Inđija","63","1","Flame Blue FB-514 True Blue u Cosmos Lac katalogu. Proverite namenu i pošaljite upit Carsystem i R-M timu.","106","1","http://localhost:3000/proizvodi/cosmos-lac-flame-blue-fb-514-400-ml-flame-blue-fb-514-true-blue","200","false","Cosmos Lac Flame Blue FB-514 True Blue","1","H1:Cosmos Lac Flame Blue FB-514 True Blue | H2:Dostupne boje | H2:Treba vam savet pri izboru proizvoda? | H2:Katalog | H2:Brendovi | H2:Podrška | H2:Kontakt","sr-Latn","Cosmos Lac Flame Blue FB-514 True Blue | Carsystem i R-M Inđija","Flame Blue FB-514 True Blue u Cosmos Lac katalogu. Proverite namenu i pošaljite upit Carsystem i R-M timu.","","summary","Cosmos Lac Flame Blue FB-514 True Blue | Carsystem i R-M Inđija","Flame Blue FB-514 True Blue u Cosmos Lac katalogu. Proverite namenu i pošaljite upit Carsystem i R-M timu.","","Brand | BreadcrumbList | ListItem | Product","true","154","1","","122","0","122","true","false"
"/proizvodi/cosmos-lac-flame-blue-fb-516-400-ml-flame-blue-fb-516-cream-blue-light","200","true","","Cosmos Lac Flame Blue FB-516 Cream Blue Light | Carsystem i R-M Inđija","70","1","Flame Blue FB-516 Cream Blue Light u Cosmos Lac katalogu. Proverite namenu i pošaljite upit Carsystem i R-M timu.","113","1","http://localhost:3000/proizvodi/cosmos-lac-flame-blue-fb-516-400-ml-flame-blue-fb-516-cream-blue-light","200","false","Cosmos Lac Flame Blue FB-516 Cream Blue Light","1","H1:Cosmos Lac Flame Blue FB-516 Cream Blue Light | H2:Dostupne boje | H2:Treba vam savet pri izboru proizvoda? | H2:Katalog | H2:Brendovi | H2:Podrška | H2:Kontakt","sr-Latn","Cosmos Lac Flame Blue FB-516 Cream Blue Light | Carsystem i R-M Inđija","Flame Blue FB-516 Cream Blue Light u Cosmos Lac katalogu. Proverite namenu i pošaljite upit Carsystem i R-M timu.","","summary","Cosmos Lac Flame Blue FB-516 Cream Blue Light | Carsystem i R-M Inđija","Flame Blue FB-516 Cream Blue Light u Cosmos Lac katalogu. Proverite namenu i pošaljite upit Carsystem i R-M timu.","","Brand | BreadcrumbList | ListItem | Product","true","154","1","","122","0","122","true","false"
"/proizvodi/cosmos-lac-flame-blue-fb-518-400-ml-flame-blue-fb-518-cream-blue","200","true","","Cosmos Lac Flame Blue FB-518 Cream Blue | Carsystem i R-M Inđija","64","1","Flame Blue FB-518 Cream Blue u Cosmos Lac katalogu. Proverite namenu i pošaljite upit Carsystem i R-M timu.","107","1","http://localhost:3000/proizvodi/cosmos-lac-flame-blue-fb-518-400-ml-flame-blue-fb-518-cream-blue","200","false","Cosmos Lac Flame Blue FB-518 Cream Blue","1","H1:Cosmos Lac Flame Blue FB-518 Cream Blue | H2:Dostupne boje | H2:Treba vam savet pri izboru proizvoda? | H2:Katalog | H2:Brendovi | H2:Podrška | H2:Kontakt","sr-Latn","Cosmos Lac Flame Blue FB-518 Cream Blue | Carsystem i R-M Inđija","Flame Blue FB-518 Cream Blue u Cosmos Lac katalogu. Proverite namenu i pošaljite upit Carsystem i R-M timu.","","summary","Cosmos Lac Flame Blue FB-518 Cream Blue | Carsystem i R-M Inđija","Flame Blue FB-518 Cream Blue u Cosmos Lac katalogu. Proverite namenu i pošaljite upit Carsystem i R-M timu.","","Brand | BreadcrumbList | ListItem | Product","true","154","1","","122","0","122","true","false"
"/proizvodi/cosmos-lac-flame-blue-fb-520-400-ml-flame-blue-fb-520-cream-blue-dark","200","true","","Cosmos Lac Flame Blue FB-520 Cream Blue Dark | Carsystem i R-M Inđija","69","1","Flame Blue FB-520 Cream Blue Dark u Cosmos Lac katalogu. Proverite namenu i pošaljite upit Carsystem i R-M timu.","112","1","http://localhost:3000/proizvodi/cosmos-lac-flame-blue-fb-520-400-ml-flame-blue-fb-520-cream-blue-dark","200","false","Cosmos Lac Flame Blue FB-520 Cream Blue Dark","1","H1:Cosmos Lac Flame Blue FB-520 Cream Blue Dark | H2:Dostupne boje | H2:Treba vam savet pri izboru proizvoda? | H2:Katalog | H2:Brendovi | H2:Podrška | H2:Kontakt","sr-Latn","Cosmos Lac Flame Blue FB-520 Cream Blue Dark | Carsystem i R-M Inđija","Flame Blue FB-520 Cream Blue Dark u Cosmos Lac katalogu. Proverite namenu i pošaljite upit Carsystem i R-M timu.","","summary","Cosmos Lac Flame Blue FB-520 Cream Blue Dark | Carsystem i R-M Inđija","Flame Blue FB-520 Cream Blue Dark u Cosmos Lac katalogu. Proverite namenu i pošaljite upit Carsystem i R-M timu.","","Brand | BreadcrumbList | ListItem | Product","true","154","1","","122","0","122","true","false"
"/proizvodi/cosmos-lac-flame-blue-fb-522-400-ml-flame-blue-fb-522-sapphire-blue","200","true","","Cosmos Lac Flame Blue FB-522 Sapphire Blue | Carsystem i R-M Inđija","67","1","Flame Blue FB-522 Sapphire Blue u Cosmos Lac katalogu. Proverite namenu i pošaljite upit Carsystem i R-M timu.","110","1","http://localhost:3000/proizvodi/cosmos-lac-flame-blue-fb-522-400-ml-flame-blue-fb-522-sapphire-blue","200","false","Cosmos Lac Flame Blue FB-522 Sapphire Blue","1","H1:Cosmos Lac Flame Blue FB-522 Sapphire Blue | H2:Dostupne boje | H2:Treba vam savet pri izboru proizvoda? | H2:Katalog | H2:Brendovi | H2:Podrška | H2:Kontakt","sr-Latn","Cosmos Lac Flame Blue FB-522 Sapphire Blue | Carsystem i R-M Inđija","Flame Blue FB-522 Sapphire Blue u Cosmos Lac katalogu. Proverite namenu i pošaljite upit Carsystem i R-M timu.","","summary","Cosmos Lac Flame Blue FB-522 Sapphire Blue | Carsystem i R-M Inđija","Flame Blue FB-522 Sapphire Blue u Cosmos Lac katalogu. Proverite namenu i pošaljite upit Carsystem i R-M timu.","","Brand | BreadcrumbList | ListItem | Product","true","154","1","","122","0","122","true","false"
"/proizvodi/cosmos-lac-flame-blue-fb-524-400-ml-flame-blue-fb-524-denim-blue-pastel","200","true","","Cosmos Lac Flame Blue FB-524 Denim Blue Pastel | Carsystem i R-M Inđija","71","1","Flame Blue FB-524 Denim Blue Pastel u Cosmos Lac katalogu. Proverite namenu i pošaljite upit Carsystem i R-M timu.","114","1","http://localhost:3000/proizvodi/cosmos-lac-flame-blue-fb-524-400-ml-flame-blue-fb-524-denim-blue-pastel","200","false","Cosmos Lac Flame Blue FB-524 Denim Blue Pastel","1","H1:Cosmos Lac Flame Blue FB-524 Denim Blue Pastel | H2:Dostupne boje | H2:Treba vam savet pri izboru proizvoda? | H2:Katalog | H2:Brendovi | H2:Podrška | H2:Kontakt","sr-Latn","Cosmos Lac Flame Blue FB-524 Denim Blue Pastel | Carsystem i R-M Inđija","Flame Blue FB-524 Denim Blue Pastel u Cosmos Lac katalogu. Proverite namenu i pošaljite upit Carsystem i R-M timu.","","summary","Cosmos Lac Flame Blue FB-524 Denim Blue Pastel | Carsystem i R-M Inđija","Flame Blue FB-524 Denim Blue Pastel u Cosmos Lac katalogu. Proverite namenu i pošaljite upit Carsystem i R-M timu.","","Brand | BreadcrumbList | ListItem | Product","true","154","1","","122","0","122","true","false"
"/proizvodi/cosmos-lac-flame-blue-fb-526-400-ml-flame-blue-fb-526-denim-blue-light","200","true","","Cosmos Lac Flame Blue FB-526 Denim Blue Light | Carsystem i R-M Inđija","70","1","Flame Blue FB-526 Denim Blue Light u Cosmos Lac katalogu. Proverite namenu i pošaljite upit Carsystem i R-M timu.","113","1","http://localhost:3000/proizvodi/cosmos-lac-flame-blue-fb-526-400-ml-flame-blue-fb-526-denim-blue-light","200","false","Cosmos Lac Flame Blue FB-526 Denim Blue Light","1","H1:Cosmos Lac Flame Blue FB-526 Denim Blue Light | H2:Dostupne boje | H2:Treba vam savet pri izboru proizvoda? | H2:Katalog | H2:Brendovi | H2:Podrška | H2:Kontakt","sr-Latn","Cosmos Lac Flame Blue FB-526 Denim Blue Light | Carsystem i R-M Inđija","Flame Blue FB-526 Denim Blue Light u Cosmos Lac katalogu. Proverite namenu i pošaljite upit Carsystem i R-M timu.","","summary","Cosmos Lac Flame Blue FB-526 Denim Blue Light | Carsystem i R-M Inđija","Flame Blue FB-526 Denim Blue Light u Cosmos Lac katalogu. Proverite namenu i pošaljite upit Carsystem i R-M timu.","","Brand | BreadcrumbList | ListItem | Product","true","154","1","","122","0","122","true","false"
"/proizvodi/cosmos-lac-flame-blue-fb-528-400-ml-flame-blue-fb-528-denim-blue","200","true","","Cosmos Lac Flame Blue FB-528 Denim Blue | Carsystem i R-M Inđija","64","1","Flame Blue FB-528 Denim Blue u Cosmos Lac katalogu. Proverite namenu i pošaljite upit Carsystem i R-M timu.","107","1","http://localhost:3000/proizvodi/cosmos-lac-flame-blue-fb-528-400-ml-flame-blue-fb-528-denim-blue","200","false","Cosmos Lac Flame Blue FB-528 Denim Blue","1","H1:Cosmos Lac Flame Blue FB-528 Denim Blue | H2:Dostupne boje | H2:Treba vam savet pri izboru proizvoda? | H2:Katalog | H2:Brendovi | H2:Podrška | H2:Kontakt","sr-Latn","Cosmos Lac Flame Blue FB-528 Denim Blue | Carsystem i R-M Inđija","Flame Blue FB-528 Denim Blue u Cosmos Lac katalogu. Proverite namenu i pošaljite upit Carsystem i R-M timu.","","summary","Cosmos Lac Flame Blue FB-528 Denim Blue | Carsystem i R-M Inđija","Flame Blue FB-528 Denim Blue u Cosmos Lac katalogu. Proverite namenu i pošaljite upit Carsystem i R-M timu.","","Brand | BreadcrumbList | ListItem | Product","true","154","1","","122","0","122","true","false"
"/proizvodi/cosmos-lac-flame-blue-fb-530-400-ml-flame-blue-fb-530-denim-blue-dark","200","true","","Cosmos Lac Flame Blue FB-530 Denim Blue Dark | Carsystem i R-M Inđija","69","1","Flame Blue FB-530 Denim Blue Dark u Cosmos Lac katalogu. Proverite namenu i pošaljite upit Carsystem i R-M timu.","112","1","http://localhost:3000/proizvodi/cosmos-lac-flame-blue-fb-530-400-ml-flame-blue-fb-530-denim-blue-dark","200","false","Cosmos Lac Flame Blue FB-530 Denim Blue Dark","1","H1:Cosmos Lac Flame Blue FB-530 Denim Blue Dark | H2:Dostupne boje | H2:Treba vam savet pri izboru proizvoda? | H2:Katalog | H2:Brendovi | H2:Podrška | H2:Kontakt","sr-Latn","Cosmos Lac Flame Blue FB-530 Denim Blue Dark | Carsystem i R-M Inđija","Flame Blue FB-530 Denim Blue Dark u Cosmos Lac katalogu. Proverite namenu i pošaljite upit Carsystem i R-M timu.","","summary","Cosmos Lac Flame Blue FB-530 Denim Blue Dark | Carsystem i R-M Inđija","Flame Blue FB-530 Denim Blue Dark u Cosmos Lac katalogu. Proverite namenu i pošaljite upit Carsystem i R-M timu.","","Brand | BreadcrumbList | ListItem | Product","true","154","1","","122","0","122","true","false"
"/proizvodi/cosmos-lac-flame-blue-fb-600-400-ml-flame-blue-fb-600-riviera-light","200","true","","Cosmos Lac Flame Blue FB-600 Riviera Light | Carsystem i R-M Inđija","67","1","Flame Blue FB-600 Riviera Light u Cosmos Lac katalogu. Proverite namenu i pošaljite upit Carsystem i R-M timu.","110","1","http://localhost:3000/proizvodi/cosmos-lac-flame-blue-fb-600-400-ml-flame-blue-fb-600-riviera-light","200","false","Cosmos Lac Flame Blue FB-600 Riviera Light","1","H1:Cosmos Lac Flame Blue FB-600 Riviera Light | H2:Dostupne boje | H2:Treba vam savet pri izboru proizvoda? | H2:Katalog | H2:Brendovi | H2:Podrška | H2:Kontakt","sr-Latn","Cosmos Lac Flame Blue FB-600 Riviera Light | Carsystem i R-M Inđija","Flame Blue FB-600 Riviera Light u Cosmos Lac katalogu. Proverite namenu i pošaljite upit Carsystem i R-M timu.","","summary","Cosmos Lac Flame Blue FB-600 Riviera Light | Carsystem i R-M Inđija","Flame Blue FB-600 Riviera Light u Cosmos Lac katalogu. Proverite namenu i pošaljite upit Carsystem i R-M timu.","","Brand | BreadcrumbList | ListItem | Product","true","154","1","","122","0","122","true","false"
"/proizvodi/cosmos-lac-flame-blue-fb-602-400-ml-flame-blue-fb-602-riviera","200","true","","Cosmos Lac Flame Blue FB-602 Riviera | Carsystem i R-M Inđija","61","1","Flame Blue FB-602 Riviera u Cosmos Lac katalogu. Proverite namenu i pošaljite upit Carsystem i R-M timu.","104","1","http://localhost:3000/proizvodi/cosmos-lac-flame-blue-fb-602-400-ml-flame-blue-fb-602-riviera","200","false","Cosmos Lac Flame Blue FB-602 Riviera","1","H1:Cosmos Lac Flame Blue FB-602 Riviera | H2:Dostupne boje | H2:Treba vam savet pri izboru proizvoda? | H2:Katalog | H2:Brendovi | H2:Podrška | H2:Kontakt","sr-Latn","Cosmos Lac Flame Blue FB-602 Riviera | Carsystem i R-M Inđija","Flame Blue FB-602 Riviera u Cosmos Lac katalogu. Proverite namenu i pošaljite upit Carsystem i R-M timu.","","summary","Cosmos Lac Flame Blue FB-602 Riviera | Carsystem i R-M Inđija","Flame Blue FB-602 Riviera u Cosmos Lac katalogu. Proverite namenu i pošaljite upit Carsystem i R-M timu.","","Brand | BreadcrumbList | ListItem | Product","true","154","1","","122","0","122","true","false"
"/proizvodi/cosmos-lac-flame-blue-fb-604-400-ml-flame-blue-fb-604-lagoon-blue","200","true","","Cosmos Lac Flame Blue FB-604 Lagoon Blue | Carsystem i R-M Inđija","65","1","Flame Blue FB-604 Lagoon Blue u Cosmos Lac katalogu. Proverite namenu i pošaljite upit Carsystem i R-M timu.","108","1","http://localhost:3000/proizvodi/cosmos-lac-flame-blue-fb-604-400-ml-flame-blue-fb-604-lagoon-blue","200","false","Cosmos Lac Flame Blue FB-604 Lagoon Blue","1","H1:Cosmos Lac Flame Blue FB-604 Lagoon Blue | H2:Dostupne boje | H2:Treba vam savet pri izboru proizvoda? | H2:Katalog | H2:Brendovi | H2:Podrška | H2:Kontakt","sr-Latn","Cosmos Lac Flame Blue FB-604 Lagoon Blue | Carsystem i R-M Inđija","Flame Blue FB-604 Lagoon Blue u Cosmos Lac katalogu. Proverite namenu i pošaljite upit Carsystem i R-M timu.","","summary","Cosmos Lac Flame Blue FB-604 Lagoon Blue | Carsystem i R-M Inđija","Flame Blue FB-604 Lagoon Blue u Cosmos Lac katalogu. Proverite namenu i pošaljite upit Carsystem i R-M timu.","","Brand | BreadcrumbList | ListItem | Product","true","154","1","","122","0","122","true","false"
"/proizvodi/cosmos-lac-flame-blue-fb-606-400-ml-flame-blue-fb-606-ocean-blue","200","true","","Cosmos Lac Flame Blue FB-606 Ocean Blue | Carsystem i R-M Inđija","64","1","Flame Blue FB-606 Ocean Blue u Cosmos Lac katalogu. Proverite namenu i pošaljite upit Carsystem i R-M timu.","107","1","http://localhost:3000/proizvodi/cosmos-lac-flame-blue-fb-606-400-ml-flame-blue-fb-606-ocean-blue","200","false","Cosmos Lac Flame Blue FB-606 Ocean Blue","1","H1:Cosmos Lac Flame Blue FB-606 Ocean Blue | H2:Dostupne boje | H2:Treba vam savet pri izboru proizvoda? | H2:Katalog | H2:Brendovi | H2:Podrška | H2:Kontakt","sr-Latn","Cosmos Lac Flame Blue FB-606 Ocean Blue | Carsystem i R-M Inđija","Flame Blue FB-606 Ocean Blue u Cosmos Lac katalogu. Proverite namenu i pošaljite upit Carsystem i R-M timu.","","summary","Cosmos Lac Flame Blue FB-606 Ocean Blue | Carsystem i R-M Inđija","Flame Blue FB-606 Ocean Blue u Cosmos Lac katalogu. Proverite namenu i pošaljite upit Carsystem i R-M timu.","","Brand | BreadcrumbList | ListItem | Product","true","154","1","","122","0","122","true","false"
"/proizvodi/cosmos-lac-flame-blue-fb-614-400-ml-flame-blue-fb-614-aqua-pastel","200","true","","Cosmos Lac Flame Blue FB-614 Aqua Pastel | Carsystem i R-M Inđija","65","1","Flame Blue FB-614 Aqua Pastel u Cosmos Lac katalogu. Proverite namenu i pošaljite upit Carsystem i R-M timu.","108","1","http://localhost:3000/proizvodi/cosmos-lac-flame-blue-fb-614-400-ml-flame-blue-fb-614-aqua-pastel","200","false","Cosmos Lac Flame Blue FB-614 Aqua Pastel","1","H1:Cosmos Lac Flame Blue FB-614 Aqua Pastel | H2:Dostupne boje | H2:Treba vam savet pri izboru proizvoda? | H2:Katalog | H2:Brendovi | H2:Podrška | H2:Kontakt","sr-Latn","Cosmos Lac Flame Blue FB-614 Aqua Pastel | Carsystem i R-M Inđija","Flame Blue FB-614 Aqua Pastel u Cosmos Lac katalogu. Proverite namenu i pošaljite upit Carsystem i R-M timu.","","summary","Cosmos Lac Flame Blue FB-614 Aqua Pastel | Carsystem i R-M Inđija","Flame Blue FB-614 Aqua Pastel u Cosmos Lac katalogu. Proverite namenu i pošaljite upit Carsystem i R-M timu.","","Brand | BreadcrumbList | ListItem | Product","true","154","1","","122","0","122","true","false"
"/proizvodi/cosmos-lac-flame-blue-fb-616-400-ml-flame-blue-fb-616-aqua-light","200","true","","Cosmos Lac Flame Blue FB-616 Aqua Light | Carsystem i R-M Inđija","64","1","Flame Blue FB-616 Aqua Light u Cosmos Lac katalogu. Proverite namenu i pošaljite upit Carsystem i R-M timu.","107","1","http://localhost:3000/proizvodi/cosmos-lac-flame-blue-fb-616-400-ml-flame-blue-fb-616-aqua-light","200","false","Cosmos Lac Flame Blue FB-616 Aqua Light","1","H1:Cosmos Lac Flame Blue FB-616 Aqua Light | H2:Dostupne boje | H2:Treba vam savet pri izboru proizvoda? | H2:Katalog | H2:Brendovi | H2:Podrška | H2:Kontakt","sr-Latn","Cosmos Lac Flame Blue FB-616 Aqua Light | Carsystem i R-M Inđija","Flame Blue FB-616 Aqua Light u Cosmos Lac katalogu. Proverite namenu i pošaljite upit Carsystem i R-M timu.","","summary","Cosmos Lac Flame Blue FB-616 Aqua Light | Carsystem i R-M Inđija","Flame Blue FB-616 Aqua Light u Cosmos Lac katalogu. Proverite namenu i pošaljite upit Carsystem i R-M timu.","","Brand | BreadcrumbList | ListItem | Product","true","154","1","","122","0","122","true","false"
"/proizvodi/cosmos-lac-flame-blue-fb-618-400-ml-flame-blue-fb-618-aqua","200","true","","Cosmos Lac Flame Blue FB-618 Aqua | Carsystem i R-M Inđija","58","1","Flame Blue FB-618 Aqua u Cosmos Lac katalogu. Proverite namenu i pošaljite upit Carsystem i R-M timu.","101","1","http://localhost:3000/proizvodi/cosmos-lac-flame-blue-fb-618-400-ml-flame-blue-fb-618-aqua","200","false","Cosmos Lac Flame Blue FB-618 Aqua","1","H1:Cosmos Lac Flame Blue FB-618 Aqua | H2:Dostupne boje | H2:Treba vam savet pri izboru proizvoda? | H2:Katalog | H2:Brendovi | H2:Podrška | H2:Kontakt","sr-Latn","Cosmos Lac Flame Blue FB-618 Aqua | Carsystem i R-M Inđija","Flame Blue FB-618 Aqua u Cosmos Lac katalogu. Proverite namenu i pošaljite upit Carsystem i R-M timu.","","summary","Cosmos Lac Flame Blue FB-618 Aqua | Carsystem i R-M Inđija","Flame Blue FB-618 Aqua u Cosmos Lac katalogu. Proverite namenu i pošaljite upit Carsystem i R-M timu.","","Brand | BreadcrumbList | ListItem | Product","true","154","1","","122","0","122","true","false"
"/proizvodi/cosmos-lac-flame-blue-fb-620-400-ml-flame-blue-fb-620-aqua-dark","200","true","","Cosmos Lac Flame Blue FB-620 Aqua Dark | Carsystem i R-M Inđija","63","1","Flame Blue FB-620 Aqua Dark u Cosmos Lac katalogu. Proverite namenu i pošaljite upit Carsystem i R-M timu.","106","1","http://localhost:3000/proizvodi/cosmos-lac-flame-blue-fb-620-400-ml-flame-blue-fb-620-aqua-dark","200","false","Cosmos Lac Flame Blue FB-620 Aqua Dark","1","H1:Cosmos Lac Flame Blue FB-620 Aqua Dark | H2:Dostupne boje | H2:Treba vam savet pri izboru proizvoda? | H2:Katalog | H2:Brendovi | H2:Podrška | H2:Kontakt","sr-Latn","Cosmos Lac Flame Blue FB-620 Aqua Dark | Carsystem i R-M Inđija","Flame Blue FB-620 Aqua Dark u Cosmos Lac katalogu. Proverite namenu i pošaljite upit Carsystem i R-M timu.","","summary","Cosmos Lac Flame Blue FB-620 Aqua Dark | Carsystem i R-M Inđija","Flame Blue FB-620 Aqua Dark u Cosmos Lac katalogu. Proverite namenu i pošaljite upit Carsystem i R-M timu.","","Brand | BreadcrumbList | ListItem | Product","true","154","1","","122","0","122","true","false"
"/proizvodi/cosmos-lac-flame-blue-fb-624-400-ml-flame-blue-fb-624-pistachio-light","200","true","","Cosmos Lac Flame Blue FB-624 Pistachio Light | Carsystem i R-M Inđija","69","1","Flame Blue FB-624 Pistachio Light u Cosmos Lac katalogu. Proverite namenu i pošaljite upit Carsystem i R-M timu.","112","1","http://localhost:3000/proizvodi/cosmos-lac-flame-blue-fb-624-400-ml-flame-blue-fb-624-pistachio-light","200","false","Cosmos Lac Flame Blue FB-624 Pistachio Light","1","H1:Cosmos Lac Flame Blue FB-624 Pistachio Light | H2:Dostupne boje | H2:Treba vam savet pri izboru proizvoda? | H2:Katalog | H2:Brendovi | H2:Podrška | H2:Kontakt","sr-Latn","Cosmos Lac Flame Blue FB-624 Pistachio Light | Carsystem i R-M Inđija","Flame Blue FB-624 Pistachio Light u Cosmos Lac katalogu. Proverite namenu i pošaljite upit Carsystem i R-M timu.","","summary","Cosmos Lac Flame Blue FB-624 Pistachio Light | Carsystem i R-M Inđija","Flame Blue FB-624 Pistachio Light u Cosmos Lac katalogu. Proverite namenu i pošaljite upit Carsystem i R-M timu.","","Brand | BreadcrumbList | ListItem | Product","true","154","1","","122","0","122","true","false"
"/proizvodi/cosmos-lac-flame-blue-fb-626-400-ml-flame-blue-fb-626-pistachio","200","true","","Cosmos Lac Flame Blue FB-626 Pistachio | Carsystem i R-M Inđija","63","1","Flame Blue FB-626 Pistachio u Cosmos Lac katalogu. Proverite namenu i pošaljite upit Carsystem i R-M timu.","106","1","http://localhost:3000/proizvodi/cosmos-lac-flame-blue-fb-626-400-ml-flame-blue-fb-626-pistachio","200","false","Cosmos Lac Flame Blue FB-626 Pistachio","1","H1:Cosmos Lac Flame Blue FB-626 Pistachio | H2:Dostupne boje | H2:Treba vam savet pri izboru proizvoda? | H2:Katalog | H2:Brendovi | H2:Podrška | H2:Kontakt","sr-Latn","Cosmos Lac Flame Blue FB-626 Pistachio | Carsystem i R-M Inđija","Flame Blue FB-626 Pistachio u Cosmos Lac katalogu. Proverite namenu i pošaljite upit Carsystem i R-M timu.","","summary","Cosmos Lac Flame Blue FB-626 Pistachio | Carsystem i R-M Inđija","Flame Blue FB-626 Pistachio u Cosmos Lac katalogu. Proverite namenu i pošaljite upit Carsystem i R-M timu.","","Brand | BreadcrumbList | ListItem | Product","true","154","1","","122","0","122","true","false"
"/proizvodi/cosmos-lac-flame-blue-fb-628-400-ml-flame-blue-fb-628-grass-green","200","true","","Cosmos Lac Flame Blue FB-628 Grass Green | Carsystem i R-M Inđija","65","1","Flame Blue FB-628 Grass Green u Cosmos Lac katalogu. Proverite namenu i pošaljite upit Carsystem i R-M timu.","108","1","http://localhost:3000/proizvodi/cosmos-lac-flame-blue-fb-628-400-ml-flame-blue-fb-628-grass-green","200","false","Cosmos Lac Flame Blue FB-628 Grass Green","1","H1:Cosmos Lac Flame Blue FB-628 Grass Green | H2:Dostupne boje | H2:Treba vam savet pri izboru proizvoda? | H2:Katalog | H2:Brendovi | H2:Podrška | H2:Kontakt","sr-Latn","Cosmos Lac Flame Blue FB-628 Grass Green | Carsystem i R-M Inđija","Flame Blue FB-628 Grass Green u Cosmos Lac katalogu. Proverite namenu i pošaljite upit Carsystem i R-M timu.","","summary","Cosmos Lac Flame Blue FB-628 Grass Green | Carsystem i R-M Inđija","Flame Blue FB-628 Grass Green u Cosmos Lac katalogu. Proverite namenu i pošaljite upit Carsystem i R-M timu.","","Brand | BreadcrumbList | ListItem | Product","true","154","1","","122","0","122","true","false"
"/proizvodi/cosmos-lac-flame-blue-fb-630-400-ml-flame-blue-fb-630-fern-green","200","true","","Cosmos Lac Flame Blue FB-630 Fern Green | Carsystem i R-M Inđija","64","1","Flame Blue FB-630 Fern Green u Cosmos Lac katalogu. Proverite namenu i pošaljite upit Carsystem i R-M timu.","107","1","http://localhost:3000/proizvodi/cosmos-lac-flame-blue-fb-630-400-ml-flame-blue-fb-630-fern-green","200","false","Cosmos Lac Flame Blue FB-630 Fern Green","1","H1:Cosmos Lac Flame Blue FB-630 Fern Green | H2:Dostupne boje | H2:Treba vam savet pri izboru proizvoda? | H2:Katalog | H2:Brendovi | H2:Podrška | H2:Kontakt","sr-Latn","Cosmos Lac Flame Blue FB-630 Fern Green | Carsystem i R-M Inđija","Flame Blue FB-630 Fern Green u Cosmos Lac katalogu. Proverite namenu i pošaljite upit Carsystem i R-M timu.","","summary","Cosmos Lac Flame Blue FB-630 Fern Green | Carsystem i R-M Inđija","Flame Blue FB-630 Fern Green u Cosmos Lac katalogu. Proverite namenu i pošaljite upit Carsystem i R-M timu.","","Brand | BreadcrumbList | ListItem | Product","true","154","1","","122","0","122","true","false"
"/proizvodi/cosmos-lac-flame-blue-fb-632-400-ml-flame-blue-fb-632-leaf-green","200","true","","Cosmos Lac Flame Blue FB-632 Leaf Green | Carsystem i R-M Inđija","64","1","Flame Blue FB-632 Leaf Green u Cosmos Lac katalogu. Proverite namenu i pošaljite upit Carsystem i R-M timu.","107","1","http://localhost:3000/proizvodi/cosmos-lac-flame-blue-fb-632-400-ml-flame-blue-fb-632-leaf-green","200","false","Cosmos Lac Flame Blue FB-632 Leaf Green","1","H1:Cosmos Lac Flame Blue FB-632 Leaf Green | H2:Dostupne boje | H2:Treba vam savet pri izboru proizvoda? | H2:Katalog | H2:Brendovi | H2:Podrška | H2:Kontakt","sr-Latn","Cosmos Lac Flame Blue FB-632 Leaf Green | Carsystem i R-M Inđija","Flame Blue FB-632 Leaf Green u Cosmos Lac katalogu. Proverite namenu i pošaljite upit Carsystem i R-M timu.","","summary","Cosmos Lac Flame Blue FB-632 Leaf Green | Carsystem i R-M Inđija","Flame Blue FB-632 Leaf Green u Cosmos Lac katalogu. Proverite namenu i pošaljite upit Carsystem i R-M timu.","","Brand | BreadcrumbList | ListItem | Product","true","154","1","","122","0","122","true","false"
"/proizvodi/cosmos-lac-flame-blue-fb-634-400-ml-flame-blue-fb-634-moss-green","200","true","","Cosmos Lac Flame Blue FB-634 Moss Green | Carsystem i R-M Inđija","64","1","Flame Blue FB-634 Moss Green u Cosmos Lac katalogu. Proverite namenu i pošaljite upit Carsystem i R-M timu.","107","1","http://localhost:3000/proizvodi/cosmos-lac-flame-blue-fb-634-400-ml-flame-blue-fb-634-moss-green","200","false","Cosmos Lac Flame Blue FB-634 Moss Green","1","H1:Cosmos Lac Flame Blue FB-634 Moss Green | H2:Dostupne boje | H2:Treba vam savet pri izboru proizvoda? | H2:Katalog | H2:Brendovi | H2:Podrška | H2:Kontakt","sr-Latn","Cosmos Lac Flame Blue FB-634 Moss Green | Carsystem i R-M Inđija","Flame Blue FB-634 Moss Green u Cosmos Lac katalogu. Proverite namenu i pošaljite upit Carsystem i R-M timu.","","summary","Cosmos Lac Flame Blue FB-634 Moss Green | Carsystem i R-M Inđija","Flame Blue FB-634 Moss Green u Cosmos Lac katalogu. Proverite namenu i pošaljite upit Carsystem i R-M timu.","","Brand | BreadcrumbList | ListItem | Product","true","154","1","","122","0","122","true","false"
"/proizvodi/cosmos-lac-flame-blue-fb-636-400-ml-flame-blue-fb-636-fir-green","200","true","","Cosmos Lac Flame Blue FB-636 Fir Green | Carsystem i R-M Inđija","63","1","Flame Blue FB-636 Fir Green u Cosmos Lac katalogu. Proverite namenu i pošaljite upit Carsystem i R-M timu.","106","1","http://localhost:3000/proizvodi/cosmos-lac-flame-blue-fb-636-400-ml-flame-blue-fb-636-fir-green","200","false","Cosmos Lac Flame Blue FB-636 Fir Green","1","H1:Cosmos Lac Flame Blue FB-636 Fir Green | H2:Dostupne boje | H2:Treba vam savet pri izboru proizvoda? | H2:Katalog | H2:Brendovi | H2:Podrška | H2:Kontakt","sr-Latn","Cosmos Lac Flame Blue FB-636 Fir Green | Carsystem i R-M Inđija","Flame Blue FB-636 Fir Green u Cosmos Lac katalogu. Proverite namenu i pošaljite upit Carsystem i R-M timu.","","summary","Cosmos Lac Flame Blue FB-636 Fir Green | Carsystem i R-M Inđija","Flame Blue FB-636 Fir Green u Cosmos Lac katalogu. Proverite namenu i pošaljite upit Carsystem i R-M timu.","","Brand | BreadcrumbList | ListItem | Product","true","154","1","","122","0","122","true","false"
"/proizvodi/cosmos-lac-flame-blue-fb-638-400-ml-flame-blue-fb-638-kiwi-pastel","200","true","","Cosmos Lac Flame Blue FB-638 Kiwi Pastel | Carsystem i R-M Inđija","65","1","Flame Blue FB-638 Kiwi Pastel u Cosmos Lac katalogu. Proverite namenu i pošaljite upit Carsystem i R-M timu.","108","1","http://localhost:3000/proizvodi/cosmos-lac-flame-blue-fb-638-400-ml-flame-blue-fb-638-kiwi-pastel","200","false","Cosmos Lac Flame Blue FB-638 Kiwi Pastel","1","H1:Cosmos Lac Flame Blue FB-638 Kiwi Pastel | H2:Dostupne boje | H2:Treba vam savet pri izboru proizvoda? | H2:Katalog | H2:Brendovi | H2:Podrška | H2:Kontakt","sr-Latn","Cosmos Lac Flame Blue FB-638 Kiwi Pastel | Carsystem i R-M Inđija","Flame Blue FB-638 Kiwi Pastel u Cosmos Lac katalogu. Proverite namenu i pošaljite upit Carsystem i R-M timu.","","summary","Cosmos Lac Flame Blue FB-638 Kiwi Pastel | Carsystem i R-M Inđija","Flame Blue FB-638 Kiwi Pastel u Cosmos Lac katalogu. Proverite namenu i pošaljite upit Carsystem i R-M timu.","","Brand | BreadcrumbList | ListItem | Product","true","154","1","","122","0","122","true","false"
"/proizvodi/cosmos-lac-flame-blue-fb-640-400-ml-flame-blue-fb-640-kiwi-light","200","true","","Cosmos Lac Flame Blue FB-640 Kiwi Light | Carsystem i R-M Inđija","64","1","Flame Blue FB-640 Kiwi Light u Cosmos Lac katalogu. Proverite namenu i pošaljite upit Carsystem i R-M timu.","107","1","http://localhost:3000/proizvodi/cosmos-lac-flame-blue-fb-640-400-ml-flame-blue-fb-640-kiwi-light","200","false","Cosmos Lac Flame Blue FB-640 Kiwi Light","1","H1:Cosmos Lac Flame Blue FB-640 Kiwi Light | H2:Dostupne boje | H2:Treba vam savet pri izboru proizvoda? | H2:Katalog | H2:Brendovi | H2:Podrška | H2:Kontakt","sr-Latn","Cosmos Lac Flame Blue FB-640 Kiwi Light | Carsystem i R-M Inđija","Flame Blue FB-640 Kiwi Light u Cosmos Lac katalogu. Proverite namenu i pošaljite upit Carsystem i R-M timu.","","summary","Cosmos Lac Flame Blue FB-640 Kiwi Light | Carsystem i R-M Inđija","Flame Blue FB-640 Kiwi Light u Cosmos Lac katalogu. Proverite namenu i pošaljite upit Carsystem i R-M timu.","","Brand | BreadcrumbList | ListItem | Product","true","154","1","","122","0","122","true","false"
"/proizvodi/cosmos-lac-flame-blue-fb-642-400-ml-flame-blue-fb-642-kiwi","200","true","","Cosmos Lac Flame Blue FB-642 Kiwi | Carsystem i R-M Inđija","58","1","Flame Blue FB-642 Kiwi u Cosmos Lac katalogu. Proverite namenu i pošaljite upit Carsystem i R-M timu.","101","1","http://localhost:3000/proizvodi/cosmos-lac-flame-blue-fb-642-400-ml-flame-blue-fb-642-kiwi","200","false","Cosmos Lac Flame Blue FB-642 Kiwi","1","H1:Cosmos Lac Flame Blue FB-642 Kiwi | H2:Dostupne boje | H2:Treba vam savet pri izboru proizvoda? | H2:Katalog | H2:Brendovi | H2:Podrška | H2:Kontakt","sr-Latn","Cosmos Lac Flame Blue FB-642 Kiwi | Carsystem i R-M Inđija","Flame Blue FB-642 Kiwi u Cosmos Lac katalogu. Proverite namenu i pošaljite upit Carsystem i R-M timu.","","summary","Cosmos Lac Flame Blue FB-642 Kiwi | Carsystem i R-M Inđija","Flame Blue FB-642 Kiwi u Cosmos Lac katalogu. Proverite namenu i pošaljite upit Carsystem i R-M timu.","","Brand | BreadcrumbList | ListItem | Product","true","154","1","","122","0","122","true","false"
"/proizvodi/cosmos-lac-flame-blue-fb-644-400-ml-flame-blue-fb-644-kiwi-dark","200","true","","Cosmos Lac Flame Blue FB-644 Kiwi Dark | Carsystem i R-M Inđija","63","1","Flame Blue FB-644 Kiwi Dark u Cosmos Lac katalogu. Proverite namenu i pošaljite upit Carsystem i R-M timu.","106","1","http://localhost:3000/proizvodi/cosmos-lac-flame-blue-fb-644-400-ml-flame-blue-fb-644-kiwi-dark","200","false","Cosmos Lac Flame Blue FB-644 Kiwi Dark","1","H1:Cosmos Lac Flame Blue FB-644 Kiwi Dark | H2:Dostupne boje | H2:Treba vam savet pri izboru proizvoda? | H2:Katalog | H2:Brendovi | H2:Podrška | H2:Kontakt","sr-Latn","Cosmos Lac Flame Blue FB-644 Kiwi Dark | Carsystem i R-M Inđija","Flame Blue FB-644 Kiwi Dark u Cosmos Lac katalogu. Proverite namenu i pošaljite upit Carsystem i R-M timu.","","summary","Cosmos Lac Flame Blue FB-644 Kiwi Dark | Carsystem i R-M Inđija","Flame Blue FB-644 Kiwi Dark u Cosmos Lac katalogu. Proverite namenu i pošaljite upit Carsystem i R-M timu.","","Brand | BreadcrumbList | ListItem | Product","true","154","1","","122","0","122","true","false"
"/proizvodi/cosmos-lac-flame-blue-fb-654-400-ml-flame-blue-fb-654-primavera-green","200","true","","Cosmos Lac Flame Blue FB-654 Primavera Green | Carsystem i R-M Inđija","69","1","Flame Blue FB-654 Primavera Green u Cosmos Lac katalogu. Proverite namenu i pošaljite upit Carsystem i R-M timu.","112","1","http://localhost:3000/proizvodi/cosmos-lac-flame-blue-fb-654-400-ml-flame-blue-fb-654-primavera-green","200","false","Cosmos Lac Flame Blue FB-654 Primavera Green","1","H1:Cosmos Lac Flame Blue FB-654 Primavera Green | H2:Dostupne boje | H2:Treba vam savet pri izboru proizvoda? | H2:Katalog | H2:Brendovi | H2:Podrška | H2:Kontakt","sr-Latn","Cosmos Lac Flame Blue FB-654 Primavera Green | Carsystem i R-M Inđija","Flame Blue FB-654 Primavera Green u Cosmos Lac katalogu. Proverite namenu i pošaljite upit Carsystem i R-M timu.","","summary","Cosmos Lac Flame Blue FB-654 Primavera Green | Carsystem i R-M Inđija","Flame Blue FB-654 Primavera Green u Cosmos Lac katalogu. Proverite namenu i pošaljite upit Carsystem i R-M timu.","","Brand | BreadcrumbList | ListItem | Product","true","154","1","","122","0","122","true","false"
"/proizvodi/cosmos-lac-flame-blue-fb-656-400-ml-flame-blue-fb-656-tarzan-green","200","true","","Cosmos Lac Flame Blue FB-656 Tarzan Green | Carsystem i R-M Inđija","66","1","Flame Blue FB-656 Tarzan Green u Cosmos Lac katalogu. Proverite namenu i pošaljite upit Carsystem i R-M timu.","109","1","http://localhost:3000/proizvodi/cosmos-lac-flame-blue-fb-656-400-ml-flame-blue-fb-656-tarzan-green","200","false","Cosmos Lac Flame Blue FB-656 Tarzan Green","1","H1:Cosmos Lac Flame Blue FB-656 Tarzan Green | H2:Dostupne boje | H2:Treba vam savet pri izboru proizvoda? | H2:Katalog | H2:Brendovi | H2:Podrška | H2:Kontakt","sr-Latn","Cosmos Lac Flame Blue FB-656 Tarzan Green | Carsystem i R-M Inđija","Flame Blue FB-656 Tarzan Green u Cosmos Lac katalogu. Proverite namenu i pošaljite upit Carsystem i R-M timu.","","summary","Cosmos Lac Flame Blue FB-656 Tarzan Green | Carsystem i R-M Inđija","Flame Blue FB-656 Tarzan Green u Cosmos Lac katalogu. Proverite namenu i pošaljite upit Carsystem i R-M timu.","","Brand | BreadcrumbList | ListItem | Product","true","154","1","","122","0","122","true","false"
"/proizvodi/cosmos-lac-flame-blue-fb-658-400-ml-flame-blue-fb-658-camo-green","200","true","","Cosmos Lac Flame Blue FB-658 Camo Green | Carsystem i R-M Inđija","64","1","Flame Blue FB-658 Camo Green u Cosmos Lac katalogu. Proverite namenu i pošaljite upit Carsystem i R-M timu.","107","1","http://localhost:3000/proizvodi/cosmos-lac-flame-blue-fb-658-400-ml-flame-blue-fb-658-camo-green","200","false","Cosmos Lac Flame Blue FB-658 Camo Green","1","H1:Cosmos Lac Flame Blue FB-658 Camo Green | H2:Dostupne boje | H2:Treba vam savet pri izboru proizvoda? | H2:Katalog | H2:Brendovi | H2:Podrška | H2:Kontakt","sr-Latn","Cosmos Lac Flame Blue FB-658 Camo Green | Carsystem i R-M Inđija","Flame Blue FB-658 Camo Green u Cosmos Lac katalogu. Proverite namenu i pošaljite upit Carsystem i R-M timu.","","summary","Cosmos Lac Flame Blue FB-658 Camo Green | Carsystem i R-M Inđija","Flame Blue FB-658 Camo Green u Cosmos Lac katalogu. Proverite namenu i pošaljite upit Carsystem i R-M timu.","","Brand | BreadcrumbList | ListItem | Product","true","154","1","","122","0","122","true","false"
"/proizvodi/cosmos-lac-flame-blue-fb-660-400-ml-flame-blue-fb-660-olive","200","true","","Cosmos Lac Flame Blue FB-660 Olive | Carsystem i R-M Inđija","59","1","Flame Blue FB-660 Olive u Cosmos Lac katalogu. Proverite namenu i pošaljite upit Carsystem i R-M timu.","102","1","http://localhost:3000/proizvodi/cosmos-lac-flame-blue-fb-660-400-ml-flame-blue-fb-660-olive","200","false","Cosmos Lac Flame Blue FB-660 Olive","1","H1:Cosmos Lac Flame Blue FB-660 Olive | H2:Dostupne boje | H2:Treba vam savet pri izboru proizvoda? | H2:Katalog | H2:Brendovi | H2:Podrška | H2:Kontakt","sr-Latn","Cosmos Lac Flame Blue FB-660 Olive | Carsystem i R-M Inđija","Flame Blue FB-660 Olive u Cosmos Lac katalogu. Proverite namenu i pošaljite upit Carsystem i R-M timu.","","summary","Cosmos Lac Flame Blue FB-660 Olive | Carsystem i R-M Inđija","Flame Blue FB-660 Olive u Cosmos Lac katalogu. Proverite namenu i pošaljite upit Carsystem i R-M timu.","","Brand | BreadcrumbList | ListItem | Product","true","154","1","","122","0","122","true","false"
"/proizvodi/cosmos-lac-flame-blue-fb-662-400-ml-flame-blue-fb-662-menthol-pastel","200","true","","Cosmos Lac Flame Blue FB-662 Menthol Pastel | Carsystem i R-M Inđija","68","1","Flame Blue FB-662 Menthol Pastel u Cosmos Lac katalogu. Proverite namenu i pošaljite upit Carsystem i R-M timu.","111","1","http://localhost:3000/proizvodi/cosmos-lac-flame-blue-fb-662-400-ml-flame-blue-fb-662-menthol-pastel","200","false","Cosmos Lac Flame Blue FB-662 Menthol Pastel","1","H1:Cosmos Lac Flame Blue FB-662 Menthol Pastel | H2:Dostupne boje | H2:Treba vam savet pri izboru proizvoda? | H2:Katalog | H2:Brendovi | H2:Podrška | H2:Kontakt","sr-Latn","Cosmos Lac Flame Blue FB-662 Menthol Pastel | Carsystem i R-M Inđija","Flame Blue FB-662 Menthol Pastel u Cosmos Lac katalogu. Proverite namenu i pošaljite upit Carsystem i R-M timu.","","summary","Cosmos Lac Flame Blue FB-662 Menthol Pastel | Carsystem i R-M Inđija","Flame Blue FB-662 Menthol Pastel u Cosmos Lac katalogu. Proverite namenu i pošaljite upit Carsystem i R-M timu.","","Brand | BreadcrumbList | ListItem | Product","true","154","1","","122","0","122","true","false"
"/proizvodi/cosmos-lac-flame-blue-fb-664-400-ml-flame-blue-fb-664-menthol-light","200","true","","Cosmos Lac Flame Blue FB-664 Menthol Light | Carsystem i R-M Inđija","67","1","Flame Blue FB-664 Menthol Light u Cosmos Lac katalogu. Proverite namenu i pošaljite upit Carsystem i R-M timu.","110","1","http://localhost:3000/proizvodi/cosmos-lac-flame-blue-fb-664-400-ml-flame-blue-fb-664-menthol-light","200","false","Cosmos Lac Flame Blue FB-664 Menthol Light","1","H1:Cosmos Lac Flame Blue FB-664 Menthol Light | H2:Dostupne boje | H2:Treba vam savet pri izboru proizvoda? | H2:Katalog | H2:Brendovi | H2:Podrška | H2:Kontakt","sr-Latn","Cosmos Lac Flame Blue FB-664 Menthol Light | Carsystem i R-M Inđija","Flame Blue FB-664 Menthol Light u Cosmos Lac katalogu. Proverite namenu i pošaljite upit Carsystem i R-M timu.","","summary","Cosmos Lac Flame Blue FB-664 Menthol Light | Carsystem i R-M Inđija","Flame Blue FB-664 Menthol Light u Cosmos Lac katalogu. Proverite namenu i pošaljite upit Carsystem i R-M timu.","","Brand | BreadcrumbList | ListItem | Product","true","154","1","","122","0","122","true","false"
"/proizvodi/cosmos-lac-flame-blue-fb-666-400-ml-flame-blue-fb-666-menthol","200","true","","Cosmos Lac Flame Blue FB-666 Menthol | Carsystem i R-M Inđija","61","1","Flame Blue FB-666 Menthol u Cosmos Lac katalogu. Proverite namenu i pošaljite upit Carsystem i R-M timu.","104","1","http://localhost:3000/proizvodi/cosmos-lac-flame-blue-fb-666-400-ml-flame-blue-fb-666-menthol","200","false","Cosmos Lac Flame Blue FB-666 Menthol","1","H1:Cosmos Lac Flame Blue FB-666 Menthol | H2:Dostupne boje | H2:Treba vam savet pri izboru proizvoda? | H2:Katalog | H2:Brendovi | H2:Podrška | H2:Kontakt","sr-Latn","Cosmos Lac Flame Blue FB-666 Menthol | Carsystem i R-M Inđija","Flame Blue FB-666 Menthol u Cosmos Lac katalogu. Proverite namenu i pošaljite upit Carsystem i R-M timu.","","summary","Cosmos Lac Flame Blue FB-666 Menthol | Carsystem i R-M Inđija","Flame Blue FB-666 Menthol u Cosmos Lac katalogu. Proverite namenu i pošaljite upit Carsystem i R-M timu.","","Brand | BreadcrumbList | ListItem | Product","true","154","1","","122","0","122","true","false"
"/proizvodi/cosmos-lac-flame-blue-fb-668-400-ml-flame-blue-fb-668-menthol-dark","200","true","","Cosmos Lac Flame Blue FB-668 Menthol Dark | Carsystem i R-M Inđija","66","1","Flame Blue FB-668 Menthol Dark u Cosmos Lac katalogu. Proverite namenu i pošaljite upit Carsystem i R-M timu.","109","1","http://localhost:3000/proizvodi/cosmos-lac-flame-blue-fb-668-400-ml-flame-blue-fb-668-menthol-dark","200","false","Cosmos Lac Flame Blue FB-668 Menthol Dark","1","H1:Cosmos Lac Flame Blue FB-668 Menthol Dark | H2:Dostupne boje | H2:Treba vam savet pri izboru proizvoda? | H2:Katalog | H2:Brendovi | H2:Podrška | H2:Kontakt","sr-Latn","Cosmos Lac Flame Blue FB-668 Menthol Dark | Carsystem i R-M Inđija","Flame Blue FB-668 Menthol Dark u Cosmos Lac katalogu. Proverite namenu i pošaljite upit Carsystem i R-M timu.","","summary","Cosmos Lac Flame Blue FB-668 Menthol Dark | Carsystem i R-M Inđija","Flame Blue FB-668 Menthol Dark u Cosmos Lac katalogu. Proverite namenu i pošaljite upit Carsystem i R-M timu.","","Brand | BreadcrumbList | ListItem | Product","true","154","1","","122","0","122","true","false"
"/proizvodi/cosmos-lac-flame-blue-fb-670-400-ml-flame-blue-fb-670-turquoise-light","200","true","","Cosmos Lac Flame Blue FB-670 Turquoise Light | Carsystem i R-M Inđija","69","1","Flame Blue FB-670 Turquoise Light u Cosmos Lac katalogu. Proverite namenu i pošaljite upit Carsystem i R-M timu.","112","1","http://localhost:3000/proizvodi/cosmos-lac-flame-blue-fb-670-400-ml-flame-blue-fb-670-turquoise-light","200","false","Cosmos Lac Flame Blue FB-670 Turquoise Light","1","H1:Cosmos Lac Flame Blue FB-670 Turquoise Light | H2:Dostupne boje | H2:Treba vam savet pri izboru proizvoda? | H2:Katalog | H2:Brendovi | H2:Podrška | H2:Kontakt","sr-Latn","Cosmos Lac Flame Blue FB-670 Turquoise Light | Carsystem i R-M Inđija","Flame Blue FB-670 Turquoise Light u Cosmos Lac katalogu. Proverite namenu i pošaljite upit Carsystem i R-M timu.","","summary","Cosmos Lac Flame Blue FB-670 Turquoise Light | Carsystem i R-M Inđija","Flame Blue FB-670 Turquoise Light u Cosmos Lac katalogu. Proverite namenu i pošaljite upit Carsystem i R-M timu.","","Brand | BreadcrumbList | ListItem | Product","true","154","1","","122","0","122","true","false"
"/proizvodi/cosmos-lac-flame-blue-fb-672-400-ml-flame-blue-fb-672-turquoise","200","true","","Cosmos Lac Flame Blue FB-672 Turquoise | Carsystem i R-M Inđija","63","1","Flame Blue FB-672 Turquoise u Cosmos Lac katalogu. Proverite namenu i pošaljite upit Carsystem i R-M timu.","106","1","http://localhost:3000/proizvodi/cosmos-lac-flame-blue-fb-672-400-ml-flame-blue-fb-672-turquoise","200","false","Cosmos Lac Flame Blue FB-672 Turquoise","1","H1:Cosmos Lac Flame Blue FB-672 Turquoise | H2:Dostupne boje | H2:Treba vam savet pri izboru proizvoda? | H2:Katalog | H2:Brendovi | H2:Podrška | H2:Kontakt","sr-Latn","Cosmos Lac Flame Blue FB-672 Turquoise | Carsystem i R-M Inđija","Flame Blue FB-672 Turquoise u Cosmos Lac katalogu. Proverite namenu i pošaljite upit Carsystem i R-M timu.","","summary","Cosmos Lac Flame Blue FB-672 Turquoise | Carsystem i R-M Inđija","Flame Blue FB-672 Turquoise u Cosmos Lac katalogu. Proverite namenu i pošaljite upit Carsystem i R-M timu.","","Brand | BreadcrumbList | ListItem | Product","true","154","1","","122","0","122","true","false"
"/proizvodi/cosmos-lac-flame-blue-fb-674-400-ml-flame-blue-fb-674-turquoise-dark","200","true","","Cosmos Lac Flame Blue FB-674 Turquoise Dark | Carsystem i R-M Inđija","68","1","Flame Blue FB-674 Turquoise Dark u Cosmos Lac katalogu. Proverite namenu i pošaljite upit Carsystem i R-M timu.","111","1","http://localhost:3000/proizvodi/cosmos-lac-flame-blue-fb-674-400-ml-flame-blue-fb-674-turquoise-dark","200","false","Cosmos Lac Flame Blue FB-674 Turquoise Dark","1","H1:Cosmos Lac Flame Blue FB-674 Turquoise Dark | H2:Dostupne boje | H2:Treba vam savet pri izboru proizvoda? | H2:Katalog | H2:Brendovi | H2:Podrška | H2:Kontakt","sr-Latn","Cosmos Lac Flame Blue FB-674 Turquoise Dark | Carsystem i R-M Inđija","Flame Blue FB-674 Turquoise Dark u Cosmos Lac katalogu. Proverite namenu i pošaljite upit Carsystem i R-M timu.","","summary","Cosmos Lac Flame Blue FB-674 Turquoise Dark | Carsystem i R-M Inđija","Flame Blue FB-674 Turquoise Dark u Cosmos Lac katalogu. Proverite namenu i pošaljite upit Carsystem i R-M timu.","","Brand | BreadcrumbList | ListItem | Product","true","154","1","","122","0","122","true","false"
"/proizvodi/cosmos-lac-flame-blue-fb-702-400-ml-flame-blue-fb-702-ivory-light","200","true","","Cosmos Lac Flame Blue FB-702 Ivory Light | Carsystem i R-M Inđija","65","1","Flame Blue FB-702 Ivory Light u Cosmos Lac katalogu. Proverite namenu i pošaljite upit Carsystem i R-M timu.","108","1","http://localhost:3000/proizvodi/cosmos-lac-flame-blue-fb-702-400-ml-flame-blue-fb-702-ivory-light","200","false","Cosmos Lac Flame Blue FB-702 Ivory Light","1","H1:Cosmos Lac Flame Blue FB-702 Ivory Light | H2:Dostupne boje | H2:Treba vam savet pri izboru proizvoda? | H2:Katalog | H2:Brendovi | H2:Podrška | H2:Kontakt","sr-Latn","Cosmos Lac Flame Blue FB-702 Ivory Light | Carsystem i R-M Inđija","Flame Blue FB-702 Ivory Light u Cosmos Lac katalogu. Proverite namenu i pošaljite upit Carsystem i R-M timu.","","summary","Cosmos Lac Flame Blue FB-702 Ivory Light | Carsystem i R-M Inđija","Flame Blue FB-702 Ivory Light u Cosmos Lac katalogu. Proverite namenu i pošaljite upit Carsystem i R-M timu.","","Brand | BreadcrumbList | ListItem | Product","true","154","1","","122","0","122","true","false"
"/proizvodi/cosmos-lac-flame-blue-fb-704-400-ml-flame-blue-fb-704-beige-brown","200","true","","Cosmos Lac Flame Blue FB-704 Beige Brown | Carsystem i R-M Inđija","65","1","Flame Blue FB-704 Beige Brown u Cosmos Lac katalogu. Proverite namenu i pošaljite upit Carsystem i R-M timu.","108","1","http://localhost:3000/proizvodi/cosmos-lac-flame-blue-fb-704-400-ml-flame-blue-fb-704-beige-brown","200","false","Cosmos Lac Flame Blue FB-704 Beige Brown","1","H1:Cosmos Lac Flame Blue FB-704 Beige Brown | H2:Dostupne boje | H2:Treba vam savet pri izboru proizvoda? | H2:Katalog | H2:Brendovi | H2:Podrška | H2:Kontakt","sr-Latn","Cosmos Lac Flame Blue FB-704 Beige Brown | Carsystem i R-M Inđija","Flame Blue FB-704 Beige Brown u Cosmos Lac katalogu. Proverite namenu i pošaljite upit Carsystem i R-M timu.","","summary","Cosmos Lac Flame Blue FB-704 Beige Brown | Carsystem i R-M Inđija","Flame Blue FB-704 Beige Brown u Cosmos Lac katalogu. Proverite namenu i pošaljite upit Carsystem i R-M timu.","","Brand | BreadcrumbList | ListItem | Product","true","154","1","","122","0","122","true","false"
"/proizvodi/cosmos-lac-flame-blue-fb-706-400-ml-flame-blue-fb-706-ocher","200","true","","Cosmos Lac Flame Blue FB-706 Ocher | Carsystem i R-M Inđija","59","1","Flame Blue FB-706 Ocher u Cosmos Lac katalogu. Proverite namenu i pošaljite upit Carsystem i R-M timu.","102","1","http://localhost:3000/proizvodi/cosmos-lac-flame-blue-fb-706-400-ml-flame-blue-fb-706-ocher","200","false","Cosmos Lac Flame Blue FB-706 Ocher","1","H1:Cosmos Lac Flame Blue FB-706 Ocher | H2:Dostupne boje | H2:Treba vam savet pri izboru proizvoda? | H2:Katalog | H2:Brendovi | H2:Podrška | H2:Kontakt","sr-Latn","Cosmos Lac Flame Blue FB-706 Ocher | Carsystem i R-M Inđija","Flame Blue FB-706 Ocher u Cosmos Lac katalogu. Proverite namenu i pošaljite upit Carsystem i R-M timu.","","summary","Cosmos Lac Flame Blue FB-706 Ocher | Carsystem i R-M Inđija","Flame Blue FB-706 Ocher u Cosmos Lac katalogu. Proverite namenu i pošaljite upit Carsystem i R-M timu.","","Brand | BreadcrumbList | ListItem | Product","true","154","1","","122","0","122","true","false"
"/proizvodi/cosmos-lac-flame-blue-fb-708-400-ml-flame-blue-fb-708-nut","200","true","","Cosmos Lac Flame Blue FB-708 Nut | Carsystem i R-M Inđija","57","1","Flame Blue FB-708 Nut u Cosmos Lac katalogu. Proverite namenu i pošaljite upit Carsystem i R-M timu.","100","1","http://localhost:3000/proizvodi/cosmos-lac-flame-blue-fb-708-400-ml-flame-blue-fb-708-nut","200","false","Cosmos Lac Flame Blue FB-708 Nut","1","H1:Cosmos Lac Flame Blue FB-708 Nut | H2:Dostupne boje | H2:Treba vam savet pri izboru proizvoda? | H2:Katalog | H2:Brendovi | H2:Podrška | H2:Kontakt","sr-Latn","Cosmos Lac Flame Blue FB-708 Nut | Carsystem i R-M Inđija","Flame Blue FB-708 Nut u Cosmos Lac katalogu. Proverite namenu i pošaljite upit Carsystem i R-M timu.","","summary","Cosmos Lac Flame Blue FB-708 Nut | Carsystem i R-M Inđija","Flame Blue FB-708 Nut u Cosmos Lac katalogu. Proverite namenu i pošaljite upit Carsystem i R-M timu.","","Brand | BreadcrumbList | ListItem | Product","true","154","1","","122","0","122","true","false"
"/proizvodi/cosmos-lac-flame-blue-fb-710-400-ml-flame-blue-fb-710-chocolate","200","true","","Cosmos Lac Flame Blue FB-710 Chocolate | Carsystem i R-M Inđija","63","1","Flame Blue FB-710 Chocolate u Cosmos Lac katalogu. Proverite namenu i pošaljite upit Carsystem i R-M timu.","106","1","http://localhost:3000/proizvodi/cosmos-lac-flame-blue-fb-710-400-ml-flame-blue-fb-710-chocolate","200","false","Cosmos Lac Flame Blue FB-710 Chocolate","1","H1:Cosmos Lac Flame Blue FB-710 Chocolate | H2:Dostupne boje | H2:Treba vam savet pri izboru proizvoda? | H2:Katalog | H2:Brendovi | H2:Podrška | H2:Kontakt","sr-Latn","Cosmos Lac Flame Blue FB-710 Chocolate | Carsystem i R-M Inđija","Flame Blue FB-710 Chocolate u Cosmos Lac katalogu. Proverite namenu i pošaljite upit Carsystem i R-M timu.","","summary","Cosmos Lac Flame Blue FB-710 Chocolate | Carsystem i R-M Inđija","Flame Blue FB-710 Chocolate u Cosmos Lac katalogu. Proverite namenu i pošaljite upit Carsystem i R-M timu.","","Brand | BreadcrumbList | ListItem | Product","true","154","1","","122","0","122","true","false"
"/proizvodi/cosmos-lac-flame-blue-fb-716-400-ml-flame-blue-fb-716-cookie-dough-pastel","200","true","","Cosmos Lac Flame Blue FB-716 Cookie Dough Pastel | Carsystem i R-M Inđija","73","1","Flame Blue FB-716 Cookie Dough Pastel u Cosmos Lac katalogu. Proverite namenu i pošaljite upit Carsystem i R-M timu.","116","1","http://localhost:3000/proizvodi/cosmos-lac-flame-blue-fb-716-400-ml-flame-blue-fb-716-cookie-dough-pastel","200","false","Cosmos Lac Flame Blue FB-716 Cookie Dough Pastel","1","H1:Cosmos Lac Flame Blue FB-716 Cookie Dough Pastel | H2:Dostupne boje | H2:Treba vam savet pri izboru proizvoda? | H2:Katalog | H2:Brendovi | H2:Podrška | H2:Kontakt","sr-Latn","Cosmos Lac Flame Blue FB-716 Cookie Dough Pastel | Carsystem i R-M Inđija","Flame Blue FB-716 Cookie Dough Pastel u Cosmos Lac katalogu. Proverite namenu i pošaljite upit Carsystem i R-M timu.","","summary","Cosmos Lac Flame Blue FB-716 Cookie Dough Pastel | Carsystem i R-M Inđija","Flame Blue FB-716 Cookie Dough Pastel u Cosmos Lac katalogu. Proverite namenu i pošaljite upit Carsystem i R-M timu.","","Brand | BreadcrumbList | ListItem | Product","true","154","1","","122","0","122","true","false"
"/proizvodi/cosmos-lac-flame-blue-fb-717-400-ml-flame-blue-fb-717-cookie-dough","200","true","","Cosmos Lac Flame Blue FB-717 Cookie Dough | Carsystem i R-M Inđija","66","1","Flame Blue FB-717 Cookie Dough u Cosmos Lac katalogu. Proverite namenu i pošaljite upit Carsystem i R-M timu.","109","1","http://localhost:3000/proizvodi/cosmos-lac-flame-blue-fb-717-400-ml-flame-blue-fb-717-cookie-dough","200","false","Cosmos Lac Flame Blue FB-717 Cookie Dough","1","H1:Cosmos Lac Flame Blue FB-717 Cookie Dough | H2:Dostupne boje | H2:Treba vam savet pri izboru proizvoda? | H2:Katalog | H2:Brendovi | H2:Podrška | H2:Kontakt","sr-Latn","Cosmos Lac Flame Blue FB-717 Cookie Dough | Carsystem i R-M Inđija","Flame Blue FB-717 Cookie Dough u Cosmos Lac katalogu. Proverite namenu i pošaljite upit Carsystem i R-M timu.","","summary","Cosmos Lac Flame Blue FB-717 Cookie Dough | Carsystem i R-M Inđija","Flame Blue FB-717 Cookie Dough u Cosmos Lac katalogu. Proverite namenu i pošaljite upit Carsystem i R-M timu.","","Brand | BreadcrumbList | ListItem | Product","true","154","1","","122","0","122","true","false"
"/proizvodi/cosmos-lac-flame-blue-fb-718-400-ml-flame-blue-fb-718-macadamia-pastel","200","true","","Cosmos Lac Flame Blue FB-718 Macadamia Pastel | Carsystem i R-M Inđija","70","1","Flame Blue FB-718 Macadamia Pastel u Cosmos Lac katalogu. Proverite namenu i pošaljite upit Carsystem i R-M timu.","113","1","http://localhost:3000/proizvodi/cosmos-lac-flame-blue-fb-718-400-ml-flame-blue-fb-718-macadamia-pastel","200","false","Cosmos Lac Flame Blue FB-718 Macadamia Pastel","1","H1:Cosmos Lac Flame Blue FB-718 Macadamia Pastel | H2:Dostupne boje | H2:Treba vam savet pri izboru proizvoda? | H2:Katalog | H2:Brendovi | H2:Podrška | H2:Kontakt","sr-Latn","Cosmos Lac Flame Blue FB-718 Macadamia Pastel | Carsystem i R-M Inđija","Flame Blue FB-718 Macadamia Pastel u Cosmos Lac katalogu. Proverite namenu i pošaljite upit Carsystem i R-M timu.","","summary","Cosmos Lac Flame Blue FB-718 Macadamia Pastel | Carsystem i R-M Inđija","Flame Blue FB-718 Macadamia Pastel u Cosmos Lac katalogu. Proverite namenu i pošaljite upit Carsystem i R-M timu.","","Brand | BreadcrumbList | ListItem | Product","true","154","1","","122","0","122","true","false"
"/proizvodi/cosmos-lac-flame-blue-fb-719-400-ml-flame-blue-fb-719-macadamia","200","true","","Cosmos Lac Flame Blue FB-719 Macadamia | Carsystem i R-M Inđija","63","1","Flame Blue FB-719 Macadamia u Cosmos Lac katalogu. Proverite namenu i pošaljite upit Carsystem i R-M timu.","106","1","http://localhost:3000/proizvodi/cosmos-lac-flame-blue-fb-719-400-ml-flame-blue-fb-719-macadamia","200","false","Cosmos Lac Flame Blue FB-719 Macadamia","1","H1:Cosmos Lac Flame Blue FB-719 Macadamia | H2:Dostupne boje | H2:Treba vam savet pri izboru proizvoda? | H2:Katalog | H2:Brendovi | H2:Podrška | H2:Kontakt","sr-Latn","Cosmos Lac Flame Blue FB-719 Macadamia | Carsystem i R-M Inđija","Flame Blue FB-719 Macadamia u Cosmos Lac katalogu. Proverite namenu i pošaljite upit Carsystem i R-M timu.","","summary","Cosmos Lac Flame Blue FB-719 Macadamia | Carsystem i R-M Inđija","Flame Blue FB-719 Macadamia u Cosmos Lac katalogu. Proverite namenu i pošaljite upit Carsystem i R-M timu.","","Brand | BreadcrumbList | ListItem | Product","true","154","1","","122","0","122","true","false"
"/proizvodi/cosmos-lac-flame-blue-fb-732-400-ml-flame-blue-fb-732-grey-beige-light","200","true","","Cosmos Lac Flame Blue FB-732 Grey Beige Light | Carsystem i R-M Inđija","70","1","Flame Blue FB-732 Grey Beige Light u Cosmos Lac katalogu. Proverite namenu i pošaljite upit Carsystem i R-M timu.","113","1","http://localhost:3000/proizvodi/cosmos-lac-flame-blue-fb-732-400-ml-flame-blue-fb-732-grey-beige-light","200","false","Cosmos Lac Flame Blue FB-732 Grey Beige Light","1","H1:Cosmos Lac Flame Blue FB-732 Grey Beige Light | H2:Dostupne boje | H2:Treba vam savet pri izboru proizvoda? | H2:Katalog | H2:Brendovi | H2:Podrška | H2:Kontakt","sr-Latn","Cosmos Lac Flame Blue FB-732 Grey Beige Light | Carsystem i R-M Inđija","Flame Blue FB-732 Grey Beige Light u Cosmos Lac katalogu. Proverite namenu i pošaljite upit Carsystem i R-M timu.","","summary","Cosmos Lac Flame Blue FB-732 Grey Beige Light | Carsystem i R-M Inđija","Flame Blue FB-732 Grey Beige Light u Cosmos Lac katalogu. Proverite namenu i pošaljite upit Carsystem i R-M timu.","","Brand | BreadcrumbList | ListItem | Product","true","154","1","","122","0","122","true","false"
"/proizvodi/cosmos-lac-flame-blue-fb-734-400-ml-flame-blue-fb-734-grey-beige","200","true","","Cosmos Lac Flame Blue FB-734 Grey Beige | Carsystem i R-M Inđija","64","1","Flame Blue FB-734 Grey Beige u Cosmos Lac katalogu. Proverite namenu i pošaljite upit Carsystem i R-M timu.","107","1","http://localhost:3000/proizvodi/cosmos-lac-flame-blue-fb-734-400-ml-flame-blue-fb-734-grey-beige","200","false","Cosmos Lac Flame Blue FB-734 Grey Beige","1","H1:Cosmos Lac Flame Blue FB-734 Grey Beige | H2:Dostupne boje | H2:Treba vam savet pri izboru proizvoda? | H2:Katalog | H2:Brendovi | H2:Podrška | H2:Kontakt","sr-Latn","Cosmos Lac Flame Blue FB-734 Grey Beige | Carsystem i R-M Inđija","Flame Blue FB-734 Grey Beige u Cosmos Lac katalogu. Proverite namenu i pošaljite upit Carsystem i R-M timu.","","summary","Cosmos Lac Flame Blue FB-734 Grey Beige | Carsystem i R-M Inđija","Flame Blue FB-734 Grey Beige u Cosmos Lac katalogu. Proverite namenu i pošaljite upit Carsystem i R-M timu.","","Brand | BreadcrumbList | ListItem | Product","true","154","1","","122","0","122","true","false"
"/proizvodi/cosmos-lac-flame-blue-fb-736-400-ml-flame-blue-fb-736-khaki-grey","200","true","","Cosmos Lac Flame Blue FB-736 Khaki Grey | Carsystem i R-M Inđija","64","1","Flame Blue FB-736 Khaki Grey u Cosmos Lac katalogu. Proverite namenu i pošaljite upit Carsystem i R-M timu.","107","1","http://localhost:3000/proizvodi/cosmos-lac-flame-blue-fb-736-400-ml-flame-blue-fb-736-khaki-grey","200","false","Cosmos Lac Flame Blue FB-736 Khaki Grey","1","H1:Cosmos Lac Flame Blue FB-736 Khaki Grey | H2:Dostupne boje | H2:Treba vam savet pri izboru proizvoda? | H2:Katalog | H2:Brendovi | H2:Podrška | H2:Kontakt","sr-Latn","Cosmos Lac Flame Blue FB-736 Khaki Grey | Carsystem i R-M Inđija","Flame Blue FB-736 Khaki Grey u Cosmos Lac katalogu. Proverite namenu i pošaljite upit Carsystem i R-M timu.","","summary","Cosmos Lac Flame Blue FB-736 Khaki Grey | Carsystem i R-M Inđija","Flame Blue FB-736 Khaki Grey u Cosmos Lac katalogu. Proverite namenu i pošaljite upit Carsystem i R-M timu.","","Brand | BreadcrumbList | ListItem | Product","true","154","1","","122","0","122","true","false"
"/proizvodi/cosmos-lac-flame-blue-fb-738-400-ml-flame-blue-fb-738-dark-brown","200","true","","Cosmos Lac Flame Blue FB-738 Dark Brown | Carsystem i R-M Inđija","64","1","Flame Blue FB-738 Dark Brown u Cosmos Lac katalogu. Proverite namenu i pošaljite upit Carsystem i R-M timu.","107","1","http://localhost:3000/proizvodi/cosmos-lac-flame-blue-fb-738-400-ml-flame-blue-fb-738-dark-brown","200","false","Cosmos Lac Flame Blue FB-738 Dark Brown","1","H1:Cosmos Lac Flame Blue FB-738 Dark Brown | H2:Dostupne boje | H2:Treba vam savet pri izboru proizvoda? | H2:Katalog | H2:Brendovi | H2:Podrška | H2:Kontakt","sr-Latn","Cosmos Lac Flame Blue FB-738 Dark Brown | Carsystem i R-M Inđija","Flame Blue FB-738 Dark Brown u Cosmos Lac katalogu. Proverite namenu i pošaljite upit Carsystem i R-M timu.","","summary","Cosmos Lac Flame Blue FB-738 Dark Brown | Carsystem i R-M Inđija","Flame Blue FB-738 Dark Brown u Cosmos Lac katalogu. Proverite namenu i pošaljite upit Carsystem i R-M timu.","","Brand | BreadcrumbList | ListItem | Product","true","154","1","","122","0","122","true","false"
"/proizvodi/cosmos-lac-flame-blue-fb-808-400-ml-flame-blue-fb-808-terracotta-grey-pastel","200","true","","Cosmos Lac Flame Blue FB-808 Terracotta Grey Pastel | Carsystem i R-M Inđija","76","1","Flame Blue FB-808 Terracotta Grey Pastel u Cosmos Lac katalogu. Proverite namenu i pošaljite upit Carsystem i R-M timu.","119","1","http://localhost:3000/proizvodi/cosmos-lac-flame-blue-fb-808-400-ml-flame-blue-fb-808-terracotta-grey-pastel","200","false","Cosmos Lac Flame Blue FB-808 Terracotta Grey Pastel","1","H1:Cosmos Lac Flame Blue FB-808 Terracotta Grey Pastel | H2:Dostupne boje | H2:Treba vam savet pri izboru proizvoda? | H2:Katalog | H2:Brendovi | H2:Podrška | H2:Kontakt","sr-Latn","Cosmos Lac Flame Blue FB-808 Terracotta Grey Pastel | Carsystem i R-M Inđija","Flame Blue FB-808 Terracotta Grey Pastel u Cosmos Lac katalogu. Proverite namenu i pošaljite upit Carsystem i R-M timu.","","summary","Cosmos Lac Flame Blue FB-808 Terracotta Grey Pastel | Carsystem i R-M Inđija","Flame Blue FB-808 Terracotta Grey Pastel u Cosmos Lac katalogu. Proverite namenu i pošaljite upit Carsystem i R-M timu.","","Brand | BreadcrumbList | ListItem | Product","true","154","1","","122","0","122","true","false"
"/proizvodi/cosmos-lac-flame-blue-fb-810-400-ml-flame-blue-fb-810-terracotta-grey-light","200","true","","Cosmos Lac Flame Blue FB-810 Terracotta Grey Light | Carsystem i R-M Inđija","75","1","Flame Blue FB-810 Terracotta Grey Light u Cosmos Lac katalogu. Proverite namenu i pošaljite upit Carsystem i R-M timu.","118","1","http://localhost:3000/proizvodi/cosmos-lac-flame-blue-fb-810-400-ml-flame-blue-fb-810-terracotta-grey-light","200","false","Cosmos Lac Flame Blue FB-810 Terracotta Grey Light","1","H1:Cosmos Lac Flame Blue FB-810 Terracotta Grey Light | H2:Dostupne boje | H2:Treba vam savet pri izboru proizvoda? | H2:Katalog | H2:Brendovi | H2:Podrška | H2:Kontakt","sr-Latn","Cosmos Lac Flame Blue FB-810 Terracotta Grey Light | Carsystem i R-M Inđija","Flame Blue FB-810 Terracotta Grey Light u Cosmos Lac katalogu. Proverite namenu i pošaljite upit Carsystem i R-M timu.","","summary","Cosmos Lac Flame Blue FB-810 Terracotta Grey Light | Carsystem i R-M Inđija","Flame Blue FB-810 Terracotta Grey Light u Cosmos Lac katalogu. Proverite namenu i pošaljite upit Carsystem i R-M timu.","","Brand | BreadcrumbList | ListItem | Product","true","154","1","","122","0","122","true","false"
"/proizvodi/cosmos-lac-flame-blue-fb-812-400-ml-flame-blue-fb-812-terracotta-grey","200","true","","Cosmos Lac Flame Blue FB-812 Terracotta Grey | Carsystem i R-M Inđija","69","1","Flame Blue FB-812 Terracotta Grey u Cosmos Lac katalogu. Proverite namenu i pošaljite upit Carsystem i R-M timu.","112","1","http://localhost:3000/proizvodi/cosmos-lac-flame-blue-fb-812-400-ml-flame-blue-fb-812-terracotta-grey","200","false","Cosmos Lac Flame Blue FB-812 Terracotta Grey","1","H1:Cosmos Lac Flame Blue FB-812 Terracotta Grey | H2:Dostupne boje | H2:Treba vam savet pri izboru proizvoda? | H2:Katalog | H2:Brendovi | H2:Podrška | H2:Kontakt","sr-Latn","Cosmos Lac Flame Blue FB-812 Terracotta Grey | Carsystem i R-M Inđija","Flame Blue FB-812 Terracotta Grey u Cosmos Lac katalogu. Proverite namenu i pošaljite upit Carsystem i R-M timu.","","summary","Cosmos Lac Flame Blue FB-812 Terracotta Grey | Carsystem i R-M Inđija","Flame Blue FB-812 Terracotta Grey u Cosmos Lac katalogu. Proverite namenu i pošaljite upit Carsystem i R-M timu.","","Brand | BreadcrumbList | ListItem | Product","true","154","1","","122","0","122","true","false"
"/proizvodi/cosmos-lac-flame-blue-fb-820-400-ml-flame-blue-fb-820-violet-grey-middle","200","true","","Cosmos Lac Flame Blue FB-820 Violet Grey Middle | Carsystem i R-M Inđija","72","1","Flame Blue FB-820 Violet Grey Middle u Cosmos Lac katalogu. Proverite namenu i pošaljite upit Carsystem i R-M timu.","115","1","http://localhost:3000/proizvodi/cosmos-lac-flame-blue-fb-820-400-ml-flame-blue-fb-820-violet-grey-middle","200","false","Cosmos Lac Flame Blue FB-820 Violet Grey Middle","1","H1:Cosmos Lac Flame Blue FB-820 Violet Grey Middle | H2:Dostupne boje | H2:Treba vam savet pri izboru proizvoda? | H2:Katalog | H2:Brendovi | H2:Podrška | H2:Kontakt","sr-Latn","Cosmos Lac Flame Blue FB-820 Violet Grey Middle | Carsystem i R-M Inđija","Flame Blue FB-820 Violet Grey Middle u Cosmos Lac katalogu. Proverite namenu i pošaljite upit Carsystem i R-M timu.","","summary","Cosmos Lac Flame Blue FB-820 Violet Grey Middle | Carsystem i R-M Inđija","Flame Blue FB-820 Violet Grey Middle u Cosmos Lac katalogu. Proverite namenu i pošaljite upit Carsystem i R-M timu.","","Brand | BreadcrumbList | ListItem | Product","true","154","1","","122","0","122","true","false"
"/proizvodi/cosmos-lac-flame-blue-fb-822-400-ml-flame-blue-fb-822-violet-grey","200","true","","Cosmos Lac Flame Blue FB-822 Violet Grey | Carsystem i R-M Inđija","65","1","Flame Blue FB-822 Violet Grey u Cosmos Lac katalogu. Proverite namenu i pošaljite upit Carsystem i R-M timu.","108","1","http://localhost:3000/proizvodi/cosmos-lac-flame-blue-fb-822-400-ml-flame-blue-fb-822-violet-grey","200","false","Cosmos Lac Flame Blue FB-822 Violet Grey","1","H1:Cosmos Lac Flame Blue FB-822 Violet Grey | H2:Dostupne boje | H2:Treba vam savet pri izboru proizvoda? | H2:Katalog | H2:Brendovi | H2:Podrška | H2:Kontakt","sr-Latn","Cosmos Lac Flame Blue FB-822 Violet Grey | Carsystem i R-M Inđija","Flame Blue FB-822 Violet Grey u Cosmos Lac katalogu. Proverite namenu i pošaljite upit Carsystem i R-M timu.","","summary","Cosmos Lac Flame Blue FB-822 Violet Grey | Carsystem i R-M Inđija","Flame Blue FB-822 Violet Grey u Cosmos Lac katalogu. Proverite namenu i pošaljite upit Carsystem i R-M timu.","","Brand | BreadcrumbList | ListItem | Product","true","154","1","","122","0","122","true","false"
"/proizvodi/cosmos-lac-flame-blue-fb-834-400-ml-flame-blue-fb-834-light-grey-neutral","200","true","","Cosmos Lac Flame Blue FB-834 Light Grey Neutral | Carsystem i R-M Inđija","72","1","Flame Blue FB-834 Light Grey Neutral u Cosmos Lac katalogu. Proverite namenu i pošaljite upit Carsystem i R-M timu.","115","1","http://localhost:3000/proizvodi/cosmos-lac-flame-blue-fb-834-400-ml-flame-blue-fb-834-light-grey-neutral","200","false","Cosmos Lac Flame Blue FB-834 Light Grey Neutral","1","H1:Cosmos Lac Flame Blue FB-834 Light Grey Neutral | H2:Dostupne boje | H2:Treba vam savet pri izboru proizvoda? | H2:Katalog | H2:Brendovi | H2:Podrška | H2:Kontakt","sr-Latn","Cosmos Lac Flame Blue FB-834 Light Grey Neutral | Carsystem i R-M Inđija","Flame Blue FB-834 Light Grey Neutral u Cosmos Lac katalogu. Proverite namenu i pošaljite upit Carsystem i R-M timu.","","summary","Cosmos Lac Flame Blue FB-834 Light Grey Neutral | Carsystem i R-M Inđija","Flame Blue FB-834 Light Grey Neutral u Cosmos Lac katalogu. Proverite namenu i pošaljite upit Carsystem i R-M timu.","","Brand | BreadcrumbList | ListItem | Product","true","154","1","","122","0","122","true","false"
"/proizvodi/cosmos-lac-flame-blue-fb-836-400-ml-flame-blue-fb-836-middle-grey-neutral","200","true","","Cosmos Lac Flame Blue FB-836 Middle Grey Neutral | Carsystem i R-M Inđija","73","1","Flame Blue FB-836 Middle Grey Neutral u Cosmos Lac katalogu. Proverite namenu i pošaljite upit Carsystem i R-M timu.","116","1","http://localhost:3000/proizvodi/cosmos-lac-flame-blue-fb-836-400-ml-flame-blue-fb-836-middle-grey-neutral","200","false","Cosmos Lac Flame Blue FB-836 Middle Grey Neutral","1","H1:Cosmos Lac Flame Blue FB-836 Middle Grey Neutral | H2:Dostupne boje | H2:Treba vam savet pri izboru proizvoda? | H2:Katalog | H2:Brendovi | H2:Podrška | H2:Kontakt","sr-Latn","Cosmos Lac Flame Blue FB-836 Middle Grey Neutral | Carsystem i R-M Inđija","Flame Blue FB-836 Middle Grey Neutral u Cosmos Lac katalogu. Proverite namenu i pošaljite upit Carsystem i R-M timu.","","summary","Cosmos Lac Flame Blue FB-836 Middle Grey Neutral | Carsystem i R-M Inđija","Flame Blue FB-836 Middle Grey Neutral u Cosmos Lac katalogu. Proverite namenu i pošaljite upit Carsystem i R-M timu.","","Brand | BreadcrumbList | ListItem | Product","true","154","1","","122","0","122","true","false"
"/proizvodi/cosmos-lac-flame-blue-fb-838-400-ml-flame-blue-fb-838-grey-neutral","200","true","","Cosmos Lac Flame Blue FB-838 Grey Neutral | Carsystem i R-M Inđija","66","1","Flame Blue FB-838 Grey Neutral u Cosmos Lac katalogu. Proverite namenu i pošaljite upit Carsystem i R-M timu.","109","1","http://localhost:3000/proizvodi/cosmos-lac-flame-blue-fb-838-400-ml-flame-blue-fb-838-grey-neutral","200","false","Cosmos Lac Flame Blue FB-838 Grey Neutral","1","H1:Cosmos Lac Flame Blue FB-838 Grey Neutral | H2:Dostupne boje | H2:Treba vam savet pri izboru proizvoda? | H2:Katalog | H2:Brendovi | H2:Podrška | H2:Kontakt","sr-Latn","Cosmos Lac Flame Blue FB-838 Grey Neutral | Carsystem i R-M Inđija","Flame Blue FB-838 Grey Neutral u Cosmos Lac katalogu. Proverite namenu i pošaljite upit Carsystem i R-M timu.","","summary","Cosmos Lac Flame Blue FB-838 Grey Neutral | Carsystem i R-M Inđija","Flame Blue FB-838 Grey Neutral u Cosmos Lac katalogu. Proverite namenu i pošaljite upit Carsystem i R-M timu.","","Brand | BreadcrumbList | ListItem | Product","true","154","1","","122","0","122","true","false"
"/proizvodi/cosmos-lac-flame-blue-fb-840-400-ml-flame-blue-fb-840-dark-grey-neutral","200","true","","Cosmos Lac Flame Blue FB-840 Dark Grey Neutral | Carsystem i R-M Inđija","71","1","Flame Blue FB-840 Dark Grey Neutral u Cosmos Lac katalogu. Proverite namenu i pošaljite upit Carsystem i R-M timu.","114","1","http://localhost:3000/proizvodi/cosmos-lac-flame-blue-fb-840-400-ml-flame-blue-fb-840-dark-grey-neutral","200","false","Cosmos Lac Flame Blue FB-840 Dark Grey Neutral","1","H1:Cosmos Lac Flame Blue FB-840 Dark Grey Neutral | H2:Dostupne boje | H2:Treba vam savet pri izboru proizvoda? | H2:Katalog | H2:Brendovi | H2:Podrška | H2:Kontakt","sr-Latn","Cosmos Lac Flame Blue FB-840 Dark Grey Neutral | Carsystem i R-M Inđija","Flame Blue FB-840 Dark Grey Neutral u Cosmos Lac katalogu. Proverite namenu i pošaljite upit Carsystem i R-M timu.","","summary","Cosmos Lac Flame Blue FB-840 Dark Grey Neutral | Carsystem i R-M Inđija","Flame Blue FB-840 Dark Grey Neutral u Cosmos Lac katalogu. Proverite namenu i pošaljite upit Carsystem i R-M timu.","","Brand | BreadcrumbList | ListItem | Product","true","154","1","","122","0","122","true","false"
"/proizvodi/cosmos-lac-flame-blue-fb-842-400-ml-flame-blue-fb-842-anthracite-grey-middle","200","true","","Cosmos Lac Flame Blue FB-842 Anthracite Grey Middle | Carsystem i R-M Inđija","76","1","Flame Blue FB-842 Anthracite Grey Middle u Cosmos Lac katalogu. Proverite namenu i pošaljite upit Carsystem i R-M timu.","119","1","http://localhost:3000/proizvodi/cosmos-lac-flame-blue-fb-842-400-ml-flame-blue-fb-842-anthracite-grey-middle","200","false","Cosmos Lac Flame Blue FB-842 Anthracite Grey Middle","1","H1:Cosmos Lac Flame Blue FB-842 Anthracite Grey Middle | H2:Dostupne boje | H2:Treba vam savet pri izboru proizvoda? | H2:Katalog | H2:Brendovi | H2:Podrška | H2:Kontakt","sr-Latn","Cosmos Lac Flame Blue FB-842 Anthracite Grey Middle | Carsystem i R-M Inđija","Flame Blue FB-842 Anthracite Grey Middle u Cosmos Lac katalogu. Proverite namenu i pošaljite upit Carsystem i R-M timu.","","summary","Cosmos Lac Flame Blue FB-842 Anthracite Grey Middle | Carsystem i R-M Inđija","Flame Blue FB-842 Anthracite Grey Middle u Cosmos Lac katalogu. Proverite namenu i pošaljite upit Carsystem i R-M timu.","","Brand | BreadcrumbList | ListItem | Product","true","154","1","","122","0","122","true","false"
"/proizvodi/cosmos-lac-flame-blue-fb-844-400-ml-flame-blue-fb-844-anthracite-grey","200","true","","Cosmos Lac Flame Blue FB-844 Anthracite Grey | Carsystem i R-M Inđija","69","1","Flame Blue FB-844 Anthracite Grey u Cosmos Lac katalogu. Proverite namenu i pošaljite upit Carsystem i R-M timu.","112","1","http://localhost:3000/proizvodi/cosmos-lac-flame-blue-fb-844-400-ml-flame-blue-fb-844-anthracite-grey","200","false","Cosmos Lac Flame Blue FB-844 Anthracite Grey","1","H1:Cosmos Lac Flame Blue FB-844 Anthracite Grey | H2:Dostupne boje | H2:Treba vam savet pri izboru proizvoda? | H2:Katalog | H2:Brendovi | H2:Podrška | H2:Kontakt","sr-Latn","Cosmos Lac Flame Blue FB-844 Anthracite Grey | Carsystem i R-M Inđija","Flame Blue FB-844 Anthracite Grey u Cosmos Lac katalogu. Proverite namenu i pošaljite upit Carsystem i R-M timu.","","summary","Cosmos Lac Flame Blue FB-844 Anthracite Grey | Carsystem i R-M Inđija","Flame Blue FB-844 Anthracite Grey u Cosmos Lac katalogu. Proverite namenu i pošaljite upit Carsystem i R-M timu.","","Brand | BreadcrumbList | ListItem | Product","true","154","1","","122","0","122","true","false"
"/proizvodi/cosmos-lac-flame-blue-fb-846-400-ml-flame-blue-fb-846-anthracite-grey-dark","200","true","","Cosmos Lac Flame Blue FB-846 Anthracite Grey Dark | Carsystem i R-M Inđija","74","1","Flame Blue FB-846 Anthracite Grey Dark u Cosmos Lac katalogu. Proverite namenu i pošaljite upit Carsystem i R-M timu.","117","1","http://localhost:3000/proizvodi/cosmos-lac-flame-blue-fb-846-400-ml-flame-blue-fb-846-anthracite-grey-dark","200","false","Cosmos Lac Flame Blue FB-846 Anthracite Grey Dark","1","H1:Cosmos Lac Flame Blue FB-846 Anthracite Grey Dark | H2:Dostupne boje | H2:Treba vam savet pri izboru proizvoda? | H2:Katalog | H2:Brendovi | H2:Podrška | H2:Kontakt","sr-Latn","Cosmos Lac Flame Blue FB-846 Anthracite Grey Dark | Carsystem i R-M Inđija","Flame Blue FB-846 Anthracite Grey Dark u Cosmos Lac katalogu. Proverite namenu i pošaljite upit Carsystem i R-M timu.","","summary","Cosmos Lac Flame Blue FB-846 Anthracite Grey Dark | Carsystem i R-M Inđija","Flame Blue FB-846 Anthracite Grey Dark u Cosmos Lac katalogu. Proverite namenu i pošaljite upit Carsystem i R-M timu.","","Brand | BreadcrumbList | ListItem | Product","true","154","1","","122","0","122","true","false"
"/proizvodi/cosmos-lac-flame-blue-fb-900-400-ml-flame-blue-fb-900-pure-white","200","true","","Cosmos Lac Flame Blue FB-900 Pure White | Carsystem i R-M Inđija","64","1","Flame Blue FB-900 Pure White u Cosmos Lac katalogu. Proverite namenu i pošaljite upit Carsystem i R-M timu.","107","1","http://localhost:3000/proizvodi/cosmos-lac-flame-blue-fb-900-400-ml-flame-blue-fb-900-pure-white","200","false","Cosmos Lac Flame Blue FB-900 Pure White","1","H1:Cosmos Lac Flame Blue FB-900 Pure White | H2:Dostupne boje | H2:Treba vam savet pri izboru proizvoda? | H2:Katalog | H2:Brendovi | H2:Podrška | H2:Kontakt","sr-Latn","Cosmos Lac Flame Blue FB-900 Pure White | Carsystem i R-M Inđija","Flame Blue FB-900 Pure White u Cosmos Lac katalogu. Proverite namenu i pošaljite upit Carsystem i R-M timu.","","summary","Cosmos Lac Flame Blue FB-900 Pure White | Carsystem i R-M Inđija","Flame Blue FB-900 Pure White u Cosmos Lac katalogu. Proverite namenu i pošaljite upit Carsystem i R-M timu.","","Brand | BreadcrumbList | ListItem | Product","true","154","1","","122","0","122","true","false"
"/proizvodi/cosmos-lac-flame-blue-fb-902-400-ml-flame-blue-fb-902-ultra-chrome","200","true","","Cosmos Lac Flame Blue FB-902 Ultra Chrome | Carsystem i R-M Inđija","66","1","Flame Blue FB-902 Ultra Chrome u Cosmos Lac katalogu. Proverite namenu i pošaljite upit Carsystem i R-M timu.","109","1","http://localhost:3000/proizvodi/cosmos-lac-flame-blue-fb-902-400-ml-flame-blue-fb-902-ultra-chrome","200","false","Cosmos Lac Flame Blue FB-902 Ultra Chrome","1","H1:Cosmos Lac Flame Blue FB-902 Ultra Chrome | H2:Dostupne boje | H2:Treba vam savet pri izboru proizvoda? | H2:Katalog | H2:Brendovi | H2:Podrška | H2:Kontakt","sr-Latn","Cosmos Lac Flame Blue FB-902 Ultra Chrome | Carsystem i R-M Inđija","Flame Blue FB-902 Ultra Chrome u Cosmos Lac katalogu. Proverite namenu i pošaljite upit Carsystem i R-M timu.","","summary","Cosmos Lac Flame Blue FB-902 Ultra Chrome | Carsystem i R-M Inđija","Flame Blue FB-902 Ultra Chrome u Cosmos Lac katalogu. Proverite namenu i pošaljite upit Carsystem i R-M timu.","","Brand | BreadcrumbList | ListItem | Product","true","154","1","","122","0","122","true","false"
"/proizvodi/cosmos-lac-flame-blue-fb-904-400-ml-flame-blue-fb-904-deep-black","200","true","","Cosmos Lac Flame Blue FB-904 Deep Black | Carsystem i R-M Inđija","64","1","Flame Blue FB-904 Deep Black u Cosmos Lac katalogu. Proverite namenu i pošaljite upit Carsystem i R-M timu.","107","1","http://localhost:3000/proizvodi/cosmos-lac-flame-blue-fb-904-400-ml-flame-blue-fb-904-deep-black","200","false","Cosmos Lac Flame Blue FB-904 Deep Black","1","H1:Cosmos Lac Flame Blue FB-904 Deep Black | H2:Dostupne boje | H2:Treba vam savet pri izboru proizvoda? | H2:Katalog | H2:Brendovi | H2:Podrška | H2:Kontakt","sr-Latn","Cosmos Lac Flame Blue FB-904 Deep Black | Carsystem i R-M Inđija","Flame Blue FB-904 Deep Black u Cosmos Lac katalogu. Proverite namenu i pošaljite upit Carsystem i R-M timu.","","summary","Cosmos Lac Flame Blue FB-904 Deep Black | Carsystem i R-M Inđija","Flame Blue FB-904 Deep Black u Cosmos Lac katalogu. Proverite namenu i pošaljite upit Carsystem i R-M timu.","","Brand | BreadcrumbList | ListItem | Product","true","154","1","","122","0","122","true","false"
"/proizvodi/cosmos-lac-flame-blue-fb-906-400-ml-flame-blue-fb-906-gold","200","true","","Cosmos Lac Flame Blue FB-906 Gold | Carsystem i R-M Inđija","58","1","Flame Blue FB-906 Gold u Cosmos Lac katalogu. Proverite namenu i pošaljite upit Carsystem i R-M timu.","101","1","http://localhost:3000/proizvodi/cosmos-lac-flame-blue-fb-906-400-ml-flame-blue-fb-906-gold","200","false","Cosmos Lac Flame Blue FB-906 Gold","1","H1:Cosmos Lac Flame Blue FB-906 Gold | H2:Dostupne boje | H2:Treba vam savet pri izboru proizvoda? | H2:Katalog | H2:Brendovi | H2:Podrška | H2:Kontakt","sr-Latn","Cosmos Lac Flame Blue FB-906 Gold | Carsystem i R-M Inđija","Flame Blue FB-906 Gold u Cosmos Lac katalogu. Proverite namenu i pošaljite upit Carsystem i R-M timu.","","summary","Cosmos Lac Flame Blue FB-906 Gold | Carsystem i R-M Inđija","Flame Blue FB-906 Gold u Cosmos Lac katalogu. Proverite namenu i pošaljite upit Carsystem i R-M timu.","","Brand | BreadcrumbList | ListItem | Product","true","154","1","","122","0","122","true","false"
"/proizvodi/cosmos-lac-flame-blue-fb-908-400-ml-flame-blue-fb-908-copper","200","true","","Cosmos Lac Flame Blue FB-908 Copper | Carsystem i R-M Inđija","60","1","Flame Blue FB-908 Copper u Cosmos Lac katalogu. Proverite namenu i pošaljite upit Carsystem i R-M timu.","103","1","http://localhost:3000/proizvodi/cosmos-lac-flame-blue-fb-908-400-ml-flame-blue-fb-908-copper","200","false","Cosmos Lac Flame Blue FB-908 Copper","1","H1:Cosmos Lac Flame Blue FB-908 Copper | H2:Dostupne boje | H2:Treba vam savet pri izboru proizvoda? | H2:Katalog | H2:Brendovi | H2:Podrška | H2:Kontakt","sr-Latn","Cosmos Lac Flame Blue FB-908 Copper | Carsystem i R-M Inđija","Flame Blue FB-908 Copper u Cosmos Lac katalogu. Proverite namenu i pošaljite upit Carsystem i R-M timu.","","summary","Cosmos Lac Flame Blue FB-908 Copper | Carsystem i R-M Inđija","Flame Blue FB-908 Copper u Cosmos Lac katalogu. Proverite namenu i pošaljite upit Carsystem i R-M timu.","","Brand | BreadcrumbList | ListItem | Product","true","154","1","","122","0","122","true","false"
"/proizvodi/cosmos-lac-flame-booster-b-901-500-ml-flame-booster-b-901-thick-black","200","true","","Cosmos Lac Flame Booster B-901 Thick Black | Carsystem i R-M Inđija","67","1","Flame Booster B-901 Thick Black u Cosmos Lac katalogu. Proverite namenu i pošaljite upit Carsystem i R-M timu.","110","1","http://localhost:3000/proizvodi/cosmos-lac-flame-booster-b-901-500-ml-flame-booster-b-901-thick-black","200","false","Cosmos Lac Flame Booster B-901 Thick Black","1","H1:Cosmos Lac Flame Booster B-901 Thick Black | H2:Dostupne boje | H2:Treba vam savet pri izboru proizvoda? | H2:Katalog | H2:Brendovi | H2:Podrška | H2:Kontakt","sr-Latn","Cosmos Lac Flame Booster B-901 Thick Black | Carsystem i R-M Inđija","Flame Booster B-901 Thick Black u Cosmos Lac katalogu. Proverite namenu i pošaljite upit Carsystem i R-M timu.","","summary","Cosmos Lac Flame Booster B-901 Thick Black | Carsystem i R-M Inđija","Flame Booster B-901 Thick Black u Cosmos Lac katalogu. Proverite namenu i pošaljite upit Carsystem i R-M timu.","","Brand | BreadcrumbList | ListItem | Product","true","36","1","","4","0","4","true","false"
"/proizvodi/cosmos-lac-flame-booster-b-902-500-ml-flame-booster-b-902-ultra-chrome","200","true","","Cosmos Lac Flame Booster B-902 Ultra Chrome | Carsystem i R-M Inđija","68","1","Flame Booster B-902 Ultra Chrome u Cosmos Lac katalogu. Proverite namenu i pošaljite upit Carsystem i R-M timu.","111","1","http://localhost:3000/proizvodi/cosmos-lac-flame-booster-b-902-500-ml-flame-booster-b-902-ultra-chrome","200","false","Cosmos Lac Flame Booster B-902 Ultra Chrome","1","H1:Cosmos Lac Flame Booster B-902 Ultra Chrome | H2:Dostupne boje | H2:Treba vam savet pri izboru proizvoda? | H2:Katalog | H2:Brendovi | H2:Podrška | H2:Kontakt","sr-Latn","Cosmos Lac Flame Booster B-902 Ultra Chrome | Carsystem i R-M Inđija","Flame Booster B-902 Ultra Chrome u Cosmos Lac katalogu. Proverite namenu i pošaljite upit Carsystem i R-M timu.","","summary","Cosmos Lac Flame Booster B-902 Ultra Chrome | Carsystem i R-M Inđija","Flame Booster B-902 Ultra Chrome u Cosmos Lac katalogu. Proverite namenu i pošaljite upit Carsystem i R-M timu.","","Brand | BreadcrumbList | ListItem | Product","true","36","1","","4","0","4","true","false"
"/proizvodi/cosmos-lac-flame-orange-fo-100-400-ml-flame-orange-fo-100-vanilla","200","true","","Cosmos Lac Flame Orange FO-100 Vanilla | Carsystem i R-M Inđija","63","1","Flame Orange FO-100 Vanilla u Cosmos Lac katalogu. Proverite namenu i pošaljite upit Carsystem i R-M timu.","106","1","http://localhost:3000/proizvodi/cosmos-lac-flame-orange-fo-100-400-ml-flame-orange-fo-100-vanilla","200","false","Cosmos Lac Flame Orange FO-100 Vanilla","1","H1:Cosmos Lac Flame Orange FO-100 Vanilla | H2:Dostupne boje | H2:Treba vam savet pri izboru proizvoda? | H2:Katalog | H2:Brendovi | H2:Podrška | H2:Kontakt","sr-Latn","Cosmos Lac Flame Orange FO-100 Vanilla | Carsystem i R-M Inđija","Flame Orange FO-100 Vanilla u Cosmos Lac katalogu. Proverite namenu i pošaljite upit Carsystem i R-M timu.","","summary","Cosmos Lac Flame Orange FO-100 Vanilla | Carsystem i R-M Inđija","Flame Orange FO-100 Vanilla u Cosmos Lac katalogu. Proverite namenu i pošaljite upit Carsystem i R-M timu.","","Brand | BreadcrumbList | ListItem | Product","true","168","1","","136","0","136","true","false"
"/proizvodi/cosmos-lac-flame-orange-fo-102-400-ml-flame-orange-fo-102-zinc-yellow","200","true","","Cosmos Lac Flame Orange FO-102 Zinc Yellow | Carsystem i R-M Inđija","67","1","Flame Orange FO-102 Zinc Yellow u Cosmos Lac katalogu. Proverite namenu i pošaljite upit Carsystem i R-M timu.","110","1","http://localhost:3000/proizvodi/cosmos-lac-flame-orange-fo-102-400-ml-flame-orange-fo-102-zinc-yellow","200","false","Cosmos Lac Flame Orange FO-102 Zinc Yellow","1","H1:Cosmos Lac Flame Orange FO-102 Zinc Yellow | H2:Dostupne boje | H2:Treba vam savet pri izboru proizvoda? | H2:Katalog | H2:Brendovi | H2:Podrška | H2:Kontakt","sr-Latn","Cosmos Lac Flame Orange FO-102 Zinc Yellow | Carsystem i R-M Inđija","Flame Orange FO-102 Zinc Yellow u Cosmos Lac katalogu. Proverite namenu i pošaljite upit Carsystem i R-M timu.","","summary","Cosmos Lac Flame Orange FO-102 Zinc Yellow | Carsystem i R-M Inđija","Flame Orange FO-102 Zinc Yellow u Cosmos Lac katalogu. Proverite namenu i pošaljite upit Carsystem i R-M timu.","","Brand | BreadcrumbList | ListItem | Product","true","168","1","","136","0","136","true","false"
"/proizvodi/cosmos-lac-flame-orange-fo-104-400-ml-flame-orange-fo-104-cadmium-yellow","200","true","","Cosmos Lac Flame Orange FO-104 Cadmium Yellow | Carsystem i R-M Inđija","70","1","Flame Orange FO-104 Cadmium Yellow u Cosmos Lac katalogu. Proverite namenu i pošaljite upit Carsystem i R-M timu.","113","1","http://localhost:3000/proizvodi/cosmos-lac-flame-orange-fo-104-400-ml-flame-orange-fo-104-cadmium-yellow","200","false","Cosmos Lac Flame Orange FO-104 Cadmium Yellow","1","H1:Cosmos Lac Flame Orange FO-104 Cadmium Yellow | H2:Dostupne boje | H2:Treba vam savet pri izboru proizvoda? | H2:Katalog | H2:Brendovi | H2:Podrška | H2:Kontakt","sr-Latn","Cosmos Lac Flame Orange FO-104 Cadmium Yellow | Carsystem i R-M Inđija","Flame Orange FO-104 Cadmium Yellow u Cosmos Lac katalogu. Proverite namenu i pošaljite upit Carsystem i R-M timu.","","summary","Cosmos Lac Flame Orange FO-104 Cadmium Yellow | Carsystem i R-M Inđija","Flame Orange FO-104 Cadmium Yellow u Cosmos Lac katalogu. Proverite namenu i pošaljite upit Carsystem i R-M timu.","","Brand | BreadcrumbList | ListItem | Product","true","168","1","","136","0","136","true","false"
"/proizvodi/cosmos-lac-flame-orange-fo-106-400-ml-flame-orange-fo-106-signal-yellow","200","true","","Cosmos Lac Flame Orange FO-106 Signal Yellow | Carsystem i R-M Inđija","69","1","Flame Orange FO-106 Signal Yellow u Cosmos Lac katalogu. Proverite namenu i pošaljite upit Carsystem i R-M timu.","112","1","http://localhost:3000/proizvodi/cosmos-lac-flame-orange-fo-106-400-ml-flame-orange-fo-106-signal-yellow","200","false","Cosmos Lac Flame Orange FO-106 Signal Yellow","1","H1:Cosmos Lac Flame Orange FO-106 Signal Yellow | H2:Dostupne boje | H2:Treba vam savet pri izboru proizvoda? | H2:Katalog | H2:Brendovi | H2:Podrška | H2:Kontakt","sr-Latn","Cosmos Lac Flame Orange FO-106 Signal Yellow | Carsystem i R-M Inđija","Flame Orange FO-106 Signal Yellow u Cosmos Lac katalogu. Proverite namenu i pošaljite upit Carsystem i R-M timu.","","summary","Cosmos Lac Flame Orange FO-106 Signal Yellow | Carsystem i R-M Inđija","Flame Orange FO-106 Signal Yellow u Cosmos Lac katalogu. Proverite namenu i pošaljite upit Carsystem i R-M timu.","","Brand | BreadcrumbList | ListItem | Product","true","168","1","","136","0","136","true","false"
"/proizvodi/cosmos-lac-flame-orange-fo-107-400-ml-flame-orange-fo-107-melon-light","200","true","","Cosmos Lac Flame Orange FO-107 Melon Light | Carsystem i R-M Inđija","67","1","Flame Orange FO-107 Melon Light u Cosmos Lac katalogu. Proverite namenu i pošaljite upit Carsystem i R-M timu.","110","1","http://localhost:3000/proizvodi/cosmos-lac-flame-orange-fo-107-400-ml-flame-orange-fo-107-melon-light","200","false","Cosmos Lac Flame Orange FO-107 Melon Light","1","H1:Cosmos Lac Flame Orange FO-107 Melon Light | H2:Dostupne boje | H2:Treba vam savet pri izboru proizvoda? | H2:Katalog | H2:Brendovi | H2:Podrška | H2:Kontakt","sr-Latn","Cosmos Lac Flame Orange FO-107 Melon Light | Carsystem i R-M Inđija","Flame Orange FO-107 Melon Light u Cosmos Lac katalogu. Proverite namenu i pošaljite upit Carsystem i R-M timu.","","summary","Cosmos Lac Flame Orange FO-107 Melon Light | Carsystem i R-M Inđija","Flame Orange FO-107 Melon Light u Cosmos Lac katalogu. Proverite namenu i pošaljite upit Carsystem i R-M timu.","","Brand | BreadcrumbList | ListItem | Product","true","168","1","","136","0","136","true","false"
"/proizvodi/cosmos-lac-flame-orange-fo-110-400-ml-flame-orange-fo-110-melon-yellow","200","true","","Cosmos Lac Flame Orange FO-110 Melon Yellow | Carsystem i R-M Inđija","68","1","Flame Orange FO-110 Melon Yellow u Cosmos Lac katalogu. Proverite namenu i pošaljite upit Carsystem i R-M timu.","111","1","http://localhost:3000/proizvodi/cosmos-lac-flame-orange-fo-110-400-ml-flame-orange-fo-110-melon-yellow","200","false","Cosmos Lac Flame Orange FO-110 Melon Yellow","1","H1:Cosmos Lac Flame Orange FO-110 Melon Yellow | H2:Dostupne boje | H2:Treba vam savet pri izboru proizvoda? | H2:Katalog | H2:Brendovi | H2:Podrška | H2:Kontakt","sr-Latn","Cosmos Lac Flame Orange FO-110 Melon Yellow | Carsystem i R-M Inđija","Flame Orange FO-110 Melon Yellow u Cosmos Lac katalogu. Proverite namenu i pošaljite upit Carsystem i R-M timu.","","summary","Cosmos Lac Flame Orange FO-110 Melon Yellow | Carsystem i R-M Inđija","Flame Orange FO-110 Melon Yellow u Cosmos Lac katalogu. Proverite namenu i pošaljite upit Carsystem i R-M timu.","","Brand | BreadcrumbList | ListItem | Product","true","168","1","","136","0","136","true","false"
"/proizvodi/cosmos-lac-flame-orange-fo-111-400-ml-flame-orange-fo-111-melon-dark","200","true","","Cosmos Lac Flame Orange FO-111 Melon Dark | Carsystem i R-M Inđija","66","1","Flame Orange FO-111 Melon Dark u Cosmos Lac katalogu. Proverite namenu i pošaljite upit Carsystem i R-M timu.","109","1","http://localhost:3000/proizvodi/cosmos-lac-flame-orange-fo-111-400-ml-flame-orange-fo-111-melon-dark","200","false","Cosmos Lac Flame Orange FO-111 Melon Dark","1","H1:Cosmos Lac Flame Orange FO-111 Melon Dark | H2:Dostupne boje | H2:Treba vam savet pri izboru proizvoda? | H2:Katalog | H2:Brendovi | H2:Podrška | H2:Kontakt","sr-Latn","Cosmos Lac Flame Orange FO-111 Melon Dark | Carsystem i R-M Inđija","Flame Orange FO-111 Melon Dark u Cosmos Lac katalogu. Proverite namenu i pošaljite upit Carsystem i R-M timu.","","summary","Cosmos Lac Flame Orange FO-111 Melon Dark | Carsystem i R-M Inđija","Flame Orange FO-111 Melon Dark u Cosmos Lac katalogu. Proverite namenu i pošaljite upit Carsystem i R-M timu.","","Brand | BreadcrumbList | ListItem | Product","true","168","1","","136","0","136","true","false"
"/proizvodi/cosmos-lac-flame-orange-fo-113-400-ml-flame-orange-fo-113-curry","200","true","","Cosmos Lac Flame Orange FO-113 Curry | Carsystem i R-M Inđija","61","1","Flame Orange FO-113 Curry u Cosmos Lac katalogu. Proverite namenu i pošaljite upit Carsystem i R-M timu.","104","1","http://localhost:3000/proizvodi/cosmos-lac-flame-orange-fo-113-400-ml-flame-orange-fo-113-curry","200","false","Cosmos Lac Flame Orange FO-113 Curry","1","H1:Cosmos Lac Flame Orange FO-113 Curry | H2:Dostupne boje | H2:Treba vam savet pri izboru proizvoda? | H2:Katalog | H2:Brendovi | H2:Podrška | H2:Kontakt","sr-Latn","Cosmos Lac Flame Orange FO-113 Curry | Carsystem i R-M Inđija","Flame Orange FO-113 Curry u Cosmos Lac katalogu. Proverite namenu i pošaljite upit Carsystem i R-M timu.","","summary","Cosmos Lac Flame Orange FO-113 Curry | Carsystem i R-M Inđija","Flame Orange FO-113 Curry u Cosmos Lac katalogu. Proverite namenu i pošaljite upit Carsystem i R-M timu.","","Brand | BreadcrumbList | ListItem | Product","true","168","1","","136","0","136","true","false"
"/proizvodi/cosmos-lac-flame-orange-fo-198-400-ml-flame-orange-fo-198-peach-middle","200","true","","Cosmos Lac Flame Orange FO-198 Peach Middle | Carsystem i R-M Inđija","68","1","Flame Orange FO-198 Peach Middle u Cosmos Lac katalogu. Proverite namenu i pošaljite upit Carsystem i R-M timu.","111","1","http://localhost:3000/proizvodi/cosmos-lac-flame-orange-fo-198-400-ml-flame-orange-fo-198-peach-middle","200","false","Cosmos Lac Flame Orange FO-198 Peach Middle","1","H1:Cosmos Lac Flame Orange FO-198 Peach Middle | H2:Dostupne boje | H2:Treba vam savet pri izboru proizvoda? | H2:Katalog | H2:Brendovi | H2:Podrška | H2:Kontakt","sr-Latn","Cosmos Lac Flame Orange FO-198 Peach Middle | Carsystem i R-M Inđija","Flame Orange FO-198 Peach Middle u Cosmos Lac katalogu. Proverite namenu i pošaljite upit Carsystem i R-M timu.","","summary","Cosmos Lac Flame Orange FO-198 Peach Middle | Carsystem i R-M Inđija","Flame Orange FO-198 Peach Middle u Cosmos Lac katalogu. Proverite namenu i pošaljite upit Carsystem i R-M timu.","","Brand | BreadcrumbList | ListItem | Product","true","168","1","","136","0","136","true","false"
"/proizvodi/cosmos-lac-flame-orange-fo-200-400-ml-flame-orange-fo-200-peach","200","true","","Cosmos Lac Flame Orange FO-200 Peach | Carsystem i R-M Inđija","61","1","Flame Orange FO-200 Peach u Cosmos Lac katalogu. Proverite namenu i pošaljite upit Carsystem i R-M timu.","104","1","http://localhost:3000/proizvodi/cosmos-lac-flame-orange-fo-200-400-ml-flame-orange-fo-200-peach","200","false","Cosmos Lac Flame Orange FO-200 Peach","1","H1:Cosmos Lac Flame Orange FO-200 Peach | H2:Dostupne boje | H2:Treba vam savet pri izboru proizvoda? | H2:Katalog | H2:Brendovi | H2:Podrška | H2:Kontakt","sr-Latn","Cosmos Lac Flame Orange FO-200 Peach | Carsystem i R-M Inđija","Flame Orange FO-200 Peach u Cosmos Lac katalogu. Proverite namenu i pošaljite upit Carsystem i R-M timu.","","summary","Cosmos Lac Flame Orange FO-200 Peach | Carsystem i R-M Inđija","Flame Orange FO-200 Peach u Cosmos Lac katalogu. Proverite namenu i pošaljite upit Carsystem i R-M timu.","","Brand | BreadcrumbList | ListItem | Product","true","168","1","","136","0","136","true","false"
"/proizvodi/cosmos-lac-flame-orange-fo-202-400-ml-flame-orange-fo-202-pastel-orange","200","true","","Cosmos Lac Flame Orange FO-202 Pastel Orange | Carsystem i R-M Inđija","69","1","Flame Orange FO-202 Pastel Orange u Cosmos Lac katalogu. Proverite namenu i pošaljite upit Carsystem i R-M timu.","112","1","http://localhost:3000/proizvodi/cosmos-lac-flame-orange-fo-202-400-ml-flame-orange-fo-202-pastel-orange","200","false","Cosmos Lac Flame Orange FO-202 Pastel Orange","1","H1:Cosmos Lac Flame Orange FO-202 Pastel Orange | H2:Dostupne boje | H2:Treba vam savet pri izboru proizvoda? | H2:Katalog | H2:Brendovi | H2:Podrška | H2:Kontakt","sr-Latn","Cosmos Lac Flame Orange FO-202 Pastel Orange | Carsystem i R-M Inđija","Flame Orange FO-202 Pastel Orange u Cosmos Lac katalogu. Proverite namenu i pošaljite upit Carsystem i R-M timu.","","summary","Cosmos Lac Flame Orange FO-202 Pastel Orange | Carsystem i R-M Inđija","Flame Orange FO-202 Pastel Orange u Cosmos Lac katalogu. Proverite namenu i pošaljite upit Carsystem i R-M timu.","","Brand | BreadcrumbList | ListItem | Product","true","168","1","","136","0","136","true","false"
"/proizvodi/cosmos-lac-flame-orange-fo-204-400-ml-flame-orange-fo-204-light-orange","200","true","","Cosmos Lac Flame Orange FO-204 Light Orange | Carsystem i R-M Inđija","68","1","Flame Orange FO-204 Light Orange u Cosmos Lac katalogu. Proverite namenu i pošaljite upit Carsystem i R-M timu.","111","1","http://localhost:3000/proizvodi/cosmos-lac-flame-orange-fo-204-400-ml-flame-orange-fo-204-light-orange","200","false","Cosmos Lac Flame Orange FO-204 Light Orange","1","H1:Cosmos Lac Flame Orange FO-204 Light Orange | H2:Dostupne boje | H2:Treba vam savet pri izboru proizvoda? | H2:Katalog | H2:Brendovi | H2:Podrška | H2:Kontakt","sr-Latn","Cosmos Lac Flame Orange FO-204 Light Orange | Carsystem i R-M Inđija","Flame Orange FO-204 Light Orange u Cosmos Lac katalogu. Proverite namenu i pošaljite upit Carsystem i R-M timu.","","summary","Cosmos Lac Flame Orange FO-204 Light Orange | Carsystem i R-M Inđija","Flame Orange FO-204 Light Orange u Cosmos Lac katalogu. Proverite namenu i pošaljite upit Carsystem i R-M timu.","","Brand | BreadcrumbList | ListItem | Product","true","168","1","","136","0","136","true","false"
"/proizvodi/cosmos-lac-flame-orange-fo-205-400-ml-flame-orange-fo-205-peach-dark","200","true","","Cosmos Lac Flame Orange FO-205 Peach Dark | Carsystem i R-M Inđija","66","1","Flame Orange FO-205 Peach Dark u Cosmos Lac katalogu. Proverite namenu i pošaljite upit Carsystem i R-M timu.","109","1","http://localhost:3000/proizvodi/cosmos-lac-flame-orange-fo-205-400-ml-flame-orange-fo-205-peach-dark","200","false","Cosmos Lac Flame Orange FO-205 Peach Dark","1","H1:Cosmos Lac Flame Orange FO-205 Peach Dark | H2:Dostupne boje | H2:Treba vam savet pri izboru proizvoda? | H2:Katalog | H2:Brendovi | H2:Podrška | H2:Kontakt","sr-Latn","Cosmos Lac Flame Orange FO-205 Peach Dark | Carsystem i R-M Inđija","Flame Orange FO-205 Peach Dark u Cosmos Lac katalogu. Proverite namenu i pošaljite upit Carsystem i R-M timu.","","summary","Cosmos Lac Flame Orange FO-205 Peach Dark | Carsystem i R-M Inđija","Flame Orange FO-205 Peach Dark u Cosmos Lac katalogu. Proverite namenu i pošaljite upit Carsystem i R-M timu.","","Brand | BreadcrumbList | ListItem | Product","true","168","1","","136","0","136","true","false"
"/proizvodi/cosmos-lac-flame-orange-fo-208-400-ml-flame-orange-fo-208-cold-peach","200","true","","Cosmos Lac Flame Orange FO-208 Cold Peach | Carsystem i R-M Inđija","66","1","Flame Orange FO-208 Cold Peach u Cosmos Lac katalogu. Proverite namenu i pošaljite upit Carsystem i R-M timu.","109","1","http://localhost:3000/proizvodi/cosmos-lac-flame-orange-fo-208-400-ml-flame-orange-fo-208-cold-peach","200","false","Cosmos Lac Flame Orange FO-208 Cold Peach","1","H1:Cosmos Lac Flame Orange FO-208 Cold Peach | H2:Dostupne boje | H2:Treba vam savet pri izboru proizvoda? | H2:Katalog | H2:Brendovi | H2:Podrška | H2:Kontakt","sr-Latn","Cosmos Lac Flame Orange FO-208 Cold Peach | Carsystem i R-M Inđija","Flame Orange FO-208 Cold Peach u Cosmos Lac katalogu. Proverite namenu i pošaljite upit Carsystem i R-M timu.","","summary","Cosmos Lac Flame Orange FO-208 Cold Peach | Carsystem i R-M Inđija","Flame Orange FO-208 Cold Peach u Cosmos Lac katalogu. Proverite namenu i pošaljite upit Carsystem i R-M timu.","","Brand | BreadcrumbList | ListItem | Product","true","168","1","","136","0","136","true","false"
"/proizvodi/cosmos-lac-flame-orange-fo-210-400-ml-flame-orange-fo-210-apricot","200","true","","Cosmos Lac Flame Orange FO-210 Apricot | Carsystem i R-M Inđija","63","1","Flame Orange FO-210 Apricot u Cosmos Lac katalogu. Proverite namenu i pošaljite upit Carsystem i R-M timu.","106","1","http://localhost:3000/proizvodi/cosmos-lac-flame-orange-fo-210-400-ml-flame-orange-fo-210-apricot","200","false","Cosmos Lac Flame Orange FO-210 Apricot","1","H1:Cosmos Lac Flame Orange FO-210 Apricot | H2:Dostupne boje | H2:Treba vam savet pri izboru proizvoda? | H2:Katalog | H2:Brendovi | H2:Podrška | H2:Kontakt","sr-Latn","Cosmos Lac Flame Orange FO-210 Apricot | Carsystem i R-M Inđija","Flame Orange FO-210 Apricot u Cosmos Lac katalogu. Proverite namenu i pošaljite upit Carsystem i R-M timu.","","summary","Cosmos Lac Flame Orange FO-210 Apricot | Carsystem i R-M Inđija","Flame Orange FO-210 Apricot u Cosmos Lac katalogu. Proverite namenu i pošaljite upit Carsystem i R-M timu.","","Brand | BreadcrumbList | ListItem | Product","true","168","1","","136","0","136","true","false"
"/proizvodi/cosmos-lac-flame-orange-fo-212-400-ml-flame-orange-fo-212-orange","200","true","","Cosmos Lac Flame Orange FO-212 | Carsystem i R-M Inđija","55","1","Flame Orange FO-212 Orange u Cosmos Lac katalogu. Proverite namenu i pošaljite upit Carsystem i R-M timu.","105","1","http://localhost:3000/proizvodi/cosmos-lac-flame-orange-fo-212-400-ml-flame-orange-fo-212-orange","200","false","Cosmos Lac Flame Orange FO-212","1","H1:Cosmos Lac Flame Orange FO-212 | H2:Dostupne boje | H2:Treba vam savet pri izboru proizvoda? | H2:Katalog | H2:Brendovi | H2:Podrška | H2:Kontakt","sr-Latn","Cosmos Lac Flame Orange FO-212 | Carsystem i R-M Inđija","Flame Orange FO-212 Orange u Cosmos Lac katalogu. Proverite namenu i pošaljite upit Carsystem i R-M timu.","","summary","Cosmos Lac Flame Orange FO-212 | Carsystem i R-M Inđija","Flame Orange FO-212 Orange u Cosmos Lac katalogu. Proverite namenu i pošaljite upit Carsystem i R-M timu.","","Brand | BreadcrumbList | ListItem | Product","true","168","1","","136","0","136","true","false"
"/proizvodi/cosmos-lac-flame-orange-fo-214-400-ml-flame-orange-fo-214-red-orange","200","true","","Cosmos Lac Flame Orange FO-214 Red Orange | Carsystem i R-M Inđija","66","1","Flame Orange FO-214 Red Orange u Cosmos Lac katalogu. Proverite namenu i pošaljite upit Carsystem i R-M timu.","109","1","http://localhost:3000/proizvodi/cosmos-lac-flame-orange-fo-214-400-ml-flame-orange-fo-214-red-orange","200","false","Cosmos Lac Flame Orange FO-214 Red Orange","1","H1:Cosmos Lac Flame Orange FO-214 Red Orange | H2:Dostupne boje | H2:Treba vam savet pri izboru proizvoda? | H2:Katalog | H2:Brendovi | H2:Podrška | H2:Kontakt","sr-Latn","Cosmos Lac Flame Orange FO-214 Red Orange | Carsystem i R-M Inđija","Flame Orange FO-214 Red Orange u Cosmos Lac katalogu. Proverite namenu i pošaljite upit Carsystem i R-M timu.","","summary","Cosmos Lac Flame Orange FO-214 Red Orange | Carsystem i R-M Inđija","Flame Orange FO-214 Red Orange u Cosmos Lac katalogu. Proverite namenu i pošaljite upit Carsystem i R-M timu.","","Brand | BreadcrumbList | ListItem | Product","true","168","1","","136","0","136","true","false"
"/proizvodi/cosmos-lac-flame-orange-fo-303-400-ml-flame-orange-fo-303-red-pastel","200","true","","Cosmos Lac Flame Orange FO-303 Red Pastel | Carsystem i R-M Inđija","66","1","Flame Orange FO-303 Red Pastel u Cosmos Lac katalogu. Proverite namenu i pošaljite upit Carsystem i R-M timu.","109","1","http://localhost:3000/proizvodi/cosmos-lac-flame-orange-fo-303-400-ml-flame-orange-fo-303-red-pastel","200","false","Cosmos Lac Flame Orange FO-303 Red Pastel","1","H1:Cosmos Lac Flame Orange FO-303 Red Pastel | H2:Dostupne boje | H2:Treba vam savet pri izboru proizvoda? | H2:Katalog | H2:Brendovi | H2:Podrška | H2:Kontakt","sr-Latn","Cosmos Lac Flame Orange FO-303 Red Pastel | Carsystem i R-M Inđija","Flame Orange FO-303 Red Pastel u Cosmos Lac katalogu. Proverite namenu i pošaljite upit Carsystem i R-M timu.","","summary","Cosmos Lac Flame Orange FO-303 Red Pastel | Carsystem i R-M Inđija","Flame Orange FO-303 Red Pastel u Cosmos Lac katalogu. Proverite namenu i pošaljite upit Carsystem i R-M timu.","","Brand | BreadcrumbList | ListItem | Product","true","168","1","","136","0","136","true","false"
"/proizvodi/cosmos-lac-flame-orange-fo-304-400-ml-flame-orange-fo-304-signal-red","200","true","","Cosmos Lac Flame Orange FO-304 Signal Red | Carsystem i R-M Inđija","66","1","Flame Orange FO-304 Signal Red u Cosmos Lac katalogu. Proverite namenu i pošaljite upit Carsystem i R-M timu.","109","1","http://localhost:3000/proizvodi/cosmos-lac-flame-orange-fo-304-400-ml-flame-orange-fo-304-signal-red","200","false","Cosmos Lac Flame Orange FO-304 Signal Red","1","H1:Cosmos Lac Flame Orange FO-304 Signal Red | H2:Dostupne boje | H2:Treba vam savet pri izboru proizvoda? | H2:Katalog | H2:Brendovi | H2:Podrška | H2:Kontakt","sr-Latn","Cosmos Lac Flame Orange FO-304 Signal Red | Carsystem i R-M Inđija","Flame Orange FO-304 Signal Red u Cosmos Lac katalogu. Proverite namenu i pošaljite upit Carsystem i R-M timu.","","summary","Cosmos Lac Flame Orange FO-304 Signal Red | Carsystem i R-M Inđija","Flame Orange FO-304 Signal Red u Cosmos Lac katalogu. Proverite namenu i pošaljite upit Carsystem i R-M timu.","","Brand | BreadcrumbList | ListItem | Product","true","168","1","","136","0","136","true","false"
"/proizvodi/cosmos-lac-flame-orange-fo-305-400-ml-flame-orange-fo-305-coral-red","200","true","","Cosmos Lac Flame Orange FO-305 Coral Red | Carsystem i R-M Inđija","65","1","Flame Orange FO-305 Coral Red u Cosmos Lac katalogu. Proverite namenu i pošaljite upit Carsystem i R-M timu.","108","1","http://localhost:3000/proizvodi/cosmos-lac-flame-orange-fo-305-400-ml-flame-orange-fo-305-coral-red","200","false","Cosmos Lac Flame Orange FO-305 Coral Red","1","H1:Cosmos Lac Flame Orange FO-305 Coral Red | H2:Dostupne boje | H2:Treba vam savet pri izboru proizvoda? | H2:Katalog | H2:Brendovi | H2:Podrška | H2:Kontakt","sr-Latn","Cosmos Lac Flame Orange FO-305 Coral Red | Carsystem i R-M Inđija","Flame Orange FO-305 Coral Red u Cosmos Lac katalogu. Proverite namenu i pošaljite upit Carsystem i R-M timu.","","summary","Cosmos Lac Flame Orange FO-305 Coral Red | Carsystem i R-M Inđija","Flame Orange FO-305 Coral Red u Cosmos Lac katalogu. Proverite namenu i pošaljite upit Carsystem i R-M timu.","","Brand | BreadcrumbList | ListItem | Product","true","168","1","","136","0","136","true","false"
"/proizvodi/cosmos-lac-flame-orange-fo-306-400-ml-flame-orange-fo-306-ruby-red","200","true","","Cosmos Lac Flame Orange FO-306 Ruby Red | Carsystem i R-M Inđija","64","1","Flame Orange FO-306 Ruby Red u Cosmos Lac katalogu. Proverite namenu i pošaljite upit Carsystem i R-M timu.","107","1","http://localhost:3000/proizvodi/cosmos-lac-flame-orange-fo-306-400-ml-flame-orange-fo-306-ruby-red","200","false","Cosmos Lac Flame Orange FO-306 Ruby Red","1","H1:Cosmos Lac Flame Orange FO-306 Ruby Red | H2:Dostupne boje | H2:Treba vam savet pri izboru proizvoda? | H2:Katalog | H2:Brendovi | H2:Podrška | H2:Kontakt","sr-Latn","Cosmos Lac Flame Orange FO-306 Ruby Red | Carsystem i R-M Inđija","Flame Orange FO-306 Ruby Red u Cosmos Lac katalogu. Proverite namenu i pošaljite upit Carsystem i R-M timu.","","summary","Cosmos Lac Flame Orange FO-306 Ruby Red | Carsystem i R-M Inđija","Flame Orange FO-306 Ruby Red u Cosmos Lac katalogu. Proverite namenu i pošaljite upit Carsystem i R-M timu.","","Brand | BreadcrumbList | ListItem | Product","true","168","1","","136","0","136","true","false"
"/proizvodi/cosmos-lac-flame-orange-fo-307-400-ml-flame-orange-fo-307-coral","200","true","","Cosmos Lac Flame Orange FO-307 Coral | Carsystem i R-M Inđija","61","1","Flame Orange FO-307 Coral u Cosmos Lac katalogu. Proverite namenu i pošaljite upit Carsystem i R-M timu.","104","1","http://localhost:3000/proizvodi/cosmos-lac-flame-orange-fo-307-400-ml-flame-orange-fo-307-coral","200","false","Cosmos Lac Flame Orange FO-307 Coral","1","H1:Cosmos Lac Flame Orange FO-307 Coral | H2:Dostupne boje | H2:Treba vam savet pri izboru proizvoda? | H2:Katalog | H2:Brendovi | H2:Podrška | H2:Kontakt","sr-Latn","Cosmos Lac Flame Orange FO-307 Coral | Carsystem i R-M Inđija","Flame Orange FO-307 Coral u Cosmos Lac katalogu. Proverite namenu i pošaljite upit Carsystem i R-M timu.","","summary","Cosmos Lac Flame Orange FO-307 Coral | Carsystem i R-M Inđija","Flame Orange FO-307 Coral u Cosmos Lac katalogu. Proverite namenu i pošaljite upit Carsystem i R-M timu.","","Brand | BreadcrumbList | ListItem | Product","true","168","1","","136","0","136","true","false"
"/proizvodi/cosmos-lac-flame-orange-fo-308-400-ml-flame-orange-fo-308-piglet-pink-light","200","true","","Cosmos Lac Flame Orange FO-308 Piglet Pink Light | Carsystem i R-M Inđija","73","1","Flame Orange FO-308 Piglet Pink Light u Cosmos Lac katalogu. Proverite namenu i pošaljite upit Carsystem i R-M timu.","116","1","http://localhost:3000/proizvodi/cosmos-lac-flame-orange-fo-308-400-ml-flame-orange-fo-308-piglet-pink-light","200","false","Cosmos Lac Flame Orange FO-308 Piglet Pink Light","1","H1:Cosmos Lac Flame Orange FO-308 Piglet Pink Light | H2:Dostupne boje | H2:Treba vam savet pri izboru proizvoda? | H2:Katalog | H2:Brendovi | H2:Podrška | H2:Kontakt","sr-Latn","Cosmos Lac Flame Orange FO-308 Piglet Pink Light | Carsystem i R-M Inđija","Flame Orange FO-308 Piglet Pink Light u Cosmos Lac katalogu. Proverite namenu i pošaljite upit Carsystem i R-M timu.","","summary","Cosmos Lac Flame Orange FO-308 Piglet Pink Light | Carsystem i R-M Inđija","Flame Orange FO-308 Piglet Pink Light u Cosmos Lac katalogu. Proverite namenu i pošaljite upit Carsystem i R-M timu.","","Brand | BreadcrumbList | ListItem | Product","true","168","1","","136","0","136","true","false"
"/proizvodi/cosmos-lac-flame-orange-fo-309-400-ml-flame-orange-fo-309-piglet-pink-middle","200","true","","Cosmos Lac Flame Orange FO-309 Piglet Pink Middle | Carsystem i R-M Inđija","74","1","Flame Orange FO-309 Piglet Pink Middle u Cosmos Lac katalogu. Proverite namenu i pošaljite upit Carsystem i R-M timu.","117","1","http://localhost:3000/proizvodi/cosmos-lac-flame-orange-fo-309-400-ml-flame-orange-fo-309-piglet-pink-middle","200","false","Cosmos Lac Flame Orange FO-309 Piglet Pink Middle","1","H1:Cosmos Lac Flame Orange FO-309 Piglet Pink Middle | H2:Dostupne boje | H2:Treba vam savet pri izboru proizvoda? | H2:Katalog | H2:Brendovi | H2:Podrška | H2:Kontakt","sr-Latn","Cosmos Lac Flame Orange FO-309 Piglet Pink Middle | Carsystem i R-M Inđija","Flame Orange FO-309 Piglet Pink Middle u Cosmos Lac katalogu. Proverite namenu i pošaljite upit Carsystem i R-M timu.","","summary","Cosmos Lac Flame Orange FO-309 Piglet Pink Middle | Carsystem i R-M Inđija","Flame Orange FO-309 Piglet Pink Middle u Cosmos Lac katalogu. Proverite namenu i pošaljite upit Carsystem i R-M timu.","","Brand | BreadcrumbList | ListItem | Product","true","168","1","","136","0","136","true","false"
"/proizvodi/cosmos-lac-flame-orange-fo-310-400-ml-flame-orange-fo-310-piglet-pink","200","true","","Cosmos Lac Flame Orange FO-310 Piglet Pink | Carsystem i R-M Inđija","67","1","Flame Orange FO-310 Piglet Pink u Cosmos Lac katalogu. Proverite namenu i pošaljite upit Carsystem i R-M timu.","110","1","http://localhost:3000/proizvodi/cosmos-lac-flame-orange-fo-310-400-ml-flame-orange-fo-310-piglet-pink","200","false","Cosmos Lac Flame Orange FO-310 Piglet Pink","1","H1:Cosmos Lac Flame Orange FO-310 Piglet Pink | H2:Dostupne boje | H2:Treba vam savet pri izboru proizvoda? | H2:Katalog | H2:Brendovi | H2:Podrška | H2:Kontakt","sr-Latn","Cosmos Lac Flame Orange FO-310 Piglet Pink | Carsystem i R-M Inđija","Flame Orange FO-310 Piglet Pink u Cosmos Lac katalogu. Proverite namenu i pošaljite upit Carsystem i R-M timu.","","summary","Cosmos Lac Flame Orange FO-310 Piglet Pink | Carsystem i R-M Inđija","Flame Orange FO-310 Piglet Pink u Cosmos Lac katalogu. Proverite namenu i pošaljite upit Carsystem i R-M timu.","","Brand | BreadcrumbList | ListItem | Product","true","168","1","","136","0","136","true","false"
"/proizvodi/cosmos-lac-flame-orange-fo-311-400-ml-flame-orange-fo-311-crazy-cherry","200","true","","Cosmos Lac Flame Orange FO-311 Crazy Cherry | Carsystem i R-M Inđija","68","1","Flame Orange FO-311 Crazy Cherry u Cosmos Lac katalogu. Proverite namenu i pošaljite upit Carsystem i R-M timu.","111","1","http://localhost:3000/proizvodi/cosmos-lac-flame-orange-fo-311-400-ml-flame-orange-fo-311-crazy-cherry","200","false","Cosmos Lac Flame Orange FO-311 Crazy Cherry","1","H1:Cosmos Lac Flame Orange FO-311 Crazy Cherry | H2:Dostupne boje | H2:Treba vam savet pri izboru proizvoda? | H2:Katalog | H2:Brendovi | H2:Podrška | H2:Kontakt","sr-Latn","Cosmos Lac Flame Orange FO-311 Crazy Cherry | Carsystem i R-M Inđija","Flame Orange FO-311 Crazy Cherry u Cosmos Lac katalogu. Proverite namenu i pošaljite upit Carsystem i R-M timu.","","summary","Cosmos Lac Flame Orange FO-311 Crazy Cherry | Carsystem i R-M Inđija","Flame Orange FO-311 Crazy Cherry u Cosmos Lac katalogu. Proverite namenu i pošaljite upit Carsystem i R-M timu.","","Brand | BreadcrumbList | ListItem | Product","true","168","1","","136","0","136","true","false"
"/proizvodi/cosmos-lac-flame-orange-fo-312-400-ml-flame-orange-fo-312-fire-red","200","true","","Cosmos Lac Flame Orange FO-312 Fire Red | Carsystem i R-M Inđija","64","1","Flame Orange FO-312 Fire Red u Cosmos Lac katalogu. Proverite namenu i pošaljite upit Carsystem i R-M timu.","107","1","http://localhost:3000/proizvodi/cosmos-lac-flame-orange-fo-312-400-ml-flame-orange-fo-312-fire-red","200","false","Cosmos Lac Flame Orange FO-312 Fire Red","1","H1:Cosmos Lac Flame Orange FO-312 Fire Red | H2:Dostupne boje | H2:Treba vam savet pri izboru proizvoda? | H2:Katalog | H2:Brendovi | H2:Podrška | H2:Kontakt","sr-Latn","Cosmos Lac Flame Orange FO-312 Fire Red | Carsystem i R-M Inđija","Flame Orange FO-312 Fire Red u Cosmos Lac katalogu. Proverite namenu i pošaljite upit Carsystem i R-M timu.","","summary","Cosmos Lac Flame Orange FO-312 Fire Red | Carsystem i R-M Inđija","Flame Orange FO-312 Fire Red u Cosmos Lac katalogu. Proverite namenu i pošaljite upit Carsystem i R-M timu.","","Brand | BreadcrumbList | ListItem | Product","true","168","1","","136","0","136","true","false"
"/proizvodi/cosmos-lac-flame-orange-fo-313-400-ml-flame-orange-fo-313-cherry-dark","200","true","","Cosmos Lac Flame Orange FO-313 Cherry Dark | Carsystem i R-M Inđija","67","1","Flame Orange FO-313 Cherry Dark u Cosmos Lac katalogu. Proverite namenu i pošaljite upit Carsystem i R-M timu.","110","1","http://localhost:3000/proizvodi/cosmos-lac-flame-orange-fo-313-400-ml-flame-orange-fo-313-cherry-dark","200","false","Cosmos Lac Flame Orange FO-313 Cherry Dark","1","H1:Cosmos Lac Flame Orange FO-313 Cherry Dark | H2:Dostupne boje | H2:Treba vam savet pri izboru proizvoda? | H2:Katalog | H2:Brendovi | H2:Podrška | H2:Kontakt","sr-Latn","Cosmos Lac Flame Orange FO-313 Cherry Dark | Carsystem i R-M Inđija","Flame Orange FO-313 Cherry Dark u Cosmos Lac katalogu. Proverite namenu i pošaljite upit Carsystem i R-M timu.","","summary","Cosmos Lac Flame Orange FO-313 Cherry Dark | Carsystem i R-M Inđija","Flame Orange FO-313 Cherry Dark u Cosmos Lac katalogu. Proverite namenu i pošaljite upit Carsystem i R-M timu.","","Brand | BreadcrumbList | ListItem | Product","true","168","1","","136","0","136","true","false"
"/proizvodi/cosmos-lac-flame-orange-fo-318-400-ml-flame-orange-fo-318-traffic-purple-dark","200","true","","Cosmos Lac Flame Orange FO-318 Traffic Purple Dark | Carsystem i R-M Inđija","75","1","Flame Orange FO-318 Traffic Purple Dark u Cosmos Lac katalogu. Proverite namenu i pošaljite upit Carsystem i R-M timu.","118","1","http://localhost:3000/proizvodi/cosmos-lac-flame-orange-fo-318-400-ml-flame-orange-fo-318-traffic-purple-dark","200","false","Cosmos Lac Flame Orange FO-318 Traffic Purple Dark","1","H1:Cosmos Lac Flame Orange FO-318 Traffic Purple Dark | H2:Dostupne boje | H2:Treba vam savet pri izboru proizvoda? | H2:Katalog | H2:Brendovi | H2:Podrška | H2:Kontakt","sr-Latn","Cosmos Lac Flame Orange FO-318 Traffic Purple Dark | Carsystem i R-M Inđija","Flame Orange FO-318 Traffic Purple Dark u Cosmos Lac katalogu. Proverite namenu i pošaljite upit Carsystem i R-M timu.","","summary","Cosmos Lac Flame Orange FO-318 Traffic Purple Dark | Carsystem i R-M Inđija","Flame Orange FO-318 Traffic Purple Dark u Cosmos Lac katalogu. Proverite namenu i pošaljite upit Carsystem i R-M timu.","","Brand | BreadcrumbList | ListItem | Product","true","168","1","","136","0","136","true","false"
"/proizvodi/cosmos-lac-flame-orange-fo-320-400-ml-flame-orange-fo-320-burgundy","200","true","","Cosmos Lac Flame Orange FO-320 Burgundy | Carsystem i R-M Inđija","64","1","Flame Orange FO-320 Burgundy u Cosmos Lac katalogu. Proverite namenu i pošaljite upit Carsystem i R-M timu.","107","1","http://localhost:3000/proizvodi/cosmos-lac-flame-orange-fo-320-400-ml-flame-orange-fo-320-burgundy","200","false","Cosmos Lac Flame Orange FO-320 Burgundy","1","H1:Cosmos Lac Flame Orange FO-320 Burgundy | H2:Dostupne boje | H2:Treba vam savet pri izboru proizvoda? | H2:Katalog | H2:Brendovi | H2:Podrška | H2:Kontakt","sr-Latn","Cosmos Lac Flame Orange FO-320 Burgundy | Carsystem i R-M Inđija","Flame Orange FO-320 Burgundy u Cosmos Lac katalogu. Proverite namenu i pošaljite upit Carsystem i R-M timu.","","summary","Cosmos Lac Flame Orange FO-320 Burgundy | Carsystem i R-M Inđija","Flame Orange FO-320 Burgundy u Cosmos Lac katalogu. Proverite namenu i pošaljite upit Carsystem i R-M timu.","","Brand | BreadcrumbList | ListItem | Product","true","168","1","","136","0","136","true","false"
"/proizvodi/cosmos-lac-flame-orange-fo-322-400-ml-flame-orange-fo-322-aubergine","200","true","","Cosmos Lac Flame Orange FO-322 Aubergine | Carsystem i R-M Inđija","65","1","Flame Orange FO-322 Aubergine u Cosmos Lac katalogu. Proverite namenu i pošaljite upit Carsystem i R-M timu.","108","1","http://localhost:3000/proizvodi/cosmos-lac-flame-orange-fo-322-400-ml-flame-orange-fo-322-aubergine","200","false","Cosmos Lac Flame Orange FO-322 Aubergine","1","H1:Cosmos Lac Flame Orange FO-322 Aubergine | H2:Dostupne boje | H2:Treba vam savet pri izboru proizvoda? | H2:Katalog | H2:Brendovi | H2:Podrška | H2:Kontakt","sr-Latn","Cosmos Lac Flame Orange FO-322 Aubergine | Carsystem i R-M Inđija","Flame Orange FO-322 Aubergine u Cosmos Lac katalogu. Proverite namenu i pošaljite upit Carsystem i R-M timu.","","summary","Cosmos Lac Flame Orange FO-322 Aubergine | Carsystem i R-M Inđija","Flame Orange FO-322 Aubergine u Cosmos Lac katalogu. Proverite namenu i pošaljite upit Carsystem i R-M timu.","","Brand | BreadcrumbList | ListItem | Product","true","168","1","","136","0","136","true","false"
"/proizvodi/cosmos-lac-flame-orange-fo-323-400-ml-flame-orange-fo-323-aubergine-dark","200","true","","Cosmos Lac Flame Orange FO-323 Aubergine Dark | Carsystem i R-M Inđija","70","1","Flame Orange FO-323 Aubergine Dark u Cosmos Lac katalogu. Proverite namenu i pošaljite upit Carsystem i R-M timu.","113","1","http://localhost:3000/proizvodi/cosmos-lac-flame-orange-fo-323-400-ml-flame-orange-fo-323-aubergine-dark","200","false","Cosmos Lac Flame Orange FO-323 Aubergine Dark","1","H1:Cosmos Lac Flame Orange FO-323 Aubergine Dark | H2:Dostupne boje | H2:Treba vam savet pri izboru proizvoda? | H2:Katalog | H2:Brendovi | H2:Podrška | H2:Kontakt","sr-Latn","Cosmos Lac Flame Orange FO-323 Aubergine Dark | Carsystem i R-M Inđija","Flame Orange FO-323 Aubergine Dark u Cosmos Lac katalogu. Proverite namenu i pošaljite upit Carsystem i R-M timu.","","summary","Cosmos Lac Flame Orange FO-323 Aubergine Dark | Carsystem i R-M Inđija","Flame Orange FO-323 Aubergine Dark u Cosmos Lac katalogu. Proverite namenu i pošaljite upit Carsystem i R-M timu.","","Brand | BreadcrumbList | ListItem | Product","true","168","1","","136","0","136","true","false"
"/proizvodi/cosmos-lac-flame-orange-fo-396-400-ml-flame-orange-fo-396-violet","200","true","","Cosmos Lac Flame Orange FO-396 Violet | Carsystem i R-M Inđija","62","1","Flame Orange FO-396 Violet u Cosmos Lac katalogu. Proverite namenu i pošaljite upit Carsystem i R-M timu.","105","1","http://localhost:3000/proizvodi/cosmos-lac-flame-orange-fo-396-400-ml-flame-orange-fo-396-violet","200","false","Cosmos Lac Flame Orange FO-396 Violet","1","H1:Cosmos Lac Flame Orange FO-396 Violet | H2:Dostupne boje | H2:Treba vam savet pri izboru proizvoda? | H2:Katalog | H2:Brendovi | H2:Podrška | H2:Kontakt","sr-Latn","Cosmos Lac Flame Orange FO-396 Violet | Carsystem i R-M Inđija","Flame Orange FO-396 Violet u Cosmos Lac katalogu. Proverite namenu i pošaljite upit Carsystem i R-M timu.","","summary","Cosmos Lac Flame Orange FO-396 Violet | Carsystem i R-M Inđija","Flame Orange FO-396 Violet u Cosmos Lac katalogu. Proverite namenu i pošaljite upit Carsystem i R-M timu.","","Brand | BreadcrumbList | ListItem | Product","true","168","1","","136","0","136","true","false"
"/proizvodi/cosmos-lac-flame-orange-fo-397-400-ml-flame-orange-fo-397-crazy-violet","200","true","","Cosmos Lac Flame Orange FO-397 Crazy Violet | Carsystem i R-M Inđija","68","1","Flame Orange FO-397 Crazy Violet u Cosmos Lac katalogu. Proverite namenu i pošaljite upit Carsystem i R-M timu.","111","1","http://localhost:3000/proizvodi/cosmos-lac-flame-orange-fo-397-400-ml-flame-orange-fo-397-crazy-violet","200","false","Cosmos Lac Flame Orange FO-397 Crazy Violet","1","H1:Cosmos Lac Flame Orange FO-397 Crazy Violet | H2:Dostupne boje | H2:Treba vam savet pri izboru proizvoda? | H2:Katalog | H2:Brendovi | H2:Podrška | H2:Kontakt","sr-Latn","Cosmos Lac Flame Orange FO-397 Crazy Violet | Carsystem i R-M Inđija","Flame Orange FO-397 Crazy Violet u Cosmos Lac katalogu. Proverite namenu i pošaljite upit Carsystem i R-M timu.","","summary","Cosmos Lac Flame Orange FO-397 Crazy Violet | Carsystem i R-M Inđija","Flame Orange FO-397 Crazy Violet u Cosmos Lac katalogu. Proverite namenu i pošaljite upit Carsystem i R-M timu.","","Brand | BreadcrumbList | ListItem | Product","true","168","1","","136","0","136","true","false"
"/proizvodi/cosmos-lac-flame-orange-fo-398-400-ml-flame-orange-fo-398-deep-violet","200","true","","Cosmos Lac Flame Orange FO-398 Deep Violet | Carsystem i R-M Inđija","67","1","Flame Orange FO-398 Deep Violet u Cosmos Lac katalogu. Proverite namenu i pošaljite upit Carsystem i R-M timu.","110","1","http://localhost:3000/proizvodi/cosmos-lac-flame-orange-fo-398-400-ml-flame-orange-fo-398-deep-violet","200","false","Cosmos Lac Flame Orange FO-398 Deep Violet","1","H1:Cosmos Lac Flame Orange FO-398 Deep Violet | H2:Dostupne boje | H2:Treba vam savet pri izboru proizvoda? | H2:Katalog | H2:Brendovi | H2:Podrška | H2:Kontakt","sr-Latn","Cosmos Lac Flame Orange FO-398 Deep Violet | Carsystem i R-M Inđija","Flame Orange FO-398 Deep Violet u Cosmos Lac katalogu. Proverite namenu i pošaljite upit Carsystem i R-M timu.","","summary","Cosmos Lac Flame Orange FO-398 Deep Violet | Carsystem i R-M Inđija","Flame Orange FO-398 Deep Violet u Cosmos Lac katalogu. Proverite namenu i pošaljite upit Carsystem i R-M timu.","","Brand | BreadcrumbList | ListItem | Product","true","168","1","","136","0","136","true","false"
"/proizvodi/cosmos-lac-flame-orange-fo-399-400-ml-flame-orange-fo-399-erica-violet-light","200","true","","Cosmos Lac Flame Orange FO-399 Erica Violet Light | Carsystem i R-M Inđija","74","1","Flame Orange FO-399 Erica Violet Light u Cosmos Lac katalogu. Proverite namenu i pošaljite upit Carsystem i R-M timu.","117","1","http://localhost:3000/proizvodi/cosmos-lac-flame-orange-fo-399-400-ml-flame-orange-fo-399-erica-violet-light","200","false","Cosmos Lac Flame Orange FO-399 Erica Violet Light","1","H1:Cosmos Lac Flame Orange FO-399 Erica Violet Light | H2:Dostupne boje | H2:Treba vam savet pri izboru proizvoda? | H2:Katalog | H2:Brendovi | H2:Podrška | H2:Kontakt","sr-Latn","Cosmos Lac Flame Orange FO-399 Erica Violet Light | Carsystem i R-M Inđija","Flame Orange FO-399 Erica Violet Light u Cosmos Lac katalogu. Proverite namenu i pošaljite upit Carsystem i R-M timu.","","summary","Cosmos Lac Flame Orange FO-399 Erica Violet Light | Carsystem i R-M Inđija","Flame Orange FO-399 Erica Violet Light u Cosmos Lac katalogu. Proverite namenu i pošaljite upit Carsystem i R-M timu.","","Brand | BreadcrumbList | ListItem | Product","true","168","1","","136","0","136","true","false"
"/proizvodi/cosmos-lac-flame-orange-fo-400-400-ml-flame-orange-fo-400-erica-violet","200","true","","Cosmos Lac Flame Orange FO-400 Erica Violet | Carsystem i R-M Inđija","68","1","Flame Orange FO-400 Erica Violet u Cosmos Lac katalogu. Proverite namenu i pošaljite upit Carsystem i R-M timu.","111","1","http://localhost:3000/proizvodi/cosmos-lac-flame-orange-fo-400-400-ml-flame-orange-fo-400-erica-violet","200","false","Cosmos Lac Flame Orange FO-400 Erica Violet","1","H1:Cosmos Lac Flame Orange FO-400 Erica Violet | H2:Dostupne boje | H2:Treba vam savet pri izboru proizvoda? | H2:Katalog | H2:Brendovi | H2:Podrška | H2:Kontakt","sr-Latn","Cosmos Lac Flame Orange FO-400 Erica Violet | Carsystem i R-M Inđija","Flame Orange FO-400 Erica Violet u Cosmos Lac katalogu. Proverite namenu i pošaljite upit Carsystem i R-M timu.","","summary","Cosmos Lac Flame Orange FO-400 Erica Violet | Carsystem i R-M Inđija","Flame Orange FO-400 Erica Violet u Cosmos Lac katalogu. Proverite namenu i pošaljite upit Carsystem i R-M timu.","","Brand | BreadcrumbList | ListItem | Product","true","168","1","","136","0","136","true","false"
"/proizvodi/cosmos-lac-flame-orange-fo-401-400-ml-flame-orange-fo-401-erica-pastel","200","true","","Cosmos Lac Flame Orange FO-401 Erica Pastel | Carsystem i R-M Inđija","68","1","Flame Orange FO-401 Erica Pastel u Cosmos Lac katalogu. Proverite namenu i pošaljite upit Carsystem i R-M timu.","111","1","http://localhost:3000/proizvodi/cosmos-lac-flame-orange-fo-401-400-ml-flame-orange-fo-401-erica-pastel","200","false","Cosmos Lac Flame Orange FO-401 Erica Pastel","1","H1:Cosmos Lac Flame Orange FO-401 Erica Pastel | H2:Dostupne boje | H2:Treba vam savet pri izboru proizvoda? | H2:Katalog | H2:Brendovi | H2:Podrška | H2:Kontakt","sr-Latn","Cosmos Lac Flame Orange FO-401 Erica Pastel | Carsystem i R-M Inđija","Flame Orange FO-401 Erica Pastel u Cosmos Lac katalogu. Proverite namenu i pošaljite upit Carsystem i R-M timu.","","summary","Cosmos Lac Flame Orange FO-401 Erica Pastel | Carsystem i R-M Inđija","Flame Orange FO-401 Erica Pastel u Cosmos Lac katalogu. Proverite namenu i pošaljite upit Carsystem i R-M timu.","","Brand | BreadcrumbList | ListItem | Product","true","168","1","","136","0","136","true","false"
"/proizvodi/cosmos-lac-flame-orange-fo-402-400-ml-flame-orange-fo-402-telemagenta","200","true","","Cosmos Lac Flame Orange FO-402 Telemagenta | Carsystem i R-M Inđija","67","1","Flame Orange FO-402 Telemagenta u Cosmos Lac katalogu. Proverite namenu i pošaljite upit Carsystem i R-M timu.","110","1","http://localhost:3000/proizvodi/cosmos-lac-flame-orange-fo-402-400-ml-flame-orange-fo-402-telemagenta","200","false","Cosmos Lac Flame Orange FO-402 Telemagenta","1","H1:Cosmos Lac Flame Orange FO-402 Telemagenta | H2:Dostupne boje | H2:Treba vam savet pri izboru proizvoda? | H2:Katalog | H2:Brendovi | H2:Podrška | H2:Kontakt","sr-Latn","Cosmos Lac Flame Orange FO-402 Telemagenta | Carsystem i R-M Inđija","Flame Orange FO-402 Telemagenta u Cosmos Lac katalogu. Proverite namenu i pošaljite upit Carsystem i R-M timu.","","summary","Cosmos Lac Flame Orange FO-402 Telemagenta | Carsystem i R-M Inđija","Flame Orange FO-402 Telemagenta u Cosmos Lac katalogu. Proverite namenu i pošaljite upit Carsystem i R-M timu.","","Brand | BreadcrumbList | ListItem | Product","true","168","1","","136","0","136","true","false"
"/proizvodi/cosmos-lac-flame-orange-fo-403-400-ml-flame-orange-fo-403-deep-violet-dark","200","true","","Cosmos Lac Flame Orange FO-403 Deep Violet Dark | Carsystem i R-M Inđija","72","1","Flame Orange FO-403 Deep Violet Dark u Cosmos Lac katalogu. Proverite namenu i pošaljite upit Carsystem i R-M timu.","115","1","http://localhost:3000/proizvodi/cosmos-lac-flame-orange-fo-403-400-ml-flame-orange-fo-403-deep-violet-dark","200","false","Cosmos Lac Flame Orange FO-403 Deep Violet Dark","1","H1:Cosmos Lac Flame Orange FO-403 Deep Violet Dark | H2:Dostupne boje | H2:Treba vam savet pri izboru proizvoda? | H2:Katalog | H2:Brendovi | H2:Podrška | H2:Kontakt","sr-Latn","Cosmos Lac Flame Orange FO-403 Deep Violet Dark | Carsystem i R-M Inđija","Flame Orange FO-403 Deep Violet Dark u Cosmos Lac katalogu. Proverite namenu i pošaljite upit Carsystem i R-M timu.","","summary","Cosmos Lac Flame Orange FO-403 Deep Violet Dark | Carsystem i R-M Inđija","Flame Orange FO-403 Deep Violet Dark u Cosmos Lac katalogu. Proverite namenu i pošaljite upit Carsystem i R-M timu.","","Brand | BreadcrumbList | ListItem | Product","true","168","1","","136","0","136","true","false"
"/proizvodi/cosmos-lac-flame-orange-fo-404-400-ml-flame-orange-fo-404-traffic-purple","200","true","","Cosmos Lac Flame Orange FO-404 Traffic Purple | Carsystem i R-M Inđija","70","1","Flame Orange FO-404 Traffic Purple u Cosmos Lac katalogu. Proverite namenu i pošaljite upit Carsystem i R-M timu.","113","1","http://localhost:3000/proizvodi/cosmos-lac-flame-orange-fo-404-400-ml-flame-orange-fo-404-traffic-purple","200","false","Cosmos Lac Flame Orange FO-404 Traffic Purple","1","H1:Cosmos Lac Flame Orange FO-404 Traffic Purple | H2:Dostupne boje | H2:Treba vam savet pri izboru proizvoda? | H2:Katalog | H2:Brendovi | H2:Podrška | H2:Kontakt","sr-Latn","Cosmos Lac Flame Orange FO-404 Traffic Purple | Carsystem i R-M Inđija","Flame Orange FO-404 Traffic Purple u Cosmos Lac katalogu. Proverite namenu i pošaljite upit Carsystem i R-M timu.","","summary","Cosmos Lac Flame Orange FO-404 Traffic Purple | Carsystem i R-M Inđija","Flame Orange FO-404 Traffic Purple u Cosmos Lac katalogu. Proverite namenu i pošaljite upit Carsystem i R-M timu.","","Brand | BreadcrumbList | ListItem | Product","true","168","1","","136","0","136","true","false"
"/proizvodi/cosmos-lac-flame-orange-fo-405-400-ml-flame-orange-fo-405-erica-pastel-middle","200","true","","Cosmos Lac Flame Orange FO-405 Erica Pastel Middle | Carsystem i R-M Inđija","75","1","Flame Orange FO-405 Erica Pastel Middle u Cosmos Lac katalogu. Proverite namenu i pošaljite upit Carsystem i R-M timu.","118","1","http://localhost:3000/proizvodi/cosmos-lac-flame-orange-fo-405-400-ml-flame-orange-fo-405-erica-pastel-middle","200","false","Cosmos Lac Flame Orange FO-405 Erica Pastel Middle","1","H1:Cosmos Lac Flame Orange FO-405 Erica Pastel Middle | H2:Dostupne boje | H2:Treba vam savet pri izboru proizvoda? | H2:Katalog | H2:Brendovi | H2:Podrška | H2:Kontakt","sr-Latn","Cosmos Lac Flame Orange FO-405 Erica Pastel Middle | Carsystem i R-M Inđija","Flame Orange FO-405 Erica Pastel Middle u Cosmos Lac katalogu. Proverite namenu i pošaljite upit Carsystem i R-M timu.","","summary","Cosmos Lac Flame Orange FO-405 Erica Pastel Middle | Carsystem i R-M Inđija","Flame Orange FO-405 Erica Pastel Middle u Cosmos Lac katalogu. Proverite namenu i pošaljite upit Carsystem i R-M timu.","","Brand | BreadcrumbList | ListItem | Product","true","168","1","","136","0","136","true","false"
"/proizvodi/cosmos-lac-flame-orange-fo-407-400-ml-flame-orange-fo-407-erica-violet-middle","200","true","","Cosmos Lac Flame Orange FO-407 Erica Violet Middle | Carsystem i R-M Inđija","75","1","Flame Orange FO-407 Erica Violet Middle u Cosmos Lac katalogu. Proverite namenu i pošaljite upit Carsystem i R-M timu.","118","1","http://localhost:3000/proizvodi/cosmos-lac-flame-orange-fo-407-400-ml-flame-orange-fo-407-erica-violet-middle","200","false","Cosmos Lac Flame Orange FO-407 Erica Violet Middle","1","H1:Cosmos Lac Flame Orange FO-407 Erica Violet Middle | H2:Dostupne boje | H2:Treba vam savet pri izboru proizvoda? | H2:Katalog | H2:Brendovi | H2:Podrška | H2:Kontakt","sr-Latn","Cosmos Lac Flame Orange FO-407 Erica Violet Middle | Carsystem i R-M Inđija","Flame Orange FO-407 Erica Violet Middle u Cosmos Lac katalogu. Proverite namenu i pošaljite upit Carsystem i R-M timu.","","summary","Cosmos Lac Flame Orange FO-407 Erica Violet Middle | Carsystem i R-M Inđija","Flame Orange FO-407 Erica Violet Middle u Cosmos Lac katalogu. Proverite namenu i pošaljite upit Carsystem i R-M timu.","","Brand | BreadcrumbList | ListItem | Product","true","168","1","","136","0","136","true","false"
"/proizvodi/cosmos-lac-flame-orange-fo-408-400-ml-flame-orange-fo-408-grape","200","true","","Cosmos Lac Flame Orange FO-408 Grape | Carsystem i R-M Inđija","61","1","Flame Orange FO-408 Grape u Cosmos Lac katalogu. Proverite namenu i pošaljite upit Carsystem i R-M timu.","104","1","http://localhost:3000/proizvodi/cosmos-lac-flame-orange-fo-408-400-ml-flame-orange-fo-408-grape","200","false","Cosmos Lac Flame Orange FO-408 Grape","1","H1:Cosmos Lac Flame Orange FO-408 Grape | H2:Dostupne boje | H2:Treba vam savet pri izboru proizvoda? | H2:Katalog | H2:Brendovi | H2:Podrška | H2:Kontakt","sr-Latn","Cosmos Lac Flame Orange FO-408 Grape | Carsystem i R-M Inđija","Flame Orange FO-408 Grape u Cosmos Lac katalogu. Proverite namenu i pošaljite upit Carsystem i R-M timu.","","summary","Cosmos Lac Flame Orange FO-408 Grape | Carsystem i R-M Inđija","Flame Orange FO-408 Grape u Cosmos Lac katalogu. Proverite namenu i pošaljite upit Carsystem i R-M timu.","","Brand | BreadcrumbList | ListItem | Product","true","168","1","","136","0","136","true","false"
"/proizvodi/cosmos-lac-flame-orange-fo-409-400-ml-flame-orange-fo-409-erica-pink","200","true","","Cosmos Lac Flame Orange FO-409 Erica Pink | Carsystem i R-M Inđija","66","1","Flame Orange FO-409 Erica Pink u Cosmos Lac katalogu. Proverite namenu i pošaljite upit Carsystem i R-M timu.","109","1","http://localhost:3000/proizvodi/cosmos-lac-flame-orange-fo-409-400-ml-flame-orange-fo-409-erica-pink","200","false","Cosmos Lac Flame Orange FO-409 Erica Pink","1","H1:Cosmos Lac Flame Orange FO-409 Erica Pink | H2:Dostupne boje | H2:Treba vam savet pri izboru proizvoda? | H2:Katalog | H2:Brendovi | H2:Podrška | H2:Kontakt","sr-Latn","Cosmos Lac Flame Orange FO-409 Erica Pink | Carsystem i R-M Inđija","Flame Orange FO-409 Erica Pink u Cosmos Lac katalogu. Proverite namenu i pošaljite upit Carsystem i R-M timu.","","summary","Cosmos Lac Flame Orange FO-409 Erica Pink | Carsystem i R-M Inđija","Flame Orange FO-409 Erica Pink u Cosmos Lac katalogu. Proverite namenu i pošaljite upit Carsystem i R-M timu.","","Brand | BreadcrumbList | ListItem | Product","true","168","1","","136","0","136","true","false"
"/proizvodi/cosmos-lac-flame-orange-fo-410-400-ml-flame-orange-fo-410-blackberry","200","true","","Cosmos Lac Flame Orange FO-410 Blackberry | Carsystem i R-M Inđija","66","1","Flame Orange FO-410 Blackberry u Cosmos Lac katalogu. Proverite namenu i pošaljite upit Carsystem i R-M timu.","109","1","http://localhost:3000/proizvodi/cosmos-lac-flame-orange-fo-410-400-ml-flame-orange-fo-410-blackberry","200","false","Cosmos Lac Flame Orange FO-410 Blackberry","1","H1:Cosmos Lac Flame Orange FO-410 Blackberry | H2:Dostupne boje | H2:Treba vam savet pri izboru proizvoda? | H2:Katalog | H2:Brendovi | H2:Podrška | H2:Kontakt","sr-Latn","Cosmos Lac Flame Orange FO-410 Blackberry | Carsystem i R-M Inđija","Flame Orange FO-410 Blackberry u Cosmos Lac katalogu. Proverite namenu i pošaljite upit Carsystem i R-M timu.","","summary","Cosmos Lac Flame Orange FO-410 Blackberry | Carsystem i R-M Inđija","Flame Orange FO-410 Blackberry u Cosmos Lac katalogu. Proverite namenu i pošaljite upit Carsystem i R-M timu.","","Brand | BreadcrumbList | ListItem | Product","true","168","1","","136","0","136","true","false"
"/proizvodi/cosmos-lac-flame-orange-fo-412-400-ml-flame-orange-fo-412-currant","200","true","","Cosmos Lac Flame Orange FO-412 Currant | Carsystem i R-M Inđija","63","1","Flame Orange FO-412 Currant u Cosmos Lac katalogu. Proverite namenu i pošaljite upit Carsystem i R-M timu.","106","1","http://localhost:3000/proizvodi/cosmos-lac-flame-orange-fo-412-400-ml-flame-orange-fo-412-currant","200","false","Cosmos Lac Flame Orange FO-412 Currant","1","H1:Cosmos Lac Flame Orange FO-412 Currant | H2:Dostupne boje | H2:Treba vam savet pri izboru proizvoda? | H2:Katalog | H2:Brendovi | H2:Podrška | H2:Kontakt","sr-Latn","Cosmos Lac Flame Orange FO-412 Currant | Carsystem i R-M Inđija","Flame Orange FO-412 Currant u Cosmos Lac katalogu. Proverite namenu i pošaljite upit Carsystem i R-M timu.","","summary","Cosmos Lac Flame Orange FO-412 Currant | Carsystem i R-M Inđija","Flame Orange FO-412 Currant u Cosmos Lac katalogu. Proverite namenu i pošaljite upit Carsystem i R-M timu.","","Brand | BreadcrumbList | ListItem | Product","true","168","1","","136","0","136","true","false"
"/proizvodi/cosmos-lac-flame-orange-fo-415-400-ml-flame-orange-fo-415-crocus","200","true","","Cosmos Lac Flame Orange FO-415 Crocus | Carsystem i R-M Inđija","62","1","Flame Orange FO-415 Crocus u Cosmos Lac katalogu. Proverite namenu i pošaljite upit Carsystem i R-M timu.","105","1","http://localhost:3000/proizvodi/cosmos-lac-flame-orange-fo-415-400-ml-flame-orange-fo-415-crocus","200","false","Cosmos Lac Flame Orange FO-415 Crocus","1","H1:Cosmos Lac Flame Orange FO-415 Crocus | H2:Dostupne boje | H2:Treba vam savet pri izboru proizvoda? | H2:Katalog | H2:Brendovi | H2:Podrška | H2:Kontakt","sr-Latn","Cosmos Lac Flame Orange FO-415 Crocus | Carsystem i R-M Inđija","Flame Orange FO-415 Crocus u Cosmos Lac katalogu. Proverite namenu i pošaljite upit Carsystem i R-M timu.","","summary","Cosmos Lac Flame Orange FO-415 Crocus | Carsystem i R-M Inđija","Flame Orange FO-415 Crocus u Cosmos Lac katalogu. Proverite namenu i pošaljite upit Carsystem i R-M timu.","","Brand | BreadcrumbList | ListItem | Product","true","168","1","","136","0","136","true","false"
"/proizvodi/cosmos-lac-flame-orange-fo-416-400-ml-flame-orange-fo-416-viola-light","200","true","","Cosmos Lac Flame Orange FO-416 Viola Light | Carsystem i R-M Inđija","67","1","Flame Orange FO-416 Viola Light u Cosmos Lac katalogu. Proverite namenu i pošaljite upit Carsystem i R-M timu.","110","1","http://localhost:3000/proizvodi/cosmos-lac-flame-orange-fo-416-400-ml-flame-orange-fo-416-viola-light","200","false","Cosmos Lac Flame Orange FO-416 Viola Light","1","H1:Cosmos Lac Flame Orange FO-416 Viola Light | H2:Dostupne boje | H2:Treba vam savet pri izboru proizvoda? | H2:Katalog | H2:Brendovi | H2:Podrška | H2:Kontakt","sr-Latn","Cosmos Lac Flame Orange FO-416 Viola Light | Carsystem i R-M Inđija","Flame Orange FO-416 Viola Light u Cosmos Lac katalogu. Proverite namenu i pošaljite upit Carsystem i R-M timu.","","summary","Cosmos Lac Flame Orange FO-416 Viola Light | Carsystem i R-M Inđija","Flame Orange FO-416 Viola Light u Cosmos Lac katalogu. Proverite namenu i pošaljite upit Carsystem i R-M timu.","","Brand | BreadcrumbList | ListItem | Product","true","168","1","","136","0","136","true","false"
"/proizvodi/cosmos-lac-flame-orange-fo-418-400-ml-flame-orange-fo-418-viola","200","true","","Cosmos Lac Flame Orange FO-418 Viola | Carsystem i R-M Inđija","61","1","Flame Orange FO-418 Viola u Cosmos Lac katalogu. Proverite namenu i pošaljite upit Carsystem i R-M timu.","104","1","http://localhost:3000/proizvodi/cosmos-lac-flame-orange-fo-418-400-ml-flame-orange-fo-418-viola","200","false","Cosmos Lac Flame Orange FO-418 Viola","1","H1:Cosmos Lac Flame Orange FO-418 Viola | H2:Dostupne boje | H2:Treba vam savet pri izboru proizvoda? | H2:Katalog | H2:Brendovi | H2:Podrška | H2:Kontakt","sr-Latn","Cosmos Lac Flame Orange FO-418 Viola | Carsystem i R-M Inđija","Flame Orange FO-418 Viola u Cosmos Lac katalogu. Proverite namenu i pošaljite upit Carsystem i R-M timu.","","summary","Cosmos Lac Flame Orange FO-418 Viola | Carsystem i R-M Inđija","Flame Orange FO-418 Viola u Cosmos Lac katalogu. Proverite namenu i pošaljite upit Carsystem i R-M timu.","","Brand | BreadcrumbList | ListItem | Product","true","168","1","","136","0","136","true","false"
"/proizvodi/cosmos-lac-flame-orange-fo-420-400-ml-flame-orange-fo-420-viola-dark","200","true","","Cosmos Lac Flame Orange FO-420 Viola Dark | Carsystem i R-M Inđija","66","1","Flame Orange FO-420 Viola Dark u Cosmos Lac katalogu. Proverite namenu i pošaljite upit Carsystem i R-M timu.","109","1","http://localhost:3000/proizvodi/cosmos-lac-flame-orange-fo-420-400-ml-flame-orange-fo-420-viola-dark","200","false","Cosmos Lac Flame Orange FO-420 Viola Dark","1","H1:Cosmos Lac Flame Orange FO-420 Viola Dark | H2:Dostupne boje | H2:Treba vam savet pri izboru proizvoda? | H2:Katalog | H2:Brendovi | H2:Podrška | H2:Kontakt","sr-Latn","Cosmos Lac Flame Orange FO-420 Viola Dark | Carsystem i R-M Inđija","Flame Orange FO-420 Viola Dark u Cosmos Lac katalogu. Proverite namenu i pošaljite upit Carsystem i R-M timu.","","summary","Cosmos Lac Flame Orange FO-420 Viola Dark | Carsystem i R-M Inđija","Flame Orange FO-420 Viola Dark u Cosmos Lac katalogu. Proverite namenu i pošaljite upit Carsystem i R-M timu.","","Brand | BreadcrumbList | ListItem | Product","true","168","1","","136","0","136","true","false"
"/proizvodi/cosmos-lac-flame-orange-fo-422-400-ml-flame-orange-fo-422-cosmos-blue-pastel","200","true","","Cosmos Lac Flame Orange FO-422 Cosmos Blue Pastel | Carsystem i R-M Inđija","74","1","Flame Orange FO-422 Cosmos Blue Pastel u Cosmos Lac katalogu. Proverite namenu i pošaljite upit Carsystem i R-M timu.","117","1","http://localhost:3000/proizvodi/cosmos-lac-flame-orange-fo-422-400-ml-flame-orange-fo-422-cosmos-blue-pastel","200","false","Cosmos Lac Flame Orange FO-422 Cosmos Blue Pastel","1","H1:Cosmos Lac Flame Orange FO-422 Cosmos Blue Pastel | H2:Dostupne boje | H2:Treba vam savet pri izboru proizvoda? | H2:Katalog | H2:Brendovi | H2:Podrška | H2:Kontakt","sr-Latn","Cosmos Lac Flame Orange FO-422 Cosmos Blue Pastel | Carsystem i R-M Inđija","Flame Orange FO-422 Cosmos Blue Pastel u Cosmos Lac katalogu. Proverite namenu i pošaljite upit Carsystem i R-M timu.","","summary","Cosmos Lac Flame Orange FO-422 Cosmos Blue Pastel | Carsystem i R-M Inđija","Flame Orange FO-422 Cosmos Blue Pastel u Cosmos Lac katalogu. Proverite namenu i pošaljite upit Carsystem i R-M timu.","","Brand | BreadcrumbList | ListItem | Product","true","168","1","","136","0","136","true","false"
"/proizvodi/cosmos-lac-flame-orange-fo-424-400-ml-flame-orange-fo-424-cosmos-blue-light","200","true","","Cosmos Lac Flame Orange FO-424 Cosmos Blue Light | Carsystem i R-M Inđija","73","1","Flame Orange FO-424 Cosmos Blue Light u Cosmos Lac katalogu. Proverite namenu i pošaljite upit Carsystem i R-M timu.","116","1","http://localhost:3000/proizvodi/cosmos-lac-flame-orange-fo-424-400-ml-flame-orange-fo-424-cosmos-blue-light","200","false","Cosmos Lac Flame Orange FO-424 Cosmos Blue Light","1","H1:Cosmos Lac Flame Orange FO-424 Cosmos Blue Light | H2:Dostupne boje | H2:Treba vam savet pri izboru proizvoda? | H2:Katalog | H2:Brendovi | H2:Podrška | H2:Kontakt","sr-Latn","Cosmos Lac Flame Orange FO-424 Cosmos Blue Light | Carsystem i R-M Inđija","Flame Orange FO-424 Cosmos Blue Light u Cosmos Lac katalogu. Proverite namenu i pošaljite upit Carsystem i R-M timu.","","summary","Cosmos Lac Flame Orange FO-424 Cosmos Blue Light | Carsystem i R-M Inđija","Flame Orange FO-424 Cosmos Blue Light u Cosmos Lac katalogu. Proverite namenu i pošaljite upit Carsystem i R-M timu.","","Brand | BreadcrumbList | ListItem | Product","true","168","1","","136","0","136","true","false"
"/proizvodi/cosmos-lac-flame-orange-fo-426-400-ml-flame-orange-fo-426-cosmos-blue","200","true","","Cosmos Lac Flame Orange FO-426 Cosmos Blue | Carsystem i R-M Inđija","67","1","Flame Orange FO-426 Cosmos Blue u Cosmos Lac katalogu. Proverite namenu i pošaljite upit Carsystem i R-M timu.","110","1","http://localhost:3000/proizvodi/cosmos-lac-flame-orange-fo-426-400-ml-flame-orange-fo-426-cosmos-blue","200","false","Cosmos Lac Flame Orange FO-426 Cosmos Blue","1","H1:Cosmos Lac Flame Orange FO-426 Cosmos Blue | H2:Dostupne boje | H2:Treba vam savet pri izboru proizvoda? | H2:Katalog | H2:Brendovi | H2:Podrška | H2:Kontakt","sr-Latn","Cosmos Lac Flame Orange FO-426 Cosmos Blue | Carsystem i R-M Inđija","Flame Orange FO-426 Cosmos Blue u Cosmos Lac katalogu. Proverite namenu i pošaljite upit Carsystem i R-M timu.","","summary","Cosmos Lac Flame Orange FO-426 Cosmos Blue | Carsystem i R-M Inđija","Flame Orange FO-426 Cosmos Blue u Cosmos Lac katalogu. Proverite namenu i pošaljite upit Carsystem i R-M timu.","","Brand | BreadcrumbList | ListItem | Product","true","168","1","","136","0","136","true","false"
"/proizvodi/cosmos-lac-flame-orange-fo-428-400-ml-flame-orange-fo-428-cosmos-blue-dark","200","true","","Cosmos Lac Flame Orange FO-428 Cosmos Blue Dark | Carsystem i R-M Inđija","72","1","Flame Orange FO-428 Cosmos Blue Dark u Cosmos Lac katalogu. Proverite namenu i pošaljite upit Carsystem i R-M timu.","115","1","http://localhost:3000/proizvodi/cosmos-lac-flame-orange-fo-428-400-ml-flame-orange-fo-428-cosmos-blue-dark","200","false","Cosmos Lac Flame Orange FO-428 Cosmos Blue Dark","1","H1:Cosmos Lac Flame Orange FO-428 Cosmos Blue Dark | H2:Dostupne boje | H2:Treba vam savet pri izboru proizvoda? | H2:Katalog | H2:Brendovi | H2:Podrška | H2:Kontakt","sr-Latn","Cosmos Lac Flame Orange FO-428 Cosmos Blue Dark | Carsystem i R-M Inđija","Flame Orange FO-428 Cosmos Blue Dark u Cosmos Lac katalogu. Proverite namenu i pošaljite upit Carsystem i R-M timu.","","summary","Cosmos Lac Flame Orange FO-428 Cosmos Blue Dark | Carsystem i R-M Inđija","Flame Orange FO-428 Cosmos Blue Dark u Cosmos Lac katalogu. Proverite namenu i pošaljite upit Carsystem i R-M timu.","","Brand | BreadcrumbList | ListItem | Product","true","168","1","","136","0","136","true","false"
"/proizvodi/cosmos-lac-flame-orange-fo-502-400-ml-flame-orange-fo-502-lighting-blue","200","true","","Cosmos Lac Flame Orange FO-502 Lighting Blue | Carsystem i R-M Inđija","69","1","Flame Orange FO-502 Lighting Blue u Cosmos Lac katalogu. Proverite namenu i pošaljite upit Carsystem i R-M timu.","112","1","http://localhost:3000/proizvodi/cosmos-lac-flame-orange-fo-502-400-ml-flame-orange-fo-502-lighting-blue","200","false","Cosmos Lac Flame Orange FO-502 Lighting Blue","1","H1:Cosmos Lac Flame Orange FO-502 Lighting Blue | H2:Dostupne boje | H2:Treba vam savet pri izboru proizvoda? | H2:Katalog | H2:Brendovi | H2:Podrška | H2:Kontakt","sr-Latn","Cosmos Lac Flame Orange FO-502 Lighting Blue | Carsystem i R-M Inđija","Flame Orange FO-502 Lighting Blue u Cosmos Lac katalogu. Proverite namenu i pošaljite upit Carsystem i R-M timu.","","summary","Cosmos Lac Flame Orange FO-502 Lighting Blue | Carsystem i R-M Inđija","Flame Orange FO-502 Lighting Blue u Cosmos Lac katalogu. Proverite namenu i pošaljite upit Carsystem i R-M timu.","","Brand | BreadcrumbList | ListItem | Product","true","168","1","","136","0","136","true","false"
"/proizvodi/cosmos-lac-flame-orange-fo-504-400-ml-flame-orange-fo-504-light-blue-light","200","true","","Cosmos Lac Flame Orange FO-504 Light Blue Light | Carsystem i R-M Inđija","72","1","Flame Orange FO-504 Light Blue Light u Cosmos Lac katalogu. Proverite namenu i pošaljite upit Carsystem i R-M timu.","115","1","http://localhost:3000/proizvodi/cosmos-lac-flame-orange-fo-504-400-ml-flame-orange-fo-504-light-blue-light","200","false","Cosmos Lac Flame Orange FO-504 Light Blue Light","1","H1:Cosmos Lac Flame Orange FO-504 Light Blue Light | H2:Dostupne boje | H2:Treba vam savet pri izboru proizvoda? | H2:Katalog | H2:Brendovi | H2:Podrška | H2:Kontakt","sr-Latn","Cosmos Lac Flame Orange FO-504 Light Blue Light | Carsystem i R-M Inđija","Flame Orange FO-504 Light Blue Light u Cosmos Lac katalogu. Proverite namenu i pošaljite upit Carsystem i R-M timu.","","summary","Cosmos Lac Flame Orange FO-504 Light Blue Light | Carsystem i R-M Inđija","Flame Orange FO-504 Light Blue Light u Cosmos Lac katalogu. Proverite namenu i pošaljite upit Carsystem i R-M timu.","","Brand | BreadcrumbList | ListItem | Product","true","168","1","","136","0","136","true","false"
"/proizvodi/cosmos-lac-flame-orange-fo-508-400-ml-flame-orange-fo-508-light-blue","200","true","","Cosmos Lac Flame Orange FO-508 Light Blue | Carsystem i R-M Inđija","66","1","Flame Orange FO-508 Light Blue u Cosmos Lac katalogu. Proverite namenu i pošaljite upit Carsystem i R-M timu.","109","1","http://localhost:3000/proizvodi/cosmos-lac-flame-orange-fo-508-400-ml-flame-orange-fo-508-light-blue","200","false","Cosmos Lac Flame Orange FO-508 Light Blue","1","H1:Cosmos Lac Flame Orange FO-508 Light Blue | H2:Dostupne boje | H2:Treba vam savet pri izboru proizvoda? | H2:Katalog | H2:Brendovi | H2:Podrška | H2:Kontakt","sr-Latn","Cosmos Lac Flame Orange FO-508 Light Blue | Carsystem i R-M Inđija","Flame Orange FO-508 Light Blue u Cosmos Lac katalogu. Proverite namenu i pošaljite upit Carsystem i R-M timu.","","summary","Cosmos Lac Flame Orange FO-508 Light Blue | Carsystem i R-M Inđija","Flame Orange FO-508 Light Blue u Cosmos Lac katalogu. Proverite namenu i pošaljite upit Carsystem i R-M timu.","","Brand | BreadcrumbList | ListItem | Product","true","168","1","","136","0","136","true","false"
"/proizvodi/cosmos-lac-flame-orange-fo-510-400-ml-flame-orange-fo-510-sky-blue","200","true","","Cosmos Lac Flame Orange FO-510 Sky Blue | Carsystem i R-M Inđija","64","1","Flame Orange FO-510 Sky Blue u Cosmos Lac katalogu. Proverite namenu i pošaljite upit Carsystem i R-M timu.","107","1","http://localhost:3000/proizvodi/cosmos-lac-flame-orange-fo-510-400-ml-flame-orange-fo-510-sky-blue","200","false","Cosmos Lac Flame Orange FO-510 Sky Blue","1","H1:Cosmos Lac Flame Orange FO-510 Sky Blue | H2:Dostupne boje | H2:Treba vam savet pri izboru proizvoda? | H2:Katalog | H2:Brendovi | H2:Podrška | H2:Kontakt","sr-Latn","Cosmos Lac Flame Orange FO-510 Sky Blue | Carsystem i R-M Inđija","Flame Orange FO-510 Sky Blue u Cosmos Lac katalogu. Proverite namenu i pošaljite upit Carsystem i R-M timu.","","summary","Cosmos Lac Flame Orange FO-510 Sky Blue | Carsystem i R-M Inđija","Flame Orange FO-510 Sky Blue u Cosmos Lac katalogu. Proverite namenu i pošaljite upit Carsystem i R-M timu.","","Brand | BreadcrumbList | ListItem | Product","true","168","1","","136","0","136","true","false"
"/proizvodi/cosmos-lac-flame-orange-fo-511-400-ml-flame-orange-fo-511-crazy-blue","200","true","","Cosmos Lac Flame Orange FO-511 Crazy Blue | Carsystem i R-M Inđija","66","1","Flame Orange FO-511 Crazy Blue u Cosmos Lac katalogu. Proverite namenu i pošaljite upit Carsystem i R-M timu.","109","1","http://localhost:3000/proizvodi/cosmos-lac-flame-orange-fo-511-400-ml-flame-orange-fo-511-crazy-blue","200","false","Cosmos Lac Flame Orange FO-511 Crazy Blue","1","H1:Cosmos Lac Flame Orange FO-511 Crazy Blue | H2:Dostupne boje | H2:Treba vam savet pri izboru proizvoda? | H2:Katalog | H2:Brendovi | H2:Podrška | H2:Kontakt","sr-Latn","Cosmos Lac Flame Orange FO-511 Crazy Blue | Carsystem i R-M Inđija","Flame Orange FO-511 Crazy Blue u Cosmos Lac katalogu. Proverite namenu i pošaljite upit Carsystem i R-M timu.","","summary","Cosmos Lac Flame Orange FO-511 Crazy Blue | Carsystem i R-M Inđija","Flame Orange FO-511 Crazy Blue u Cosmos Lac katalogu. Proverite namenu i pošaljite upit Carsystem i R-M timu.","","Brand | BreadcrumbList | ListItem | Product","true","168","1","","136","0","136","true","false"
"/proizvodi/cosmos-lac-flame-orange-fo-512-400-ml-flame-orange-fo-512-signal-blue","200","true","","Cosmos Lac Flame Orange FO-512 Signal Blue | Carsystem i R-M Inđija","67","1","Flame Orange FO-512 Signal Blue u Cosmos Lac katalogu. Proverite namenu i pošaljite upit Carsystem i R-M timu.","110","1","http://localhost:3000/proizvodi/cosmos-lac-flame-orange-fo-512-400-ml-flame-orange-fo-512-signal-blue","200","false","Cosmos Lac Flame Orange FO-512 Signal Blue","1","H1:Cosmos Lac Flame Orange FO-512 Signal Blue | H2:Dostupne boje | H2:Treba vam savet pri izboru proizvoda? | H2:Katalog | H2:Brendovi | H2:Podrška | H2:Kontakt","sr-Latn","Cosmos Lac Flame Orange FO-512 Signal Blue | Carsystem i R-M Inđija","Flame Orange FO-512 Signal Blue u Cosmos Lac katalogu. Proverite namenu i pošaljite upit Carsystem i R-M timu.","","summary","Cosmos Lac Flame Orange FO-512 Signal Blue | Carsystem i R-M Inđija","Flame Orange FO-512 Signal Blue u Cosmos Lac katalogu. Proverite namenu i pošaljite upit Carsystem i R-M timu.","","Brand | BreadcrumbList | ListItem | Product","true","168","1","","136","0","136","true","false"
"/proizvodi/cosmos-lac-flame-orange-fo-514-400-ml-flame-orange-fo-514-true-blue","200","true","","Cosmos Lac Flame Orange FO-514 True Blue | Carsystem i R-M Inđija","65","1","Flame Orange FO-514 True Blue u Cosmos Lac katalogu. Proverite namenu i pošaljite upit Carsystem i R-M timu.","108","1","http://localhost:3000/proizvodi/cosmos-lac-flame-orange-fo-514-400-ml-flame-orange-fo-514-true-blue","200","false","Cosmos Lac Flame Orange FO-514 True Blue","1","H1:Cosmos Lac Flame Orange FO-514 True Blue | H2:Dostupne boje | H2:Treba vam savet pri izboru proizvoda? | H2:Katalog | H2:Brendovi | H2:Podrška | H2:Kontakt","sr-Latn","Cosmos Lac Flame Orange FO-514 True Blue | Carsystem i R-M Inđija","Flame Orange FO-514 True Blue u Cosmos Lac katalogu. Proverite namenu i pošaljite upit Carsystem i R-M timu.","","summary","Cosmos Lac Flame Orange FO-514 True Blue | Carsystem i R-M Inđija","Flame Orange FO-514 True Blue u Cosmos Lac katalogu. Proverite namenu i pošaljite upit Carsystem i R-M timu.","","Brand | BreadcrumbList | ListItem | Product","true","168","1","","136","0","136","true","false"
"/proizvodi/cosmos-lac-flame-orange-fo-515-400-ml-flame-orange-fo-515-ultramarine-blue","200","true","","Cosmos Lac Flame Orange FO-515 Ultramarine Blue | Carsystem i R-M Inđija","72","1","Flame Orange FO-515 Ultramarine Blue u Cosmos Lac katalogu. Proverite namenu i pošaljite upit Carsystem i R-M timu.","115","1","http://localhost:3000/proizvodi/cosmos-lac-flame-orange-fo-515-400-ml-flame-orange-fo-515-ultramarine-blue","200","false","Cosmos Lac Flame Orange FO-515 Ultramarine Blue","1","H1:Cosmos Lac Flame Orange FO-515 Ultramarine Blue | H2:Dostupne boje | H2:Treba vam savet pri izboru proizvoda? | H2:Katalog | H2:Brendovi | H2:Podrška | H2:Kontakt","sr-Latn","Cosmos Lac Flame Orange FO-515 Ultramarine Blue | Carsystem i R-M Inđija","Flame Orange FO-515 Ultramarine Blue u Cosmos Lac katalogu. Proverite namenu i pošaljite upit Carsystem i R-M timu.","","summary","Cosmos Lac Flame Orange FO-515 Ultramarine Blue | Carsystem i R-M Inđija","Flame Orange FO-515 Ultramarine Blue u Cosmos Lac katalogu. Proverite namenu i pošaljite upit Carsystem i R-M timu.","","Brand | BreadcrumbList | ListItem | Product","true","168","1","","136","0","136","true","false"
"/proizvodi/cosmos-lac-flame-orange-fo-516-400-ml-flame-orange-fo-516-cream-blue-light","200","true","","Cosmos Lac Flame Orange FO-516 Cream Blue Light | Carsystem i R-M Inđija","72","1","Flame Orange FO-516 Cream Blue Light u Cosmos Lac katalogu. Proverite namenu i pošaljite upit Carsystem i R-M timu.","115","1","http://localhost:3000/proizvodi/cosmos-lac-flame-orange-fo-516-400-ml-flame-orange-fo-516-cream-blue-light","200","false","Cosmos Lac Flame Orange FO-516 Cream Blue Light","1","H1:Cosmos Lac Flame Orange FO-516 Cream Blue Light | H2:Dostupne boje | H2:Treba vam savet pri izboru proizvoda? | H2:Katalog | H2:Brendovi | H2:Podrška | H2:Kontakt","sr-Latn","Cosmos Lac Flame Orange FO-516 Cream Blue Light | Carsystem i R-M Inđija","Flame Orange FO-516 Cream Blue Light u Cosmos Lac katalogu. Proverite namenu i pošaljite upit Carsystem i R-M timu.","","summary","Cosmos Lac Flame Orange FO-516 Cream Blue Light | Carsystem i R-M Inđija","Flame Orange FO-516 Cream Blue Light u Cosmos Lac katalogu. Proverite namenu i pošaljite upit Carsystem i R-M timu.","","Brand | BreadcrumbList | ListItem | Product","true","168","1","","136","0","136","true","false"
"/proizvodi/cosmos-lac-flame-orange-fo-518-400-ml-flame-orange-fo-518-cream-blue","200","true","","Cosmos Lac Flame Orange FO-518 Cream Blue | Carsystem i R-M Inđija","66","1","Flame Orange FO-518 Cream Blue u Cosmos Lac katalogu. Proverite namenu i pošaljite upit Carsystem i R-M timu.","109","1","http://localhost:3000/proizvodi/cosmos-lac-flame-orange-fo-518-400-ml-flame-orange-fo-518-cream-blue","200","false","Cosmos Lac Flame Orange FO-518 Cream Blue","1","H1:Cosmos Lac Flame Orange FO-518 Cream Blue | H2:Dostupne boje | H2:Treba vam savet pri izboru proizvoda? | H2:Katalog | H2:Brendovi | H2:Podrška | H2:Kontakt","sr-Latn","Cosmos Lac Flame Orange FO-518 Cream Blue | Carsystem i R-M Inđija","Flame Orange FO-518 Cream Blue u Cosmos Lac katalogu. Proverite namenu i pošaljite upit Carsystem i R-M timu.","","summary","Cosmos Lac Flame Orange FO-518 Cream Blue | Carsystem i R-M Inđija","Flame Orange FO-518 Cream Blue u Cosmos Lac katalogu. Proverite namenu i pošaljite upit Carsystem i R-M timu.","","Brand | BreadcrumbList | ListItem | Product","true","168","1","","136","0","136","true","false"
"/proizvodi/cosmos-lac-flame-orange-fo-520-400-ml-flame-orange-fo-520-cream-blue-dark","200","true","","Cosmos Lac Flame Orange FO-520 Cream Blue Dark | Carsystem i R-M Inđija","71","1","Flame Orange FO-520 Cream Blue Dark u Cosmos Lac katalogu. Proverite namenu i pošaljite upit Carsystem i R-M timu.","114","1","http://localhost:3000/proizvodi/cosmos-lac-flame-orange-fo-520-400-ml-flame-orange-fo-520-cream-blue-dark","200","false","Cosmos Lac Flame Orange FO-520 Cream Blue Dark","1","H1:Cosmos Lac Flame Orange FO-520 Cream Blue Dark | H2:Dostupne boje | H2:Treba vam savet pri izboru proizvoda? | H2:Katalog | H2:Brendovi | H2:Podrška | H2:Kontakt","sr-Latn","Cosmos Lac Flame Orange FO-520 Cream Blue Dark | Carsystem i R-M Inđija","Flame Orange FO-520 Cream Blue Dark u Cosmos Lac katalogu. Proverite namenu i pošaljite upit Carsystem i R-M timu.","","summary","Cosmos Lac Flame Orange FO-520 Cream Blue Dark | Carsystem i R-M Inđija","Flame Orange FO-520 Cream Blue Dark u Cosmos Lac katalogu. Proverite namenu i pošaljite upit Carsystem i R-M timu.","","Brand | BreadcrumbList | ListItem | Product","true","168","1","","136","0","136","true","false"
"/proizvodi/cosmos-lac-flame-orange-fo-522-400-ml-flame-orange-fo-522-sapphire-blue","200","true","","Cosmos Lac Flame Orange FO-522 Sapphire Blue | Carsystem i R-M Inđija","69","1","Flame Orange FO-522 Sapphire Blue u Cosmos Lac katalogu. Proverite namenu i pošaljite upit Carsystem i R-M timu.","112","1","http://localhost:3000/proizvodi/cosmos-lac-flame-orange-fo-522-400-ml-flame-orange-fo-522-sapphire-blue","200","false","Cosmos Lac Flame Orange FO-522 Sapphire Blue","1","H1:Cosmos Lac Flame Orange FO-522 Sapphire Blue | H2:Dostupne boje | H2:Treba vam savet pri izboru proizvoda? | H2:Katalog | H2:Brendovi | H2:Podrška | H2:Kontakt","sr-Latn","Cosmos Lac Flame Orange FO-522 Sapphire Blue | Carsystem i R-M Inđija","Flame Orange FO-522 Sapphire Blue u Cosmos Lac katalogu. Proverite namenu i pošaljite upit Carsystem i R-M timu.","","summary","Cosmos Lac Flame Orange FO-522 Sapphire Blue | Carsystem i R-M Inđija","Flame Orange FO-522 Sapphire Blue u Cosmos Lac katalogu. Proverite namenu i pošaljite upit Carsystem i R-M timu.","","Brand | BreadcrumbList | ListItem | Product","true","168","1","","136","0","136","true","false"
"/proizvodi/cosmos-lac-flame-orange-fo-523-400-ml-flame-orange-fo-523-sapphire-blue-dark","200","true","","Cosmos Lac Flame Orange FO-523 Sapphire Blue Dark | Carsystem i R-M Inđija","74","1","Flame Orange FO-523 Sapphire Blue Dark u Cosmos Lac katalogu. Proverite namenu i pošaljite upit Carsystem i R-M timu.","117","1","http://localhost:3000/proizvodi/cosmos-lac-flame-orange-fo-523-400-ml-flame-orange-fo-523-sapphire-blue-dark","200","false","Cosmos Lac Flame Orange FO-523 Sapphire Blue Dark","1","H1:Cosmos Lac Flame Orange FO-523 Sapphire Blue Dark | H2:Dostupne boje | H2:Treba vam savet pri izboru proizvoda? | H2:Katalog | H2:Brendovi | H2:Podrška | H2:Kontakt","sr-Latn","Cosmos Lac Flame Orange FO-523 Sapphire Blue Dark | Carsystem i R-M Inđija","Flame Orange FO-523 Sapphire Blue Dark u Cosmos Lac katalogu. Proverite namenu i pošaljite upit Carsystem i R-M timu.","","summary","Cosmos Lac Flame Orange FO-523 Sapphire Blue Dark | Carsystem i R-M Inđija","Flame Orange FO-523 Sapphire Blue Dark u Cosmos Lac katalogu. Proverite namenu i pošaljite upit Carsystem i R-M timu.","","Brand | BreadcrumbList | ListItem | Product","true","168","1","","136","0","136","true","false"
"/proizvodi/cosmos-lac-flame-orange-fo-531-400-ml-flame-orange-fo-531-verdigris-light","200","true","","Cosmos Lac Flame Orange FO-531 Verdigris Light | Carsystem i R-M Inđija","71","1","Flame Orange FO-531 Verdigris Light u Cosmos Lac katalogu. Proverite namenu i pošaljite upit Carsystem i R-M timu.","114","1","http://localhost:3000/proizvodi/cosmos-lac-flame-orange-fo-531-400-ml-flame-orange-fo-531-verdigris-light","200","false","Cosmos Lac Flame Orange FO-531 Verdigris Light","1","H1:Cosmos Lac Flame Orange FO-531 Verdigris Light | H2:Dostupne boje | H2:Treba vam savet pri izboru proizvoda? | H2:Katalog | H2:Brendovi | H2:Podrška | H2:Kontakt","sr-Latn","Cosmos Lac Flame Orange FO-531 Verdigris Light | Carsystem i R-M Inđija","Flame Orange FO-531 Verdigris Light u Cosmos Lac katalogu. Proverite namenu i pošaljite upit Carsystem i R-M timu.","","summary","Cosmos Lac Flame Orange FO-531 Verdigris Light | Carsystem i R-M Inđija","Flame Orange FO-531 Verdigris Light u Cosmos Lac katalogu. Proverite namenu i pošaljite upit Carsystem i R-M timu.","","Brand | BreadcrumbList | ListItem | Product","true","168","1","","136","0","136","true","false"
"/proizvodi/cosmos-lac-flame-orange-fo-532-400-ml-flame-orange-fo-532-verdigris-middle","200","true","","Cosmos Lac Flame Orange FO-532 Verdigris Middle | Carsystem i R-M Inđija","72","1","Flame Orange FO-532 Verdigris Middle u Cosmos Lac katalogu. Proverite namenu i pošaljite upit Carsystem i R-M timu.","115","1","http://localhost:3000/proizvodi/cosmos-lac-flame-orange-fo-532-400-ml-flame-orange-fo-532-verdigris-middle","200","false","Cosmos Lac Flame Orange FO-532 Verdigris Middle","1","H1:Cosmos Lac Flame Orange FO-532 Verdigris Middle | H2:Dostupne boje | H2:Treba vam savet pri izboru proizvoda? | H2:Katalog | H2:Brendovi | H2:Podrška | H2:Kontakt","sr-Latn","Cosmos Lac Flame Orange FO-532 Verdigris Middle | Carsystem i R-M Inđija","Flame Orange FO-532 Verdigris Middle u Cosmos Lac katalogu. Proverite namenu i pošaljite upit Carsystem i R-M timu.","","summary","Cosmos Lac Flame Orange FO-532 Verdigris Middle | Carsystem i R-M Inđija","Flame Orange FO-532 Verdigris Middle u Cosmos Lac katalogu. Proverite namenu i pošaljite upit Carsystem i R-M timu.","","Brand | BreadcrumbList | ListItem | Product","true","168","1","","136","0","136","true","false"
"/proizvodi/cosmos-lac-flame-orange-fo-533-400-ml-flame-orange-fo-533-verdigris","200","true","","Cosmos Lac Flame Orange FO-533 Verdigris | Carsystem i R-M Inđija","65","1","Flame Orange FO-533 Verdigris u Cosmos Lac katalogu. Proverite namenu i pošaljite upit Carsystem i R-M timu.","108","1","http://localhost:3000/proizvodi/cosmos-lac-flame-orange-fo-533-400-ml-flame-orange-fo-533-verdigris","200","false","Cosmos Lac Flame Orange FO-533 Verdigris","1","H1:Cosmos Lac Flame Orange FO-533 Verdigris | H2:Dostupne boje | H2:Treba vam savet pri izboru proizvoda? | H2:Katalog | H2:Brendovi | H2:Podrška | H2:Kontakt","sr-Latn","Cosmos Lac Flame Orange FO-533 Verdigris | Carsystem i R-M Inđija","Flame Orange FO-533 Verdigris u Cosmos Lac katalogu. Proverite namenu i pošaljite upit Carsystem i R-M timu.","","summary","Cosmos Lac Flame Orange FO-533 Verdigris | Carsystem i R-M Inđija","Flame Orange FO-533 Verdigris u Cosmos Lac katalogu. Proverite namenu i pošaljite upit Carsystem i R-M timu.","","Brand | BreadcrumbList | ListItem | Product","true","168","1","","136","0","136","true","false"
"/proizvodi/cosmos-lac-flame-orange-fo-601-400-ml-flame-orange-fo-601-crazy-riviera","200","true","","Cosmos Lac Flame Orange FO-601 Crazy Riviera | Carsystem i R-M Inđija","69","1","Flame Orange FO-601 Crazy Riviera u Cosmos Lac katalogu. Proverite namenu i pošaljite upit Carsystem i R-M timu.","112","1","http://localhost:3000/proizvodi/cosmos-lac-flame-orange-fo-601-400-ml-flame-orange-fo-601-crazy-riviera","200","false","Cosmos Lac Flame Orange FO-601 Crazy Riviera","1","H1:Cosmos Lac Flame Orange FO-601 Crazy Riviera | H2:Dostupne boje | H2:Treba vam savet pri izboru proizvoda? | H2:Katalog | H2:Brendovi | H2:Podrška | H2:Kontakt","sr-Latn","Cosmos Lac Flame Orange FO-601 Crazy Riviera | Carsystem i R-M Inđija","Flame Orange FO-601 Crazy Riviera u Cosmos Lac katalogu. Proverite namenu i pošaljite upit Carsystem i R-M timu.","","summary","Cosmos Lac Flame Orange FO-601 Crazy Riviera | Carsystem i R-M Inđija","Flame Orange FO-601 Crazy Riviera u Cosmos Lac katalogu. Proverite namenu i pošaljite upit Carsystem i R-M timu.","","Brand | BreadcrumbList | ListItem | Product","true","168","1","","136","0","136","true","false"
"/proizvodi/cosmos-lac-flame-orange-fo-602-400-ml-flame-orange-fo-602-riviera","200","true","","Cosmos Lac Flame Orange FO-602 Riviera | Carsystem i R-M Inđija","63","1","Flame Orange FO-602 Riviera u Cosmos Lac katalogu. Proverite namenu i pošaljite upit Carsystem i R-M timu.","106","1","http://localhost:3000/proizvodi/cosmos-lac-flame-orange-fo-602-400-ml-flame-orange-fo-602-riviera","200","false","Cosmos Lac Flame Orange FO-602 Riviera","1","H1:Cosmos Lac Flame Orange FO-602 Riviera | H2:Dostupne boje | H2:Treba vam savet pri izboru proizvoda? | H2:Katalog | H2:Brendovi | H2:Podrška | H2:Kontakt","sr-Latn","Cosmos Lac Flame Orange FO-602 Riviera | Carsystem i R-M Inđija","Flame Orange FO-602 Riviera u Cosmos Lac katalogu. Proverite namenu i pošaljite upit Carsystem i R-M timu.","","summary","Cosmos Lac Flame Orange FO-602 Riviera | Carsystem i R-M Inđija","Flame Orange FO-602 Riviera u Cosmos Lac katalogu. Proverite namenu i pošaljite upit Carsystem i R-M timu.","","Brand | BreadcrumbList | ListItem | Product","true","168","1","","136","0","136","true","false"
"/proizvodi/cosmos-lac-flame-orange-fo-604-400-ml-flame-orange-fo-604-lagoon-blue","200","true","","Cosmos Lac Flame Orange FO-604 Lagoon Blue | Carsystem i R-M Inđija","67","1","Flame Orange FO-604 Lagoon Blue u Cosmos Lac katalogu. Proverite namenu i pošaljite upit Carsystem i R-M timu.","110","1","http://localhost:3000/proizvodi/cosmos-lac-flame-orange-fo-604-400-ml-flame-orange-fo-604-lagoon-blue","200","false","Cosmos Lac Flame Orange FO-604 Lagoon Blue","1","H1:Cosmos Lac Flame Orange FO-604 Lagoon Blue | H2:Dostupne boje | H2:Treba vam savet pri izboru proizvoda? | H2:Katalog | H2:Brendovi | H2:Podrška | H2:Kontakt","sr-Latn","Cosmos Lac Flame Orange FO-604 Lagoon Blue | Carsystem i R-M Inđija","Flame Orange FO-604 Lagoon Blue u Cosmos Lac katalogu. Proverite namenu i pošaljite upit Carsystem i R-M timu.","","summary","Cosmos Lac Flame Orange FO-604 Lagoon Blue | Carsystem i R-M Inđija","Flame Orange FO-604 Lagoon Blue u Cosmos Lac katalogu. Proverite namenu i pošaljite upit Carsystem i R-M timu.","","Brand | BreadcrumbList | ListItem | Product","true","168","1","","136","0","136","true","false"
"/proizvodi/cosmos-lac-flame-orange-fo-605-400-ml-flame-orange-fo-605-lagoon-blue-dark","200","true","","Cosmos Lac Flame Orange FO-605 Lagoon Blue Dark | Carsystem i R-M Inđija","72","1","Flame Orange FO-605 Lagoon Blue Dark u Cosmos Lac katalogu. Proverite namenu i pošaljite upit Carsystem i R-M timu.","115","1","http://localhost:3000/proizvodi/cosmos-lac-flame-orange-fo-605-400-ml-flame-orange-fo-605-lagoon-blue-dark","200","false","Cosmos Lac Flame Orange FO-605 Lagoon Blue Dark","1","H1:Cosmos Lac Flame Orange FO-605 Lagoon Blue Dark | H2:Dostupne boje | H2:Treba vam savet pri izboru proizvoda? | H2:Katalog | H2:Brendovi | H2:Podrška | H2:Kontakt","sr-Latn","Cosmos Lac Flame Orange FO-605 Lagoon Blue Dark | Carsystem i R-M Inđija","Flame Orange FO-605 Lagoon Blue Dark u Cosmos Lac katalogu. Proverite namenu i pošaljite upit Carsystem i R-M timu.","","summary","Cosmos Lac Flame Orange FO-605 Lagoon Blue Dark | Carsystem i R-M Inđija","Flame Orange FO-605 Lagoon Blue Dark u Cosmos Lac katalogu. Proverite namenu i pošaljite upit Carsystem i R-M timu.","","Brand | BreadcrumbList | ListItem | Product","true","168","1","","136","0","136","true","false"
"/proizvodi/cosmos-lac-flame-orange-fo-606-400-ml-flame-orange-fo-606-ocean-blue","200","true","","Cosmos Lac Flame Orange FO-606 Ocean Blue | Carsystem i R-M Inđija","66","1","Flame Orange FO-606 Ocean Blue u Cosmos Lac katalogu. Proverite namenu i pošaljite upit Carsystem i R-M timu.","109","1","http://localhost:3000/proizvodi/cosmos-lac-flame-orange-fo-606-400-ml-flame-orange-fo-606-ocean-blue","200","false","Cosmos Lac Flame Orange FO-606 Ocean Blue","1","H1:Cosmos Lac Flame Orange FO-606 Ocean Blue | H2:Dostupne boje | H2:Treba vam savet pri izboru proizvoda? | H2:Katalog | H2:Brendovi | H2:Podrška | H2:Kontakt","sr-Latn","Cosmos Lac Flame Orange FO-606 Ocean Blue | Carsystem i R-M Inđija","Flame Orange FO-606 Ocean Blue u Cosmos Lac katalogu. Proverite namenu i pošaljite upit Carsystem i R-M timu.","","summary","Cosmos Lac Flame Orange FO-606 Ocean Blue | Carsystem i R-M Inđija","Flame Orange FO-606 Ocean Blue u Cosmos Lac katalogu. Proverite namenu i pošaljite upit Carsystem i R-M timu.","","Brand | BreadcrumbList | ListItem | Product","true","168","1","","136","0","136","true","false"
"/proizvodi/cosmos-lac-flame-orange-fo-608-400-ml-flame-orange-fo-608-sage-middle","200","true","","Cosmos Lac Flame Orange FO-608 Sage Middle | Carsystem i R-M Inđija","67","1","Flame Orange FO-608 Sage Middle u Cosmos Lac katalogu. Proverite namenu i pošaljite upit Carsystem i R-M timu.","110","1","http://localhost:3000/proizvodi/cosmos-lac-flame-orange-fo-608-400-ml-flame-orange-fo-608-sage-middle","200","false","Cosmos Lac Flame Orange FO-608 Sage Middle","1","H1:Cosmos Lac Flame Orange FO-608 Sage Middle | H2:Dostupne boje | H2:Treba vam savet pri izboru proizvoda? | H2:Katalog | H2:Brendovi | H2:Podrška | H2:Kontakt","sr-Latn","Cosmos Lac Flame Orange FO-608 Sage Middle | Carsystem i R-M Inđija","Flame Orange FO-608 Sage Middle u Cosmos Lac katalogu. Proverite namenu i pošaljite upit Carsystem i R-M timu.","","summary","Cosmos Lac Flame Orange FO-608 Sage Middle | Carsystem i R-M Inđija","Flame Orange FO-608 Sage Middle u Cosmos Lac katalogu. Proverite namenu i pošaljite upit Carsystem i R-M timu.","","Brand | BreadcrumbList | ListItem | Product","true","168","1","","136","0","136","true","false"
"/proizvodi/cosmos-lac-flame-orange-fo-609-400-ml-flame-orange-fo-609-sage","200","true","","Cosmos Lac Flame Orange FO-609 Sage | Carsystem i R-M Inđija","60","1","Flame Orange FO-609 Sage u Cosmos Lac katalogu. Proverite namenu i pošaljite upit Carsystem i R-M timu.","103","1","http://localhost:3000/proizvodi/cosmos-lac-flame-orange-fo-609-400-ml-flame-orange-fo-609-sage","200","false","Cosmos Lac Flame Orange FO-609 Sage","1","H1:Cosmos Lac Flame Orange FO-609 Sage | H2:Dostupne boje | H2:Treba vam savet pri izboru proizvoda? | H2:Katalog | H2:Brendovi | H2:Podrška | H2:Kontakt","sr-Latn","Cosmos Lac Flame Orange FO-609 Sage | Carsystem i R-M Inđija","Flame Orange FO-609 Sage u Cosmos Lac katalogu. Proverite namenu i pošaljite upit Carsystem i R-M timu.","","summary","Cosmos Lac Flame Orange FO-609 Sage | Carsystem i R-M Inđija","Flame Orange FO-609 Sage u Cosmos Lac katalogu. Proverite namenu i pošaljite upit Carsystem i R-M timu.","","Brand | BreadcrumbList | ListItem | Product","true","168","1","","136","0","136","true","false"
"/proizvodi/cosmos-lac-flame-orange-fo-610-400-ml-flame-orange-fo-610-sage-dark","200","true","","Cosmos Lac Flame Orange FO-610 Sage Dark | Carsystem i R-M Inđija","65","1","Flame Orange FO-610 Sage Dark u Cosmos Lac katalogu. Proverite namenu i pošaljite upit Carsystem i R-M timu.","108","1","http://localhost:3000/proizvodi/cosmos-lac-flame-orange-fo-610-400-ml-flame-orange-fo-610-sage-dark","200","false","Cosmos Lac Flame Orange FO-610 Sage Dark","1","H1:Cosmos Lac Flame Orange FO-610 Sage Dark | H2:Dostupne boje | H2:Treba vam savet pri izboru proizvoda? | H2:Katalog | H2:Brendovi | H2:Podrška | H2:Kontakt","sr-Latn","Cosmos Lac Flame Orange FO-610 Sage Dark | Carsystem i R-M Inđija","Flame Orange FO-610 Sage Dark u Cosmos Lac katalogu. Proverite namenu i pošaljite upit Carsystem i R-M timu.","","summary","Cosmos Lac Flame Orange FO-610 Sage Dark | Carsystem i R-M Inđija","Flame Orange FO-610 Sage Dark u Cosmos Lac katalogu. Proverite namenu i pošaljite upit Carsystem i R-M timu.","","Brand | BreadcrumbList | ListItem | Product","true","168","1","","136","0","136","true","false"
"/proizvodi/cosmos-lac-flame-orange-fo-613-400-ml-flame-orange-fo-613-aqua-pastel-light","200","true","","Cosmos Lac Flame Orange FO-613 Aqua Pastel Light | Carsystem i R-M Inđija","73","1","Flame Orange FO-613 Aqua Pastel Light u Cosmos Lac katalogu. Proverite namenu i pošaljite upit Carsystem i R-M timu.","116","1","http://localhost:3000/proizvodi/cosmos-lac-flame-orange-fo-613-400-ml-flame-orange-fo-613-aqua-pastel-light","200","false","Cosmos Lac Flame Orange FO-613 Aqua Pastel Light","1","H1:Cosmos Lac Flame Orange FO-613 Aqua Pastel Light | H2:Dostupne boje | H2:Treba vam savet pri izboru proizvoda? | H2:Katalog | H2:Brendovi | H2:Podrška | H2:Kontakt","sr-Latn","Cosmos Lac Flame Orange FO-613 Aqua Pastel Light | Carsystem i R-M Inđija","Flame Orange FO-613 Aqua Pastel Light u Cosmos Lac katalogu. Proverite namenu i pošaljite upit Carsystem i R-M timu.","","summary","Cosmos Lac Flame Orange FO-613 Aqua Pastel Light | Carsystem i R-M Inđija","Flame Orange FO-613 Aqua Pastel Light u Cosmos Lac katalogu. Proverite namenu i pošaljite upit Carsystem i R-M timu.","","Brand | BreadcrumbList | ListItem | Product","true","168","1","","136","0","136","true","false"
"/proizvodi/cosmos-lac-flame-orange-fo-614-400-ml-flame-orange-fo-614-aqua-pastel","200","true","","Cosmos Lac Flame Orange FO-614 Aqua Pastel | Carsystem i R-M Inđija","67","1","Flame Orange FO-614 Aqua Pastel u Cosmos Lac katalogu. Proverite namenu i pošaljite upit Carsystem i R-M timu.","110","1","http://localhost:3000/proizvodi/cosmos-lac-flame-orange-fo-614-400-ml-flame-orange-fo-614-aqua-pastel","200","false","Cosmos Lac Flame Orange FO-614 Aqua Pastel","1","H1:Cosmos Lac Flame Orange FO-614 Aqua Pastel | H2:Dostupne boje | H2:Treba vam savet pri izboru proizvoda? | H2:Katalog | H2:Brendovi | H2:Podrška | H2:Kontakt","sr-Latn","Cosmos Lac Flame Orange FO-614 Aqua Pastel | Carsystem i R-M Inđija","Flame Orange FO-614 Aqua Pastel u Cosmos Lac katalogu. Proverite namenu i pošaljite upit Carsystem i R-M timu.","","summary","Cosmos Lac Flame Orange FO-614 Aqua Pastel | Carsystem i R-M Inđija","Flame Orange FO-614 Aqua Pastel u Cosmos Lac katalogu. Proverite namenu i pošaljite upit Carsystem i R-M timu.","","Brand | BreadcrumbList | ListItem | Product","true","168","1","","136","0","136","true","false"
"/proizvodi/cosmos-lac-flame-orange-fo-615-400-ml-flame-orange-fo-615-crazy-aqua","200","true","","Cosmos Lac Flame Orange FO-615 Crazy Aqua | Carsystem i R-M Inđija","66","1","Flame Orange FO-615 Crazy Aqua u Cosmos Lac katalogu. Proverite namenu i pošaljite upit Carsystem i R-M timu.","109","1","http://localhost:3000/proizvodi/cosmos-lac-flame-orange-fo-615-400-ml-flame-orange-fo-615-crazy-aqua","200","false","Cosmos Lac Flame Orange FO-615 Crazy Aqua","1","H1:Cosmos Lac Flame Orange FO-615 Crazy Aqua | H2:Dostupne boje | H2:Treba vam savet pri izboru proizvoda? | H2:Katalog | H2:Brendovi | H2:Podrška | H2:Kontakt","sr-Latn","Cosmos Lac Flame Orange FO-615 Crazy Aqua | Carsystem i R-M Inđija","Flame Orange FO-615 Crazy Aqua u Cosmos Lac katalogu. Proverite namenu i pošaljite upit Carsystem i R-M timu.","","summary","Cosmos Lac Flame Orange FO-615 Crazy Aqua | Carsystem i R-M Inđija","Flame Orange FO-615 Crazy Aqua u Cosmos Lac katalogu. Proverite namenu i pošaljite upit Carsystem i R-M timu.","","Brand | BreadcrumbList | ListItem | Product","true","168","1","","136","0","136","true","false"
"/proizvodi/cosmos-lac-flame-orange-fo-616-400-ml-flame-orange-fo-616-aqua-light","200","true","","Cosmos Lac Flame Orange FO-616 Aqua Light | Carsystem i R-M Inđija","66","1","Flame Orange FO-616 Aqua Light u Cosmos Lac katalogu. Proverite namenu i pošaljite upit Carsystem i R-M timu.","109","1","http://localhost:3000/proizvodi/cosmos-lac-flame-orange-fo-616-400-ml-flame-orange-fo-616-aqua-light","200","false","Cosmos Lac Flame Orange FO-616 Aqua Light","1","H1:Cosmos Lac Flame Orange FO-616 Aqua Light | H2:Dostupne boje | H2:Treba vam savet pri izboru proizvoda? | H2:Katalog | H2:Brendovi | H2:Podrška | H2:Kontakt","sr-Latn","Cosmos Lac Flame Orange FO-616 Aqua Light | Carsystem i R-M Inđija","Flame Orange FO-616 Aqua Light u Cosmos Lac katalogu. Proverite namenu i pošaljite upit Carsystem i R-M timu.","","summary","Cosmos Lac Flame Orange FO-616 Aqua Light | Carsystem i R-M Inđija","Flame Orange FO-616 Aqua Light u Cosmos Lac katalogu. Proverite namenu i pošaljite upit Carsystem i R-M timu.","","Brand | BreadcrumbList | ListItem | Product","true","168","1","","136","0","136","true","false"
"/proizvodi/cosmos-lac-flame-orange-fo-618-400-ml-flame-orange-fo-618-aqua","200","true","","Cosmos Lac Flame Orange FO-618 Aqua | Carsystem i R-M Inđija","60","1","Flame Orange FO-618 Aqua u Cosmos Lac katalogu. Proverite namenu i pošaljite upit Carsystem i R-M timu.","103","1","http://localhost:3000/proizvodi/cosmos-lac-flame-orange-fo-618-400-ml-flame-orange-fo-618-aqua","200","false","Cosmos Lac Flame Orange FO-618 Aqua","1","H1:Cosmos Lac Flame Orange FO-618 Aqua | H2:Dostupne boje | H2:Treba vam savet pri izboru proizvoda? | H2:Katalog | H2:Brendovi | H2:Podrška | H2:Kontakt","sr-Latn","Cosmos Lac Flame Orange FO-618 Aqua | Carsystem i R-M Inđija","Flame Orange FO-618 Aqua u Cosmos Lac katalogu. Proverite namenu i pošaljite upit Carsystem i R-M timu.","","summary","Cosmos Lac Flame Orange FO-618 Aqua | Carsystem i R-M Inđija","Flame Orange FO-618 Aqua u Cosmos Lac katalogu. Proverite namenu i pošaljite upit Carsystem i R-M timu.","","Brand | BreadcrumbList | ListItem | Product","true","168","1","","136","0","136","true","false"
"/proizvodi/cosmos-lac-flame-orange-fo-621-400-ml-flame-orange-fo-621-mustard-middle","200","true","","Cosmos Lac Flame Orange FO-621 Mustard Middle | Carsystem i R-M Inđija","70","1","Flame Orange FO-621 Mustard Middle u Cosmos Lac katalogu. Proverite namenu i pošaljite upit Carsystem i R-M timu.","113","1","http://localhost:3000/proizvodi/cosmos-lac-flame-orange-fo-621-400-ml-flame-orange-fo-621-mustard-middle","200","false","Cosmos Lac Flame Orange FO-621 Mustard Middle","1","H1:Cosmos Lac Flame Orange FO-621 Mustard Middle | H2:Dostupne boje | H2:Treba vam savet pri izboru proizvoda? | H2:Katalog | H2:Brendovi | H2:Podrška | H2:Kontakt","sr-Latn","Cosmos Lac Flame Orange FO-621 Mustard Middle | Carsystem i R-M Inđija","Flame Orange FO-621 Mustard Middle u Cosmos Lac katalogu. Proverite namenu i pošaljite upit Carsystem i R-M timu.","","summary","Cosmos Lac Flame Orange FO-621 Mustard Middle | Carsystem i R-M Inđija","Flame Orange FO-621 Mustard Middle u Cosmos Lac katalogu. Proverite namenu i pošaljite upit Carsystem i R-M timu.","","Brand | BreadcrumbList | ListItem | Product","true","168","1","","136","0","136","true","false"
"/proizvodi/cosmos-lac-flame-orange-fo-622-400-ml-flame-orange-fo-622-mustard-light","200","true","","Cosmos Lac Flame Orange FO-622 Mustard Light | Carsystem i R-M Inđija","69","1","Flame Orange FO-622 Mustard Light u Cosmos Lac katalogu. Proverite namenu i pošaljite upit Carsystem i R-M timu.","112","1","http://localhost:3000/proizvodi/cosmos-lac-flame-orange-fo-622-400-ml-flame-orange-fo-622-mustard-light","200","false","Cosmos Lac Flame Orange FO-622 Mustard Light","1","H1:Cosmos Lac Flame Orange FO-622 Mustard Light | H2:Dostupne boje | H2:Treba vam savet pri izboru proizvoda? | H2:Katalog | H2:Brendovi | H2:Podrška | H2:Kontakt","sr-Latn","Cosmos Lac Flame Orange FO-622 Mustard Light | Carsystem i R-M Inđija","Flame Orange FO-622 Mustard Light u Cosmos Lac katalogu. Proverite namenu i pošaljite upit Carsystem i R-M timu.","","summary","Cosmos Lac Flame Orange FO-622 Mustard Light | Carsystem i R-M Inđija","Flame Orange FO-622 Mustard Light u Cosmos Lac katalogu. Proverite namenu i pošaljite upit Carsystem i R-M timu.","","Brand | BreadcrumbList | ListItem | Product","true","168","1","","136","0","136","true","false"
"/proizvodi/cosmos-lac-flame-orange-fo-623-400-ml-flame-orange-fo-623-crazy-green","200","true","","Cosmos Lac Flame Orange FO-623 Crazy Green | Carsystem i R-M Inđija","67","1","Flame Orange FO-623 Crazy Green u Cosmos Lac katalogu. Proverite namenu i pošaljite upit Carsystem i R-M timu.","110","1","http://localhost:3000/proizvodi/cosmos-lac-flame-orange-fo-623-400-ml-flame-orange-fo-623-crazy-green","200","false","Cosmos Lac Flame Orange FO-623 Crazy Green","1","H1:Cosmos Lac Flame Orange FO-623 Crazy Green | H2:Dostupne boje | H2:Treba vam savet pri izboru proizvoda? | H2:Katalog | H2:Brendovi | H2:Podrška | H2:Kontakt","sr-Latn","Cosmos Lac Flame Orange FO-623 Crazy Green | Carsystem i R-M Inđija","Flame Orange FO-623 Crazy Green u Cosmos Lac katalogu. Proverite namenu i pošaljite upit Carsystem i R-M timu.","","summary","Cosmos Lac Flame Orange FO-623 Crazy Green | Carsystem i R-M Inđija","Flame Orange FO-623 Crazy Green u Cosmos Lac katalogu. Proverite namenu i pošaljite upit Carsystem i R-M timu.","","Brand | BreadcrumbList | ListItem | Product","true","168","1","","136","0","136","true","false"
"/proizvodi/cosmos-lac-flame-orange-fo-624-400-ml-flame-orange-fo-624-pistachio-light","200","true","","Cosmos Lac Flame Orange FO-624 Pistachio Light | Carsystem i R-M Inđija","71","1","Flame Orange FO-624 Pistachio Light u Cosmos Lac katalogu. Proverite namenu i pošaljite upit Carsystem i R-M timu.","114","1","http://localhost:3000/proizvodi/cosmos-lac-flame-orange-fo-624-400-ml-flame-orange-fo-624-pistachio-light","200","false","Cosmos Lac Flame Orange FO-624 Pistachio Light","1","H1:Cosmos Lac Flame Orange FO-624 Pistachio Light | H2:Dostupne boje | H2:Treba vam savet pri izboru proizvoda? | H2:Katalog | H2:Brendovi | H2:Podrška | H2:Kontakt","sr-Latn","Cosmos Lac Flame Orange FO-624 Pistachio Light | Carsystem i R-M Inđija","Flame Orange FO-624 Pistachio Light u Cosmos Lac katalogu. Proverite namenu i pošaljite upit Carsystem i R-M timu.","","summary","Cosmos Lac Flame Orange FO-624 Pistachio Light | Carsystem i R-M Inđija","Flame Orange FO-624 Pistachio Light u Cosmos Lac katalogu. Proverite namenu i pošaljite upit Carsystem i R-M timu.","","Brand | BreadcrumbList | ListItem | Product","true","168","1","","136","0","136","true","false"
"/proizvodi/cosmos-lac-flame-orange-fo-625-400-ml-flame-orange-fo-625-mustard","200","true","","Cosmos Lac Flame Orange FO-625 Mustard | Carsystem i R-M Inđija","63","1","Flame Orange FO-625 Mustard u Cosmos Lac katalogu. Proverite namenu i pošaljite upit Carsystem i R-M timu.","106","1","http://localhost:3000/proizvodi/cosmos-lac-flame-orange-fo-625-400-ml-flame-orange-fo-625-mustard","200","false","Cosmos Lac Flame Orange FO-625 Mustard","1","H1:Cosmos Lac Flame Orange FO-625 Mustard | H2:Dostupne boje | H2:Treba vam savet pri izboru proizvoda? | H2:Katalog | H2:Brendovi | H2:Podrška | H2:Kontakt","sr-Latn","Cosmos Lac Flame Orange FO-625 Mustard | Carsystem i R-M Inđija","Flame Orange FO-625 Mustard u Cosmos Lac katalogu. Proverite namenu i pošaljite upit Carsystem i R-M timu.","","summary","Cosmos Lac Flame Orange FO-625 Mustard | Carsystem i R-M Inđija","Flame Orange FO-625 Mustard u Cosmos Lac katalogu. Proverite namenu i pošaljite upit Carsystem i R-M timu.","","Brand | BreadcrumbList | ListItem | Product","true","168","1","","136","0","136","true","false"
"/proizvodi/cosmos-lac-flame-orange-fo-627-400-ml-flame-orange-fo-627-crazy-grass","200","true","","Cosmos Lac Flame Orange FO-627 Crazy Grass | Carsystem i R-M Inđija","67","1","Flame Orange FO-627 Crazy Grass u Cosmos Lac katalogu. Proverite namenu i pošaljite upit Carsystem i R-M timu.","110","1","http://localhost:3000/proizvodi/cosmos-lac-flame-orange-fo-627-400-ml-flame-orange-fo-627-crazy-grass","200","false","Cosmos Lac Flame Orange FO-627 Crazy Grass","1","H1:Cosmos Lac Flame Orange FO-627 Crazy Grass | H2:Dostupne boje | H2:Treba vam savet pri izboru proizvoda? | H2:Katalog | H2:Brendovi | H2:Podrška | H2:Kontakt","sr-Latn","Cosmos Lac Flame Orange FO-627 Crazy Grass | Carsystem i R-M Inđija","Flame Orange FO-627 Crazy Grass u Cosmos Lac katalogu. Proverite namenu i pošaljite upit Carsystem i R-M timu.","","summary","Cosmos Lac Flame Orange FO-627 Crazy Grass | Carsystem i R-M Inđija","Flame Orange FO-627 Crazy Grass u Cosmos Lac katalogu. Proverite namenu i pošaljite upit Carsystem i R-M timu.","","Brand | BreadcrumbList | ListItem | Product","true","168","1","","136","0","136","true","false"
"/proizvodi/cosmos-lac-flame-orange-fo-628-400-ml-flame-orange-fo-628-grass-green","200","true","","Cosmos Lac Flame Orange FO-628 Grass Green | Carsystem i R-M Inđija","67","1","Flame Orange FO-628 Grass Green u Cosmos Lac katalogu. Proverite namenu i pošaljite upit Carsystem i R-M timu.","110","1","http://localhost:3000/proizvodi/cosmos-lac-flame-orange-fo-628-400-ml-flame-orange-fo-628-grass-green","200","false","Cosmos Lac Flame Orange FO-628 Grass Green","1","H1:Cosmos Lac Flame Orange FO-628 Grass Green | H2:Dostupne boje | H2:Treba vam savet pri izboru proizvoda? | H2:Katalog | H2:Brendovi | H2:Podrška | H2:Kontakt","sr-Latn","Cosmos Lac Flame Orange FO-628 Grass Green | Carsystem i R-M Inđija","Flame Orange FO-628 Grass Green u Cosmos Lac katalogu. Proverite namenu i pošaljite upit Carsystem i R-M timu.","","summary","Cosmos Lac Flame Orange FO-628 Grass Green | Carsystem i R-M Inđija","Flame Orange FO-628 Grass Green u Cosmos Lac katalogu. Proverite namenu i pošaljite upit Carsystem i R-M timu.","","Brand | BreadcrumbList | ListItem | Product","true","168","1","","136","0","136","true","false"
"/proizvodi/cosmos-lac-flame-orange-fo-629-400-ml-flame-orange-fo-629-juice-green","200","true","","Cosmos Lac Flame Orange FO-629 Juice Green | Carsystem i R-M Inđija","67","1","Flame Orange FO-629 Juice Green u Cosmos Lac katalogu. Proverite namenu i pošaljite upit Carsystem i R-M timu.","110","1","http://localhost:3000/proizvodi/cosmos-lac-flame-orange-fo-629-400-ml-flame-orange-fo-629-juice-green","200","false","Cosmos Lac Flame Orange FO-629 Juice Green","1","H1:Cosmos Lac Flame Orange FO-629 Juice Green | H2:Dostupne boje | H2:Treba vam savet pri izboru proizvoda? | H2:Katalog | H2:Brendovi | H2:Podrška | H2:Kontakt","sr-Latn","Cosmos Lac Flame Orange FO-629 Juice Green | Carsystem i R-M Inđija","Flame Orange FO-629 Juice Green u Cosmos Lac katalogu. Proverite namenu i pošaljite upit Carsystem i R-M timu.","","summary","Cosmos Lac Flame Orange FO-629 Juice Green | Carsystem i R-M Inđija","Flame Orange FO-629 Juice Green u Cosmos Lac katalogu. Proverite namenu i pošaljite upit Carsystem i R-M timu.","","Brand | BreadcrumbList | ListItem | Product","true","168","1","","136","0","136","true","false"
"/proizvodi/cosmos-lac-flame-orange-fo-631-400-ml-flame-orange-fo-631-mustard-dark","200","true","","Cosmos Lac Flame Orange FO-631 Mustard Dark | Carsystem i R-M Inđija","68","1","Flame Orange FO-631 Mustard Dark u Cosmos Lac katalogu. Proverite namenu i pošaljite upit Carsystem i R-M timu.","111","1","http://localhost:3000/proizvodi/cosmos-lac-flame-orange-fo-631-400-ml-flame-orange-fo-631-mustard-dark","200","false","Cosmos Lac Flame Orange FO-631 Mustard Dark","1","H1:Cosmos Lac Flame Orange FO-631 Mustard Dark | H2:Dostupne boje | H2:Treba vam savet pri izboru proizvoda? | H2:Katalog | H2:Brendovi | H2:Podrška | H2:Kontakt","sr-Latn","Cosmos Lac Flame Orange FO-631 Mustard Dark | Carsystem i R-M Inđija","Flame Orange FO-631 Mustard Dark u Cosmos Lac katalogu. Proverite namenu i pošaljite upit Carsystem i R-M timu.","","summary","Cosmos Lac Flame Orange FO-631 Mustard Dark | Carsystem i R-M Inđija","Flame Orange FO-631 Mustard Dark u Cosmos Lac katalogu. Proverite namenu i pošaljite upit Carsystem i R-M timu.","","Brand | BreadcrumbList | ListItem | Product","true","168","1","","136","0","136","true","false"
"/proizvodi/cosmos-lac-flame-orange-fo-632-400-ml-flame-orange-fo-632-leaf-green","200","true","","Cosmos Lac Flame Orange FO-632 Leaf Green | Carsystem i R-M Inđija","66","1","Flame Orange FO-632 Leaf Green u Cosmos Lac katalogu. Proverite namenu i pošaljite upit Carsystem i R-M timu.","109","1","http://localhost:3000/proizvodi/cosmos-lac-flame-orange-fo-632-400-ml-flame-orange-fo-632-leaf-green","200","false","Cosmos Lac Flame Orange FO-632 Leaf Green","1","H1:Cosmos Lac Flame Orange FO-632 Leaf Green | H2:Dostupne boje | H2:Treba vam savet pri izboru proizvoda? | H2:Katalog | H2:Brendovi | H2:Podrška | H2:Kontakt","sr-Latn","Cosmos Lac Flame Orange FO-632 Leaf Green | Carsystem i R-M Inđija","Flame Orange FO-632 Leaf Green u Cosmos Lac katalogu. Proverite namenu i pošaljite upit Carsystem i R-M timu.","","summary","Cosmos Lac Flame Orange FO-632 Leaf Green | Carsystem i R-M Inđija","Flame Orange FO-632 Leaf Green u Cosmos Lac katalogu. Proverite namenu i pošaljite upit Carsystem i R-M timu.","","Brand | BreadcrumbList | ListItem | Product","true","168","1","","136","0","136","true","false"
"/proizvodi/cosmos-lac-flame-orange-fo-633-400-ml-flame-orange-fo-633-khaki-green","200","true","","Cosmos Lac Flame Orange FO-633 Khaki Green | Carsystem i R-M Inđija","67","1","Flame Orange FO-633 Khaki Green u Cosmos Lac katalogu. Proverite namenu i pošaljite upit Carsystem i R-M timu.","110","1","http://localhost:3000/proizvodi/cosmos-lac-flame-orange-fo-633-400-ml-flame-orange-fo-633-khaki-green","200","false","Cosmos Lac Flame Orange FO-633 Khaki Green","1","H1:Cosmos Lac Flame Orange FO-633 Khaki Green | H2:Dostupne boje | H2:Treba vam savet pri izboru proizvoda? | H2:Katalog | H2:Brendovi | H2:Podrška | H2:Kontakt","sr-Latn","Cosmos Lac Flame Orange FO-633 Khaki Green | Carsystem i R-M Inđija","Flame Orange FO-633 Khaki Green u Cosmos Lac katalogu. Proverite namenu i pošaljite upit Carsystem i R-M timu.","","summary","Cosmos Lac Flame Orange FO-633 Khaki Green | Carsystem i R-M Inđija","Flame Orange FO-633 Khaki Green u Cosmos Lac katalogu. Proverite namenu i pošaljite upit Carsystem i R-M timu.","","Brand | BreadcrumbList | ListItem | Product","true","168","1","","136","0","136","true","false"
"/proizvodi/cosmos-lac-flame-orange-fo-636-400-ml-flame-orange-fo-636-fir-green","200","true","","Cosmos Lac Flame Orange FO-636 Fir Green | Carsystem i R-M Inđija","65","1","Flame Orange FO-636 Fir Green u Cosmos Lac katalogu. Proverite namenu i pošaljite upit Carsystem i R-M timu.","108","1","http://localhost:3000/proizvodi/cosmos-lac-flame-orange-fo-636-400-ml-flame-orange-fo-636-fir-green","200","false","Cosmos Lac Flame Orange FO-636 Fir Green","1","H1:Cosmos Lac Flame Orange FO-636 Fir Green | H2:Dostupne boje | H2:Treba vam savet pri izboru proizvoda? | H2:Katalog | H2:Brendovi | H2:Podrška | H2:Kontakt","sr-Latn","Cosmos Lac Flame Orange FO-636 Fir Green | Carsystem i R-M Inđija","Flame Orange FO-636 Fir Green u Cosmos Lac katalogu. Proverite namenu i pošaljite upit Carsystem i R-M timu.","","summary","Cosmos Lac Flame Orange FO-636 Fir Green | Carsystem i R-M Inđija","Flame Orange FO-636 Fir Green u Cosmos Lac katalogu. Proverite namenu i pošaljite upit Carsystem i R-M timu.","","Brand | BreadcrumbList | ListItem | Product","true","168","1","","136","0","136","true","false"
"/proizvodi/cosmos-lac-flame-orange-fo-637-400-ml-flame-orange-fo-637-pear-light","200","true","","Cosmos Lac Flame Orange FO-637 Pear Light | Carsystem i R-M Inđija","66","1","Flame Orange FO-637 Pear Light u Cosmos Lac katalogu. Proverite namenu i pošaljite upit Carsystem i R-M timu.","109","1","http://localhost:3000/proizvodi/cosmos-lac-flame-orange-fo-637-400-ml-flame-orange-fo-637-pear-light","200","false","Cosmos Lac Flame Orange FO-637 Pear Light","1","H1:Cosmos Lac Flame Orange FO-637 Pear Light | H2:Dostupne boje | H2:Treba vam savet pri izboru proizvoda? | H2:Katalog | H2:Brendovi | H2:Podrška | H2:Kontakt","sr-Latn","Cosmos Lac Flame Orange FO-637 Pear Light | Carsystem i R-M Inđija","Flame Orange FO-637 Pear Light u Cosmos Lac katalogu. Proverite namenu i pošaljite upit Carsystem i R-M timu.","","summary","Cosmos Lac Flame Orange FO-637 Pear Light | Carsystem i R-M Inđija","Flame Orange FO-637 Pear Light u Cosmos Lac katalogu. Proverite namenu i pošaljite upit Carsystem i R-M timu.","","Brand | BreadcrumbList | ListItem | Product","true","168","1","","136","0","136","true","false"
"/proizvodi/cosmos-lac-flame-orange-fo-639-400-ml-flame-orange-fo-639-pear","200","true","","Cosmos Lac Flame Orange FO-639 Pear | Carsystem i R-M Inđija","60","1","Flame Orange FO-639 Pear u Cosmos Lac katalogu. Proverite namenu i pošaljite upit Carsystem i R-M timu.","103","1","http://localhost:3000/proizvodi/cosmos-lac-flame-orange-fo-639-400-ml-flame-orange-fo-639-pear","200","false","Cosmos Lac Flame Orange FO-639 Pear","1","H1:Cosmos Lac Flame Orange FO-639 Pear | H2:Dostupne boje | H2:Treba vam savet pri izboru proizvoda? | H2:Katalog | H2:Brendovi | H2:Podrška | H2:Kontakt","sr-Latn","Cosmos Lac Flame Orange FO-639 Pear | Carsystem i R-M Inđija","Flame Orange FO-639 Pear u Cosmos Lac katalogu. Proverite namenu i pošaljite upit Carsystem i R-M timu.","","summary","Cosmos Lac Flame Orange FO-639 Pear | Carsystem i R-M Inđija","Flame Orange FO-639 Pear u Cosmos Lac katalogu. Proverite namenu i pošaljite upit Carsystem i R-M timu.","","Brand | BreadcrumbList | ListItem | Product","true","168","1","","136","0","136","true","false"
"/proizvodi/cosmos-lac-flame-orange-fo-640-400-ml-flame-orange-fo-640-kiwi-light","200","true","","Cosmos Lac Flame Orange FO-640 Kiwi Light | Carsystem i R-M Inđija","66","1","Flame Orange FO-640 Kiwi Light u Cosmos Lac katalogu. Proverite namenu i pošaljite upit Carsystem i R-M timu.","109","1","http://localhost:3000/proizvodi/cosmos-lac-flame-orange-fo-640-400-ml-flame-orange-fo-640-kiwi-light","200","false","Cosmos Lac Flame Orange FO-640 Kiwi Light","1","H1:Cosmos Lac Flame Orange FO-640 Kiwi Light | H2:Dostupne boje | H2:Treba vam savet pri izboru proizvoda? | H2:Katalog | H2:Brendovi | H2:Podrška | H2:Kontakt","sr-Latn","Cosmos Lac Flame Orange FO-640 Kiwi Light | Carsystem i R-M Inđija","Flame Orange FO-640 Kiwi Light u Cosmos Lac katalogu. Proverite namenu i pošaljite upit Carsystem i R-M timu.","","summary","Cosmos Lac Flame Orange FO-640 Kiwi Light | Carsystem i R-M Inđija","Flame Orange FO-640 Kiwi Light u Cosmos Lac katalogu. Proverite namenu i pošaljite upit Carsystem i R-M timu.","","Brand | BreadcrumbList | ListItem | Product","true","168","1","","136","0","136","true","false"
"/proizvodi/cosmos-lac-flame-orange-fo-641-400-ml-flame-orange-fo-641-pear-dark","200","true","","Cosmos Lac Flame Orange FO-641 Pear Dark | Carsystem i R-M Inđija","65","1","Flame Orange FO-641 Pear Dark u Cosmos Lac katalogu. Proverite namenu i pošaljite upit Carsystem i R-M timu.","108","1","http://localhost:3000/proizvodi/cosmos-lac-flame-orange-fo-641-400-ml-flame-orange-fo-641-pear-dark","200","false","Cosmos Lac Flame Orange FO-641 Pear Dark","1","H1:Cosmos Lac Flame Orange FO-641 Pear Dark | H2:Dostupne boje | H2:Treba vam savet pri izboru proizvoda? | H2:Katalog | H2:Brendovi | H2:Podrška | H2:Kontakt","sr-Latn","Cosmos Lac Flame Orange FO-641 Pear Dark | Carsystem i R-M Inđija","Flame Orange FO-641 Pear Dark u Cosmos Lac katalogu. Proverite namenu i pošaljite upit Carsystem i R-M timu.","","summary","Cosmos Lac Flame Orange FO-641 Pear Dark | Carsystem i R-M Inđija","Flame Orange FO-641 Pear Dark u Cosmos Lac katalogu. Proverite namenu i pošaljite upit Carsystem i R-M timu.","","Brand | BreadcrumbList | ListItem | Product","true","168","1","","136","0","136","true","false"
"/proizvodi/cosmos-lac-flame-orange-fo-642-400-ml-flame-orange-fo-642-kiwi","200","true","","Cosmos Lac Flame Orange FO-642 Kiwi | Carsystem i R-M Inđija","60","1","Flame Orange FO-642 Kiwi u Cosmos Lac katalogu. Proverite namenu i pošaljite upit Carsystem i R-M timu.","103","1","http://localhost:3000/proizvodi/cosmos-lac-flame-orange-fo-642-400-ml-flame-orange-fo-642-kiwi","200","false","Cosmos Lac Flame Orange FO-642 Kiwi","1","H1:Cosmos Lac Flame Orange FO-642 Kiwi | H2:Dostupne boje | H2:Treba vam savet pri izboru proizvoda? | H2:Katalog | H2:Brendovi | H2:Podrška | H2:Kontakt","sr-Latn","Cosmos Lac Flame Orange FO-642 Kiwi | Carsystem i R-M Inđija","Flame Orange FO-642 Kiwi u Cosmos Lac katalogu. Proverite namenu i pošaljite upit Carsystem i R-M timu.","","summary","Cosmos Lac Flame Orange FO-642 Kiwi | Carsystem i R-M Inđija","Flame Orange FO-642 Kiwi u Cosmos Lac katalogu. Proverite namenu i pošaljite upit Carsystem i R-M timu.","","Brand | BreadcrumbList | ListItem | Product","true","168","1","","136","0","136","true","false"
"/proizvodi/cosmos-lac-flame-orange-fo-644-400-ml-flame-orange-fo-644-kiwi-dark","200","true","","Cosmos Lac Flame Orange FO-644 Kiwi Dark | Carsystem i R-M Inđija","65","1","Flame Orange FO-644 Kiwi Dark u Cosmos Lac katalogu. Proverite namenu i pošaljite upit Carsystem i R-M timu.","108","1","http://localhost:3000/proizvodi/cosmos-lac-flame-orange-fo-644-400-ml-flame-orange-fo-644-kiwi-dark","200","false","Cosmos Lac Flame Orange FO-644 Kiwi Dark","1","H1:Cosmos Lac Flame Orange FO-644 Kiwi Dark | H2:Dostupne boje | H2:Treba vam savet pri izboru proizvoda? | H2:Katalog | H2:Brendovi | H2:Podrška | H2:Kontakt","sr-Latn","Cosmos Lac Flame Orange FO-644 Kiwi Dark | Carsystem i R-M Inđija","Flame Orange FO-644 Kiwi Dark u Cosmos Lac katalogu. Proverite namenu i pošaljite upit Carsystem i R-M timu.","","summary","Cosmos Lac Flame Orange FO-644 Kiwi Dark | Carsystem i R-M Inđija","Flame Orange FO-644 Kiwi Dark u Cosmos Lac katalogu. Proverite namenu i pošaljite upit Carsystem i R-M timu.","","Brand | BreadcrumbList | ListItem | Product","true","168","1","","136","0","136","true","false"
"/proizvodi/cosmos-lac-flame-orange-fo-663-400-ml-flame-orange-fo-663-mint","200","true","","Cosmos Lac Flame Orange FO-663 Mint | Carsystem i R-M Inđija","60","1","Flame Orange FO-663 Mint u Cosmos Lac katalogu. Proverite namenu i pošaljite upit Carsystem i R-M timu.","103","1","http://localhost:3000/proizvodi/cosmos-lac-flame-orange-fo-663-400-ml-flame-orange-fo-663-mint","200","false","Cosmos Lac Flame Orange FO-663 Mint","1","H1:Cosmos Lac Flame Orange FO-663 Mint | H2:Dostupne boje | H2:Treba vam savet pri izboru proizvoda? | H2:Katalog | H2:Brendovi | H2:Podrška | H2:Kontakt","sr-Latn","Cosmos Lac Flame Orange FO-663 Mint | Carsystem i R-M Inđija","Flame Orange FO-663 Mint u Cosmos Lac katalogu. Proverite namenu i pošaljite upit Carsystem i R-M timu.","","summary","Cosmos Lac Flame Orange FO-663 Mint | Carsystem i R-M Inđija","Flame Orange FO-663 Mint u Cosmos Lac katalogu. Proverite namenu i pošaljite upit Carsystem i R-M timu.","","Brand | BreadcrumbList | ListItem | Product","true","168","1","","136","0","136","true","false"
"/proizvodi/cosmos-lac-flame-orange-fo-664-400-ml-flame-orange-fo-664-menthol-light","200","true","","Cosmos Lac Flame Orange FO-664 Menthol Light | Carsystem i R-M Inđija","69","1","Flame Orange FO-664 Menthol Light u Cosmos Lac katalogu. Proverite namenu i pošaljite upit Carsystem i R-M timu.","112","1","http://localhost:3000/proizvodi/cosmos-lac-flame-orange-fo-664-400-ml-flame-orange-fo-664-menthol-light","200","false","Cosmos Lac Flame Orange FO-664 Menthol Light","1","H1:Cosmos Lac Flame Orange FO-664 Menthol Light | H2:Dostupne boje | H2:Treba vam savet pri izboru proizvoda? | H2:Katalog | H2:Brendovi | H2:Podrška | H2:Kontakt","sr-Latn","Cosmos Lac Flame Orange FO-664 Menthol Light | Carsystem i R-M Inđija","Flame Orange FO-664 Menthol Light u Cosmos Lac katalogu. Proverite namenu i pošaljite upit Carsystem i R-M timu.","","summary","Cosmos Lac Flame Orange FO-664 Menthol Light | Carsystem i R-M Inđija","Flame Orange FO-664 Menthol Light u Cosmos Lac katalogu. Proverite namenu i pošaljite upit Carsystem i R-M timu.","","Brand | BreadcrumbList | ListItem | Product","true","168","1","","136","0","136","true","false"
"/proizvodi/cosmos-lac-flame-orange-fo-666-400-ml-flame-orange-fo-666-menthol","200","true","","Cosmos Lac Flame Orange FO-666 Menthol | Carsystem i R-M Inđija","63","1","Flame Orange FO-666 Menthol u Cosmos Lac katalogu. Proverite namenu i pošaljite upit Carsystem i R-M timu.","106","1","http://localhost:3000/proizvodi/cosmos-lac-flame-orange-fo-666-400-ml-flame-orange-fo-666-menthol","200","false","Cosmos Lac Flame Orange FO-666 Menthol","1","H1:Cosmos Lac Flame Orange FO-666 Menthol | H2:Dostupne boje | H2:Treba vam savet pri izboru proizvoda? | H2:Katalog | H2:Brendovi | H2:Podrška | H2:Kontakt","sr-Latn","Cosmos Lac Flame Orange FO-666 Menthol | Carsystem i R-M Inđija","Flame Orange FO-666 Menthol u Cosmos Lac katalogu. Proverite namenu i pošaljite upit Carsystem i R-M timu.","","summary","Cosmos Lac Flame Orange FO-666 Menthol | Carsystem i R-M Inđija","Flame Orange FO-666 Menthol u Cosmos Lac katalogu. Proverite namenu i pošaljite upit Carsystem i R-M timu.","","Brand | BreadcrumbList | ListItem | Product","true","168","1","","136","0","136","true","false"
"/proizvodi/cosmos-lac-flame-orange-fo-667-400-ml-flame-orange-fo-667-crazy-menthol","200","true","","Cosmos Lac Flame Orange FO-667 Crazy Menthol | Carsystem i R-M Inđija","69","1","Flame Orange FO-667 Crazy Menthol u Cosmos Lac katalogu. Proverite namenu i pošaljite upit Carsystem i R-M timu.","112","1","http://localhost:3000/proizvodi/cosmos-lac-flame-orange-fo-667-400-ml-flame-orange-fo-667-crazy-menthol","200","false","Cosmos Lac Flame Orange FO-667 Crazy Menthol","1","H1:Cosmos Lac Flame Orange FO-667 Crazy Menthol | H2:Dostupne boje | H2:Treba vam savet pri izboru proizvoda? | H2:Katalog | H2:Brendovi | H2:Podrška | H2:Kontakt","sr-Latn","Cosmos Lac Flame Orange FO-667 Crazy Menthol | Carsystem i R-M Inđija","Flame Orange FO-667 Crazy Menthol u Cosmos Lac katalogu. Proverite namenu i pošaljite upit Carsystem i R-M timu.","","summary","Cosmos Lac Flame Orange FO-667 Crazy Menthol | Carsystem i R-M Inđija","Flame Orange FO-667 Crazy Menthol u Cosmos Lac katalogu. Proverite namenu i pošaljite upit Carsystem i R-M timu.","","Brand | BreadcrumbList | ListItem | Product","true","168","1","","136","0","136","true","false"
"/proizvodi/cosmos-lac-flame-orange-fo-670-400-ml-flame-orange-fo-670-turquoise-light","200","true","","Cosmos Lac Flame Orange FO-670 Turquoise Light | Carsystem i R-M Inđija","71","1","Flame Orange FO-670 Turquoise Light u Cosmos Lac katalogu. Proverite namenu i pošaljite upit Carsystem i R-M timu.","114","1","http://localhost:3000/proizvodi/cosmos-lac-flame-orange-fo-670-400-ml-flame-orange-fo-670-turquoise-light","200","false","Cosmos Lac Flame Orange FO-670 Turquoise Light","1","H1:Cosmos Lac Flame Orange FO-670 Turquoise Light | H2:Dostupne boje | H2:Treba vam savet pri izboru proizvoda? | H2:Katalog | H2:Brendovi | H2:Podrška | H2:Kontakt","sr-Latn","Cosmos Lac Flame Orange FO-670 Turquoise Light | Carsystem i R-M Inđija","Flame Orange FO-670 Turquoise Light u Cosmos Lac katalogu. Proverite namenu i pošaljite upit Carsystem i R-M timu.","","summary","Cosmos Lac Flame Orange FO-670 Turquoise Light | Carsystem i R-M Inđija","Flame Orange FO-670 Turquoise Light u Cosmos Lac katalogu. Proverite namenu i pošaljite upit Carsystem i R-M timu.","","Brand | BreadcrumbList | ListItem | Product","true","168","1","","136","0","136","true","false"
"/proizvodi/cosmos-lac-flame-orange-fo-672-400-ml-flame-orange-fo-672-turquoise","200","true","","Cosmos Lac Flame Orange FO-672 Turquoise | Carsystem i R-M Inđija","65","1","Flame Orange FO-672 Turquoise u Cosmos Lac katalogu. Proverite namenu i pošaljite upit Carsystem i R-M timu.","108","1","http://localhost:3000/proizvodi/cosmos-lac-flame-orange-fo-672-400-ml-flame-orange-fo-672-turquoise","200","false","Cosmos Lac Flame Orange FO-672 Turquoise","1","H1:Cosmos Lac Flame Orange FO-672 Turquoise | H2:Dostupne boje | H2:Treba vam savet pri izboru proizvoda? | H2:Katalog | H2:Brendovi | H2:Podrška | H2:Kontakt","sr-Latn","Cosmos Lac Flame Orange FO-672 Turquoise | Carsystem i R-M Inđija","Flame Orange FO-672 Turquoise u Cosmos Lac katalogu. Proverite namenu i pošaljite upit Carsystem i R-M timu.","","summary","Cosmos Lac Flame Orange FO-672 Turquoise | Carsystem i R-M Inđija","Flame Orange FO-672 Turquoise u Cosmos Lac katalogu. Proverite namenu i pošaljite upit Carsystem i R-M timu.","","Brand | BreadcrumbList | ListItem | Product","true","168","1","","136","0","136","true","false"
"/proizvodi/cosmos-lac-flame-orange-fo-675-400-ml-flame-orange-fo-675-emerald-green","200","true","","Cosmos Lac Flame Orange FO-675 Emerald Green | Carsystem i R-M Inđija","69","1","Flame Orange FO-675 Emerald Green u Cosmos Lac katalogu. Proverite namenu i pošaljite upit Carsystem i R-M timu.","112","1","http://localhost:3000/proizvodi/cosmos-lac-flame-orange-fo-675-400-ml-flame-orange-fo-675-emerald-green","200","false","Cosmos Lac Flame Orange FO-675 Emerald Green","1","H1:Cosmos Lac Flame Orange FO-675 Emerald Green | H2:Dostupne boje | H2:Treba vam savet pri izboru proizvoda? | H2:Katalog | H2:Brendovi | H2:Podrška | H2:Kontakt","sr-Latn","Cosmos Lac Flame Orange FO-675 Emerald Green | Carsystem i R-M Inđija","Flame Orange FO-675 Emerald Green u Cosmos Lac katalogu. Proverite namenu i pošaljite upit Carsystem i R-M timu.","","summary","Cosmos Lac Flame Orange FO-675 Emerald Green | Carsystem i R-M Inđija","Flame Orange FO-675 Emerald Green u Cosmos Lac katalogu. Proverite namenu i pošaljite upit Carsystem i R-M timu.","","Brand | BreadcrumbList | ListItem | Product","true","168","1","","136","0","136","true","false"
"/proizvodi/cosmos-lac-flame-orange-fo-697-400-ml-flame-orange-fo-697-cocoa-light","200","true","","Cosmos Lac Flame Orange FO-697 Cocoa Light | Carsystem i R-M Inđija","67","1","Flame Orange FO-697 Cocoa Light u Cosmos Lac katalogu. Proverite namenu i pošaljite upit Carsystem i R-M timu.","110","1","http://localhost:3000/proizvodi/cosmos-lac-flame-orange-fo-697-400-ml-flame-orange-fo-697-cocoa-light","200","false","Cosmos Lac Flame Orange FO-697 Cocoa Light","1","H1:Cosmos Lac Flame Orange FO-697 Cocoa Light | H2:Dostupne boje | H2:Treba vam savet pri izboru proizvoda? | H2:Katalog | H2:Brendovi | H2:Podrška | H2:Kontakt","sr-Latn","Cosmos Lac Flame Orange FO-697 Cocoa Light | Carsystem i R-M Inđija","Flame Orange FO-697 Cocoa Light u Cosmos Lac katalogu. Proverite namenu i pošaljite upit Carsystem i R-M timu.","","summary","Cosmos Lac Flame Orange FO-697 Cocoa Light | Carsystem i R-M Inđija","Flame Orange FO-697 Cocoa Light u Cosmos Lac katalogu. Proverite namenu i pošaljite upit Carsystem i R-M timu.","","Brand | BreadcrumbList | ListItem | Product","true","168","1","","136","0","136","true","false"
"/proizvodi/cosmos-lac-flame-orange-fo-698-400-ml-flame-orange-fo-698-cocoa","200","true","","Cosmos Lac Flame Orange FO-698 Cocoa | Carsystem i R-M Inđija","61","1","Flame Orange FO-698 Cocoa u Cosmos Lac katalogu. Proverite namenu i pošaljite upit Carsystem i R-M timu.","104","1","http://localhost:3000/proizvodi/cosmos-lac-flame-orange-fo-698-400-ml-flame-orange-fo-698-cocoa","200","false","Cosmos Lac Flame Orange FO-698 Cocoa","1","H1:Cosmos Lac Flame Orange FO-698 Cocoa | H2:Dostupne boje | H2:Treba vam savet pri izboru proizvoda? | H2:Katalog | H2:Brendovi | H2:Podrška | H2:Kontakt","sr-Latn","Cosmos Lac Flame Orange FO-698 Cocoa | Carsystem i R-M Inđija","Flame Orange FO-698 Cocoa u Cosmos Lac katalogu. Proverite namenu i pošaljite upit Carsystem i R-M timu.","","summary","Cosmos Lac Flame Orange FO-698 Cocoa | Carsystem i R-M Inđija","Flame Orange FO-698 Cocoa u Cosmos Lac katalogu. Proverite namenu i pošaljite upit Carsystem i R-M timu.","","Brand | BreadcrumbList | ListItem | Product","true","168","1","","136","0","136","true","false"
"/proizvodi/cosmos-lac-flame-orange-fo-699-400-ml-flame-orange-fo-699-brown-red","200","true","","Cosmos Lac Flame Orange FO-699 Brown Red | Carsystem i R-M Inđija","65","1","Flame Orange FO-699 Brown Red u Cosmos Lac katalogu. Proverite namenu i pošaljite upit Carsystem i R-M timu.","108","1","http://localhost:3000/proizvodi/cosmos-lac-flame-orange-fo-699-400-ml-flame-orange-fo-699-brown-red","200","false","Cosmos Lac Flame Orange FO-699 Brown Red","1","H1:Cosmos Lac Flame Orange FO-699 Brown Red | H2:Dostupne boje | H2:Treba vam savet pri izboru proizvoda? | H2:Katalog | H2:Brendovi | H2:Podrška | H2:Kontakt","sr-Latn","Cosmos Lac Flame Orange FO-699 Brown Red | Carsystem i R-M Inđija","Flame Orange FO-699 Brown Red u Cosmos Lac katalogu. Proverite namenu i pošaljite upit Carsystem i R-M timu.","","summary","Cosmos Lac Flame Orange FO-699 Brown Red | Carsystem i R-M Inđija","Flame Orange FO-699 Brown Red u Cosmos Lac katalogu. Proverite namenu i pošaljite upit Carsystem i R-M timu.","","Brand | BreadcrumbList | ListItem | Product","true","168","1","","136","0","136","true","false"
"/proizvodi/cosmos-lac-flame-orange-fo-702-400-ml-flame-orange-fo-702-ivory-light","200","true","","Cosmos Lac Flame Orange FO-702 Ivory Light | Carsystem i R-M Inđija","67","1","Flame Orange FO-702 Ivory Light u Cosmos Lac katalogu. Proverite namenu i pošaljite upit Carsystem i R-M timu.","110","1","http://localhost:3000/proizvodi/cosmos-lac-flame-orange-fo-702-400-ml-flame-orange-fo-702-ivory-light","200","false","Cosmos Lac Flame Orange FO-702 Ivory Light","1","H1:Cosmos Lac Flame Orange FO-702 Ivory Light | H2:Dostupne boje | H2:Treba vam savet pri izboru proizvoda? | H2:Katalog | H2:Brendovi | H2:Podrška | H2:Kontakt","sr-Latn","Cosmos Lac Flame Orange FO-702 Ivory Light | Carsystem i R-M Inđija","Flame Orange FO-702 Ivory Light u Cosmos Lac katalogu. Proverite namenu i pošaljite upit Carsystem i R-M timu.","","summary","Cosmos Lac Flame Orange FO-702 Ivory Light | Carsystem i R-M Inđija","Flame Orange FO-702 Ivory Light u Cosmos Lac katalogu. Proverite namenu i pošaljite upit Carsystem i R-M timu.","","Brand | BreadcrumbList | ListItem | Product","true","168","1","","136","0","136","true","false"
"/proizvodi/cosmos-lac-flame-orange-fo-703-400-ml-flame-orange-fo-703-milk-coffee","200","true","","Cosmos Lac Flame Orange FO-703 Milk Coffee | Carsystem i R-M Inđija","67","1","Flame Orange FO-703 Milk Coffee u Cosmos Lac katalogu. Proverite namenu i pošaljite upit Carsystem i R-M timu.","110","1","http://localhost:3000/proizvodi/cosmos-lac-flame-orange-fo-703-400-ml-flame-orange-fo-703-milk-coffee","200","false","Cosmos Lac Flame Orange FO-703 Milk Coffee","1","H1:Cosmos Lac Flame Orange FO-703 Milk Coffee | H2:Dostupne boje | H2:Treba vam savet pri izboru proizvoda? | H2:Katalog | H2:Brendovi | H2:Podrška | H2:Kontakt","sr-Latn","Cosmos Lac Flame Orange FO-703 Milk Coffee | Carsystem i R-M Inđija","Flame Orange FO-703 Milk Coffee u Cosmos Lac katalogu. Proverite namenu i pošaljite upit Carsystem i R-M timu.","","summary","Cosmos Lac Flame Orange FO-703 Milk Coffee | Carsystem i R-M Inđija","Flame Orange FO-703 Milk Coffee u Cosmos Lac katalogu. Proverite namenu i pošaljite upit Carsystem i R-M timu.","","Brand | BreadcrumbList | ListItem | Product","true","168","1","","136","0","136","true","false"
"/proizvodi/cosmos-lac-flame-orange-fo-704-400-ml-flame-orange-fo-704-beige-brown","200","true","","Cosmos Lac Flame Orange FO-704 Beige Brown | Carsystem i R-M Inđija","67","1","Flame Orange FO-704 Beige Brown u Cosmos Lac katalogu. Proverite namenu i pošaljite upit Carsystem i R-M timu.","110","1","http://localhost:3000/proizvodi/cosmos-lac-flame-orange-fo-704-400-ml-flame-orange-fo-704-beige-brown","200","false","Cosmos Lac Flame Orange FO-704 Beige Brown","1","H1:Cosmos Lac Flame Orange FO-704 Beige Brown | H2:Dostupne boje | H2:Treba vam savet pri izboru proizvoda? | H2:Katalog | H2:Brendovi | H2:Podrška | H2:Kontakt","sr-Latn","Cosmos Lac Flame Orange FO-704 Beige Brown | Carsystem i R-M Inđija","Flame Orange FO-704 Beige Brown u Cosmos Lac katalogu. Proverite namenu i pošaljite upit Carsystem i R-M timu.","","summary","Cosmos Lac Flame Orange FO-704 Beige Brown | Carsystem i R-M Inđija","Flame Orange FO-704 Beige Brown u Cosmos Lac katalogu. Proverite namenu i pošaljite upit Carsystem i R-M timu.","","Brand | BreadcrumbList | ListItem | Product","true","168","1","","136","0","136","true","false"
"/proizvodi/cosmos-lac-flame-orange-fo-706-400-ml-flame-orange-fo-706-ocher","200","true","","Cosmos Lac Flame Orange FO-706 Ocher | Carsystem i R-M Inđija","61","1","Flame Orange FO-706 Ocher u Cosmos Lac katalogu. Proverite namenu i pošaljite upit Carsystem i R-M timu.","104","1","http://localhost:3000/proizvodi/cosmos-lac-flame-orange-fo-706-400-ml-flame-orange-fo-706-ocher","200","false","Cosmos Lac Flame Orange FO-706 Ocher","1","H1:Cosmos Lac Flame Orange FO-706 Ocher | H2:Dostupne boje | H2:Treba vam savet pri izboru proizvoda? | H2:Katalog | H2:Brendovi | H2:Podrška | H2:Kontakt","sr-Latn","Cosmos Lac Flame Orange FO-706 Ocher | Carsystem i R-M Inđija","Flame Orange FO-706 Ocher u Cosmos Lac katalogu. Proverite namenu i pošaljite upit Carsystem i R-M timu.","","summary","Cosmos Lac Flame Orange FO-706 Ocher | Carsystem i R-M Inđija","Flame Orange FO-706 Ocher u Cosmos Lac katalogu. Proverite namenu i pošaljite upit Carsystem i R-M timu.","","Brand | BreadcrumbList | ListItem | Product","true","168","1","","136","0","136","true","false"
"/proizvodi/cosmos-lac-flame-orange-fo-708-400-ml-flame-orange-fo-708-nut","200","true","","Cosmos Lac Flame Orange FO-708 Nut | Carsystem i R-M Inđija","59","1","Flame Orange FO-708 Nut u Cosmos Lac katalogu. Proverite namenu i pošaljite upit Carsystem i R-M timu.","102","1","http://localhost:3000/proizvodi/cosmos-lac-flame-orange-fo-708-400-ml-flame-orange-fo-708-nut","200","false","Cosmos Lac Flame Orange FO-708 Nut","1","H1:Cosmos Lac Flame Orange FO-708 Nut | H2:Dostupne boje | H2:Treba vam savet pri izboru proizvoda? | H2:Katalog | H2:Brendovi | H2:Podrška | H2:Kontakt","sr-Latn","Cosmos Lac Flame Orange FO-708 Nut | Carsystem i R-M Inđija","Flame Orange FO-708 Nut u Cosmos Lac katalogu. Proverite namenu i pošaljite upit Carsystem i R-M timu.","","summary","Cosmos Lac Flame Orange FO-708 Nut | Carsystem i R-M Inđija","Flame Orange FO-708 Nut u Cosmos Lac katalogu. Proverite namenu i pošaljite upit Carsystem i R-M timu.","","Brand | BreadcrumbList | ListItem | Product","true","168","1","","136","0","136","true","false"
"/proizvodi/cosmos-lac-flame-orange-fo-710-400-ml-flame-orange-fo-710-chocolate","200","true","","Cosmos Lac Flame Orange FO-710 Chocolate | Carsystem i R-M Inđija","65","1","Flame Orange FO-710 Chocolate u Cosmos Lac katalogu. Proverite namenu i pošaljite upit Carsystem i R-M timu.","108","1","http://localhost:3000/proizvodi/cosmos-lac-flame-orange-fo-710-400-ml-flame-orange-fo-710-chocolate","200","false","Cosmos Lac Flame Orange FO-710 Chocolate","1","H1:Cosmos Lac Flame Orange FO-710 Chocolate | H2:Dostupne boje | H2:Treba vam savet pri izboru proizvoda? | H2:Katalog | H2:Brendovi | H2:Podrška | H2:Kontakt","sr-Latn","Cosmos Lac Flame Orange FO-710 Chocolate | Carsystem i R-M Inđija","Flame Orange FO-710 Chocolate u Cosmos Lac katalogu. Proverite namenu i pošaljite upit Carsystem i R-M timu.","","summary","Cosmos Lac Flame Orange FO-710 Chocolate | Carsystem i R-M Inđija","Flame Orange FO-710 Chocolate u Cosmos Lac katalogu. Proverite namenu i pošaljite upit Carsystem i R-M timu.","","Brand | BreadcrumbList | ListItem | Product","true","168","1","","136","0","136","true","false"
"/proizvodi/cosmos-lac-flame-orange-fo-732-400-ml-flame-orange-fo-732-grey-beige-light","200","true","","Cosmos Lac Flame Orange FO-732 Grey Beige Light | Carsystem i R-M Inđija","72","1","Flame Orange FO-732 Grey Beige Light u Cosmos Lac katalogu. Proverite namenu i pošaljite upit Carsystem i R-M timu.","115","1","http://localhost:3000/proizvodi/cosmos-lac-flame-orange-fo-732-400-ml-flame-orange-fo-732-grey-beige-light","200","false","Cosmos Lac Flame Orange FO-732 Grey Beige Light","1","H1:Cosmos Lac Flame Orange FO-732 Grey Beige Light | H2:Dostupne boje | H2:Treba vam savet pri izboru proizvoda? | H2:Katalog | H2:Brendovi | H2:Podrška | H2:Kontakt","sr-Latn","Cosmos Lac Flame Orange FO-732 Grey Beige Light | Carsystem i R-M Inđija","Flame Orange FO-732 Grey Beige Light u Cosmos Lac katalogu. Proverite namenu i pošaljite upit Carsystem i R-M timu.","","summary","Cosmos Lac Flame Orange FO-732 Grey Beige Light | Carsystem i R-M Inđija","Flame Orange FO-732 Grey Beige Light u Cosmos Lac katalogu. Proverite namenu i pošaljite upit Carsystem i R-M timu.","","Brand | BreadcrumbList | ListItem | Product","true","168","1","","136","0","136","true","false"
"/proizvodi/cosmos-lac-flame-orange-fo-734-400-ml-flame-orange-fo-734-grey-beige","200","true","","Cosmos Lac Flame Orange FO-734 Grey Beige | Carsystem i R-M Inđija","66","1","Flame Orange FO-734 Grey Beige u Cosmos Lac katalogu. Proverite namenu i pošaljite upit Carsystem i R-M timu.","109","1","http://localhost:3000/proizvodi/cosmos-lac-flame-orange-fo-734-400-ml-flame-orange-fo-734-grey-beige","200","false","Cosmos Lac Flame Orange FO-734 Grey Beige","1","H1:Cosmos Lac Flame Orange FO-734 Grey Beige | H2:Dostupne boje | H2:Treba vam savet pri izboru proizvoda? | H2:Katalog | H2:Brendovi | H2:Podrška | H2:Kontakt","sr-Latn","Cosmos Lac Flame Orange FO-734 Grey Beige | Carsystem i R-M Inđija","Flame Orange FO-734 Grey Beige u Cosmos Lac katalogu. Proverite namenu i pošaljite upit Carsystem i R-M timu.","","summary","Cosmos Lac Flame Orange FO-734 Grey Beige | Carsystem i R-M Inđija","Flame Orange FO-734 Grey Beige u Cosmos Lac katalogu. Proverite namenu i pošaljite upit Carsystem i R-M timu.","","Brand | BreadcrumbList | ListItem | Product","true","168","1","","136","0","136","true","false"
"/proizvodi/cosmos-lac-flame-orange-fo-736-400-ml-flame-orange-fo-736-khaki-grey","200","true","","Cosmos Lac Flame Orange FO-736 Khaki Grey | Carsystem i R-M Inđija","66","1","Flame Orange FO-736 Khaki Grey u Cosmos Lac katalogu. Proverite namenu i pošaljite upit Carsystem i R-M timu.","109","1","http://localhost:3000/proizvodi/cosmos-lac-flame-orange-fo-736-400-ml-flame-orange-fo-736-khaki-grey","200","false","Cosmos Lac Flame Orange FO-736 Khaki Grey","1","H1:Cosmos Lac Flame Orange FO-736 Khaki Grey | H2:Dostupne boje | H2:Treba vam savet pri izboru proizvoda? | H2:Katalog | H2:Brendovi | H2:Podrška | H2:Kontakt","sr-Latn","Cosmos Lac Flame Orange FO-736 Khaki Grey | Carsystem i R-M Inđija","Flame Orange FO-736 Khaki Grey u Cosmos Lac katalogu. Proverite namenu i pošaljite upit Carsystem i R-M timu.","","summary","Cosmos Lac Flame Orange FO-736 Khaki Grey | Carsystem i R-M Inđija","Flame Orange FO-736 Khaki Grey u Cosmos Lac katalogu. Proverite namenu i pošaljite upit Carsystem i R-M timu.","","Brand | BreadcrumbList | ListItem | Product","true","168","1","","136","0","136","true","false"
"/proizvodi/cosmos-lac-flame-orange-fo-830-400-ml-flame-orange-fo-830-stone-grey-light","200","true","","Cosmos Lac Flame Orange FO-830 Stone Grey Light | Carsystem i R-M Inđija","72","1","Flame Orange FO-830 Stone Grey Light u Cosmos Lac katalogu. Proverite namenu i pošaljite upit Carsystem i R-M timu.","115","1","http://localhost:3000/proizvodi/cosmos-lac-flame-orange-fo-830-400-ml-flame-orange-fo-830-stone-grey-light","200","false","Cosmos Lac Flame Orange FO-830 Stone Grey Light","1","H1:Cosmos Lac Flame Orange FO-830 Stone Grey Light | H2:Dostupne boje | H2:Treba vam savet pri izboru proizvoda? | H2:Katalog | H2:Brendovi | H2:Podrška | H2:Kontakt","sr-Latn","Cosmos Lac Flame Orange FO-830 Stone Grey Light | Carsystem i R-M Inđija","Flame Orange FO-830 Stone Grey Light u Cosmos Lac katalogu. Proverite namenu i pošaljite upit Carsystem i R-M timu.","","summary","Cosmos Lac Flame Orange FO-830 Stone Grey Light | Carsystem i R-M Inđija","Flame Orange FO-830 Stone Grey Light u Cosmos Lac katalogu. Proverite namenu i pošaljite upit Carsystem i R-M timu.","","Brand | BreadcrumbList | ListItem | Product","true","168","1","","136","0","136","true","false"
"/proizvodi/cosmos-lac-flame-orange-fo-831-400-ml-flame-orange-fo-831-stone-grey-middle","200","true","","Cosmos Lac Flame Orange FO-831 Stone Grey Middle | Carsystem i R-M Inđija","73","1","Flame Orange FO-831 Stone Grey Middle u Cosmos Lac katalogu. Proverite namenu i pošaljite upit Carsystem i R-M timu.","116","1","http://localhost:3000/proizvodi/cosmos-lac-flame-orange-fo-831-400-ml-flame-orange-fo-831-stone-grey-middle","200","false","Cosmos Lac Flame Orange FO-831 Stone Grey Middle","1","H1:Cosmos Lac Flame Orange FO-831 Stone Grey Middle | H2:Dostupne boje | H2:Treba vam savet pri izboru proizvoda? | H2:Katalog | H2:Brendovi | H2:Podrška | H2:Kontakt","sr-Latn","Cosmos Lac Flame Orange FO-831 Stone Grey Middle | Carsystem i R-M Inđija","Flame Orange FO-831 Stone Grey Middle u Cosmos Lac katalogu. Proverite namenu i pošaljite upit Carsystem i R-M timu.","","summary","Cosmos Lac Flame Orange FO-831 Stone Grey Middle | Carsystem i R-M Inđija","Flame Orange FO-831 Stone Grey Middle u Cosmos Lac katalogu. Proverite namenu i pošaljite upit Carsystem i R-M timu.","","Brand | BreadcrumbList | ListItem | Product","true","168","1","","136","0","136","true","false"
"/proizvodi/cosmos-lac-flame-orange-fo-832-400-ml-flame-orange-fo-832-stone-grey","200","true","","Cosmos Lac Flame Orange FO-832 Stone Grey | Carsystem i R-M Inđija","66","1","Flame Orange FO-832 Stone Grey u Cosmos Lac katalogu. Proverite namenu i pošaljite upit Carsystem i R-M timu.","109","1","http://localhost:3000/proizvodi/cosmos-lac-flame-orange-fo-832-400-ml-flame-orange-fo-832-stone-grey","200","false","Cosmos Lac Flame Orange FO-832 Stone Grey","1","H1:Cosmos Lac Flame Orange FO-832 Stone Grey | H2:Dostupne boje | H2:Treba vam savet pri izboru proizvoda? | H2:Katalog | H2:Brendovi | H2:Podrška | H2:Kontakt","sr-Latn","Cosmos Lac Flame Orange FO-832 Stone Grey | Carsystem i R-M Inđija","Flame Orange FO-832 Stone Grey u Cosmos Lac katalogu. Proverite namenu i pošaljite upit Carsystem i R-M timu.","","summary","Cosmos Lac Flame Orange FO-832 Stone Grey | Carsystem i R-M Inđija","Flame Orange FO-832 Stone Grey u Cosmos Lac katalogu. Proverite namenu i pošaljite upit Carsystem i R-M timu.","","Brand | BreadcrumbList | ListItem | Product","true","168","1","","136","0","136","true","false"
"/proizvodi/cosmos-lac-flame-orange-fo-833-400-ml-flame-orange-fo-833-stone-grey-dark","200","true","","Cosmos Lac Flame Orange FO-833 Stone Grey Dark | Carsystem i R-M Inđija","71","1","Flame Orange FO-833 Stone Grey Dark u Cosmos Lac katalogu. Proverite namenu i pošaljite upit Carsystem i R-M timu.","114","1","http://localhost:3000/proizvodi/cosmos-lac-flame-orange-fo-833-400-ml-flame-orange-fo-833-stone-grey-dark","200","false","Cosmos Lac Flame Orange FO-833 Stone Grey Dark","1","H1:Cosmos Lac Flame Orange FO-833 Stone Grey Dark | H2:Dostupne boje | H2:Treba vam savet pri izboru proizvoda? | H2:Katalog | H2:Brendovi | H2:Podrška | H2:Kontakt","sr-Latn","Cosmos Lac Flame Orange FO-833 Stone Grey Dark | Carsystem i R-M Inđija","Flame Orange FO-833 Stone Grey Dark u Cosmos Lac katalogu. Proverite namenu i pošaljite upit Carsystem i R-M timu.","","summary","Cosmos Lac Flame Orange FO-833 Stone Grey Dark | Carsystem i R-M Inđija","Flame Orange FO-833 Stone Grey Dark u Cosmos Lac katalogu. Proverite namenu i pošaljite upit Carsystem i R-M timu.","","Brand | BreadcrumbList | ListItem | Product","true","168","1","","136","0","136","true","false"
"/proizvodi/cosmos-lac-flame-orange-fo-834-400-ml-flame-orange-fo-834-light-grey-neutral","200","true","","Cosmos Lac Flame Orange FO-834 Light Grey Neutral | Carsystem i R-M Inđija","74","1","Flame Orange FO-834 Light Grey Neutral u Cosmos Lac katalogu. Proverite namenu i pošaljite upit Carsystem i R-M timu.","117","1","http://localhost:3000/proizvodi/cosmos-lac-flame-orange-fo-834-400-ml-flame-orange-fo-834-light-grey-neutral","200","false","Cosmos Lac Flame Orange FO-834 Light Grey Neutral","1","H1:Cosmos Lac Flame Orange FO-834 Light Grey Neutral | H2:Dostupne boje | H2:Treba vam savet pri izboru proizvoda? | H2:Katalog | H2:Brendovi | H2:Podrška | H2:Kontakt","sr-Latn","Cosmos Lac Flame Orange FO-834 Light Grey Neutral | Carsystem i R-M Inđija","Flame Orange FO-834 Light Grey Neutral u Cosmos Lac katalogu. Proverite namenu i pošaljite upit Carsystem i R-M timu.","","summary","Cosmos Lac Flame Orange FO-834 Light Grey Neutral | Carsystem i R-M Inđija","Flame Orange FO-834 Light Grey Neutral u Cosmos Lac katalogu. Proverite namenu i pošaljite upit Carsystem i R-M timu.","","Brand | BreadcrumbList | ListItem | Product","true","168","1","","136","0","136","true","false"
"/proizvodi/cosmos-lac-flame-orange-fo-836-400-ml-flame-orange-fo-836-middle-grey-neutral","200","true","","Cosmos Lac Flame Orange FO-836 Middle Grey Neutral | Carsystem i R-M Inđija","75","1","Flame Orange FO-836 Middle Grey Neutral u Cosmos Lac katalogu. Proverite namenu i pošaljite upit Carsystem i R-M timu.","118","1","http://localhost:3000/proizvodi/cosmos-lac-flame-orange-fo-836-400-ml-flame-orange-fo-836-middle-grey-neutral","200","false","Cosmos Lac Flame Orange FO-836 Middle Grey Neutral","1","H1:Cosmos Lac Flame Orange FO-836 Middle Grey Neutral | H2:Dostupne boje | H2:Treba vam savet pri izboru proizvoda? | H2:Katalog | H2:Brendovi | H2:Podrška | H2:Kontakt","sr-Latn","Cosmos Lac Flame Orange FO-836 Middle Grey Neutral | Carsystem i R-M Inđija","Flame Orange FO-836 Middle Grey Neutral u Cosmos Lac katalogu. Proverite namenu i pošaljite upit Carsystem i R-M timu.","","summary","Cosmos Lac Flame Orange FO-836 Middle Grey Neutral | Carsystem i R-M Inđija","Flame Orange FO-836 Middle Grey Neutral u Cosmos Lac katalogu. Proverite namenu i pošaljite upit Carsystem i R-M timu.","","Brand | BreadcrumbList | ListItem | Product","true","168","1","","136","0","136","true","false"
"/proizvodi/cosmos-lac-flame-orange-fo-840-400-ml-flame-orange-fo-840-dark-grey-neutral","200","true","","Cosmos Lac Flame Orange FO-840 Dark Grey Neutral | Carsystem i R-M Inđija","73","1","Flame Orange FO-840 Dark Grey Neutral u Cosmos Lac katalogu. Proverite namenu i pošaljite upit Carsystem i R-M timu.","116","1","http://localhost:3000/proizvodi/cosmos-lac-flame-orange-fo-840-400-ml-flame-orange-fo-840-dark-grey-neutral","200","false","Cosmos Lac Flame Orange FO-840 Dark Grey Neutral","1","H1:Cosmos Lac Flame Orange FO-840 Dark Grey Neutral | H2:Dostupne boje | H2:Treba vam savet pri izboru proizvoda? | H2:Katalog | H2:Brendovi | H2:Podrška | H2:Kontakt","sr-Latn","Cosmos Lac Flame Orange FO-840 Dark Grey Neutral | Carsystem i R-M Inđija","Flame Orange FO-840 Dark Grey Neutral u Cosmos Lac katalogu. Proverite namenu i pošaljite upit Carsystem i R-M timu.","","summary","Cosmos Lac Flame Orange FO-840 Dark Grey Neutral | Carsystem i R-M Inđija","Flame Orange FO-840 Dark Grey Neutral u Cosmos Lac katalogu. Proverite namenu i pošaljite upit Carsystem i R-M timu.","","Brand | BreadcrumbList | ListItem | Product","true","168","1","","136","0","136","true","false"
"/proizvodi/cosmos-lac-flame-orange-fo-844-400-ml-flame-orange-fo-844-anthracite-grey","200","true","","Cosmos Lac Flame Orange FO-844 Anthracite Grey | Carsystem i R-M Inđija","71","1","Flame Orange FO-844 Anthracite Grey u Cosmos Lac katalogu. Proverite namenu i pošaljite upit Carsystem i R-M timu.","114","1","http://localhost:3000/proizvodi/cosmos-lac-flame-orange-fo-844-400-ml-flame-orange-fo-844-anthracite-grey","200","false","Cosmos Lac Flame Orange FO-844 Anthracite Grey","1","H1:Cosmos Lac Flame Orange FO-844 Anthracite Grey | H2:Dostupne boje | H2:Treba vam savet pri izboru proizvoda? | H2:Katalog | H2:Brendovi | H2:Podrška | H2:Kontakt","sr-Latn","Cosmos Lac Flame Orange FO-844 Anthracite Grey | Carsystem i R-M Inđija","Flame Orange FO-844 Anthracite Grey u Cosmos Lac katalogu. Proverite namenu i pošaljite upit Carsystem i R-M timu.","","summary","Cosmos Lac Flame Orange FO-844 Anthracite Grey | Carsystem i R-M Inđija","Flame Orange FO-844 Anthracite Grey u Cosmos Lac katalogu. Proverite namenu i pošaljite upit Carsystem i R-M timu.","","Brand | BreadcrumbList | ListItem | Product","true","168","1","","136","0","136","true","false"
"/proizvodi/cosmos-lac-flame-orange-fo-900-400-ml-flame-orange-fo-900-pure-white","200","true","","Cosmos Lac Flame Orange FO-900 Pure White | Carsystem i R-M Inđija","66","1","Flame Orange FO-900 Pure White u Cosmos Lac katalogu. Proverite namenu i pošaljite upit Carsystem i R-M timu.","109","1","http://localhost:3000/proizvodi/cosmos-lac-flame-orange-fo-900-400-ml-flame-orange-fo-900-pure-white","200","false","Cosmos Lac Flame Orange FO-900 Pure White","1","H1:Cosmos Lac Flame Orange FO-900 Pure White | H2:Dostupne boje | H2:Treba vam savet pri izboru proizvoda? | H2:Katalog | H2:Brendovi | H2:Podrška | H2:Kontakt","sr-Latn","Cosmos Lac Flame Orange FO-900 Pure White | Carsystem i R-M Inđija","Flame Orange FO-900 Pure White u Cosmos Lac katalogu. Proverite namenu i pošaljite upit Carsystem i R-M timu.","","summary","Cosmos Lac Flame Orange FO-900 Pure White | Carsystem i R-M Inđija","Flame Orange FO-900 Pure White u Cosmos Lac katalogu. Proverite namenu i pošaljite upit Carsystem i R-M timu.","","Brand | BreadcrumbList | ListItem | Product","true","168","1","","136","0","136","true","false"
"/proizvodi/cosmos-lac-flame-orange-fo-901-400-ml-flame-orange-fo-901-thick-black","200","true","","Cosmos Lac Flame Orange FO-901 Thick Black | Carsystem i R-M Inđija","67","1","Flame Orange FO-901 Thick Black u Cosmos Lac katalogu. Proverite namenu i pošaljite upit Carsystem i R-M timu.","110","1","http://localhost:3000/proizvodi/cosmos-lac-flame-orange-fo-901-400-ml-flame-orange-fo-901-thick-black","200","false","Cosmos Lac Flame Orange FO-901 Thick Black","1","H1:Cosmos Lac Flame Orange FO-901 Thick Black | H2:Dostupne boje | H2:Treba vam savet pri izboru proizvoda? | H2:Katalog | H2:Brendovi | H2:Podrška | H2:Kontakt","sr-Latn","Cosmos Lac Flame Orange FO-901 Thick Black | Carsystem i R-M Inđija","Flame Orange FO-901 Thick Black u Cosmos Lac katalogu. Proverite namenu i pošaljite upit Carsystem i R-M timu.","","summary","Cosmos Lac Flame Orange FO-901 Thick Black | Carsystem i R-M Inđija","Flame Orange FO-901 Thick Black u Cosmos Lac katalogu. Proverite namenu i pošaljite upit Carsystem i R-M timu.","","Brand | BreadcrumbList | ListItem | Product","true","168","1","","136","0","136","true","false"
"/proizvodi/cosmos-lac-flame-orange-fo-902-400-ml-flame-orange-fo-902-ultra-chrome","200","true","","Cosmos Lac Flame Orange FO-902 Ultra Chrome | Carsystem i R-M Inđija","68","1","Flame Orange FO-902 Ultra Chrome u Cosmos Lac katalogu. Proverite namenu i pošaljite upit Carsystem i R-M timu.","111","1","http://localhost:3000/proizvodi/cosmos-lac-flame-orange-fo-902-400-ml-flame-orange-fo-902-ultra-chrome","200","false","Cosmos Lac Flame Orange FO-902 Ultra Chrome","1","H1:Cosmos Lac Flame Orange FO-902 Ultra Chrome | H2:Dostupne boje | H2:Treba vam savet pri izboru proizvoda? | H2:Katalog | H2:Brendovi | H2:Podrška | H2:Kontakt","sr-Latn","Cosmos Lac Flame Orange FO-902 Ultra Chrome | Carsystem i R-M Inđija","Flame Orange FO-902 Ultra Chrome u Cosmos Lac katalogu. Proverite namenu i pošaljite upit Carsystem i R-M timu.","","summary","Cosmos Lac Flame Orange FO-902 Ultra Chrome | Carsystem i R-M Inđija","Flame Orange FO-902 Ultra Chrome u Cosmos Lac katalogu. Proverite namenu i pošaljite upit Carsystem i R-M timu.","","Brand | BreadcrumbList | ListItem | Product","true","168","1","","136","0","136","true","false"
"/proizvodi/cosmos-lac-flame-orange-fo-904-400-ml-flame-orange-fo-904-deep-black","200","true","","Cosmos Lac Flame Orange FO-904 Deep Black | Carsystem i R-M Inđija","66","1","Flame Orange FO-904 Deep Black u Cosmos Lac katalogu. Proverite namenu i pošaljite upit Carsystem i R-M timu.","109","1","http://localhost:3000/proizvodi/cosmos-lac-flame-orange-fo-904-400-ml-flame-orange-fo-904-deep-black","200","false","Cosmos Lac Flame Orange FO-904 Deep Black","1","H1:Cosmos Lac Flame Orange FO-904 Deep Black | H2:Dostupne boje | H2:Treba vam savet pri izboru proizvoda? | H2:Katalog | H2:Brendovi | H2:Podrška | H2:Kontakt","sr-Latn","Cosmos Lac Flame Orange FO-904 Deep Black | Carsystem i R-M Inđija","Flame Orange FO-904 Deep Black u Cosmos Lac katalogu. Proverite namenu i pošaljite upit Carsystem i R-M timu.","","summary","Cosmos Lac Flame Orange FO-904 Deep Black | Carsystem i R-M Inđija","Flame Orange FO-904 Deep Black u Cosmos Lac katalogu. Proverite namenu i pošaljite upit Carsystem i R-M timu.","","Brand | BreadcrumbList | ListItem | Product","true","168","1","","136","0","136","true","false"
"/proizvodi/cosmos-lac-flame-orange-fo-906-400-ml-flame-orange-fo-906-gold","200","true","","Cosmos Lac Flame Orange FO-906 Gold | Carsystem i R-M Inđija","60","1","Flame Orange FO-906 Gold u Cosmos Lac katalogu. Proverite namenu i pošaljite upit Carsystem i R-M timu.","103","1","http://localhost:3000/proizvodi/cosmos-lac-flame-orange-fo-906-400-ml-flame-orange-fo-906-gold","200","false","Cosmos Lac Flame Orange FO-906 Gold","1","H1:Cosmos Lac Flame Orange FO-906 Gold | H2:Dostupne boje | H2:Treba vam savet pri izboru proizvoda? | H2:Katalog | H2:Brendovi | H2:Podrška | H2:Kontakt","sr-Latn","Cosmos Lac Flame Orange FO-906 Gold | Carsystem i R-M Inđija","Flame Orange FO-906 Gold u Cosmos Lac katalogu. Proverite namenu i pošaljite upit Carsystem i R-M timu.","","summary","Cosmos Lac Flame Orange FO-906 Gold | Carsystem i R-M Inđija","Flame Orange FO-906 Gold u Cosmos Lac katalogu. Proverite namenu i pošaljite upit Carsystem i R-M timu.","","Brand | BreadcrumbList | ListItem | Product","true","168","1","","136","0","136","true","false"
"/proizvodi/cosmos-lac-fluorescent-marking-490-fluorescent-paint-490-red","200","true","","Cosmos Lac Fluorescent & Marking Fluorescent Paint 490 Red | Carsystem i R-M Inđija","83","1","Fluorescent & Marking 490 Red u Cosmos Lac katalogu. Proverite namenu i pošaljite upit Carsystem i R-M timu.","108","1","http://localhost:3000/proizvodi/cosmos-lac-fluorescent-marking-490-fluorescent-paint-490-red","200","false","Cosmos Lac Fluorescent & Marking Fluorescent Paint 490 Red","1","H1:Cosmos Lac Fluorescent & Marking Fluorescent Paint 490 Red | H2:Dostupne boje | H2:Treba vam savet pri izboru proizvoda? | H2:Katalog | H2:Brendovi | H2:Podrška | H2:Kontakt","sr-Latn","Cosmos Lac Fluorescent & Marking Fluorescent Paint 490 Red | Carsystem i R-M Inđija","Fluorescent & Marking 490 Red u Cosmos Lac katalogu. Proverite namenu i pošaljite upit Carsystem i R-M timu.","","summary","Cosmos Lac Fluorescent & Marking Fluorescent Paint 490 Red | Carsystem i R-M Inđija","Fluorescent & Marking 490 Red u Cosmos Lac katalogu. Proverite namenu i pošaljite upit Carsystem i R-M timu.","","Brand | BreadcrumbList | ListItem | Product","true","38","1","","6","0","6","true","false"
"/proizvodi/cosmos-lac-fluorescent-marking-491-fluorescent-paint-491-orange","200","true","","Cosmos Lac Fluorescent & Marking Fluorescent Paint 491 Orange | Carsystem i R-M Inđija","86","1","Fluorescent & Marking 491 Orange u Cosmos Lac katalogu. Proverite namenu i pošaljite upit Carsystem i R-M timu.","111","1","http://localhost:3000/proizvodi/cosmos-lac-fluorescent-marking-491-fluorescent-paint-491-orange","200","false","Cosmos Lac Fluorescent & Marking Fluorescent Paint 491 Orange","1","H1:Cosmos Lac Fluorescent & Marking Fluorescent Paint 491 Orange | H2:Dostupne boje | H2:Treba vam savet pri izboru proizvoda? | H2:Katalog | H2:Brendovi | H2:Podrška | H2:Kontakt","sr-Latn","Cosmos Lac Fluorescent & Marking Fluorescent Paint 491 Orange | Carsystem i R-M Inđija","Fluorescent & Marking 491 Orange u Cosmos Lac katalogu. Proverite namenu i pošaljite upit Carsystem i R-M timu.","","summary","Cosmos Lac Fluorescent & Marking Fluorescent Paint 491 Orange | Carsystem i R-M Inđija","Fluorescent & Marking 491 Orange u Cosmos Lac katalogu. Proverite namenu i pošaljite upit Carsystem i R-M timu.","","Brand | BreadcrumbList | ListItem | Product","true","38","1","","6","0","6","true","false"
"/proizvodi/cosmos-lac-fluorescent-marking-493-fluorescent-paint-493-green","200","true","","Cosmos Lac Fluorescent & Marking Fluorescent Paint 493 Green | Carsystem i R-M Inđija","85","1","Fluorescent & Marking 493 Green u Cosmos Lac katalogu. Proverite namenu i pošaljite upit Carsystem i R-M timu.","110","1","http://localhost:3000/proizvodi/cosmos-lac-fluorescent-marking-493-fluorescent-paint-493-green","200","false","Cosmos Lac Fluorescent & Marking Fluorescent Paint 493 Green","1","H1:Cosmos Lac Fluorescent & Marking Fluorescent Paint 493 Green | H2:Dostupne boje | H2:Treba vam savet pri izboru proizvoda? | H2:Katalog | H2:Brendovi | H2:Podrška | H2:Kontakt","sr-Latn","Cosmos Lac Fluorescent & Marking Fluorescent Paint 493 Green | Carsystem i R-M Inđija","Fluorescent & Marking 493 Green u Cosmos Lac katalogu. Proverite namenu i pošaljite upit Carsystem i R-M timu.","","summary","Cosmos Lac Fluorescent & Marking Fluorescent Paint 493 Green | Carsystem i R-M Inđija","Fluorescent & Marking 493 Green u Cosmos Lac katalogu. Proverite namenu i pošaljite upit Carsystem i R-M timu.","","Brand | BreadcrumbList | ListItem | Product","true","38","1","","6","0","6","true","false"
"/proizvodi/cosmos-lac-fluorescent-marking-494-fluorescent-paint-494-yellow","200","true","","Cosmos Lac Fluorescent & Marking Fluorescent Paint 494 Yellow | Carsystem i R-M Inđija","86","1","Fluorescent & Marking 494 Yellow u Cosmos Lac katalogu. Proverite namenu i pošaljite upit Carsystem i R-M timu.","111","1","http://localhost:3000/proizvodi/cosmos-lac-fluorescent-marking-494-fluorescent-paint-494-yellow","200","false","Cosmos Lac Fluorescent & Marking Fluorescent Paint 494 Yellow","1","H1:Cosmos Lac Fluorescent & Marking Fluorescent Paint 494 Yellow | H2:Dostupne boje | H2:Treba vam savet pri izboru proizvoda? | H2:Katalog | H2:Brendovi | H2:Podrška | H2:Kontakt","sr-Latn","Cosmos Lac Fluorescent & Marking Fluorescent Paint 494 Yellow | Carsystem i R-M Inđija","Fluorescent & Marking 494 Yellow u Cosmos Lac katalogu. Proverite namenu i pošaljite upit Carsystem i R-M timu.","","summary","Cosmos Lac Fluorescent & Marking Fluorescent Paint 494 Yellow | Carsystem i R-M Inđija","Fluorescent & Marking 494 Yellow u Cosmos Lac katalogu. Proverite namenu i pošaljite upit Carsystem i R-M timu.","","Brand | BreadcrumbList | ListItem | Product","true","38","1","","6","0","6","true","false"
"/proizvodi/cosmos-lac-fluorescent-marking-571-forest-trail-marking-571-red","200","true","","Cosmos Lac Fluorescent & Marking Forest & Trail Marking 571 Red | Carsystem i R-M Inđija","88","1","Fluorescent & Marking 571 Red u Cosmos Lac katalogu. Proverite namenu i pošaljite upit Carsystem i R-M timu.","108","1","http://localhost:3000/proizvodi/cosmos-lac-fluorescent-marking-571-forest-trail-marking-571-red","200","false","Cosmos Lac Fluorescent & Marking Forest & Trail Marking 571 Red","1","H1:Cosmos Lac Fluorescent & Marking Forest & Trail Marking 571 Red | H2:Dostupne boje | H2:Treba vam savet pri izboru proizvoda? | H2:Katalog | H2:Brendovi | H2:Podrška | H2:Kontakt","sr-Latn","Cosmos Lac Fluorescent & Marking Forest & Trail Marking 571 Red | Carsystem i R-M Inđija","Fluorescent & Marking 571 Red u Cosmos Lac katalogu. Proverite namenu i pošaljite upit Carsystem i R-M timu.","","summary","Cosmos Lac Fluorescent & Marking Forest & Trail Marking 571 Red | Carsystem i R-M Inđija","Fluorescent & Marking 571 Red u Cosmos Lac katalogu. Proverite namenu i pošaljite upit Carsystem i R-M timu.","","Brand | BreadcrumbList | ListItem | Product","true","39","1","","7","0","7","true","false"
"/proizvodi/cosmos-lac-fluorescent-marking-572-forest-trail-marking-572-orange","200","true","","Cosmos Lac Fluorescent & Marking Forest & Trail Marking 572 Orange | Carsystem i R-M Inđija","91","1","Fluorescent & Marking 572 Orange u Cosmos Lac katalogu. Proverite namenu i pošaljite upit Carsystem i R-M timu.","111","1","http://localhost:3000/proizvodi/cosmos-lac-fluorescent-marking-572-forest-trail-marking-572-orange","200","false","Cosmos Lac Fluorescent & Marking Forest & Trail Marking 572 Orange","1","H1:Cosmos Lac Fluorescent & Marking Forest & Trail Marking 572 Orange | H2:Dostupne boje | H2:Treba vam savet pri izboru proizvoda? | H2:Katalog | H2:Brendovi | H2:Podrška | H2:Kontakt","sr-Latn","Cosmos Lac Fluorescent & Marking Forest & Trail Marking 572 Orange | Carsystem i R-M Inđija","Fluorescent & Marking 572 Orange u Cosmos Lac katalogu. Proverite namenu i pošaljite upit Carsystem i R-M timu.","","summary","Cosmos Lac Fluorescent & Marking Forest & Trail Marking 572 Orange | Carsystem i R-M Inđija","Fluorescent & Marking 572 Orange u Cosmos Lac katalogu. Proverite namenu i pošaljite upit Carsystem i R-M timu.","","Brand | BreadcrumbList | ListItem | Product","true","39","1","","7","0","7","true","false"
"/proizvodi/cosmos-lac-fluorescent-marking-573-forest-trail-marking-573-yellow","200","true","","Cosmos Lac Fluorescent & Marking Forest & Trail Marking 573 Yellow | Carsystem i R-M Inđija","91","1","Fluorescent & Marking 573 Yellow u Cosmos Lac katalogu. Proverite namenu i pošaljite upit Carsystem i R-M timu.","111","1","http://localhost:3000/proizvodi/cosmos-lac-fluorescent-marking-573-forest-trail-marking-573-yellow","200","false","Cosmos Lac Fluorescent & Marking Forest & Trail Marking 573 Yellow","1","H1:Cosmos Lac Fluorescent & Marking Forest & Trail Marking 573 Yellow | H2:Dostupne boje | H2:Treba vam savet pri izboru proizvoda? | H2:Katalog | H2:Brendovi | H2:Podrška | H2:Kontakt","sr-Latn","Cosmos Lac Fluorescent & Marking Forest & Trail Marking 573 Yellow | Carsystem i R-M Inđija","Fluorescent & Marking 573 Yellow u Cosmos Lac katalogu. Proverite namenu i pošaljite upit Carsystem i R-M timu.","","summary","Cosmos Lac Fluorescent & Marking Forest & Trail Marking 573 Yellow | Carsystem i R-M Inđija","Fluorescent & Marking 573 Yellow u Cosmos Lac katalogu. Proverite namenu i pošaljite upit Carsystem i R-M timu.","","Brand | BreadcrumbList | ListItem | Product","true","39","1","","7","0","7","true","false"
"/proizvodi/cosmos-lac-fluorescent-marking-574-forest-trail-marking-574-blue","200","true","","Cosmos Lac Fluorescent & Marking Forest & Trail Marking 574 Blue | Carsystem i R-M Inđija","89","1","Fluorescent & Marking 574 Blue u Cosmos Lac katalogu. Proverite namenu i pošaljite upit Carsystem i R-M timu.","109","1","http://localhost:3000/proizvodi/cosmos-lac-fluorescent-marking-574-forest-trail-marking-574-blue","200","false","Cosmos Lac Fluorescent & Marking Forest & Trail Marking 574 Blue","1","H1:Cosmos Lac Fluorescent & Marking Forest & Trail Marking 574 Blue | H2:Dostupne boje | H2:Treba vam savet pri izboru proizvoda? | H2:Katalog | H2:Brendovi | H2:Podrška | H2:Kontakt","sr-Latn","Cosmos Lac Fluorescent & Marking Forest & Trail Marking 574 Blue | Carsystem i R-M Inđija","Fluorescent & Marking 574 Blue u Cosmos Lac katalogu. Proverite namenu i pošaljite upit Carsystem i R-M timu.","","summary","Cosmos Lac Fluorescent & Marking Forest & Trail Marking 574 Blue | Carsystem i R-M Inđija","Fluorescent & Marking 574 Blue u Cosmos Lac katalogu. Proverite namenu i pošaljite upit Carsystem i R-M timu.","","Brand | BreadcrumbList | ListItem | Product","true","39","1","","7","0","7","true","false"
"/proizvodi/cosmos-lac-fluorescent-marking-575-forest-trail-marking-575-white","200","true","","Cosmos Lac Fluorescent & Marking Forest & Trail Marking 575 White | Carsystem i R-M Inđija","90","1","Fluorescent & Marking 575 White u Cosmos Lac katalogu. Proverite namenu i pošaljite upit Carsystem i R-M timu.","110","1","http://localhost:3000/proizvodi/cosmos-lac-fluorescent-marking-575-forest-trail-marking-575-white","200","false","Cosmos Lac Fluorescent & Marking Forest & Trail Marking 575 White","1","H1:Cosmos Lac Fluorescent & Marking Forest & Trail Marking 575 White | H2:Dostupne boje | H2:Treba vam savet pri izboru proizvoda? | H2:Katalog | H2:Brendovi | H2:Podrška | H2:Kontakt","sr-Latn","Cosmos Lac Fluorescent & Marking Forest & Trail Marking 575 White | Carsystem i R-M Inđija","Fluorescent & Marking 575 White u Cosmos Lac katalogu. Proverite namenu i pošaljite upit Carsystem i R-M timu.","","summary","Cosmos Lac Fluorescent & Marking Forest & Trail Marking 575 White | Carsystem i R-M Inđija","Fluorescent & Marking 575 White u Cosmos Lac katalogu. Proverite namenu i pošaljite upit Carsystem i R-M timu.","","Brand | BreadcrumbList | ListItem | Product","true","39","1","","7","0","7","true","false"
"/proizvodi/cosmos-lac-fluorescent-marking-591-road-construction-marking-591-orange","200","true","","Cosmos Lac Fluorescent & Marking Road & Construction Marking 591 Orange | Carsystem i R-M Inđija","96","1","Fluorescent & Marking 591 Orange u Cosmos Lac katalogu. Proverite namenu i pošaljite upit Carsystem i R-M timu.","111","1","http://localhost:3000/proizvodi/cosmos-lac-fluorescent-marking-591-road-construction-marking-591-orange","200","false","Cosmos Lac Fluorescent & Marking Road & Construction Marking 591 Orange","1","H1:Cosmos Lac Fluorescent & Marking Road & Construction Marking 591 Orange | H2:Dostupne boje | H2:Treba vam savet pri izboru proizvoda? | H2:Katalog | H2:Brendovi | H2:Podrška | H2:Kontakt","sr-Latn","Cosmos Lac Fluorescent & Marking Road & Construction Marking 591 Orange | Carsystem i R-M Inđija","Fluorescent & Marking 591 Orange u Cosmos Lac katalogu. Proverite namenu i pošaljite upit Carsystem i R-M timu.","","summary","Cosmos Lac Fluorescent & Marking Road & Construction Marking 591 Orange | Carsystem i R-M Inđija","Fluorescent & Marking 591 Orange u Cosmos Lac katalogu. Proverite namenu i pošaljite upit Carsystem i R-M timu.","","Brand | BreadcrumbList | ListItem | Product","true","38","1","","6","0","6","true","false"
"/proizvodi/cosmos-lac-fluorescent-marking-593-road-construction-marking-593-green","200","true","","Cosmos Lac Fluorescent & Marking Road & Construction Marking 593 Green | Carsystem i R-M Inđija","95","1","Fluorescent & Marking 593 Green u Cosmos Lac katalogu. Proverite namenu i pošaljite upit Carsystem i R-M timu.","110","1","http://localhost:3000/proizvodi/cosmos-lac-fluorescent-marking-593-road-construction-marking-593-green","200","false","Cosmos Lac Fluorescent & Marking Road & Construction Marking 593 Green","1","H1:Cosmos Lac Fluorescent & Marking Road & Construction Marking 593 Green | H2:Dostupne boje | H2:Treba vam savet pri izboru proizvoda? | H2:Katalog | H2:Brendovi | H2:Podrška | H2:Kontakt","sr-Latn","Cosmos Lac Fluorescent & Marking Road & Construction Marking 593 Green | Carsystem i R-M Inđija","Fluorescent & Marking 593 Green u Cosmos Lac katalogu. Proverite namenu i pošaljite upit Carsystem i R-M timu.","","summary","Cosmos Lac Fluorescent & Marking Road & Construction Marking 593 Green | Carsystem i R-M Inđija","Fluorescent & Marking 593 Green u Cosmos Lac katalogu. Proverite namenu i pošaljite upit Carsystem i R-M timu.","","Brand | BreadcrumbList | ListItem | Product","true","38","1","","6","0","6","true","false"
"/proizvodi/cosmos-lac-fluorescent-marking-594-road-construction-marking-594-yellow","200","true","","Cosmos Lac Fluorescent & Marking Road & Construction Marking 594 Yellow | Carsystem i R-M Inđija","96","1","Fluorescent & Marking 594 Yellow u Cosmos Lac katalogu. Proverite namenu i pošaljite upit Carsystem i R-M timu.","111","1","http://localhost:3000/proizvodi/cosmos-lac-fluorescent-marking-594-road-construction-marking-594-yellow","200","false","Cosmos Lac Fluorescent & Marking Road & Construction Marking 594 Yellow","1","H1:Cosmos Lac Fluorescent & Marking Road & Construction Marking 594 Yellow | H2:Dostupne boje | H2:Treba vam savet pri izboru proizvoda? | H2:Katalog | H2:Brendovi | H2:Podrška | H2:Kontakt","sr-Latn","Cosmos Lac Fluorescent & Marking Road & Construction Marking 594 Yellow | Carsystem i R-M Inđija","Fluorescent & Marking 594 Yellow u Cosmos Lac katalogu. Proverite namenu i pošaljite upit Carsystem i R-M timu.","","summary","Cosmos Lac Fluorescent & Marking Road & Construction Marking 594 Yellow | Carsystem i R-M Inđija","Fluorescent & Marking 594 Yellow u Cosmos Lac katalogu. Proverite namenu i pošaljite upit Carsystem i R-M timu.","","Brand | BreadcrumbList | ListItem | Product","true","38","1","","6","0","6","true","false"
"/proizvodi/cosmos-lac-fluorescent-marking-595-road-construction-marking-595-white","200","true","","Cosmos Lac Fluorescent & Marking Road & Construction Marking 595 White | Carsystem i R-M Inđija","95","1","Fluorescent & Marking 595 White u Cosmos Lac katalogu. Proverite namenu i pošaljite upit Carsystem i R-M timu.","110","1","http://localhost:3000/proizvodi/cosmos-lac-fluorescent-marking-595-road-construction-marking-595-white","200","false","Cosmos Lac Fluorescent & Marking Road & Construction Marking 595 White","1","H1:Cosmos Lac Fluorescent & Marking Road & Construction Marking 595 White | H2:Dostupne boje | H2:Treba vam savet pri izboru proizvoda? | H2:Katalog | H2:Brendovi | H2:Podrška | H2:Kontakt","sr-Latn","Cosmos Lac Fluorescent & Marking Road & Construction Marking 595 White | Carsystem i R-M Inđija","Fluorescent & Marking 595 White u Cosmos Lac katalogu. Proverite namenu i pošaljite upit Carsystem i R-M timu.","","summary","Cosmos Lac Fluorescent & Marking Road & Construction Marking 595 White | Carsystem i R-M Inđija","Fluorescent & Marking 595 White u Cosmos Lac katalogu. Proverite namenu i pošaljite upit Carsystem i R-M timu.","","Brand | BreadcrumbList | ListItem | Product","true","38","1","","6","0","6","true","false"
"/proizvodi/cosmos-lac-high-heat-700-c-350-400-ml-high-heat-350-silver","200","true","","Cosmos Lac High Heat 700°C 350 Silver | Carsystem i R-M Inđija","62","1","High Heat 700°C 350 Silver u Cosmos Lac katalogu. Proverite namenu i pošaljite upit Carsystem i R-M timu.","105","1","http://localhost:3000/proizvodi/cosmos-lac-high-heat-700-c-350-400-ml-high-heat-350-silver","200","false","Cosmos Lac High Heat 700°C 350 Silver","1","H1:Cosmos Lac High Heat 700°C 350 Silver | H2:Dostupne boje | H2:Treba vam savet pri izboru proizvoda? | H2:Katalog | H2:Brendovi | H2:Podrška | H2:Kontakt","sr-Latn","Cosmos Lac High Heat 700°C 350 Silver | Carsystem i R-M Inđija","High Heat 700°C 350 Silver u Cosmos Lac katalogu. Proverite namenu i pošaljite upit Carsystem i R-M timu.","","summary","Cosmos Lac High Heat 700°C 350 Silver | Carsystem i R-M Inđija","High Heat 700°C 350 Silver u Cosmos Lac katalogu. Proverite namenu i pošaljite upit Carsystem i R-M timu.","","Brand | BreadcrumbList | ListItem | Product","true","39","1","","7","0","7","true","false"
"/proizvodi/cosmos-lac-high-heat-700-c-351-400-ml-high-heat-351-black","200","true","","Cosmos Lac High Heat 700°C 351 Black | Carsystem i R-M Inđija","61","1","High Heat 700°C 351 Black u Cosmos Lac katalogu. Proverite namenu i pošaljite upit Carsystem i R-M timu.","104","1","http://localhost:3000/proizvodi/cosmos-lac-high-heat-700-c-351-400-ml-high-heat-351-black","200","false","Cosmos Lac High Heat 700°C 351 Black","1","H1:Cosmos Lac High Heat 700°C 351 Black | H2:Dostupne boje | H2:Treba vam savet pri izboru proizvoda? | H2:Katalog | H2:Brendovi | H2:Podrška | H2:Kontakt","sr-Latn","Cosmos Lac High Heat 700°C 351 Black | Carsystem i R-M Inđija","High Heat 700°C 351 Black u Cosmos Lac katalogu. Proverite namenu i pošaljite upit Carsystem i R-M timu.","","summary","Cosmos Lac High Heat 700°C 351 Black | Carsystem i R-M Inđija","High Heat 700°C 351 Black u Cosmos Lac katalogu. Proverite namenu i pošaljite upit Carsystem i R-M timu.","","Brand | BreadcrumbList | ListItem | Product","true","39","1","","7","0","7","true","false"
"/proizvodi/cosmos-lac-high-heat-700-c-352-400-ml-high-heat-352-white","200","true","","Cosmos Lac High Heat 700°C 352 White | Carsystem i R-M Inđija","61","1","High Heat 700°C 352 White u Cosmos Lac katalogu. Proverite namenu i pošaljite upit Carsystem i R-M timu.","104","1","http://localhost:3000/proizvodi/cosmos-lac-high-heat-700-c-352-400-ml-high-heat-352-white","200","false","Cosmos Lac High Heat 700°C 352 White","1","H1:Cosmos Lac High Heat 700°C 352 White | H2:Dostupne boje | H2:Treba vam savet pri izboru proizvoda? | H2:Katalog | H2:Brendovi | H2:Podrška | H2:Kontakt","sr-Latn","Cosmos Lac High Heat 700°C 352 White | Carsystem i R-M Inđija","High Heat 700°C 352 White u Cosmos Lac katalogu. Proverite namenu i pošaljite upit Carsystem i R-M timu.","","summary","Cosmos Lac High Heat 700°C 352 White | Carsystem i R-M Inđija","High Heat 700°C 352 White u Cosmos Lac katalogu. Proverite namenu i pošaljite upit Carsystem i R-M timu.","","Brand | BreadcrumbList | ListItem | Product","true","39","1","","7","0","7","true","false"
"/proizvodi/cosmos-lac-high-heat-700-c-353-400-ml-high-heat-353-red","200","true","","Cosmos Lac High Heat 700°C 353 Red | Carsystem i R-M Inđija","59","1","High Heat 700°C 353 Red u Cosmos Lac katalogu. Proverite namenu i pošaljite upit Carsystem i R-M timu.","102","1","http://localhost:3000/proizvodi/cosmos-lac-high-heat-700-c-353-400-ml-high-heat-353-red","200","false","Cosmos Lac High Heat 700°C 353 Red","1","H1:Cosmos Lac High Heat 700°C 353 Red | H2:Dostupne boje | H2:Treba vam savet pri izboru proizvoda? | H2:Katalog | H2:Brendovi | H2:Podrška | H2:Kontakt","sr-Latn","Cosmos Lac High Heat 700°C 353 Red | Carsystem i R-M Inđija","High Heat 700°C 353 Red u Cosmos Lac katalogu. Proverite namenu i pošaljite upit Carsystem i R-M timu.","","summary","Cosmos Lac High Heat 700°C 353 Red | Carsystem i R-M Inđija","High Heat 700°C 353 Red u Cosmos Lac katalogu. Proverite namenu i pošaljite upit Carsystem i R-M timu.","","Brand | BreadcrumbList | ListItem | Product","true","39","1","","7","0","7","true","false"
"/proizvodi/cosmos-lac-high-heat-700-c-356-400-ml-high-heat-356-anthracite","200","true","","Cosmos Lac High Heat 700°C 356 Anthracite | Carsystem i R-M Inđija","66","1","High Heat 700°C 356 Anthracite u Cosmos Lac katalogu. Proverite namenu i pošaljite upit Carsystem i R-M timu.","109","1","http://localhost:3000/proizvodi/cosmos-lac-high-heat-700-c-356-400-ml-high-heat-356-anthracite","200","false","Cosmos Lac High Heat 700°C 356 Anthracite","1","H1:Cosmos Lac High Heat 700°C 356 Anthracite | H2:Dostupne boje | H2:Treba vam savet pri izboru proizvoda? | H2:Katalog | H2:Brendovi | H2:Podrška | H2:Kontakt","sr-Latn","Cosmos Lac High Heat 700°C 356 Anthracite | Carsystem i R-M Inđija","High Heat 700°C 356 Anthracite u Cosmos Lac katalogu. Proverite namenu i pošaljite upit Carsystem i R-M timu.","","summary","Cosmos Lac High Heat 700°C 356 Anthracite | Carsystem i R-M Inđija","High Heat 700°C 356 Anthracite u Cosmos Lac katalogu. Proverite namenu i pošaljite upit Carsystem i R-M timu.","","Brand | BreadcrumbList | ListItem | Product","true","39","1","","7","0","7","true","false"
"/proizvodi/cosmos-lac-home-380-400-ml-paint-for-aluminums-380-white","200","true","","Cosmos Lac Home Paint for Aluminiums 380 White | Carsystem i R-M Inđija","71","1","Home 380 White u Cosmos Lac katalogu. Proverite namenu i pošaljite upit Carsystem i R-M timu.","93","1","http://localhost:3000/proizvodi/cosmos-lac-home-380-400-ml-paint-for-aluminums-380-white","200","false","Cosmos Lac Home Paint for Aluminiums 380 White","1","H1:Cosmos Lac Home Paint for Aluminiums 380 White | H2:Treba vam savet pri izboru proizvoda? | H2:Katalog | H2:Brendovi | H2:Podrška | H2:Kontakt","sr-Latn","Cosmos Lac Home Paint for Aluminiums 380 White | Carsystem i R-M Inđija","Home 380 White u Cosmos Lac katalogu. Proverite namenu i pošaljite upit Carsystem i R-M timu.","","summary","Cosmos Lac Home Paint for Aluminiums 380 White | Carsystem i R-M Inđija","Home 380 White u Cosmos Lac katalogu. Proverite namenu i pošaljite upit Carsystem i R-M timu.","","Brand | BreadcrumbList | ListItem | Product","true","34","1","","2","0","2","true","true"
"/proizvodi/cosmos-lac-home-400-400-ml-white-smalto-400-white","200","true","","Cosmos Lac Home White Smalto 400 | Carsystem i R-M Inđija","57","1","Home 400 White u Cosmos Lac katalogu. Proverite namenu i pošaljite upit Carsystem i R-M timu.","93","1","http://localhost:3000/proizvodi/cosmos-lac-home-400-400-ml-white-smalto-400-white","200","false","Cosmos Lac Home White Smalto 400","1","H1:Cosmos Lac Home White Smalto 400 | H2:Treba vam savet pri izboru proizvoda? | H2:Katalog | H2:Brendovi | H2:Podrška | H2:Kontakt","sr-Latn","Cosmos Lac Home White Smalto 400 | Carsystem i R-M Inđija","Home 400 White u Cosmos Lac katalogu. Proverite namenu i pošaljite upit Carsystem i R-M timu.","","summary","Cosmos Lac Home White Smalto 400 | Carsystem i R-M Inđija","Home 400 White u Cosmos Lac katalogu. Proverite namenu i pošaljite upit Carsystem i R-M timu.","","Brand | BreadcrumbList | ListItem | Product","true","34","1","","2","0","2","true","true"
"/proizvodi/cosmos-lac-home-401-400-ml-porcelain-paint-401-white","200","true","","Cosmos Lac Home Porcelain Paint 401 White | Carsystem i R-M Inđija","66","1","Home 401 White u Cosmos Lac katalogu. Proverite namenu i pošaljite upit Carsystem i R-M timu.","93","1","http://localhost:3000/proizvodi/cosmos-lac-home-401-400-ml-porcelain-paint-401-white","200","false","Cosmos Lac Home Porcelain Paint 401 White","1","H1:Cosmos Lac Home Porcelain Paint 401 White | H2:Treba vam savet pri izboru proizvoda? | H2:Katalog | H2:Brendovi | H2:Podrška | H2:Kontakt","sr-Latn","Cosmos Lac Home Porcelain Paint 401 White | Carsystem i R-M Inđija","Home 401 White u Cosmos Lac katalogu. Proverite namenu i pošaljite upit Carsystem i R-M timu.","","summary","Cosmos Lac Home Porcelain Paint 401 White | Carsystem i R-M Inđija","Home 401 White u Cosmos Lac katalogu. Proverite namenu i pošaljite upit Carsystem i R-M timu.","","Brand | BreadcrumbList | ListItem | Product","true","34","1","","2","0","2","true","true"
"/proizvodi/cosmos-lac-home-402-400-ml-radiator-lacquer-402-white","200","true","","Cosmos Lac Home Radiator Lacquer 402 White | Carsystem i R-M Inđija","67","1","Home 402 White u Cosmos Lac katalogu. Proverite namenu i pošaljite upit Carsystem i R-M timu.","93","1","http://localhost:3000/proizvodi/cosmos-lac-home-402-400-ml-radiator-lacquer-402-white","200","false","Cosmos Lac Home Radiator Lacquer 402 White","1","H1:Cosmos Lac Home Radiator Lacquer 402 White | H2:Dostupne boje | H2:Treba vam savet pri izboru proizvoda? | H2:Katalog | H2:Brendovi | H2:Podrška | H2:Kontakt","sr-Latn","Cosmos Lac Home Radiator Lacquer 402 White | Carsystem i R-M Inđija","Home 402 White u Cosmos Lac katalogu. Proverite namenu i pošaljite upit Carsystem i R-M timu.","","summary","Cosmos Lac Home Radiator Lacquer 402 White | Carsystem i R-M Inđija","Home 402 White u Cosmos Lac katalogu. Proverite namenu i pošaljite upit Carsystem i R-M timu.","","Brand | BreadcrumbList | ListItem | Product","true","36","1","","4","0","4","true","false"
"/proizvodi/cosmos-lac-home-403-400-ml-radiator-lacquer-403-silver","200","true","","Cosmos Lac Home Radiator Lacquer 403 Silver | Carsystem i R-M Inđija","68","1","Home 403 Silver u Cosmos Lac katalogu. Proverite namenu i pošaljite upit Carsystem i R-M timu.","94","1","http://localhost:3000/proizvodi/cosmos-lac-home-403-400-ml-radiator-lacquer-403-silver","200","false","Cosmos Lac Home Radiator Lacquer 403 Silver","1","H1:Cosmos Lac Home Radiator Lacquer 403 Silver | H2:Dostupne boje | H2:Treba vam savet pri izboru proizvoda? | H2:Katalog | H2:Brendovi | H2:Podrška | H2:Kontakt","sr-Latn","Cosmos Lac Home Radiator Lacquer 403 Silver | Carsystem i R-M Inđija","Home 403 Silver u Cosmos Lac katalogu. Proverite namenu i pošaljite upit Carsystem i R-M timu.","","summary","Cosmos Lac Home Radiator Lacquer 403 Silver | Carsystem i R-M Inđija","Home 403 Silver u Cosmos Lac katalogu. Proverite namenu i pošaljite upit Carsystem i R-M timu.","","Brand | BreadcrumbList | ListItem | Product","true","36","1","","4","0","4","true","false"
"/proizvodi/cosmos-lac-home-741-providna-400-ml-power-glue-741-transparent","200","true","","Cosmos Lac Home Power Glue 741 Transparent — providna | Carsystem i R-M Inđija","78","1","Home 741 Transparent providna u Cosmos Lac katalogu. Proverite namenu i pošaljite upit Carsystem i R-M timu.","108","1","http://localhost:3000/proizvodi/cosmos-lac-home-741-providna-400-ml-power-glue-741-transparent","200","false","Cosmos Lac Home Power Glue 741 Transparent — providna","1","H1:Cosmos Lac Home Power Glue 741 Transparent — providna | H2:Treba vam savet pri izboru proizvoda? | H2:Katalog | H2:Brendovi | H2:Podrška | H2:Kontakt","sr-Latn","Cosmos Lac Home Power Glue 741 Transparent — providna | Carsystem i R-M Inđija","Home 741 Transparent providna u Cosmos Lac katalogu. Proverite namenu i pošaljite upit Carsystem i R-M timu.","","summary","Cosmos Lac Home Power Glue 741 Transparent — providna | Carsystem i R-M Inđija","Home 741 Transparent providna u Cosmos Lac katalogu. Proverite namenu i pošaljite upit Carsystem i R-M timu.","","Brand | BreadcrumbList | ListItem | Product","true","34","1","","2","0","2","true","true"
"/proizvodi/cosmos-lac-lubricants-200-400-ml-multimax-1000-200","200","true","","Cosmos Lac Lubricants Multimax 1000 200 | Carsystem i R-M Inđija","64","1","Lubricants 200 200 u Cosmos Lac katalogu. Proverite namenu i pošaljite upit Carsystem i R-M timu.","97","1","http://localhost:3000/proizvodi/cosmos-lac-lubricants-200-400-ml-multimax-1000-200","200","false","Cosmos Lac Lubricants Multimax 1000 200","1","H1:Cosmos Lac Lubricants Multimax 1000 200 | H2:Treba vam savet pri izboru proizvoda? | H2:Katalog | H2:Brendovi | H2:Podrška | H2:Kontakt","sr-Latn","Cosmos Lac Lubricants Multimax 1000 200 | Carsystem i R-M Inđija","Lubricants 200 200 u Cosmos Lac katalogu. Proverite namenu i pošaljite upit Carsystem i R-M timu.","","summary","Cosmos Lac Lubricants Multimax 1000 200 | Carsystem i R-M Inđija","Lubricants 200 200 u Cosmos Lac katalogu. Proverite namenu i pošaljite upit Carsystem i R-M timu.","","Brand | BreadcrumbList | ListItem | Product","true","34","1","","2","0","2","true","true"
"/proizvodi/cosmos-lac-lubricants-203-400-ml-silicone-oil-203","200","true","","Cosmos Lac Lubricants Oil 203 Silicone Oil 203 | Carsystem i R-M Inđija","71","1","Lubricants 203 Silicone Oil 203 u Cosmos Lac katalogu. Proverite namenu i pošaljite upit Carsystem i R-M timu.","110","1","http://localhost:3000/proizvodi/cosmos-lac-lubricants-203-400-ml-silicone-oil-203","200","false","Cosmos Lac Lubricants Oil 203 Silicone Oil 203","1","H1:Cosmos Lac Lubricants Oil 203 Silicone Oil 203 | H2:Dostupne boje | H2:Treba vam savet pri izboru proizvoda? | H2:Katalog | H2:Brendovi | H2:Podrška | H2:Kontakt","sr-Latn","Cosmos Lac Lubricants Oil 203 Silicone Oil 203 | Carsystem i R-M Inđija","Lubricants 203 Silicone Oil 203 u Cosmos Lac katalogu. Proverite namenu i pošaljite upit Carsystem i R-M timu.","","summary","Cosmos Lac Lubricants Oil 203 Silicone Oil 203 | Carsystem i R-M Inđija","Lubricants 203 Silicone Oil 203 u Cosmos Lac katalogu. Proverite namenu i pošaljite upit Carsystem i R-M timu.","","Brand | BreadcrumbList | ListItem | Product","true","40","1","","8","0","8","true","false"
"/proizvodi/cosmos-lac-lubricants-204-400-ml-lithium-grease-204","200","true","","Cosmos Lac Lubricants Grease 204 Lithium Grease 204 | Carsystem i R-M Inđija","76","1","Lubricants 204 Lithium Grease 204 u Cosmos Lac katalogu. Proverite namenu i pošaljite upit Carsystem i R-M timu.","112","1","http://localhost:3000/proizvodi/cosmos-lac-lubricants-204-400-ml-lithium-grease-204","200","false","Cosmos Lac Lubricants Grease 204 Lithium Grease 204","1","H1:Cosmos Lac Lubricants Grease 204 Lithium Grease 204 | H2:Dostupne boje | H2:Treba vam savet pri izboru proizvoda? | H2:Katalog | H2:Brendovi | H2:Podrška | H2:Kontakt","sr-Latn","Cosmos Lac Lubricants Grease 204 Lithium Grease 204 | Carsystem i R-M Inđija","Lubricants 204 Lithium Grease 204 u Cosmos Lac katalogu. Proverite namenu i pošaljite upit Carsystem i R-M timu.","","summary","Cosmos Lac Lubricants Grease 204 Lithium Grease 204 | Carsystem i R-M Inđija","Lubricants 204 Lithium Grease 204 u Cosmos Lac katalogu. Proverite namenu i pošaljite upit Carsystem i R-M timu.","","Brand | BreadcrumbList | ListItem | Product","true","38","1","","6","0","6","true","false"
"/proizvodi/cosmos-lac-lubricants-208-400-ml-penetrating-oil-anti-corrosion-208","200","true","","Cosmos Lac Lubricants Oil 208 Penetrating Oil Anti Corrosion 208 | Carsystem i R-M Inđija","89","1","Lubricants 208 Penetrating Oil Anti Corrosion 208 u Cosmos Lac katalogu. Proverite namenu i pošaljite upit Carsystem i R-M timu.","128","1","http://localhost:3000/proizvodi/cosmos-lac-lubricants-208-400-ml-penetrating-oil-anti-corrosion-208","200","false","Cosmos Lac Lubricants Oil 208 Penetrating Oil Anti Corrosion 208","1","H1:Cosmos Lac Lubricants Oil 208 Penetrating Oil Anti Corrosion 208 | H2:Dostupne boje | H2:Treba vam savet pri izboru proizvoda? | H2:Katalog | H2:Brendovi | H2:Podrška | H2:Kontakt","sr-Latn","Cosmos Lac Lubricants Oil 208 Penetrating Oil Anti Corrosion 208 | Carsystem i R-M Inđija","Lubricants 208 Penetrating Oil Anti Corrosion 208 u Cosmos Lac katalogu. Proverite namenu i pošaljite upit Carsystem i R-M timu.","","summary","Cosmos Lac Lubricants Oil 208 Penetrating Oil Anti Corrosion 208 | Carsystem i R-M Inđija","Lubricants 208 Penetrating Oil Anti Corrosion 208 u Cosmos Lac katalogu. Proverite namenu i pošaljite upit Carsystem i R-M timu.","","Brand | BreadcrumbList | ListItem | Product","true","40","1","","8","0","8","true","false"
"/proizvodi/cosmos-lac-lubricants-210-400-ml-chain-grease-210","200","true","","Cosmos Lac Lubricants Grease 210 Chain Grease 210 | Carsystem i R-M Inđija","74","1","Lubricants 210 Chain Grease 210 u Cosmos Lac katalogu. Proverite namenu i pošaljite upit Carsystem i R-M timu.","110","1","http://localhost:3000/proizvodi/cosmos-lac-lubricants-210-400-ml-chain-grease-210","200","false","Cosmos Lac Lubricants Grease 210 Chain Grease 210","1","H1:Cosmos Lac Lubricants Grease 210 Chain Grease 210 | H2:Dostupne boje | H2:Treba vam savet pri izboru proizvoda? | H2:Katalog | H2:Brendovi | H2:Podrška | H2:Kontakt","sr-Latn","Cosmos Lac Lubricants Grease 210 Chain Grease 210 | Carsystem i R-M Inđija","Lubricants 210 Chain Grease 210 u Cosmos Lac katalogu. Proverite namenu i pošaljite upit Carsystem i R-M timu.","","summary","Cosmos Lac Lubricants Grease 210 Chain Grease 210 | Carsystem i R-M Inđija","Lubricants 210 Chain Grease 210 u Cosmos Lac katalogu. Proverite namenu i pošaljite upit Carsystem i R-M timu.","","Brand | BreadcrumbList | ListItem | Product","true","38","1","","6","0","6","true","false"
"/proizvodi/cosmos-lac-lubricants-742-400-ml-penetrating-oil-ptfe-742","200","true","","Cosmos Lac Lubricants Oil 742 Penetrating Oil + PTFE 742 | Carsystem i R-M Inđija","81","1","Lubricants 742 Penetrating Oil + PTFE 742 u Cosmos Lac katalogu. Proverite namenu i pošaljite upit Carsystem i R-M timu.","120","1","http://localhost:3000/proizvodi/cosmos-lac-lubricants-742-400-ml-penetrating-oil-ptfe-742","200","false","Cosmos Lac Lubricants Oil 742 Penetrating Oil + PTFE 742","1","H1:Cosmos Lac Lubricants Oil 742 Penetrating Oil + PTFE 742 | H2:Dostupne boje | H2:Treba vam savet pri izboru proizvoda? | H2:Katalog | H2:Brendovi | H2:Podrška | H2:Kontakt","sr-Latn","Cosmos Lac Lubricants Oil 742 Penetrating Oil + PTFE 742 | Carsystem i R-M Inđija","Lubricants 742 Penetrating Oil + PTFE 742 u Cosmos Lac katalogu. Proverite namenu i pošaljite upit Carsystem i R-M timu.","","summary","Cosmos Lac Lubricants Oil 742 Penetrating Oil + PTFE 742 | Carsystem i R-M Inđija","Lubricants 742 Penetrating Oil + PTFE 742 u Cosmos Lac katalogu. Proverite namenu i pošaljite upit Carsystem i R-M timu.","","Brand | BreadcrumbList | ListItem | Product","true","40","1","","8","0","8","true","false"
"/proizvodi/cosmos-lac-lubricants-743-400-ml-dry-ptfe-oil-743","200","true","","Cosmos Lac Lubricants Oil 743 Dry PTFE Oil 743 | Carsystem i R-M Inđija","71","1","Lubricants 743 Dry PTFE Oil 743 u Cosmos Lac katalogu. Proverite namenu i pošaljite upit Carsystem i R-M timu.","110","1","http://localhost:3000/proizvodi/cosmos-lac-lubricants-743-400-ml-dry-ptfe-oil-743","200","false","Cosmos Lac Lubricants Oil 743 Dry PTFE Oil 743","1","H1:Cosmos Lac Lubricants Oil 743 Dry PTFE Oil 743 | H2:Dostupne boje | H2:Treba vam savet pri izboru proizvoda? | H2:Katalog | H2:Brendovi | H2:Podrška | H2:Kontakt","sr-Latn","Cosmos Lac Lubricants Oil 743 Dry PTFE Oil 743 | Carsystem i R-M Inđija","Lubricants 743 Dry PTFE Oil 743 u Cosmos Lac katalogu. Proverite namenu i pošaljite upit Carsystem i R-M timu.","","summary","Cosmos Lac Lubricants Oil 743 Dry PTFE Oil 743 | Carsystem i R-M Inđija","Lubricants 743 Dry PTFE Oil 743 u Cosmos Lac katalogu. Proverite namenu i pošaljite upit Carsystem i R-M timu.","","Brand | BreadcrumbList | ListItem | Product","true","40","1","","8","0","8","true","false"
"/proizvodi/cosmos-lac-lubricants-744-400-ml-lithium-grease-ptfe-744","200","true","","Cosmos Lac Lubricants Grease 744 Lithium Grease + PTFE 744 | Carsystem i R-M Inđija","83","1","Lubricants 744 Lithium Grease + PTFE 744 u Cosmos Lac katalogu. Proverite namenu i pošaljite upit Carsystem i R-M timu.","119","1","http://localhost:3000/proizvodi/cosmos-lac-lubricants-744-400-ml-lithium-grease-ptfe-744","200","false","Cosmos Lac Lubricants Grease 744 Lithium Grease + PTFE 744","1","H1:Cosmos Lac Lubricants Grease 744 Lithium Grease + PTFE 744 | H2:Dostupne boje | H2:Treba vam savet pri izboru proizvoda? | H2:Katalog | H2:Brendovi | H2:Podrška | H2:Kontakt","sr-Latn","Cosmos Lac Lubricants Grease 744 Lithium Grease + PTFE 744 | Carsystem i R-M Inđija","Lubricants 744 Lithium Grease + PTFE 744 u Cosmos Lac katalogu. Proverite namenu i pošaljite upit Carsystem i R-M timu.","","summary","Cosmos Lac Lubricants Grease 744 Lithium Grease + PTFE 744 | Carsystem i R-M Inđija","Lubricants 744 Lithium Grease + PTFE 744 u Cosmos Lac katalogu. Proverite namenu i pošaljite upit Carsystem i R-M timu.","","Brand | BreadcrumbList | ListItem | Product","true","38","1","","6","0","6","true","false"
"/proizvodi/cosmos-lac-lubricants-745-400-ml-copper-grease-1100-c-745","200","true","","Cosmos Lac Lubricants Grease 745 Copper Grease 1100°c 745 | Carsystem i R-M Inđija","82","1","Lubricants 745 Copper Grease 1100°c 745 u Cosmos Lac katalogu. Proverite namenu i pošaljite upit Carsystem i R-M timu.","118","1","http://localhost:3000/proizvodi/cosmos-lac-lubricants-745-400-ml-copper-grease-1100-c-745","200","false","Cosmos Lac Lubricants Grease 745 Copper Grease 1100°c 745","1","H1:Cosmos Lac Lubricants Grease 745 Copper Grease 1100°c 745 | H2:Dostupne boje | H2:Treba vam savet pri izboru proizvoda? | H2:Katalog | H2:Brendovi | H2:Podrška | H2:Kontakt","sr-Latn","Cosmos Lac Lubricants Grease 745 Copper Grease 1100°c 745 | Carsystem i R-M Inđija","Lubricants 745 Copper Grease 1100°c 745 u Cosmos Lac katalogu. Proverite namenu i pošaljite upit Carsystem i R-M timu.","","summary","Cosmos Lac Lubricants Grease 745 Copper Grease 1100°c 745 | Carsystem i R-M Inđija","Lubricants 745 Copper Grease 1100°c 745 u Cosmos Lac katalogu. Proverite namenu i pošaljite upit Carsystem i R-M timu.","","Brand | BreadcrumbList | ListItem | Product","true","38","1","","6","0","6","true","false"
"/proizvodi/cosmos-lac-lubricants-746-400-ml-cut-drill-oil-746","200","true","","Cosmos Lac Lubricants Oil 746 Cut & Drill Oil 746 | Carsystem i R-M Inđija","74","1","Lubricants 746 Cut & Drill Oil 746 u Cosmos Lac katalogu. Proverite namenu i pošaljite upit Carsystem i R-M timu.","113","1","http://localhost:3000/proizvodi/cosmos-lac-lubricants-746-400-ml-cut-drill-oil-746","200","false","Cosmos Lac Lubricants Oil 746 Cut & Drill Oil 746","1","H1:Cosmos Lac Lubricants Oil 746 Cut & Drill Oil 746 | H2:Dostupne boje | H2:Treba vam savet pri izboru proizvoda? | H2:Katalog | H2:Brendovi | H2:Podrška | H2:Kontakt","sr-Latn","Cosmos Lac Lubricants Oil 746 Cut & Drill Oil 746 | Carsystem i R-M Inđija","Lubricants 746 Cut & Drill Oil 746 u Cosmos Lac katalogu. Proverite namenu i pošaljite upit Carsystem i R-M timu.","","summary","Cosmos Lac Lubricants Oil 746 Cut & Drill Oil 746 | Carsystem i R-M Inđija","Lubricants 746 Cut & Drill Oil 746 u Cosmos Lac katalogu. Proverite namenu i pošaljite upit Carsystem i R-M timu.","","Brand | BreadcrumbList | ListItem | Product","true","40","1","","8","0","8","true","false"
"/proizvodi/cosmos-lac-lubricants-747-400-ml-vaseline-spray-747","200","true","","Cosmos Lac Lubricants 747 Vaseline Spray 747 | Carsystem i R-M Inđija","69","1","Lubricants 747 Vaseline Spray 747 u Cosmos Lac katalogu. Proverite namenu i pošaljite upit Carsystem i R-M timu.","112","1","http://localhost:3000/proizvodi/cosmos-lac-lubricants-747-400-ml-vaseline-spray-747","200","false","Cosmos Lac Lubricants 747 Vaseline Spray 747","1","H1:Cosmos Lac Lubricants 747 Vaseline Spray 747 | H2:Treba vam savet pri izboru proizvoda? | H2:Katalog | H2:Brendovi | H2:Podrška | H2:Kontakt","sr-Latn","Cosmos Lac Lubricants 747 Vaseline Spray 747 | Carsystem i R-M Inđija","Lubricants 747 Vaseline Spray 747 u Cosmos Lac katalogu. Proverite namenu i pošaljite upit Carsystem i R-M timu.","","summary","Cosmos Lac Lubricants 747 Vaseline Spray 747 | Carsystem i R-M Inđija","Lubricants 747 Vaseline Spray 747 u Cosmos Lac katalogu. Proverite namenu i pošaljite upit Carsystem i R-M timu.","","Brand | BreadcrumbList | ListItem | Product","true","34","1","","2","0","2","true","true"
"/proizvodi/cosmos-lac-lubricants-748-400-ml-leak-detector-748","200","true","","Cosmos Lac Lubricants Leak Detector 748 | Carsystem i R-M Inđija","64","1","Lubricants 748 748 u Cosmos Lac katalogu. Proverite namenu i pošaljite upit Carsystem i R-M timu.","97","1","http://localhost:3000/proizvodi/cosmos-lac-lubricants-748-400-ml-leak-detector-748","200","false","Cosmos Lac Lubricants Leak Detector 748","1","H1:Cosmos Lac Lubricants Leak Detector 748 | H2:Treba vam savet pri izboru proizvoda? | H2:Katalog | H2:Brendovi | H2:Podrška | H2:Kontakt","sr-Latn","Cosmos Lac Lubricants Leak Detector 748 | Carsystem i R-M Inđija","Lubricants 748 748 u Cosmos Lac katalogu. Proverite namenu i pošaljite upit Carsystem i R-M timu.","","summary","Cosmos Lac Lubricants Leak Detector 748 | Carsystem i R-M Inđija","Lubricants 748 748 u Cosmos Lac katalogu. Proverite namenu i pošaljite upit Carsystem i R-M timu.","","Brand | BreadcrumbList | ListItem | Product","true","34","1","","2","0","2","true","true"
"/proizvodi/cosmos-lac-lubricants-749-400-ml-rust-shock-freeze-penetrating-oil-749","200","true","","Cosmos Lac Lubricants Oil 749 Rust Shock Freeze Penetrating Oil 749 | Carsystem i R-M Inđija","92","1","Lubricants 749 Rust Shock Freeze Penetrating Oil 749 u Cosmos Lac katalogu. Proverite namenu i pošaljite upit Carsystem i R-M timu.","131","1","http://localhost:3000/proizvodi/cosmos-lac-lubricants-749-400-ml-rust-shock-freeze-penetrating-oil-749","200","false","Cosmos Lac Lubricants Oil 749 Rust Shock Freeze Penetrating Oil 749","1","H1:Cosmos Lac Lubricants Oil 749 Rust Shock Freeze Penetrating Oil 749 | H2:Dostupne boje | H2:Treba vam savet pri izboru proizvoda? | H2:Katalog | H2:Brendovi | H2:Podrška | H2:Kontakt","sr-Latn","Cosmos Lac Lubricants Oil 749 Rust Shock Freeze Penetrating Oil 749 | Carsystem i R-M Inđija","Lubricants 749 Rust Shock Freeze Penetrating Oil 749 u Cosmos Lac katalogu. Proverite namenu i pošaljite upit Carsystem i R-M timu.","","summary","Cosmos Lac Lubricants Oil 749 Rust Shock Freeze Penetrating Oil 749 | Carsystem i R-M Inđija","Lubricants 749 Rust Shock Freeze Penetrating Oil 749 u Cosmos Lac katalogu. Proverite namenu i pošaljite upit Carsystem i R-M timu.","","Brand | BreadcrumbList | ListItem | Product","true","40","1","","8","0","8","true","false"
"/proizvodi/cosmos-lac-lubricants-753-400-ml-anti-spatter-for-welding-753","200","true","","Cosmos Lac Lubricants Anti-Spatter 753 For Welding 753 | Carsystem i R-M Inđija","79","1","Lubricants 753 For Welding 753 u Cosmos Lac katalogu. Proverite namenu i pošaljite upit Carsystem i R-M timu.","109","1","http://localhost:3000/proizvodi/cosmos-lac-lubricants-753-400-ml-anti-spatter-for-welding-753","200","false","Cosmos Lac Lubricants Anti-Spatter 753 For Welding 753","1","H1:Cosmos Lac Lubricants Anti-Spatter 753 For Welding 753 | H2:Treba vam savet pri izboru proizvoda? | H2:Katalog | H2:Brendovi | H2:Podrška | H2:Kontakt","sr-Latn","Cosmos Lac Lubricants Anti-Spatter 753 For Welding 753 | Carsystem i R-M Inđija","Lubricants 753 For Welding 753 u Cosmos Lac katalogu. Proverite namenu i pošaljite upit Carsystem i R-M timu.","","summary","Cosmos Lac Lubricants Anti-Spatter 753 For Welding 753 | Carsystem i R-M Inđija","Lubricants 753 For Welding 753 u Cosmos Lac katalogu. Proverite namenu i pošaljite upit Carsystem i R-M timu.","","Brand | BreadcrumbList | ListItem | Product","true","34","1","","2","0","2","true","true"
"/proizvodi/cosmos-lac-master-mechanic-01-500-ml-master-mechanic-primer-01-grey","200","true","","Cosmos Lac Master Mechanic Primer 01 Grey | Carsystem i R-M Inđija","66","1","Master Mechanic 01 Grey u Cosmos Lac katalogu. Proverite namenu i pošaljite upit Carsystem i R-M timu.","102","1","http://localhost:3000/proizvodi/cosmos-lac-master-mechanic-01-500-ml-master-mechanic-primer-01-grey","200","false","Cosmos Lac Master Mechanic Primer 01 Grey","1","H1:Cosmos Lac Master Mechanic Primer 01 Grey | H2:Dostupne boje | H2:Treba vam savet pri izboru proizvoda? | H2:Katalog | H2:Brendovi | H2:Podrška | H2:Kontakt","sr-Latn","Cosmos Lac Master Mechanic Primer 01 Grey | Carsystem i R-M Inđija","Master Mechanic 01 Grey u Cosmos Lac katalogu. Proverite namenu i pošaljite upit Carsystem i R-M timu.","","summary","Cosmos Lac Master Mechanic Primer 01 Grey | Carsystem i R-M Inđija","Master Mechanic 01 Grey u Cosmos Lac katalogu. Proverite namenu i pošaljite upit Carsystem i R-M timu.","","Brand | BreadcrumbList | ListItem | Product","true","36","1","","4","0","4","true","false"
"/proizvodi/cosmos-lac-master-mechanic-01-500-ml-master-mechanic-primer-01-white","200","true","","Cosmos Lac Master Mechanic Primer 01 White | Carsystem i R-M Inđija","67","1","Master Mechanic 01 White u Cosmos Lac katalogu. Proverite namenu i pošaljite upit Carsystem i R-M timu.","103","1","http://localhost:3000/proizvodi/cosmos-lac-master-mechanic-01-500-ml-master-mechanic-primer-01-white","200","false","Cosmos Lac Master Mechanic Primer 01 White","1","H1:Cosmos Lac Master Mechanic Primer 01 White | H2:Dostupne boje | H2:Treba vam savet pri izboru proizvoda? | H2:Katalog | H2:Brendovi | H2:Podrška | H2:Kontakt","sr-Latn","Cosmos Lac Master Mechanic Primer 01 White | Carsystem i R-M Inđija","Master Mechanic 01 White u Cosmos Lac katalogu. Proverite namenu i pošaljite upit Carsystem i R-M timu.","","summary","Cosmos Lac Master Mechanic Primer 01 White | Carsystem i R-M Inđija","Master Mechanic 01 White u Cosmos Lac katalogu. Proverite namenu i pošaljite upit Carsystem i R-M timu.","","Brand | BreadcrumbList | ListItem | Product","true","36","1","","4","0","4","true","false"
"/proizvodi/cosmos-lac-master-mechanic-02-500-ml-master-mechanic-filler-02-black","200","true","","Cosmos Lac Master Mechanic Filler 02 Black | Carsystem i R-M Inđija","67","1","Master Mechanic 02 Black u Cosmos Lac katalogu. Proverite namenu i pošaljite upit Carsystem i R-M timu.","103","1","http://localhost:3000/proizvodi/cosmos-lac-master-mechanic-02-500-ml-master-mechanic-filler-02-black","200","false","Cosmos Lac Master Mechanic Filler 02 Black","1","H1:Cosmos Lac Master Mechanic Filler 02 Black | H2:Dostupne boje | H2:Treba vam savet pri izboru proizvoda? | H2:Katalog | H2:Brendovi | H2:Podrška | H2:Kontakt","sr-Latn","Cosmos Lac Master Mechanic Filler 02 Black | Carsystem i R-M Inđija","Master Mechanic 02 Black u Cosmos Lac katalogu. Proverite namenu i pošaljite upit Carsystem i R-M timu.","","summary","Cosmos Lac Master Mechanic Filler 02 Black | Carsystem i R-M Inđija","Master Mechanic 02 Black u Cosmos Lac katalogu. Proverite namenu i pošaljite upit Carsystem i R-M timu.","","Brand | BreadcrumbList | ListItem | Product","true","36","1","","4","0","4","true","false"
"/proizvodi/cosmos-lac-master-mechanic-02-500-ml-master-mechanic-filler-02-grey","200","true","","Cosmos Lac Master Mechanic Filler 02 Grey | Carsystem i R-M Inđija","66","1","Master Mechanic 02 Grey u Cosmos Lac katalogu. Proverite namenu i pošaljite upit Carsystem i R-M timu.","102","1","http://localhost:3000/proizvodi/cosmos-lac-master-mechanic-02-500-ml-master-mechanic-filler-02-grey","200","false","Cosmos Lac Master Mechanic Filler 02 Grey","1","H1:Cosmos Lac Master Mechanic Filler 02 Grey | H2:Dostupne boje | H2:Treba vam savet pri izboru proizvoda? | H2:Katalog | H2:Brendovi | H2:Podrška | H2:Kontakt","sr-Latn","Cosmos Lac Master Mechanic Filler 02 Grey | Carsystem i R-M Inđija","Master Mechanic 02 Grey u Cosmos Lac katalogu. Proverite namenu i pošaljite upit Carsystem i R-M timu.","","summary","Cosmos Lac Master Mechanic Filler 02 Grey | Carsystem i R-M Inđija","Master Mechanic 02 Grey u Cosmos Lac katalogu. Proverite namenu i pošaljite upit Carsystem i R-M timu.","","Brand | BreadcrumbList | ListItem | Product","true","36","1","","4","0","4","true","false"
"/proizvodi/cosmos-lac-master-mechanic-03-500-ml-master-mechanic-epoxy-primer-03-grey","200","true","","Cosmos Lac Master Mechanic Epoxy Primer 03 Grey | Carsystem i R-M Inđija","72","1","Master Mechanic 03 Grey u Cosmos Lac katalogu. Proverite namenu i pošaljite upit Carsystem i R-M timu.","102","1","http://localhost:3000/proizvodi/cosmos-lac-master-mechanic-03-500-ml-master-mechanic-epoxy-primer-03-grey","200","false","Cosmos Lac Master Mechanic Epoxy Primer 03 Grey","1","H1:Cosmos Lac Master Mechanic Epoxy Primer 03 Grey | H2:Treba vam savet pri izboru proizvoda? | H2:Katalog | H2:Brendovi | H2:Podrška | H2:Kontakt","sr-Latn","Cosmos Lac Master Mechanic Epoxy Primer 03 Grey | Carsystem i R-M Inđija","Master Mechanic 03 Grey u Cosmos Lac katalogu. Proverite namenu i pošaljite upit Carsystem i R-M timu.","","summary","Cosmos Lac Master Mechanic Epoxy Primer 03 Grey | Carsystem i R-M Inđija","Master Mechanic 03 Grey u Cosmos Lac katalogu. Proverite namenu i pošaljite upit Carsystem i R-M timu.","","Brand | BreadcrumbList | ListItem | Product","true","34","1","","2","0","2","true","true"
"/proizvodi/cosmos-lac-master-mechanic-04-500-ml-master-mechanic-wash-primer-04-light-yellow","200","true","","Cosmos Lac Master Mechanic Wash Primer 04 Light Yellow | Carsystem i R-M Inđija","79","1","Master Mechanic 04 Light Yellow u Cosmos Lac katalogu. Proverite namenu i pošaljite upit Carsystem i R-M timu.","110","1","http://localhost:3000/proizvodi/cosmos-lac-master-mechanic-04-500-ml-master-mechanic-wash-primer-04-light-yellow","200","false","Cosmos Lac Master Mechanic Wash Primer 04 Light Yellow","1","H1:Cosmos Lac Master Mechanic Wash Primer 04 Light Yellow | H2:Treba vam savet pri izboru proizvoda? | H2:Katalog | H2:Brendovi | H2:Podrška | H2:Kontakt","sr-Latn","Cosmos Lac Master Mechanic Wash Primer 04 Light Yellow | Carsystem i R-M Inđija","Master Mechanic 04 Light Yellow u Cosmos Lac katalogu. Proverite namenu i pošaljite upit Carsystem i R-M timu.","","summary","Cosmos Lac Master Mechanic Wash Primer 04 Light Yellow | Carsystem i R-M Inđija","Master Mechanic 04 Light Yellow u Cosmos Lac katalogu. Proverite namenu i pošaljite upit Carsystem i R-M timu.","","Brand | BreadcrumbList | ListItem | Product","true","34","1","","2","0","2","true","true"
"/proizvodi/cosmos-lac-master-mechanic-05-providna-500-ml-master-mechanic-plastic-primer-05-transparent","200","true","","Cosmos Lac Master Mechanic Plastic Primer 05 Transparent — providna | Carsystem i R-M Inđija","92","1","Master Mechanic 05 Transparent providna u Cosmos Lac katalogu. Proverite namenu i pošaljite upit Carsystem i R-M timu.","118","1","http://localhost:3000/proizvodi/cosmos-lac-master-mechanic-05-providna-500-ml-master-mechanic-plastic-primer-05-transparent","200","false","Cosmos Lac Master Mechanic Plastic Primer 05 Transparent — providna","1","H1:Cosmos Lac Master Mechanic Plastic Primer 05 Transparent — providna | H2:Treba vam savet pri izboru proizvoda? | H2:Katalog | H2:Brendovi | H2:Podrška | H2:Kontakt","sr-Latn","Cosmos Lac Master Mechanic Plastic Primer 05 Transparent — providna | Carsystem i R-M Inđija","Master Mechanic 05 Transparent providna u Cosmos Lac katalogu. Proverite namenu i pošaljite upit Carsystem i R-M timu.","","summary","Cosmos Lac Master Mechanic Plastic Primer 05 Transparent — providna | Carsystem i R-M Inđija","Master Mechanic 05 Transparent providna u Cosmos Lac katalogu. Proverite namenu i pošaljite upit Carsystem i R-M timu.","","Brand | BreadcrumbList | ListItem | Product","true","34","1","","2","0","2","true","true"
"/proizvodi/cosmos-lac-master-mechanic-06-500-ml-master-mechanic-control-guide-06-black","200","true","","Cosmos Lac Master Mechanic Control Guide 06 Black | Carsystem i R-M Inđija","74","1","Master Mechanic 06 Black u Cosmos Lac katalogu. Proverite namenu i pošaljite upit Carsystem i R-M timu.","103","1","http://localhost:3000/proizvodi/cosmos-lac-master-mechanic-06-500-ml-master-mechanic-control-guide-06-black","200","false","Cosmos Lac Master Mechanic Control Guide 06 Black","1","H1:Cosmos Lac Master Mechanic Control Guide 06 Black | H2:Treba vam savet pri izboru proizvoda? | H2:Katalog | H2:Brendovi | H2:Podrška | H2:Kontakt","sr-Latn","Cosmos Lac Master Mechanic Control Guide 06 Black | Carsystem i R-M Inđija","Master Mechanic 06 Black u Cosmos Lac katalogu. Proverite namenu i pošaljite upit Carsystem i R-M timu.","","summary","Cosmos Lac Master Mechanic Control Guide 06 Black | Carsystem i R-M Inđija","Master Mechanic 06 Black u Cosmos Lac katalogu. Proverite namenu i pošaljite upit Carsystem i R-M timu.","","Brand | BreadcrumbList | ListItem | Product","true","34","1","","2","0","2","true","true"
"/proizvodi/cosmos-lac-master-mechanic-10-500-ml-master-mechanic-ral-paint-10-silver","200","true","","Cosmos Lac Master Mechanic RAL 10 Silver | Carsystem i R-M Inđija","65","1","Master Mechanic 10 Silver u Cosmos Lac katalogu. Proverite namenu i pošaljite upit Carsystem i R-M timu.","104","1","http://localhost:3000/proizvodi/cosmos-lac-master-mechanic-10-500-ml-master-mechanic-ral-paint-10-silver","200","false","Cosmos Lac Master Mechanic RAL 10 Silver","1","H1:Cosmos Lac Master Mechanic RAL 10 Silver | H2:Dostupne boje | H2:Treba vam savet pri izboru proizvoda? | H2:Katalog | H2:Brendovi | H2:Podrška | H2:Kontakt","sr-Latn","Cosmos Lac Master Mechanic RAL 10 Silver | Carsystem i R-M Inđija","Master Mechanic 10 Silver u Cosmos Lac katalogu. Proverite namenu i pošaljite upit Carsystem i R-M timu.","","summary","Cosmos Lac Master Mechanic RAL 10 Silver | Carsystem i R-M Inđija","Master Mechanic 10 Silver u Cosmos Lac katalogu. Proverite namenu i pošaljite upit Carsystem i R-M timu.","","Brand | BreadcrumbList | ListItem | Product","true","39","1","","7","0","7","true","false"
"/proizvodi/cosmos-lac-master-mechanic-10-mat-500-ml-master-mechanic-ral-paint-10-black-matt","200","true","","Cosmos Lac Master Mechanic RAL 10 Black — mat | Carsystem i R-M Inđija","70","1","Master Mechanic 10 Black mat u Cosmos Lac katalogu. Proverite namenu i pošaljite upit Carsystem i R-M timu.","107","1","http://localhost:3000/proizvodi/cosmos-lac-master-mechanic-10-mat-500-ml-master-mechanic-ral-paint-10-black-matt","200","false","Cosmos Lac Master Mechanic RAL 10 Black — mat","1","H1:Cosmos Lac Master Mechanic RAL 10 Black — mat | H2:Dostupne boje | H2:Treba vam savet pri izboru proizvoda? | H2:Katalog | H2:Brendovi | H2:Podrška | H2:Kontakt","sr-Latn","Cosmos Lac Master Mechanic RAL 10 Black — mat | Carsystem i R-M Inđija","Master Mechanic 10 Black mat u Cosmos Lac katalogu. Proverite namenu i pošaljite upit Carsystem i R-M timu.","","summary","Cosmos Lac Master Mechanic RAL 10 Black — mat | Carsystem i R-M Inđija","Master Mechanic 10 Black mat u Cosmos Lac katalogu. Proverite namenu i pošaljite upit Carsystem i R-M timu.","","Brand | BreadcrumbList | ListItem | Product","true","39","1","","7","0","7","true","false"
"/proizvodi/cosmos-lac-master-mechanic-10-mat-500-ml-master-mechanic-ral-paint-10-white-matt","200","true","","Cosmos Lac Master Mechanic RAL 10 White — mat | Carsystem i R-M Inđija","70","1","Master Mechanic 10 White mat u Cosmos Lac katalogu. Proverite namenu i pošaljite upit Carsystem i R-M timu.","107","1","http://localhost:3000/proizvodi/cosmos-lac-master-mechanic-10-mat-500-ml-master-mechanic-ral-paint-10-white-matt","200","false","Cosmos Lac Master Mechanic RAL 10 White — mat","1","H1:Cosmos Lac Master Mechanic RAL 10 White — mat | H2:Dostupne boje | H2:Treba vam savet pri izboru proizvoda? | H2:Katalog | H2:Brendovi | H2:Podrška | H2:Kontakt","sr-Latn","Cosmos Lac Master Mechanic RAL 10 White — mat | Carsystem i R-M Inđija","Master Mechanic 10 White mat u Cosmos Lac katalogu. Proverite namenu i pošaljite upit Carsystem i R-M timu.","","summary","Cosmos Lac Master Mechanic RAL 10 White — mat | Carsystem i R-M Inđija","Master Mechanic 10 White mat u Cosmos Lac katalogu. Proverite namenu i pošaljite upit Carsystem i R-M timu.","","Brand | BreadcrumbList | ListItem | Product","true","39","1","","7","0","7","true","false"
"/proizvodi/cosmos-lac-master-mechanic-10-sjaj-500-ml-master-mechanic-ral-paint-10-black-gloss","200","true","","Cosmos Lac Master Mechanic RAL 10 Black — sjaj | Carsystem i R-M Inđija","71","1","Master Mechanic 10 Black sjaj u Cosmos Lac katalogu. Proverite namenu i pošaljite upit Carsystem i R-M timu.","108","1","http://localhost:3000/proizvodi/cosmos-lac-master-mechanic-10-sjaj-500-ml-master-mechanic-ral-paint-10-black-gloss","200","false","Cosmos Lac Master Mechanic RAL 10 Black — sjaj","1","H1:Cosmos Lac Master Mechanic RAL 10 Black — sjaj | H2:Dostupne boje | H2:Treba vam savet pri izboru proizvoda? | H2:Katalog | H2:Brendovi | H2:Podrška | H2:Kontakt","sr-Latn","Cosmos Lac Master Mechanic RAL 10 Black — sjaj | Carsystem i R-M Inđija","Master Mechanic 10 Black sjaj u Cosmos Lac katalogu. Proverite namenu i pošaljite upit Carsystem i R-M timu.","","summary","Cosmos Lac Master Mechanic RAL 10 Black — sjaj | Carsystem i R-M Inđija","Master Mechanic 10 Black sjaj u Cosmos Lac katalogu. Proverite namenu i pošaljite upit Carsystem i R-M timu.","","Brand | BreadcrumbList | ListItem | Product","true","39","1","","7","0","7","true","false"
"/proizvodi/cosmos-lac-master-mechanic-10-sjaj-500-ml-master-mechanic-ral-paint-10-white-gloss","200","true","","Cosmos Lac Master Mechanic RAL 10 White — sjaj | Carsystem i R-M Inđija","71","1","Master Mechanic 10 White sjaj u Cosmos Lac katalogu. Proverite namenu i pošaljite upit Carsystem i R-M timu.","108","1","http://localhost:3000/proizvodi/cosmos-lac-master-mechanic-10-sjaj-500-ml-master-mechanic-ral-paint-10-white-gloss","200","false","Cosmos Lac Master Mechanic RAL 10 White — sjaj","1","H1:Cosmos Lac Master Mechanic RAL 10 White — sjaj | H2:Dostupne boje | H2:Treba vam savet pri izboru proizvoda? | H2:Katalog | H2:Brendovi | H2:Podrška | H2:Kontakt","sr-Latn","Cosmos Lac Master Mechanic RAL 10 White — sjaj | Carsystem i R-M Inđija","Master Mechanic 10 White sjaj u Cosmos Lac katalogu. Proverite namenu i pošaljite upit Carsystem i R-M timu.","","summary","Cosmos Lac Master Mechanic RAL 10 White — sjaj | Carsystem i R-M Inđija","Master Mechanic 10 White sjaj u Cosmos Lac katalogu. Proverite namenu i pošaljite upit Carsystem i R-M timu.","","Brand | BreadcrumbList | ListItem | Product","true","39","1","","7","0","7","true","false"
"/proizvodi/cosmos-lac-master-mechanic-11-sjaj-500-ml-master-mechanic-bumber-paint-11-black-gloss","200","true","","Cosmos Lac Master Mechanic Bumper Paint 11 Black — sjaj | Carsystem i R-M Inđija","80","1","Master Mechanic 11 Black sjaj u Cosmos Lac katalogu. Proverite namenu i pošaljite upit Carsystem i R-M timu.","108","1","http://localhost:3000/proizvodi/cosmos-lac-master-mechanic-11-sjaj-500-ml-master-mechanic-bumber-paint-11-black-gloss","200","false","Cosmos Lac Master Mechanic Bumper Paint 11 Black — sjaj","1","H1:Cosmos Lac Master Mechanic Bumper Paint 11 Black — sjaj | H2:Dostupne boje | H2:Treba vam savet pri izboru proizvoda? | H2:Katalog | H2:Brendovi | H2:Podrška | H2:Kontakt","sr-Latn","Cosmos Lac Master Mechanic Bumper Paint 11 Black — sjaj | Carsystem i R-M Inđija","Master Mechanic 11 Black sjaj u Cosmos Lac katalogu. Proverite namenu i pošaljite upit Carsystem i R-M timu.","","summary","Cosmos Lac Master Mechanic Bumper Paint 11 Black — sjaj | Carsystem i R-M Inđija","Master Mechanic 11 Black sjaj u Cosmos Lac katalogu. Proverite namenu i pošaljite upit Carsystem i R-M timu.","","Brand | BreadcrumbList | ListItem | Product","true","36","1","","4","0","4","true","false"
"/proizvodi/cosmos-lac-master-mechanic-11s-500-ml-master-mechanic-bumber-paint-11s-black-structure","200","true","","Cosmos Lac Master Mechanic Bumper Paint 11S Black Structure | Carsystem i R-M Inđija","84","1","Master Mechanic 11S Black Structure u Cosmos Lac katalogu. Proverite namenu i pošaljite upit Carsystem i R-M timu.","114","1","http://localhost:3000/proizvodi/cosmos-lac-master-mechanic-11s-500-ml-master-mechanic-bumber-paint-11s-black-structure","200","false","Cosmos Lac Master Mechanic Bumper Paint 11S Black Structure","1","H1:Cosmos Lac Master Mechanic Bumper Paint 11S Black Structure | H2:Dostupne boje | H2:Treba vam savet pri izboru proizvoda? | H2:Katalog | H2:Brendovi | H2:Podrška | H2:Kontakt","sr-Latn","Cosmos Lac Master Mechanic Bumper Paint 11S Black Structure | Carsystem i R-M Inđija","Master Mechanic 11S Black Structure u Cosmos Lac katalogu. Proverite namenu i pošaljite upit Carsystem i R-M timu.","","summary","Cosmos Lac Master Mechanic Bumper Paint 11S Black Structure | Carsystem i R-M Inđija","Master Mechanic 11S Black Structure u Cosmos Lac katalogu. Proverite namenu i pošaljite upit Carsystem i R-M timu.","","Brand | BreadcrumbList | ListItem | Product","true","36","1","","4","0","4","true","false"
"/proizvodi/cosmos-lac-master-mechanic-12-500-ml-master-mechanic-heat-resistant-paint-12-black","200","true","","Cosmos Lac Master Mechanic Heat Resistant Paint 12 Black | Carsystem i R-M Inđija","81","1","Master Mechanic 12 Black u Cosmos Lac katalogu. Proverite namenu i pošaljite upit Carsystem i R-M timu.","103","1","http://localhost:3000/proizvodi/cosmos-lac-master-mechanic-12-500-ml-master-mechanic-heat-resistant-paint-12-black","200","false","Cosmos Lac Master Mechanic Heat Resistant Paint 12 Black","1","H1:Cosmos Lac Master Mechanic Heat Resistant Paint 12 Black | H2:Dostupne boje | H2:Treba vam savet pri izboru proizvoda? | H2:Katalog | H2:Brendovi | H2:Podrška | H2:Kontakt","sr-Latn","Cosmos Lac Master Mechanic Heat Resistant Paint 12 Black | Carsystem i R-M Inđija","Master Mechanic 12 Black u Cosmos Lac katalogu. Proverite namenu i pošaljite upit Carsystem i R-M timu.","","summary","Cosmos Lac Master Mechanic Heat Resistant Paint 12 Black | Carsystem i R-M Inđija","Master Mechanic 12 Black u Cosmos Lac katalogu. Proverite namenu i pošaljite upit Carsystem i R-M timu.","","Brand | BreadcrumbList | ListItem | Product","true","36","1","","4","0","4","true","false"
"/proizvodi/cosmos-lac-master-mechanic-12-500-ml-master-mechanic-heat-resistant-paint-12-silver","200","true","","Cosmos Lac Master Mechanic Heat Resistant Paint 12 Silver | Carsystem i R-M Inđija","82","1","Master Mechanic 12 Silver u Cosmos Lac katalogu. Proverite namenu i pošaljite upit Carsystem i R-M timu.","104","1","http://localhost:3000/proizvodi/cosmos-lac-master-mechanic-12-500-ml-master-mechanic-heat-resistant-paint-12-silver","200","false","Cosmos Lac Master Mechanic Heat Resistant Paint 12 Silver","1","H1:Cosmos Lac Master Mechanic Heat Resistant Paint 12 Silver | H2:Dostupne boje | H2:Treba vam savet pri izboru proizvoda? | H2:Katalog | H2:Brendovi | H2:Podrška | H2:Kontakt","sr-Latn","Cosmos Lac Master Mechanic Heat Resistant Paint 12 Silver | Carsystem i R-M Inđija","Master Mechanic 12 Silver u Cosmos Lac katalogu. Proverite namenu i pošaljite upit Carsystem i R-M timu.","","summary","Cosmos Lac Master Mechanic Heat Resistant Paint 12 Silver | Carsystem i R-M Inđija","Master Mechanic 12 Silver u Cosmos Lac katalogu. Proverite namenu i pošaljite upit Carsystem i R-M timu.","","Brand | BreadcrumbList | ListItem | Product","true","36","1","","4","0","4","true","false"
"/proizvodi/cosmos-lac-master-mechanic-13-500-ml-master-mechanic-antigravel-paintable-13-black","200","true","","Cosmos Lac Master Mechanic Antigravel Paintable 13 Black | Carsystem i R-M Inđija","81","1","Master Mechanic 13 Black u Cosmos Lac katalogu. Proverite namenu i pošaljite upit Carsystem i R-M timu.","103","1","http://localhost:3000/proizvodi/cosmos-lac-master-mechanic-13-500-ml-master-mechanic-antigravel-paintable-13-black","200","false","Cosmos Lac Master Mechanic Antigravel Paintable 13 Black","1","H1:Cosmos Lac Master Mechanic Antigravel Paintable 13 Black | H2:Dostupne boje | H2:Treba vam savet pri izboru proizvoda? | H2:Katalog | H2:Brendovi | H2:Podrška | H2:Kontakt","sr-Latn","Cosmos Lac Master Mechanic Antigravel Paintable 13 Black | Carsystem i R-M Inđija","Master Mechanic 13 Black u Cosmos Lac katalogu. Proverite namenu i pošaljite upit Carsystem i R-M timu.","","summary","Cosmos Lac Master Mechanic Antigravel Paintable 13 Black | Carsystem i R-M Inđija","Master Mechanic 13 Black u Cosmos Lac katalogu. Proverite namenu i pošaljite upit Carsystem i R-M timu.","","Brand | BreadcrumbList | ListItem | Product","true","37","1","","5","0","5","true","false"
"/proizvodi/cosmos-lac-master-mechanic-13-500-ml-master-mechanic-antigravel-paintable-13-grey","200","true","","Cosmos Lac Master Mechanic Antigravel Paintable 13 Grey | Carsystem i R-M Inđija","80","1","Master Mechanic 13 Grey u Cosmos Lac katalogu. Proverite namenu i pošaljite upit Carsystem i R-M timu.","102","1","http://localhost:3000/proizvodi/cosmos-lac-master-mechanic-13-500-ml-master-mechanic-antigravel-paintable-13-grey","200","false","Cosmos Lac Master Mechanic Antigravel Paintable 13 Grey","1","H1:Cosmos Lac Master Mechanic Antigravel Paintable 13 Grey | H2:Dostupne boje | H2:Treba vam savet pri izboru proizvoda? | H2:Katalog | H2:Brendovi | H2:Podrška | H2:Kontakt","sr-Latn","Cosmos Lac Master Mechanic Antigravel Paintable 13 Grey | Carsystem i R-M Inđija","Master Mechanic 13 Grey u Cosmos Lac katalogu. Proverite namenu i pošaljite upit Carsystem i R-M timu.","","summary","Cosmos Lac Master Mechanic Antigravel Paintable 13 Grey | Carsystem i R-M Inđija","Master Mechanic 13 Grey u Cosmos Lac katalogu. Proverite namenu i pošaljite upit Carsystem i R-M timu.","","Brand | BreadcrumbList | ListItem | Product","true","37","1","","5","0","5","true","false"
"/proizvodi/cosmos-lac-master-mechanic-13-500-ml-master-mechanic-antigravel-paintable-13-white","200","true","","Cosmos Lac Master Mechanic Antigravel Paintable 13 White | Carsystem i R-M Inđija","81","1","Master Mechanic 13 White u Cosmos Lac katalogu. Proverite namenu i pošaljite upit Carsystem i R-M timu.","103","1","http://localhost:3000/proizvodi/cosmos-lac-master-mechanic-13-500-ml-master-mechanic-antigravel-paintable-13-white","200","false","Cosmos Lac Master Mechanic Antigravel Paintable 13 White","1","H1:Cosmos Lac Master Mechanic Antigravel Paintable 13 White | H2:Dostupne boje | H2:Treba vam savet pri izboru proizvoda? | H2:Katalog | H2:Brendovi | H2:Podrška | H2:Kontakt","sr-Latn","Cosmos Lac Master Mechanic Antigravel Paintable 13 White | Carsystem i R-M Inđija","Master Mechanic 13 White u Cosmos Lac katalogu. Proverite namenu i pošaljite upit Carsystem i R-M timu.","","summary","Cosmos Lac Master Mechanic Antigravel Paintable 13 White | Carsystem i R-M Inđija","Master Mechanic 13 White u Cosmos Lac katalogu. Proverite namenu i pošaljite upit Carsystem i R-M timu.","","Brand | BreadcrumbList | ListItem | Product","true","37","1","","5","0","5","true","false"
"/proizvodi/cosmos-lac-master-mechanic-14-500-ml-master-mechanic-wheel-paint-14-black","200","true","","Cosmos Lac Master Mechanic Wheel Paint 14 Black | Carsystem i R-M Inđija","72","1","Master Mechanic 14 Black u Cosmos Lac katalogu. Proverite namenu i pošaljite upit Carsystem i R-M timu.","103","1","http://localhost:3000/proizvodi/cosmos-lac-master-mechanic-14-500-ml-master-mechanic-wheel-paint-14-black","200","false","Cosmos Lac Master Mechanic Wheel Paint 14 Black","1","H1:Cosmos Lac Master Mechanic Wheel Paint 14 Black | H2:Dostupne boje | H2:Treba vam savet pri izboru proizvoda? | H2:Katalog | H2:Brendovi | H2:Podrška | H2:Kontakt","sr-Latn","Cosmos Lac Master Mechanic Wheel Paint 14 Black | Carsystem i R-M Inđija","Master Mechanic 14 Black u Cosmos Lac katalogu. Proverite namenu i pošaljite upit Carsystem i R-M timu.","","summary","Cosmos Lac Master Mechanic Wheel Paint 14 Black | Carsystem i R-M Inđija","Master Mechanic 14 Black u Cosmos Lac katalogu. Proverite namenu i pošaljite upit Carsystem i R-M timu.","","Brand | BreadcrumbList | ListItem | Product","true","36","1","","4","0","4","true","false"
"/proizvodi/cosmos-lac-master-mechanic-14-500-ml-master-mechanic-wheel-paint-14-silver","200","true","","Cosmos Lac Master Mechanic Wheel Paint 14 Silver | Carsystem i R-M Inđija","73","1","Master Mechanic 14 Silver u Cosmos Lac katalogu. Proverite namenu i pošaljite upit Carsystem i R-M timu.","104","1","http://localhost:3000/proizvodi/cosmos-lac-master-mechanic-14-500-ml-master-mechanic-wheel-paint-14-silver","200","false","Cosmos Lac Master Mechanic Wheel Paint 14 Silver","1","H1:Cosmos Lac Master Mechanic Wheel Paint 14 Silver | H2:Dostupne boje | H2:Treba vam savet pri izboru proizvoda? | H2:Katalog | H2:Brendovi | H2:Podrška | H2:Kontakt","sr-Latn","Cosmos Lac Master Mechanic Wheel Paint 14 Silver | Carsystem i R-M Inđija","Master Mechanic 14 Silver u Cosmos Lac katalogu. Proverite namenu i pošaljite upit Carsystem i R-M timu.","","summary","Cosmos Lac Master Mechanic Wheel Paint 14 Silver | Carsystem i R-M Inđija","Master Mechanic 14 Silver u Cosmos Lac katalogu. Proverite namenu i pošaljite upit Carsystem i R-M timu.","","Brand | BreadcrumbList | ListItem | Product","true","36","1","","4","0","4","true","false"
"/proizvodi/cosmos-lac-master-mechanic-15-500-ml-master-mechanic-brake-caliper-paint-15-blue","200","true","","Cosmos Lac Master Mechanic Brake Caliper Paint 15 Blue | Carsystem i R-M Inđija","79","1","Master Mechanic 15 Blue u Cosmos Lac katalogu. Proverite namenu i pošaljite upit Carsystem i R-M timu.","102","1","http://localhost:3000/proizvodi/cosmos-lac-master-mechanic-15-500-ml-master-mechanic-brake-caliper-paint-15-blue","200","false","Cosmos Lac Master Mechanic Brake Caliper Paint 15 Blue","1","H1:Cosmos Lac Master Mechanic Brake Caliper Paint 15 Blue | H2:Dostupne boje | H2:Treba vam savet pri izboru proizvoda? | H2:Katalog | H2:Brendovi | H2:Podrška | H2:Kontakt","sr-Latn","Cosmos Lac Master Mechanic Brake Caliper Paint 15 Blue | Carsystem i R-M Inđija","Master Mechanic 15 Blue u Cosmos Lac katalogu. Proverite namenu i pošaljite upit Carsystem i R-M timu.","","summary","Cosmos Lac Master Mechanic Brake Caliper Paint 15 Blue | Carsystem i R-M Inđija","Master Mechanic 15 Blue u Cosmos Lac katalogu. Proverite namenu i pošaljite upit Carsystem i R-M timu.","","Brand | BreadcrumbList | ListItem | Product","true","37","1","","5","0","5","true","false"
"/proizvodi/cosmos-lac-master-mechanic-15-500-ml-master-mechanic-brake-caliper-paint-15-red","200","true","","Cosmos Lac Master Mechanic Brake Caliper Paint 15 Red | Carsystem i R-M Inđija","78","1","Master Mechanic 15 Red u Cosmos Lac katalogu. Proverite namenu i pošaljite upit Carsystem i R-M timu.","101","1","http://localhost:3000/proizvodi/cosmos-lac-master-mechanic-15-500-ml-master-mechanic-brake-caliper-paint-15-red","200","false","Cosmos Lac Master Mechanic Brake Caliper Paint 15 Red","1","H1:Cosmos Lac Master Mechanic Brake Caliper Paint 15 Red | H2:Dostupne boje | H2:Treba vam savet pri izboru proizvoda? | H2:Katalog | H2:Brendovi | H2:Podrška | H2:Kontakt","sr-Latn","Cosmos Lac Master Mechanic Brake Caliper Paint 15 Red | Carsystem i R-M Inđija","Master Mechanic 15 Red u Cosmos Lac katalogu. Proverite namenu i pošaljite upit Carsystem i R-M timu.","","summary","Cosmos Lac Master Mechanic Brake Caliper Paint 15 Red | Carsystem i R-M Inđija","Master Mechanic 15 Red u Cosmos Lac katalogu. Proverite namenu i pošaljite upit Carsystem i R-M timu.","","Brand | BreadcrumbList | ListItem | Product","true","37","1","","5","0","5","true","false"
"/proizvodi/cosmos-lac-master-mechanic-15-500-ml-master-mechanic-brake-caliper-paint-15-yellow","200","true","","Cosmos Lac Master Mechanic Brake Caliper Paint 15 Yellow | Carsystem i R-M Inđija","81","1","Master Mechanic 15 Yellow u Cosmos Lac katalogu. Proverite namenu i pošaljite upit Carsystem i R-M timu.","104","1","http://localhost:3000/proizvodi/cosmos-lac-master-mechanic-15-500-ml-master-mechanic-brake-caliper-paint-15-yellow","200","false","Cosmos Lac Master Mechanic Brake Caliper Paint 15 Yellow","1","H1:Cosmos Lac Master Mechanic Brake Caliper Paint 15 Yellow | H2:Dostupne boje | H2:Treba vam savet pri izboru proizvoda? | H2:Katalog | H2:Brendovi | H2:Podrška | H2:Kontakt","sr-Latn","Cosmos Lac Master Mechanic Brake Caliper Paint 15 Yellow | Carsystem i R-M Inđija","Master Mechanic 15 Yellow u Cosmos Lac katalogu. Proverite namenu i pošaljite upit Carsystem i R-M timu.","","summary","Cosmos Lac Master Mechanic Brake Caliper Paint 15 Yellow | Carsystem i R-M Inđija","Master Mechanic 15 Yellow u Cosmos Lac katalogu. Proverite namenu i pošaljite upit Carsystem i R-M timu.","","Brand | BreadcrumbList | ListItem | Product","true","37","1","","5","0","5","true","false"
"/proizvodi/cosmos-lac-master-mechanic-20-providna-500-ml-master-mechanic-clear-coat-20-transparent","200","true","","Cosmos Lac Master Mechanic Clear Coat 20 Transparent — providna | Carsystem i R-M Inđija","88","1","Master Mechanic 20 Transparent providna u Cosmos Lac katalogu. Proverite namenu i pošaljite upit Carsystem i R-M timu.","118","1","http://localhost:3000/proizvodi/cosmos-lac-master-mechanic-20-providna-500-ml-master-mechanic-clear-coat-20-transparent","200","false","Cosmos Lac Master Mechanic Clear Coat 20 Transparent — providna","1","H1:Cosmos Lac Master Mechanic Clear Coat 20 Transparent — providna | H2:Treba vam savet pri izboru proizvoda? | H2:Katalog | H2:Brendovi | H2:Podrška | H2:Kontakt","sr-Latn","Cosmos Lac Master Mechanic Clear Coat 20 Transparent — providna | Carsystem i R-M Inđija","Master Mechanic 20 Transparent providna u Cosmos Lac katalogu. Proverite namenu i pošaljite upit Carsystem i R-M timu.","","summary","Cosmos Lac Master Mechanic Clear Coat 20 Transparent — providna | Carsystem i R-M Inđija","Master Mechanic 20 Transparent providna u Cosmos Lac katalogu. Proverite namenu i pošaljite upit Carsystem i R-M timu.","","Brand | BreadcrumbList | ListItem | Product","true","34","1","","2","0","2","true","true"
"/proizvodi/cosmos-lac-metallic-332-400-ml-metallic-effect-332-blue","200","true","","Cosmos Lac Metallic Metallic Effect 332 Blue | Carsystem i R-M Inđija","69","1","Metallic 332 Blue u Cosmos Lac katalogu. Proverite namenu i pošaljite upit Carsystem i R-M timu.","96","1","http://localhost:3000/proizvodi/cosmos-lac-metallic-332-400-ml-metallic-effect-332-blue","200","false","Cosmos Lac Metallic Metallic Effect 332 Blue","1","H1:Cosmos Lac Metallic Metallic Effect 332 Blue | H2:Dostupne boje | H2:Treba vam savet pri izboru proizvoda? | H2:Katalog | H2:Brendovi | H2:Podrška | H2:Kontakt","sr-Latn","Cosmos Lac Metallic Metallic Effect 332 Blue | Carsystem i R-M Inđija","Metallic 332 Blue u Cosmos Lac katalogu. Proverite namenu i pošaljite upit Carsystem i R-M timu.","","summary","Cosmos Lac Metallic Metallic Effect 332 Blue | Carsystem i R-M Inđija","Metallic 332 Blue u Cosmos Lac katalogu. Proverite namenu i pošaljite upit Carsystem i R-M timu.","","Brand | BreadcrumbList | ListItem | Product","true","39","1","","7","0","7","true","false"
"/proizvodi/cosmos-lac-metallic-334-400-ml-metallic-effect-334-green","200","true","","Cosmos Lac Metallic Metallic Effect 334 Green | Carsystem i R-M Inđija","70","1","Metallic 334 Green u Cosmos Lac katalogu. Proverite namenu i pošaljite upit Carsystem i R-M timu.","97","1","http://localhost:3000/proizvodi/cosmos-lac-metallic-334-400-ml-metallic-effect-334-green","200","false","Cosmos Lac Metallic Metallic Effect 334 Green","1","H1:Cosmos Lac Metallic Metallic Effect 334 Green | H2:Dostupne boje | H2:Treba vam savet pri izboru proizvoda? | H2:Katalog | H2:Brendovi | H2:Podrška | H2:Kontakt","sr-Latn","Cosmos Lac Metallic Metallic Effect 334 Green | Carsystem i R-M Inđija","Metallic 334 Green u Cosmos Lac katalogu. Proverite namenu i pošaljite upit Carsystem i R-M timu.","","summary","Cosmos Lac Metallic Metallic Effect 334 Green | Carsystem i R-M Inđija","Metallic 334 Green u Cosmos Lac katalogu. Proverite namenu i pošaljite upit Carsystem i R-M timu.","","Brand | BreadcrumbList | ListItem | Product","true","39","1","","7","0","7","true","false"
"/proizvodi/cosmos-lac-metallic-335-400-ml-metallic-effect-335-black","200","true","","Cosmos Lac Metallic Metallic Effect 335 Black | Carsystem i R-M Inđija","70","1","Metallic 335 Black u Cosmos Lac katalogu. Proverite namenu i pošaljite upit Carsystem i R-M timu.","97","1","http://localhost:3000/proizvodi/cosmos-lac-metallic-335-400-ml-metallic-effect-335-black","200","false","Cosmos Lac Metallic Metallic Effect 335 Black","1","H1:Cosmos Lac Metallic Metallic Effect 335 Black | H2:Dostupne boje | H2:Treba vam savet pri izboru proizvoda? | H2:Katalog | H2:Brendovi | H2:Podrška | H2:Kontakt","sr-Latn","Cosmos Lac Metallic Metallic Effect 335 Black | Carsystem i R-M Inđija","Metallic 335 Black u Cosmos Lac katalogu. Proverite namenu i pošaljite upit Carsystem i R-M timu.","","summary","Cosmos Lac Metallic Metallic Effect 335 Black | Carsystem i R-M Inđija","Metallic 335 Black u Cosmos Lac katalogu. Proverite namenu i pošaljite upit Carsystem i R-M timu.","","Brand | BreadcrumbList | ListItem | Product","true","39","1","","7","0","7","true","false"
"/proizvodi/cosmos-lac-metallic-336-400-ml-metallic-effect-336-red","200","true","","Cosmos Lac Metallic Metallic Effect 336 Red | Carsystem i R-M Inđija","68","1","Metallic 336 Red u Cosmos Lac katalogu. Proverite namenu i pošaljite upit Carsystem i R-M timu.","95","1","http://localhost:3000/proizvodi/cosmos-lac-metallic-336-400-ml-metallic-effect-336-red","200","false","Cosmos Lac Metallic Metallic Effect 336 Red","1","H1:Cosmos Lac Metallic Metallic Effect 336 Red | H2:Dostupne boje | H2:Treba vam savet pri izboru proizvoda? | H2:Katalog | H2:Brendovi | H2:Podrška | H2:Kontakt","sr-Latn","Cosmos Lac Metallic Metallic Effect 336 Red | Carsystem i R-M Inđija","Metallic 336 Red u Cosmos Lac katalogu. Proverite namenu i pošaljite upit Carsystem i R-M timu.","","summary","Cosmos Lac Metallic Metallic Effect 336 Red | Carsystem i R-M Inđija","Metallic 336 Red u Cosmos Lac katalogu. Proverite namenu i pošaljite upit Carsystem i R-M timu.","","Brand | BreadcrumbList | ListItem | Product","true","39","1","","7","0","7","true","false"
"/proizvodi/cosmos-lac-metallic-338-400-ml-metallic-effect-338-silver","200","true","","Cosmos Lac Metallic Metallic Effect 338 Silver | Carsystem i R-M Inđija","71","1","Metallic 338 Silver u Cosmos Lac katalogu. Proverite namenu i pošaljite upit Carsystem i R-M timu.","98","1","http://localhost:3000/proizvodi/cosmos-lac-metallic-338-400-ml-metallic-effect-338-silver","200","false","Cosmos Lac Metallic Metallic Effect 338 Silver","1","H1:Cosmos Lac Metallic Metallic Effect 338 Silver | H2:Dostupne boje | H2:Treba vam savet pri izboru proizvoda? | H2:Katalog | H2:Brendovi | H2:Podrška | H2:Kontakt","sr-Latn","Cosmos Lac Metallic Metallic Effect 338 Silver | Carsystem i R-M Inđija","Metallic 338 Silver u Cosmos Lac katalogu. Proverite namenu i pošaljite upit Carsystem i R-M timu.","","summary","Cosmos Lac Metallic Metallic Effect 338 Silver | Carsystem i R-M Inđija","Metallic 338 Silver u Cosmos Lac katalogu. Proverite namenu i pošaljite upit Carsystem i R-M timu.","","Brand | BreadcrumbList | ListItem | Product","true","39","1","","7","0","7","true","false"
"/proizvodi/cosmos-lac-molotow-burner-400-ml-mb-400ml-chrome","200","true","","Cosmos Lac Molotow Burner Chrome 400 ml | Carsystem i R-M Inđija","64","1","Molotow Burner Chrome u Cosmos Lac katalogu. Proverite namenu i pošaljite upit Carsystem i R-M timu.","100","3","http://localhost:3000/proizvodi/cosmos-lac-molotow-burner-400-ml-mb-400ml-chrome","200","false","Cosmos Lac Molotow Burner Chrome 400 ml","1","H1:Cosmos Lac Molotow Burner Chrome 400 ml | H2:Dostupne boje | H2:Treba vam savet pri izboru proizvoda? | H2:Katalog | H2:Brendovi | H2:Podrška | H2:Kontakt","sr-Latn","Cosmos Lac Molotow Burner Chrome 400 ml | Carsystem i R-M Inđija","Molotow Burner Chrome u Cosmos Lac katalogu. Proverite namenu i pošaljite upit Carsystem i R-M timu.","","summary","Cosmos Lac Molotow Burner Chrome 400 ml | Carsystem i R-M Inđija","Molotow Burner Chrome u Cosmos Lac katalogu. Proverite namenu i pošaljite upit Carsystem i R-M timu.","","Brand | BreadcrumbList | ListItem | Product","true","41","1","","9","0","9","true","false"
"/proizvodi/cosmos-lac-molotow-burner-500-ml-mb-500ml-30-years-chrome","200","true","","Cosmos Lac Molotow Burner Chrome 500 ml | Carsystem i R-M Inđija","64","1","Molotow Burner Chrome u Cosmos Lac katalogu. Proverite namenu i pošaljite upit Carsystem i R-M timu.","100","3","http://localhost:3000/proizvodi/cosmos-lac-molotow-burner-500-ml-mb-500ml-30-years-chrome","200","false","Cosmos Lac Molotow Burner Chrome 500 ml","1","H1:Cosmos Lac Molotow Burner Chrome 500 ml | H2:Dostupne boje | H2:Treba vam savet pri izboru proizvoda? | H2:Katalog | H2:Brendovi | H2:Podrška | H2:Kontakt","sr-Latn","Cosmos Lac Molotow Burner Chrome 500 ml | Carsystem i R-M Inđija","Molotow Burner Chrome u Cosmos Lac katalogu. Proverite namenu i pošaljite upit Carsystem i R-M timu.","","summary","Cosmos Lac Molotow Burner Chrome 500 ml | Carsystem i R-M Inđija","Molotow Burner Chrome u Cosmos Lac katalogu. Proverite namenu i pošaljite upit Carsystem i R-M timu.","","Brand | BreadcrumbList | ListItem | Product","true","41","1","","9","0","9","true","false"
"/proizvodi/cosmos-lac-molotow-burner-500-ml-mb-500ml-outline-black","200","true","","Cosmos Lac Molotow Burner Outline Black 500 ml | Carsystem i R-M Inđija","71","1","Molotow Burner Outline Black u Cosmos Lac katalogu. Proverite namenu i pošaljite upit Carsystem i R-M timu.","107","1","http://localhost:3000/proizvodi/cosmos-lac-molotow-burner-500-ml-mb-500ml-outline-black","200","false","Cosmos Lac Molotow Burner Outline Black 500 ml","1","H1:Cosmos Lac Molotow Burner Outline Black 500 ml | H2:Dostupne boje | H2:Treba vam savet pri izboru proizvoda? | H2:Katalog | H2:Brendovi | H2:Podrška | H2:Kontakt","sr-Latn","Cosmos Lac Molotow Burner Outline Black 500 ml | Carsystem i R-M Inđija","Molotow Burner Outline Black u Cosmos Lac katalogu. Proverite namenu i pošaljite upit Carsystem i R-M timu.","","summary","Cosmos Lac Molotow Burner Outline Black 500 ml | Carsystem i R-M Inđija","Molotow Burner Outline Black u Cosmos Lac katalogu. Proverite namenu i pošaljite upit Carsystem i R-M timu.","","Brand | BreadcrumbList | ListItem | Product","true","41","1","","9","0","9","true","false"
"/proizvodi/cosmos-lac-molotow-burner-600-ml-mb-600ml-30-years-chrome","200","true","","Cosmos Lac Molotow Burner Chrome 600 ml | Carsystem i R-M Inđija","64","1","Molotow Burner Chrome u Cosmos Lac katalogu. Proverite namenu i pošaljite upit Carsystem i R-M timu.","100","3","http://localhost:3000/proizvodi/cosmos-lac-molotow-burner-600-ml-mb-600ml-30-years-chrome","200","false","Cosmos Lac Molotow Burner Chrome 600 ml","1","H1:Cosmos Lac Molotow Burner Chrome 600 ml | H2:Dostupne boje | H2:Treba vam savet pri izboru proizvoda? | H2:Katalog | H2:Brendovi | H2:Podrška | H2:Kontakt","sr-Latn","Cosmos Lac Molotow Burner Chrome 600 ml | Carsystem i R-M Inđija","Molotow Burner Chrome u Cosmos Lac katalogu. Proverite namenu i pošaljite upit Carsystem i R-M timu.","","summary","Cosmos Lac Molotow Burner Chrome 600 ml | Carsystem i R-M Inđija","Molotow Burner Chrome u Cosmos Lac katalogu. Proverite namenu i pošaljite upit Carsystem i R-M timu.","","Brand | BreadcrumbList | ListItem | Product","true","41","1","","9","0","9","true","false"
"/proizvodi/cosmos-lac-molotow-burner-600-ml-mb-600ml-black","200","true","","Cosmos Lac Molotow Burner Black 600 ml | Carsystem i R-M Inđija","63","1","Molotow Burner Black u Cosmos Lac katalogu. Proverite namenu i pošaljite upit Carsystem i R-M timu.","99","1","http://localhost:3000/proizvodi/cosmos-lac-molotow-burner-600-ml-mb-600ml-black","200","false","Cosmos Lac Molotow Burner Black 600 ml","1","H1:Cosmos Lac Molotow Burner Black 600 ml | H2:Dostupne boje | H2:Treba vam savet pri izboru proizvoda? | H2:Katalog | H2:Brendovi | H2:Podrška | H2:Kontakt","sr-Latn","Cosmos Lac Molotow Burner Black 600 ml | Carsystem i R-M Inđija","Molotow Burner Black u Cosmos Lac katalogu. Proverite namenu i pošaljite upit Carsystem i R-M timu.","","summary","Cosmos Lac Molotow Burner Black 600 ml | Carsystem i R-M Inđija","Molotow Burner Black u Cosmos Lac katalogu. Proverite namenu i pošaljite upit Carsystem i R-M timu.","","Brand | BreadcrumbList | ListItem | Product","true","41","1","","9","0","9","true","false"
"/proizvodi/cosmos-lac-molotow-burner-600-ml-mb-600ml-copper","200","true","","Cosmos Lac Molotow Burner Copper 600 ml | Carsystem i R-M Inđija","64","1","Molotow Burner Copper u Cosmos Lac katalogu. Proverite namenu i pošaljite upit Carsystem i R-M timu.","100","1","http://localhost:3000/proizvodi/cosmos-lac-molotow-burner-600-ml-mb-600ml-copper","200","false","Cosmos Lac Molotow Burner Copper 600 ml","1","H1:Cosmos Lac Molotow Burner Copper 600 ml | H2:Dostupne boje | H2:Treba vam savet pri izboru proizvoda? | H2:Katalog | H2:Brendovi | H2:Podrška | H2:Kontakt","sr-Latn","Cosmos Lac Molotow Burner Copper 600 ml | Carsystem i R-M Inđija","Molotow Burner Copper u Cosmos Lac katalogu. Proverite namenu i pošaljite upit Carsystem i R-M timu.","","summary","Cosmos Lac Molotow Burner Copper 600 ml | Carsystem i R-M Inđija","Molotow Burner Copper u Cosmos Lac katalogu. Proverite namenu i pošaljite upit Carsystem i R-M timu.","","Brand | BreadcrumbList | ListItem | Product","true","41","1","","9","0","9","true","false"
"/proizvodi/cosmos-lac-molotow-burner-600-ml-mb-600ml-gold","200","true","","Cosmos Lac Molotow Burner Gold 600 ml | Carsystem i R-M Inđija","62","1","Molotow Burner Gold u Cosmos Lac katalogu. Proverite namenu i pošaljite upit Carsystem i R-M timu.","98","1","http://localhost:3000/proizvodi/cosmos-lac-molotow-burner-600-ml-mb-600ml-gold","200","false","Cosmos Lac Molotow Burner Gold 600 ml","1","H1:Cosmos Lac Molotow Burner Gold 600 ml | H2:Dostupne boje | H2:Treba vam savet pri izboru proizvoda? | H2:Katalog | H2:Brendovi | H2:Podrška | H2:Kontakt","sr-Latn","Cosmos Lac Molotow Burner Gold 600 ml | Carsystem i R-M Inđija","Molotow Burner Gold u Cosmos Lac katalogu. Proverite namenu i pošaljite upit Carsystem i R-M timu.","","summary","Cosmos Lac Molotow Burner Gold 600 ml | Carsystem i R-M Inđija","Molotow Burner Gold u Cosmos Lac katalogu. Proverite namenu i pošaljite upit Carsystem i R-M timu.","","Brand | BreadcrumbList | ListItem | Product","true","41","1","","9","0","9","true","false"
"/proizvodi/cosmos-lac-molotow-premium-mp-001-400-ml-mp-001-jasmine-yellow","200","true","","Cosmos Lac Molotow Premium MP-001 Jasmine Yellow | Carsystem i R-M Inđija","73","1","Molotow Premium MP-001 Jasmine Yellow u Cosmos Lac katalogu. Proverite namenu i pošaljite upit Carsystem i R-M timu.","116","1","http://localhost:3000/proizvodi/cosmos-lac-molotow-premium-mp-001-400-ml-mp-001-jasmine-yellow","200","false","Cosmos Lac Molotow Premium MP-001 Jasmine Yellow","1","H1:Cosmos Lac Molotow Premium MP-001 Jasmine Yellow | H2:Dostupne boje | H2:Treba vam savet pri izboru proizvoda? | H2:Katalog | H2:Brendovi | H2:Podrška | H2:Kontakt","sr-Latn","Cosmos Lac Molotow Premium MP-001 Jasmine Yellow | Carsystem i R-M Inđija","Molotow Premium MP-001 Jasmine Yellow u Cosmos Lac katalogu. Proverite namenu i pošaljite upit Carsystem i R-M timu.","","summary","Cosmos Lac Molotow Premium MP-001 Jasmine Yellow | Carsystem i R-M Inđija","Molotow Premium MP-001 Jasmine Yellow u Cosmos Lac katalogu. Proverite namenu i pošaljite upit Carsystem i R-M timu.","","Brand | BreadcrumbList | ListItem | Product","true","100","1","","68","0","68","true","false"
"/proizvodi/cosmos-lac-molotow-premium-mp-002-400-ml-mp-002-zinc-yellow","200","true","","Cosmos Lac Molotow Premium MP-002 Zinc Yellow | Carsystem i R-M Inđija","70","1","Molotow Premium MP-002 Zinc Yellow u Cosmos Lac katalogu. Proverite namenu i pošaljite upit Carsystem i R-M timu.","113","1","http://localhost:3000/proizvodi/cosmos-lac-molotow-premium-mp-002-400-ml-mp-002-zinc-yellow","200","false","Cosmos Lac Molotow Premium MP-002 Zinc Yellow","1","H1:Cosmos Lac Molotow Premium MP-002 Zinc Yellow | H2:Dostupne boje | H2:Treba vam savet pri izboru proizvoda? | H2:Katalog | H2:Brendovi | H2:Podrška | H2:Kontakt","sr-Latn","Cosmos Lac Molotow Premium MP-002 Zinc Yellow | Carsystem i R-M Inđija","Molotow Premium MP-002 Zinc Yellow u Cosmos Lac katalogu. Proverite namenu i pošaljite upit Carsystem i R-M timu.","","summary","Cosmos Lac Molotow Premium MP-002 Zinc Yellow | Carsystem i R-M Inđija","Molotow Premium MP-002 Zinc Yellow u Cosmos Lac katalogu. Proverite namenu i pošaljite upit Carsystem i R-M timu.","","Brand | BreadcrumbList | ListItem | Product","true","100","1","","68","0","68","true","false"
"/proizvodi/cosmos-lac-molotow-premium-mp-003-400-ml-mp-003-cadmium-yellow","200","true","","Cosmos Lac Molotow Premium MP-003 Cadmium Yellow | Carsystem i R-M Inđija","73","1","Molotow Premium MP-003 Cadmium Yellow u Cosmos Lac katalogu. Proverite namenu i pošaljite upit Carsystem i R-M timu.","116","1","http://localhost:3000/proizvodi/cosmos-lac-molotow-premium-mp-003-400-ml-mp-003-cadmium-yellow","200","false","Cosmos Lac Molotow Premium MP-003 Cadmium Yellow","1","H1:Cosmos Lac Molotow Premium MP-003 Cadmium Yellow | H2:Dostupne boje | H2:Treba vam savet pri izboru proizvoda? | H2:Katalog | H2:Brendovi | H2:Podrška | H2:Kontakt","sr-Latn","Cosmos Lac Molotow Premium MP-003 Cadmium Yellow | Carsystem i R-M Inđija","Molotow Premium MP-003 Cadmium Yellow u Cosmos Lac katalogu. Proverite namenu i pošaljite upit Carsystem i R-M timu.","","summary","Cosmos Lac Molotow Premium MP-003 Cadmium Yellow | Carsystem i R-M Inđija","Molotow Premium MP-003 Cadmium Yellow u Cosmos Lac katalogu. Proverite namenu i pošaljite upit Carsystem i R-M timu.","","Brand | BreadcrumbList | ListItem | Product","true","100","1","","68","0","68","true","false"
"/proizvodi/cosmos-lac-molotow-premium-mp-004-400-ml-mp-004-signal-yellow","200","true","","Cosmos Lac Molotow Premium MP-004 Signal Yellow | Carsystem i R-M Inđija","72","1","Molotow Premium MP-004 Signal Yellow u Cosmos Lac katalogu. Proverite namenu i pošaljite upit Carsystem i R-M timu.","115","1","http://localhost:3000/proizvodi/cosmos-lac-molotow-premium-mp-004-400-ml-mp-004-signal-yellow","200","false","Cosmos Lac Molotow Premium MP-004 Signal Yellow","1","H1:Cosmos Lac Molotow Premium MP-004 Signal Yellow | H2:Dostupne boje | H2:Treba vam savet pri izboru proizvoda? | H2:Katalog | H2:Brendovi | H2:Podrška | H2:Kontakt","sr-Latn","Cosmos Lac Molotow Premium MP-004 Signal Yellow | Carsystem i R-M Inđija","Molotow Premium MP-004 Signal Yellow u Cosmos Lac katalogu. Proverite namenu i pošaljite upit Carsystem i R-M timu.","","summary","Cosmos Lac Molotow Premium MP-004 Signal Yellow | Carsystem i R-M Inđija","Molotow Premium MP-004 Signal Yellow u Cosmos Lac katalogu. Proverite namenu i pošaljite upit Carsystem i R-M timu.","","Brand | BreadcrumbList | ListItem | Product","true","100","1","","68","0","68","true","false"
"/proizvodi/cosmos-lac-molotow-premium-mp-005-400-ml-mp-005-nature-white","200","true","","Cosmos Lac Molotow Premium MP-005 Nature White | Carsystem i R-M Inđija","71","1","Molotow Premium MP-005 Nature White u Cosmos Lac katalogu. Proverite namenu i pošaljite upit Carsystem i R-M timu.","114","1","http://localhost:3000/proizvodi/cosmos-lac-molotow-premium-mp-005-400-ml-mp-005-nature-white","200","false","Cosmos Lac Molotow Premium MP-005 Nature White","1","H1:Cosmos Lac Molotow Premium MP-005 Nature White | H2:Dostupne boje | H2:Treba vam savet pri izboru proizvoda? | H2:Katalog | H2:Brendovi | H2:Podrška | H2:Kontakt","sr-Latn","Cosmos Lac Molotow Premium MP-005 Nature White | Carsystem i R-M Inđija","Molotow Premium MP-005 Nature White u Cosmos Lac katalogu. Proverite namenu i pošaljite upit Carsystem i R-M timu.","","summary","Cosmos Lac Molotow Premium MP-005 Nature White | Carsystem i R-M Inđija","Molotow Premium MP-005 Nature White u Cosmos Lac katalogu. Proverite namenu i pošaljite upit Carsystem i R-M timu.","","Brand | BreadcrumbList | ListItem | Product","true","100","1","","68","0","68","true","false"
"/proizvodi/cosmos-lac-molotow-premium-mp-006-400-ml-mp-006-vanilla","200","true","","Cosmos Lac Molotow Premium MP-006 Vanilla | Carsystem i R-M Inđija","66","1","Molotow Premium MP-006 Vanilla u Cosmos Lac katalogu. Proverite namenu i pošaljite upit Carsystem i R-M timu.","109","1","http://localhost:3000/proizvodi/cosmos-lac-molotow-premium-mp-006-400-ml-mp-006-vanilla","200","false","Cosmos Lac Molotow Premium MP-006 Vanilla","1","H1:Cosmos Lac Molotow Premium MP-006 Vanilla | H2:Dostupne boje | H2:Treba vam savet pri izboru proizvoda? | H2:Katalog | H2:Brendovi | H2:Podrška | H2:Kontakt","sr-Latn","Cosmos Lac Molotow Premium MP-006 Vanilla | Carsystem i R-M Inđija","Molotow Premium MP-006 Vanilla u Cosmos Lac katalogu. Proverite namenu i pošaljite upit Carsystem i R-M timu.","","summary","Cosmos Lac Molotow Premium MP-006 Vanilla | Carsystem i R-M Inđija","Molotow Premium MP-006 Vanilla u Cosmos Lac katalogu. Proverite namenu i pošaljite upit Carsystem i R-M timu.","","Brand | BreadcrumbList | ListItem | Product","true","100","1","","68","0","68","true","false"
"/proizvodi/cosmos-lac-molotow-premium-mp-009-400-ml-mp-009-golden-yellow","200","true","","Cosmos Lac Molotow Premium MP-009 Golden Yellow | Carsystem i R-M Inđija","72","1","Molotow Premium MP-009 Golden Yellow u Cosmos Lac katalogu. Proverite namenu i pošaljite upit Carsystem i R-M timu.","115","1","http://localhost:3000/proizvodi/cosmos-lac-molotow-premium-mp-009-400-ml-mp-009-golden-yellow","200","false","Cosmos Lac Molotow Premium MP-009 Golden Yellow","1","H1:Cosmos Lac Molotow Premium MP-009 Golden Yellow | H2:Dostupne boje | H2:Treba vam savet pri izboru proizvoda? | H2:Katalog | H2:Brendovi | H2:Podrška | H2:Kontakt","sr-Latn","Cosmos Lac Molotow Premium MP-009 Golden Yellow | Carsystem i R-M Inđija","Molotow Premium MP-009 Golden Yellow u Cosmos Lac katalogu. Proverite namenu i pošaljite upit Carsystem i R-M timu.","","summary","Cosmos Lac Molotow Premium MP-009 Golden Yellow | Carsystem i R-M Inđija","Molotow Premium MP-009 Golden Yellow u Cosmos Lac katalogu. Proverite namenu i pošaljite upit Carsystem i R-M timu.","","Brand | BreadcrumbList | ListItem | Product","true","100","1","","68","0","68","true","false"
"/proizvodi/cosmos-lac-molotow-premium-mp-010-400-ml-mp-010-melon-yellow","200","true","","Cosmos Lac Molotow Premium MP-010 Melon Yellow | Carsystem i R-M Inđija","71","1","Molotow Premium MP-010 Melon Yellow u Cosmos Lac katalogu. Proverite namenu i pošaljite upit Carsystem i R-M timu.","114","1","http://localhost:3000/proizvodi/cosmos-lac-molotow-premium-mp-010-400-ml-mp-010-melon-yellow","200","false","Cosmos Lac Molotow Premium MP-010 Melon Yellow","1","H1:Cosmos Lac Molotow Premium MP-010 Melon Yellow | H2:Dostupne boje | H2:Treba vam savet pri izboru proizvoda? | H2:Katalog | H2:Brendovi | H2:Podrška | H2:Kontakt","sr-Latn","Cosmos Lac Molotow Premium MP-010 Melon Yellow | Carsystem i R-M Inđija","Molotow Premium MP-010 Melon Yellow u Cosmos Lac katalogu. Proverite namenu i pošaljite upit Carsystem i R-M timu.","","summary","Cosmos Lac Molotow Premium MP-010 Melon Yellow | Carsystem i R-M Inđija","Molotow Premium MP-010 Melon Yellow u Cosmos Lac katalogu. Proverite namenu i pošaljite upit Carsystem i R-M timu.","","Brand | BreadcrumbList | ListItem | Product","true","100","1","","68","0","68","true","false"
"/proizvodi/cosmos-lac-molotow-premium-mp-011-400-ml-mp-011-slider-light-orange","200","true","","Cosmos Lac Molotow Premium MP-011 Slider Light Orange | Carsystem i R-M Inđija","78","1","Molotow Premium MP-011 Slider Light Orange u Cosmos Lac katalogu. Proverite namenu i pošaljite upit Carsystem i R-M timu.","121","1","http://localhost:3000/proizvodi/cosmos-lac-molotow-premium-mp-011-400-ml-mp-011-slider-light-orange","200","false","Cosmos Lac Molotow Premium MP-011 Slider Light Orange","1","H1:Cosmos Lac Molotow Premium MP-011 Slider Light Orange | H2:Dostupne boje | H2:Treba vam savet pri izboru proizvoda? | H2:Katalog | H2:Brendovi | H2:Podrška | H2:Kontakt","sr-Latn","Cosmos Lac Molotow Premium MP-011 Slider Light Orange | Carsystem i R-M Inđija","Molotow Premium MP-011 Slider Light Orange u Cosmos Lac katalogu. Proverite namenu i pošaljite upit Carsystem i R-M timu.","","summary","Cosmos Lac Molotow Premium MP-011 Slider Light Orange | Carsystem i R-M Inđija","Molotow Premium MP-011 Slider Light Orange u Cosmos Lac katalogu. Proverite namenu i pošaljite upit Carsystem i R-M timu.","","Brand | BreadcrumbList | ListItem | Product","true","100","1","","68","0","68","true","false"
"/proizvodi/cosmos-lac-molotow-premium-mp-012-400-ml-mp-012-pastel-orange","200","true","","Cosmos Lac Molotow Premium MP-012 Pastel Orange | Carsystem i R-M Inđija","72","1","Molotow Premium MP-012 Pastel Orange u Cosmos Lac katalogu. Proverite namenu i pošaljite upit Carsystem i R-M timu.","115","1","http://localhost:3000/proizvodi/cosmos-lac-molotow-premium-mp-012-400-ml-mp-012-pastel-orange","200","false","Cosmos Lac Molotow Premium MP-012 Pastel Orange","1","H1:Cosmos Lac Molotow Premium MP-012 Pastel Orange | H2:Dostupne boje | H2:Treba vam savet pri izboru proizvoda? | H2:Katalog | H2:Brendovi | H2:Podrška | H2:Kontakt","sr-Latn","Cosmos Lac Molotow Premium MP-012 Pastel Orange | Carsystem i R-M Inđija","Molotow Premium MP-012 Pastel Orange u Cosmos Lac katalogu. Proverite namenu i pošaljite upit Carsystem i R-M timu.","","summary","Cosmos Lac Molotow Premium MP-012 Pastel Orange | Carsystem i R-M Inđija","Molotow Premium MP-012 Pastel Orange u Cosmos Lac katalogu. Proverite namenu i pošaljite upit Carsystem i R-M timu.","","Brand | BreadcrumbList | ListItem | Product","true","100","1","","68","0","68","true","false"
"/proizvodi/cosmos-lac-molotow-premium-mp-013-400-ml-mp-013-dare-orange-light","200","true","","Cosmos Lac Molotow Premium MP-013 Dare Orange Light | Carsystem i R-M Inđija","76","1","Molotow Premium MP-013 Dare Orange Light u Cosmos Lac katalogu. Proverite namenu i pošaljite upit Carsystem i R-M timu.","119","1","http://localhost:3000/proizvodi/cosmos-lac-molotow-premium-mp-013-400-ml-mp-013-dare-orange-light","200","false","Cosmos Lac Molotow Premium MP-013 Dare Orange Light","1","H1:Cosmos Lac Molotow Premium MP-013 Dare Orange Light | H2:Dostupne boje | H2:Treba vam savet pri izboru proizvoda? | H2:Katalog | H2:Brendovi | H2:Podrška | H2:Kontakt","sr-Latn","Cosmos Lac Molotow Premium MP-013 Dare Orange Light | Carsystem i R-M Inđija","Molotow Premium MP-013 Dare Orange Light u Cosmos Lac katalogu. Proverite namenu i pošaljite upit Carsystem i R-M timu.","","summary","Cosmos Lac Molotow Premium MP-013 Dare Orange Light | Carsystem i R-M Inđija","Molotow Premium MP-013 Dare Orange Light u Cosmos Lac katalogu. Proverite namenu i pošaljite upit Carsystem i R-M timu.","","Brand | BreadcrumbList | ListItem | Product","true","100","1","","68","0","68","true","false"
"/proizvodi/cosmos-lac-molotow-premium-mp-014-400-ml-mp-014-dare-orange","200","true","","Cosmos Lac Molotow Premium MP-014 Dare Orange | Carsystem i R-M Inđija","70","1","Molotow Premium MP-014 Dare Orange u Cosmos Lac katalogu. Proverite namenu i pošaljite upit Carsystem i R-M timu.","113","1","http://localhost:3000/proizvodi/cosmos-lac-molotow-premium-mp-014-400-ml-mp-014-dare-orange","200","false","Cosmos Lac Molotow Premium MP-014 Dare Orange","1","H1:Cosmos Lac Molotow Premium MP-014 Dare Orange | H2:Dostupne boje | H2:Treba vam savet pri izboru proizvoda? | H2:Katalog | H2:Brendovi | H2:Podrška | H2:Kontakt","sr-Latn","Cosmos Lac Molotow Premium MP-014 Dare Orange | Carsystem i R-M Inđija","Molotow Premium MP-014 Dare Orange u Cosmos Lac katalogu. Proverite namenu i pošaljite upit Carsystem i R-M timu.","","summary","Cosmos Lac Molotow Premium MP-014 Dare Orange | Carsystem i R-M Inđija","Molotow Premium MP-014 Dare Orange u Cosmos Lac katalogu. Proverite namenu i pošaljite upit Carsystem i R-M timu.","","Brand | BreadcrumbList | ListItem | Product","true","100","1","","68","0","68","true","false"
"/proizvodi/cosmos-lac-molotow-premium-mp-016-400-ml-mp-016-traffic-red","200","true","","Cosmos Lac Molotow Premium MP-016 Traffic Red | Carsystem i R-M Inđija","70","1","Molotow Premium MP-016 Traffic Red u Cosmos Lac katalogu. Proverite namenu i pošaljite upit Carsystem i R-M timu.","113","1","http://localhost:3000/proizvodi/cosmos-lac-molotow-premium-mp-016-400-ml-mp-016-traffic-red","200","false","Cosmos Lac Molotow Premium MP-016 Traffic Red","1","H1:Cosmos Lac Molotow Premium MP-016 Traffic Red | H2:Dostupne boje | H2:Treba vam savet pri izboru proizvoda? | H2:Katalog | H2:Brendovi | H2:Podrška | H2:Kontakt","sr-Latn","Cosmos Lac Molotow Premium MP-016 Traffic Red | Carsystem i R-M Inđija","Molotow Premium MP-016 Traffic Red u Cosmos Lac katalogu. Proverite namenu i pošaljite upit Carsystem i R-M timu.","","summary","Cosmos Lac Molotow Premium MP-016 Traffic Red | Carsystem i R-M Inđija","Molotow Premium MP-016 Traffic Red u Cosmos Lac katalogu. Proverite namenu i pošaljite upit Carsystem i R-M timu.","","Brand | BreadcrumbList | ListItem | Product","true","100","1","","68","0","68","true","false"
"/proizvodi/cosmos-lac-molotow-premium-mp-017-400-ml-mp-017-tornado-red","200","true","","Cosmos Lac Molotow Premium MP-017 Tornado Red | Carsystem i R-M Inđija","70","1","Molotow Premium MP-017 Tornado Red u Cosmos Lac katalogu. Proverite namenu i pošaljite upit Carsystem i R-M timu.","113","1","http://localhost:3000/proizvodi/cosmos-lac-molotow-premium-mp-017-400-ml-mp-017-tornado-red","200","false","Cosmos Lac Molotow Premium MP-017 Tornado Red","1","H1:Cosmos Lac Molotow Premium MP-017 Tornado Red | H2:Dostupne boje | H2:Treba vam savet pri izboru proizvoda? | H2:Katalog | H2:Brendovi | H2:Podrška | H2:Kontakt","sr-Latn","Cosmos Lac Molotow Premium MP-017 Tornado Red | Carsystem i R-M Inđija","Molotow Premium MP-017 Tornado Red u Cosmos Lac katalogu. Proverite namenu i pošaljite upit Carsystem i R-M timu.","","summary","Cosmos Lac Molotow Premium MP-017 Tornado Red | Carsystem i R-M Inđija","Molotow Premium MP-017 Tornado Red u Cosmos Lac katalogu. Proverite namenu i pošaljite upit Carsystem i R-M timu.","","Brand | BreadcrumbList | ListItem | Product","true","100","1","","68","0","68","true","false"
"/proizvodi/cosmos-lac-molotow-premium-mp-018-400-ml-mp-018-ruby-red","200","true","","Cosmos Lac Molotow Premium MP-018 Ruby Red | Carsystem i R-M Inđija","67","1","Molotow Premium MP-018 Ruby Red u Cosmos Lac katalogu. Proverite namenu i pošaljite upit Carsystem i R-M timu.","110","1","http://localhost:3000/proizvodi/cosmos-lac-molotow-premium-mp-018-400-ml-mp-018-ruby-red","200","false","Cosmos Lac Molotow Premium MP-018 Ruby Red","1","H1:Cosmos Lac Molotow Premium MP-018 Ruby Red | H2:Dostupne boje | H2:Treba vam savet pri izboru proizvoda? | H2:Katalog | H2:Brendovi | H2:Podrška | H2:Kontakt","sr-Latn","Cosmos Lac Molotow Premium MP-018 Ruby Red | Carsystem i R-M Inđija","Molotow Premium MP-018 Ruby Red u Cosmos Lac katalogu. Proverite namenu i pošaljite upit Carsystem i R-M timu.","","summary","Cosmos Lac Molotow Premium MP-018 Ruby Red | Carsystem i R-M Inđija","Molotow Premium MP-018 Ruby Red u Cosmos Lac katalogu. Proverite namenu i pošaljite upit Carsystem i R-M timu.","","Brand | BreadcrumbList | ListItem | Product","true","100","1","","68","0","68","true","false"
"/proizvodi/cosmos-lac-molotow-premium-mp-019-400-ml-mp-019-burgundy","200","true","","Cosmos Lac Molotow Premium MP-019 Burgundy | Carsystem i R-M Inđija","67","1","Molotow Premium MP-019 Burgundy u Cosmos Lac katalogu. Proverite namenu i pošaljite upit Carsystem i R-M timu.","110","1","http://localhost:3000/proizvodi/cosmos-lac-molotow-premium-mp-019-400-ml-mp-019-burgundy","200","false","Cosmos Lac Molotow Premium MP-019 Burgundy","1","H1:Cosmos Lac Molotow Premium MP-019 Burgundy | H2:Dostupne boje | H2:Treba vam savet pri izboru proizvoda? | H2:Katalog | H2:Brendovi | H2:Podrška | H2:Kontakt","sr-Latn","Cosmos Lac Molotow Premium MP-019 Burgundy | Carsystem i R-M Inđija","Molotow Premium MP-019 Burgundy u Cosmos Lac katalogu. Proverite namenu i pošaljite upit Carsystem i R-M timu.","","summary","Cosmos Lac Molotow Premium MP-019 Burgundy | Carsystem i R-M Inđija","Molotow Premium MP-019 Burgundy u Cosmos Lac katalogu. Proverite namenu i pošaljite upit Carsystem i R-M timu.","","Brand | BreadcrumbList | ListItem | Product","true","100","1","","68","0","68","true","false"
"/proizvodi/cosmos-lac-molotow-premium-mp-032-400-ml-mp-032-mad-c-cherry-red","200","true","","Cosmos Lac Molotow Premium MP-032 Mad C Cherry Red | Carsystem i R-M Inđija","75","1","Molotow Premium MP-032 Mad C Cherry Red u Cosmos Lac katalogu. Proverite namenu i pošaljite upit Carsystem i R-M timu.","118","1","http://localhost:3000/proizvodi/cosmos-lac-molotow-premium-mp-032-400-ml-mp-032-mad-c-cherry-red","200","false","Cosmos Lac Molotow Premium MP-032 Mad C Cherry Red","1","H1:Cosmos Lac Molotow Premium MP-032 Mad C Cherry Red | H2:Dostupne boje | H2:Treba vam savet pri izboru proizvoda? | H2:Katalog | H2:Brendovi | H2:Podrška | H2:Kontakt","sr-Latn","Cosmos Lac Molotow Premium MP-032 Mad C Cherry Red | Carsystem i R-M Inđija","Molotow Premium MP-032 Mad C Cherry Red u Cosmos Lac katalogu. Proverite namenu i pošaljite upit Carsystem i R-M timu.","","summary","Cosmos Lac Molotow Premium MP-032 Mad C Cherry Red | Carsystem i R-M Inđija","Molotow Premium MP-032 Mad C Cherry Red u Cosmos Lac katalogu. Proverite namenu i pošaljite upit Carsystem i R-M timu.","","Brand | BreadcrumbList | ListItem | Product","true","100","1","","68","0","68","true","false"
"/proizvodi/cosmos-lac-molotow-premium-mp-033-400-ml-mp-033-signal-red","200","true","","Cosmos Lac Molotow Premium MP-033 Signal Red | Carsystem i R-M Inđija","69","1","Molotow Premium MP-033 Signal Red u Cosmos Lac katalogu. Proverite namenu i pošaljite upit Carsystem i R-M timu.","112","1","http://localhost:3000/proizvodi/cosmos-lac-molotow-premium-mp-033-400-ml-mp-033-signal-red","200","false","Cosmos Lac Molotow Premium MP-033 Signal Red","1","H1:Cosmos Lac Molotow Premium MP-033 Signal Red | H2:Dostupne boje | H2:Treba vam savet pri izboru proizvoda? | H2:Katalog | H2:Brendovi | H2:Podrška | H2:Kontakt","sr-Latn","Cosmos Lac Molotow Premium MP-033 Signal Red | Carsystem i R-M Inđija","Molotow Premium MP-033 Signal Red u Cosmos Lac katalogu. Proverite namenu i pošaljite upit Carsystem i R-M timu.","","summary","Cosmos Lac Molotow Premium MP-033 Signal Red | Carsystem i R-M Inđija","Molotow Premium MP-033 Signal Red u Cosmos Lac katalogu. Proverite namenu i pošaljite upit Carsystem i R-M timu.","","Brand | BreadcrumbList | ListItem | Product","true","100","1","","68","0","68","true","false"
"/proizvodi/cosmos-lac-molotow-premium-mp-052-400-ml-mp-052-piglet-pink","200","true","","Cosmos Lac Molotow Premium MP-052 Piglet Pink | Carsystem i R-M Inđija","70","1","Molotow Premium MP-052 Piglet Pink u Cosmos Lac katalogu. Proverite namenu i pošaljite upit Carsystem i R-M timu.","113","1","http://localhost:3000/proizvodi/cosmos-lac-molotow-premium-mp-052-400-ml-mp-052-piglet-pink","200","false","Cosmos Lac Molotow Premium MP-052 Piglet Pink","1","H1:Cosmos Lac Molotow Premium MP-052 Piglet Pink | H2:Dostupne boje | H2:Treba vam savet pri izboru proizvoda? | H2:Katalog | H2:Brendovi | H2:Podrška | H2:Kontakt","sr-Latn","Cosmos Lac Molotow Premium MP-052 Piglet Pink | Carsystem i R-M Inđija","Molotow Premium MP-052 Piglet Pink u Cosmos Lac katalogu. Proverite namenu i pošaljite upit Carsystem i R-M timu.","","summary","Cosmos Lac Molotow Premium MP-052 Piglet Pink | Carsystem i R-M Inđija","Molotow Premium MP-052 Piglet Pink u Cosmos Lac katalogu. Proverite namenu i pošaljite upit Carsystem i R-M timu.","","Brand | BreadcrumbList | ListItem | Product","true","100","1","","68","0","68","true","false"
"/proizvodi/cosmos-lac-molotow-premium-mp-053-400-ml-mp-053-candy","200","true","","Cosmos Lac Molotow Premium MP-053 Candy | Carsystem i R-M Inđija","64","1","Molotow Premium MP-053 Candy u Cosmos Lac katalogu. Proverite namenu i pošaljite upit Carsystem i R-M timu.","107","1","http://localhost:3000/proizvodi/cosmos-lac-molotow-premium-mp-053-400-ml-mp-053-candy","200","false","Cosmos Lac Molotow Premium MP-053 Candy","1","H1:Cosmos Lac Molotow Premium MP-053 Candy | H2:Dostupne boje | H2:Treba vam savet pri izboru proizvoda? | H2:Katalog | H2:Brendovi | H2:Podrška | H2:Kontakt","sr-Latn","Cosmos Lac Molotow Premium MP-053 Candy | Carsystem i R-M Inđija","Molotow Premium MP-053 Candy u Cosmos Lac katalogu. Proverite namenu i pošaljite upit Carsystem i R-M timu.","","summary","Cosmos Lac Molotow Premium MP-053 Candy | Carsystem i R-M Inđija","Molotow Premium MP-053 Candy u Cosmos Lac katalogu. Proverite namenu i pošaljite upit Carsystem i R-M timu.","","Brand | BreadcrumbList | ListItem | Product","true","100","1","","68","0","68","true","false"
"/proizvodi/cosmos-lac-molotow-premium-mp-058-400-ml-mp-058-fuchsia-pink","200","true","","Cosmos Lac Molotow Premium MP-058 Fuchsia Pink | Carsystem i R-M Inđija","71","1","Molotow Premium MP-058 Fuchsia Pink u Cosmos Lac katalogu. Proverite namenu i pošaljite upit Carsystem i R-M timu.","114","1","http://localhost:3000/proizvodi/cosmos-lac-molotow-premium-mp-058-400-ml-mp-058-fuchsia-pink","200","false","Cosmos Lac Molotow Premium MP-058 Fuchsia Pink","1","H1:Cosmos Lac Molotow Premium MP-058 Fuchsia Pink | H2:Dostupne boje | H2:Treba vam savet pri izboru proizvoda? | H2:Katalog | H2:Brendovi | H2:Podrška | H2:Kontakt","sr-Latn","Cosmos Lac Molotow Premium MP-058 Fuchsia Pink | Carsystem i R-M Inđija","Molotow Premium MP-058 Fuchsia Pink u Cosmos Lac katalogu. Proverite namenu i pošaljite upit Carsystem i R-M timu.","","summary","Cosmos Lac Molotow Premium MP-058 Fuchsia Pink | Carsystem i R-M Inđija","Molotow Premium MP-058 Fuchsia Pink u Cosmos Lac katalogu. Proverite namenu i pošaljite upit Carsystem i R-M timu.","","Brand | BreadcrumbList | ListItem | Product","true","100","1","","68","0","68","true","false"
"/proizvodi/cosmos-lac-molotow-premium-mp-059-400-ml-mp-059-mad-c-psycho-pink","200","true","","Cosmos Lac Molotow Premium MP-059 Mad C Psycho Pink | Carsystem i R-M Inđija","76","1","Molotow Premium MP-059 Mad C Psycho Pink u Cosmos Lac katalogu. Proverite namenu i pošaljite upit Carsystem i R-M timu.","119","1","http://localhost:3000/proizvodi/cosmos-lac-molotow-premium-mp-059-400-ml-mp-059-mad-c-psycho-pink","200","false","Cosmos Lac Molotow Premium MP-059 Mad C Psycho Pink","1","H1:Cosmos Lac Molotow Premium MP-059 Mad C Psycho Pink | H2:Dostupne boje | H2:Treba vam savet pri izboru proizvoda? | H2:Katalog | H2:Brendovi | H2:Podrška | H2:Kontakt","sr-Latn","Cosmos Lac Molotow Premium MP-059 Mad C Psycho Pink | Carsystem i R-M Inđija","Molotow Premium MP-059 Mad C Psycho Pink u Cosmos Lac katalogu. Proverite namenu i pošaljite upit Carsystem i R-M timu.","","summary","Cosmos Lac Molotow Premium MP-059 Mad C Psycho Pink | Carsystem i R-M Inđija","Molotow Premium MP-059 Mad C Psycho Pink u Cosmos Lac katalogu. Proverite namenu i pošaljite upit Carsystem i R-M timu.","","Brand | BreadcrumbList | ListItem | Product","true","100","1","","68","0","68","true","false"
"/proizvodi/cosmos-lac-molotow-premium-mp-060-400-ml-mp-060-telemagenta","200","true","","Cosmos Lac Molotow Premium MP-060 Telemagenta | Carsystem i R-M Inđija","70","1","Molotow Premium MP-060 Telemagenta u Cosmos Lac katalogu. Proverite namenu i pošaljite upit Carsystem i R-M timu.","113","1","http://localhost:3000/proizvodi/cosmos-lac-molotow-premium-mp-060-400-ml-mp-060-telemagenta","200","false","Cosmos Lac Molotow Premium MP-060 Telemagenta","1","H1:Cosmos Lac Molotow Premium MP-060 Telemagenta | H2:Dostupne boje | H2:Treba vam savet pri izboru proizvoda? | H2:Katalog | H2:Brendovi | H2:Podrška | H2:Kontakt","sr-Latn","Cosmos Lac Molotow Premium MP-060 Telemagenta | Carsystem i R-M Inđija","Molotow Premium MP-060 Telemagenta u Cosmos Lac katalogu. Proverite namenu i pošaljite upit Carsystem i R-M timu.","","summary","Cosmos Lac Molotow Premium MP-060 Telemagenta | Carsystem i R-M Inđija","Molotow Premium MP-060 Telemagenta u Cosmos Lac katalogu. Proverite namenu i pošaljite upit Carsystem i R-M timu.","","Brand | BreadcrumbList | ListItem | Product","true","100","1","","68","0","68","true","false"
"/proizvodi/cosmos-lac-molotow-premium-mp-066-400-ml-mp-066-lilac","200","true","","Cosmos Lac Molotow Premium MP-066 Lilac | Carsystem i R-M Inđija","64","1","Molotow Premium MP-066 Lilac u Cosmos Lac katalogu. Proverite namenu i pošaljite upit Carsystem i R-M timu.","107","1","http://localhost:3000/proizvodi/cosmos-lac-molotow-premium-mp-066-400-ml-mp-066-lilac","200","false","Cosmos Lac Molotow Premium MP-066 Lilac","1","H1:Cosmos Lac Molotow Premium MP-066 Lilac | H2:Dostupne boje | H2:Treba vam savet pri izboru proizvoda? | H2:Katalog | H2:Brendovi | H2:Podrška | H2:Kontakt","sr-Latn","Cosmos Lac Molotow Premium MP-066 Lilac | Carsystem i R-M Inđija","Molotow Premium MP-066 Lilac u Cosmos Lac katalogu. Proverite namenu i pošaljite upit Carsystem i R-M timu.","","summary","Cosmos Lac Molotow Premium MP-066 Lilac | Carsystem i R-M Inđija","Molotow Premium MP-066 Lilac u Cosmos Lac katalogu. Proverite namenu i pošaljite upit Carsystem i R-M timu.","","Brand | BreadcrumbList | ListItem | Product","true","100","1","","68","0","68","true","false"
"/proizvodi/cosmos-lac-molotow-premium-mp-068-400-ml-mp-068-blackberry","200","true","","Cosmos Lac Molotow Premium MP-068 Blackberry | Carsystem i R-M Inđija","69","1","Molotow Premium MP-068 Blackberry u Cosmos Lac katalogu. Proverite namenu i pošaljite upit Carsystem i R-M timu.","112","1","http://localhost:3000/proizvodi/cosmos-lac-molotow-premium-mp-068-400-ml-mp-068-blackberry","200","false","Cosmos Lac Molotow Premium MP-068 Blackberry","1","H1:Cosmos Lac Molotow Premium MP-068 Blackberry | H2:Dostupne boje | H2:Treba vam savet pri izboru proizvoda? | H2:Katalog | H2:Brendovi | H2:Podrška | H2:Kontakt","sr-Latn","Cosmos Lac Molotow Premium MP-068 Blackberry | Carsystem i R-M Inđija","Molotow Premium MP-068 Blackberry u Cosmos Lac katalogu. Proverite namenu i pošaljite upit Carsystem i R-M timu.","","summary","Cosmos Lac Molotow Premium MP-068 Blackberry | Carsystem i R-M Inđija","Molotow Premium MP-068 Blackberry u Cosmos Lac katalogu. Proverite namenu i pošaljite upit Carsystem i R-M timu.","","Brand | BreadcrumbList | ListItem | Product","true","100","1","","68","0","68","true","false"
"/proizvodi/cosmos-lac-molotow-premium-mp-069-400-ml-mp-069-currant","200","true","","Cosmos Lac Molotow Premium MP-069 Currant | Carsystem i R-M Inđija","66","1","Molotow Premium MP-069 Currant u Cosmos Lac katalogu. Proverite namenu i pošaljite upit Carsystem i R-M timu.","109","1","http://localhost:3000/proizvodi/cosmos-lac-molotow-premium-mp-069-400-ml-mp-069-currant","200","false","Cosmos Lac Molotow Premium MP-069 Currant","1","H1:Cosmos Lac Molotow Premium MP-069 Currant | H2:Dostupne boje | H2:Treba vam savet pri izboru proizvoda? | H2:Katalog | H2:Brendovi | H2:Podrška | H2:Kontakt","sr-Latn","Cosmos Lac Molotow Premium MP-069 Currant | Carsystem i R-M Inđija","Molotow Premium MP-069 Currant u Cosmos Lac katalogu. Proverite namenu i pošaljite upit Carsystem i R-M timu.","","summary","Cosmos Lac Molotow Premium MP-069 Currant | Carsystem i R-M Inđija","Molotow Premium MP-069 Currant u Cosmos Lac katalogu. Proverite namenu i pošaljite upit Carsystem i R-M timu.","","Brand | BreadcrumbList | ListItem | Product","true","100","1","","68","0","68","true","false"
"/proizvodi/cosmos-lac-molotow-premium-mp-089-400-ml-mp-089-azure-blue-light","200","true","","Cosmos Lac Molotow Premium MP-089 Azure Blue Light | Carsystem i R-M Inđija","75","1","Molotow Premium MP-089 Azure Blue Light u Cosmos Lac katalogu. Proverite namenu i pošaljite upit Carsystem i R-M timu.","118","1","http://localhost:3000/proizvodi/cosmos-lac-molotow-premium-mp-089-400-ml-mp-089-azure-blue-light","200","false","Cosmos Lac Molotow Premium MP-089 Azure Blue Light","1","H1:Cosmos Lac Molotow Premium MP-089 Azure Blue Light | H2:Dostupne boje | H2:Treba vam savet pri izboru proizvoda? | H2:Katalog | H2:Brendovi | H2:Podrška | H2:Kontakt","sr-Latn","Cosmos Lac Molotow Premium MP-089 Azure Blue Light | Carsystem i R-M Inđija","Molotow Premium MP-089 Azure Blue Light u Cosmos Lac katalogu. Proverite namenu i pošaljite upit Carsystem i R-M timu.","","summary","Cosmos Lac Molotow Premium MP-089 Azure Blue Light | Carsystem i R-M Inđija","Molotow Premium MP-089 Azure Blue Light u Cosmos Lac katalogu. Proverite namenu i pošaljite upit Carsystem i R-M timu.","","Brand | BreadcrumbList | ListItem | Product","true","100","1","","68","0","68","true","false"
"/proizvodi/cosmos-lac-molotow-premium-mp-090-400-ml-mp-090-azure-blue","200","true","","Cosmos Lac Molotow Premium MP-090 Azure Blue | Carsystem i R-M Inđija","69","1","Molotow Premium MP-090 Azure Blue u Cosmos Lac katalogu. Proverite namenu i pošaljite upit Carsystem i R-M timu.","112","1","http://localhost:3000/proizvodi/cosmos-lac-molotow-premium-mp-090-400-ml-mp-090-azure-blue","200","false","Cosmos Lac Molotow Premium MP-090 Azure Blue","1","H1:Cosmos Lac Molotow Premium MP-090 Azure Blue | H2:Dostupne boje | H2:Treba vam savet pri izboru proizvoda? | H2:Katalog | H2:Brendovi | H2:Podrška | H2:Kontakt","sr-Latn","Cosmos Lac Molotow Premium MP-090 Azure Blue | Carsystem i R-M Inđija","Molotow Premium MP-090 Azure Blue u Cosmos Lac katalogu. Proverite namenu i pošaljite upit Carsystem i R-M timu.","","summary","Cosmos Lac Molotow Premium MP-090 Azure Blue | Carsystem i R-M Inđija","Molotow Premium MP-090 Azure Blue u Cosmos Lac katalogu. Proverite namenu i pošaljite upit Carsystem i R-M timu.","","Brand | BreadcrumbList | ListItem | Product","true","100","1","","68","0","68","true","false"
"/proizvodi/cosmos-lac-molotow-premium-mp-091-400-ml-mp-091-shock-blue-pastel","200","true","","Cosmos Lac Molotow Premium MP-091 Shock Blue Pastel | Carsystem i R-M Inđija","76","1","Molotow Premium MP-091 Shock Blue Pastel u Cosmos Lac katalogu. Proverite namenu i pošaljite upit Carsystem i R-M timu.","119","1","http://localhost:3000/proizvodi/cosmos-lac-molotow-premium-mp-091-400-ml-mp-091-shock-blue-pastel","200","false","Cosmos Lac Molotow Premium MP-091 Shock Blue Pastel","1","H1:Cosmos Lac Molotow Premium MP-091 Shock Blue Pastel | H2:Dostupne boje | H2:Treba vam savet pri izboru proizvoda? | H2:Katalog | H2:Brendovi | H2:Podrška | H2:Kontakt","sr-Latn","Cosmos Lac Molotow Premium MP-091 Shock Blue Pastel | Carsystem i R-M Inđija","Molotow Premium MP-091 Shock Blue Pastel u Cosmos Lac katalogu. Proverite namenu i pošaljite upit Carsystem i R-M timu.","","summary","Cosmos Lac Molotow Premium MP-091 Shock Blue Pastel | Carsystem i R-M Inđija","Molotow Premium MP-091 Shock Blue Pastel u Cosmos Lac katalogu. Proverite namenu i pošaljite upit Carsystem i R-M timu.","","Brand | BreadcrumbList | ListItem | Product","true","100","1","","68","0","68","true","false"
"/proizvodi/cosmos-lac-molotow-premium-mp-092-400-ml-mp-092-shock-blue-light","200","true","","Cosmos Lac Molotow Premium MP-092 Shock Blue Light | Carsystem i R-M Inđija","75","1","Molotow Premium MP-092 Shock Blue Light u Cosmos Lac katalogu. Proverite namenu i pošaljite upit Carsystem i R-M timu.","118","1","http://localhost:3000/proizvodi/cosmos-lac-molotow-premium-mp-092-400-ml-mp-092-shock-blue-light","200","false","Cosmos Lac Molotow Premium MP-092 Shock Blue Light","1","H1:Cosmos Lac Molotow Premium MP-092 Shock Blue Light | H2:Dostupne boje | H2:Treba vam savet pri izboru proizvoda? | H2:Katalog | H2:Brendovi | H2:Podrška | H2:Kontakt","sr-Latn","Cosmos Lac Molotow Premium MP-092 Shock Blue Light | Carsystem i R-M Inđija","Molotow Premium MP-092 Shock Blue Light u Cosmos Lac katalogu. Proverite namenu i pošaljite upit Carsystem i R-M timu.","","summary","Cosmos Lac Molotow Premium MP-092 Shock Blue Light | Carsystem i R-M Inđija","Molotow Premium MP-092 Shock Blue Light u Cosmos Lac katalogu. Proverite namenu i pošaljite upit Carsystem i R-M timu.","","Brand | BreadcrumbList | ListItem | Product","true","100","1","","68","0","68","true","false"
"/proizvodi/cosmos-lac-molotow-premium-mp-093-400-ml-mp-093-shock-blue-middle","200","true","","Cosmos Lac Molotow Premium MP-093 Shock Blue Middle | Carsystem i R-M Inđija","76","1","Molotow Premium MP-093 Shock Blue Middle u Cosmos Lac katalogu. Proverite namenu i pošaljite upit Carsystem i R-M timu.","119","1","http://localhost:3000/proizvodi/cosmos-lac-molotow-premium-mp-093-400-ml-mp-093-shock-blue-middle","200","false","Cosmos Lac Molotow Premium MP-093 Shock Blue Middle","1","H1:Cosmos Lac Molotow Premium MP-093 Shock Blue Middle | H2:Dostupne boje | H2:Treba vam savet pri izboru proizvoda? | H2:Katalog | H2:Brendovi | H2:Podrška | H2:Kontakt","sr-Latn","Cosmos Lac Molotow Premium MP-093 Shock Blue Middle | Carsystem i R-M Inđija","Molotow Premium MP-093 Shock Blue Middle u Cosmos Lac katalogu. Proverite namenu i pošaljite upit Carsystem i R-M timu.","","summary","Cosmos Lac Molotow Premium MP-093 Shock Blue Middle | Carsystem i R-M Inđija","Molotow Premium MP-093 Shock Blue Middle u Cosmos Lac katalogu. Proverite namenu i pošaljite upit Carsystem i R-M timu.","","Brand | BreadcrumbList | ListItem | Product","true","100","1","","68","0","68","true","false"
"/proizvodi/cosmos-lac-molotow-premium-mp-094-400-ml-mp-094-shock-blue","200","true","","Cosmos Lac Molotow Premium MP-094 Shock Blue | Carsystem i R-M Inđija","69","1","Molotow Premium MP-094 Shock Blue u Cosmos Lac katalogu. Proverite namenu i pošaljite upit Carsystem i R-M timu.","112","1","http://localhost:3000/proizvodi/cosmos-lac-molotow-premium-mp-094-400-ml-mp-094-shock-blue","200","false","Cosmos Lac Molotow Premium MP-094 Shock Blue","1","H1:Cosmos Lac Molotow Premium MP-094 Shock Blue | H2:Dostupne boje | H2:Treba vam savet pri izboru proizvoda? | H2:Katalog | H2:Brendovi | H2:Podrška | H2:Kontakt","sr-Latn","Cosmos Lac Molotow Premium MP-094 Shock Blue | Carsystem i R-M Inđija","Molotow Premium MP-094 Shock Blue u Cosmos Lac katalogu. Proverite namenu i pošaljite upit Carsystem i R-M timu.","","summary","Cosmos Lac Molotow Premium MP-094 Shock Blue | Carsystem i R-M Inđija","Molotow Premium MP-094 Shock Blue u Cosmos Lac katalogu. Proverite namenu i pošaljite upit Carsystem i R-M timu.","","Brand | BreadcrumbList | ListItem | Product","true","100","1","","68","0","68","true","false"
"/proizvodi/cosmos-lac-molotow-premium-mp-096-400-ml-mp-096-tulip-blue-middle","200","true","","Cosmos Lac Molotow Premium MP-096 Tulip Blue Middle | Carsystem i R-M Inđija","76","1","Molotow Premium MP-096 Tulip Blue Middle u Cosmos Lac katalogu. Proverite namenu i pošaljite upit Carsystem i R-M timu.","119","1","http://localhost:3000/proizvodi/cosmos-lac-molotow-premium-mp-096-400-ml-mp-096-tulip-blue-middle","200","false","Cosmos Lac Molotow Premium MP-096 Tulip Blue Middle","1","H1:Cosmos Lac Molotow Premium MP-096 Tulip Blue Middle | H2:Dostupne boje | H2:Treba vam savet pri izboru proizvoda? | H2:Katalog | H2:Brendovi | H2:Podrška | H2:Kontakt","sr-Latn","Cosmos Lac Molotow Premium MP-096 Tulip Blue Middle | Carsystem i R-M Inđija","Molotow Premium MP-096 Tulip Blue Middle u Cosmos Lac katalogu. Proverite namenu i pošaljite upit Carsystem i R-M timu.","","summary","Cosmos Lac Molotow Premium MP-096 Tulip Blue Middle | Carsystem i R-M Inđija","Molotow Premium MP-096 Tulip Blue Middle u Cosmos Lac katalogu. Proverite namenu i pošaljite upit Carsystem i R-M timu.","","Brand | BreadcrumbList | ListItem | Product","true","100","1","","68","0","68","true","false"
"/proizvodi/cosmos-lac-molotow-premium-mp-097-400-ml-mp-097-tulip-blue","200","true","","Cosmos Lac Molotow Premium MP-097 Tulip Blue | Carsystem i R-M Inđija","69","1","Molotow Premium MP-097 Tulip Blue u Cosmos Lac katalogu. Proverite namenu i pošaljite upit Carsystem i R-M timu.","112","1","http://localhost:3000/proizvodi/cosmos-lac-molotow-premium-mp-097-400-ml-mp-097-tulip-blue","200","false","Cosmos Lac Molotow Premium MP-097 Tulip Blue","1","H1:Cosmos Lac Molotow Premium MP-097 Tulip Blue | H2:Dostupne boje | H2:Treba vam savet pri izboru proizvoda? | H2:Katalog | H2:Brendovi | H2:Podrška | H2:Kontakt","sr-Latn","Cosmos Lac Molotow Premium MP-097 Tulip Blue | Carsystem i R-M Inđija","Molotow Premium MP-097 Tulip Blue u Cosmos Lac katalogu. Proverite namenu i pošaljite upit Carsystem i R-M timu.","","summary","Cosmos Lac Molotow Premium MP-097 Tulip Blue | Carsystem i R-M Inđija","Molotow Premium MP-097 Tulip Blue u Cosmos Lac katalogu. Proverite namenu i pošaljite upit Carsystem i R-M timu.","","Brand | BreadcrumbList | ListItem | Product","true","100","1","","68","0","68","true","false"
"/proizvodi/cosmos-lac-molotow-premium-mp-103-400-ml-mp-103-ultramarine-blue","200","true","","Cosmos Lac Molotow Premium MP-103 Ultramarine Blue | Carsystem i R-M Inđija","75","1","Molotow Premium MP-103 Ultramarine Blue u Cosmos Lac katalogu. Proverite namenu i pošaljite upit Carsystem i R-M timu.","118","1","http://localhost:3000/proizvodi/cosmos-lac-molotow-premium-mp-103-400-ml-mp-103-ultramarine-blue","200","false","Cosmos Lac Molotow Premium MP-103 Ultramarine Blue","1","H1:Cosmos Lac Molotow Premium MP-103 Ultramarine Blue | H2:Dostupne boje | H2:Treba vam savet pri izboru proizvoda? | H2:Katalog | H2:Brendovi | H2:Podrška | H2:Kontakt","sr-Latn","Cosmos Lac Molotow Premium MP-103 Ultramarine Blue | Carsystem i R-M Inđija","Molotow Premium MP-103 Ultramarine Blue u Cosmos Lac katalogu. Proverite namenu i pošaljite upit Carsystem i R-M timu.","","summary","Cosmos Lac Molotow Premium MP-103 Ultramarine Blue | Carsystem i R-M Inđija","Molotow Premium MP-103 Ultramarine Blue u Cosmos Lac katalogu. Proverite namenu i pošaljite upit Carsystem i R-M timu.","","Brand | BreadcrumbList | ListItem | Product","true","100","1","","68","0","68","true","false"
"/proizvodi/cosmos-lac-molotow-premium-mp-104-400-ml-mp-104-sapphire-blue","200","true","","Cosmos Lac Molotow Premium MP-104 Sapphire Blue | Carsystem i R-M Inđija","72","1","Molotow Premium MP-104 Sapphire Blue u Cosmos Lac katalogu. Proverite namenu i pošaljite upit Carsystem i R-M timu.","115","1","http://localhost:3000/proizvodi/cosmos-lac-molotow-premium-mp-104-400-ml-mp-104-sapphire-blue","200","false","Cosmos Lac Molotow Premium MP-104 Sapphire Blue","1","H1:Cosmos Lac Molotow Premium MP-104 Sapphire Blue | H2:Dostupne boje | H2:Treba vam savet pri izboru proizvoda? | H2:Katalog | H2:Brendovi | H2:Podrška | H2:Kontakt","sr-Latn","Cosmos Lac Molotow Premium MP-104 Sapphire Blue | Carsystem i R-M Inđija","Molotow Premium MP-104 Sapphire Blue u Cosmos Lac katalogu. Proverite namenu i pošaljite upit Carsystem i R-M timu.","","summary","Cosmos Lac Molotow Premium MP-104 Sapphire Blue | Carsystem i R-M Inđija","Molotow Premium MP-104 Sapphire Blue u Cosmos Lac katalogu. Proverite namenu i pošaljite upit Carsystem i R-M timu.","","Brand | BreadcrumbList | ListItem | Product","true","100","1","","68","0","68","true","false"
"/proizvodi/cosmos-lac-molotow-premium-mp-106-400-ml-mp-106-ecb-prussian-blue-dark","200","true","","Cosmos Lac Molotow Premium MP-106 Ecb Prussian Blue Dark | Carsystem i R-M Inđija","81","1","Molotow Premium MP-106 Ecb Prussian Blue Dark u Cosmos Lac katalogu. Proverite namenu i pošaljite upit Carsystem i R-M timu.","124","1","http://localhost:3000/proizvodi/cosmos-lac-molotow-premium-mp-106-400-ml-mp-106-ecb-prussian-blue-dark","200","false","Cosmos Lac Molotow Premium MP-106 Ecb Prussian Blue Dark","1","H1:Cosmos Lac Molotow Premium MP-106 Ecb Prussian Blue Dark | H2:Dostupne boje | H2:Treba vam savet pri izboru proizvoda? | H2:Katalog | H2:Brendovi | H2:Podrška | H2:Kontakt","sr-Latn","Cosmos Lac Molotow Premium MP-106 Ecb Prussian Blue Dark | Carsystem i R-M Inđija","Molotow Premium MP-106 Ecb Prussian Blue Dark u Cosmos Lac katalogu. Proverite namenu i pošaljite upit Carsystem i R-M timu.","","summary","Cosmos Lac Molotow Premium MP-106 Ecb Prussian Blue Dark | Carsystem i R-M Inđija","Molotow Premium MP-106 Ecb Prussian Blue Dark u Cosmos Lac katalogu. Proverite namenu i pošaljite upit Carsystem i R-M timu.","","Brand | BreadcrumbList | ListItem | Product","true","100","1","","68","0","68","true","false"
"/proizvodi/cosmos-lac-molotow-premium-mp-124-400-ml-mp-124-taste-riviera-middle","200","true","","Cosmos Lac Molotow Premium MP-124 Taste Riviera Middle | Carsystem i R-M Inđija","79","1","Molotow Premium MP-124 Taste Riviera Middle u Cosmos Lac katalogu. Proverite namenu i pošaljite upit Carsystem i R-M timu.","122","1","http://localhost:3000/proizvodi/cosmos-lac-molotow-premium-mp-124-400-ml-mp-124-taste-riviera-middle","200","false","Cosmos Lac Molotow Premium MP-124 Taste Riviera Middle","1","H1:Cosmos Lac Molotow Premium MP-124 Taste Riviera Middle | H2:Dostupne boje | H2:Treba vam savet pri izboru proizvoda? | H2:Katalog | H2:Brendovi | H2:Podrška | H2:Kontakt","sr-Latn","Cosmos Lac Molotow Premium MP-124 Taste Riviera Middle | Carsystem i R-M Inđija","Molotow Premium MP-124 Taste Riviera Middle u Cosmos Lac katalogu. Proverite namenu i pošaljite upit Carsystem i R-M timu.","","summary","Cosmos Lac Molotow Premium MP-124 Taste Riviera Middle | Carsystem i R-M Inđija","Molotow Premium MP-124 Taste Riviera Middle u Cosmos Lac katalogu. Proverite namenu i pošaljite upit Carsystem i R-M timu.","","Brand | BreadcrumbList | ListItem | Product","true","100","1","","68","0","68","true","false"
"/proizvodi/cosmos-lac-molotow-premium-mp-159-400-ml-mp-159-juice-green","200","true","","Cosmos Lac Molotow Premium MP-159 Juice Green | Carsystem i R-M Inđija","70","1","Molotow Premium MP-159 Juice Green u Cosmos Lac katalogu. Proverite namenu i pošaljite upit Carsystem i R-M timu.","113","1","http://localhost:3000/proizvodi/cosmos-lac-molotow-premium-mp-159-400-ml-mp-159-juice-green","200","false","Cosmos Lac Molotow Premium MP-159 Juice Green","1","H1:Cosmos Lac Molotow Premium MP-159 Juice Green | H2:Dostupne boje | H2:Treba vam savet pri izboru proizvoda? | H2:Katalog | H2:Brendovi | H2:Podrška | H2:Kontakt","sr-Latn","Cosmos Lac Molotow Premium MP-159 Juice Green | Carsystem i R-M Inđija","Molotow Premium MP-159 Juice Green u Cosmos Lac katalogu. Proverite namenu i pošaljite upit Carsystem i R-M timu.","","summary","Cosmos Lac Molotow Premium MP-159 Juice Green | Carsystem i R-M Inđija","Molotow Premium MP-159 Juice Green u Cosmos Lac katalogu. Proverite namenu i pošaljite upit Carsystem i R-M timu.","","Brand | BreadcrumbList | ListItem | Product","true","100","1","","68","0","68","true","false"
"/proizvodi/cosmos-lac-molotow-premium-mp-160-400-ml-mp-160-mr-green","200","true","","Cosmos Lac Molotow Premium MP-160 Mr Green | Carsystem i R-M Inđija","67","1","Molotow Premium MP-160 Mr Green u Cosmos Lac katalogu. Proverite namenu i pošaljite upit Carsystem i R-M timu.","110","1","http://localhost:3000/proizvodi/cosmos-lac-molotow-premium-mp-160-400-ml-mp-160-mr-green","200","false","Cosmos Lac Molotow Premium MP-160 Mr Green","1","H1:Cosmos Lac Molotow Premium MP-160 Mr Green | H2:Dostupne boje | H2:Treba vam savet pri izboru proizvoda? | H2:Katalog | H2:Brendovi | H2:Podrška | H2:Kontakt","sr-Latn","Cosmos Lac Molotow Premium MP-160 Mr Green | Carsystem i R-M Inđija","Molotow Premium MP-160 Mr Green u Cosmos Lac katalogu. Proverite namenu i pošaljite upit Carsystem i R-M timu.","","summary","Cosmos Lac Molotow Premium MP-160 Mr Green | Carsystem i R-M Inđija","Molotow Premium MP-160 Mr Green u Cosmos Lac katalogu. Proverite namenu i pošaljite upit Carsystem i R-M timu.","","Brand | BreadcrumbList | ListItem | Product","true","100","1","","68","0","68","true","false"
"/proizvodi/cosmos-lac-molotow-premium-mp-161-400-ml-mp-161-leaf-green","200","true","","Cosmos Lac Molotow Premium MP-161 Leaf Green | Carsystem i R-M Inđija","69","1","Molotow Premium MP-161 Leaf Green u Cosmos Lac katalogu. Proverite namenu i pošaljite upit Carsystem i R-M timu.","112","1","http://localhost:3000/proizvodi/cosmos-lac-molotow-premium-mp-161-400-ml-mp-161-leaf-green","200","false","Cosmos Lac Molotow Premium MP-161 Leaf Green","1","H1:Cosmos Lac Molotow Premium MP-161 Leaf Green | H2:Dostupne boje | H2:Treba vam savet pri izboru proizvoda? | H2:Katalog | H2:Brendovi | H2:Podrška | H2:Kontakt","sr-Latn","Cosmos Lac Molotow Premium MP-161 Leaf Green | Carsystem i R-M Inđija","Molotow Premium MP-161 Leaf Green u Cosmos Lac katalogu. Proverite namenu i pošaljite upit Carsystem i R-M timu.","","summary","Cosmos Lac Molotow Premium MP-161 Leaf Green | Carsystem i R-M Inđija","Molotow Premium MP-161 Leaf Green u Cosmos Lac katalogu. Proverite namenu i pošaljite upit Carsystem i R-M timu.","","Brand | BreadcrumbList | ListItem | Product","true","100","1","","68","0","68","true","false"
"/proizvodi/cosmos-lac-molotow-premium-mp-189-400-ml-mp-189-sahara-beige-light","200","true","","Cosmos Lac Molotow Premium MP-189 Sahara Beige Light | Carsystem i R-M Inđija","77","1","Molotow Premium MP-189 Sahara Beige Light u Cosmos Lac katalogu. Proverite namenu i pošaljite upit Carsystem i R-M timu.","120","1","http://localhost:3000/proizvodi/cosmos-lac-molotow-premium-mp-189-400-ml-mp-189-sahara-beige-light","200","false","Cosmos Lac Molotow Premium MP-189 Sahara Beige Light","1","H1:Cosmos Lac Molotow Premium MP-189 Sahara Beige Light | H2:Dostupne boje | H2:Treba vam savet pri izboru proizvoda? | H2:Katalog | H2:Brendovi | H2:Podrška | H2:Kontakt","sr-Latn","Cosmos Lac Molotow Premium MP-189 Sahara Beige Light | Carsystem i R-M Inđija","Molotow Premium MP-189 Sahara Beige Light u Cosmos Lac katalogu. Proverite namenu i pošaljite upit Carsystem i R-M timu.","","summary","Cosmos Lac Molotow Premium MP-189 Sahara Beige Light | Carsystem i R-M Inđija","Molotow Premium MP-189 Sahara Beige Light u Cosmos Lac katalogu. Proverite namenu i pošaljite upit Carsystem i R-M timu.","","Brand | BreadcrumbList | ListItem | Product","true","100","1","","68","0","68","true","false"
"/proizvodi/cosmos-lac-molotow-premium-mp-210-400-ml-mp-210-tar-black","200","true","","Cosmos Lac Molotow Premium MP-210 Tar Black | Carsystem i R-M Inđija","68","1","Molotow Premium MP-210 Tar Black u Cosmos Lac katalogu. Proverite namenu i pošaljite upit Carsystem i R-M timu.","111","1","http://localhost:3000/proizvodi/cosmos-lac-molotow-premium-mp-210-400-ml-mp-210-tar-black","200","false","Cosmos Lac Molotow Premium MP-210 Tar Black","1","H1:Cosmos Lac Molotow Premium MP-210 Tar Black | H2:Dostupne boje | H2:Treba vam savet pri izboru proizvoda? | H2:Katalog | H2:Brendovi | H2:Podrška | H2:Kontakt","sr-Latn","Cosmos Lac Molotow Premium MP-210 Tar Black | Carsystem i R-M Inđija","Molotow Premium MP-210 Tar Black u Cosmos Lac katalogu. Proverite namenu i pošaljite upit Carsystem i R-M timu.","","summary","Cosmos Lac Molotow Premium MP-210 Tar Black | Carsystem i R-M Inđija","Molotow Premium MP-210 Tar Black u Cosmos Lac katalogu. Proverite namenu i pošaljite upit Carsystem i R-M timu.","","Brand | BreadcrumbList | ListItem | Product","true","100","1","","68","0","68","true","false"
"/proizvodi/cosmos-lac-molotow-premium-mp-214-400-ml-mp-214-tar-signal-black","200","true","","Cosmos Lac Molotow Premium MP-214 Tar Signal Black | Carsystem i R-M Inđija","75","1","Molotow Premium MP-214 Tar Signal Black u Cosmos Lac katalogu. Proverite namenu i pošaljite upit Carsystem i R-M timu.","118","1","http://localhost:3000/proizvodi/cosmos-lac-molotow-premium-mp-214-400-ml-mp-214-tar-signal-black","200","false","Cosmos Lac Molotow Premium MP-214 Tar Signal Black","1","H1:Cosmos Lac Molotow Premium MP-214 Tar Signal Black | H2:Dostupne boje | H2:Treba vam savet pri izboru proizvoda? | H2:Katalog | H2:Brendovi | H2:Podrška | H2:Kontakt","sr-Latn","Cosmos Lac Molotow Premium MP-214 Tar Signal Black | Carsystem i R-M Inđija","Molotow Premium MP-214 Tar Signal Black u Cosmos Lac katalogu. Proverite namenu i pošaljite upit Carsystem i R-M timu.","","summary","Cosmos Lac Molotow Premium MP-214 Tar Signal Black | Carsystem i R-M Inđija","Molotow Premium MP-214 Tar Signal Black u Cosmos Lac katalogu. Proverite namenu i pošaljite upit Carsystem i R-M timu.","","Brand | BreadcrumbList | ListItem | Product","true","100","1","","68","0","68","true","false"
"/proizvodi/cosmos-lac-molotow-premium-mp-217-400-ml-mp-217-caparso-middle-grey-neutral","200","true","","Cosmos Lac Molotow Premium MP-217 Caparso Middle Grey Neutral | Carsystem i R-M Inđija","86","1","Molotow Premium MP-217 Caparso Middle Grey Neutral u Cosmos Lac katalogu. Proverite namenu i pošaljite upit Carsystem i R-M timu.","129","1","http://localhost:3000/proizvodi/cosmos-lac-molotow-premium-mp-217-400-ml-mp-217-caparso-middle-grey-neutral","200","false","Cosmos Lac Molotow Premium MP-217 Caparso Middle Grey Neutral","1","H1:Cosmos Lac Molotow Premium MP-217 Caparso Middle Grey Neutral | H2:Dostupne boje | H2:Treba vam savet pri izboru proizvoda? | H2:Katalog | H2:Brendovi | H2:Podrška | H2:Kontakt","sr-Latn","Cosmos Lac Molotow Premium MP-217 Caparso Middle Grey Neutral | Carsystem i R-M Inđija","Molotow Premium MP-217 Caparso Middle Grey Neutral u Cosmos Lac katalogu. Proverite namenu i pošaljite upit Carsystem i R-M timu.","","summary","Cosmos Lac Molotow Premium MP-217 Caparso Middle Grey Neutral | Carsystem i R-M Inđija","Molotow Premium MP-217 Caparso Middle Grey Neutral u Cosmos Lac katalogu. Proverite namenu i pošaljite upit Carsystem i R-M timu.","","Brand | BreadcrumbList | ListItem | Product","true","100","1","","68","0","68","true","false"
"/proizvodi/cosmos-lac-molotow-premium-mp-218-400-ml-mp-218-light-grey-neutral","200","true","","Cosmos Lac Molotow Premium MP-218 Light Grey Neutral | Carsystem i R-M Inđija","77","1","Molotow Premium MP-218 Light Grey Neutral u Cosmos Lac katalogu. Proverite namenu i pošaljite upit Carsystem i R-M timu.","120","1","http://localhost:3000/proizvodi/cosmos-lac-molotow-premium-mp-218-400-ml-mp-218-light-grey-neutral","200","false","Cosmos Lac Molotow Premium MP-218 Light Grey Neutral","1","H1:Cosmos Lac Molotow Premium MP-218 Light Grey Neutral | H2:Dostupne boje | H2:Treba vam savet pri izboru proizvoda? | H2:Katalog | H2:Brendovi | H2:Podrška | H2:Kontakt","sr-Latn","Cosmos Lac Molotow Premium MP-218 Light Grey Neutral | Carsystem i R-M Inđija","Molotow Premium MP-218 Light Grey Neutral u Cosmos Lac katalogu. Proverite namenu i pošaljite upit Carsystem i R-M timu.","","summary","Cosmos Lac Molotow Premium MP-218 Light Grey Neutral | Carsystem i R-M Inđija","Molotow Premium MP-218 Light Grey Neutral u Cosmos Lac katalogu. Proverite namenu i pošaljite upit Carsystem i R-M timu.","","Brand | BreadcrumbList | ListItem | Product","true","100","1","","68","0","68","true","false"
"/proizvodi/cosmos-lac-molotow-premium-mp-220-1-400-ml-mp-220-1-gold-dollar","200","true","","Cosmos Lac Molotow Premium MP-220-1 Gold Dollar | Carsystem i R-M Inđija","72","1","Molotow Premium MP-220-1 Gold Dollar u Cosmos Lac katalogu. Proverite namenu i pošaljite upit Carsystem i R-M timu.","115","1","http://localhost:3000/proizvodi/cosmos-lac-molotow-premium-mp-220-1-400-ml-mp-220-1-gold-dollar","200","false","Cosmos Lac Molotow Premium MP-220-1 Gold Dollar","1","H1:Cosmos Lac Molotow Premium MP-220-1 Gold Dollar | H2:Dostupne boje | H2:Treba vam savet pri izboru proizvoda? | H2:Katalog | H2:Brendovi | H2:Podrška | H2:Kontakt","sr-Latn","Cosmos Lac Molotow Premium MP-220-1 Gold Dollar | Carsystem i R-M Inđija","Molotow Premium MP-220-1 Gold Dollar u Cosmos Lac katalogu. Proverite namenu i pošaljite upit Carsystem i R-M timu.","","summary","Cosmos Lac Molotow Premium MP-220-1 Gold Dollar | Carsystem i R-M Inđija","Molotow Premium MP-220-1 Gold Dollar u Cosmos Lac katalogu. Proverite namenu i pošaljite upit Carsystem i R-M timu.","","Brand | BreadcrumbList | ListItem | Product","true","100","1","","68","0","68","true","false"
"/proizvodi/cosmos-lac-molotow-premium-mp-220-400-ml-mp-220-silver-dollar","200","true","","Cosmos Lac Molotow Premium MP-220 Silver Dollar | Carsystem i R-M Inđija","72","1","Molotow Premium MP-220 Silver Dollar u Cosmos Lac katalogu. Proverite namenu i pošaljite upit Carsystem i R-M timu.","115","1","http://localhost:3000/proizvodi/cosmos-lac-molotow-premium-mp-220-400-ml-mp-220-silver-dollar","200","false","Cosmos Lac Molotow Premium MP-220 Silver Dollar","1","H1:Cosmos Lac Molotow Premium MP-220 Silver Dollar | H2:Dostupne boje | H2:Treba vam savet pri izboru proizvoda? | H2:Katalog | H2:Brendovi | H2:Podrška | H2:Kontakt","sr-Latn","Cosmos Lac Molotow Premium MP-220 Silver Dollar | Carsystem i R-M Inđija","Molotow Premium MP-220 Silver Dollar u Cosmos Lac katalogu. Proverite namenu i pošaljite upit Carsystem i R-M timu.","","summary","Cosmos Lac Molotow Premium MP-220 Silver Dollar | Carsystem i R-M Inđija","Molotow Premium MP-220 Silver Dollar u Cosmos Lac katalogu. Proverite namenu i pošaljite upit Carsystem i R-M timu.","","Brand | BreadcrumbList | ListItem | Product","true","100","1","","68","0","68","true","false"
"/proizvodi/cosmos-lac-molotow-premium-mp-221-400-ml-mp-221-deep-black","200","true","","Cosmos Lac Molotow Premium MP-221 Deep Black | Carsystem i R-M Inđija","69","1","Molotow Premium MP-221 Deep Black u Cosmos Lac katalogu. Proverite namenu i pošaljite upit Carsystem i R-M timu.","112","1","http://localhost:3000/proizvodi/cosmos-lac-molotow-premium-mp-221-400-ml-mp-221-deep-black","200","false","Cosmos Lac Molotow Premium MP-221 Deep Black","1","H1:Cosmos Lac Molotow Premium MP-221 Deep Black | H2:Dostupne boje | H2:Treba vam savet pri izboru proizvoda? | H2:Katalog | H2:Brendovi | H2:Podrška | H2:Kontakt","sr-Latn","Cosmos Lac Molotow Premium MP-221 Deep Black | Carsystem i R-M Inđija","Molotow Premium MP-221 Deep Black u Cosmos Lac katalogu. Proverite namenu i pošaljite upit Carsystem i R-M timu.","","summary","Cosmos Lac Molotow Premium MP-221 Deep Black | Carsystem i R-M Inđija","Molotow Premium MP-221 Deep Black u Cosmos Lac katalogu. Proverite namenu i pošaljite upit Carsystem i R-M timu.","","Brand | BreadcrumbList | ListItem | Product","true","100","1","","68","0","68","true","false"
"/proizvodi/cosmos-lac-molotow-premium-mp-223-400-ml-mp-223-anthracite-grey","200","true","","Cosmos Lac Molotow Premium MP-223 Anthracite Grey | Carsystem i R-M Inđija","74","1","Molotow Premium MP-223 Anthracite Grey u Cosmos Lac katalogu. Proverite namenu i pošaljite upit Carsystem i R-M timu.","117","1","http://localhost:3000/proizvodi/cosmos-lac-molotow-premium-mp-223-400-ml-mp-223-anthracite-grey","200","false","Cosmos Lac Molotow Premium MP-223 Anthracite Grey","1","H1:Cosmos Lac Molotow Premium MP-223 Anthracite Grey | H2:Dostupne boje | H2:Treba vam savet pri izboru proizvoda? | H2:Katalog | H2:Brendovi | H2:Podrška | H2:Kontakt","sr-Latn","Cosmos Lac Molotow Premium MP-223 Anthracite Grey | Carsystem i R-M Inđija","Molotow Premium MP-223 Anthracite Grey u Cosmos Lac katalogu. Proverite namenu i pošaljite upit Carsystem i R-M timu.","","summary","Cosmos Lac Molotow Premium MP-223 Anthracite Grey | Carsystem i R-M Inđija","Molotow Premium MP-223 Anthracite Grey u Cosmos Lac katalogu. Proverite namenu i pošaljite upit Carsystem i R-M timu.","","Brand | BreadcrumbList | ListItem | Product","true","100","1","","68","0","68","true","false"
"/proizvodi/cosmos-lac-molotow-premium-mp-224-400-ml-mp-224-grey-blue-dark","200","true","","Cosmos Lac Molotow Premium MP-224 Grey Blue Dark | Carsystem i R-M Inđija","73","1","Molotow Premium MP-224 Grey Blue Dark u Cosmos Lac katalogu. Proverite namenu i pošaljite upit Carsystem i R-M timu.","116","1","http://localhost:3000/proizvodi/cosmos-lac-molotow-premium-mp-224-400-ml-mp-224-grey-blue-dark","200","false","Cosmos Lac Molotow Premium MP-224 Grey Blue Dark","1","H1:Cosmos Lac Molotow Premium MP-224 Grey Blue Dark | H2:Dostupne boje | H2:Treba vam savet pri izboru proizvoda? | H2:Katalog | H2:Brendovi | H2:Podrška | H2:Kontakt","sr-Latn","Cosmos Lac Molotow Premium MP-224 Grey Blue Dark | Carsystem i R-M Inđija","Molotow Premium MP-224 Grey Blue Dark u Cosmos Lac katalogu. Proverite namenu i pošaljite upit Carsystem i R-M timu.","","summary","Cosmos Lac Molotow Premium MP-224 Grey Blue Dark | Carsystem i R-M Inđija","Molotow Premium MP-224 Grey Blue Dark u Cosmos Lac katalogu. Proverite namenu i pošaljite upit Carsystem i R-M timu.","","Brand | BreadcrumbList | ListItem | Product","true","100","1","","68","0","68","true","false"
"/proizvodi/cosmos-lac-molotow-premium-mp-225-400-ml-mp-225-granite","200","true","","Cosmos Lac Molotow Premium MP-225 Granite | Carsystem i R-M Inđija","66","1","Molotow Premium MP-225 Granite u Cosmos Lac katalogu. Proverite namenu i pošaljite upit Carsystem i R-M timu.","109","1","http://localhost:3000/proizvodi/cosmos-lac-molotow-premium-mp-225-400-ml-mp-225-granite","200","false","Cosmos Lac Molotow Premium MP-225 Granite","1","H1:Cosmos Lac Molotow Premium MP-225 Granite | H2:Dostupne boje | H2:Treba vam savet pri izboru proizvoda? | H2:Katalog | H2:Brendovi | H2:Podrška | H2:Kontakt","sr-Latn","Cosmos Lac Molotow Premium MP-225 Granite | Carsystem i R-M Inđija","Molotow Premium MP-225 Granite u Cosmos Lac katalogu. Proverite namenu i pošaljite upit Carsystem i R-M timu.","","summary","Cosmos Lac Molotow Premium MP-225 Granite | Carsystem i R-M Inđija","Molotow Premium MP-225 Granite u Cosmos Lac katalogu. Proverite namenu i pošaljite upit Carsystem i R-M timu.","","Brand | BreadcrumbList | ListItem | Product","true","100","1","","68","0","68","true","false"
"/proizvodi/cosmos-lac-molotow-premium-mp-226-400-ml-mp-226-grey-blue-middle","200","true","","Cosmos Lac Molotow Premium MP-226 Grey Blue Middle | Carsystem i R-M Inđija","75","1","Molotow Premium MP-226 Grey Blue Middle u Cosmos Lac katalogu. Proverite namenu i pošaljite upit Carsystem i R-M timu.","118","1","http://localhost:3000/proizvodi/cosmos-lac-molotow-premium-mp-226-400-ml-mp-226-grey-blue-middle","200","false","Cosmos Lac Molotow Premium MP-226 Grey Blue Middle","1","H1:Cosmos Lac Molotow Premium MP-226 Grey Blue Middle | H2:Dostupne boje | H2:Treba vam savet pri izboru proizvoda? | H2:Katalog | H2:Brendovi | H2:Podrška | H2:Kontakt","sr-Latn","Cosmos Lac Molotow Premium MP-226 Grey Blue Middle | Carsystem i R-M Inđija","Molotow Premium MP-226 Grey Blue Middle u Cosmos Lac katalogu. Proverite namenu i pošaljite upit Carsystem i R-M timu.","","summary","Cosmos Lac Molotow Premium MP-226 Grey Blue Middle | Carsystem i R-M Inđija","Molotow Premium MP-226 Grey Blue Middle u Cosmos Lac katalogu. Proverite namenu i pošaljite upit Carsystem i R-M timu.","","Brand | BreadcrumbList | ListItem | Product","true","100","1","","68","0","68","true","false"
"/proizvodi/cosmos-lac-molotow-premium-mp-228-400-ml-mp-228-grey-blue-light","200","true","","Cosmos Lac Molotow Premium MP-228 Grey Blue Light | Carsystem i R-M Inđija","74","1","Molotow Premium MP-228 Grey Blue Light u Cosmos Lac katalogu. Proverite namenu i pošaljite upit Carsystem i R-M timu.","117","1","http://localhost:3000/proizvodi/cosmos-lac-molotow-premium-mp-228-400-ml-mp-228-grey-blue-light","200","false","Cosmos Lac Molotow Premium MP-228 Grey Blue Light","1","H1:Cosmos Lac Molotow Premium MP-228 Grey Blue Light | H2:Dostupne boje | H2:Treba vam savet pri izboru proizvoda? | H2:Katalog | H2:Brendovi | H2:Podrška | H2:Kontakt","sr-Latn","Cosmos Lac Molotow Premium MP-228 Grey Blue Light | Carsystem i R-M Inđija","Molotow Premium MP-228 Grey Blue Light u Cosmos Lac katalogu. Proverite namenu i pošaljite upit Carsystem i R-M timu.","","summary","Cosmos Lac Molotow Premium MP-228 Grey Blue Light | Carsystem i R-M Inđija","Molotow Premium MP-228 Grey Blue Light u Cosmos Lac katalogu. Proverite namenu i pošaljite upit Carsystem i R-M timu.","","Brand | BreadcrumbList | ListItem | Product","true","100","1","","68","0","68","true","false"
"/proizvodi/cosmos-lac-molotow-premium-mp-229-400-ml-mp-229-pebble-grey","200","true","","Cosmos Lac Molotow Premium MP-229 Pebble Grey | Carsystem i R-M Inđija","70","1","Molotow Premium MP-229 Pebble Grey u Cosmos Lac katalogu. Proverite namenu i pošaljite upit Carsystem i R-M timu.","113","1","http://localhost:3000/proizvodi/cosmos-lac-molotow-premium-mp-229-400-ml-mp-229-pebble-grey","200","false","Cosmos Lac Molotow Premium MP-229 Pebble Grey","1","H1:Cosmos Lac Molotow Premium MP-229 Pebble Grey | H2:Dostupne boje | H2:Treba vam savet pri izboru proizvoda? | H2:Katalog | H2:Brendovi | H2:Podrška | H2:Kontakt","sr-Latn","Cosmos Lac Molotow Premium MP-229 Pebble Grey | Carsystem i R-M Inđija","Molotow Premium MP-229 Pebble Grey u Cosmos Lac katalogu. Proverite namenu i pošaljite upit Carsystem i R-M timu.","","summary","Cosmos Lac Molotow Premium MP-229 Pebble Grey | Carsystem i R-M Inđija","Molotow Premium MP-229 Pebble Grey u Cosmos Lac katalogu. Proverite namenu i pošaljite upit Carsystem i R-M timu.","","Brand | BreadcrumbList | ListItem | Product","true","100","1","","68","0","68","true","false"
"/proizvodi/cosmos-lac-molotow-premium-mp-230-400-ml-mp-230-marble","200","true","","Cosmos Lac Molotow Premium MP-230 Marble | Carsystem i R-M Inđija","65","1","Molotow Premium MP-230 Marble u Cosmos Lac katalogu. Proverite namenu i pošaljite upit Carsystem i R-M timu.","108","1","http://localhost:3000/proizvodi/cosmos-lac-molotow-premium-mp-230-400-ml-mp-230-marble","200","false","Cosmos Lac Molotow Premium MP-230 Marble","1","H1:Cosmos Lac Molotow Premium MP-230 Marble | H2:Dostupne boje | H2:Treba vam savet pri izboru proizvoda? | H2:Katalog | H2:Brendovi | H2:Podrška | H2:Kontakt","sr-Latn","Cosmos Lac Molotow Premium MP-230 Marble | Carsystem i R-M Inđija","Molotow Premium MP-230 Marble u Cosmos Lac katalogu. Proverite namenu i pošaljite upit Carsystem i R-M timu.","","summary","Cosmos Lac Molotow Premium MP-230 Marble | Carsystem i R-M Inđija","Molotow Premium MP-230 Marble u Cosmos Lac katalogu. Proverite namenu i pošaljite upit Carsystem i R-M timu.","","Brand | BreadcrumbList | ListItem | Product","true","100","1","","68","0","68","true","false"
"/proizvodi/cosmos-lac-molotow-premium-mp-231-400-ml-mp-231-signal-white","200","true","","Cosmos Lac Molotow Premium MP-231 Signal White | Carsystem i R-M Inđija","71","1","Molotow Premium MP-231 Signal White u Cosmos Lac katalogu. Proverite namenu i pošaljite upit Carsystem i R-M timu.","114","1","http://localhost:3000/proizvodi/cosmos-lac-molotow-premium-mp-231-400-ml-mp-231-signal-white","200","false","Cosmos Lac Molotow Premium MP-231 Signal White","1","H1:Cosmos Lac Molotow Premium MP-231 Signal White | H2:Dostupne boje | H2:Treba vam savet pri izboru proizvoda? | H2:Katalog | H2:Brendovi | H2:Podrška | H2:Kontakt","sr-Latn","Cosmos Lac Molotow Premium MP-231 Signal White | Carsystem i R-M Inđija","Molotow Premium MP-231 Signal White u Cosmos Lac katalogu. Proverite namenu i pošaljite upit Carsystem i R-M timu.","","summary","Cosmos Lac Molotow Premium MP-231 Signal White | Carsystem i R-M Inđija","Molotow Premium MP-231 Signal White u Cosmos Lac katalogu. Proverite namenu i pošaljite upit Carsystem i R-M timu.","","Brand | BreadcrumbList | ListItem | Product","true","100","1","","68","0","68","true","false"
"/proizvodi/cosmos-lac-molotow-premium-mp-232-400-ml-mp-232-neon-yellow","200","true","","Cosmos Lac Molotow Premium MP-232 Neon Yellow | Carsystem i R-M Inđija","70","1","Molotow Premium MP-232 Neon Yellow u Cosmos Lac katalogu. Proverite namenu i pošaljite upit Carsystem i R-M timu.","113","1","http://localhost:3000/proizvodi/cosmos-lac-molotow-premium-mp-232-400-ml-mp-232-neon-yellow","200","false","Cosmos Lac Molotow Premium MP-232 Neon Yellow","1","H1:Cosmos Lac Molotow Premium MP-232 Neon Yellow | H2:Dostupne boje | H2:Treba vam savet pri izboru proizvoda? | H2:Katalog | H2:Brendovi | H2:Podrška | H2:Kontakt","sr-Latn","Cosmos Lac Molotow Premium MP-232 Neon Yellow | Carsystem i R-M Inđija","Molotow Premium MP-232 Neon Yellow u Cosmos Lac katalogu. Proverite namenu i pošaljite upit Carsystem i R-M timu.","","summary","Cosmos Lac Molotow Premium MP-232 Neon Yellow | Carsystem i R-M Inđija","Molotow Premium MP-232 Neon Yellow u Cosmos Lac katalogu. Proverite namenu i pošaljite upit Carsystem i R-M timu.","","Brand | BreadcrumbList | ListItem | Product","true","100","1","","68","0","68","true","false"
"/proizvodi/cosmos-lac-molotow-premium-mp-233-400-ml-mp-233-neon-orange","200","true","","Cosmos Lac Molotow Premium MP-233 Neon Orange | Carsystem i R-M Inđija","70","1","Molotow Premium MP-233 Neon Orange u Cosmos Lac katalogu. Proverite namenu i pošaljite upit Carsystem i R-M timu.","113","1","http://localhost:3000/proizvodi/cosmos-lac-molotow-premium-mp-233-400-ml-mp-233-neon-orange","200","false","Cosmos Lac Molotow Premium MP-233 Neon Orange","1","H1:Cosmos Lac Molotow Premium MP-233 Neon Orange | H2:Dostupne boje | H2:Treba vam savet pri izboru proizvoda? | H2:Katalog | H2:Brendovi | H2:Podrška | H2:Kontakt","sr-Latn","Cosmos Lac Molotow Premium MP-233 Neon Orange | Carsystem i R-M Inđija","Molotow Premium MP-233 Neon Orange u Cosmos Lac katalogu. Proverite namenu i pošaljite upit Carsystem i R-M timu.","","summary","Cosmos Lac Molotow Premium MP-233 Neon Orange | Carsystem i R-M Inđija","Molotow Premium MP-233 Neon Orange u Cosmos Lac katalogu. Proverite namenu i pošaljite upit Carsystem i R-M timu.","","Brand | BreadcrumbList | ListItem | Product","true","100","1","","68","0","68","true","false"
"/proizvodi/cosmos-lac-molotow-premium-mp-234-400-ml-mp-234-neon-pink","200","true","","Cosmos Lac Molotow Premium MP-234 Neon Pink | Carsystem i R-M Inđija","68","1","Molotow Premium MP-234 Neon Pink u Cosmos Lac katalogu. Proverite namenu i pošaljite upit Carsystem i R-M timu.","111","1","http://localhost:3000/proizvodi/cosmos-lac-molotow-premium-mp-234-400-ml-mp-234-neon-pink","200","false","Cosmos Lac Molotow Premium MP-234 Neon Pink","1","H1:Cosmos Lac Molotow Premium MP-234 Neon Pink | H2:Dostupne boje | H2:Treba vam savet pri izboru proizvoda? | H2:Katalog | H2:Brendovi | H2:Podrška | H2:Kontakt","sr-Latn","Cosmos Lac Molotow Premium MP-234 Neon Pink | Carsystem i R-M Inđija","Molotow Premium MP-234 Neon Pink u Cosmos Lac katalogu. Proverite namenu i pošaljite upit Carsystem i R-M timu.","","summary","Cosmos Lac Molotow Premium MP-234 Neon Pink | Carsystem i R-M Inđija","Molotow Premium MP-234 Neon Pink u Cosmos Lac katalogu. Proverite namenu i pošaljite upit Carsystem i R-M timu.","","Brand | BreadcrumbList | ListItem | Product","true","100","1","","68","0","68","true","false"
"/proizvodi/cosmos-lac-molotow-premium-mp-235-400-ml-mp-235-neon-blue","200","true","","Cosmos Lac Molotow Premium MP-235 Neon Blue | Carsystem i R-M Inđija","68","1","Molotow Premium MP-235 Neon Blue u Cosmos Lac katalogu. Proverite namenu i pošaljite upit Carsystem i R-M timu.","111","1","http://localhost:3000/proizvodi/cosmos-lac-molotow-premium-mp-235-400-ml-mp-235-neon-blue","200","false","Cosmos Lac Molotow Premium MP-235 Neon Blue","1","H1:Cosmos Lac Molotow Premium MP-235 Neon Blue | H2:Dostupne boje | H2:Treba vam savet pri izboru proizvoda? | H2:Katalog | H2:Brendovi | H2:Podrška | H2:Kontakt","sr-Latn","Cosmos Lac Molotow Premium MP-235 Neon Blue | Carsystem i R-M Inđija","Molotow Premium MP-235 Neon Blue u Cosmos Lac katalogu. Proverite namenu i pošaljite upit Carsystem i R-M timu.","","summary","Cosmos Lac Molotow Premium MP-235 Neon Blue | Carsystem i R-M Inđija","Molotow Premium MP-235 Neon Blue u Cosmos Lac katalogu. Proverite namenu i pošaljite upit Carsystem i R-M timu.","","Brand | BreadcrumbList | ListItem | Product","true","100","1","","68","0","68","true","false"
"/proizvodi/cosmos-lac-molotow-premium-mp-236-1-400-ml-mp-236-1-antistatik-neon-red","200","true","","Cosmos Lac Molotow Premium MP-236-1 Antistatik Neon Red | Carsystem i R-M Inđija","80","1","Molotow Premium MP-236-1 Antistatik Neon Red u Cosmos Lac katalogu. Proverite namenu i pošaljite upit Carsystem i R-M timu.","123","1","http://localhost:3000/proizvodi/cosmos-lac-molotow-premium-mp-236-1-400-ml-mp-236-1-antistatik-neon-red","200","false","Cosmos Lac Molotow Premium MP-236-1 Antistatik Neon Red","1","H1:Cosmos Lac Molotow Premium MP-236-1 Antistatik Neon Red | H2:Dostupne boje | H2:Treba vam savet pri izboru proizvoda? | H2:Katalog | H2:Brendovi | H2:Podrška | H2:Kontakt","sr-Latn","Cosmos Lac Molotow Premium MP-236-1 Antistatik Neon Red | Carsystem i R-M Inđija","Molotow Premium MP-236-1 Antistatik Neon Red u Cosmos Lac katalogu. Proverite namenu i pošaljite upit Carsystem i R-M timu.","","summary","Cosmos Lac Molotow Premium MP-236-1 Antistatik Neon Red | Carsystem i R-M Inđija","Molotow Premium MP-236-1 Antistatik Neon Red u Cosmos Lac katalogu. Proverite namenu i pošaljite upit Carsystem i R-M timu.","","Brand | BreadcrumbList | ListItem | Product","true","100","1","","68","0","68","true","false"
"/proizvodi/cosmos-lac-molotow-premium-mp-236-400-ml-mp-236-neon-green","200","true","","Cosmos Lac Molotow Premium MP-236 Neon Green | Carsystem i R-M Inđija","69","1","Molotow Premium MP-236 Neon Green u Cosmos Lac katalogu. Proverite namenu i pošaljite upit Carsystem i R-M timu.","112","1","http://localhost:3000/proizvodi/cosmos-lac-molotow-premium-mp-236-400-ml-mp-236-neon-green","200","false","Cosmos Lac Molotow Premium MP-236 Neon Green","1","H1:Cosmos Lac Molotow Premium MP-236 Neon Green | H2:Dostupne boje | H2:Treba vam savet pri izboru proizvoda? | H2:Katalog | H2:Brendovi | H2:Podrška | H2:Kontakt","sr-Latn","Cosmos Lac Molotow Premium MP-236 Neon Green | Carsystem i R-M Inđija","Molotow Premium MP-236 Neon Green u Cosmos Lac katalogu. Proverite namenu i pošaljite upit Carsystem i R-M timu.","","summary","Cosmos Lac Molotow Premium MP-236 Neon Green | Carsystem i R-M Inđija","Molotow Premium MP-236 Neon Green u Cosmos Lac katalogu. Proverite namenu i pošaljite upit Carsystem i R-M timu.","","Brand | BreadcrumbList | ListItem | Product","true","100","1","","68","0","68","true","false"
"/proizvodi/cosmos-lac-molotow-premium-mp-249-400-ml-mp-249-toast-signal-black-transp","200","true","","Cosmos Lac Molotow Premium MP-249 Toast Signal Black Transp | Carsystem i R-M Inđija","84","1","Molotow Premium MP-249 Toast Signal Black Transp u Cosmos Lac katalogu. Proverite namenu i pošaljite upit Carsystem i R-M timu.","127","1","http://localhost:3000/proizvodi/cosmos-lac-molotow-premium-mp-249-400-ml-mp-249-toast-signal-black-transp","200","false","Cosmos Lac Molotow Premium MP-249 Toast Signal Black Transp","1","H1:Cosmos Lac Molotow Premium MP-249 Toast Signal Black Transp | H2:Dostupne boje | H2:Treba vam savet pri izboru proizvoda? | H2:Katalog | H2:Brendovi | H2:Podrška | H2:Kontakt","sr-Latn","Cosmos Lac Molotow Premium MP-249 Toast Signal Black Transp | Carsystem i R-M Inđija","Molotow Premium MP-249 Toast Signal Black Transp u Cosmos Lac katalogu. Proverite namenu i pošaljite upit Carsystem i R-M timu.","","summary","Cosmos Lac Molotow Premium MP-249 Toast Signal Black Transp | Carsystem i R-M Inđija","Molotow Premium MP-249 Toast Signal Black Transp u Cosmos Lac katalogu. Proverite namenu i pošaljite upit Carsystem i R-M timu.","","Brand | BreadcrumbList | ListItem | Product","true","100","1","","68","0","68","true","false"
"/proizvodi/cosmos-lac-molotow-premium-mp-252-sjaj-400-ml-mp-252-clear-coat-gloss","200","true","","Cosmos Lac Molotow Premium MP-252 Clear Coat — sjaj | Carsystem i R-M Inđija","76","1","Molotow Premium MP-252 Clear Coat sjaj u Cosmos Lac katalogu. Proverite namenu i pošaljite upit Carsystem i R-M timu.","117","1","http://localhost:3000/proizvodi/cosmos-lac-molotow-premium-mp-252-sjaj-400-ml-mp-252-clear-coat-gloss","200","false","Cosmos Lac Molotow Premium MP-252 Clear Coat — sjaj","1","H1:Cosmos Lac Molotow Premium MP-252 Clear Coat — sjaj | H2:Dostupne boje | H2:Treba vam savet pri izboru proizvoda? | H2:Katalog | H2:Brendovi | H2:Podrška | H2:Kontakt","sr-Latn","Cosmos Lac Molotow Premium MP-252 Clear Coat — sjaj | Carsystem i R-M Inđija","Molotow Premium MP-252 Clear Coat sjaj u Cosmos Lac katalogu. Proverite namenu i pošaljite upit Carsystem i R-M timu.","","summary","Cosmos Lac Molotow Premium MP-252 Clear Coat — sjaj | Carsystem i R-M Inđija","Molotow Premium MP-252 Clear Coat sjaj u Cosmos Lac katalogu. Proverite namenu i pošaljite upit Carsystem i R-M timu.","","Brand | BreadcrumbList | ListItem | Product","true","100","1","","68","0","68","true","false"
"/proizvodi/cosmos-lac-molotow-premium-mp-253-mat-400-ml-mp-253-clear-coat-matt","200","true","","Cosmos Lac Molotow Premium MP-253 Clear Coat — mat | Carsystem i R-M Inđija","75","1","Molotow Premium MP-253 Clear Coat mat u Cosmos Lac katalogu. Proverite namenu i pošaljite upit Carsystem i R-M timu.","116","1","http://localhost:3000/proizvodi/cosmos-lac-molotow-premium-mp-253-mat-400-ml-mp-253-clear-coat-matt","200","false","Cosmos Lac Molotow Premium MP-253 Clear Coat — mat","1","H1:Cosmos Lac Molotow Premium MP-253 Clear Coat — mat | H2:Dostupne boje | H2:Treba vam savet pri izboru proizvoda? | H2:Katalog | H2:Brendovi | H2:Podrška | H2:Kontakt","sr-Latn","Cosmos Lac Molotow Premium MP-253 Clear Coat — mat | Carsystem i R-M Inđija","Molotow Premium MP-253 Clear Coat mat u Cosmos Lac katalogu. Proverite namenu i pošaljite upit Carsystem i R-M timu.","","summary","Cosmos Lac Molotow Premium MP-253 Clear Coat — mat | Carsystem i R-M Inđija","Molotow Premium MP-253 Clear Coat mat u Cosmos Lac katalogu. Proverite namenu i pošaljite upit Carsystem i R-M timu.","","Brand | BreadcrumbList | ListItem | Product","true","100","1","","68","0","68","true","false"
"/proizvodi/cosmos-lac-primers-233-providna-400-ml-plastic-primer-233-transparent","200","true","","Cosmos Lac Primers Plastic Primer 233 Transparent — providna | Carsystem i R-M Inđija","85","1","Primers 233 Transparent providna u Cosmos Lac katalogu. Proverite namenu i pošaljite upit Carsystem i R-M timu.","111","1","http://localhost:3000/proizvodi/cosmos-lac-primers-233-providna-400-ml-plastic-primer-233-transparent","200","false","Cosmos Lac Primers Plastic Primer 233 Transparent — providna","1","H1:Cosmos Lac Primers Plastic Primer 233 Transparent — providna | H2:Treba vam savet pri izboru proizvoda? | H2:Katalog | H2:Brendovi | H2:Podrška | H2:Kontakt","sr-Latn","Cosmos Lac Primers Plastic Primer 233 Transparent — providna | Carsystem i R-M Inđija","Primers 233 Transparent providna u Cosmos Lac katalogu. Proverite namenu i pošaljite upit Carsystem i R-M timu.","","summary","Cosmos Lac Primers Plastic Primer 233 Transparent — providna | Carsystem i R-M Inđija","Primers 233 Transparent providna u Cosmos Lac katalogu. Proverite namenu i pošaljite upit Carsystem i R-M timu.","","Brand | BreadcrumbList | ListItem | Product","true","34","1","","2","0","2","true","true"
"/proizvodi/cosmos-lac-primers-342-400-ml-acrylic-primer-filler-342-grey","200","true","","Cosmos Lac Primers Acrylic Primer & Filler 342 Grey | Carsystem i R-M Inđija","76","1","Primers 342 Grey u Cosmos Lac katalogu. Proverite namenu i pošaljite upit Carsystem i R-M timu.","95","1","http://localhost:3000/proizvodi/cosmos-lac-primers-342-400-ml-acrylic-primer-filler-342-grey","200","false","Cosmos Lac Primers Acrylic Primer & Filler 342 Grey","1","H1:Cosmos Lac Primers Acrylic Primer & Filler 342 Grey | H2:Dostupne boje | H2:Treba vam savet pri izboru proizvoda? | H2:Katalog | H2:Brendovi | H2:Podrška | H2:Kontakt","sr-Latn","Cosmos Lac Primers Acrylic Primer & Filler 342 Grey | Carsystem i R-M Inđija","Primers 342 Grey u Cosmos Lac katalogu. Proverite namenu i pošaljite upit Carsystem i R-M timu.","","summary","Cosmos Lac Primers Acrylic Primer & Filler 342 Grey | Carsystem i R-M Inđija","Primers 342 Grey u Cosmos Lac katalogu. Proverite namenu i pošaljite upit Carsystem i R-M timu.","","Brand | BreadcrumbList | ListItem | Product","true","36","1","","4","0","4","true","false"
"/proizvodi/cosmos-lac-primers-343-400-ml-acrylic-primer-filler-343-beige","200","true","","Cosmos Lac Primers Acrylic Primer & Filler 343 Beige | Carsystem i R-M Inđija","77","1","Primers 343 Beige u Cosmos Lac katalogu. Proverite namenu i pošaljite upit Carsystem i R-M timu.","96","1","http://localhost:3000/proizvodi/cosmos-lac-primers-343-400-ml-acrylic-primer-filler-343-beige","200","false","Cosmos Lac Primers Acrylic Primer & Filler 343 Beige","1","H1:Cosmos Lac Primers Acrylic Primer & Filler 343 Beige | H2:Dostupne boje | H2:Treba vam savet pri izboru proizvoda? | H2:Katalog | H2:Brendovi | H2:Podrška | H2:Kontakt","sr-Latn","Cosmos Lac Primers Acrylic Primer & Filler 343 Beige | Carsystem i R-M Inđija","Primers 343 Beige u Cosmos Lac katalogu. Proverite namenu i pošaljite upit Carsystem i R-M timu.","","summary","Cosmos Lac Primers Acrylic Primer & Filler 343 Beige | Carsystem i R-M Inđija","Primers 343 Beige u Cosmos Lac katalogu. Proverite namenu i pošaljite upit Carsystem i R-M timu.","","Brand | BreadcrumbList | ListItem | Product","true","36","1","","4","0","4","true","false"
"/proizvodi/cosmos-lac-primers-344-400-ml-metal-primer-344-red","200","true","","Cosmos Lac Primers Metal Primer 344 Red | Carsystem i R-M Inđija","64","1","Primers 344 Red u Cosmos Lac katalogu. Proverite namenu i pošaljite upit Carsystem i R-M timu.","94","1","http://localhost:3000/proizvodi/cosmos-lac-primers-344-400-ml-metal-primer-344-red","200","false","Cosmos Lac Primers Metal Primer 344 Red","1","H1:Cosmos Lac Primers Metal Primer 344 Red | H2:Dostupne boje | H2:Treba vam savet pri izboru proizvoda? | H2:Katalog | H2:Brendovi | H2:Podrška | H2:Kontakt","sr-Latn","Cosmos Lac Primers Metal Primer 344 Red | Carsystem i R-M Inđija","Primers 344 Red u Cosmos Lac katalogu. Proverite namenu i pošaljite upit Carsystem i R-M timu.","","summary","Cosmos Lac Primers Metal Primer 344 Red | Carsystem i R-M Inđija","Primers 344 Red u Cosmos Lac katalogu. Proverite namenu i pošaljite upit Carsystem i R-M timu.","","Brand | BreadcrumbList | ListItem | Product","true","38","1","","6","0","6","true","false"
"/proizvodi/cosmos-lac-primers-345-400-ml-metal-primer-345-white","200","true","","Cosmos Lac Primers Metal Primer 345 White | Carsystem i R-M Inđija","66","1","Primers 345 White u Cosmos Lac katalogu. Proverite namenu i pošaljite upit Carsystem i R-M timu.","96","1","http://localhost:3000/proizvodi/cosmos-lac-primers-345-400-ml-metal-primer-345-white","200","false","Cosmos Lac Primers Metal Primer 345 White","1","H1:Cosmos Lac Primers Metal Primer 345 White | H2:Dostupne boje | H2:Treba vam savet pri izboru proizvoda? | H2:Katalog | H2:Brendovi | H2:Podrška | H2:Kontakt","sr-Latn","Cosmos Lac Primers Metal Primer 345 White | Carsystem i R-M Inđija","Primers 345 White u Cosmos Lac katalogu. Proverite namenu i pošaljite upit Carsystem i R-M timu.","","summary","Cosmos Lac Primers Metal Primer 345 White | Carsystem i R-M Inđija","Primers 345 White u Cosmos Lac katalogu. Proverite namenu i pošaljite upit Carsystem i R-M timu.","","Brand | BreadcrumbList | ListItem | Product","true","38","1","","6","0","6","true","false"
"/proizvodi/cosmos-lac-primers-346-400-ml-metal-primer-346-grey","200","true","","Cosmos Lac Primers Metal Primer 346 Grey | Carsystem i R-M Inđija","65","1","Primers 346 Grey u Cosmos Lac katalogu. Proverite namenu i pošaljite upit Carsystem i R-M timu.","95","1","http://localhost:3000/proizvodi/cosmos-lac-primers-346-400-ml-metal-primer-346-grey","200","false","Cosmos Lac Primers Metal Primer 346 Grey","1","H1:Cosmos Lac Primers Metal Primer 346 Grey | H2:Dostupne boje | H2:Treba vam savet pri izboru proizvoda? | H2:Katalog | H2:Brendovi | H2:Podrška | H2:Kontakt","sr-Latn","Cosmos Lac Primers Metal Primer 346 Grey | Carsystem i R-M Inđija","Primers 346 Grey u Cosmos Lac katalogu. Proverite namenu i pošaljite upit Carsystem i R-M timu.","","summary","Cosmos Lac Primers Metal Primer 346 Grey | Carsystem i R-M Inđija","Primers 346 Grey u Cosmos Lac katalogu. Proverite namenu i pošaljite upit Carsystem i R-M timu.","","Brand | BreadcrumbList | ListItem | Product","true","38","1","","6","0","6","true","false"
"/proizvodi/cosmos-lac-primers-348-400-ml-metal-primer-348-black","200","true","","Cosmos Lac Primers Metal Primer 348 Black | Carsystem i R-M Inđija","66","1","Primers 348 Black u Cosmos Lac katalogu. Proverite namenu i pošaljite upit Carsystem i R-M timu.","96","1","http://localhost:3000/proizvodi/cosmos-lac-primers-348-400-ml-metal-primer-348-black","200","false","Cosmos Lac Primers Metal Primer 348 Black","1","H1:Cosmos Lac Primers Metal Primer 348 Black | H2:Dostupne boje | H2:Treba vam savet pri izboru proizvoda? | H2:Katalog | H2:Brendovi | H2:Podrška | H2:Kontakt","sr-Latn","Cosmos Lac Primers Metal Primer 348 Black | Carsystem i R-M Inđija","Primers 348 Black u Cosmos Lac katalogu. Proverite namenu i pošaljite upit Carsystem i R-M timu.","","summary","Cosmos Lac Primers Metal Primer 348 Black | Carsystem i R-M Inđija","Primers 348 Black u Cosmos Lac katalogu. Proverite namenu i pošaljite upit Carsystem i R-M timu.","","Brand | BreadcrumbList | ListItem | Product","true","38","1","","6","0","6","true","false"
"/proizvodi/cosmos-lac-primers-349-400-ml-special-metal-primer-349-white","200","true","","Cosmos Lac Primers Special Metal Primer 349 White | Carsystem i R-M Inđija","74","1","Primers 349 White u Cosmos Lac katalogu. Proverite namenu i pošaljite upit Carsystem i R-M timu.","96","1","http://localhost:3000/proizvodi/cosmos-lac-primers-349-400-ml-special-metal-primer-349-white","200","false","Cosmos Lac Primers Special Metal Primer 349 White","1","H1:Cosmos Lac Primers Special Metal Primer 349 White | H2:Dostupne boje | H2:Treba vam savet pri izboru proizvoda? | H2:Katalog | H2:Brendovi | H2:Podrška | H2:Kontakt","sr-Latn","Cosmos Lac Primers Special Metal Primer 349 White | Carsystem i R-M Inđija","Primers 349 White u Cosmos Lac katalogu. Proverite namenu i pošaljite upit Carsystem i R-M timu.","","summary","Cosmos Lac Primers Special Metal Primer 349 White | Carsystem i R-M Inđija","Primers 349 White u Cosmos Lac katalogu. Proverite namenu i pošaljite upit Carsystem i R-M timu.","","Brand | BreadcrumbList | ListItem | Product","true","36","1","","4","0","4","true","false"
"/proizvodi/cosmos-lac-primers-449-400-ml-special-metal-primer-449-grey","200","true","","Cosmos Lac Primers Special Metal Primer 449 Grey | Carsystem i R-M Inđija","73","1","Primers 449 Grey u Cosmos Lac katalogu. Proverite namenu i pošaljite upit Carsystem i R-M timu.","95","1","http://localhost:3000/proizvodi/cosmos-lac-primers-449-400-ml-special-metal-primer-449-grey","200","false","Cosmos Lac Primers Special Metal Primer 449 Grey","1","H1:Cosmos Lac Primers Special Metal Primer 449 Grey | H2:Dostupne boje | H2:Treba vam savet pri izboru proizvoda? | H2:Katalog | H2:Brendovi | H2:Podrška | H2:Kontakt","sr-Latn","Cosmos Lac Primers Special Metal Primer 449 Grey | Carsystem i R-M Inđija","Primers 449 Grey u Cosmos Lac katalogu. Proverite namenu i pošaljite upit Carsystem i R-M timu.","","summary","Cosmos Lac Primers Special Metal Primer 449 Grey | Carsystem i R-M Inđija","Primers 449 Grey u Cosmos Lac katalogu. Proverite namenu i pošaljite upit Carsystem i R-M timu.","","Brand | BreadcrumbList | ListItem | Product","true","36","1","","4","0","4","true","false"
"/proizvodi/cosmos-lac-putties-1-kg-fiberglass-premium-thixotropic-resin-1kg","200","true","","Cosmos Lac Putties Fiberglass Premium Thixotropic Resin 1 kg | Carsystem i R-M Inđija","85","1","Putties Premium Thixotropic Resin u Cosmos Lac katalogu. Proverite namenu i pošaljite upit Carsystem i R-M timu.","112","2","http://localhost:3000/proizvodi/cosmos-lac-putties-1-kg-fiberglass-premium-thixotropic-resin-1kg","200","false","Cosmos Lac Putties Fiberglass Premium Thixotropic Resin 1 kg","1","H1:Cosmos Lac Putties Fiberglass Premium Thixotropic Resin 1 kg | H2:Dostupne boje | H2:Treba vam savet pri izboru proizvoda? | H2:Katalog | H2:Brendovi | H2:Podrška | H2:Kontakt","sr-Latn","Cosmos Lac Putties Fiberglass Premium Thixotropic Resin 1 kg | Carsystem i R-M Inđija","Putties Premium Thixotropic Resin u Cosmos Lac katalogu. Proverite namenu i pošaljite upit Carsystem i R-M timu.","","summary","Cosmos Lac Putties Fiberglass Premium Thixotropic Resin 1 kg | Carsystem i R-M Inđija","Putties Premium Thixotropic Resin u Cosmos Lac katalogu. Proverite namenu i pošaljite upit Carsystem i R-M timu.","","Brand | BreadcrumbList | ListItem | Product","true","36","1","","4","0","4","true","false"
"/proizvodi/cosmos-lac-putties-5-kg-fiberglass-premium-thixotropic-resin-5kg","200","true","","Cosmos Lac Putties Fiberglass Premium Thixotropic Resin 5 kg | Carsystem i R-M Inđija","85","1","Putties Premium Thixotropic Resin u Cosmos Lac katalogu. Proverite namenu i pošaljite upit Carsystem i R-M timu.","112","2","http://localhost:3000/proizvodi/cosmos-lac-putties-5-kg-fiberglass-premium-thixotropic-resin-5kg","200","false","Cosmos Lac Putties Fiberglass Premium Thixotropic Resin 5 kg","1","H1:Cosmos Lac Putties Fiberglass Premium Thixotropic Resin 5 kg | H2:Dostupne boje | H2:Treba vam savet pri izboru proizvoda? | H2:Katalog | H2:Brendovi | H2:Podrška | H2:Kontakt","sr-Latn","Cosmos Lac Putties Fiberglass Premium Thixotropic Resin 5 kg | Carsystem i R-M Inđija","Putties Premium Thixotropic Resin u Cosmos Lac katalogu. Proverite namenu i pošaljite upit Carsystem i R-M timu.","","summary","Cosmos Lac Putties Fiberglass Premium Thixotropic Resin 5 kg | Carsystem i R-M Inđija","Putties Premium Thixotropic Resin u Cosmos Lac katalogu. Proverite namenu i pošaljite upit Carsystem i R-M timu.","","Brand | BreadcrumbList | ListItem | Product","true","36","1","","4","0","4","true","false"
"/proizvodi/cosmos-lac-putties-acrylic-putty-water-based","200","true","","Cosmos Lac Putties Putty Acrylic Putty Water Based | Carsystem i R-M Inđija","75","1","Putties Acrylic Putty Water Based u Cosmos Lac katalogu. Proverite namenu i pošaljite upit Carsystem i R-M timu.","112","1","http://localhost:3000/proizvodi/cosmos-lac-putties-acrylic-putty-water-based","200","false","Cosmos Lac Putties Putty Acrylic Putty Water Based","1","H1:Cosmos Lac Putties Putty Acrylic Putty Water Based | H2:Treba vam savet pri izboru proizvoda? | H2:Katalog | H2:Brendovi | H2:Podrška | H2:Kontakt","sr-Latn","Cosmos Lac Putties Putty Acrylic Putty Water Based | Carsystem i R-M Inđija","Putties Acrylic Putty Water Based u Cosmos Lac katalogu. Proverite namenu i pošaljite upit Carsystem i R-M timu.","","summary","Cosmos Lac Putties Putty Acrylic Putty Water Based | Carsystem i R-M Inđija","Putties Acrylic Putty Water Based u Cosmos Lac katalogu. Proverite namenu i pošaljite upit Carsystem i R-M timu.","","Brand | BreadcrumbList | ListItem | Product","true","34","1","","2","0","2","true","false"
"/proizvodi/cosmos-lac-putties-iron-filler","200","true","","Cosmos Lac Putties Filler Iron Filler | Carsystem i R-M Inđija","62","1","Putties Iron Filler u Cosmos Lac katalogu. Proverite namenu i pošaljite upit Carsystem i R-M timu.","98","1","http://localhost:3000/proizvodi/cosmos-lac-putties-iron-filler","200","false","Cosmos Lac Putties Filler Iron Filler","1","H1:Cosmos Lac Putties Filler Iron Filler | H2:Dostupne boje | H2:Treba vam savet pri izboru proizvoda? | H2:Katalog | H2:Brendovi | H2:Podrška | H2:Kontakt","sr-Latn","Cosmos Lac Putties Filler Iron Filler | Carsystem i R-M Inđija","Putties Iron Filler u Cosmos Lac katalogu. Proverite namenu i pošaljite upit Carsystem i R-M timu.","","summary","Cosmos Lac Putties Filler Iron Filler | Carsystem i R-M Inđija","Putties Iron Filler u Cosmos Lac katalogu. Proverite namenu i pošaljite upit Carsystem i R-M timu.","","Brand | BreadcrumbList | ListItem | Product","true","37","1","","5","0","5","true","false"
"/proizvodi/cosmos-lac-putties-marble-adhesive-filler","200","true","","Cosmos Lac Putties Filler Marble Adhesive Filler | Carsystem i R-M Inđija","73","1","Putties Marble Adhesive Filler u Cosmos Lac katalogu. Proverite namenu i pošaljite upit Carsystem i R-M timu.","109","1","http://localhost:3000/proizvodi/cosmos-lac-putties-marble-adhesive-filler","200","false","Cosmos Lac Putties Filler Marble Adhesive Filler","1","H1:Cosmos Lac Putties Filler Marble Adhesive Filler | H2:Dostupne boje | H2:Treba vam savet pri izboru proizvoda? | H2:Katalog | H2:Brendovi | H2:Podrška | H2:Kontakt","sr-Latn","Cosmos Lac Putties Filler Marble Adhesive Filler | Carsystem i R-M Inđija","Putties Marble Adhesive Filler u Cosmos Lac katalogu. Proverite namenu i pošaljite upit Carsystem i R-M timu.","","summary","Cosmos Lac Putties Filler Marble Adhesive Filler | Carsystem i R-M Inđija","Putties Marble Adhesive Filler u Cosmos Lac katalogu. Proverite namenu i pošaljite upit Carsystem i R-M timu.","","Brand | BreadcrumbList | ListItem | Product","true","37","1","","5","0","5","true","false"
"/proizvodi/cosmos-lac-putties-polyester-putty-fiber-filler","200","true","","Cosmos Lac Putties Filler Polyester Putty Fiber Filler | Carsystem i R-M Inđija","79","1","Putties Polyester Putty Fiber Filler u Cosmos Lac katalogu. Proverite namenu i pošaljite upit Carsystem i R-M timu.","115","1","http://localhost:3000/proizvodi/cosmos-lac-putties-polyester-putty-fiber-filler","200","false","Cosmos Lac Putties Filler Polyester Putty Fiber Filler","1","H1:Cosmos Lac Putties Filler Polyester Putty Fiber Filler | H2:Dostupne boje | H2:Treba vam savet pri izboru proizvoda? | H2:Katalog | H2:Brendovi | H2:Podrška | H2:Kontakt","sr-Latn","Cosmos Lac Putties Filler Polyester Putty Fiber Filler | Carsystem i R-M Inđija","Putties Polyester Putty Fiber Filler u Cosmos Lac katalogu. Proverite namenu i pošaljite upit Carsystem i R-M timu.","","summary","Cosmos Lac Putties Filler Polyester Putty Fiber Filler | Carsystem i R-M Inđija","Putties Polyester Putty Fiber Filler u Cosmos Lac katalogu. Proverite namenu i pošaljite upit Carsystem i R-M timu.","","Brand | BreadcrumbList | ListItem | Product","true","37","1","","5","0","5","true","false"
"/proizvodi/cosmos-lac-ral-400-ml-500-ml-ral-brass-r310","200","true","","Cosmos Lac RAL Brass R310 400 ml / 500 ml | Carsystem i R-M Inđija","66","1","RAL Brass R310 u Cosmos Lac katalogu. Proverite namenu i pošaljite upit Carsystem i R-M timu.","93","1","http://localhost:3000/proizvodi/cosmos-lac-ral-400-ml-500-ml-ral-brass-r310","200","false","Cosmos Lac RAL Brass R310 400 ml / 500 ml","1","H1:Cosmos Lac RAL Brass R310 400 ml / 500 ml | H2:Dostupne boje | H2:Treba vam savet pri izboru proizvoda? | H2:Katalog | H2:Brendovi | H2:Podrška | H2:Kontakt","sr-Latn","Cosmos Lac RAL Brass R310 400 ml / 500 ml | Carsystem i R-M Inđija","RAL Brass R310 u Cosmos Lac katalogu. Proverite namenu i pošaljite upit Carsystem i R-M timu.","","summary","Cosmos Lac RAL Brass R310 400 ml / 500 ml | Carsystem i R-M Inđija","RAL Brass R310 u Cosmos Lac katalogu. Proverite namenu i pošaljite upit Carsystem i R-M timu.","","Brand | BreadcrumbList | ListItem | Product","true","94","1","","62","0","62","true","false"
"/proizvodi/cosmos-lac-ral-400-ml-500-ml-ral-copper-r309","200","true","","Cosmos Lac RAL Copper R309 400 ml / 500 ml | Carsystem i R-M Inđija","67","1","RAL Copper R309 u Cosmos Lac katalogu. Proverite namenu i pošaljite upit Carsystem i R-M timu.","94","1","http://localhost:3000/proizvodi/cosmos-lac-ral-400-ml-500-ml-ral-copper-r309","200","false","Cosmos Lac RAL Copper R309 400 ml / 500 ml","1","H1:Cosmos Lac RAL Copper R309 400 ml / 500 ml | H2:Dostupne boje | H2:Treba vam savet pri izboru proizvoda? | H2:Katalog | H2:Brendovi | H2:Podrška | H2:Kontakt","sr-Latn","Cosmos Lac RAL Copper R309 400 ml / 500 ml | Carsystem i R-M Inđija","RAL Copper R309 u Cosmos Lac katalogu. Proverite namenu i pošaljite upit Carsystem i R-M timu.","","summary","Cosmos Lac RAL Copper R309 400 ml / 500 ml | Carsystem i R-M Inđija","RAL Copper R309 u Cosmos Lac katalogu. Proverite namenu i pošaljite upit Carsystem i R-M timu.","","Brand | BreadcrumbList | ListItem | Product","true","94","1","","62","0","62","true","false"
"/proizvodi/cosmos-lac-ral-400-ml-500-ml-ral-gold-r308","200","true","","Cosmos Lac RAL Gold R308 400 ml / 500 ml | Carsystem i R-M Inđija","65","1","RAL Gold R308 u Cosmos Lac katalogu. Proverite namenu i pošaljite upit Carsystem i R-M timu.","92","1","http://localhost:3000/proizvodi/cosmos-lac-ral-400-ml-500-ml-ral-gold-r308","200","false","Cosmos Lac RAL Gold R308 400 ml / 500 ml","1","H1:Cosmos Lac RAL Gold R308 400 ml / 500 ml | H2:Dostupne boje | H2:Treba vam savet pri izboru proizvoda? | H2:Katalog | H2:Brendovi | H2:Podrška | H2:Kontakt","sr-Latn","Cosmos Lac RAL Gold R308 400 ml / 500 ml | Carsystem i R-M Inđija","RAL Gold R308 u Cosmos Lac katalogu. Proverite namenu i pošaljite upit Carsystem i R-M timu.","","summary","Cosmos Lac RAL Gold R308 400 ml / 500 ml | Carsystem i R-M Inđija","RAL Gold R308 u Cosmos Lac katalogu. Proverite namenu i pošaljite upit Carsystem i R-M timu.","","Brand | BreadcrumbList | ListItem | Product","true","94","1","","62","0","62","true","false"
"/proizvodi/cosmos-lac-ral-400-ml-500-ml-ral-silver-r307","200","true","","Cosmos Lac RAL Silver R307 400 ml / 500 ml | Carsystem i R-M Inđija","67","1","RAL Silver R307 u Cosmos Lac katalogu. Proverite namenu i pošaljite upit Carsystem i R-M timu.","94","1","http://localhost:3000/proizvodi/cosmos-lac-ral-400-ml-500-ml-ral-silver-r307","200","false","Cosmos Lac RAL Silver R307 400 ml / 500 ml","1","H1:Cosmos Lac RAL Silver R307 400 ml / 500 ml | H2:Dostupne boje | H2:Treba vam savet pri izboru proizvoda? | H2:Katalog | H2:Brendovi | H2:Podrška | H2:Kontakt","sr-Latn","Cosmos Lac RAL Silver R307 400 ml / 500 ml | Carsystem i R-M Inđija","RAL Silver R307 u Cosmos Lac katalogu. Proverite namenu i pošaljite upit Carsystem i R-M timu.","","summary","Cosmos Lac RAL Silver R307 400 ml / 500 ml | Carsystem i R-M Inđija","RAL Silver R307 u Cosmos Lac katalogu. Proverite namenu i pošaljite upit Carsystem i R-M timu.","","Brand | BreadcrumbList | ListItem | Product","true","94","1","","62","0","62","true","false"
"/proizvodi/cosmos-lac-ral-cl-301-ral-9010-mat-400-ml-500-ml-ral-9010-matt-white","200","true","","Cosmos Lac RAL CL 301 RAL 9010 White — mat | Carsystem i R-M Inđija","67","1","RAL CL-301 RAL 9010 White mat u Cosmos Lac katalogu. Proverite namenu i pošaljite upit Carsystem i R-M timu.","108","1","http://localhost:3000/proizvodi/cosmos-lac-ral-cl-301-ral-9010-mat-400-ml-500-ml-ral-9010-matt-white","200","false","Cosmos Lac RAL CL 301 RAL 9010 White — mat","1","H1:Cosmos Lac RAL CL 301 RAL 9010 White — mat | H2:Dostupne boje | H2:Treba vam savet pri izboru proizvoda? | H2:Katalog | H2:Brendovi | H2:Podrška | H2:Kontakt","sr-Latn","Cosmos Lac RAL CL 301 RAL 9010 White — mat | Carsystem i R-M Inđija","RAL CL-301 RAL 9010 White mat u Cosmos Lac katalogu. Proverite namenu i pošaljite upit Carsystem i R-M timu.","","summary","Cosmos Lac RAL CL 301 RAL 9010 White — mat | Carsystem i R-M Inđija","RAL CL-301 RAL 9010 White mat u Cosmos Lac katalogu. Proverite namenu i pošaljite upit Carsystem i R-M timu.","","Brand | BreadcrumbList | ListItem | Product","true","94","1","","62","0","62","true","false"
"/proizvodi/cosmos-lac-ral-cl-301-ral-9010-sjaj-400-ml-500-ml-ral-9010-gloss-white","200","true","","Cosmos Lac RAL CL 301 RAL 9010 White — sjaj | Carsystem i R-M Inđija","68","1","RAL CL-301 RAL 9010 White sjaj u Cosmos Lac katalogu. Proverite namenu i pošaljite upit Carsystem i R-M timu.","109","1","http://localhost:3000/proizvodi/cosmos-lac-ral-cl-301-ral-9010-sjaj-400-ml-500-ml-ral-9010-gloss-white","200","false","Cosmos Lac RAL CL 301 RAL 9010 White — sjaj","1","H1:Cosmos Lac RAL CL 301 RAL 9010 White — sjaj | H2:Dostupne boje | H2:Treba vam savet pri izboru proizvoda? | H2:Katalog | H2:Brendovi | H2:Podrška | H2:Kontakt","sr-Latn","Cosmos Lac RAL CL 301 RAL 9010 White — sjaj | Carsystem i R-M Inđija","RAL CL-301 RAL 9010 White sjaj u Cosmos Lac katalogu. Proverite namenu i pošaljite upit Carsystem i R-M timu.","","summary","Cosmos Lac RAL CL 301 RAL 9010 White — sjaj | Carsystem i R-M Inđija","RAL CL-301 RAL 9010 White sjaj u Cosmos Lac katalogu. Proverite namenu i pošaljite upit Carsystem i R-M timu.","","Brand | BreadcrumbList | ListItem | Product","true","94","1","","62","0","62","true","false"
"/proizvodi/cosmos-lac-ral-cl-302-ral-1014-sjaj-400-ml-500-ml-ral-1014-ivory","200","true","","Cosmos Lac RAL CL 302 RAL 1014 Ivory — sjaj | Carsystem i R-M Inđija","68","1","RAL CL-302 RAL 1014 Ivory sjaj u Cosmos Lac katalogu. Proverite namenu i pošaljite upit Carsystem i R-M timu.","109","1","http://localhost:3000/proizvodi/cosmos-lac-ral-cl-302-ral-1014-sjaj-400-ml-500-ml-ral-1014-ivory","200","false","Cosmos Lac RAL CL 302 RAL 1014 Ivory — sjaj","1","H1:Cosmos Lac RAL CL 302 RAL 1014 Ivory — sjaj | H2:Dostupne boje | H2:Treba vam savet pri izboru proizvoda? | H2:Katalog | H2:Brendovi | H2:Podrška | H2:Kontakt","sr-Latn","Cosmos Lac RAL CL 302 RAL 1014 Ivory — sjaj | Carsystem i R-M Inđija","RAL CL-302 RAL 1014 Ivory sjaj u Cosmos Lac katalogu. Proverite namenu i pošaljite upit Carsystem i R-M timu.","","summary","Cosmos Lac RAL CL 302 RAL 1014 Ivory — sjaj | Carsystem i R-M Inđija","RAL CL-302 RAL 1014 Ivory sjaj u Cosmos Lac katalogu. Proverite namenu i pošaljite upit Carsystem i R-M timu.","","Brand | BreadcrumbList | ListItem | Product","true","94","1","","62","0","62","true","false"
"/proizvodi/cosmos-lac-ral-cl-304-ral-9005-mat-400-ml-500-ml-ral-9005-matt-black","200","true","","Cosmos Lac RAL CL 304 RAL 9005 Black — mat | Carsystem i R-M Inđija","67","1","RAL CL-304 RAL 9005 Black mat u Cosmos Lac katalogu. Proverite namenu i pošaljite upit Carsystem i R-M timu.","108","1","http://localhost:3000/proizvodi/cosmos-lac-ral-cl-304-ral-9005-mat-400-ml-500-ml-ral-9005-matt-black","200","false","Cosmos Lac RAL CL 304 RAL 9005 Black — mat","1","H1:Cosmos Lac RAL CL 304 RAL 9005 Black — mat | H2:Dostupne boje | H2:Treba vam savet pri izboru proizvoda? | H2:Katalog | H2:Brendovi | H2:Podrška | H2:Kontakt","sr-Latn","Cosmos Lac RAL CL 304 RAL 9005 Black — mat | Carsystem i R-M Inđija","RAL CL-304 RAL 9005 Black mat u Cosmos Lac katalogu. Proverite namenu i pošaljite upit Carsystem i R-M timu.","","summary","Cosmos Lac RAL CL 304 RAL 9005 Black — mat | Carsystem i R-M Inđija","RAL CL-304 RAL 9005 Black mat u Cosmos Lac katalogu. Proverite namenu i pošaljite upit Carsystem i R-M timu.","","Brand | BreadcrumbList | ListItem | Product","true","94","1","","62","0","62","true","false"
"/proizvodi/cosmos-lac-ral-cl-304-ral-9005-polusjaj-400-ml-500-ml-ral-9005-semigloss-black","200","true","","Cosmos Lac RAL CL 304 RAL 9005 Black — polusjaj | Carsystem i R-M Inđija","72","1","RAL CL-304 RAL 9005 Black polusjaj u Cosmos Lac katalogu. Proverite namenu i pošaljite upit Carsystem i R-M timu.","113","1","http://localhost:3000/proizvodi/cosmos-lac-ral-cl-304-ral-9005-polusjaj-400-ml-500-ml-ral-9005-semigloss-black","200","false","Cosmos Lac RAL CL 304 RAL 9005 Black — polusjaj","1","H1:Cosmos Lac RAL CL 304 RAL 9005 Black — polusjaj | H2:Dostupne boje | H2:Treba vam savet pri izboru proizvoda? | H2:Katalog | H2:Brendovi | H2:Podrška | H2:Kontakt","sr-Latn","Cosmos Lac RAL CL 304 RAL 9005 Black — polusjaj | Carsystem i R-M Inđija","RAL CL-304 RAL 9005 Black polusjaj u Cosmos Lac katalogu. Proverite namenu i pošaljite upit Carsystem i R-M timu.","","summary","Cosmos Lac RAL CL 304 RAL 9005 Black — polusjaj | Carsystem i R-M Inđija","RAL CL-304 RAL 9005 Black polusjaj u Cosmos Lac katalogu. Proverite namenu i pošaljite upit Carsystem i R-M timu.","","Brand | BreadcrumbList | ListItem | Product","true","94","1","","62","0","62","true","false"
"/proizvodi/cosmos-lac-ral-cl-304-ral-9005-sjaj-400-ml-500-ml-ral-9005-gloss-black","200","true","","Cosmos Lac RAL CL 304 RAL 9005 Black — sjaj | Carsystem i R-M Inđija","68","1","RAL CL-304 RAL 9005 Black sjaj u Cosmos Lac katalogu. Proverite namenu i pošaljite upit Carsystem i R-M timu.","109","1","http://localhost:3000/proizvodi/cosmos-lac-ral-cl-304-ral-9005-sjaj-400-ml-500-ml-ral-9005-gloss-black","200","false","Cosmos Lac RAL CL 304 RAL 9005 Black — sjaj","1","H1:Cosmos Lac RAL CL 304 RAL 9005 Black — sjaj | H2:Dostupne boje | H2:Treba vam savet pri izboru proizvoda? | H2:Katalog | H2:Brendovi | H2:Podrška | H2:Kontakt","sr-Latn","Cosmos Lac RAL CL 304 RAL 9005 Black — sjaj | Carsystem i R-M Inđija","RAL CL-304 RAL 9005 Black sjaj u Cosmos Lac katalogu. Proverite namenu i pošaljite upit Carsystem i R-M timu.","","summary","Cosmos Lac RAL CL 304 RAL 9005 Black — sjaj | Carsystem i R-M Inđija","RAL CL-304 RAL 9005 Black sjaj u Cosmos Lac katalogu. Proverite namenu i pošaljite upit Carsystem i R-M timu.","","Brand | BreadcrumbList | ListItem | Product","true","94","1","","62","0","62","true","false"
"/proizvodi/cosmos-lac-ral-cl-305-ral-7011-sjaj-400-ml-500-ml-ral-7011-iron-grey","200","true","","Cosmos Lac RAL CL 305 RAL 7011 Iron Grey — sjaj | Carsystem i R-M Inđija","72","1","RAL CL-305 RAL 7011 Iron Grey sjaj u Cosmos Lac katalogu. Proverite namenu i pošaljite upit Carsystem i R-M timu.","113","1","http://localhost:3000/proizvodi/cosmos-lac-ral-cl-305-ral-7011-sjaj-400-ml-500-ml-ral-7011-iron-grey","200","false","Cosmos Lac RAL CL 305 RAL 7011 Iron Grey — sjaj","1","H1:Cosmos Lac RAL CL 305 RAL 7011 Iron Grey — sjaj | H2:Dostupne boje | H2:Treba vam savet pri izboru proizvoda? | H2:Katalog | H2:Brendovi | H2:Podrška | H2:Kontakt","sr-Latn","Cosmos Lac RAL CL 305 RAL 7011 Iron Grey — sjaj | Carsystem i R-M Inđija","RAL CL-305 RAL 7011 Iron Grey sjaj u Cosmos Lac katalogu. Proverite namenu i pošaljite upit Carsystem i R-M timu.","","summary","Cosmos Lac RAL CL 305 RAL 7011 Iron Grey — sjaj | Carsystem i R-M Inđija","RAL CL-305 RAL 7011 Iron Grey sjaj u Cosmos Lac katalogu. Proverite namenu i pošaljite upit Carsystem i R-M timu.","","Brand | BreadcrumbList | ListItem | Product","true","94","1","","62","0","62","true","false"
"/proizvodi/cosmos-lac-ral-cl-306-ral-7042-sjaj-400-ml-500-ml-ral-7042-traffic-grey-a","200","true","","Cosmos Lac RAL CL 306 RAL 7042 Traffic Grey A — sjaj | Carsystem i R-M Inđija","77","1","RAL CL-306 RAL 7042 Traffic Grey A sjaj u Cosmos Lac katalogu. Proverite namenu i pošaljite upit Carsystem i R-M timu.","118","1","http://localhost:3000/proizvodi/cosmos-lac-ral-cl-306-ral-7042-sjaj-400-ml-500-ml-ral-7042-traffic-grey-a","200","false","Cosmos Lac RAL CL 306 RAL 7042 Traffic Grey A — sjaj","1","H1:Cosmos Lac RAL CL 306 RAL 7042 Traffic Grey A — sjaj | H2:Dostupne boje | H2:Treba vam savet pri izboru proizvoda? | H2:Katalog | H2:Brendovi | H2:Podrška | H2:Kontakt","sr-Latn","Cosmos Lac RAL CL 306 RAL 7042 Traffic Grey A — sjaj | Carsystem i R-M Inđija","RAL CL-306 RAL 7042 Traffic Grey A sjaj u Cosmos Lac katalogu. Proverite namenu i pošaljite upit Carsystem i R-M timu.","","summary","Cosmos Lac RAL CL 306 RAL 7042 Traffic Grey A — sjaj | Carsystem i R-M Inđija","RAL CL-306 RAL 7042 Traffic Grey A sjaj u Cosmos Lac katalogu. Proverite namenu i pošaljite upit Carsystem i R-M timu.","","Brand | BreadcrumbList | ListItem | Product","true","94","1","","62","0","62","true","false"
"/proizvodi/cosmos-lac-ral-cl-311-ral-3003-sjaj-400-ml-500-ml-ral-3003-ruby-red","200","true","","Cosmos Lac RAL CL 311 RAL 3003 Ruby Red — sjaj | Carsystem i R-M Inđija","71","1","RAL CL-311 RAL 3003 Ruby Red sjaj u Cosmos Lac katalogu. Proverite namenu i pošaljite upit Carsystem i R-M timu.","112","1","http://localhost:3000/proizvodi/cosmos-lac-ral-cl-311-ral-3003-sjaj-400-ml-500-ml-ral-3003-ruby-red","200","false","Cosmos Lac RAL CL 311 RAL 3003 Ruby Red — sjaj","1","H1:Cosmos Lac RAL CL 311 RAL 3003 Ruby Red — sjaj | H2:Dostupne boje | H2:Treba vam savet pri izboru proizvoda? | H2:Katalog | H2:Brendovi | H2:Podrška | H2:Kontakt","sr-Latn","Cosmos Lac RAL CL 311 RAL 3003 Ruby Red — sjaj | Carsystem i R-M Inđija","RAL CL-311 RAL 3003 Ruby Red sjaj u Cosmos Lac katalogu. Proverite namenu i pošaljite upit Carsystem i R-M timu.","","summary","Cosmos Lac RAL CL 311 RAL 3003 Ruby Red — sjaj | Carsystem i R-M Inđija","RAL CL-311 RAL 3003 Ruby Red sjaj u Cosmos Lac katalogu. Proverite namenu i pošaljite upit Carsystem i R-M timu.","","Brand | BreadcrumbList | ListItem | Product","true","94","1","","62","0","62","true","false"
"/proizvodi/cosmos-lac-ral-cl-312-ral-3020-sjaj-400-ml-500-ml-ral-3020-traffic-red","200","true","","Cosmos Lac RAL CL 312 RAL 3020 Traffic Red — sjaj | Carsystem i R-M Inđija","74","1","RAL CL-312 RAL 3020 Traffic Red sjaj u Cosmos Lac katalogu. Proverite namenu i pošaljite upit Carsystem i R-M timu.","115","1","http://localhost:3000/proizvodi/cosmos-lac-ral-cl-312-ral-3020-sjaj-400-ml-500-ml-ral-3020-traffic-red","200","false","Cosmos Lac RAL CL 312 RAL 3020 Traffic Red — sjaj","1","H1:Cosmos Lac RAL CL 312 RAL 3020 Traffic Red — sjaj | H2:Dostupne boje | H2:Treba vam savet pri izboru proizvoda? | H2:Katalog | H2:Brendovi | H2:Podrška | H2:Kontakt","sr-Latn","Cosmos Lac RAL CL 312 RAL 3020 Traffic Red — sjaj | Carsystem i R-M Inđija","RAL CL-312 RAL 3020 Traffic Red sjaj u Cosmos Lac katalogu. Proverite namenu i pošaljite upit Carsystem i R-M timu.","","summary","Cosmos Lac RAL CL 312 RAL 3020 Traffic Red — sjaj | Carsystem i R-M Inđija","RAL CL-312 RAL 3020 Traffic Red sjaj u Cosmos Lac katalogu. Proverite namenu i pošaljite upit Carsystem i R-M timu.","","Brand | BreadcrumbList | ListItem | Product","true","94","1","","62","0","62","true","false"
"/proizvodi/cosmos-lac-ral-cl-313-ral-1018-sjaj-400-ml-500-ml-ral-1018-zinc-yellow","200","true","","Cosmos Lac RAL CL 313 RAL 1018 Zinc Yellow — sjaj | Carsystem i R-M Inđija","74","1","RAL CL-313 RAL 1018 Zinc Yellow sjaj u Cosmos Lac katalogu. Proverite namenu i pošaljite upit Carsystem i R-M timu.","115","1","http://localhost:3000/proizvodi/cosmos-lac-ral-cl-313-ral-1018-sjaj-400-ml-500-ml-ral-1018-zinc-yellow","200","false","Cosmos Lac RAL CL 313 RAL 1018 Zinc Yellow — sjaj","1","H1:Cosmos Lac RAL CL 313 RAL 1018 Zinc Yellow — sjaj | H2:Dostupne boje | H2:Treba vam savet pri izboru proizvoda? | H2:Katalog | H2:Brendovi | H2:Podrška | H2:Kontakt","sr-Latn","Cosmos Lac RAL CL 313 RAL 1018 Zinc Yellow — sjaj | Carsystem i R-M Inđija","RAL CL-313 RAL 1018 Zinc Yellow sjaj u Cosmos Lac katalogu. Proverite namenu i pošaljite upit Carsystem i R-M timu.","","summary","Cosmos Lac RAL CL 313 RAL 1018 Zinc Yellow — sjaj | Carsystem i R-M Inđija","RAL CL-313 RAL 1018 Zinc Yellow sjaj u Cosmos Lac katalogu. Proverite namenu i pošaljite upit Carsystem i R-M timu.","","Brand | BreadcrumbList | ListItem | Product","true","94","1","","62","0","62","true","false"
"/proizvodi/cosmos-lac-ral-cl-314-ral-6005-sjaj-400-ml-500-ml-ral-6005-moss-green","200","true","","Cosmos Lac RAL CL 314 RAL 6005 Moss Green — sjaj | Carsystem i R-M Inđija","73","1","RAL CL-314 RAL 6005 Moss Green sjaj u Cosmos Lac katalogu. Proverite namenu i pošaljite upit Carsystem i R-M timu.","114","1","http://localhost:3000/proizvodi/cosmos-lac-ral-cl-314-ral-6005-sjaj-400-ml-500-ml-ral-6005-moss-green","200","false","Cosmos Lac RAL CL 314 RAL 6005 Moss Green — sjaj","1","H1:Cosmos Lac RAL CL 314 RAL 6005 Moss Green — sjaj | H2:Dostupne boje | H2:Treba vam savet pri izboru proizvoda? | H2:Katalog | H2:Brendovi | H2:Podrška | H2:Kontakt","sr-Latn","Cosmos Lac RAL CL 314 RAL 6005 Moss Green — sjaj | Carsystem i R-M Inđija","RAL CL-314 RAL 6005 Moss Green sjaj u Cosmos Lac katalogu. Proverite namenu i pošaljite upit Carsystem i R-M timu.","","summary","Cosmos Lac RAL CL 314 RAL 6005 Moss Green — sjaj | Carsystem i R-M Inđija","RAL CL-314 RAL 6005 Moss Green sjaj u Cosmos Lac katalogu. Proverite namenu i pošaljite upit Carsystem i R-M timu.","","Brand | BreadcrumbList | ListItem | Product","true","94","1","","62","0","62","true","false"
"/proizvodi/cosmos-lac-ral-cl-315-ral-8011-sjaj-400-ml-500-ml-ral-8011-nut-brown","200","true","","Cosmos Lac RAL CL 315 RAL 8011 Nut Brown — sjaj | Carsystem i R-M Inđija","72","1","RAL CL-315 RAL 8011 Nut Brown sjaj u Cosmos Lac katalogu. Proverite namenu i pošaljite upit Carsystem i R-M timu.","113","1","http://localhost:3000/proizvodi/cosmos-lac-ral-cl-315-ral-8011-sjaj-400-ml-500-ml-ral-8011-nut-brown","200","false","Cosmos Lac RAL CL 315 RAL 8011 Nut Brown — sjaj","1","H1:Cosmos Lac RAL CL 315 RAL 8011 Nut Brown — sjaj | H2:Dostupne boje | H2:Treba vam savet pri izboru proizvoda? | H2:Katalog | H2:Brendovi | H2:Podrška | H2:Kontakt","sr-Latn","Cosmos Lac RAL CL 315 RAL 8011 Nut Brown — sjaj | Carsystem i R-M Inđija","RAL CL-315 RAL 8011 Nut Brown sjaj u Cosmos Lac katalogu. Proverite namenu i pošaljite upit Carsystem i R-M timu.","","summary","Cosmos Lac RAL CL 315 RAL 8011 Nut Brown — sjaj | Carsystem i R-M Inđija","RAL CL-315 RAL 8011 Nut Brown sjaj u Cosmos Lac katalogu. Proverite namenu i pošaljite upit Carsystem i R-M timu.","","Brand | BreadcrumbList | ListItem | Product","true","94","1","","62","0","62","true","false"
"/proizvodi/cosmos-lac-ral-cl-316-ral-5010-sjaj-400-ml-500-ml-ral-5010-gentian-blue","200","true","","Cosmos Lac RAL CL 316 RAL 5010 Gentian Blue — sjaj | Carsystem i R-M Inđija","75","1","RAL CL-316 RAL 5010 Gentian Blue sjaj u Cosmos Lac katalogu. Proverite namenu i pošaljite upit Carsystem i R-M timu.","116","1","http://localhost:3000/proizvodi/cosmos-lac-ral-cl-316-ral-5010-sjaj-400-ml-500-ml-ral-5010-gentian-blue","200","false","Cosmos Lac RAL CL 316 RAL 5010 Gentian Blue — sjaj","1","H1:Cosmos Lac RAL CL 316 RAL 5010 Gentian Blue — sjaj | H2:Dostupne boje | H2:Treba vam savet pri izboru proizvoda? | H2:Katalog | H2:Brendovi | H2:Podrška | H2:Kontakt","sr-Latn","Cosmos Lac RAL CL 316 RAL 5010 Gentian Blue — sjaj | Carsystem i R-M Inđija","RAL CL-316 RAL 5010 Gentian Blue sjaj u Cosmos Lac katalogu. Proverite namenu i pošaljite upit Carsystem i R-M timu.","","summary","Cosmos Lac RAL CL 316 RAL 5010 Gentian Blue — sjaj | Carsystem i R-M Inđija","RAL CL-316 RAL 5010 Gentian Blue sjaj u Cosmos Lac katalogu. Proverite namenu i pošaljite upit Carsystem i R-M timu.","","Brand | BreadcrumbList | ListItem | Product","true","94","1","","62","0","62","true","false"
"/proizvodi/cosmos-lac-ral-cl-317-ral-5012-sjaj-400-ml-500-ml-ral-5012-light-blue","200","true","","Cosmos Lac RAL CL 317 RAL 5012 Light Blue — sjaj | Carsystem i R-M Inđija","73","1","RAL CL-317 RAL 5012 Light Blue sjaj u Cosmos Lac katalogu. Proverite namenu i pošaljite upit Carsystem i R-M timu.","114","1","http://localhost:3000/proizvodi/cosmos-lac-ral-cl-317-ral-5012-sjaj-400-ml-500-ml-ral-5012-light-blue","200","false","Cosmos Lac RAL CL 317 RAL 5012 Light Blue — sjaj","1","H1:Cosmos Lac RAL CL 317 RAL 5012 Light Blue — sjaj | H2:Dostupne boje | H2:Treba vam savet pri izboru proizvoda? | H2:Katalog | H2:Brendovi | H2:Podrška | H2:Kontakt","sr-Latn","Cosmos Lac RAL CL 317 RAL 5012 Light Blue — sjaj | Carsystem i R-M Inđija","RAL CL-317 RAL 5012 Light Blue sjaj u Cosmos Lac katalogu. Proverite namenu i pošaljite upit Carsystem i R-M timu.","","summary","Cosmos Lac RAL CL 317 RAL 5012 Light Blue — sjaj | Carsystem i R-M Inđija","RAL CL-317 RAL 5012 Light Blue sjaj u Cosmos Lac katalogu. Proverite namenu i pošaljite upit Carsystem i R-M timu.","","Brand | BreadcrumbList | ListItem | Product","true","94","1","","62","0","62","true","false"
"/proizvodi/cosmos-lac-ral-cl-318-ral-8017-sjaj-400-ml-500-ml-ral-8017-chocolate-brown","200","true","","Cosmos Lac RAL CL 318 RAL 8017 Chocolate Brown — sjaj | Carsystem i R-M Inđija","78","1","RAL CL-318 RAL 8017 Chocolate Brown sjaj u Cosmos Lac katalogu. Proverite namenu i pošaljite upit Carsystem i R-M timu.","119","1","http://localhost:3000/proizvodi/cosmos-lac-ral-cl-318-ral-8017-sjaj-400-ml-500-ml-ral-8017-chocolate-brown","200","false","Cosmos Lac RAL CL 318 RAL 8017 Chocolate Brown — sjaj","1","H1:Cosmos Lac RAL CL 318 RAL 8017 Chocolate Brown — sjaj | H2:Dostupne boje | H2:Treba vam savet pri izboru proizvoda? | H2:Katalog | H2:Brendovi | H2:Podrška | H2:Kontakt","sr-Latn","Cosmos Lac RAL CL 318 RAL 8017 Chocolate Brown — sjaj | Carsystem i R-M Inđija","RAL CL-318 RAL 8017 Chocolate Brown sjaj u Cosmos Lac katalogu. Proverite namenu i pošaljite upit Carsystem i R-M timu.","","summary","Cosmos Lac RAL CL 318 RAL 8017 Chocolate Brown — sjaj | Carsystem i R-M Inđija","RAL CL-318 RAL 8017 Chocolate Brown sjaj u Cosmos Lac katalogu. Proverite namenu i pošaljite upit Carsystem i R-M timu.","","Brand | BreadcrumbList | ListItem | Product","true","94","1","","62","0","62","true","false"
"/proizvodi/cosmos-lac-ral-cl-319-ral-7035-sjaj-400-ml-500-ml-ral-7035-light-grey","200","true","","Cosmos Lac RAL CL 319 RAL 7035 Light Grey — sjaj | Carsystem i R-M Inđija","73","1","RAL CL-319 RAL 7035 Light Grey sjaj u Cosmos Lac katalogu. Proverite namenu i pošaljite upit Carsystem i R-M timu.","114","1","http://localhost:3000/proizvodi/cosmos-lac-ral-cl-319-ral-7035-sjaj-400-ml-500-ml-ral-7035-light-grey","200","false","Cosmos Lac RAL CL 319 RAL 7035 Light Grey — sjaj","1","H1:Cosmos Lac RAL CL 319 RAL 7035 Light Grey — sjaj | H2:Dostupne boje | H2:Treba vam savet pri izboru proizvoda? | H2:Katalog | H2:Brendovi | H2:Podrška | H2:Kontakt","sr-Latn","Cosmos Lac RAL CL 319 RAL 7035 Light Grey — sjaj | Carsystem i R-M Inđija","RAL CL-319 RAL 7035 Light Grey sjaj u Cosmos Lac katalogu. Proverite namenu i pošaljite upit Carsystem i R-M timu.","","summary","Cosmos Lac RAL CL 319 RAL 7035 Light Grey — sjaj | Carsystem i R-M Inđija","RAL CL-319 RAL 7035 Light Grey sjaj u Cosmos Lac katalogu. Proverite namenu i pošaljite upit Carsystem i R-M timu.","","Brand | BreadcrumbList | ListItem | Product","true","94","1","","62","0","62","true","false"
"/proizvodi/cosmos-lac-ral-cl-320-ral-1028-sjaj-400-ml-500-ml-ral-1028-melon-yellow","200","true","","Cosmos Lac RAL CL 320 RAL 1028 Melon Yellow — sjaj | Carsystem i R-M Inđija","75","1","RAL CL-320 RAL 1028 Melon Yellow sjaj u Cosmos Lac katalogu. Proverite namenu i pošaljite upit Carsystem i R-M timu.","116","1","http://localhost:3000/proizvodi/cosmos-lac-ral-cl-320-ral-1028-sjaj-400-ml-500-ml-ral-1028-melon-yellow","200","false","Cosmos Lac RAL CL 320 RAL 1028 Melon Yellow — sjaj","1","H1:Cosmos Lac RAL CL 320 RAL 1028 Melon Yellow — sjaj | H2:Dostupne boje | H2:Treba vam savet pri izboru proizvoda? | H2:Katalog | H2:Brendovi | H2:Podrška | H2:Kontakt","sr-Latn","Cosmos Lac RAL CL 320 RAL 1028 Melon Yellow — sjaj | Carsystem i R-M Inđija","RAL CL-320 RAL 1028 Melon Yellow sjaj u Cosmos Lac katalogu. Proverite namenu i pošaljite upit Carsystem i R-M timu.","","summary","Cosmos Lac RAL CL 320 RAL 1028 Melon Yellow — sjaj | Carsystem i R-M Inđija","RAL CL-320 RAL 1028 Melon Yellow sjaj u Cosmos Lac katalogu. Proverite namenu i pošaljite upit Carsystem i R-M timu.","","Brand | BreadcrumbList | ListItem | Product","true","94","1","","62","0","62","true","false"
"/proizvodi/cosmos-lac-ral-cl-321-ral-1007-sjaj-400-ml-500-ml-ral-1007-daffodil-yellow","200","true","","Cosmos Lac RAL CL 321 RAL 1007 Daffodil Yellow — sjaj | Carsystem i R-M Inđija","78","1","RAL CL-321 RAL 1007 Daffodil Yellow sjaj u Cosmos Lac katalogu. Proverite namenu i pošaljite upit Carsystem i R-M timu.","119","1","http://localhost:3000/proizvodi/cosmos-lac-ral-cl-321-ral-1007-sjaj-400-ml-500-ml-ral-1007-daffodil-yellow","200","false","Cosmos Lac RAL CL 321 RAL 1007 Daffodil Yellow — sjaj","1","H1:Cosmos Lac RAL CL 321 RAL 1007 Daffodil Yellow — sjaj | H2:Dostupne boje | H2:Treba vam savet pri izboru proizvoda? | H2:Katalog | H2:Brendovi | H2:Podrška | H2:Kontakt","sr-Latn","Cosmos Lac RAL CL 321 RAL 1007 Daffodil Yellow — sjaj | Carsystem i R-M Inđija","RAL CL-321 RAL 1007 Daffodil Yellow sjaj u Cosmos Lac katalogu. Proverite namenu i pošaljite upit Carsystem i R-M timu.","","summary","Cosmos Lac RAL CL 321 RAL 1007 Daffodil Yellow — sjaj | Carsystem i R-M Inđija","RAL CL-321 RAL 1007 Daffodil Yellow sjaj u Cosmos Lac katalogu. Proverite namenu i pošaljite upit Carsystem i R-M timu.","","Brand | BreadcrumbList | ListItem | Product","true","94","1","","62","0","62","true","false"
"/proizvodi/cosmos-lac-ral-cl-322-ral-7016-sjaj-400-ml-500-ml-ral-7016-anthracite-grey","200","true","","Cosmos Lac RAL CL 322 RAL 7016 Anthracite Grey — sjaj | Carsystem i R-M Inđija","78","1","RAL CL-322 RAL 7016 Anthracite Grey sjaj u Cosmos Lac katalogu. Proverite namenu i pošaljite upit Carsystem i R-M timu.","119","1","http://localhost:3000/proizvodi/cosmos-lac-ral-cl-322-ral-7016-sjaj-400-ml-500-ml-ral-7016-anthracite-grey","200","false","Cosmos Lac RAL CL 322 RAL 7016 Anthracite Grey — sjaj","1","H1:Cosmos Lac RAL CL 322 RAL 7016 Anthracite Grey — sjaj | H2:Dostupne boje | H2:Treba vam savet pri izboru proizvoda? | H2:Katalog | H2:Brendovi | H2:Podrška | H2:Kontakt","sr-Latn","Cosmos Lac RAL CL 322 RAL 7016 Anthracite Grey — sjaj | Carsystem i R-M Inđija","RAL CL-322 RAL 7016 Anthracite Grey sjaj u Cosmos Lac katalogu. Proverite namenu i pošaljite upit Carsystem i R-M timu.","","summary","Cosmos Lac RAL CL 322 RAL 7016 Anthracite Grey — sjaj | Carsystem i R-M Inđija","RAL CL-322 RAL 7016 Anthracite Grey sjaj u Cosmos Lac katalogu. Proverite namenu i pošaljite upit Carsystem i R-M timu.","","Brand | BreadcrumbList | ListItem | Product","true","94","1","","62","0","62","true","false"
"/proizvodi/cosmos-lac-ral-cl-324-ral-8003-sjaj-400-ml-500-ml-ral-8003-clay-brown","200","true","","Cosmos Lac RAL CL 324 RAL 8003 Clay Brown — sjaj | Carsystem i R-M Inđija","73","1","RAL CL-324 RAL 8003 Clay Brown sjaj u Cosmos Lac katalogu. Proverite namenu i pošaljite upit Carsystem i R-M timu.","114","1","http://localhost:3000/proizvodi/cosmos-lac-ral-cl-324-ral-8003-sjaj-400-ml-500-ml-ral-8003-clay-brown","200","false","Cosmos Lac RAL CL 324 RAL 8003 Clay Brown — sjaj","1","H1:Cosmos Lac RAL CL 324 RAL 8003 Clay Brown — sjaj | H2:Dostupne boje | H2:Treba vam savet pri izboru proizvoda? | H2:Katalog | H2:Brendovi | H2:Podrška | H2:Kontakt","sr-Latn","Cosmos Lac RAL CL 324 RAL 8003 Clay Brown — sjaj | Carsystem i R-M Inđija","RAL CL-324 RAL 8003 Clay Brown sjaj u Cosmos Lac katalogu. Proverite namenu i pošaljite upit Carsystem i R-M timu.","","summary","Cosmos Lac RAL CL 324 RAL 8003 Clay Brown — sjaj | Carsystem i R-M Inđija","RAL CL-324 RAL 8003 Clay Brown sjaj u Cosmos Lac katalogu. Proverite namenu i pošaljite upit Carsystem i R-M timu.","","Brand | BreadcrumbList | ListItem | Product","true","94","1","","62","0","62","true","false"
"/proizvodi/cosmos-lac-ral-cl-325-ral-3009-sjaj-400-ml-500-ml-ral-3009-oxide-red","200","true","","Cosmos Lac RAL CL 325 RAL 3009 Oxide Red — sjaj | Carsystem i R-M Inđija","72","1","RAL CL-325 RAL 3009 Oxide Red sjaj u Cosmos Lac katalogu. Proverite namenu i pošaljite upit Carsystem i R-M timu.","113","1","http://localhost:3000/proizvodi/cosmos-lac-ral-cl-325-ral-3009-sjaj-400-ml-500-ml-ral-3009-oxide-red","200","false","Cosmos Lac RAL CL 325 RAL 3009 Oxide Red — sjaj","1","H1:Cosmos Lac RAL CL 325 RAL 3009 Oxide Red — sjaj | H2:Dostupne boje | H2:Treba vam savet pri izboru proizvoda? | H2:Katalog | H2:Brendovi | H2:Podrška | H2:Kontakt","sr-Latn","Cosmos Lac RAL CL 325 RAL 3009 Oxide Red — sjaj | Carsystem i R-M Inđija","RAL CL-325 RAL 3009 Oxide Red sjaj u Cosmos Lac katalogu. Proverite namenu i pošaljite upit Carsystem i R-M timu.","","summary","Cosmos Lac RAL CL 325 RAL 3009 Oxide Red — sjaj | Carsystem i R-M Inđija","RAL CL-325 RAL 3009 Oxide Red sjaj u Cosmos Lac katalogu. Proverite namenu i pošaljite upit Carsystem i R-M timu.","","Brand | BreadcrumbList | ListItem | Product","true","94","1","","62","0","62","true","false"
"/proizvodi/cosmos-lac-ral-cl-329-ral-2003-sjaj-400-ml-500-ml-ral-2003-pastel-orange","200","true","","Cosmos Lac RAL CL 329 RAL 2003 Pastel Orange — sjaj | Carsystem i R-M Inđija","76","1","RAL CL-329 RAL 2003 Pastel Orange sjaj u Cosmos Lac katalogu. Proverite namenu i pošaljite upit Carsystem i R-M timu.","117","1","http://localhost:3000/proizvodi/cosmos-lac-ral-cl-329-ral-2003-sjaj-400-ml-500-ml-ral-2003-pastel-orange","200","false","Cosmos Lac RAL CL 329 RAL 2003 Pastel Orange — sjaj","1","H1:Cosmos Lac RAL CL 329 RAL 2003 Pastel Orange — sjaj | H2:Dostupne boje | H2:Treba vam savet pri izboru proizvoda? | H2:Katalog | H2:Brendovi | H2:Podrška | H2:Kontakt","sr-Latn","Cosmos Lac RAL CL 329 RAL 2003 Pastel Orange — sjaj | Carsystem i R-M Inđija","RAL CL-329 RAL 2003 Pastel Orange sjaj u Cosmos Lac katalogu. Proverite namenu i pošaljite upit Carsystem i R-M timu.","","summary","Cosmos Lac RAL CL 329 RAL 2003 Pastel Orange — sjaj | Carsystem i R-M Inđija","RAL CL-329 RAL 2003 Pastel Orange sjaj u Cosmos Lac katalogu. Proverite namenu i pošaljite upit Carsystem i R-M timu.","","Brand | BreadcrumbList | ListItem | Product","true","94","1","","62","0","62","true","false"
"/proizvodi/cosmos-lac-ral-cl-330-ral-3000-sjaj-400-ml-500-ml-ral-3000-flame-red","200","true","","Cosmos Lac RAL CL 330 RAL 3000 Flame Red — sjaj | Carsystem i R-M Inđija","72","1","RAL CL-330 RAL 3000 Flame Red sjaj u Cosmos Lac katalogu. Proverite namenu i pošaljite upit Carsystem i R-M timu.","113","1","http://localhost:3000/proizvodi/cosmos-lac-ral-cl-330-ral-3000-sjaj-400-ml-500-ml-ral-3000-flame-red","200","false","Cosmos Lac RAL CL 330 RAL 3000 Flame Red — sjaj","1","H1:Cosmos Lac RAL CL 330 RAL 3000 Flame Red — sjaj | H2:Dostupne boje | H2:Treba vam savet pri izboru proizvoda? | H2:Katalog | H2:Brendovi | H2:Podrška | H2:Kontakt","sr-Latn","Cosmos Lac RAL CL 330 RAL 3000 Flame Red — sjaj | Carsystem i R-M Inđija","RAL CL-330 RAL 3000 Flame Red sjaj u Cosmos Lac katalogu. Proverite namenu i pošaljite upit Carsystem i R-M timu.","","summary","Cosmos Lac RAL CL 330 RAL 3000 Flame Red — sjaj | Carsystem i R-M Inđija","RAL CL-330 RAL 3000 Flame Red sjaj u Cosmos Lac katalogu. Proverite namenu i pošaljite upit Carsystem i R-M timu.","","Brand | BreadcrumbList | ListItem | Product","true","94","1","","62","0","62","true","false"
"/proizvodi/cosmos-lac-ral-cl-331-ral-2010-sjaj-400-ml-500-ml-ral-2010-signal-orange","200","true","","Cosmos Lac RAL CL 331 RAL 2010 Signal Orange — sjaj | Carsystem i R-M Inđija","76","1","RAL CL-331 RAL 2010 Signal Orange sjaj u Cosmos Lac katalogu. Proverite namenu i pošaljite upit Carsystem i R-M timu.","117","1","http://localhost:3000/proizvodi/cosmos-lac-ral-cl-331-ral-2010-sjaj-400-ml-500-ml-ral-2010-signal-orange","200","false","Cosmos Lac RAL CL 331 RAL 2010 Signal Orange — sjaj","1","H1:Cosmos Lac RAL CL 331 RAL 2010 Signal Orange — sjaj | H2:Dostupne boje | H2:Treba vam savet pri izboru proizvoda? | H2:Katalog | H2:Brendovi | H2:Podrška | H2:Kontakt","sr-Latn","Cosmos Lac RAL CL 331 RAL 2010 Signal Orange — sjaj | Carsystem i R-M Inđija","RAL CL-331 RAL 2010 Signal Orange sjaj u Cosmos Lac katalogu. Proverite namenu i pošaljite upit Carsystem i R-M timu.","","summary","Cosmos Lac RAL CL 331 RAL 2010 Signal Orange — sjaj | Carsystem i R-M Inđija","RAL CL-331 RAL 2010 Signal Orange sjaj u Cosmos Lac katalogu. Proverite namenu i pošaljite upit Carsystem i R-M timu.","","Brand | BreadcrumbList | ListItem | Product","true","94","1","","62","0","62","true","false"
"/proizvodi/cosmos-lac-ral-cl-341-ral-5017-sjaj-400-ml-500-ml-ral-5017-traffic-blue","200","true","","Cosmos Lac RAL CL 341 RAL 5017 Traffic Blue — sjaj | Carsystem i R-M Inđija","75","1","RAL CL-341 RAL 5017 Traffic Blue sjaj u Cosmos Lac katalogu. Proverite namenu i pošaljite upit Carsystem i R-M timu.","116","1","http://localhost:3000/proizvodi/cosmos-lac-ral-cl-341-ral-5017-sjaj-400-ml-500-ml-ral-5017-traffic-blue","200","false","Cosmos Lac RAL CL 341 RAL 5017 Traffic Blue — sjaj","1","H1:Cosmos Lac RAL CL 341 RAL 5017 Traffic Blue — sjaj | H2:Dostupne boje | H2:Treba vam savet pri izboru proizvoda? | H2:Katalog | H2:Brendovi | H2:Podrška | H2:Kontakt","sr-Latn","Cosmos Lac RAL CL 341 RAL 5017 Traffic Blue — sjaj | Carsystem i R-M Inđija","RAL CL-341 RAL 5017 Traffic Blue sjaj u Cosmos Lac katalogu. Proverite namenu i pošaljite upit Carsystem i R-M timu.","","summary","Cosmos Lac RAL CL 341 RAL 5017 Traffic Blue — sjaj | Carsystem i R-M Inđija","RAL CL-341 RAL 5017 Traffic Blue sjaj u Cosmos Lac katalogu. Proverite namenu i pošaljite upit Carsystem i R-M timu.","","Brand | BreadcrumbList | ListItem | Product","true","94","1","","62","0","62","true","false"
"/proizvodi/cosmos-lac-ral-cl-347-ral-1015-sjaj-400-ml-500-ml-ral-1015-light-ivory","200","true","","Cosmos Lac RAL CL 347 RAL 1015 Light Ivory — sjaj | Carsystem i R-M Inđija","74","1","RAL CL-347 RAL 1015 Light Ivory sjaj u Cosmos Lac katalogu. Proverite namenu i pošaljite upit Carsystem i R-M timu.","115","1","http://localhost:3000/proizvodi/cosmos-lac-ral-cl-347-ral-1015-sjaj-400-ml-500-ml-ral-1015-light-ivory","200","false","Cosmos Lac RAL CL 347 RAL 1015 Light Ivory — sjaj","1","H1:Cosmos Lac RAL CL 347 RAL 1015 Light Ivory — sjaj | H2:Dostupne boje | H2:Treba vam savet pri izboru proizvoda? | H2:Katalog | H2:Brendovi | H2:Podrška | H2:Kontakt","sr-Latn","Cosmos Lac RAL CL 347 RAL 1015 Light Ivory — sjaj | Carsystem i R-M Inđija","RAL CL-347 RAL 1015 Light Ivory sjaj u Cosmos Lac katalogu. Proverite namenu i pošaljite upit Carsystem i R-M timu.","","summary","Cosmos Lac RAL CL 347 RAL 1015 Light Ivory — sjaj | Carsystem i R-M Inđija","RAL CL-347 RAL 1015 Light Ivory sjaj u Cosmos Lac katalogu. Proverite namenu i pošaljite upit Carsystem i R-M timu.","","Brand | BreadcrumbList | ListItem | Product","true","94","1","","62","0","62","true","false"
"/proizvodi/cosmos-lac-ral-cl-411-ral-7001-sjaj-400-ml-500-ml-ral-7001-silver-grey","200","true","","Cosmos Lac RAL CL 411 RAL 7001 Silver Grey — sjaj | Carsystem i R-M Inđija","74","1","RAL CL-411 RAL 7001 Silver Grey sjaj u Cosmos Lac katalogu. Proverite namenu i pošaljite upit Carsystem i R-M timu.","115","1","http://localhost:3000/proizvodi/cosmos-lac-ral-cl-411-ral-7001-sjaj-400-ml-500-ml-ral-7001-silver-grey","200","false","Cosmos Lac RAL CL 411 RAL 7001 Silver Grey — sjaj","1","H1:Cosmos Lac RAL CL 411 RAL 7001 Silver Grey — sjaj | H2:Dostupne boje | H2:Treba vam savet pri izboru proizvoda? | H2:Katalog | H2:Brendovi | H2:Podrška | H2:Kontakt","sr-Latn","Cosmos Lac RAL CL 411 RAL 7001 Silver Grey — sjaj | Carsystem i R-M Inđija","RAL CL-411 RAL 7001 Silver Grey sjaj u Cosmos Lac katalogu. Proverite namenu i pošaljite upit Carsystem i R-M timu.","","summary","Cosmos Lac RAL CL 411 RAL 7001 Silver Grey — sjaj | Carsystem i R-M Inđija","RAL CL-411 RAL 7001 Silver Grey sjaj u Cosmos Lac katalogu. Proverite namenu i pošaljite upit Carsystem i R-M timu.","","Brand | BreadcrumbList | ListItem | Product","true","94","1","","62","0","62","true","false"
"/proizvodi/cosmos-lac-ral-cl-412-ral-9002-sjaj-400-ml-500-ml-ral-9002-grey-white","200","true","","Cosmos Lac RAL CL 412 RAL 9002 Grey White — sjaj | Carsystem i R-M Inđija","73","1","RAL CL-412 RAL 9002 Grey White sjaj u Cosmos Lac katalogu. Proverite namenu i pošaljite upit Carsystem i R-M timu.","114","1","http://localhost:3000/proizvodi/cosmos-lac-ral-cl-412-ral-9002-sjaj-400-ml-500-ml-ral-9002-grey-white","200","false","Cosmos Lac RAL CL 412 RAL 9002 Grey White — sjaj","1","H1:Cosmos Lac RAL CL 412 RAL 9002 Grey White — sjaj | H2:Dostupne boje | H2:Treba vam savet pri izboru proizvoda? | H2:Katalog | H2:Brendovi | H2:Podrška | H2:Kontakt","sr-Latn","Cosmos Lac RAL CL 412 RAL 9002 Grey White — sjaj | Carsystem i R-M Inđija","RAL CL-412 RAL 9002 Grey White sjaj u Cosmos Lac katalogu. Proverite namenu i pošaljite upit Carsystem i R-M timu.","","summary","Cosmos Lac RAL CL 412 RAL 9002 Grey White — sjaj | Carsystem i R-M Inđija","RAL CL-412 RAL 9002 Grey White sjaj u Cosmos Lac katalogu. Proverite namenu i pošaljite upit Carsystem i R-M timu.","","Brand | BreadcrumbList | ListItem | Product","true","94","1","","62","0","62","true","false"
"/proizvodi/cosmos-lac-ral-cl-413-ral-5013-sjaj-400-ml-500-ml-ral-5013-cobalt-blue","200","true","","Cosmos Lac RAL CL 413 RAL 5013 Cobalt Blue — sjaj | Carsystem i R-M Inđija","74","1","RAL CL-413 RAL 5013 Cobalt Blue sjaj u Cosmos Lac katalogu. Proverite namenu i pošaljite upit Carsystem i R-M timu.","115","1","http://localhost:3000/proizvodi/cosmos-lac-ral-cl-413-ral-5013-sjaj-400-ml-500-ml-ral-5013-cobalt-blue","200","false","Cosmos Lac RAL CL 413 RAL 5013 Cobalt Blue — sjaj","1","H1:Cosmos Lac RAL CL 413 RAL 5013 Cobalt Blue — sjaj | H2:Dostupne boje | H2:Treba vam savet pri izboru proizvoda? | H2:Katalog | H2:Brendovi | H2:Podrška | H2:Kontakt","sr-Latn","Cosmos Lac RAL CL 413 RAL 5013 Cobalt Blue — sjaj | Carsystem i R-M Inđija","RAL CL-413 RAL 5013 Cobalt Blue sjaj u Cosmos Lac katalogu. Proverite namenu i pošaljite upit Carsystem i R-M timu.","","summary","Cosmos Lac RAL CL 413 RAL 5013 Cobalt Blue — sjaj | Carsystem i R-M Inđija","RAL CL-413 RAL 5013 Cobalt Blue sjaj u Cosmos Lac katalogu. Proverite namenu i pošaljite upit Carsystem i R-M timu.","","Brand | BreadcrumbList | ListItem | Product","true","94","1","","62","0","62","true","false"
"/proizvodi/cosmos-lac-ral-cl-414-ral-8004-sjaj-400-ml-500-ml-ral-8004-copper-brown","200","true","","Cosmos Lac RAL CL 414 RAL 8004 Copper Brown — sjaj | Carsystem i R-M Inđija","75","1","RAL CL-414 RAL 8004 Copper Brown sjaj u Cosmos Lac katalogu. Proverite namenu i pošaljite upit Carsystem i R-M timu.","116","1","http://localhost:3000/proizvodi/cosmos-lac-ral-cl-414-ral-8004-sjaj-400-ml-500-ml-ral-8004-copper-brown","200","false","Cosmos Lac RAL CL 414 RAL 8004 Copper Brown — sjaj","1","H1:Cosmos Lac RAL CL 414 RAL 8004 Copper Brown — sjaj | H2:Dostupne boje | H2:Treba vam savet pri izboru proizvoda? | H2:Katalog | H2:Brendovi | H2:Podrška | H2:Kontakt","sr-Latn","Cosmos Lac RAL CL 414 RAL 8004 Copper Brown — sjaj | Carsystem i R-M Inđija","RAL CL-414 RAL 8004 Copper Brown sjaj u Cosmos Lac katalogu. Proverite namenu i pošaljite upit Carsystem i R-M timu.","","summary","Cosmos Lac RAL CL 414 RAL 8004 Copper Brown — sjaj | Carsystem i R-M Inđija","RAL CL-414 RAL 8004 Copper Brown sjaj u Cosmos Lac katalogu. Proverite namenu i pošaljite upit Carsystem i R-M timu.","","Brand | BreadcrumbList | ListItem | Product","true","94","1","","62","0","62","true","false"
"/proizvodi/cosmos-lac-ral-cl-415-ral-1013-sjaj-400-ml-500-ml-ral-1013-oyster-white","200","true","","Cosmos Lac RAL CL 415 RAL 1013 Oyster White — sjaj | Carsystem i R-M Inđija","75","1","RAL CL-415 RAL 1013 Oyster White sjaj u Cosmos Lac katalogu. Proverite namenu i pošaljite upit Carsystem i R-M timu.","116","1","http://localhost:3000/proizvodi/cosmos-lac-ral-cl-415-ral-1013-sjaj-400-ml-500-ml-ral-1013-oyster-white","200","false","Cosmos Lac RAL CL 415 RAL 1013 Oyster White — sjaj","1","H1:Cosmos Lac RAL CL 415 RAL 1013 Oyster White — sjaj | H2:Dostupne boje | H2:Treba vam savet pri izboru proizvoda? | H2:Katalog | H2:Brendovi | H2:Podrška | H2:Kontakt","sr-Latn","Cosmos Lac RAL CL 415 RAL 1013 Oyster White — sjaj | Carsystem i R-M Inđija","RAL CL-415 RAL 1013 Oyster White sjaj u Cosmos Lac katalogu. Proverite namenu i pošaljite upit Carsystem i R-M timu.","","summary","Cosmos Lac RAL CL 415 RAL 1013 Oyster White — sjaj | Carsystem i R-M Inđija","RAL CL-415 RAL 1013 Oyster White sjaj u Cosmos Lac katalogu. Proverite namenu i pošaljite upit Carsystem i R-M timu.","","Brand | BreadcrumbList | ListItem | Product","true","94","1","","62","0","62","true","false"
"/proizvodi/cosmos-lac-ral-cl-416-ral-8016-sjaj-400-ml-500-ml-ral-8016-mahogany-brown","200","true","","Cosmos Lac RAL CL 416 RAL 8016 Mahogany Brown — sjaj | Carsystem i R-M Inđija","77","1","RAL CL-416 RAL 8016 Mahogany Brown sjaj u Cosmos Lac katalogu. Proverite namenu i pošaljite upit Carsystem i R-M timu.","118","1","http://localhost:3000/proizvodi/cosmos-lac-ral-cl-416-ral-8016-sjaj-400-ml-500-ml-ral-8016-mahogany-brown","200","false","Cosmos Lac RAL CL 416 RAL 8016 Mahogany Brown — sjaj","1","H1:Cosmos Lac RAL CL 416 RAL 8016 Mahogany Brown — sjaj | H2:Dostupne boje | H2:Treba vam savet pri izboru proizvoda? | H2:Katalog | H2:Brendovi | H2:Podrška | H2:Kontakt","sr-Latn","Cosmos Lac RAL CL 416 RAL 8016 Mahogany Brown — sjaj | Carsystem i R-M Inđija","RAL CL-416 RAL 8016 Mahogany Brown sjaj u Cosmos Lac katalogu. Proverite namenu i pošaljite upit Carsystem i R-M timu.","","summary","Cosmos Lac RAL CL 416 RAL 8016 Mahogany Brown — sjaj | Carsystem i R-M Inđija","RAL CL-416 RAL 8016 Mahogany Brown sjaj u Cosmos Lac katalogu. Proverite namenu i pošaljite upit Carsystem i R-M timu.","","Brand | BreadcrumbList | ListItem | Product","true","94","1","","62","0","62","true","false"
"/proizvodi/cosmos-lac-ral-cl-417-ral-5002-sjaj-400-ml-500-ml-ral-5002-ultramarine-blue","200","true","","Cosmos Lac RAL CL 417 RAL 5002 Ultramarine Blue — sjaj | Carsystem i R-M Inđija","79","1","RAL CL-417 RAL 5002 Ultramarine Blue sjaj u Cosmos Lac katalogu. Proverite namenu i pošaljite upit Carsystem i R-M timu.","120","1","http://localhost:3000/proizvodi/cosmos-lac-ral-cl-417-ral-5002-sjaj-400-ml-500-ml-ral-5002-ultramarine-blue","200","false","Cosmos Lac RAL CL 417 RAL 5002 Ultramarine Blue — sjaj","1","H1:Cosmos Lac RAL CL 417 RAL 5002 Ultramarine Blue — sjaj | H2:Dostupne boje | H2:Treba vam savet pri izboru proizvoda? | H2:Katalog | H2:Brendovi | H2:Podrška | H2:Kontakt","sr-Latn","Cosmos Lac RAL CL 417 RAL 5002 Ultramarine Blue — sjaj | Carsystem i R-M Inđija","RAL CL-417 RAL 5002 Ultramarine Blue sjaj u Cosmos Lac katalogu. Proverite namenu i pošaljite upit Carsystem i R-M timu.","","summary","Cosmos Lac RAL CL 417 RAL 5002 Ultramarine Blue — sjaj | Carsystem i R-M Inđija","RAL CL-417 RAL 5002 Ultramarine Blue sjaj u Cosmos Lac katalogu. Proverite namenu i pošaljite upit Carsystem i R-M timu.","","Brand | BreadcrumbList | ListItem | Product","true","94","1","","62","0","62","true","false"
"/proizvodi/cosmos-lac-ral-cl-418-ral-5018-sjaj-400-ml-500-ml-ral-5018-turquoise-blue","200","true","","Cosmos Lac RAL CL 418 RAL 5018 Turquoise Blue — sjaj | Carsystem i R-M Inđija","77","1","RAL CL-418 RAL 5018 Turquoise Blue sjaj u Cosmos Lac katalogu. Proverite namenu i pošaljite upit Carsystem i R-M timu.","118","1","http://localhost:3000/proizvodi/cosmos-lac-ral-cl-418-ral-5018-sjaj-400-ml-500-ml-ral-5018-turquoise-blue","200","false","Cosmos Lac RAL CL 418 RAL 5018 Turquoise Blue — sjaj","1","H1:Cosmos Lac RAL CL 418 RAL 5018 Turquoise Blue — sjaj | H2:Dostupne boje | H2:Treba vam savet pri izboru proizvoda? | H2:Katalog | H2:Brendovi | H2:Podrška | H2:Kontakt","sr-Latn","Cosmos Lac RAL CL 418 RAL 5018 Turquoise Blue — sjaj | Carsystem i R-M Inđija","RAL CL-418 RAL 5018 Turquoise Blue sjaj u Cosmos Lac katalogu. Proverite namenu i pošaljite upit Carsystem i R-M timu.","","summary","Cosmos Lac RAL CL 418 RAL 5018 Turquoise Blue — sjaj | Carsystem i R-M Inđija","RAL CL-418 RAL 5018 Turquoise Blue sjaj u Cosmos Lac katalogu. Proverite namenu i pošaljite upit Carsystem i R-M timu.","","Brand | BreadcrumbList | ListItem | Product","true","94","1","","62","0","62","true","false"
"/proizvodi/cosmos-lac-ral-cl-419-ral-8019-sjaj-400-ml-500-ml-ral-8019-grey-brown","200","true","","Cosmos Lac RAL CL 419 RAL 8019 Grey Brown — sjaj | Carsystem i R-M Inđija","73","1","RAL CL-419 RAL 8019 Grey Brown sjaj u Cosmos Lac katalogu. Proverite namenu i pošaljite upit Carsystem i R-M timu.","114","1","http://localhost:3000/proizvodi/cosmos-lac-ral-cl-419-ral-8019-sjaj-400-ml-500-ml-ral-8019-grey-brown","200","false","Cosmos Lac RAL CL 419 RAL 8019 Grey Brown — sjaj","1","H1:Cosmos Lac RAL CL 419 RAL 8019 Grey Brown — sjaj | H2:Dostupne boje | H2:Treba vam savet pri izboru proizvoda? | H2:Katalog | H2:Brendovi | H2:Podrška | H2:Kontakt","sr-Latn","Cosmos Lac RAL CL 419 RAL 8019 Grey Brown — sjaj | Carsystem i R-M Inđija","RAL CL-419 RAL 8019 Grey Brown sjaj u Cosmos Lac katalogu. Proverite namenu i pošaljite upit Carsystem i R-M timu.","","summary","Cosmos Lac RAL CL 419 RAL 8019 Grey Brown — sjaj | Carsystem i R-M Inđija","RAL CL-419 RAL 8019 Grey Brown sjaj u Cosmos Lac katalogu. Proverite namenu i pošaljite upit Carsystem i R-M timu.","","Brand | BreadcrumbList | ListItem | Product","true","94","1","","62","0","62","true","false"
"/proizvodi/cosmos-lac-ral-cl-420-ral-7021-sjaj-400-ml-500-ml-ral-7021-black-grey","200","true","","Cosmos Lac RAL CL 420 RAL 7021 Black Grey — sjaj | Carsystem i R-M Inđija","73","1","RAL CL-420 RAL 7021 Black Grey sjaj u Cosmos Lac katalogu. Proverite namenu i pošaljite upit Carsystem i R-M timu.","114","1","http://localhost:3000/proizvodi/cosmos-lac-ral-cl-420-ral-7021-sjaj-400-ml-500-ml-ral-7021-black-grey","200","false","Cosmos Lac RAL CL 420 RAL 7021 Black Grey — sjaj","1","H1:Cosmos Lac RAL CL 420 RAL 7021 Black Grey — sjaj | H2:Dostupne boje | H2:Treba vam savet pri izboru proizvoda? | H2:Katalog | H2:Brendovi | H2:Podrška | H2:Kontakt","sr-Latn","Cosmos Lac RAL CL 420 RAL 7021 Black Grey — sjaj | Carsystem i R-M Inđija","RAL CL-420 RAL 7021 Black Grey sjaj u Cosmos Lac katalogu. Proverite namenu i pošaljite upit Carsystem i R-M timu.","","summary","Cosmos Lac RAL CL 420 RAL 7021 Black Grey — sjaj | Carsystem i R-M Inđija","RAL CL-420 RAL 7021 Black Grey sjaj u Cosmos Lac katalogu. Proverite namenu i pošaljite upit Carsystem i R-M timu.","","Brand | BreadcrumbList | ListItem | Product","true","94","1","","62","0","62","true","false"
"/proizvodi/cosmos-lac-ral-cl-425-ral-9001-sjaj-400-ml-500-ml-ral-9001-cream","200","true","","Cosmos Lac RAL CL 425 RAL 9001 Cream — sjaj | Carsystem i R-M Inđija","68","1","RAL CL-425 RAL 9001 Cream sjaj u Cosmos Lac katalogu. Proverite namenu i pošaljite upit Carsystem i R-M timu.","109","1","http://localhost:3000/proizvodi/cosmos-lac-ral-cl-425-ral-9001-sjaj-400-ml-500-ml-ral-9001-cream","200","false","Cosmos Lac RAL CL 425 RAL 9001 Cream — sjaj","1","H1:Cosmos Lac RAL CL 425 RAL 9001 Cream — sjaj | H2:Dostupne boje | H2:Treba vam savet pri izboru proizvoda? | H2:Katalog | H2:Brendovi | H2:Podrška | H2:Kontakt","sr-Latn","Cosmos Lac RAL CL 425 RAL 9001 Cream — sjaj | Carsystem i R-M Inđija","RAL CL-425 RAL 9001 Cream sjaj u Cosmos Lac katalogu. Proverite namenu i pošaljite upit Carsystem i R-M timu.","","summary","Cosmos Lac RAL CL 425 RAL 9001 Cream — sjaj | Carsystem i R-M Inđija","RAL CL-425 RAL 9001 Cream sjaj u Cosmos Lac katalogu. Proverite namenu i pošaljite upit Carsystem i R-M timu.","","Brand | BreadcrumbList | ListItem | Product","true","94","1","","62","0","62","true","false"
"/proizvodi/cosmos-lac-ral-cl-426-ral-9003-sjaj-400-ml-500-ml-ral-9003-signal-white","200","true","","Cosmos Lac RAL CL 426 RAL 9003 Signal White — sjaj | Carsystem i R-M Inđija","75","1","RAL CL-426 RAL 9003 Signal White sjaj u Cosmos Lac katalogu. Proverite namenu i pošaljite upit Carsystem i R-M timu.","116","1","http://localhost:3000/proizvodi/cosmos-lac-ral-cl-426-ral-9003-sjaj-400-ml-500-ml-ral-9003-signal-white","200","false","Cosmos Lac RAL CL 426 RAL 9003 Signal White — sjaj","1","H1:Cosmos Lac RAL CL 426 RAL 9003 Signal White — sjaj | H2:Dostupne boje | H2:Treba vam savet pri izboru proizvoda? | H2:Katalog | H2:Brendovi | H2:Podrška | H2:Kontakt","sr-Latn","Cosmos Lac RAL CL 426 RAL 9003 Signal White — sjaj | Carsystem i R-M Inđija","RAL CL-426 RAL 9003 Signal White sjaj u Cosmos Lac katalogu. Proverite namenu i pošaljite upit Carsystem i R-M timu.","","summary","Cosmos Lac RAL CL 426 RAL 9003 Signal White — sjaj | Carsystem i R-M Inđija","RAL CL-426 RAL 9003 Signal White sjaj u Cosmos Lac katalogu. Proverite namenu i pošaljite upit Carsystem i R-M timu.","","Brand | BreadcrumbList | ListItem | Product","true","94","1","","62","0","62","true","false"
"/proizvodi/cosmos-lac-ral-cl-427-ral-9007-sjaj-400-ml-500-ml-ral-9007-grey-aluminium","200","true","","Cosmos Lac RAL CL 427 RAL 9007 Grey Aluminium — sjaj | Carsystem i R-M Inđija","77","1","RAL CL-427 RAL 9007 Grey Aluminium sjaj u Cosmos Lac katalogu. Proverite namenu i pošaljite upit Carsystem i R-M timu.","118","1","http://localhost:3000/proizvodi/cosmos-lac-ral-cl-427-ral-9007-sjaj-400-ml-500-ml-ral-9007-grey-aluminium","200","false","Cosmos Lac RAL CL 427 RAL 9007 Grey Aluminium — sjaj","1","H1:Cosmos Lac RAL CL 427 RAL 9007 Grey Aluminium — sjaj | H2:Dostupne boje | H2:Treba vam savet pri izboru proizvoda? | H2:Katalog | H2:Brendovi | H2:Podrška | H2:Kontakt","sr-Latn","Cosmos Lac RAL CL 427 RAL 9007 Grey Aluminium — sjaj | Carsystem i R-M Inđija","RAL CL-427 RAL 9007 Grey Aluminium sjaj u Cosmos Lac katalogu. Proverite namenu i pošaljite upit Carsystem i R-M timu.","","summary","Cosmos Lac RAL CL 427 RAL 9007 Grey Aluminium — sjaj | Carsystem i R-M Inđija","RAL CL-427 RAL 9007 Grey Aluminium sjaj u Cosmos Lac katalogu. Proverite namenu i pošaljite upit Carsystem i R-M timu.","","Brand | BreadcrumbList | ListItem | Product","true","94","1","","62","0","62","true","false"
"/proizvodi/cosmos-lac-ral-cl-428-ral-6028-sjaj-400-ml-500-ml-ral-6028-pine-green","200","true","","Cosmos Lac RAL CL 428 RAL 6028 Pine Green — sjaj | Carsystem i R-M Inđija","73","1","RAL CL-428 RAL 6028 Pine Green sjaj u Cosmos Lac katalogu. Proverite namenu i pošaljite upit Carsystem i R-M timu.","114","1","http://localhost:3000/proizvodi/cosmos-lac-ral-cl-428-ral-6028-sjaj-400-ml-500-ml-ral-6028-pine-green","200","false","Cosmos Lac RAL CL 428 RAL 6028 Pine Green — sjaj","1","H1:Cosmos Lac RAL CL 428 RAL 6028 Pine Green — sjaj | H2:Dostupne boje | H2:Treba vam savet pri izboru proizvoda? | H2:Katalog | H2:Brendovi | H2:Podrška | H2:Kontakt","sr-Latn","Cosmos Lac RAL CL 428 RAL 6028 Pine Green — sjaj | Carsystem i R-M Inđija","RAL CL-428 RAL 6028 Pine Green sjaj u Cosmos Lac katalogu. Proverite namenu i pošaljite upit Carsystem i R-M timu.","","summary","Cosmos Lac RAL CL 428 RAL 6028 Pine Green — sjaj | Carsystem i R-M Inđija","RAL CL-428 RAL 6028 Pine Green sjaj u Cosmos Lac katalogu. Proverite namenu i pošaljite upit Carsystem i R-M timu.","","Brand | BreadcrumbList | ListItem | Product","true","94","1","","62","0","62","true","false"
"/proizvodi/cosmos-lac-ral-cl-453-ral-1023-sjaj-400-ml-500-ml-ral-1023-traffic-yellow","200","true","","Cosmos Lac RAL CL 453 RAL 1023 Traffic Yellow — sjaj | Carsystem i R-M Inđija","77","1","RAL CL-453 RAL 1023 Traffic Yellow sjaj u Cosmos Lac katalogu. Proverite namenu i pošaljite upit Carsystem i R-M timu.","118","1","http://localhost:3000/proizvodi/cosmos-lac-ral-cl-453-ral-1023-sjaj-400-ml-500-ml-ral-1023-traffic-yellow","200","false","Cosmos Lac RAL CL 453 RAL 1023 Traffic Yellow — sjaj","1","H1:Cosmos Lac RAL CL 453 RAL 1023 Traffic Yellow — sjaj | H2:Dostupne boje | H2:Treba vam savet pri izboru proizvoda? | H2:Katalog | H2:Brendovi | H2:Podrška | H2:Kontakt","sr-Latn","Cosmos Lac RAL CL 453 RAL 1023 Traffic Yellow — sjaj | Carsystem i R-M Inđija","RAL CL-453 RAL 1023 Traffic Yellow sjaj u Cosmos Lac katalogu. Proverite namenu i pošaljite upit Carsystem i R-M timu.","","summary","Cosmos Lac RAL CL 453 RAL 1023 Traffic Yellow — sjaj | Carsystem i R-M Inđija","RAL CL-453 RAL 1023 Traffic Yellow sjaj u Cosmos Lac katalogu. Proverite namenu i pošaljite upit Carsystem i R-M timu.","","Brand | BreadcrumbList | ListItem | Product","true","94","1","","62","0","62","true","false"
"/proizvodi/cosmos-lac-ral-cl-455-ral-6009-sjaj-400-ml-500-ml-ral-6009-fir-green","200","true","","Cosmos Lac RAL CL 455 RAL 6009 Fir Green — sjaj | Carsystem i R-M Inđija","72","1","RAL CL-455 RAL 6009 Fir Green sjaj u Cosmos Lac katalogu. Proverite namenu i pošaljite upit Carsystem i R-M timu.","113","1","http://localhost:3000/proizvodi/cosmos-lac-ral-cl-455-ral-6009-sjaj-400-ml-500-ml-ral-6009-fir-green","200","false","Cosmos Lac RAL CL 455 RAL 6009 Fir Green — sjaj","1","H1:Cosmos Lac RAL CL 455 RAL 6009 Fir Green — sjaj | H2:Dostupne boje | H2:Treba vam savet pri izboru proizvoda? | H2:Katalog | H2:Brendovi | H2:Podrška | H2:Kontakt","sr-Latn","Cosmos Lac RAL CL 455 RAL 6009 Fir Green — sjaj | Carsystem i R-M Inđija","RAL CL-455 RAL 6009 Fir Green sjaj u Cosmos Lac katalogu. Proverite namenu i pošaljite upit Carsystem i R-M timu.","","summary","Cosmos Lac RAL CL 455 RAL 6009 Fir Green — sjaj | Carsystem i R-M Inđija","RAL CL-455 RAL 6009 Fir Green sjaj u Cosmos Lac katalogu. Proverite namenu i pošaljite upit Carsystem i R-M timu.","","Brand | BreadcrumbList | ListItem | Product","true","94","1","","62","0","62","true","false"
"/proizvodi/cosmos-lac-ral-cl-460-ral-6002-sjaj-400-ml-500-ml-ral-6002-leaf-green","200","true","","Cosmos Lac RAL CL 460 RAL 6002 Leaf Green — sjaj | Carsystem i R-M Inđija","73","1","RAL CL-460 RAL 6002 Leaf Green sjaj u Cosmos Lac katalogu. Proverite namenu i pošaljite upit Carsystem i R-M timu.","114","1","http://localhost:3000/proizvodi/cosmos-lac-ral-cl-460-ral-6002-sjaj-400-ml-500-ml-ral-6002-leaf-green","200","false","Cosmos Lac RAL CL 460 RAL 6002 Leaf Green — sjaj","1","H1:Cosmos Lac RAL CL 460 RAL 6002 Leaf Green — sjaj | H2:Dostupne boje | H2:Treba vam savet pri izboru proizvoda? | H2:Katalog | H2:Brendovi | H2:Podrška | H2:Kontakt","sr-Latn","Cosmos Lac RAL CL 460 RAL 6002 Leaf Green — sjaj | Carsystem i R-M Inđija","RAL CL-460 RAL 6002 Leaf Green sjaj u Cosmos Lac katalogu. Proverite namenu i pošaljite upit Carsystem i R-M timu.","","summary","Cosmos Lac RAL CL 460 RAL 6002 Leaf Green — sjaj | Carsystem i R-M Inđija","RAL CL-460 RAL 6002 Leaf Green sjaj u Cosmos Lac katalogu. Proverite namenu i pošaljite upit Carsystem i R-M timu.","","Brand | BreadcrumbList | ListItem | Product","true","94","1","","62","0","62","true","false"
"/proizvodi/cosmos-lac-ral-cl-462-ral-6001-sjaj-400-ml-500-ml-ral-6001-emerald-green","200","true","","Cosmos Lac RAL CL 462 RAL 6001 Emerald Green — sjaj | Carsystem i R-M Inđija","76","1","RAL CL-462 RAL 6001 Emerald Green sjaj u Cosmos Lac katalogu. Proverite namenu i pošaljite upit Carsystem i R-M timu.","117","1","http://localhost:3000/proizvodi/cosmos-lac-ral-cl-462-ral-6001-sjaj-400-ml-500-ml-ral-6001-emerald-green","200","false","Cosmos Lac RAL CL 462 RAL 6001 Emerald Green — sjaj","1","H1:Cosmos Lac RAL CL 462 RAL 6001 Emerald Green — sjaj | H2:Dostupne boje | H2:Treba vam savet pri izboru proizvoda? | H2:Katalog | H2:Brendovi | H2:Podrška | H2:Kontakt","sr-Latn","Cosmos Lac RAL CL 462 RAL 6001 Emerald Green — sjaj | Carsystem i R-M Inđija","RAL CL-462 RAL 6001 Emerald Green sjaj u Cosmos Lac katalogu. Proverite namenu i pošaljite upit Carsystem i R-M timu.","","summary","Cosmos Lac RAL CL 462 RAL 6001 Emerald Green — sjaj | Carsystem i R-M Inđija","RAL CL-462 RAL 6001 Emerald Green sjaj u Cosmos Lac katalogu. Proverite namenu i pošaljite upit Carsystem i R-M timu.","","Brand | BreadcrumbList | ListItem | Product","true","94","1","","62","0","62","true","false"
"/proizvodi/cosmos-lac-ral-cl-463-ral-6018-sjaj-400-ml-500-ml-ral-6018-yellow-green","200","true","","Cosmos Lac RAL CL 463 RAL 6018 Yellow Green — sjaj | Carsystem i R-M Inđija","75","1","RAL CL-463 RAL 6018 Yellow Green sjaj u Cosmos Lac katalogu. Proverite namenu i pošaljite upit Carsystem i R-M timu.","116","1","http://localhost:3000/proizvodi/cosmos-lac-ral-cl-463-ral-6018-sjaj-400-ml-500-ml-ral-6018-yellow-green","200","false","Cosmos Lac RAL CL 463 RAL 6018 Yellow Green — sjaj","1","H1:Cosmos Lac RAL CL 463 RAL 6018 Yellow Green — sjaj | H2:Dostupne boje | H2:Treba vam savet pri izboru proizvoda? | H2:Katalog | H2:Brendovi | H2:Podrška | H2:Kontakt","sr-Latn","Cosmos Lac RAL CL 463 RAL 6018 Yellow Green — sjaj | Carsystem i R-M Inđija","RAL CL-463 RAL 6018 Yellow Green sjaj u Cosmos Lac katalogu. Proverite namenu i pošaljite upit Carsystem i R-M timu.","","summary","Cosmos Lac RAL CL 463 RAL 6018 Yellow Green — sjaj | Carsystem i R-M Inđija","RAL CL-463 RAL 6018 Yellow Green sjaj u Cosmos Lac katalogu. Proverite namenu i pošaljite upit Carsystem i R-M timu.","","Brand | BreadcrumbList | ListItem | Product","true","94","1","","62","0","62","true","false"
"/proizvodi/cosmos-lac-ral-cl-464-ral-3004-sjaj-400-ml-500-ml-ral-3004-purple-red","200","true","","Cosmos Lac RAL CL 464 RAL 3004 Purple Red — sjaj | Carsystem i R-M Inđija","73","1","RAL CL-464 RAL 3004 Purple Red sjaj u Cosmos Lac katalogu. Proverite namenu i pošaljite upit Carsystem i R-M timu.","114","1","http://localhost:3000/proizvodi/cosmos-lac-ral-cl-464-ral-3004-sjaj-400-ml-500-ml-ral-3004-purple-red","200","false","Cosmos Lac RAL CL 464 RAL 3004 Purple Red — sjaj","1","H1:Cosmos Lac RAL CL 464 RAL 3004 Purple Red — sjaj | H2:Dostupne boje | H2:Treba vam savet pri izboru proizvoda? | H2:Katalog | H2:Brendovi | H2:Podrška | H2:Kontakt","sr-Latn","Cosmos Lac RAL CL 464 RAL 3004 Purple Red — sjaj | Carsystem i R-M Inđija","RAL CL-464 RAL 3004 Purple Red sjaj u Cosmos Lac katalogu. Proverite namenu i pošaljite upit Carsystem i R-M timu.","","summary","Cosmos Lac RAL CL 464 RAL 3004 Purple Red — sjaj | Carsystem i R-M Inđija","RAL CL-464 RAL 3004 Purple Red sjaj u Cosmos Lac katalogu. Proverite namenu i pošaljite upit Carsystem i R-M timu.","","Brand | BreadcrumbList | ListItem | Product","true","94","1","","62","0","62","true","false"
"/proizvodi/cosmos-lac-ral-cl-465-ral-3015-sjaj-400-ml-500-ml-ral-3015-light-pink","200","true","","Cosmos Lac RAL CL 465 RAL 3015 Light Pink — sjaj | Carsystem i R-M Inđija","73","1","RAL CL-465 RAL 3015 Light Pink sjaj u Cosmos Lac katalogu. Proverite namenu i pošaljite upit Carsystem i R-M timu.","114","1","http://localhost:3000/proizvodi/cosmos-lac-ral-cl-465-ral-3015-sjaj-400-ml-500-ml-ral-3015-light-pink","200","false","Cosmos Lac RAL CL 465 RAL 3015 Light Pink — sjaj","1","H1:Cosmos Lac RAL CL 465 RAL 3015 Light Pink — sjaj | H2:Dostupne boje | H2:Treba vam savet pri izboru proizvoda? | H2:Katalog | H2:Brendovi | H2:Podrška | H2:Kontakt","sr-Latn","Cosmos Lac RAL CL 465 RAL 3015 Light Pink — sjaj | Carsystem i R-M Inđija","RAL CL-465 RAL 3015 Light Pink sjaj u Cosmos Lac katalogu. Proverite namenu i pošaljite upit Carsystem i R-M timu.","","summary","Cosmos Lac RAL CL 465 RAL 3015 Light Pink — sjaj | Carsystem i R-M Inđija","RAL CL-465 RAL 3015 Light Pink sjaj u Cosmos Lac katalogu. Proverite namenu i pošaljite upit Carsystem i R-M timu.","","Brand | BreadcrumbList | ListItem | Product","true","94","1","","62","0","62","true","false"
"/proizvodi/cosmos-lac-ral-cl-466-ral-8000-sjaj-400-ml-500-ml-ral-8000-green-brown","200","true","","Cosmos Lac RAL CL 466 RAL 8000 Green Brown — sjaj | Carsystem i R-M Inđija","74","1","RAL CL-466 RAL 8000 Green Brown sjaj u Cosmos Lac katalogu. Proverite namenu i pošaljite upit Carsystem i R-M timu.","115","1","http://localhost:3000/proizvodi/cosmos-lac-ral-cl-466-ral-8000-sjaj-400-ml-500-ml-ral-8000-green-brown","200","false","Cosmos Lac RAL CL 466 RAL 8000 Green Brown — sjaj","1","H1:Cosmos Lac RAL CL 466 RAL 8000 Green Brown — sjaj | H2:Dostupne boje | H2:Treba vam savet pri izboru proizvoda? | H2:Katalog | H2:Brendovi | H2:Podrška | H2:Kontakt","sr-Latn","Cosmos Lac RAL CL 466 RAL 8000 Green Brown — sjaj | Carsystem i R-M Inđija","RAL CL-466 RAL 8000 Green Brown sjaj u Cosmos Lac katalogu. Proverite namenu i pošaljite upit Carsystem i R-M timu.","","summary","Cosmos Lac RAL CL 466 RAL 8000 Green Brown — sjaj | Carsystem i R-M Inđija","RAL CL-466 RAL 8000 Green Brown sjaj u Cosmos Lac katalogu. Proverite namenu i pošaljite upit Carsystem i R-M timu.","","Brand | BreadcrumbList | ListItem | Product","true","94","1","","62","0","62","true","false"
"/proizvodi/cosmos-lac-ral-cl-468-ral-4003-sjaj-400-ml-500-ml-ral-4003-heather-violet","200","true","","Cosmos Lac RAL CL 468 RAL 4003 Heather Violet — sjaj | Carsystem i R-M Inđija","77","1","RAL CL-468 RAL 4003 Heather Violet sjaj u Cosmos Lac katalogu. Proverite namenu i pošaljite upit Carsystem i R-M timu.","118","1","http://localhost:3000/proizvodi/cosmos-lac-ral-cl-468-ral-4003-sjaj-400-ml-500-ml-ral-4003-heather-violet","200","false","Cosmos Lac RAL CL 468 RAL 4003 Heather Violet — sjaj","1","H1:Cosmos Lac RAL CL 468 RAL 4003 Heather Violet — sjaj | H2:Dostupne boje | H2:Treba vam savet pri izboru proizvoda? | H2:Katalog | H2:Brendovi | H2:Podrška | H2:Kontakt","sr-Latn","Cosmos Lac RAL CL 468 RAL 4003 Heather Violet — sjaj | Carsystem i R-M Inđija","RAL CL-468 RAL 4003 Heather Violet sjaj u Cosmos Lac katalogu. Proverite namenu i pošaljite upit Carsystem i R-M timu.","","summary","Cosmos Lac RAL CL 468 RAL 4003 Heather Violet — sjaj | Carsystem i R-M Inđija","RAL CL-468 RAL 4003 Heather Violet sjaj u Cosmos Lac katalogu. Proverite namenu i pošaljite upit Carsystem i R-M timu.","","Brand | BreadcrumbList | ListItem | Product","true","94","1","","62","0","62","true","false"
"/proizvodi/cosmos-lac-ral-cl-469-ral-4005-sjaj-400-ml-500-ml-ral-4005-blue-lilac","200","true","","Cosmos Lac RAL CL 469 RAL 4005 Blue Lilac — sjaj | Carsystem i R-M Inđija","73","1","RAL CL-469 RAL 4005 Blue Lilac sjaj u Cosmos Lac katalogu. Proverite namenu i pošaljite upit Carsystem i R-M timu.","114","1","http://localhost:3000/proizvodi/cosmos-lac-ral-cl-469-ral-4005-sjaj-400-ml-500-ml-ral-4005-blue-lilac","200","false","Cosmos Lac RAL CL 469 RAL 4005 Blue Lilac — sjaj","1","H1:Cosmos Lac RAL CL 469 RAL 4005 Blue Lilac — sjaj | H2:Dostupne boje | H2:Treba vam savet pri izboru proizvoda? | H2:Katalog | H2:Brendovi | H2:Podrška | H2:Kontakt","sr-Latn","Cosmos Lac RAL CL 469 RAL 4005 Blue Lilac — sjaj | Carsystem i R-M Inđija","RAL CL-469 RAL 4005 Blue Lilac sjaj u Cosmos Lac katalogu. Proverite namenu i pošaljite upit Carsystem i R-M timu.","","summary","Cosmos Lac RAL CL 469 RAL 4005 Blue Lilac — sjaj | Carsystem i R-M Inđija","RAL CL-469 RAL 4005 Blue Lilac sjaj u Cosmos Lac katalogu. Proverite namenu i pošaljite upit Carsystem i R-M timu.","","Brand | BreadcrumbList | ListItem | Product","true","94","1","","62","0","62","true","false"
"/proizvodi/cosmos-lac-ral-ral-3002-sjaj-400-ml-500-ml-ral-3002-carmine-red","200","true","","Cosmos Lac RAL RAL 3002 Carmine Red 400 ml / 500 ml — sjaj | Carsystem i R-M Inđija","83","1","RAL RAL 3002 Carmine Red sjaj u Cosmos Lac katalogu. Proverite namenu i pošaljite upit Carsystem i R-M timu.","108","1","http://localhost:3000/proizvodi/cosmos-lac-ral-ral-3002-sjaj-400-ml-500-ml-ral-3002-carmine-red","200","false","Cosmos Lac RAL RAL 3002 Carmine Red 400 ml / 500 ml — sjaj","1","H1:Cosmos Lac RAL RAL 3002 Carmine Red 400 ml / 500 ml — sjaj | H2:Dostupne boje | H2:Treba vam savet pri izboru proizvoda? | H2:Katalog | H2:Brendovi | H2:Podrška | H2:Kontakt","sr-Latn","Cosmos Lac RAL RAL 3002 Carmine Red 400 ml / 500 ml — sjaj | Carsystem i R-M Inđija","RAL RAL 3002 Carmine Red sjaj u Cosmos Lac katalogu. Proverite namenu i pošaljite upit Carsystem i R-M timu.","","summary","Cosmos Lac RAL RAL 3002 Carmine Red 400 ml / 500 ml — sjaj | Carsystem i R-M Inđija","RAL RAL 3002 Carmine Red sjaj u Cosmos Lac katalogu. Proverite namenu i pošaljite upit Carsystem i R-M timu.","","Brand | BreadcrumbList | ListItem | Product","true","94","1","","62","0","62","true","false"
"/proizvodi/cosmos-lac-ral-ral-4006-sjaj-400-ml-500-ml-ral-4006-traffic-purple","200","true","","Cosmos Lac RAL RAL 4006 Traffic Purple 400 ml / 500 ml — sjaj | Carsystem i R-M Inđija","86","1","RAL RAL 4006 Traffic Purple sjaj u Cosmos Lac katalogu. Proverite namenu i pošaljite upit Carsystem i R-M timu.","111","1","http://localhost:3000/proizvodi/cosmos-lac-ral-ral-4006-sjaj-400-ml-500-ml-ral-4006-traffic-purple","200","false","Cosmos Lac RAL RAL 4006 Traffic Purple 400 ml / 500 ml — sjaj","1","H1:Cosmos Lac RAL RAL 4006 Traffic Purple 400 ml / 500 ml — sjaj | H2:Dostupne boje | H2:Treba vam savet pri izboru proizvoda? | H2:Katalog | H2:Brendovi | H2:Podrška | H2:Kontakt","sr-Latn","Cosmos Lac RAL RAL 4006 Traffic Purple 400 ml / 500 ml — sjaj | Carsystem i R-M Inđija","RAL RAL 4006 Traffic Purple sjaj u Cosmos Lac katalogu. Proverite namenu i pošaljite upit Carsystem i R-M timu.","","summary","Cosmos Lac RAL RAL 4006 Traffic Purple 400 ml / 500 ml — sjaj | Carsystem i R-M Inđija","RAL RAL 4006 Traffic Purple sjaj u Cosmos Lac katalogu. Proverite namenu i pošaljite upit Carsystem i R-M timu.","","Brand | BreadcrumbList | ListItem | Product","true","94","1","","62","0","62","true","false"
"/proizvodi/cosmos-lac-ral-ral-5015-sjaj-400-ml-500-ml-ral-5015-sky-blue","200","true","","Cosmos Lac RAL RAL 5015 Sky Blue 400 ml / 500 ml — sjaj | Carsystem i R-M Inđija","80","1","RAL RAL 5015 Sky Blue sjaj u Cosmos Lac katalogu. Proverite namenu i pošaljite upit Carsystem i R-M timu.","105","1","http://localhost:3000/proizvodi/cosmos-lac-ral-ral-5015-sjaj-400-ml-500-ml-ral-5015-sky-blue","200","false","Cosmos Lac RAL RAL 5015 Sky Blue 400 ml / 500 ml — sjaj","1","H1:Cosmos Lac RAL RAL 5015 Sky Blue 400 ml / 500 ml — sjaj | H2:Dostupne boje | H2:Treba vam savet pri izboru proizvoda? | H2:Katalog | H2:Brendovi | H2:Podrška | H2:Kontakt","sr-Latn","Cosmos Lac RAL RAL 5015 Sky Blue 400 ml / 500 ml — sjaj | Carsystem i R-M Inđija","RAL RAL 5015 Sky Blue sjaj u Cosmos Lac katalogu. Proverite namenu i pošaljite upit Carsystem i R-M timu.","","summary","Cosmos Lac RAL RAL 5015 Sky Blue 400 ml / 500 ml — sjaj | Carsystem i R-M Inđija","RAL RAL 5015 Sky Blue sjaj u Cosmos Lac katalogu. Proverite namenu i pošaljite upit Carsystem i R-M timu.","","Brand | BreadcrumbList | ListItem | Product","true","94","1","","62","0","62","true","false"
"/proizvodi/cosmos-lac-ral-ral-7015-sjaj-400-ml-500-ml-ral-7015-slate-grey","200","true","","Cosmos Lac RAL RAL 7015 Slate Grey 400 ml / 500 ml — sjaj | Carsystem i R-M Inđija","82","1","RAL RAL 7015 Slate Grey sjaj u Cosmos Lac katalogu. Proverite namenu i pošaljite upit Carsystem i R-M timu.","107","1","http://localhost:3000/proizvodi/cosmos-lac-ral-ral-7015-sjaj-400-ml-500-ml-ral-7015-slate-grey","200","false","Cosmos Lac RAL RAL 7015 Slate Grey 400 ml / 500 ml — sjaj","1","H1:Cosmos Lac RAL RAL 7015 Slate Grey 400 ml / 500 ml — sjaj | H2:Dostupne boje | H2:Treba vam savet pri izboru proizvoda? | H2:Katalog | H2:Brendovi | H2:Podrška | H2:Kontakt","sr-Latn","Cosmos Lac RAL RAL 7015 Slate Grey 400 ml / 500 ml — sjaj | Carsystem i R-M Inđija","RAL RAL 7015 Slate Grey sjaj u Cosmos Lac katalogu. Proverite namenu i pošaljite upit Carsystem i R-M timu.","","summary","Cosmos Lac RAL RAL 7015 Slate Grey 400 ml / 500 ml — sjaj | Carsystem i R-M Inđija","RAL RAL 7015 Slate Grey sjaj u Cosmos Lac katalogu. Proverite namenu i pošaljite upit Carsystem i R-M timu.","","Brand | BreadcrumbList | ListItem | Product","true","94","1","","62","0","62","true","false"
"/proizvodi/cosmos-lac-ral-ral-8014-sjaj-400-ml-500-ml-ral-8014-sepia-brown","200","true","","Cosmos Lac RAL RAL 8014 Sepia Brown 400 ml / 500 ml — sjaj | Carsystem i R-M Inđija","83","1","RAL RAL 8014 Sepia Brown sjaj u Cosmos Lac katalogu. Proverite namenu i pošaljite upit Carsystem i R-M timu.","108","1","http://localhost:3000/proizvodi/cosmos-lac-ral-ral-8014-sjaj-400-ml-500-ml-ral-8014-sepia-brown","200","false","Cosmos Lac RAL RAL 8014 Sepia Brown 400 ml / 500 ml — sjaj","1","H1:Cosmos Lac RAL RAL 8014 Sepia Brown 400 ml / 500 ml — sjaj | H2:Dostupne boje | H2:Treba vam savet pri izboru proizvoda? | H2:Katalog | H2:Brendovi | H2:Podrška | H2:Kontakt","sr-Latn","Cosmos Lac RAL RAL 8014 Sepia Brown 400 ml / 500 ml — sjaj | Carsystem i R-M Inđija","RAL RAL 8014 Sepia Brown sjaj u Cosmos Lac katalogu. Proverite namenu i pošaljite upit Carsystem i R-M timu.","","summary","Cosmos Lac RAL RAL 8014 Sepia Brown 400 ml / 500 ml — sjaj | Carsystem i R-M Inđija","RAL RAL 8014 Sepia Brown sjaj u Cosmos Lac katalogu. Proverite namenu i pošaljite upit Carsystem i R-M timu.","","Brand | BreadcrumbList | ListItem | Product","true","94","1","","62","0","62","true","false"
"/proizvodi/cosmos-lac-sealer-260-400-ml-sealer-260-black","200","true","","Cosmos Lac Sealer 260 Black | Carsystem i R-M Inđija","52","1","Sealer 260 Black u Cosmos Lac katalogu. Proverite namenu i pošaljite upit Carsystem i R-M timu.","95","1","http://localhost:3000/proizvodi/cosmos-lac-sealer-260-400-ml-sealer-260-black","200","false","Cosmos Lac Sealer 260 Black","1","H1:Cosmos Lac Sealer 260 Black | H2:Dostupne boje | H2:Treba vam savet pri izboru proizvoda? | H2:Katalog | H2:Brendovi | H2:Podrška | H2:Kontakt","sr-Latn","Cosmos Lac Sealer 260 Black | Carsystem i R-M Inđija","Sealer 260 Black u Cosmos Lac katalogu. Proverite namenu i pošaljite upit Carsystem i R-M timu.","","summary","Cosmos Lac Sealer 260 Black | Carsystem i R-M Inđija","Sealer 260 Black u Cosmos Lac katalogu. Proverite namenu i pošaljite upit Carsystem i R-M timu.","","Brand | BreadcrumbList | ListItem | Product","true","38","1","","6","0","6","true","false"
"/proizvodi/cosmos-lac-sealer-261-400-ml-sealer-261-grey","200","true","","Cosmos Lac Sealer 261 Grey | Carsystem i R-M Inđija","51","1","Sealer 261 Grey u Cosmos Lac katalogu. Proverite namenu i pošaljite upit Carsystem i R-M timu.","94","1","http://localhost:3000/proizvodi/cosmos-lac-sealer-261-400-ml-sealer-261-grey","200","false","Cosmos Lac Sealer 261 Grey","1","H1:Cosmos Lac Sealer 261 Grey | H2:Dostupne boje | H2:Treba vam savet pri izboru proizvoda? | H2:Katalog | H2:Brendovi | H2:Podrška | H2:Kontakt","sr-Latn","Cosmos Lac Sealer 261 Grey | Carsystem i R-M Inđija","Sealer 261 Grey u Cosmos Lac katalogu. Proverite namenu i pošaljite upit Carsystem i R-M timu.","","summary","Cosmos Lac Sealer 261 Grey | Carsystem i R-M Inđija","Sealer 261 Grey u Cosmos Lac katalogu. Proverite namenu i pošaljite upit Carsystem i R-M timu.","","Brand | BreadcrumbList | ListItem | Product","true","38","1","","6","0","6","true","false"
"/proizvodi/cosmos-lac-sealer-262-400-ml-sealer-262-white","200","true","","Cosmos Lac Sealer 262 White | Carsystem i R-M Inđija","52","1","Sealer 262 White u Cosmos Lac katalogu. Proverite namenu i pošaljite upit Carsystem i R-M timu.","95","1","http://localhost:3000/proizvodi/cosmos-lac-sealer-262-400-ml-sealer-262-white","200","false","Cosmos Lac Sealer 262 White","1","H1:Cosmos Lac Sealer 262 White | H2:Dostupne boje | H2:Treba vam savet pri izboru proizvoda? | H2:Katalog | H2:Brendovi | H2:Podrška | H2:Kontakt","sr-Latn","Cosmos Lac Sealer 262 White | Carsystem i R-M Inđija","Sealer 262 White u Cosmos Lac katalogu. Proverite namenu i pošaljite upit Carsystem i R-M timu.","","summary","Cosmos Lac Sealer 262 White | Carsystem i R-M Inđija","Sealer 262 White u Cosmos Lac katalogu. Proverite namenu i pošaljite upit Carsystem i R-M timu.","","Brand | BreadcrumbList | ListItem | Product","true","38","1","","6","0","6","true","false"
"/proizvodi/cosmos-lac-sealer-263-400-ml-sealer-263-brick-red","200","true","","Cosmos Lac Sealer 263 Brick Red | Carsystem i R-M Inđija","56","1","Sealer 263 Brick Red u Cosmos Lac katalogu. Proverite namenu i pošaljite upit Carsystem i R-M timu.","99","1","http://localhost:3000/proizvodi/cosmos-lac-sealer-263-400-ml-sealer-263-brick-red","200","false","Cosmos Lac Sealer 263 Brick Red","1","H1:Cosmos Lac Sealer 263 Brick Red | H2:Dostupne boje | H2:Treba vam savet pri izboru proizvoda? | H2:Katalog | H2:Brendovi | H2:Podrška | H2:Kontakt","sr-Latn","Cosmos Lac Sealer 263 Brick Red | Carsystem i R-M Inđija","Sealer 263 Brick Red u Cosmos Lac katalogu. Proverite namenu i pošaljite upit Carsystem i R-M timu.","","summary","Cosmos Lac Sealer 263 Brick Red | Carsystem i R-M Inđija","Sealer 263 Brick Red u Cosmos Lac katalogu. Proverite namenu i pošaljite upit Carsystem i R-M timu.","","Brand | BreadcrumbList | ListItem | Product","true","38","1","","6","0","6","true","false"
"/proizvodi/cosmos-lac-spray-bike-100-400-ml-spray-bike-london-collection-100-blackfriars","200","true","","Cosmos Lac Spray.Bike 100 Blackfriars | Carsystem i R-M Inđija","62","1","Spray.Bike 100 Blackfriars u Cosmos Lac katalogu. Proverite namenu i pošaljite upit Carsystem i R-M timu.","105","1","http://localhost:3000/proizvodi/cosmos-lac-spray-bike-100-400-ml-spray-bike-london-collection-100-blackfriars","200","false","Cosmos Lac Spray.Bike 100 Blackfriars","1","H1:Cosmos Lac Spray.Bike 100 Blackfriars | H2:Dostupne boje | H2:Treba vam savet pri izboru proizvoda? | H2:Katalog | H2:Brendovi | H2:Podrška | H2:Kontakt","sr-Latn","Cosmos Lac Spray.Bike 100 Blackfriars | Carsystem i R-M Inđija","Spray.Bike 100 Blackfriars u Cosmos Lac katalogu. Proverite namenu i pošaljite upit Carsystem i R-M timu.","","summary","Cosmos Lac Spray.Bike 100 Blackfriars | Carsystem i R-M Inđija","Spray.Bike 100 Blackfriars u Cosmos Lac katalogu. Proverite namenu i pošaljite upit Carsystem i R-M timu.","","Brand | BreadcrumbList | ListItem | Product","true","122","1","","90","0","90","true","false"
"/proizvodi/cosmos-lac-spray-bike-101-400-ml-spray-bike-london-collection-101-whitechapel","200","true","","Cosmos Lac Spray.Bike 101 Whitechapel | Carsystem i R-M Inđija","62","1","Spray.Bike 101 Whitechapel u Cosmos Lac katalogu. Proverite namenu i pošaljite upit Carsystem i R-M timu.","105","1","http://localhost:3000/proizvodi/cosmos-lac-spray-bike-101-400-ml-spray-bike-london-collection-101-whitechapel","200","false","Cosmos Lac Spray.Bike 101 Whitechapel","1","H1:Cosmos Lac Spray.Bike 101 Whitechapel | H2:Dostupne boje | H2:Treba vam savet pri izboru proizvoda? | H2:Katalog | H2:Brendovi | H2:Podrška | H2:Kontakt","sr-Latn","Cosmos Lac Spray.Bike 101 Whitechapel | Carsystem i R-M Inđija","Spray.Bike 101 Whitechapel u Cosmos Lac katalogu. Proverite namenu i pošaljite upit Carsystem i R-M timu.","","summary","Cosmos Lac Spray.Bike 101 Whitechapel | Carsystem i R-M Inđija","Spray.Bike 101 Whitechapel u Cosmos Lac katalogu. Proverite namenu i pošaljite upit Carsystem i R-M timu.","","Brand | BreadcrumbList | ListItem | Product","true","122","1","","90","0","90","true","false"
"/proizvodi/cosmos-lac-spray-bike-102-400-ml-spray-bike-london-collection-102-chalk-farm","200","true","","Cosmos Lac Spray.Bike 102 Chalk Farm | Carsystem i R-M Inđija","61","1","Spray.Bike 102 Chalk Farm u Cosmos Lac katalogu. Proverite namenu i pošaljite upit Carsystem i R-M timu.","104","1","http://localhost:3000/proizvodi/cosmos-lac-spray-bike-102-400-ml-spray-bike-london-collection-102-chalk-farm","200","false","Cosmos Lac Spray.Bike 102 Chalk Farm","1","H1:Cosmos Lac Spray.Bike 102 Chalk Farm | H2:Dostupne boje | H2:Treba vam savet pri izboru proizvoda? | H2:Katalog | H2:Brendovi | H2:Podrška | H2:Kontakt","sr-Latn","Cosmos Lac Spray.Bike 102 Chalk Farm | Carsystem i R-M Inđija","Spray.Bike 102 Chalk Farm u Cosmos Lac katalogu. Proverite namenu i pošaljite upit Carsystem i R-M timu.","","summary","Cosmos Lac Spray.Bike 102 Chalk Farm | Carsystem i R-M Inđija","Spray.Bike 102 Chalk Farm u Cosmos Lac katalogu. Proverite namenu i pošaljite upit Carsystem i R-M timu.","","Brand | BreadcrumbList | ListItem | Product","true","122","1","","90","0","90","true","false"
"/proizvodi/cosmos-lac-spray-bike-103-400-ml-spray-bike-london-collection-103-primrose-hill","200","true","","Cosmos Lac Spray.Bike 103 Primrose Hill | Carsystem i R-M Inđija","64","1","Spray.Bike 103 Primrose Hill u Cosmos Lac katalogu. Proverite namenu i pošaljite upit Carsystem i R-M timu.","107","1","http://localhost:3000/proizvodi/cosmos-lac-spray-bike-103-400-ml-spray-bike-london-collection-103-primrose-hill","200","false","Cosmos Lac Spray.Bike 103 Primrose Hill","1","H1:Cosmos Lac Spray.Bike 103 Primrose Hill | H2:Dostupne boje | H2:Treba vam savet pri izboru proizvoda? | H2:Katalog | H2:Brendovi | H2:Podrška | H2:Kontakt","sr-Latn","Cosmos Lac Spray.Bike 103 Primrose Hill | Carsystem i R-M Inđija","Spray.Bike 103 Primrose Hill u Cosmos Lac katalogu. Proverite namenu i pošaljite upit Carsystem i R-M timu.","","summary","Cosmos Lac Spray.Bike 103 Primrose Hill | Carsystem i R-M Inđija","Spray.Bike 103 Primrose Hill u Cosmos Lac katalogu. Proverite namenu i pošaljite upit Carsystem i R-M timu.","","Brand | BreadcrumbList | ListItem | Product","true","122","1","","90","0","90","true","false"
"/proizvodi/cosmos-lac-spray-bike-104-400-ml-spray-bike-london-collection-104-goldhawk-road","200","true","","Cosmos Lac Spray.Bike 104 Goldhawk Road | Carsystem i R-M Inđija","64","1","Spray.Bike 104 Goldhawk Road u Cosmos Lac katalogu. Proverite namenu i pošaljite upit Carsystem i R-M timu.","107","1","http://localhost:3000/proizvodi/cosmos-lac-spray-bike-104-400-ml-spray-bike-london-collection-104-goldhawk-road","200","false","Cosmos Lac Spray.Bike 104 Goldhawk Road","1","H1:Cosmos Lac Spray.Bike 104 Goldhawk Road | H2:Dostupne boje | H2:Treba vam savet pri izboru proizvoda? | H2:Katalog | H2:Brendovi | H2:Podrška | H2:Kontakt","sr-Latn","Cosmos Lac Spray.Bike 104 Goldhawk Road | Carsystem i R-M Inđija","Spray.Bike 104 Goldhawk Road u Cosmos Lac katalogu. Proverite namenu i pošaljite upit Carsystem i R-M timu.","","summary","Cosmos Lac Spray.Bike 104 Goldhawk Road | Carsystem i R-M Inđija","Spray.Bike 104 Goldhawk Road u Cosmos Lac katalogu. Proverite namenu i pošaljite upit Carsystem i R-M timu.","","Brand | BreadcrumbList | ListItem | Product","true","122","1","","90","0","90","true","false"
"/proizvodi/cosmos-lac-spray-bike-105-400-ml-spray-bike-london-collection-105-sands-end","200","true","","Cosmos Lac Spray.Bike 105 Sands End | Carsystem i R-M Inđija","60","1","Spray.Bike 105 Sands End u Cosmos Lac katalogu. Proverite namenu i pošaljite upit Carsystem i R-M timu.","103","1","http://localhost:3000/proizvodi/cosmos-lac-spray-bike-105-400-ml-spray-bike-london-collection-105-sands-end","200","false","Cosmos Lac Spray.Bike 105 Sands End","1","H1:Cosmos Lac Spray.Bike 105 Sands End | H2:Dostupne boje | H2:Treba vam savet pri izboru proizvoda? | H2:Katalog | H2:Brendovi | H2:Podrška | H2:Kontakt","sr-Latn","Cosmos Lac Spray.Bike 105 Sands End | Carsystem i R-M Inđija","Spray.Bike 105 Sands End u Cosmos Lac katalogu. Proverite namenu i pošaljite upit Carsystem i R-M timu.","","summary","Cosmos Lac Spray.Bike 105 Sands End | Carsystem i R-M Inđija","Spray.Bike 105 Sands End u Cosmos Lac katalogu. Proverite namenu i pošaljite upit Carsystem i R-M timu.","","Brand | BreadcrumbList | ListItem | Product","true","122","1","","90","0","90","true","false"
"/proizvodi/cosmos-lac-spray-bike-106-400-ml-spray-bike-london-collection-106-whetstone","200","true","","Cosmos Lac Spray.Bike 106 Whetstone | Carsystem i R-M Inđija","60","1","Spray.Bike 106 Whetstone u Cosmos Lac katalogu. Proverite namenu i pošaljite upit Carsystem i R-M timu.","103","1","http://localhost:3000/proizvodi/cosmos-lac-spray-bike-106-400-ml-spray-bike-london-collection-106-whetstone","200","false","Cosmos Lac Spray.Bike 106 Whetstone","1","H1:Cosmos Lac Spray.Bike 106 Whetstone | H2:Dostupne boje | H2:Treba vam savet pri izboru proizvoda? | H2:Katalog | H2:Brendovi | H2:Podrška | H2:Kontakt","sr-Latn","Cosmos Lac Spray.Bike 106 Whetstone | Carsystem i R-M Inđija","Spray.Bike 106 Whetstone u Cosmos Lac katalogu. Proverite namenu i pošaljite upit Carsystem i R-M timu.","","summary","Cosmos Lac Spray.Bike 106 Whetstone | Carsystem i R-M Inđija","Spray.Bike 106 Whetstone u Cosmos Lac katalogu. Proverite namenu i pošaljite upit Carsystem i R-M timu.","","Brand | BreadcrumbList | ListItem | Product","true","122","1","","90","0","90","true","false"
"/proizvodi/cosmos-lac-spray-bike-107-400-ml-spray-bike-london-collection-107-royal-oak","200","true","","Cosmos Lac Spray.Bike 107 Royal Oak | Carsystem i R-M Inđija","60","1","Spray.Bike 107 Royal Oak u Cosmos Lac katalogu. Proverite namenu i pošaljite upit Carsystem i R-M timu.","103","1","http://localhost:3000/proizvodi/cosmos-lac-spray-bike-107-400-ml-spray-bike-london-collection-107-royal-oak","200","false","Cosmos Lac Spray.Bike 107 Royal Oak","1","H1:Cosmos Lac Spray.Bike 107 Royal Oak | H2:Dostupne boje | H2:Treba vam savet pri izboru proizvoda? | H2:Katalog | H2:Brendovi | H2:Podrška | H2:Kontakt","sr-Latn","Cosmos Lac Spray.Bike 107 Royal Oak | Carsystem i R-M Inđija","Spray.Bike 107 Royal Oak u Cosmos Lac katalogu. Proverite namenu i pošaljite upit Carsystem i R-M timu.","","summary","Cosmos Lac Spray.Bike 107 Royal Oak | Carsystem i R-M Inđija","Spray.Bike 107 Royal Oak u Cosmos Lac katalogu. Proverite namenu i pošaljite upit Carsystem i R-M timu.","","Brand | BreadcrumbList | ListItem | Product","true","122","1","","90","0","90","true","false"
"/proizvodi/cosmos-lac-spray-bike-108-400-ml-spray-bike-london-collection-108-bethnal-green","200","true","","Cosmos Lac Spray.Bike 108 Bethnal Green | Carsystem i R-M Inđija","64","1","Spray.Bike 108 Bethnal Green u Cosmos Lac katalogu. Proverite namenu i pošaljite upit Carsystem i R-M timu.","107","1","http://localhost:3000/proizvodi/cosmos-lac-spray-bike-108-400-ml-spray-bike-london-collection-108-bethnal-green","200","false","Cosmos Lac Spray.Bike 108 Bethnal Green","1","H1:Cosmos Lac Spray.Bike 108 Bethnal Green | H2:Dostupne boje | H2:Treba vam savet pri izboru proizvoda? | H2:Katalog | H2:Brendovi | H2:Podrška | H2:Kontakt","sr-Latn","Cosmos Lac Spray.Bike 108 Bethnal Green | Carsystem i R-M Inđija","Spray.Bike 108 Bethnal Green u Cosmos Lac katalogu. Proverite namenu i pošaljite upit Carsystem i R-M timu.","","summary","Cosmos Lac Spray.Bike 108 Bethnal Green | Carsystem i R-M Inđija","Spray.Bike 108 Bethnal Green u Cosmos Lac katalogu. Proverite namenu i pošaljite upit Carsystem i R-M timu.","","Brand | BreadcrumbList | ListItem | Product","true","122","1","","90","0","90","true","false"
"/proizvodi/cosmos-lac-spray-bike-109-400-ml-spray-bike-london-collection-109-limehouse","200","true","","Cosmos Lac Spray.Bike 109 Limehouse | Carsystem i R-M Inđija","60","1","Spray.Bike 109 Limehouse u Cosmos Lac katalogu. Proverite namenu i pošaljite upit Carsystem i R-M timu.","103","1","http://localhost:3000/proizvodi/cosmos-lac-spray-bike-109-400-ml-spray-bike-london-collection-109-limehouse","200","false","Cosmos Lac Spray.Bike 109 Limehouse","1","H1:Cosmos Lac Spray.Bike 109 Limehouse | H2:Dostupne boje | H2:Treba vam savet pri izboru proizvoda? | H2:Katalog | H2:Brendovi | H2:Podrška | H2:Kontakt","sr-Latn","Cosmos Lac Spray.Bike 109 Limehouse | Carsystem i R-M Inđija","Spray.Bike 109 Limehouse u Cosmos Lac katalogu. Proverite namenu i pošaljite upit Carsystem i R-M timu.","","summary","Cosmos Lac Spray.Bike 109 Limehouse | Carsystem i R-M Inđija","Spray.Bike 109 Limehouse u Cosmos Lac katalogu. Proverite namenu i pošaljite upit Carsystem i R-M timu.","","Brand | BreadcrumbList | ListItem | Product","true","122","1","","90","0","90","true","false"
"/proizvodi/cosmos-lac-spray-bike-110-400-ml-spray-bike-london-collection-110-parsons-green","200","true","","Cosmos Lac Spray.Bike 110 Parsons Green | Carsystem i R-M Inđija","64","1","Spray.Bike 110 Parsons Green u Cosmos Lac katalogu. Proverite namenu i pošaljite upit Carsystem i R-M timu.","107","1","http://localhost:3000/proizvodi/cosmos-lac-spray-bike-110-400-ml-spray-bike-london-collection-110-parsons-green","200","false","Cosmos Lac Spray.Bike 110 Parsons Green","1","H1:Cosmos Lac Spray.Bike 110 Parsons Green | H2:Dostupne boje | H2:Treba vam savet pri izboru proizvoda? | H2:Katalog | H2:Brendovi | H2:Podrška | H2:Kontakt","sr-Latn","Cosmos Lac Spray.Bike 110 Parsons Green | Carsystem i R-M Inđija","Spray.Bike 110 Parsons Green u Cosmos Lac katalogu. Proverite namenu i pošaljite upit Carsystem i R-M timu.","","summary","Cosmos Lac Spray.Bike 110 Parsons Green | Carsystem i R-M Inđija","Spray.Bike 110 Parsons Green u Cosmos Lac katalogu. Proverite namenu i pošaljite upit Carsystem i R-M timu.","","Brand | BreadcrumbList | ListItem | Product","true","122","1","","90","0","90","true","false"
"/proizvodi/cosmos-lac-spray-bike-111-400-ml-spray-bike-london-collection-111-greenwich","200","true","","Cosmos Lac Spray.Bike 111 Greenwich | Carsystem i R-M Inđija","60","1","Spray.Bike 111 Greenwich u Cosmos Lac katalogu. Proverite namenu i pošaljite upit Carsystem i R-M timu.","103","1","http://localhost:3000/proizvodi/cosmos-lac-spray-bike-111-400-ml-spray-bike-london-collection-111-greenwich","200","false","Cosmos Lac Spray.Bike 111 Greenwich","1","H1:Cosmos Lac Spray.Bike 111 Greenwich | H2:Dostupne boje | H2:Treba vam savet pri izboru proizvoda? | H2:Katalog | H2:Brendovi | H2:Podrška | H2:Kontakt","sr-Latn","Cosmos Lac Spray.Bike 111 Greenwich | Carsystem i R-M Inđija","Spray.Bike 111 Greenwich u Cosmos Lac katalogu. Proverite namenu i pošaljite upit Carsystem i R-M timu.","","summary","Cosmos Lac Spray.Bike 111 Greenwich | Carsystem i R-M Inđija","Spray.Bike 111 Greenwich u Cosmos Lac katalogu. Proverite namenu i pošaljite upit Carsystem i R-M timu.","","Brand | BreadcrumbList | ListItem | Product","true","122","1","","90","0","90","true","false"
"/proizvodi/cosmos-lac-spray-bike-112-400-ml-spray-bike-london-collection-112-coldharbour-lane","200","true","","Cosmos Lac Spray.Bike 112 Coldharbour Lane | Carsystem i R-M Inđija","67","1","Spray.Bike 112 Coldharbour Lane u Cosmos Lac katalogu. Proverite namenu i pošaljite upit Carsystem i R-M timu.","110","1","http://localhost:3000/proizvodi/cosmos-lac-spray-bike-112-400-ml-spray-bike-london-collection-112-coldharbour-lane","200","false","Cosmos Lac Spray.Bike 112 Coldharbour Lane","1","H1:Cosmos Lac Spray.Bike 112 Coldharbour Lane | H2:Dostupne boje | H2:Treba vam savet pri izboru proizvoda? | H2:Katalog | H2:Brendovi | H2:Podrška | H2:Kontakt","sr-Latn","Cosmos Lac Spray.Bike 112 Coldharbour Lane | Carsystem i R-M Inđija","Spray.Bike 112 Coldharbour Lane u Cosmos Lac katalogu. Proverite namenu i pošaljite upit Carsystem i R-M timu.","","summary","Cosmos Lac Spray.Bike 112 Coldharbour Lane | Carsystem i R-M Inđija","Spray.Bike 112 Coldharbour Lane u Cosmos Lac katalogu. Proverite namenu i pošaljite upit Carsystem i R-M timu.","","Brand | BreadcrumbList | ListItem | Product","true","122","1","","90","0","90","true","false"
"/proizvodi/cosmos-lac-spray-bike-113-400-ml-spray-bike-london-collection-113-bayswater","200","true","","Cosmos Lac Spray.Bike 113 Bayswater | Carsystem i R-M Inđija","60","1","Spray.Bike 113 Bayswater u Cosmos Lac katalogu. Proverite namenu i pošaljite upit Carsystem i R-M timu.","103","1","http://localhost:3000/proizvodi/cosmos-lac-spray-bike-113-400-ml-spray-bike-london-collection-113-bayswater","200","false","Cosmos Lac Spray.Bike 113 Bayswater","1","H1:Cosmos Lac Spray.Bike 113 Bayswater | H2:Dostupne boje | H2:Treba vam savet pri izboru proizvoda? | H2:Katalog | H2:Brendovi | H2:Podrška | H2:Kontakt","sr-Latn","Cosmos Lac Spray.Bike 113 Bayswater | Carsystem i R-M Inđija","Spray.Bike 113 Bayswater u Cosmos Lac katalogu. Proverite namenu i pošaljite upit Carsystem i R-M timu.","","summary","Cosmos Lac Spray.Bike 113 Bayswater | Carsystem i R-M Inđija","Spray.Bike 113 Bayswater u Cosmos Lac katalogu. Proverite namenu i pošaljite upit Carsystem i R-M timu.","","Brand | BreadcrumbList | ListItem | Product","true","122","1","","90","0","90","true","false"
"/proizvodi/cosmos-lac-spray-bike-114-400-ml-spray-bike-london-collection-114-battersea","200","true","","Cosmos Lac Spray.Bike 114 Battersea | Carsystem i R-M Inđija","60","1","Spray.Bike 114 Battersea u Cosmos Lac katalogu. Proverite namenu i pošaljite upit Carsystem i R-M timu.","103","1","http://localhost:3000/proizvodi/cosmos-lac-spray-bike-114-400-ml-spray-bike-london-collection-114-battersea","200","false","Cosmos Lac Spray.Bike 114 Battersea","1","H1:Cosmos Lac Spray.Bike 114 Battersea | H2:Dostupne boje | H2:Treba vam savet pri izboru proizvoda? | H2:Katalog | H2:Brendovi | H2:Podrška | H2:Kontakt","sr-Latn","Cosmos Lac Spray.Bike 114 Battersea | Carsystem i R-M Inđija","Spray.Bike 114 Battersea u Cosmos Lac katalogu. Proverite namenu i pošaljite upit Carsystem i R-M timu.","","summary","Cosmos Lac Spray.Bike 114 Battersea | Carsystem i R-M Inđija","Spray.Bike 114 Battersea u Cosmos Lac katalogu. Proverite namenu i pošaljite upit Carsystem i R-M timu.","","Brand | BreadcrumbList | ListItem | Product","true","122","1","","90","0","90","true","false"
"/proizvodi/cosmos-lac-spray-bike-115-400-ml-spray-bike-london-collection-115-plumstead","200","true","","Cosmos Lac Spray.Bike 115 Plumstead | Carsystem i R-M Inđija","60","1","Spray.Bike 115 Plumstead u Cosmos Lac katalogu. Proverite namenu i pošaljite upit Carsystem i R-M timu.","103","1","http://localhost:3000/proizvodi/cosmos-lac-spray-bike-115-400-ml-spray-bike-london-collection-115-plumstead","200","false","Cosmos Lac Spray.Bike 115 Plumstead","1","H1:Cosmos Lac Spray.Bike 115 Plumstead | H2:Dostupne boje | H2:Treba vam savet pri izboru proizvoda? | H2:Katalog | H2:Brendovi | H2:Podrška | H2:Kontakt","sr-Latn","Cosmos Lac Spray.Bike 115 Plumstead | Carsystem i R-M Inđija","Spray.Bike 115 Plumstead u Cosmos Lac katalogu. Proverite namenu i pošaljite upit Carsystem i R-M timu.","","summary","Cosmos Lac Spray.Bike 115 Plumstead | Carsystem i R-M Inđija","Spray.Bike 115 Plumstead u Cosmos Lac katalogu. Proverite namenu i pošaljite upit Carsystem i R-M timu.","","Brand | BreadcrumbList | ListItem | Product","true","122","1","","90","0","90","true","false"
"/proizvodi/cosmos-lac-spray-bike-116-400-ml-spray-bike-london-collection-116-salmon-lane","200","true","","Cosmos Lac Spray.Bike 116 Salmon Lane | Carsystem i R-M Inđija","62","1","Spray.Bike 116 Salmon Lane u Cosmos Lac katalogu. Proverite namenu i pošaljite upit Carsystem i R-M timu.","105","1","http://localhost:3000/proizvodi/cosmos-lac-spray-bike-116-400-ml-spray-bike-london-collection-116-salmon-lane","200","false","Cosmos Lac Spray.Bike 116 Salmon Lane","1","H1:Cosmos Lac Spray.Bike 116 Salmon Lane | H2:Dostupne boje | H2:Treba vam savet pri izboru proizvoda? | H2:Katalog | H2:Brendovi | H2:Podrška | H2:Kontakt","sr-Latn","Cosmos Lac Spray.Bike 116 Salmon Lane | Carsystem i R-M Inđija","Spray.Bike 116 Salmon Lane u Cosmos Lac katalogu. Proverite namenu i pošaljite upit Carsystem i R-M timu.","","summary","Cosmos Lac Spray.Bike 116 Salmon Lane | Carsystem i R-M Inđija","Spray.Bike 116 Salmon Lane u Cosmos Lac katalogu. Proverite namenu i pošaljite upit Carsystem i R-M timu.","","Brand | BreadcrumbList | ListItem | Product","true","122","1","","90","0","90","true","false"
"/proizvodi/cosmos-lac-spray-bike-117-400-ml-spray-bike-london-collection-117-strawberry-hill","200","true","","Cosmos Lac Spray.Bike 117 Strawberry Hill | Carsystem i R-M Inđija","66","1","Spray.Bike 117 Strawberry Hill u Cosmos Lac katalogu. Proverite namenu i pošaljite upit Carsystem i R-M timu.","109","1","http://localhost:3000/proizvodi/cosmos-lac-spray-bike-117-400-ml-spray-bike-london-collection-117-strawberry-hill","200","false","Cosmos Lac Spray.Bike 117 Strawberry Hill","1","H1:Cosmos Lac Spray.Bike 117 Strawberry Hill | H2:Dostupne boje | H2:Treba vam savet pri izboru proizvoda? | H2:Katalog | H2:Brendovi | H2:Podrška | H2:Kontakt","sr-Latn","Cosmos Lac Spray.Bike 117 Strawberry Hill | Carsystem i R-M Inđija","Spray.Bike 117 Strawberry Hill u Cosmos Lac katalogu. Proverite namenu i pošaljite upit Carsystem i R-M timu.","","summary","Cosmos Lac Spray.Bike 117 Strawberry Hill | Carsystem i R-M Inđija","Spray.Bike 117 Strawberry Hill u Cosmos Lac katalogu. Proverite namenu i pošaljite upit Carsystem i R-M timu.","","Brand | BreadcrumbList | ListItem | Product","true","122","1","","90","0","90","true","false"
"/proizvodi/cosmos-lac-spray-bike-118-400-ml-spray-bike-london-collection-118-redbridge","200","true","","Cosmos Lac Spray.Bike 118 Redbridge | Carsystem i R-M Inđija","60","1","Spray.Bike 118 Redbridge u Cosmos Lac katalogu. Proverite namenu i pošaljite upit Carsystem i R-M timu.","103","1","http://localhost:3000/proizvodi/cosmos-lac-spray-bike-118-400-ml-spray-bike-london-collection-118-redbridge","200","false","Cosmos Lac Spray.Bike 118 Redbridge","1","H1:Cosmos Lac Spray.Bike 118 Redbridge | H2:Dostupne boje | H2:Treba vam savet pri izboru proizvoda? | H2:Katalog | H2:Brendovi | H2:Podrška | H2:Kontakt","sr-Latn","Cosmos Lac Spray.Bike 118 Redbridge | Carsystem i R-M Inđija","Spray.Bike 118 Redbridge u Cosmos Lac katalogu. Proverite namenu i pošaljite upit Carsystem i R-M timu.","","summary","Cosmos Lac Spray.Bike 118 Redbridge | Carsystem i R-M Inđija","Spray.Bike 118 Redbridge u Cosmos Lac katalogu. Proverite namenu i pošaljite upit Carsystem i R-M timu.","","Brand | BreadcrumbList | ListItem | Product","true","122","1","","90","0","90","true","false"
"/proizvodi/cosmos-lac-spray-bike-119-400-ml-spray-bike-london-collection-119-brick-lane","200","true","","Cosmos Lac Spray.Bike 119 Brick Lane | Carsystem i R-M Inđija","61","1","Spray.Bike 119 Brick Lane u Cosmos Lac katalogu. Proverite namenu i pošaljite upit Carsystem i R-M timu.","104","1","http://localhost:3000/proizvodi/cosmos-lac-spray-bike-119-400-ml-spray-bike-london-collection-119-brick-lane","200","false","Cosmos Lac Spray.Bike 119 Brick Lane","1","H1:Cosmos Lac Spray.Bike 119 Brick Lane | H2:Dostupne boje | H2:Treba vam savet pri izboru proizvoda? | H2:Katalog | H2:Brendovi | H2:Podrška | H2:Kontakt","sr-Latn","Cosmos Lac Spray.Bike 119 Brick Lane | Carsystem i R-M Inđija","Spray.Bike 119 Brick Lane u Cosmos Lac katalogu. Proverite namenu i pošaljite upit Carsystem i R-M timu.","","summary","Cosmos Lac Spray.Bike 119 Brick Lane | Carsystem i R-M Inđija","Spray.Bike 119 Brick Lane u Cosmos Lac katalogu. Proverite namenu i pošaljite upit Carsystem i R-M timu.","","Brand | BreadcrumbList | ListItem | Product","true","122","1","","90","0","90","true","false"
"/proizvodi/cosmos-lac-spray-bike-120-400-ml-spray-bike-london-collection-120-marylebone","200","true","","Cosmos Lac Spray.Bike 120 Marylebone | Carsystem i R-M Inđija","61","1","Spray.Bike 120 Marylebone u Cosmos Lac katalogu. Proverite namenu i pošaljite upit Carsystem i R-M timu.","104","1","http://localhost:3000/proizvodi/cosmos-lac-spray-bike-120-400-ml-spray-bike-london-collection-120-marylebone","200","false","Cosmos Lac Spray.Bike 120 Marylebone","1","H1:Cosmos Lac Spray.Bike 120 Marylebone | H2:Dostupne boje | H2:Treba vam savet pri izboru proizvoda? | H2:Katalog | H2:Brendovi | H2:Podrška | H2:Kontakt","sr-Latn","Cosmos Lac Spray.Bike 120 Marylebone | Carsystem i R-M Inđija","Spray.Bike 120 Marylebone u Cosmos Lac katalogu. Proverite namenu i pošaljite upit Carsystem i R-M timu.","","summary","Cosmos Lac Spray.Bike 120 Marylebone | Carsystem i R-M Inđija","Spray.Bike 120 Marylebone u Cosmos Lac katalogu. Proverite namenu i pošaljite upit Carsystem i R-M timu.","","Brand | BreadcrumbList | ListItem | Product","true","122","1","","90","0","90","true","false"
"/proizvodi/cosmos-lac-spray-bike-121-400-ml-spray-bike-london-collection-121-clay-hill","200","true","","Cosmos Lac Spray.Bike 121 Clay Hill | Carsystem i R-M Inđija","60","1","Spray.Bike 121 Clay Hill u Cosmos Lac katalogu. Proverite namenu i pošaljite upit Carsystem i R-M timu.","103","1","http://localhost:3000/proizvodi/cosmos-lac-spray-bike-121-400-ml-spray-bike-london-collection-121-clay-hill","200","false","Cosmos Lac Spray.Bike 121 Clay Hill","1","H1:Cosmos Lac Spray.Bike 121 Clay Hill | H2:Dostupne boje | H2:Treba vam savet pri izboru proizvoda? | H2:Katalog | H2:Brendovi | H2:Podrška | H2:Kontakt","sr-Latn","Cosmos Lac Spray.Bike 121 Clay Hill | Carsystem i R-M Inđija","Spray.Bike 121 Clay Hill u Cosmos Lac katalogu. Proverite namenu i pošaljite upit Carsystem i R-M timu.","","summary","Cosmos Lac Spray.Bike 121 Clay Hill | Carsystem i R-M Inđija","Spray.Bike 121 Clay Hill u Cosmos Lac katalogu. Proverite namenu i pošaljite upit Carsystem i R-M timu.","","Brand | BreadcrumbList | ListItem | Product","true","122","1","","90","0","90","true","false"
"/proizvodi/cosmos-lac-spray-bike-122-400-ml-spray-bike-london-collection-122-silvertown","200","true","","Cosmos Lac Spray.Bike 122 Silvertown | Carsystem i R-M Inđija","61","1","Spray.Bike 122 Silvertown u Cosmos Lac katalogu. Proverite namenu i pošaljite upit Carsystem i R-M timu.","104","1","http://localhost:3000/proizvodi/cosmos-lac-spray-bike-122-400-ml-spray-bike-london-collection-122-silvertown","200","false","Cosmos Lac Spray.Bike 122 Silvertown","1","H1:Cosmos Lac Spray.Bike 122 Silvertown | H2:Dostupne boje | H2:Treba vam savet pri izboru proizvoda? | H2:Katalog | H2:Brendovi | H2:Podrška | H2:Kontakt","sr-Latn","Cosmos Lac Spray.Bike 122 Silvertown | Carsystem i R-M Inđija","Spray.Bike 122 Silvertown u Cosmos Lac katalogu. Proverite namenu i pošaljite upit Carsystem i R-M timu.","","summary","Cosmos Lac Spray.Bike 122 Silvertown | Carsystem i R-M Inđija","Spray.Bike 122 Silvertown u Cosmos Lac katalogu. Proverite namenu i pošaljite upit Carsystem i R-M timu.","","Brand | BreadcrumbList | ListItem | Product","true","122","1","","90","0","90","true","false"
"/proizvodi/cosmos-lac-spray-bike-123-400-ml-spray-bike-london-collection-123-gray-s-inn","200","true","","Cosmos Lac Spray.Bike 123 Gray’s Inn | Carsystem i R-M Inđija","61","1","Spray.Bike 123 Gray’s Inn u Cosmos Lac katalogu. Proverite namenu i pošaljite upit Carsystem i R-M timu.","104","1","http://localhost:3000/proizvodi/cosmos-lac-spray-bike-123-400-ml-spray-bike-london-collection-123-gray-s-inn","200","false","Cosmos Lac Spray.Bike 123 Gray’s Inn","1","H1:Cosmos Lac Spray.Bike 123 Gray’s Inn | H2:Dostupne boje | H2:Treba vam savet pri izboru proizvoda? | H2:Katalog | H2:Brendovi | H2:Podrška | H2:Kontakt","sr-Latn","Cosmos Lac Spray.Bike 123 Gray’s Inn | Carsystem i R-M Inđija","Spray.Bike 123 Gray’s Inn u Cosmos Lac katalogu. Proverite namenu i pošaljite upit Carsystem i R-M timu.","","summary","Cosmos Lac Spray.Bike 123 Gray’s Inn | Carsystem i R-M Inđija","Spray.Bike 123 Gray’s Inn u Cosmos Lac katalogu. Proverite namenu i pošaljite upit Carsystem i R-M timu.","","Brand | BreadcrumbList | ListItem | Product","true","122","1","","90","0","90","true","false"
"/proizvodi/cosmos-lac-spray-bike-201-400-ml-spray-bike-historic-collection-201-chicago-yellow","200","true","","Cosmos Lac Spray.Bike 201 Chicago Yellow | Carsystem i R-M Inđija","65","1","Spray.Bike 201 Chicago Yellow u Cosmos Lac katalogu. Proverite namenu i pošaljite upit Carsystem i R-M timu.","108","1","http://localhost:3000/proizvodi/cosmos-lac-spray-bike-201-400-ml-spray-bike-historic-collection-201-chicago-yellow","200","false","Cosmos Lac Spray.Bike 201 Chicago Yellow","1","H1:Cosmos Lac Spray.Bike 201 Chicago Yellow | H2:Dostupne boje | H2:Treba vam savet pri izboru proizvoda? | H2:Katalog | H2:Brendovi | H2:Podrška | H2:Kontakt","sr-Latn","Cosmos Lac Spray.Bike 201 Chicago Yellow | Carsystem i R-M Inđija","Spray.Bike 201 Chicago Yellow u Cosmos Lac katalogu. Proverite namenu i pošaljite upit Carsystem i R-M timu.","","summary","Cosmos Lac Spray.Bike 201 Chicago Yellow | Carsystem i R-M Inđija","Spray.Bike 201 Chicago Yellow u Cosmos Lac katalogu. Proverite namenu i pošaljite upit Carsystem i R-M timu.","","Brand | BreadcrumbList | ListItem | Product","true","122","1","","90","0","90","true","false"
"/proizvodi/cosmos-lac-spray-bike-202-400-ml-spray-bike-historic-collection-202-milan-celadon-1","200","true","","Cosmos Lac Spray.Bike 202 Milan Celadon 1 | Carsystem i R-M Inđija","66","1","Spray.Bike 202 Milan Celadon 1 u Cosmos Lac katalogu. Proverite namenu i pošaljite upit Carsystem i R-M timu.","109","1","http://localhost:3000/proizvodi/cosmos-lac-spray-bike-202-400-ml-spray-bike-historic-collection-202-milan-celadon-1","200","false","Cosmos Lac Spray.Bike 202 Milan Celadon 1","1","H1:Cosmos Lac Spray.Bike 202 Milan Celadon 1 | H2:Dostupne boje | H2:Treba vam savet pri izboru proizvoda? | H2:Katalog | H2:Brendovi | H2:Podrška | H2:Kontakt","sr-Latn","Cosmos Lac Spray.Bike 202 Milan Celadon 1 | Carsystem i R-M Inđija","Spray.Bike 202 Milan Celadon 1 u Cosmos Lac katalogu. Proverite namenu i pošaljite upit Carsystem i R-M timu.","","summary","Cosmos Lac Spray.Bike 202 Milan Celadon 1 | Carsystem i R-M Inđija","Spray.Bike 202 Milan Celadon 1 u Cosmos Lac katalogu. Proverite namenu i pošaljite upit Carsystem i R-M timu.","","Brand | BreadcrumbList | ListItem | Product","true","122","1","","90","0","90","true","false"
"/proizvodi/cosmos-lac-spray-bike-203-400-ml-spray-bike-historic-collection-203-milan-celadon-2","200","true","","Cosmos Lac Spray.Bike 203 Milan Celadon 2 | Carsystem i R-M Inđija","66","1","Spray.Bike 203 Milan Celadon 2 u Cosmos Lac katalogu. Proverite namenu i pošaljite upit Carsystem i R-M timu.","109","1","http://localhost:3000/proizvodi/cosmos-lac-spray-bike-203-400-ml-spray-bike-historic-collection-203-milan-celadon-2","200","false","Cosmos Lac Spray.Bike 203 Milan Celadon 2","1","H1:Cosmos Lac Spray.Bike 203 Milan Celadon 2 | H2:Dostupne boje | H2:Treba vam savet pri izboru proizvoda? | H2:Katalog | H2:Brendovi | H2:Podrška | H2:Kontakt","sr-Latn","Cosmos Lac Spray.Bike 203 Milan Celadon 2 | Carsystem i R-M Inđija","Spray.Bike 203 Milan Celadon 2 u Cosmos Lac katalogu. Proverite namenu i pošaljite upit Carsystem i R-M timu.","","summary","Cosmos Lac Spray.Bike 203 Milan Celadon 2 | Carsystem i R-M Inđija","Spray.Bike 203 Milan Celadon 2 u Cosmos Lac katalogu. Proverite namenu i pošaljite upit Carsystem i R-M timu.","","Brand | BreadcrumbList | ListItem | Product","true","122","1","","90","0","90","true","false"
"/proizvodi/cosmos-lac-spray-bike-204-400-ml-spray-bike-historic-collection-204-coventry-red","200","true","","Cosmos Lac Spray.Bike 204 Coventry Red | Carsystem i R-M Inđija","63","1","Spray.Bike 204 Coventry Red u Cosmos Lac katalogu. Proverite namenu i pošaljite upit Carsystem i R-M timu.","106","1","http://localhost:3000/proizvodi/cosmos-lac-spray-bike-204-400-ml-spray-bike-historic-collection-204-coventry-red","200","false","Cosmos Lac Spray.Bike 204 Coventry Red","1","H1:Cosmos Lac Spray.Bike 204 Coventry Red | H2:Dostupne boje | H2:Treba vam savet pri izboru proizvoda? | H2:Katalog | H2:Brendovi | H2:Podrška | H2:Kontakt","sr-Latn","Cosmos Lac Spray.Bike 204 Coventry Red | Carsystem i R-M Inđija","Spray.Bike 204 Coventry Red u Cosmos Lac katalogu. Proverite namenu i pošaljite upit Carsystem i R-M timu.","","summary","Cosmos Lac Spray.Bike 204 Coventry Red | Carsystem i R-M Inđija","Spray.Bike 204 Coventry Red u Cosmos Lac katalogu. Proverite namenu i pošaljite upit Carsystem i R-M timu.","","Brand | BreadcrumbList | ListItem | Product","true","122","1","","90","0","90","true","false"
"/proizvodi/cosmos-lac-spray-bike-205-400-ml-spray-bike-historic-collection-205-meise-orange","200","true","","Cosmos Lac Spray.Bike 205 Meise Orange | Carsystem i R-M Inđija","63","1","Spray.Bike 205 Meise Orange u Cosmos Lac katalogu. Proverite namenu i pošaljite upit Carsystem i R-M timu.","106","1","http://localhost:3000/proizvodi/cosmos-lac-spray-bike-205-400-ml-spray-bike-historic-collection-205-meise-orange","200","false","Cosmos Lac Spray.Bike 205 Meise Orange","1","H1:Cosmos Lac Spray.Bike 205 Meise Orange | H2:Dostupne boje | H2:Treba vam savet pri izboru proizvoda? | H2:Katalog | H2:Brendovi | H2:Podrška | H2:Kontakt","sr-Latn","Cosmos Lac Spray.Bike 205 Meise Orange | Carsystem i R-M Inđija","Spray.Bike 205 Meise Orange u Cosmos Lac katalogu. Proverite namenu i pošaljite upit Carsystem i R-M timu.","","summary","Cosmos Lac Spray.Bike 205 Meise Orange | Carsystem i R-M Inđija","Spray.Bike 205 Meise Orange u Cosmos Lac katalogu. Proverite namenu i pošaljite upit Carsystem i R-M timu.","","Brand | BreadcrumbList | ListItem | Product","true","122","1","","90","0","90","true","false"
"/proizvodi/cosmos-lac-spray-bike-206-400-ml-spray-bike-historic-collection-206-milan-blue","200","true","","Cosmos Lac Spray.Bike 206 Milan Blue | Carsystem i R-M Inđija","61","1","Spray.Bike 206 Milan Blue u Cosmos Lac katalogu. Proverite namenu i pošaljite upit Carsystem i R-M timu.","104","1","http://localhost:3000/proizvodi/cosmos-lac-spray-bike-206-400-ml-spray-bike-historic-collection-206-milan-blue","200","false","Cosmos Lac Spray.Bike 206 Milan Blue","1","H1:Cosmos Lac Spray.Bike 206 Milan Blue | H2:Dostupne boje | H2:Treba vam savet pri izboru proizvoda? | H2:Katalog | H2:Brendovi | H2:Podrška | H2:Kontakt","sr-Latn","Cosmos Lac Spray.Bike 206 Milan Blue | Carsystem i R-M Inđija","Spray.Bike 206 Milan Blue u Cosmos Lac katalogu. Proverite namenu i pošaljite upit Carsystem i R-M timu.","","summary","Cosmos Lac Spray.Bike 206 Milan Blue | Carsystem i R-M Inđija","Spray.Bike 206 Milan Blue u Cosmos Lac katalogu. Proverite namenu i pošaljite upit Carsystem i R-M timu.","","Brand | BreadcrumbList | ListItem | Product","true","122","1","","90","0","90","true","false"
"/proizvodi/cosmos-lac-spray-bike-221-400-ml-spray-bike-vintage-collection-221-bradbury","200","true","","Cosmos Lac Spray.Bike 221 Bradbury | Carsystem i R-M Inđija","59","1","Spray.Bike 221 Bradbury u Cosmos Lac katalogu. Proverite namenu i pošaljite upit Carsystem i R-M timu.","102","1","http://localhost:3000/proizvodi/cosmos-lac-spray-bike-221-400-ml-spray-bike-vintage-collection-221-bradbury","200","false","Cosmos Lac Spray.Bike 221 Bradbury","1","H1:Cosmos Lac Spray.Bike 221 Bradbury | H2:Dostupne boje | H2:Treba vam savet pri izboru proizvoda? | H2:Katalog | H2:Brendovi | H2:Podrška | H2:Kontakt","sr-Latn","Cosmos Lac Spray.Bike 221 Bradbury | Carsystem i R-M Inđija","Spray.Bike 221 Bradbury u Cosmos Lac katalogu. Proverite namenu i pošaljite upit Carsystem i R-M timu.","","summary","Cosmos Lac Spray.Bike 221 Bradbury | Carsystem i R-M Inđija","Spray.Bike 221 Bradbury u Cosmos Lac katalogu. Proverite namenu i pošaljite upit Carsystem i R-M timu.","","Brand | BreadcrumbList | ListItem | Product","true","122","1","","90","0","90","true","false"
"/proizvodi/cosmos-lac-spray-bike-222-400-ml-spray-bike-vintage-collection-222-hercules","200","true","","Cosmos Lac Spray.Bike 222 Hercules | Carsystem i R-M Inđija","59","1","Spray.Bike 222 Hercules u Cosmos Lac katalogu. Proverite namenu i pošaljite upit Carsystem i R-M timu.","102","1","http://localhost:3000/proizvodi/cosmos-lac-spray-bike-222-400-ml-spray-bike-vintage-collection-222-hercules","200","false","Cosmos Lac Spray.Bike 222 Hercules","1","H1:Cosmos Lac Spray.Bike 222 Hercules | H2:Dostupne boje | H2:Treba vam savet pri izboru proizvoda? | H2:Katalog | H2:Brendovi | H2:Podrška | H2:Kontakt","sr-Latn","Cosmos Lac Spray.Bike 222 Hercules | Carsystem i R-M Inđija","Spray.Bike 222 Hercules u Cosmos Lac katalogu. Proverite namenu i pošaljite upit Carsystem i R-M timu.","","summary","Cosmos Lac Spray.Bike 222 Hercules | Carsystem i R-M Inđija","Spray.Bike 222 Hercules u Cosmos Lac katalogu. Proverite namenu i pošaljite upit Carsystem i R-M timu.","","Brand | BreadcrumbList | ListItem | Product","true","122","1","","90","0","90","true","false"
"/proizvodi/cosmos-lac-spray-bike-223-400-ml-spray-bike-vintage-collection-223-humber","200","true","","Cosmos Lac Spray.Bike 223 Humber | Carsystem i R-M Inđija","57","1","Spray.Bike 223 Humber u Cosmos Lac katalogu. Proverite namenu i pošaljite upit Carsystem i R-M timu.","100","1","http://localhost:3000/proizvodi/cosmos-lac-spray-bike-223-400-ml-spray-bike-vintage-collection-223-humber","200","false","Cosmos Lac Spray.Bike 223 Humber","1","H1:Cosmos Lac Spray.Bike 223 Humber | H2:Dostupne boje | H2:Treba vam savet pri izboru proizvoda? | H2:Katalog | H2:Brendovi | H2:Podrška | H2:Kontakt","sr-Latn","Cosmos Lac Spray.Bike 223 Humber | Carsystem i R-M Inđija","Spray.Bike 223 Humber u Cosmos Lac katalogu. Proverite namenu i pošaljite upit Carsystem i R-M timu.","","summary","Cosmos Lac Spray.Bike 223 Humber | Carsystem i R-M Inđija","Spray.Bike 223 Humber u Cosmos Lac katalogu. Proverite namenu i pošaljite upit Carsystem i R-M timu.","","Brand | BreadcrumbList | ListItem | Product","true","122","1","","90","0","90","true","false"
"/proizvodi/cosmos-lac-spray-bike-224-400-ml-spray-bike-vintage-collection-224-excelsior","200","true","","Cosmos Lac Spray.Bike 224 Excelsior | Carsystem i R-M Inđija","60","1","Spray.Bike 224 Excelsior u Cosmos Lac katalogu. Proverite namenu i pošaljite upit Carsystem i R-M timu.","103","1","http://localhost:3000/proizvodi/cosmos-lac-spray-bike-224-400-ml-spray-bike-vintage-collection-224-excelsior","200","false","Cosmos Lac Spray.Bike 224 Excelsior","1","H1:Cosmos Lac Spray.Bike 224 Excelsior | H2:Dostupne boje | H2:Treba vam savet pri izboru proizvoda? | H2:Katalog | H2:Brendovi | H2:Podrška | H2:Kontakt","sr-Latn","Cosmos Lac Spray.Bike 224 Excelsior | Carsystem i R-M Inđija","Spray.Bike 224 Excelsior u Cosmos Lac katalogu. Proverite namenu i pošaljite upit Carsystem i R-M timu.","","summary","Cosmos Lac Spray.Bike 224 Excelsior | Carsystem i R-M Inđija","Spray.Bike 224 Excelsior u Cosmos Lac katalogu. Proverite namenu i pošaljite upit Carsystem i R-M timu.","","Brand | BreadcrumbList | ListItem | Product","true","122","1","","90","0","90","true","false"
"/proizvodi/cosmos-lac-spray-bike-225-400-ml-spray-bike-vintage-collection-225-eagle","200","true","","Cosmos Lac Spray.Bike 225 Eagle | Carsystem i R-M Inđija","56","1","Spray.Bike 225 Eagle u Cosmos Lac katalogu. Proverite namenu i pošaljite upit Carsystem i R-M timu.","99","1","http://localhost:3000/proizvodi/cosmos-lac-spray-bike-225-400-ml-spray-bike-vintage-collection-225-eagle","200","false","Cosmos Lac Spray.Bike 225 Eagle","1","H1:Cosmos Lac Spray.Bike 225 Eagle | H2:Dostupne boje | H2:Treba vam savet pri izboru proizvoda? | H2:Katalog | H2:Brendovi | H2:Podrška | H2:Kontakt","sr-Latn","Cosmos Lac Spray.Bike 225 Eagle | Carsystem i R-M Inđija","Spray.Bike 225 Eagle u Cosmos Lac katalogu. Proverite namenu i pošaljite upit Carsystem i R-M timu.","","summary","Cosmos Lac Spray.Bike 225 Eagle | Carsystem i R-M Inđija","Spray.Bike 225 Eagle u Cosmos Lac katalogu. Proverite namenu i pošaljite upit Carsystem i R-M timu.","","Brand | BreadcrumbList | ListItem | Product","true","122","1","","90","0","90","true","false"
"/proizvodi/cosmos-lac-spray-bike-226-400-ml-spray-bike-vintage-collection-226-calcott","200","true","","Cosmos Lac Spray.Bike 226 Calcott | Carsystem i R-M Inđija","58","1","Spray.Bike 226 Calcott u Cosmos Lac katalogu. Proverite namenu i pošaljite upit Carsystem i R-M timu.","101","1","http://localhost:3000/proizvodi/cosmos-lac-spray-bike-226-400-ml-spray-bike-vintage-collection-226-calcott","200","false","Cosmos Lac Spray.Bike 226 Calcott","1","H1:Cosmos Lac Spray.Bike 226 Calcott | H2:Dostupne boje | H2:Treba vam savet pri izboru proizvoda? | H2:Katalog | H2:Brendovi | H2:Podrška | H2:Kontakt","sr-Latn","Cosmos Lac Spray.Bike 226 Calcott | Carsystem i R-M Inđija","Spray.Bike 226 Calcott u Cosmos Lac katalogu. Proverite namenu i pošaljite upit Carsystem i R-M timu.","","summary","Cosmos Lac Spray.Bike 226 Calcott | Carsystem i R-M Inđija","Spray.Bike 226 Calcott u Cosmos Lac katalogu. Proverite namenu i pošaljite upit Carsystem i R-M timu.","","Brand | BreadcrumbList | ListItem | Product","true","122","1","","90","0","90","true","false"
"/proizvodi/cosmos-lac-spray-bike-227-400-ml-spray-bike-vintage-collection-227-perry","200","true","","Cosmos Lac Spray.Bike 227 Perry | Carsystem i R-M Inđija","56","1","Spray.Bike 227 Perry u Cosmos Lac katalogu. Proverite namenu i pošaljite upit Carsystem i R-M timu.","99","1","http://localhost:3000/proizvodi/cosmos-lac-spray-bike-227-400-ml-spray-bike-vintage-collection-227-perry","200","false","Cosmos Lac Spray.Bike 227 Perry","1","H1:Cosmos Lac Spray.Bike 227 Perry | H2:Dostupne boje | H2:Treba vam savet pri izboru proizvoda? | H2:Katalog | H2:Brendovi | H2:Podrška | H2:Kontakt","sr-Latn","Cosmos Lac Spray.Bike 227 Perry | Carsystem i R-M Inđija","Spray.Bike 227 Perry u Cosmos Lac katalogu. Proverite namenu i pošaljite upit Carsystem i R-M timu.","","summary","Cosmos Lac Spray.Bike 227 Perry | Carsystem i R-M Inđija","Spray.Bike 227 Perry u Cosmos Lac katalogu. Proverite namenu i pošaljite upit Carsystem i R-M timu.","","Brand | BreadcrumbList | ListItem | Product","true","122","1","","90","0","90","true","false"
"/proizvodi/cosmos-lac-spray-bike-228-400-ml-spray-bike-vintage-collection-228-warrick","200","true","","Cosmos Lac Spray.Bike 228 Warrick | Carsystem i R-M Inđija","58","1","Spray.Bike 228 Warrick u Cosmos Lac katalogu. Proverite namenu i pošaljite upit Carsystem i R-M timu.","101","1","http://localhost:3000/proizvodi/cosmos-lac-spray-bike-228-400-ml-spray-bike-vintage-collection-228-warrick","200","false","Cosmos Lac Spray.Bike 228 Warrick","1","H1:Cosmos Lac Spray.Bike 228 Warrick | H2:Dostupne boje | H2:Treba vam savet pri izboru proizvoda? | H2:Katalog | H2:Brendovi | H2:Podrška | H2:Kontakt","sr-Latn","Cosmos Lac Spray.Bike 228 Warrick | Carsystem i R-M Inđija","Spray.Bike 228 Warrick u Cosmos Lac katalogu. Proverite namenu i pošaljite upit Carsystem i R-M timu.","","summary","Cosmos Lac Spray.Bike 228 Warrick | Carsystem i R-M Inđija","Spray.Bike 228 Warrick u Cosmos Lac katalogu. Proverite namenu i pošaljite upit Carsystem i R-M timu.","","Brand | BreadcrumbList | ListItem | Product","true","122","1","","90","0","90","true","false"
"/proizvodi/cosmos-lac-spray-bike-229-400-ml-spray-bike-vintage-collection-229-ariel","200","true","","Cosmos Lac Spray.Bike 229 Ariel | Carsystem i R-M Inđija","56","1","Spray.Bike 229 Ariel u Cosmos Lac katalogu. Proverite namenu i pošaljite upit Carsystem i R-M timu.","99","1","http://localhost:3000/proizvodi/cosmos-lac-spray-bike-229-400-ml-spray-bike-vintage-collection-229-ariel","200","false","Cosmos Lac Spray.Bike 229 Ariel","1","H1:Cosmos Lac Spray.Bike 229 Ariel | H2:Dostupne boje | H2:Treba vam savet pri izboru proizvoda? | H2:Katalog | H2:Brendovi | H2:Podrška | H2:Kontakt","sr-Latn","Cosmos Lac Spray.Bike 229 Ariel | Carsystem i R-M Inđija","Spray.Bike 229 Ariel u Cosmos Lac katalogu. Proverite namenu i pošaljite upit Carsystem i R-M timu.","","summary","Cosmos Lac Spray.Bike 229 Ariel | Carsystem i R-M Inđija","Spray.Bike 229 Ariel u Cosmos Lac katalogu. Proverite namenu i pošaljite upit Carsystem i R-M timu.","","Brand | BreadcrumbList | ListItem | Product","true","122","1","","90","0","90","true","false"
"/proizvodi/cosmos-lac-spray-bike-230-400-ml-spray-bike-vintage-collection-230-elswick","200","true","","Cosmos Lac Spray.Bike 230 Elswick | Carsystem i R-M Inđija","58","1","Spray.Bike 230 Elswick u Cosmos Lac katalogu. Proverite namenu i pošaljite upit Carsystem i R-M timu.","101","1","http://localhost:3000/proizvodi/cosmos-lac-spray-bike-230-400-ml-spray-bike-vintage-collection-230-elswick","200","false","Cosmos Lac Spray.Bike 230 Elswick","1","H1:Cosmos Lac Spray.Bike 230 Elswick | H2:Dostupne boje | H2:Treba vam savet pri izboru proizvoda? | H2:Katalog | H2:Brendovi | H2:Podrška | H2:Kontakt","sr-Latn","Cosmos Lac Spray.Bike 230 Elswick | Carsystem i R-M Inđija","Spray.Bike 230 Elswick u Cosmos Lac katalogu. Proverite namenu i pošaljite upit Carsystem i R-M timu.","","summary","Cosmos Lac Spray.Bike 230 Elswick | Carsystem i R-M Inđija","Spray.Bike 230 Elswick u Cosmos Lac katalogu. Proverite namenu i pošaljite upit Carsystem i R-M timu.","","Brand | BreadcrumbList | ListItem | Product","true","122","1","","90","0","90","true","false"
"/proizvodi/cosmos-lac-spray-bike-231-400-ml-spray-bike-vintage-collection-231-rudge","200","true","","Cosmos Lac Spray.Bike 231 Rudge | Carsystem i R-M Inđija","56","1","Spray.Bike 231 Rudge u Cosmos Lac katalogu. Proverite namenu i pošaljite upit Carsystem i R-M timu.","99","1","http://localhost:3000/proizvodi/cosmos-lac-spray-bike-231-400-ml-spray-bike-vintage-collection-231-rudge","200","false","Cosmos Lac Spray.Bike 231 Rudge","1","H1:Cosmos Lac Spray.Bike 231 Rudge | H2:Dostupne boje | H2:Treba vam savet pri izboru proizvoda? | H2:Katalog | H2:Brendovi | H2:Podrška | H2:Kontakt","sr-Latn","Cosmos Lac Spray.Bike 231 Rudge | Carsystem i R-M Inđija","Spray.Bike 231 Rudge u Cosmos Lac katalogu. Proverite namenu i pošaljite upit Carsystem i R-M timu.","","summary","Cosmos Lac Spray.Bike 231 Rudge | Carsystem i R-M Inđija","Spray.Bike 231 Rudge u Cosmos Lac katalogu. Proverite namenu i pošaljite upit Carsystem i R-M timu.","","Brand | BreadcrumbList | ListItem | Product","true","122","1","","90","0","90","true","false"
"/proizvodi/cosmos-lac-spray-bike-232-400-ml-spray-bike-vintage-collection-232-carlton","200","true","","Cosmos Lac Spray.Bike 232 Carlton | Carsystem i R-M Inđija","58","1","Spray.Bike 232 Carlton u Cosmos Lac katalogu. Proverite namenu i pošaljite upit Carsystem i R-M timu.","101","1","http://localhost:3000/proizvodi/cosmos-lac-spray-bike-232-400-ml-spray-bike-vintage-collection-232-carlton","200","false","Cosmos Lac Spray.Bike 232 Carlton","1","H1:Cosmos Lac Spray.Bike 232 Carlton | H2:Dostupne boje | H2:Treba vam savet pri izboru proizvoda? | H2:Katalog | H2:Brendovi | H2:Podrška | H2:Kontakt","sr-Latn","Cosmos Lac Spray.Bike 232 Carlton | Carsystem i R-M Inđija","Spray.Bike 232 Carlton u Cosmos Lac katalogu. Proverite namenu i pošaljite upit Carsystem i R-M timu.","","summary","Cosmos Lac Spray.Bike 232 Carlton | Carsystem i R-M Inđija","Spray.Bike 232 Carlton u Cosmos Lac katalogu. Proverite namenu i pošaljite upit Carsystem i R-M timu.","","Brand | BreadcrumbList | ListItem | Product","true","122","1","","90","0","90","true","false"
"/proizvodi/cosmos-lac-spray-bike-241-400-ml-spray-bike-pop-collection-241-bomber","200","true","","Cosmos Lac Spray.Bike 241 Bomber | Carsystem i R-M Inđija","57","1","Spray.Bike 241 Bomber u Cosmos Lac katalogu. Proverite namenu i pošaljite upit Carsystem i R-M timu.","100","1","http://localhost:3000/proizvodi/cosmos-lac-spray-bike-241-400-ml-spray-bike-pop-collection-241-bomber","200","false","Cosmos Lac Spray.Bike 241 Bomber","1","H1:Cosmos Lac Spray.Bike 241 Bomber | H2:Dostupne boje | H2:Treba vam savet pri izboru proizvoda? | H2:Katalog | H2:Brendovi | H2:Podrška | H2:Kontakt","sr-Latn","Cosmos Lac Spray.Bike 241 Bomber | Carsystem i R-M Inđija","Spray.Bike 241 Bomber u Cosmos Lac katalogu. Proverite namenu i pošaljite upit Carsystem i R-M timu.","","summary","Cosmos Lac Spray.Bike 241 Bomber | Carsystem i R-M Inđija","Spray.Bike 241 Bomber u Cosmos Lac katalogu. Proverite namenu i pošaljite upit Carsystem i R-M timu.","","Brand | BreadcrumbList | ListItem | Product","true","122","1","","90","0","90","true","false"
"/proizvodi/cosmos-lac-spray-bike-242-400-ml-spray-bike-pop-collection-242-memphis","200","true","","Cosmos Lac Spray.Bike 242 Memphis | Carsystem i R-M Inđija","58","1","Spray.Bike 242 Memphis u Cosmos Lac katalogu. Proverite namenu i pošaljite upit Carsystem i R-M timu.","101","1","http://localhost:3000/proizvodi/cosmos-lac-spray-bike-242-400-ml-spray-bike-pop-collection-242-memphis","200","false","Cosmos Lac Spray.Bike 242 Memphis","1","H1:Cosmos Lac Spray.Bike 242 Memphis | H2:Dostupne boje | H2:Treba vam savet pri izboru proizvoda? | H2:Katalog | H2:Brendovi | H2:Podrška | H2:Kontakt","sr-Latn","Cosmos Lac Spray.Bike 242 Memphis | Carsystem i R-M Inđija","Spray.Bike 242 Memphis u Cosmos Lac katalogu. Proverite namenu i pošaljite upit Carsystem i R-M timu.","","summary","Cosmos Lac Spray.Bike 242 Memphis | Carsystem i R-M Inđija","Spray.Bike 242 Memphis u Cosmos Lac katalogu. Proverite namenu i pošaljite upit Carsystem i R-M timu.","","Brand | BreadcrumbList | ListItem | Product","true","122","1","","90","0","90","true","false"
"/proizvodi/cosmos-lac-spray-bike-243-400-ml-spray-bike-pop-collection-243-superbe","200","true","","Cosmos Lac Spray.Bike 243 Superbe | Carsystem i R-M Inđija","58","1","Spray.Bike 243 Superbe u Cosmos Lac katalogu. Proverite namenu i pošaljite upit Carsystem i R-M timu.","101","1","http://localhost:3000/proizvodi/cosmos-lac-spray-bike-243-400-ml-spray-bike-pop-collection-243-superbe","200","false","Cosmos Lac Spray.Bike 243 Superbe","1","H1:Cosmos Lac Spray.Bike 243 Superbe | H2:Dostupne boje | H2:Treba vam savet pri izboru proizvoda? | H2:Katalog | H2:Brendovi | H2:Podrška | H2:Kontakt","sr-Latn","Cosmos Lac Spray.Bike 243 Superbe | Carsystem i R-M Inđija","Spray.Bike 243 Superbe u Cosmos Lac katalogu. Proverite namenu i pošaljite upit Carsystem i R-M timu.","","summary","Cosmos Lac Spray.Bike 243 Superbe | Carsystem i R-M Inđija","Spray.Bike 243 Superbe u Cosmos Lac katalogu. Proverite namenu i pošaljite upit Carsystem i R-M timu.","","Brand | BreadcrumbList | ListItem | Product","true","122","1","","90","0","90","true","false"
"/proizvodi/cosmos-lac-spray-bike-244-400-ml-spray-bike-pop-collection-244-mustang","200","true","","Cosmos Lac Spray.Bike 244 Mustang | Carsystem i R-M Inđija","58","1","Spray.Bike 244 Mustang u Cosmos Lac katalogu. Proverite namenu i pošaljite upit Carsystem i R-M timu.","101","1","http://localhost:3000/proizvodi/cosmos-lac-spray-bike-244-400-ml-spray-bike-pop-collection-244-mustang","200","false","Cosmos Lac Spray.Bike 244 Mustang","1","H1:Cosmos Lac Spray.Bike 244 Mustang | H2:Dostupne boje | H2:Treba vam savet pri izboru proizvoda? | H2:Katalog | H2:Brendovi | H2:Podrška | H2:Kontakt","sr-Latn","Cosmos Lac Spray.Bike 244 Mustang | Carsystem i R-M Inđija","Spray.Bike 244 Mustang u Cosmos Lac katalogu. Proverite namenu i pošaljite upit Carsystem i R-M timu.","","summary","Cosmos Lac Spray.Bike 244 Mustang | Carsystem i R-M Inđija","Spray.Bike 244 Mustang u Cosmos Lac katalogu. Proverite namenu i pošaljite upit Carsystem i R-M timu.","","Brand | BreadcrumbList | ListItem | Product","true","122","1","","90","0","90","true","false"
"/proizvodi/cosmos-lac-spray-bike-245-400-ml-spray-bike-pop-collection-245-grifter","200","true","","Cosmos Lac Spray.Bike 245 Grifter | Carsystem i R-M Inđija","58","1","Spray.Bike 245 Grifter u Cosmos Lac katalogu. Proverite namenu i pošaljite upit Carsystem i R-M timu.","101","1","http://localhost:3000/proizvodi/cosmos-lac-spray-bike-245-400-ml-spray-bike-pop-collection-245-grifter","200","false","Cosmos Lac Spray.Bike 245 Grifter","1","H1:Cosmos Lac Spray.Bike 245 Grifter | H2:Dostupne boje | H2:Treba vam savet pri izboru proizvoda? | H2:Katalog | H2:Brendovi | H2:Podrška | H2:Kontakt","sr-Latn","Cosmos Lac Spray.Bike 245 Grifter | Carsystem i R-M Inđija","Spray.Bike 245 Grifter u Cosmos Lac katalogu. Proverite namenu i pošaljite upit Carsystem i R-M timu.","","summary","Cosmos Lac Spray.Bike 245 Grifter | Carsystem i R-M Inđija","Spray.Bike 245 Grifter u Cosmos Lac katalogu. Proverite namenu i pošaljite upit Carsystem i R-M timu.","","Brand | BreadcrumbList | ListItem | Product","true","122","1","","90","0","90","true","false"
"/proizvodi/cosmos-lac-spray-bike-246-400-ml-spray-bike-pop-collection-246-quasar","200","true","","Cosmos Lac Spray.Bike 246 Quasar | Carsystem i R-M Inđija","57","1","Spray.Bike 246 Quasar u Cosmos Lac katalogu. Proverite namenu i pošaljite upit Carsystem i R-M timu.","100","1","http://localhost:3000/proizvodi/cosmos-lac-spray-bike-246-400-ml-spray-bike-pop-collection-246-quasar","200","false","Cosmos Lac Spray.Bike 246 Quasar","1","H1:Cosmos Lac Spray.Bike 246 Quasar | H2:Dostupne boje | H2:Treba vam savet pri izboru proizvoda? | H2:Katalog | H2:Brendovi | H2:Podrška | H2:Kontakt","sr-Latn","Cosmos Lac Spray.Bike 246 Quasar | Carsystem i R-M Inđija","Spray.Bike 246 Quasar u Cosmos Lac katalogu. Proverite namenu i pošaljite upit Carsystem i R-M timu.","","summary","Cosmos Lac Spray.Bike 246 Quasar | Carsystem i R-M Inđija","Spray.Bike 246 Quasar u Cosmos Lac katalogu. Proverite namenu i pošaljite upit Carsystem i R-M timu.","","Brand | BreadcrumbList | ListItem | Product","true","122","1","","90","0","90","true","false"
"/proizvodi/cosmos-lac-spray-bike-247-400-ml-spray-bike-pop-collection-247-winkie","200","true","","Cosmos Lac Spray.Bike 247 Winkie | Carsystem i R-M Inđija","57","1","Spray.Bike 247 Winkie u Cosmos Lac katalogu. Proverite namenu i pošaljite upit Carsystem i R-M timu.","100","1","http://localhost:3000/proizvodi/cosmos-lac-spray-bike-247-400-ml-spray-bike-pop-collection-247-winkie","200","false","Cosmos Lac Spray.Bike 247 Winkie","1","H1:Cosmos Lac Spray.Bike 247 Winkie | H2:Dostupne boje | H2:Treba vam savet pri izboru proizvoda? | H2:Katalog | H2:Brendovi | H2:Podrška | H2:Kontakt","sr-Latn","Cosmos Lac Spray.Bike 247 Winkie | Carsystem i R-M Inđija","Spray.Bike 247 Winkie u Cosmos Lac katalogu. Proverite namenu i pošaljite upit Carsystem i R-M timu.","","summary","Cosmos Lac Spray.Bike 247 Winkie | Carsystem i R-M Inđija","Spray.Bike 247 Winkie u Cosmos Lac katalogu. Proverite namenu i pošaljite upit Carsystem i R-M timu.","","Brand | BreadcrumbList | ListItem | Product","true","122","1","","90","0","90","true","false"
"/proizvodi/cosmos-lac-spray-bike-248-400-ml-spray-bike-pop-collection-248-mirage","200","true","","Cosmos Lac Spray.Bike 248 Mirage | Carsystem i R-M Inđija","57","1","Spray.Bike 248 Mirage u Cosmos Lac katalogu. Proverite namenu i pošaljite upit Carsystem i R-M timu.","100","1","http://localhost:3000/proizvodi/cosmos-lac-spray-bike-248-400-ml-spray-bike-pop-collection-248-mirage","200","false","Cosmos Lac Spray.Bike 248 Mirage","1","H1:Cosmos Lac Spray.Bike 248 Mirage | H2:Dostupne boje | H2:Treba vam savet pri izboru proizvoda? | H2:Katalog | H2:Brendovi | H2:Podrška | H2:Kontakt","sr-Latn","Cosmos Lac Spray.Bike 248 Mirage | Carsystem i R-M Inđija","Spray.Bike 248 Mirage u Cosmos Lac katalogu. Proverite namenu i pošaljite upit Carsystem i R-M timu.","","summary","Cosmos Lac Spray.Bike 248 Mirage | Carsystem i R-M Inđija","Spray.Bike 248 Mirage u Cosmos Lac katalogu. Proverite namenu i pošaljite upit Carsystem i R-M timu.","","Brand | BreadcrumbList | ListItem | Product","true","122","1","","90","0","90","true","false"
"/proizvodi/cosmos-lac-spray-bike-249-400-ml-spray-bike-pop-collection-249-riviera","200","true","","Cosmos Lac Spray.Bike 249 Riviera | Carsystem i R-M Inđija","58","1","Spray.Bike 249 Riviera u Cosmos Lac katalogu. Proverite namenu i pošaljite upit Carsystem i R-M timu.","101","1","http://localhost:3000/proizvodi/cosmos-lac-spray-bike-249-400-ml-spray-bike-pop-collection-249-riviera","200","false","Cosmos Lac Spray.Bike 249 Riviera","1","H1:Cosmos Lac Spray.Bike 249 Riviera | H2:Dostupne boje | H2:Treba vam savet pri izboru proizvoda? | H2:Katalog | H2:Brendovi | H2:Podrška | H2:Kontakt","sr-Latn","Cosmos Lac Spray.Bike 249 Riviera | Carsystem i R-M Inđija","Spray.Bike 249 Riviera u Cosmos Lac katalogu. Proverite namenu i pošaljite upit Carsystem i R-M timu.","","summary","Cosmos Lac Spray.Bike 249 Riviera | Carsystem i R-M Inđija","Spray.Bike 249 Riviera u Cosmos Lac katalogu. Proverite namenu i pošaljite upit Carsystem i R-M timu.","","Brand | BreadcrumbList | ListItem | Product","true","122","1","","90","0","90","true","false"
"/proizvodi/cosmos-lac-spray-bike-250-400-ml-spray-bike-pop-collection-250-royale","200","true","","Cosmos Lac Spray.Bike 250 Royale | Carsystem i R-M Inđija","57","1","Spray.Bike 250 Royale u Cosmos Lac katalogu. Proverite namenu i pošaljite upit Carsystem i R-M timu.","100","1","http://localhost:3000/proizvodi/cosmos-lac-spray-bike-250-400-ml-spray-bike-pop-collection-250-royale","200","false","Cosmos Lac Spray.Bike 250 Royale","1","H1:Cosmos Lac Spray.Bike 250 Royale | H2:Dostupne boje | H2:Treba vam savet pri izboru proizvoda? | H2:Katalog | H2:Brendovi | H2:Podrška | H2:Kontakt","sr-Latn","Cosmos Lac Spray.Bike 250 Royale | Carsystem i R-M Inđija","Spray.Bike 250 Royale u Cosmos Lac katalogu. Proverite namenu i pošaljite upit Carsystem i R-M timu.","","summary","Cosmos Lac Spray.Bike 250 Royale | Carsystem i R-M Inđija","Spray.Bike 250 Royale u Cosmos Lac katalogu. Proverite namenu i pošaljite upit Carsystem i R-M timu.","","Brand | BreadcrumbList | ListItem | Product","true","122","1","","90","0","90","true","false"
"/proizvodi/cosmos-lac-spray-bike-251-400-ml-spray-bike-pop-collection-251-misty","200","true","","Cosmos Lac Spray.Bike 251 Misty | Carsystem i R-M Inđija","56","1","Spray.Bike 251 Misty u Cosmos Lac katalogu. Proverite namenu i pošaljite upit Carsystem i R-M timu.","99","1","http://localhost:3000/proizvodi/cosmos-lac-spray-bike-251-400-ml-spray-bike-pop-collection-251-misty","200","false","Cosmos Lac Spray.Bike 251 Misty","1","H1:Cosmos Lac Spray.Bike 251 Misty | H2:Dostupne boje | H2:Treba vam savet pri izboru proizvoda? | H2:Katalog | H2:Brendovi | H2:Podrška | H2:Kontakt","sr-Latn","Cosmos Lac Spray.Bike 251 Misty | Carsystem i R-M Inđija","Spray.Bike 251 Misty u Cosmos Lac katalogu. Proverite namenu i pošaljite upit Carsystem i R-M timu.","","summary","Cosmos Lac Spray.Bike 251 Misty | Carsystem i R-M Inđija","Spray.Bike 251 Misty u Cosmos Lac katalogu. Proverite namenu i pošaljite upit Carsystem i R-M timu.","","Brand | BreadcrumbList | ListItem | Product","true","122","1","","90","0","90","true","false"
"/proizvodi/cosmos-lac-spray-bike-252-400-ml-spray-bike-pop-collection-252-calypso","200","true","","Cosmos Lac Spray.Bike 252 Calypso | Carsystem i R-M Inđija","58","1","Spray.Bike 252 Calypso u Cosmos Lac katalogu. Proverite namenu i pošaljite upit Carsystem i R-M timu.","101","1","http://localhost:3000/proizvodi/cosmos-lac-spray-bike-252-400-ml-spray-bike-pop-collection-252-calypso","200","false","Cosmos Lac Spray.Bike 252 Calypso","1","H1:Cosmos Lac Spray.Bike 252 Calypso | H2:Dostupne boje | H2:Treba vam savet pri izboru proizvoda? | H2:Katalog | H2:Brendovi | H2:Podrška | H2:Kontakt","sr-Latn","Cosmos Lac Spray.Bike 252 Calypso | Carsystem i R-M Inđija","Spray.Bike 252 Calypso u Cosmos Lac katalogu. Proverite namenu i pošaljite upit Carsystem i R-M timu.","","summary","Cosmos Lac Spray.Bike 252 Calypso | Carsystem i R-M Inđija","Spray.Bike 252 Calypso u Cosmos Lac katalogu. Proverite namenu i pošaljite upit Carsystem i R-M timu.","","Brand | BreadcrumbList | ListItem | Product","true","122","1","","90","0","90","true","false"
"/proizvodi/cosmos-lac-spray-bike-261-400-ml-spray-bike-fluorescent-collection-261-fluro-light-blue","200","true","","Cosmos Lac Spray.Bike 261 Fluro Light Blue | Carsystem i R-M Inđija","67","1","Spray.Bike 261 Fluro Light Blue u Cosmos Lac katalogu. Proverite namenu i pošaljite upit Carsystem i R-M timu.","110","1","http://localhost:3000/proizvodi/cosmos-lac-spray-bike-261-400-ml-spray-bike-fluorescent-collection-261-fluro-light-blue","200","false","Cosmos Lac Spray.Bike 261 Fluro Light Blue","1","H1:Cosmos Lac Spray.Bike 261 Fluro Light Blue | H2:Dostupne boje | H2:Treba vam savet pri izboru proizvoda? | H2:Katalog | H2:Brendovi | H2:Podrška | H2:Kontakt","sr-Latn","Cosmos Lac Spray.Bike 261 Fluro Light Blue | Carsystem i R-M Inđija","Spray.Bike 261 Fluro Light Blue u Cosmos Lac katalogu. Proverite namenu i pošaljite upit Carsystem i R-M timu.","","summary","Cosmos Lac Spray.Bike 261 Fluro Light Blue | Carsystem i R-M Inđija","Spray.Bike 261 Fluro Light Blue u Cosmos Lac katalogu. Proverite namenu i pošaljite upit Carsystem i R-M timu.","","Brand | BreadcrumbList | ListItem | Product","true","122","1","","90","0","90","true","false"
"/proizvodi/cosmos-lac-spray-bike-262-400-ml-spray-bike-fluorescent-collection-262-fluro-green","200","true","","Cosmos Lac Spray.Bike 262 Fluro Green | Carsystem i R-M Inđija","62","1","Spray.Bike 262 Fluro Green u Cosmos Lac katalogu. Proverite namenu i pošaljite upit Carsystem i R-M timu.","105","1","http://localhost:3000/proizvodi/cosmos-lac-spray-bike-262-400-ml-spray-bike-fluorescent-collection-262-fluro-green","200","false","Cosmos Lac Spray.Bike 262 Fluro Green","1","H1:Cosmos Lac Spray.Bike 262 Fluro Green | H2:Dostupne boje | H2:Treba vam savet pri izboru proizvoda? | H2:Katalog | H2:Brendovi | H2:Podrška | H2:Kontakt","sr-Latn","Cosmos Lac Spray.Bike 262 Fluro Green | Carsystem i R-M Inđija","Spray.Bike 262 Fluro Green u Cosmos Lac katalogu. Proverite namenu i pošaljite upit Carsystem i R-M timu.","","summary","Cosmos Lac Spray.Bike 262 Fluro Green | Carsystem i R-M Inđija","Spray.Bike 262 Fluro Green u Cosmos Lac katalogu. Proverite namenu i pošaljite upit Carsystem i R-M timu.","","Brand | BreadcrumbList | ListItem | Product","true","122","1","","90","0","90","true","false"
"/proizvodi/cosmos-lac-spray-bike-263-400-ml-spray-bike-fluorescent-collection-263-fluro-orange","200","true","","Cosmos Lac Spray.Bike 263 Fluro Orange | Carsystem i R-M Inđija","63","1","Spray.Bike 263 Fluro Orange u Cosmos Lac katalogu. Proverite namenu i pošaljite upit Carsystem i R-M timu.","106","1","http://localhost:3000/proizvodi/cosmos-lac-spray-bike-263-400-ml-spray-bike-fluorescent-collection-263-fluro-orange","200","false","Cosmos Lac Spray.Bike 263 Fluro Orange","1","H1:Cosmos Lac Spray.Bike 263 Fluro Orange | H2:Dostupne boje | H2:Treba vam savet pri izboru proizvoda? | H2:Katalog | H2:Brendovi | H2:Podrška | H2:Kontakt","sr-Latn","Cosmos Lac Spray.Bike 263 Fluro Orange | Carsystem i R-M Inđija","Spray.Bike 263 Fluro Orange u Cosmos Lac katalogu. Proverite namenu i pošaljite upit Carsystem i R-M timu.","","summary","Cosmos Lac Spray.Bike 263 Fluro Orange | Carsystem i R-M Inđija","Spray.Bike 263 Fluro Orange u Cosmos Lac katalogu. Proverite namenu i pošaljite upit Carsystem i R-M timu.","","Brand | BreadcrumbList | ListItem | Product","true","122","1","","90","0","90","true","false"
"/proizvodi/cosmos-lac-spray-bike-264-400-ml-spray-bike-fluorescent-collection-264-fluro-pink","200","true","","Cosmos Lac Spray.Bike 264 Fluro Pink | Carsystem i R-M Inđija","61","1","Spray.Bike 264 Fluro Pink u Cosmos Lac katalogu. Proverite namenu i pošaljite upit Carsystem i R-M timu.","104","1","http://localhost:3000/proizvodi/cosmos-lac-spray-bike-264-400-ml-spray-bike-fluorescent-collection-264-fluro-pink","200","false","Cosmos Lac Spray.Bike 264 Fluro Pink","1","H1:Cosmos Lac Spray.Bike 264 Fluro Pink | H2:Dostupne boje | H2:Treba vam savet pri izboru proizvoda? | H2:Katalog | H2:Brendovi | H2:Podrška | H2:Kontakt","sr-Latn","Cosmos Lac Spray.Bike 264 Fluro Pink | Carsystem i R-M Inđija","Spray.Bike 264 Fluro Pink u Cosmos Lac katalogu. Proverite namenu i pošaljite upit Carsystem i R-M timu.","","summary","Cosmos Lac Spray.Bike 264 Fluro Pink | Carsystem i R-M Inđija","Spray.Bike 264 Fluro Pink u Cosmos Lac katalogu. Proverite namenu i pošaljite upit Carsystem i R-M timu.","","Brand | BreadcrumbList | ListItem | Product","true","122","1","","90","0","90","true","false"
"/proizvodi/cosmos-lac-spray-bike-265-400-ml-spray-bike-fluorescent-collection-265-fluro-magenta","200","true","","Cosmos Lac Spray.Bike 265 Fluro Magenta | Carsystem i R-M Inđija","64","1","Spray.Bike 265 Fluro Magenta u Cosmos Lac katalogu. Proverite namenu i pošaljite upit Carsystem i R-M timu.","107","1","http://localhost:3000/proizvodi/cosmos-lac-spray-bike-265-400-ml-spray-bike-fluorescent-collection-265-fluro-magenta","200","false","Cosmos Lac Spray.Bike 265 Fluro Magenta","1","H1:Cosmos Lac Spray.Bike 265 Fluro Magenta | H2:Dostupne boje | H2:Treba vam savet pri izboru proizvoda? | H2:Katalog | H2:Brendovi | H2:Podrška | H2:Kontakt","sr-Latn","Cosmos Lac Spray.Bike 265 Fluro Magenta | Carsystem i R-M Inđija","Spray.Bike 265 Fluro Magenta u Cosmos Lac katalogu. Proverite namenu i pošaljite upit Carsystem i R-M timu.","","summary","Cosmos Lac Spray.Bike 265 Fluro Magenta | Carsystem i R-M Inđija","Spray.Bike 265 Fluro Magenta u Cosmos Lac katalogu. Proverite namenu i pošaljite upit Carsystem i R-M timu.","","Brand | BreadcrumbList | ListItem | Product","true","122","1","","90","0","90","true","false"
"/proizvodi/cosmos-lac-spray-bike-266-400-ml-spray-bike-fluorescent-collection-266-fluro-yellow","200","true","","Cosmos Lac Spray.Bike 266 Fluro Yellow | Carsystem i R-M Inđija","63","1","Spray.Bike 266 Fluro Yellow u Cosmos Lac katalogu. Proverite namenu i pošaljite upit Carsystem i R-M timu.","106","1","http://localhost:3000/proizvodi/cosmos-lac-spray-bike-266-400-ml-spray-bike-fluorescent-collection-266-fluro-yellow","200","false","Cosmos Lac Spray.Bike 266 Fluro Yellow","1","H1:Cosmos Lac Spray.Bike 266 Fluro Yellow | H2:Dostupne boje | H2:Treba vam savet pri izboru proizvoda? | H2:Katalog | H2:Brendovi | H2:Podrška | H2:Kontakt","sr-Latn","Cosmos Lac Spray.Bike 266 Fluro Yellow | Carsystem i R-M Inđija","Spray.Bike 266 Fluro Yellow u Cosmos Lac katalogu. Proverite namenu i pošaljite upit Carsystem i R-M timu.","","summary","Cosmos Lac Spray.Bike 266 Fluro Yellow | Carsystem i R-M Inđija","Spray.Bike 266 Fluro Yellow u Cosmos Lac katalogu. Proverite namenu i pošaljite upit Carsystem i R-M timu.","","Brand | BreadcrumbList | ListItem | Product","true","122","1","","90","0","90","true","false"
"/proizvodi/cosmos-lac-spray-bike-267-400-ml-spray-bike-nightshade-collection-267-raven-grey","200","true","","Cosmos Lac Spray.Bike 267 Raven Grey | Carsystem i R-M Inđija","61","1","Spray.Bike 267 Raven Grey u Cosmos Lac katalogu. Proverite namenu i pošaljite upit Carsystem i R-M timu.","104","1","http://localhost:3000/proizvodi/cosmos-lac-spray-bike-267-400-ml-spray-bike-nightshade-collection-267-raven-grey","200","false","Cosmos Lac Spray.Bike 267 Raven Grey","1","H1:Cosmos Lac Spray.Bike 267 Raven Grey | H2:Dostupne boje | H2:Treba vam savet pri izboru proizvoda? | H2:Katalog | H2:Brendovi | H2:Podrška | H2:Kontakt","sr-Latn","Cosmos Lac Spray.Bike 267 Raven Grey | Carsystem i R-M Inđija","Spray.Bike 267 Raven Grey u Cosmos Lac katalogu. Proverite namenu i pošaljite upit Carsystem i R-M timu.","","summary","Cosmos Lac Spray.Bike 267 Raven Grey | Carsystem i R-M Inđija","Spray.Bike 267 Raven Grey u Cosmos Lac katalogu. Proverite namenu i pošaljite upit Carsystem i R-M timu.","","Brand | BreadcrumbList | ListItem | Product","true","122","1","","90","0","90","true","false"
"/proizvodi/cosmos-lac-spray-bike-268-400-ml-spray-bike-nightshade-collection-268-elderberry","200","true","","Cosmos Lac Spray.Bike 268 Elderberry | Carsystem i R-M Inđija","61","1","Spray.Bike 268 Elderberry u Cosmos Lac katalogu. Proverite namenu i pošaljite upit Carsystem i R-M timu.","104","1","http://localhost:3000/proizvodi/cosmos-lac-spray-bike-268-400-ml-spray-bike-nightshade-collection-268-elderberry","200","false","Cosmos Lac Spray.Bike 268 Elderberry","1","H1:Cosmos Lac Spray.Bike 268 Elderberry | H2:Dostupne boje | H2:Treba vam savet pri izboru proizvoda? | H2:Katalog | H2:Brendovi | H2:Podrška | H2:Kontakt","sr-Latn","Cosmos Lac Spray.Bike 268 Elderberry | Carsystem i R-M Inđija","Spray.Bike 268 Elderberry u Cosmos Lac katalogu. Proverite namenu i pošaljite upit Carsystem i R-M timu.","","summary","Cosmos Lac Spray.Bike 268 Elderberry | Carsystem i R-M Inđija","Spray.Bike 268 Elderberry u Cosmos Lac katalogu. Proverite namenu i pošaljite upit Carsystem i R-M timu.","","Brand | BreadcrumbList | ListItem | Product","true","122","1","","90","0","90","true","false"
"/proizvodi/cosmos-lac-spray-bike-269-400-ml-spray-bike-nightshade-collection-269-moorland","200","true","","Cosmos Lac Spray.Bike 269 Moorland | Carsystem i R-M Inđija","59","1","Spray.Bike 269 Moorland u Cosmos Lac katalogu. Proverite namenu i pošaljite upit Carsystem i R-M timu.","102","1","http://localhost:3000/proizvodi/cosmos-lac-spray-bike-269-400-ml-spray-bike-nightshade-collection-269-moorland","200","false","Cosmos Lac Spray.Bike 269 Moorland","1","H1:Cosmos Lac Spray.Bike 269 Moorland | H2:Dostupne boje | H2:Treba vam savet pri izboru proizvoda? | H2:Katalog | H2:Brendovi | H2:Podrška | H2:Kontakt","sr-Latn","Cosmos Lac Spray.Bike 269 Moorland | Carsystem i R-M Inđija","Spray.Bike 269 Moorland u Cosmos Lac katalogu. Proverite namenu i pošaljite upit Carsystem i R-M timu.","","summary","Cosmos Lac Spray.Bike 269 Moorland | Carsystem i R-M Inđija","Spray.Bike 269 Moorland u Cosmos Lac katalogu. Proverite namenu i pošaljite upit Carsystem i R-M timu.","","Brand | BreadcrumbList | ListItem | Product","true","122","1","","90","0","90","true","false"
"/proizvodi/cosmos-lac-spray-bike-270-400-ml-spray-bike-nightshade-collection-270-storm","200","true","","Cosmos Lac Spray.Bike 270 Storm | Carsystem i R-M Inđija","56","1","Spray.Bike 270 Storm u Cosmos Lac katalogu. Proverite namenu i pošaljite upit Carsystem i R-M timu.","99","1","http://localhost:3000/proizvodi/cosmos-lac-spray-bike-270-400-ml-spray-bike-nightshade-collection-270-storm","200","false","Cosmos Lac Spray.Bike 270 Storm","1","H1:Cosmos Lac Spray.Bike 270 Storm | H2:Dostupne boje | H2:Treba vam savet pri izboru proizvoda? | H2:Katalog | H2:Brendovi | H2:Podrška | H2:Kontakt","sr-Latn","Cosmos Lac Spray.Bike 270 Storm | Carsystem i R-M Inđija","Spray.Bike 270 Storm u Cosmos Lac katalogu. Proverite namenu i pošaljite upit Carsystem i R-M timu.","","summary","Cosmos Lac Spray.Bike 270 Storm | Carsystem i R-M Inđija","Spray.Bike 270 Storm u Cosmos Lac katalogu. Proverite namenu i pošaljite upit Carsystem i R-M timu.","","Brand | BreadcrumbList | ListItem | Product","true","122","1","","90","0","90","true","false"
"/proizvodi/cosmos-lac-spray-bike-271-400-ml-spray-bike-nightshade-collection-271-black-cherry","200","true","","Cosmos Lac Spray.Bike 271 Black Cherry | Carsystem i R-M Inđija","63","1","Spray.Bike 271 Black Cherry u Cosmos Lac katalogu. Proverite namenu i pošaljite upit Carsystem i R-M timu.","106","1","http://localhost:3000/proizvodi/cosmos-lac-spray-bike-271-400-ml-spray-bike-nightshade-collection-271-black-cherry","200","false","Cosmos Lac Spray.Bike 271 Black Cherry","1","H1:Cosmos Lac Spray.Bike 271 Black Cherry | H2:Dostupne boje | H2:Treba vam savet pri izboru proizvoda? | H2:Katalog | H2:Brendovi | H2:Podrška | H2:Kontakt","sr-Latn","Cosmos Lac Spray.Bike 271 Black Cherry | Carsystem i R-M Inđija","Spray.Bike 271 Black Cherry u Cosmos Lac katalogu. Proverite namenu i pošaljite upit Carsystem i R-M timu.","","summary","Cosmos Lac Spray.Bike 271 Black Cherry | Carsystem i R-M Inđija","Spray.Bike 271 Black Cherry u Cosmos Lac katalogu. Proverite namenu i pošaljite upit Carsystem i R-M timu.","","Brand | BreadcrumbList | ListItem | Product","true","122","1","","90","0","90","true","false"
"/proizvodi/cosmos-lac-spray-bike-272-400-ml-spray-bike-nightshade-collection-272-peacock","200","true","","Cosmos Lac Spray.Bike 272 Peacock | Carsystem i R-M Inđija","58","1","Spray.Bike 272 Peacock u Cosmos Lac katalogu. Proverite namenu i pošaljite upit Carsystem i R-M timu.","101","1","http://localhost:3000/proizvodi/cosmos-lac-spray-bike-272-400-ml-spray-bike-nightshade-collection-272-peacock","200","false","Cosmos Lac Spray.Bike 272 Peacock","1","H1:Cosmos Lac Spray.Bike 272 Peacock | H2:Dostupne boje | H2:Treba vam savet pri izboru proizvoda? | H2:Katalog | H2:Brendovi | H2:Podrška | H2:Kontakt","sr-Latn","Cosmos Lac Spray.Bike 272 Peacock | Carsystem i R-M Inđija","Spray.Bike 272 Peacock u Cosmos Lac katalogu. Proverite namenu i pošaljite upit Carsystem i R-M timu.","","summary","Cosmos Lac Spray.Bike 272 Peacock | Carsystem i R-M Inđija","Spray.Bike 272 Peacock u Cosmos Lac katalogu. Proverite namenu i pošaljite upit Carsystem i R-M timu.","","Brand | BreadcrumbList | ListItem | Product","true","122","1","","90","0","90","true","false"
"/proizvodi/cosmos-lac-spray-bike-400-ml-spray-bike-cobweb-black","200","true","","Cosmos Lac Spray.Bike Black 400 ml | Carsystem i R-M Inđija","59","1","Spray.Bike Black u Cosmos Lac katalogu. Proverite namenu i pošaljite upit Carsystem i R-M timu.","95","1","http://localhost:3000/proizvodi/cosmos-lac-spray-bike-400-ml-spray-bike-cobweb-black","200","false","Cosmos Lac Spray.Bike Black 400 ml","1","H1:Cosmos Lac Spray.Bike Black 400 ml | H2:Dostupne boje | H2:Treba vam savet pri izboru proizvoda? | H2:Katalog | H2:Brendovi | H2:Podrška | H2:Kontakt","sr-Latn","Cosmos Lac Spray.Bike Black 400 ml | Carsystem i R-M Inđija","Spray.Bike Black u Cosmos Lac katalogu. Proverite namenu i pošaljite upit Carsystem i R-M timu.","","summary","Cosmos Lac Spray.Bike Black 400 ml | Carsystem i R-M Inđija","Spray.Bike Black u Cosmos Lac katalogu. Proverite namenu i pošaljite upit Carsystem i R-M timu.","","Brand | BreadcrumbList | ListItem | Product","true","122","1","","90","0","90","true","false"
"/proizvodi/cosmos-lac-spray-bike-400-ml-spray-bike-cobweb-celadon","200","true","","Cosmos Lac Spray.Bike Celadon 400 ml | Carsystem i R-M Inđija","61","1","Spray.Bike Celadon u Cosmos Lac katalogu. Proverite namenu i pošaljite upit Carsystem i R-M timu.","97","1","http://localhost:3000/proizvodi/cosmos-lac-spray-bike-400-ml-spray-bike-cobweb-celadon","200","false","Cosmos Lac Spray.Bike Celadon 400 ml","1","H1:Cosmos Lac Spray.Bike Celadon 400 ml | H2:Dostupne boje | H2:Treba vam savet pri izboru proizvoda? | H2:Katalog | H2:Brendovi | H2:Podrška | H2:Kontakt","sr-Latn","Cosmos Lac Spray.Bike Celadon 400 ml | Carsystem i R-M Inđija","Spray.Bike Celadon u Cosmos Lac katalogu. Proverite namenu i pošaljite upit Carsystem i R-M timu.","","summary","Cosmos Lac Spray.Bike Celadon 400 ml | Carsystem i R-M Inđija","Spray.Bike Celadon u Cosmos Lac katalogu. Proverite namenu i pošaljite upit Carsystem i R-M timu.","","Brand | BreadcrumbList | ListItem | Product","true","122","1","","90","0","90","true","false"
"/proizvodi/cosmos-lac-spray-bike-400-ml-spray-bike-cobweb-gold","200","true","","Cosmos Lac Spray.Bike Gold 400 ml | Carsystem i R-M Inđija","58","1","Spray.Bike Gold u Cosmos Lac katalogu. Proverite namenu i pošaljite upit Carsystem i R-M timu.","94","1","http://localhost:3000/proizvodi/cosmos-lac-spray-bike-400-ml-spray-bike-cobweb-gold","200","false","Cosmos Lac Spray.Bike Gold 400 ml","1","H1:Cosmos Lac Spray.Bike Gold 400 ml | H2:Dostupne boje | H2:Treba vam savet pri izboru proizvoda? | H2:Katalog | H2:Brendovi | H2:Podrška | H2:Kontakt","sr-Latn","Cosmos Lac Spray.Bike Gold 400 ml | Carsystem i R-M Inđija","Spray.Bike Gold u Cosmos Lac katalogu. Proverite namenu i pošaljite upit Carsystem i R-M timu.","","summary","Cosmos Lac Spray.Bike Gold 400 ml | Carsystem i R-M Inđija","Spray.Bike Gold u Cosmos Lac katalogu. Proverite namenu i pošaljite upit Carsystem i R-M timu.","","Brand | BreadcrumbList | ListItem | Product","true","122","1","","90","0","90","true","false"
"/proizvodi/cosmos-lac-spray-bike-400-ml-spray-bike-cobweb-silver","200","true","","Cosmos Lac Spray.Bike Silver 400 ml | Carsystem i R-M Inđija","60","1","Spray.Bike Silver u Cosmos Lac katalogu. Proverite namenu i pošaljite upit Carsystem i R-M timu.","96","1","http://localhost:3000/proizvodi/cosmos-lac-spray-bike-400-ml-spray-bike-cobweb-silver","200","false","Cosmos Lac Spray.Bike Silver 400 ml","1","H1:Cosmos Lac Spray.Bike Silver 400 ml | H2:Dostupne boje | H2:Treba vam savet pri izboru proizvoda? | H2:Katalog | H2:Brendovi | H2:Podrška | H2:Kontakt","sr-Latn","Cosmos Lac Spray.Bike Silver 400 ml | Carsystem i R-M Inđija","Spray.Bike Silver u Cosmos Lac katalogu. Proverite namenu i pošaljite upit Carsystem i R-M timu.","","summary","Cosmos Lac Spray.Bike Silver 400 ml | Carsystem i R-M Inđija","Spray.Bike Silver u Cosmos Lac katalogu. Proverite namenu i pošaljite upit Carsystem i R-M timu.","","Brand | BreadcrumbList | ListItem | Product","true","122","1","","90","0","90","true","false"
"/proizvodi/cosmos-lac-spray-bike-400-ml-spray-bike-cobweb-white","200","true","","Cosmos Lac Spray.Bike White 400 ml | Carsystem i R-M Inđija","59","1","Spray.Bike White u Cosmos Lac katalogu. Proverite namenu i pošaljite upit Carsystem i R-M timu.","95","1","http://localhost:3000/proizvodi/cosmos-lac-spray-bike-400-ml-spray-bike-cobweb-white","200","false","Cosmos Lac Spray.Bike White 400 ml","1","H1:Cosmos Lac Spray.Bike White 400 ml | H2:Dostupne boje | H2:Treba vam savet pri izboru proizvoda? | H2:Katalog | H2:Brendovi | H2:Podrška | H2:Kontakt","sr-Latn","Cosmos Lac Spray.Bike White 400 ml | Carsystem i R-M Inđija","Spray.Bike White u Cosmos Lac katalogu. Proverite namenu i pošaljite upit Carsystem i R-M timu.","","summary","Cosmos Lac Spray.Bike White 400 ml | Carsystem i R-M Inđija","Spray.Bike White u Cosmos Lac katalogu. Proverite namenu i pošaljite upit Carsystem i R-M timu.","","Brand | BreadcrumbList | ListItem | Product","true","122","1","","90","0","90","true","false"
"/proizvodi/cosmos-lac-spray-bike-400-sjaj-400-ml-spray-bike-frame-builder-s-400-transparent-finish-gloss","200","true","","Cosmos Lac Spray.Bike 400 Finish — sjaj | Carsystem i R-M Inđija","64","1","Spray.Bike 400 Finish sjaj u Cosmos Lac katalogu. Proverite namenu i pošaljite upit Carsystem i R-M timu.","105","1","http://localhost:3000/proizvodi/cosmos-lac-spray-bike-400-sjaj-400-ml-spray-bike-frame-builder-s-400-transparent-finish-gloss","200","false","Cosmos Lac Spray.Bike 400 Finish — sjaj","1","H1:Cosmos Lac Spray.Bike 400 Finish — sjaj | H2:Dostupne boje | H2:Treba vam savet pri izboru proizvoda? | H2:Katalog | H2:Brendovi | H2:Podrška | H2:Kontakt","sr-Latn","Cosmos Lac Spray.Bike 400 Finish — sjaj | Carsystem i R-M Inđija","Spray.Bike 400 Finish sjaj u Cosmos Lac katalogu. Proverite namenu i pošaljite upit Carsystem i R-M timu.","","summary","Cosmos Lac Spray.Bike 400 Finish — sjaj | Carsystem i R-M Inđija","Spray.Bike 400 Finish sjaj u Cosmos Lac katalogu. Proverite namenu i pošaljite upit Carsystem i R-M timu.","","Brand | BreadcrumbList | ListItem | Product","true","122","1","","90","0","90","true","false"
"/proizvodi/cosmos-lac-spray-bike-401-mat-400-ml-spray-bike-frame-builder-s-401-transparent-finish-matte","200","true","","Cosmos Lac Spray.Bike 401 Finish — mat | Carsystem i R-M Inđija","63","1","Spray.Bike 401 Finish mat u Cosmos Lac katalogu. Proverite namenu i pošaljite upit Carsystem i R-M timu.","104","1","http://localhost:3000/proizvodi/cosmos-lac-spray-bike-401-mat-400-ml-spray-bike-frame-builder-s-401-transparent-finish-matte","200","false","Cosmos Lac Spray.Bike 401 Finish — mat","1","H1:Cosmos Lac Spray.Bike 401 Finish — mat | H2:Dostupne boje | H2:Treba vam savet pri izboru proizvoda? | H2:Katalog | H2:Brendovi | H2:Podrška | H2:Kontakt","sr-Latn","Cosmos Lac Spray.Bike 401 Finish — mat | Carsystem i R-M Inđija","Spray.Bike 401 Finish mat u Cosmos Lac katalogu. Proverite namenu i pošaljite upit Carsystem i R-M timu.","","summary","Cosmos Lac Spray.Bike 401 Finish — mat | Carsystem i R-M Inđija","Spray.Bike 401 Finish mat u Cosmos Lac katalogu. Proverite namenu i pošaljite upit Carsystem i R-M timu.","","Brand | BreadcrumbList | ListItem | Product","true","122","1","","90","0","90","true","false"
"/proizvodi/cosmos-lac-spray-bike-410-400-ml-spray-bike-frame-builder-s-410-frame-builder-s-putty","200","true","","Cosmos Lac Spray.Bike 410 Frame Builder’s Putty | Carsystem i R-M Inđija","72","1","Spray.Bike 410 Frame Builder’s Putty u Cosmos Lac katalogu. Proverite namenu i pošaljite upit Carsystem i R-M timu.","115","1","http://localhost:3000/proizvodi/cosmos-lac-spray-bike-410-400-ml-spray-bike-frame-builder-s-410-frame-builder-s-putty","200","false","Cosmos Lac Spray.Bike 410 Frame Builder’s Putty","1","H1:Cosmos Lac Spray.Bike 410 Frame Builder’s Putty | H2:Dostupne boje | H2:Treba vam savet pri izboru proizvoda? | H2:Katalog | H2:Brendovi | H2:Podrška | H2:Kontakt","sr-Latn","Cosmos Lac Spray.Bike 410 Frame Builder’s Putty | Carsystem i R-M Inđija","Spray.Bike 410 Frame Builder’s Putty u Cosmos Lac katalogu. Proverite namenu i pošaljite upit Carsystem i R-M timu.","","summary","Cosmos Lac Spray.Bike 410 Frame Builder’s Putty | Carsystem i R-M Inđija","Spray.Bike 410 Frame Builder’s Putty u Cosmos Lac katalogu. Proverite namenu i pošaljite upit Carsystem i R-M timu.","","Brand | BreadcrumbList | ListItem | Product","true","122","1","","90","0","90","true","false"
"/proizvodi/cosmos-lac-spray-bike-420-400-ml-spray-bike-frame-builder-s-420-carbon-primer","200","true","","Cosmos Lac Spray.Bike 420 Carbon Primer | Carsystem i R-M Inđija","64","1","Spray.Bike 420 Carbon Primer u Cosmos Lac katalogu. Proverite namenu i pošaljite upit Carsystem i R-M timu.","107","1","http://localhost:3000/proizvodi/cosmos-lac-spray-bike-420-400-ml-spray-bike-frame-builder-s-420-carbon-primer","200","false","Cosmos Lac Spray.Bike 420 Carbon Primer","1","H1:Cosmos Lac Spray.Bike 420 Carbon Primer | H2:Dostupne boje | H2:Treba vam savet pri izboru proizvoda? | H2:Katalog | H2:Brendovi | H2:Podrška | H2:Kontakt","sr-Latn","Cosmos Lac Spray.Bike 420 Carbon Primer | Carsystem i R-M Inđija","Spray.Bike 420 Carbon Primer u Cosmos Lac katalogu. Proverite namenu i pošaljite upit Carsystem i R-M timu.","","summary","Cosmos Lac Spray.Bike 420 Carbon Primer | Carsystem i R-M Inđija","Spray.Bike 420 Carbon Primer u Cosmos Lac katalogu. Proverite namenu i pošaljite upit Carsystem i R-M timu.","","Brand | BreadcrumbList | ListItem | Product","true","122","1","","90","0","90","true","false"
"/proizvodi/cosmos-lac-spray-bike-430-400-ml-spray-bike-frame-builder-s-430-metal-primer","200","true","","Cosmos Lac Spray.Bike 430 Metal Primer | Carsystem i R-M Inđija","63","1","Spray.Bike 430 Metal Primer u Cosmos Lac katalogu. Proverite namenu i pošaljite upit Carsystem i R-M timu.","106","1","http://localhost:3000/proizvodi/cosmos-lac-spray-bike-430-400-ml-spray-bike-frame-builder-s-430-metal-primer","200","false","Cosmos Lac Spray.Bike 430 Metal Primer","1","H1:Cosmos Lac Spray.Bike 430 Metal Primer | H2:Dostupne boje | H2:Treba vam savet pri izboru proizvoda? | H2:Katalog | H2:Brendovi | H2:Podrška | H2:Kontakt","sr-Latn","Cosmos Lac Spray.Bike 430 Metal Primer | Carsystem i R-M Inđija","Spray.Bike 430 Metal Primer u Cosmos Lac katalogu. Proverite namenu i pošaljite upit Carsystem i R-M timu.","","summary","Cosmos Lac Spray.Bike 430 Metal Primer | Carsystem i R-M Inđija","Spray.Bike 430 Metal Primer u Cosmos Lac katalogu. Proverite namenu i pošaljite upit Carsystem i R-M timu.","","Brand | BreadcrumbList | ListItem | Product","true","122","1","","90","0","90","true","false"
"/proizvodi/cosmos-lac-spray-bike-440-400-ml-spray-bike-frame-builder-s-440-cold-zinc","200","true","","Cosmos Lac Spray.Bike 440 Cold Zinc | Carsystem i R-M Inđija","60","1","Spray.Bike 440 Cold Zinc u Cosmos Lac katalogu. Proverite namenu i pošaljite upit Carsystem i R-M timu.","103","1","http://localhost:3000/proizvodi/cosmos-lac-spray-bike-440-400-ml-spray-bike-frame-builder-s-440-cold-zinc","200","false","Cosmos Lac Spray.Bike 440 Cold Zinc","1","H1:Cosmos Lac Spray.Bike 440 Cold Zinc | H2:Dostupne boje | H2:Treba vam savet pri izboru proizvoda? | H2:Katalog | H2:Brendovi | H2:Podrška | H2:Kontakt","sr-Latn","Cosmos Lac Spray.Bike 440 Cold Zinc | Carsystem i R-M Inđija","Spray.Bike 440 Cold Zinc u Cosmos Lac katalogu. Proverite namenu i pošaljite upit Carsystem i R-M timu.","","summary","Cosmos Lac Spray.Bike 440 Cold Zinc | Carsystem i R-M Inđija","Spray.Bike 440 Cold Zinc u Cosmos Lac katalogu. Proverite namenu i pošaljite upit Carsystem i R-M timu.","","Brand | BreadcrumbList | ListItem | Product","true","122","1","","90","0","90","true","false"
"/proizvodi/cosmos-lac-spray-bike-450-400-ml-spray-bike-frame-builder-s-450-top-wax","200","true","","Cosmos Lac Spray.Bike 450 Top Wax | Carsystem i R-M Inđija","58","1","Spray.Bike 450 Top Wax u Cosmos Lac katalogu. Proverite namenu i pošaljite upit Carsystem i R-M timu.","101","1","http://localhost:3000/proizvodi/cosmos-lac-spray-bike-450-400-ml-spray-bike-frame-builder-s-450-top-wax","200","false","Cosmos Lac Spray.Bike 450 Top Wax","1","H1:Cosmos Lac Spray.Bike 450 Top Wax | H2:Dostupne boje | H2:Treba vam savet pri izboru proizvoda? | H2:Katalog | H2:Brendovi | H2:Podrška | H2:Kontakt","sr-Latn","Cosmos Lac Spray.Bike 450 Top Wax | Carsystem i R-M Inđija","Spray.Bike 450 Top Wax u Cosmos Lac katalogu. Proverite namenu i pošaljite upit Carsystem i R-M timu.","","summary","Cosmos Lac Spray.Bike 450 Top Wax | Carsystem i R-M Inđija","Spray.Bike 450 Top Wax u Cosmos Lac katalogu. Proverite namenu i pošaljite upit Carsystem i R-M timu.","","Brand | BreadcrumbList | ListItem | Product","true","122","1","","90","0","90","true","false"
"/proizvodi/cosmos-lac-spray-bike-460-400-ml-spray-bike-frame-builder-s-460-metal-plating-copper","200","true","","Cosmos Lac Spray.Bike 460 Metal Plating Copper | Carsystem i R-M Inđija","71","1","Spray.Bike 460 Metal Plating Copper u Cosmos Lac katalogu. Proverite namenu i pošaljite upit Carsystem i R-M timu.","114","1","http://localhost:3000/proizvodi/cosmos-lac-spray-bike-460-400-ml-spray-bike-frame-builder-s-460-metal-plating-copper","200","false","Cosmos Lac Spray.Bike 460 Metal Plating Copper","1","H1:Cosmos Lac Spray.Bike 460 Metal Plating Copper | H2:Dostupne boje | H2:Treba vam savet pri izboru proizvoda? | H2:Katalog | H2:Brendovi | H2:Podrška | H2:Kontakt","sr-Latn","Cosmos Lac Spray.Bike 460 Metal Plating Copper | Carsystem i R-M Inđija","Spray.Bike 460 Metal Plating Copper u Cosmos Lac katalogu. Proverite namenu i pošaljite upit Carsystem i R-M timu.","","summary","Cosmos Lac Spray.Bike 460 Metal Plating Copper | Carsystem i R-M Inđija","Spray.Bike 460 Metal Plating Copper u Cosmos Lac katalogu. Proverite namenu i pošaljite upit Carsystem i R-M timu.","","Brand | BreadcrumbList | ListItem | Product","true","122","1","","90","0","90","true","false"
"/proizvodi/cosmos-lac-spray-bike-461-400-ml-spray-bike-frame-builder-s-461-metal-plating-bronze-gold","200","true","","Cosmos Lac Spray.Bike 461 Metal Plating Bronze Gold | Carsystem i R-M Inđija","76","1","Spray.Bike 461 Metal Plating Bronze Gold u Cosmos Lac katalogu. Proverite namenu i pošaljite upit Carsystem i R-M timu.","119","1","http://localhost:3000/proizvodi/cosmos-lac-spray-bike-461-400-ml-spray-bike-frame-builder-s-461-metal-plating-bronze-gold","200","false","Cosmos Lac Spray.Bike 461 Metal Plating Bronze Gold","1","H1:Cosmos Lac Spray.Bike 461 Metal Plating Bronze Gold | H2:Dostupne boje | H2:Treba vam savet pri izboru proizvoda? | H2:Katalog | H2:Brendovi | H2:Podrška | H2:Kontakt","sr-Latn","Cosmos Lac Spray.Bike 461 Metal Plating Bronze Gold | Carsystem i R-M Inđija","Spray.Bike 461 Metal Plating Bronze Gold u Cosmos Lac katalogu. Proverite namenu i pošaljite upit Carsystem i R-M timu.","","summary","Cosmos Lac Spray.Bike 461 Metal Plating Bronze Gold | Carsystem i R-M Inđija","Spray.Bike 461 Metal Plating Bronze Gold u Cosmos Lac katalogu. Proverite namenu i pošaljite upit Carsystem i R-M timu.","","Brand | BreadcrumbList | ListItem | Product","true","122","1","","90","0","90","true","false"
"/proizvodi/cosmos-lac-spray-bike-462-400-ml-spray-bike-frame-builder-s-462-metal-plating-brass-gold","200","true","","Cosmos Lac Spray.Bike 462 Metal Plating Brass Gold | Carsystem i R-M Inđija","75","1","Spray.Bike 462 Metal Plating Brass Gold u Cosmos Lac katalogu. Proverite namenu i pošaljite upit Carsystem i R-M timu.","118","1","http://localhost:3000/proizvodi/cosmos-lac-spray-bike-462-400-ml-spray-bike-frame-builder-s-462-metal-plating-brass-gold","200","false","Cosmos Lac Spray.Bike 462 Metal Plating Brass Gold","1","H1:Cosmos Lac Spray.Bike 462 Metal Plating Brass Gold | H2:Dostupne boje | H2:Treba vam savet pri izboru proizvoda? | H2:Katalog | H2:Brendovi | H2:Podrška | H2:Kontakt","sr-Latn","Cosmos Lac Spray.Bike 462 Metal Plating Brass Gold | Carsystem i R-M Inđija","Spray.Bike 462 Metal Plating Brass Gold u Cosmos Lac katalogu. Proverite namenu i pošaljite upit Carsystem i R-M timu.","","summary","Cosmos Lac Spray.Bike 462 Metal Plating Brass Gold | Carsystem i R-M Inđija","Spray.Bike 462 Metal Plating Brass Gold u Cosmos Lac katalogu. Proverite namenu i pošaljite upit Carsystem i R-M timu.","","Brand | BreadcrumbList | ListItem | Product","true","122","1","","90","0","90","true","false"
"/proizvodi/cosmos-lac-spray-bike-463-400-ml-spray-bike-frame-builder-s-463-metal-plating-pewter-silver","200","true","","Cosmos Lac Spray.Bike 463 Metal Plating Pewter Silver | Carsystem i R-M Inđija","78","1","Spray.Bike 463 Metal Plating Pewter Silver u Cosmos Lac katalogu. Proverite namenu i pošaljite upit Carsystem i R-M timu.","121","1","http://localhost:3000/proizvodi/cosmos-lac-spray-bike-463-400-ml-spray-bike-frame-builder-s-463-metal-plating-pewter-silver","200","false","Cosmos Lac Spray.Bike 463 Metal Plating Pewter Silver","1","H1:Cosmos Lac Spray.Bike 463 Metal Plating Pewter Silver | H2:Dostupne boje | H2:Treba vam savet pri izboru proizvoda? | H2:Katalog | H2:Brendovi | H2:Podrška | H2:Kontakt","sr-Latn","Cosmos Lac Spray.Bike 463 Metal Plating Pewter Silver | Carsystem i R-M Inđija","Spray.Bike 463 Metal Plating Pewter Silver u Cosmos Lac katalogu. Proverite namenu i pošaljite upit Carsystem i R-M timu.","","summary","Cosmos Lac Spray.Bike 463 Metal Plating Pewter Silver | Carsystem i R-M Inđija","Spray.Bike 463 Metal Plating Pewter Silver u Cosmos Lac katalogu. Proverite namenu i pošaljite upit Carsystem i R-M timu.","","Brand | BreadcrumbList | ListItem | Product","true","122","1","","90","0","90","true","false"
"/proizvodi/cosmos-lac-spray-bike-601-400-ml-spray-bike-keirin-collection-601-keirin-flake-gold","200","true","","Cosmos Lac Spray.Bike 601 Keirin Flake Gold | Carsystem i R-M Inđija","68","1","Spray.Bike 601 Keirin Flake Gold u Cosmos Lac katalogu. Proverite namenu i pošaljite upit Carsystem i R-M timu.","111","1","http://localhost:3000/proizvodi/cosmos-lac-spray-bike-601-400-ml-spray-bike-keirin-collection-601-keirin-flake-gold","200","false","Cosmos Lac Spray.Bike 601 Keirin Flake Gold","1","H1:Cosmos Lac Spray.Bike 601 Keirin Flake Gold | H2:Dostupne boje | H2:Treba vam savet pri izboru proizvoda? | H2:Katalog | H2:Brendovi | H2:Podrška | H2:Kontakt","sr-Latn","Cosmos Lac Spray.Bike 601 Keirin Flake Gold | Carsystem i R-M Inđija","Spray.Bike 601 Keirin Flake Gold u Cosmos Lac katalogu. Proverite namenu i pošaljite upit Carsystem i R-M timu.","","summary","Cosmos Lac Spray.Bike 601 Keirin Flake Gold | Carsystem i R-M Inđija","Spray.Bike 601 Keirin Flake Gold u Cosmos Lac katalogu. Proverite namenu i pošaljite upit Carsystem i R-M timu.","","Brand | BreadcrumbList | ListItem | Product","true","122","1","","90","0","90","true","false"
"/proizvodi/cosmos-lac-spray-bike-602-400-ml-spray-bike-keirin-collection-602-keirin-flake-silver","200","true","","Cosmos Lac Spray.Bike 602 Keirin Flake Silver | Carsystem i R-M Inđija","70","1","Spray.Bike 602 Keirin Flake Silver u Cosmos Lac katalogu. Proverite namenu i pošaljite upit Carsystem i R-M timu.","113","1","http://localhost:3000/proizvodi/cosmos-lac-spray-bike-602-400-ml-spray-bike-keirin-collection-602-keirin-flake-silver","200","false","Cosmos Lac Spray.Bike 602 Keirin Flake Silver","1","H1:Cosmos Lac Spray.Bike 602 Keirin Flake Silver | H2:Dostupne boje | H2:Treba vam savet pri izboru proizvoda? | H2:Katalog | H2:Brendovi | H2:Podrška | H2:Kontakt","sr-Latn","Cosmos Lac Spray.Bike 602 Keirin Flake Silver | Carsystem i R-M Inđija","Spray.Bike 602 Keirin Flake Silver u Cosmos Lac katalogu. Proverite namenu i pošaljite upit Carsystem i R-M timu.","","summary","Cosmos Lac Spray.Bike 602 Keirin Flake Silver | Carsystem i R-M Inđija","Spray.Bike 602 Keirin Flake Silver u Cosmos Lac katalogu. Proverite namenu i pošaljite upit Carsystem i R-M timu.","","Brand | BreadcrumbList | ListItem | Product","true","122","1","","90","0","90","true","false"
"/proizvodi/cosmos-lac-spray-bike-603-400-ml-spray-bike-keirin-collection-603-keirin-flake-red","200","true","","Cosmos Lac Spray.Bike 603 Keirin Flake Red | Carsystem i R-M Inđija","67","1","Spray.Bike 603 Keirin Flake Red u Cosmos Lac katalogu. Proverite namenu i pošaljite upit Carsystem i R-M timu.","110","1","http://localhost:3000/proizvodi/cosmos-lac-spray-bike-603-400-ml-spray-bike-keirin-collection-603-keirin-flake-red","200","false","Cosmos Lac Spray.Bike 603 Keirin Flake Red","1","H1:Cosmos Lac Spray.Bike 603 Keirin Flake Red | H2:Dostupne boje | H2:Treba vam savet pri izboru proizvoda? | H2:Katalog | H2:Brendovi | H2:Podrška | H2:Kontakt","sr-Latn","Cosmos Lac Spray.Bike 603 Keirin Flake Red | Carsystem i R-M Inđija","Spray.Bike 603 Keirin Flake Red u Cosmos Lac katalogu. Proverite namenu i pošaljite upit Carsystem i R-M timu.","","summary","Cosmos Lac Spray.Bike 603 Keirin Flake Red | Carsystem i R-M Inđija","Spray.Bike 603 Keirin Flake Red u Cosmos Lac katalogu. Proverite namenu i pošaljite upit Carsystem i R-M timu.","","Brand | BreadcrumbList | ListItem | Product","true","122","1","","90","0","90","true","false"
"/proizvodi/cosmos-lac-spray-bike-604-400-ml-spray-bike-keirin-collection-604-keirin-flake-blue","200","true","","Cosmos Lac Spray.Bike 604 Keirin Flake Blue | Carsystem i R-M Inđija","68","1","Spray.Bike 604 Keirin Flake Blue u Cosmos Lac katalogu. Proverite namenu i pošaljite upit Carsystem i R-M timu.","111","1","http://localhost:3000/proizvodi/cosmos-lac-spray-bike-604-400-ml-spray-bike-keirin-collection-604-keirin-flake-blue","200","false","Cosmos Lac Spray.Bike 604 Keirin Flake Blue","1","H1:Cosmos Lac Spray.Bike 604 Keirin Flake Blue | H2:Dostupne boje | H2:Treba vam savet pri izboru proizvoda? | H2:Katalog | H2:Brendovi | H2:Podrška | H2:Kontakt","sr-Latn","Cosmos Lac Spray.Bike 604 Keirin Flake Blue | Carsystem i R-M Inđija","Spray.Bike 604 Keirin Flake Blue u Cosmos Lac katalogu. Proverite namenu i pošaljite upit Carsystem i R-M timu.","","summary","Cosmos Lac Spray.Bike 604 Keirin Flake Blue | Carsystem i R-M Inđija","Spray.Bike 604 Keirin Flake Blue u Cosmos Lac katalogu. Proverite namenu i pošaljite upit Carsystem i R-M timu.","","Brand | BreadcrumbList | ListItem | Product","true","122","1","","90","0","90","true","false"
"/proizvodi/cosmos-lac-spray-bike-605-400-ml-spray-bike-keirin-collection-605-keirin-flake-green","200","true","","Cosmos Lac Spray.Bike 605 Keirin Flake Green | Carsystem i R-M Inđija","69","1","Spray.Bike 605 Keirin Flake Green u Cosmos Lac katalogu. Proverite namenu i pošaljite upit Carsystem i R-M timu.","112","1","http://localhost:3000/proizvodi/cosmos-lac-spray-bike-605-400-ml-spray-bike-keirin-collection-605-keirin-flake-green","200","false","Cosmos Lac Spray.Bike 605 Keirin Flake Green","1","H1:Cosmos Lac Spray.Bike 605 Keirin Flake Green | H2:Dostupne boje | H2:Treba vam savet pri izboru proizvoda? | H2:Katalog | H2:Brendovi | H2:Podrška | H2:Kontakt","sr-Latn","Cosmos Lac Spray.Bike 605 Keirin Flake Green | Carsystem i R-M Inđija","Spray.Bike 605 Keirin Flake Green u Cosmos Lac katalogu. Proverite namenu i pošaljite upit Carsystem i R-M timu.","","summary","Cosmos Lac Spray.Bike 605 Keirin Flake Green | Carsystem i R-M Inđija","Spray.Bike 605 Keirin Flake Green u Cosmos Lac katalogu. Proverite namenu i pošaljite upit Carsystem i R-M timu.","","Brand | BreadcrumbList | ListItem | Product","true","122","1","","90","0","90","true","false"
"/proizvodi/cosmos-lac-spray-bike-606-400-ml-spray-bike-keirin-collection-606-keirin-flake-multi","200","true","","Cosmos Lac Spray.Bike 606 Keirin Flake Multi | Carsystem i R-M Inđija","69","1","Spray.Bike 606 Keirin Flake Multi u Cosmos Lac katalogu. Proverite namenu i pošaljite upit Carsystem i R-M timu.","112","1","http://localhost:3000/proizvodi/cosmos-lac-spray-bike-606-400-ml-spray-bike-keirin-collection-606-keirin-flake-multi","200","false","Cosmos Lac Spray.Bike 606 Keirin Flake Multi","1","H1:Cosmos Lac Spray.Bike 606 Keirin Flake Multi | H2:Dostupne boje | H2:Treba vam savet pri izboru proizvoda? | H2:Katalog | H2:Brendovi | H2:Podrška | H2:Kontakt","sr-Latn","Cosmos Lac Spray.Bike 606 Keirin Flake Multi | Carsystem i R-M Inđija","Spray.Bike 606 Keirin Flake Multi u Cosmos Lac katalogu. Proverite namenu i pošaljite upit Carsystem i R-M timu.","","summary","Cosmos Lac Spray.Bike 606 Keirin Flake Multi | Carsystem i R-M Inđija","Spray.Bike 606 Keirin Flake Multi u Cosmos Lac katalogu. Proverite namenu i pošaljite upit Carsystem i R-M timu.","","Brand | BreadcrumbList | ListItem | Product","true","122","1","","90","0","90","true","false"
"/proizvodi/cosmos-lac-varnishes-370-providna-400-ml-metal-varnish-370-transparent","200","true","","Cosmos Lac Varnishes 370 Transparent — providna | Carsystem i R-M Inđija","72","1","Varnishes 370 Transparent providna u Cosmos Lac katalogu. Proverite namenu i pošaljite upit Carsystem i R-M timu.","113","1","http://localhost:3000/proizvodi/cosmos-lac-varnishes-370-providna-400-ml-metal-varnish-370-transparent","200","false","Cosmos Lac Varnishes 370 Transparent — providna","1","H1:Cosmos Lac Varnishes 370 Transparent — providna | H2:Dostupne boje | H2:Treba vam savet pri izboru proizvoda? | H2:Katalog | H2:Brendovi | H2:Podrška | H2:Kontakt","sr-Latn","Cosmos Lac Varnishes 370 Transparent — providna | Carsystem i R-M Inđija","Varnishes 370 Transparent providna u Cosmos Lac katalogu. Proverite namenu i pošaljite upit Carsystem i R-M timu.","","summary","Cosmos Lac Varnishes 370 Transparent — providna | Carsystem i R-M Inđija","Varnishes 370 Transparent providna u Cosmos Lac katalogu. Proverite namenu i pošaljite upit Carsystem i R-M timu.","","Brand | BreadcrumbList | ListItem | Product","true","39","1","","7","0","7","true","false"
"/proizvodi/cosmos-lac-varnishes-601-400-ml-tinted-wood-varnish-601-mahogany","200","true","","Cosmos Lac Varnishes 601 Mahogany | Carsystem i R-M Inđija","58","1","Varnishes 601 Mahogany u Cosmos Lac katalogu. Proverite namenu i pošaljite upit Carsystem i R-M timu.","101","1","http://localhost:3000/proizvodi/cosmos-lac-varnishes-601-400-ml-tinted-wood-varnish-601-mahogany","200","false","Cosmos Lac Varnishes 601 Mahogany","1","H1:Cosmos Lac Varnishes 601 Mahogany | H2:Dostupne boje | H2:Treba vam savet pri izboru proizvoda? | H2:Katalog | H2:Brendovi | H2:Podrška | H2:Kontakt","sr-Latn","Cosmos Lac Varnishes 601 Mahogany | Carsystem i R-M Inđija","Varnishes 601 Mahogany u Cosmos Lac katalogu. Proverite namenu i pošaljite upit Carsystem i R-M timu.","","summary","Cosmos Lac Varnishes 601 Mahogany | Carsystem i R-M Inđija","Varnishes 601 Mahogany u Cosmos Lac katalogu. Proverite namenu i pošaljite upit Carsystem i R-M timu.","","Brand | BreadcrumbList | ListItem | Product","true","39","1","","7","0","7","true","false"
"/proizvodi/cosmos-lac-varnishes-603-400-ml-tinted-wood-varnish-603-walnut","200","true","","Cosmos Lac Varnishes 603 Walnut | Carsystem i R-M Inđija","56","1","Varnishes 603 Walnut u Cosmos Lac katalogu. Proverite namenu i pošaljite upit Carsystem i R-M timu.","99","1","http://localhost:3000/proizvodi/cosmos-lac-varnishes-603-400-ml-tinted-wood-varnish-603-walnut","200","false","Cosmos Lac Varnishes 603 Walnut","1","H1:Cosmos Lac Varnishes 603 Walnut | H2:Dostupne boje | H2:Treba vam savet pri izboru proizvoda? | H2:Katalog | H2:Brendovi | H2:Podrška | H2:Kontakt","sr-Latn","Cosmos Lac Varnishes 603 Walnut | Carsystem i R-M Inđija","Varnishes 603 Walnut u Cosmos Lac katalogu. Proverite namenu i pošaljite upit Carsystem i R-M timu.","","summary","Cosmos Lac Varnishes 603 Walnut | Carsystem i R-M Inđija","Varnishes 603 Walnut u Cosmos Lac katalogu. Proverite namenu i pošaljite upit Carsystem i R-M timu.","","Brand | BreadcrumbList | ListItem | Product","true","39","1","","7","0","7","true","false"
"/proizvodi/cosmos-lac-varnishes-604-400-ml-tinted-wood-varnish-604-oak","200","true","","Cosmos Lac Varnishes 604 Oak | Carsystem i R-M Inđija","53","1","Varnishes 604 Oak u Cosmos Lac katalogu. Proverite namenu i pošaljite upit Carsystem i R-M timu.","96","1","http://localhost:3000/proizvodi/cosmos-lac-varnishes-604-400-ml-tinted-wood-varnish-604-oak","200","false","Cosmos Lac Varnishes 604 Oak","1","H1:Cosmos Lac Varnishes 604 Oak | H2:Dostupne boje | H2:Treba vam savet pri izboru proizvoda? | H2:Katalog | H2:Brendovi | H2:Podrška | H2:Kontakt","sr-Latn","Cosmos Lac Varnishes 604 Oak | Carsystem i R-M Inđija","Varnishes 604 Oak u Cosmos Lac katalogu. Proverite namenu i pošaljite upit Carsystem i R-M timu.","","summary","Cosmos Lac Varnishes 604 Oak | Carsystem i R-M Inđija","Varnishes 604 Oak u Cosmos Lac katalogu. Proverite namenu i pošaljite upit Carsystem i R-M timu.","","Brand | BreadcrumbList | ListItem | Product","true","39","1","","7","0","7","true","false"
"/proizvodi/cosmos-lac-varnishes-607-400-ml-tinted-wood-varnish-607-teak","200","true","","Cosmos Lac Varnishes 607 Teak | Carsystem i R-M Inđija","54","1","Varnishes 607 Teak u Cosmos Lac katalogu. Proverite namenu i pošaljite upit Carsystem i R-M timu.","97","1","http://localhost:3000/proizvodi/cosmos-lac-varnishes-607-400-ml-tinted-wood-varnish-607-teak","200","false","Cosmos Lac Varnishes 607 Teak","1","H1:Cosmos Lac Varnishes 607 Teak | H2:Dostupne boje | H2:Treba vam savet pri izboru proizvoda? | H2:Katalog | H2:Brendovi | H2:Podrška | H2:Kontakt","sr-Latn","Cosmos Lac Varnishes 607 Teak | Carsystem i R-M Inđija","Varnishes 607 Teak u Cosmos Lac katalogu. Proverite namenu i pošaljite upit Carsystem i R-M timu.","","summary","Cosmos Lac Varnishes 607 Teak | Carsystem i R-M Inđija","Varnishes 607 Teak u Cosmos Lac katalogu. Proverite namenu i pošaljite upit Carsystem i R-M timu.","","Brand | BreadcrumbList | ListItem | Product","true","39","1","","7","0","7","true","false"
"/proizvodi/cosmos-lac-w-wood-care-cl-610-mat-w-water-based-varnish-610-matt","200","true","","Cosmos Lac W Wood Care Varnish CL 610 — mat | Carsystem i R-M Inđija","68","1","W Wood Care CL-610 mat u Cosmos Lac katalogu. Proverite namenu i pošaljite upit Carsystem i R-M timu.","101","1","http://localhost:3000/proizvodi/cosmos-lac-w-wood-care-cl-610-mat-w-water-based-varnish-610-matt","200","false","Cosmos Lac W Wood Care Varnish CL 610 — mat","1","H1:Cosmos Lac W Wood Care Varnish CL 610 — mat | H2:Dostupne boje | H2:Treba vam savet pri izboru proizvoda? | H2:Katalog | H2:Brendovi | H2:Podrška | H2:Kontakt","sr-Latn","Cosmos Lac W Wood Care Varnish CL 610 — mat | Carsystem i R-M Inđija","W Wood Care CL-610 mat u Cosmos Lac katalogu. Proverite namenu i pošaljite upit Carsystem i R-M timu.","","summary","Cosmos Lac W Wood Care Varnish CL 610 — mat | Carsystem i R-M Inđija","W Wood Care CL-610 mat u Cosmos Lac katalogu. Proverite namenu i pošaljite upit Carsystem i R-M timu.","","Brand | BreadcrumbList | ListItem | Product","true","42","1","","10","0","10","true","false"
"/proizvodi/cosmos-lac-w-wood-care-cl-611-saten-w-water-based-varnish-611-satin","200","true","","Cosmos Lac W Wood Care Varnish CL 611 — saten | Carsystem i R-M Inđija","70","1","W Wood Care CL-611 saten u Cosmos Lac katalogu. Proverite namenu i pošaljite upit Carsystem i R-M timu.","103","1","http://localhost:3000/proizvodi/cosmos-lac-w-wood-care-cl-611-saten-w-water-based-varnish-611-satin","200","false","Cosmos Lac W Wood Care Varnish CL 611 — saten","1","H1:Cosmos Lac W Wood Care Varnish CL 611 — saten | H2:Dostupne boje | H2:Treba vam savet pri izboru proizvoda? | H2:Katalog | H2:Brendovi | H2:Podrška | H2:Kontakt","sr-Latn","Cosmos Lac W Wood Care Varnish CL 611 — saten | Carsystem i R-M Inđija","W Wood Care CL-611 saten u Cosmos Lac katalogu. Proverite namenu i pošaljite upit Carsystem i R-M timu.","","summary","Cosmos Lac W Wood Care Varnish CL 611 — saten | Carsystem i R-M Inđija","W Wood Care CL-611 saten u Cosmos Lac katalogu. Proverite namenu i pošaljite upit Carsystem i R-M timu.","","Brand | BreadcrumbList | ListItem | Product","true","42","1","","10","0","10","true","false"
"/proizvodi/cosmos-lac-w-wood-care-sjaj-w-wood-impregnating-varnish-transparent-gloss","200","true","","Cosmos Lac W Wood Care Varnish — sjaj | Carsystem i R-M Inđija","62","1","W Wood Care sjaj u Cosmos Lac katalogu. Proverite namenu i pošaljite upit Carsystem i R-M timu.","95","1","http://localhost:3000/proizvodi/cosmos-lac-w-wood-care-sjaj-w-wood-impregnating-varnish-transparent-gloss","200","false","Cosmos Lac W Wood Care Varnish — sjaj","1","H1:Cosmos Lac W Wood Care Varnish — sjaj | H2:Dostupne boje | H2:Treba vam savet pri izboru proizvoda? | H2:Katalog | H2:Brendovi | H2:Podrška | H2:Kontakt","sr-Latn","Cosmos Lac W Wood Care Varnish — sjaj | Carsystem i R-M Inđija","W Wood Care sjaj u Cosmos Lac katalogu. Proverite namenu i pošaljite upit Carsystem i R-M timu.","","summary","Cosmos Lac W Wood Care Varnish — sjaj | Carsystem i R-M Inđija","W Wood Care sjaj u Cosmos Lac katalogu. Proverite namenu i pošaljite upit Carsystem i R-M timu.","","Brand | BreadcrumbList | ListItem | Product","true","42","1","","10","0","10","true","false"
"/proizvodi/cosmos-lac-w-wood-care-w-wood-impregnating-varnish-chestnut","200","true","","Cosmos Lac W Wood Care Varnish Chestnut | Carsystem i R-M Inđija","64","1","W Wood Care Chestnut u Cosmos Lac katalogu. Proverite namenu i pošaljite upit Carsystem i R-M timu.","99","1","http://localhost:3000/proizvodi/cosmos-lac-w-wood-care-w-wood-impregnating-varnish-chestnut","200","false","Cosmos Lac W Wood Care Varnish Chestnut","1","H1:Cosmos Lac W Wood Care Varnish Chestnut | H2:Dostupne boje | H2:Treba vam savet pri izboru proizvoda? | H2:Katalog | H2:Brendovi | H2:Podrška | H2:Kontakt","sr-Latn","Cosmos Lac W Wood Care Varnish Chestnut | Carsystem i R-M Inđija","W Wood Care Chestnut u Cosmos Lac katalogu. Proverite namenu i pošaljite upit Carsystem i R-M timu.","","summary","Cosmos Lac W Wood Care Varnish Chestnut | Carsystem i R-M Inđija","W Wood Care Chestnut u Cosmos Lac katalogu. Proverite namenu i pošaljite upit Carsystem i R-M timu.","","Brand | BreadcrumbList | ListItem | Product","true","42","1","","10","0","10","true","false"
"/proizvodi/cosmos-lac-w-wood-care-w-wood-impregnating-varnish-green","200","true","","Cosmos Lac W Wood Care Varnish Green | Carsystem i R-M Inđija","61","1","W Wood Care Green u Cosmos Lac katalogu. Proverite namenu i pošaljite upit Carsystem i R-M timu.","96","1","http://localhost:3000/proizvodi/cosmos-lac-w-wood-care-w-wood-impregnating-varnish-green","200","false","Cosmos Lac W Wood Care Varnish Green","1","H1:Cosmos Lac W Wood Care Varnish Green | H2:Dostupne boje | H2:Treba vam savet pri izboru proizvoda? | H2:Katalog | H2:Brendovi | H2:Podrška | H2:Kontakt","sr-Latn","Cosmos Lac W Wood Care Varnish Green | Carsystem i R-M Inđija","W Wood Care Green u Cosmos Lac katalogu. Proverite namenu i pošaljite upit Carsystem i R-M timu.","","summary","Cosmos Lac W Wood Care Varnish Green | Carsystem i R-M Inđija","W Wood Care Green u Cosmos Lac katalogu. Proverite namenu i pošaljite upit Carsystem i R-M timu.","","Brand | BreadcrumbList | ListItem | Product","true","42","1","","10","0","10","true","false"
"/proizvodi/cosmos-lac-w-wood-care-w-wood-impregnating-varnish-pine","200","true","","Cosmos Lac W Wood Care Varnish Pine | Carsystem i R-M Inđija","60","1","W Wood Care Pine u Cosmos Lac katalogu. Proverite namenu i pošaljite upit Carsystem i R-M timu.","95","1","http://localhost:3000/proizvodi/cosmos-lac-w-wood-care-w-wood-impregnating-varnish-pine","200","false","Cosmos Lac W Wood Care Varnish Pine","1","H1:Cosmos Lac W Wood Care Varnish Pine | H2:Dostupne boje | H2:Treba vam savet pri izboru proizvoda? | H2:Katalog | H2:Brendovi | H2:Podrška | H2:Kontakt","sr-Latn","Cosmos Lac W Wood Care Varnish Pine | Carsystem i R-M Inđija","W Wood Care Pine u Cosmos Lac katalogu. Proverite namenu i pošaljite upit Carsystem i R-M timu.","","summary","Cosmos Lac W Wood Care Varnish Pine | Carsystem i R-M Inđija","W Wood Care Pine u Cosmos Lac katalogu. Proverite namenu i pošaljite upit Carsystem i R-M timu.","","Brand | BreadcrumbList | ListItem | Product","true","42","1","","10","0","10","true","false"
"/proizvodi/cosmos-lac-w-wood-care-w-wood-impregnating-varnish-rosewood","200","true","","Cosmos Lac W Wood Care Varnish Rosewood | Carsystem i R-M Inđija","64","1","W Wood Care Rosewood u Cosmos Lac katalogu. Proverite namenu i pošaljite upit Carsystem i R-M timu.","99","1","http://localhost:3000/proizvodi/cosmos-lac-w-wood-care-w-wood-impregnating-varnish-rosewood","200","false","Cosmos Lac W Wood Care Varnish Rosewood","1","H1:Cosmos Lac W Wood Care Varnish Rosewood | H2:Dostupne boje | H2:Treba vam savet pri izboru proizvoda? | H2:Katalog | H2:Brendovi | H2:Podrška | H2:Kontakt","sr-Latn","Cosmos Lac W Wood Care Varnish Rosewood | Carsystem i R-M Inđija","W Wood Care Rosewood u Cosmos Lac katalogu. Proverite namenu i pošaljite upit Carsystem i R-M timu.","","summary","Cosmos Lac W Wood Care Varnish Rosewood | Carsystem i R-M Inđija","W Wood Care Rosewood u Cosmos Lac katalogu. Proverite namenu i pošaljite upit Carsystem i R-M timu.","","Brand | BreadcrumbList | ListItem | Product","true","42","1","","10","0","10","true","false"
"/proizvodi/cosmos-lac-w-wood-care-w-wood-impregnating-varnish-walnut","200","true","","Cosmos Lac W Wood Care Varnish Walnut | Carsystem i R-M Inđija","62","1","W Wood Care Walnut u Cosmos Lac katalogu. Proverite namenu i pošaljite upit Carsystem i R-M timu.","97","1","http://localhost:3000/proizvodi/cosmos-lac-w-wood-care-w-wood-impregnating-varnish-walnut","200","false","Cosmos Lac W Wood Care Varnish Walnut","1","H1:Cosmos Lac W Wood Care Varnish Walnut | H2:Dostupne boje | H2:Treba vam savet pri izboru proizvoda? | H2:Katalog | H2:Brendovi | H2:Podrška | H2:Kontakt","sr-Latn","Cosmos Lac W Wood Care Varnish Walnut | Carsystem i R-M Inđija","W Wood Care Walnut u Cosmos Lac katalogu. Proverite namenu i pošaljite upit Carsystem i R-M timu.","","summary","Cosmos Lac W Wood Care Varnish Walnut | Carsystem i R-M Inđija","W Wood Care Walnut u Cosmos Lac katalogu. Proverite namenu i pošaljite upit Carsystem i R-M timu.","","Brand | BreadcrumbList | ListItem | Product","true","42","1","","10","0","10","true","false"
"/proizvodi/cosmos-lac-wheel-rim-229-mat-400-ml-wheel-rim-229-deluxe-silver-matte","200","true","","Cosmos Lac Wheel Rim 229 Deluxe Silver — mat | Carsystem i R-M Inđija","69","1","Wheel Rim 229 Deluxe Silver mat u Cosmos Lac katalogu. Proverite namenu i pošaljite upit Carsystem i R-M timu.","110","1","http://localhost:3000/proizvodi/cosmos-lac-wheel-rim-229-mat-400-ml-wheel-rim-229-deluxe-silver-matte","200","false","Cosmos Lac Wheel Rim 229 Deluxe Silver — mat","1","H1:Cosmos Lac Wheel Rim 229 Deluxe Silver — mat | H2:Dostupne boje | H2:Treba vam savet pri izboru proizvoda? | H2:Katalog | H2:Brendovi | H2:Podrška | H2:Kontakt","sr-Latn","Cosmos Lac Wheel Rim 229 Deluxe Silver — mat | Carsystem i R-M Inđija","Wheel Rim 229 Deluxe Silver mat u Cosmos Lac katalogu. Proverite namenu i pošaljite upit Carsystem i R-M timu.","","summary","Cosmos Lac Wheel Rim 229 Deluxe Silver — mat | Carsystem i R-M Inđija","Wheel Rim 229 Deluxe Silver mat u Cosmos Lac katalogu. Proverite namenu i pošaljite upit Carsystem i R-M timu.","","Brand | BreadcrumbList | ListItem | Product","true","38","1","","6","0","6","true","false"
"/proizvodi/cosmos-lac-wheel-rim-326-400-ml-wheel-rim-326-aluminium","200","true","","Cosmos Lac Wheel Rim 326 Aluminium | Carsystem i R-M Inđija","59","1","Wheel Rim 326 Aluminium u Cosmos Lac katalogu. Proverite namenu i pošaljite upit Carsystem i R-M timu.","102","1","http://localhost:3000/proizvodi/cosmos-lac-wheel-rim-326-400-ml-wheel-rim-326-aluminium","200","false","Cosmos Lac Wheel Rim 326 Aluminium","1","H1:Cosmos Lac Wheel Rim 326 Aluminium | H2:Dostupne boje | H2:Treba vam savet pri izboru proizvoda? | H2:Katalog | H2:Brendovi | H2:Podrška | H2:Kontakt","sr-Latn","Cosmos Lac Wheel Rim 326 Aluminium | Carsystem i R-M Inđija","Wheel Rim 326 Aluminium u Cosmos Lac katalogu. Proverite namenu i pošaljite upit Carsystem i R-M timu.","","summary","Cosmos Lac Wheel Rim 326 Aluminium | Carsystem i R-M Inđija","Wheel Rim 326 Aluminium u Cosmos Lac katalogu. Proverite namenu i pošaljite upit Carsystem i R-M timu.","","Brand | BreadcrumbList | ListItem | Product","true","38","1","","6","0","6","true","false"
"/proizvodi/cosmos-lac-wheel-rim-327-400-ml-wheel-rim-327-black-diamond","200","true","","Cosmos Lac Wheel Rim 327 Black Diamond | Carsystem i R-M Inđija","63","1","Wheel Rim 327 Black Diamond u Cosmos Lac katalogu. Proverite namenu i pošaljite upit Carsystem i R-M timu.","106","1","http://localhost:3000/proizvodi/cosmos-lac-wheel-rim-327-400-ml-wheel-rim-327-black-diamond","200","false","Cosmos Lac Wheel Rim 327 Black Diamond","1","H1:Cosmos Lac Wheel Rim 327 Black Diamond | H2:Dostupne boje | H2:Treba vam savet pri izboru proizvoda? | H2:Katalog | H2:Brendovi | H2:Podrška | H2:Kontakt","sr-Latn","Cosmos Lac Wheel Rim 327 Black Diamond | Carsystem i R-M Inđija","Wheel Rim 327 Black Diamond u Cosmos Lac katalogu. Proverite namenu i pošaljite upit Carsystem i R-M timu.","","summary","Cosmos Lac Wheel Rim 327 Black Diamond | Carsystem i R-M Inđija","Wheel Rim 327 Black Diamond u Cosmos Lac katalogu. Proverite namenu i pošaljite upit Carsystem i R-M timu.","","Brand | BreadcrumbList | ListItem | Product","true","38","1","","6","0","6","true","false"
"/proizvodi/cosmos-lac-wheel-rim-328-400-ml-wheel-rim-328-silver-diamond","200","true","","Cosmos Lac Wheel Rim 328 Silver Diamond | Carsystem i R-M Inđija","64","1","Wheel Rim 328 Silver Diamond u Cosmos Lac katalogu. Proverite namenu i pošaljite upit Carsystem i R-M timu.","107","1","http://localhost:3000/proizvodi/cosmos-lac-wheel-rim-328-400-ml-wheel-rim-328-silver-diamond","200","false","Cosmos Lac Wheel Rim 328 Silver Diamond","1","H1:Cosmos Lac Wheel Rim 328 Silver Diamond | H2:Dostupne boje | H2:Treba vam savet pri izboru proizvoda? | H2:Katalog | H2:Brendovi | H2:Podrška | H2:Kontakt","sr-Latn","Cosmos Lac Wheel Rim 328 Silver Diamond | Carsystem i R-M Inđija","Wheel Rim 328 Silver Diamond u Cosmos Lac katalogu. Proverite namenu i pošaljite upit Carsystem i R-M timu.","","summary","Cosmos Lac Wheel Rim 328 Silver Diamond | Carsystem i R-M Inđija","Wheel Rim 328 Silver Diamond u Cosmos Lac katalogu. Proverite namenu i pošaljite upit Carsystem i R-M timu.","","Brand | BreadcrumbList | ListItem | Product","true","38","1","","6","0","6","true","false"
"/proizvodi/cosmos-lac-wood-putties-1-water-based-wood-putty-1-mahogany-light","200","true","","Cosmos Lac Wood Putties Water-Based Wood Putty 1 Mahogany Light | Carsystem i R-M Inđija","88","1","Wood Putties 1 Mahogany Light u Cosmos Lac katalogu. Proverite namenu i pošaljite upit Carsystem i R-M timu.","108","1","http://localhost:3000/proizvodi/cosmos-lac-wood-putties-1-water-based-wood-putty-1-mahogany-light","200","false","Cosmos Lac Wood Putties Water-Based Wood Putty 1 Mahogany Light","1","H1:Cosmos Lac Wood Putties Water-Based Wood Putty 1 Mahogany Light | H2:Dostupne boje | H2:Treba vam savet pri izboru proizvoda? | H2:Katalog | H2:Brendovi | H2:Podrška | H2:Kontakt","sr-Latn","Cosmos Lac Wood Putties Water-Based Wood Putty 1 Mahogany Light | Carsystem i R-M Inđija","Wood Putties 1 Mahogany Light u Cosmos Lac katalogu. Proverite namenu i pošaljite upit Carsystem i R-M timu.","","summary","Cosmos Lac Wood Putties Water-Based Wood Putty 1 Mahogany Light | Carsystem i R-M Inđija","Wood Putties 1 Mahogany Light u Cosmos Lac katalogu. Proverite namenu i pošaljite upit Carsystem i R-M timu.","","Brand | BreadcrumbList | ListItem | Product","true","52","1","","20","0","20","true","false"
"/proizvodi/cosmos-lac-wood-putties-10-water-based-wood-putty-10-natural","200","true","","Cosmos Lac Wood Putties Water-Based Wood Putty 10 Natural | Carsystem i R-M Inđija","82","1","Wood Putties 10 Natural u Cosmos Lac katalogu. Proverite namenu i pošaljite upit Carsystem i R-M timu.","102","1","http://localhost:3000/proizvodi/cosmos-lac-wood-putties-10-water-based-wood-putty-10-natural","200","false","Cosmos Lac Wood Putties Water-Based Wood Putty 10 Natural","1","H1:Cosmos Lac Wood Putties Water-Based Wood Putty 10 Natural | H2:Dostupne boje | H2:Treba vam savet pri izboru proizvoda? | H2:Katalog | H2:Brendovi | H2:Podrška | H2:Kontakt","sr-Latn","Cosmos Lac Wood Putties Water-Based Wood Putty 10 Natural | Carsystem i R-M Inđija","Wood Putties 10 Natural u Cosmos Lac katalogu. Proverite namenu i pošaljite upit Carsystem i R-M timu.","","summary","Cosmos Lac Wood Putties Water-Based Wood Putty 10 Natural | Carsystem i R-M Inđija","Wood Putties 10 Natural u Cosmos Lac katalogu. Proverite namenu i pošaljite upit Carsystem i R-M timu.","","Brand | BreadcrumbList | ListItem | Product","true","52","1","","20","0","20","true","false"
"/proizvodi/cosmos-lac-wood-putties-11-water-based-wood-putty-11-beech","200","true","","Cosmos Lac Wood Putties Water-Based Wood Putty 11 Beech | Carsystem i R-M Inđija","80","1","Wood Putties 11 Beech u Cosmos Lac katalogu. Proverite namenu i pošaljite upit Carsystem i R-M timu.","100","1","http://localhost:3000/proizvodi/cosmos-lac-wood-putties-11-water-based-wood-putty-11-beech","200","false","Cosmos Lac Wood Putties Water-Based Wood Putty 11 Beech","1","H1:Cosmos Lac Wood Putties Water-Based Wood Putty 11 Beech | H2:Dostupne boje | H2:Treba vam savet pri izboru proizvoda? | H2:Katalog | H2:Brendovi | H2:Podrška | H2:Kontakt","sr-Latn","Cosmos Lac Wood Putties Water-Based Wood Putty 11 Beech | Carsystem i R-M Inđija","Wood Putties 11 Beech u Cosmos Lac katalogu. Proverite namenu i pošaljite upit Carsystem i R-M timu.","","summary","Cosmos Lac Wood Putties Water-Based Wood Putty 11 Beech | Carsystem i R-M Inđija","Wood Putties 11 Beech u Cosmos Lac katalogu. Proverite namenu i pošaljite upit Carsystem i R-M timu.","","Brand | BreadcrumbList | ListItem | Product","true","52","1","","20","0","20","true","false"
"/proizvodi/cosmos-lac-wood-putties-12-water-based-wood-putty-12-white","200","true","","Cosmos Lac Wood Putties Water-Based Wood Putty 12 White | Carsystem i R-M Inđija","80","1","Wood Putties 12 White u Cosmos Lac katalogu. Proverite namenu i pošaljite upit Carsystem i R-M timu.","100","1","http://localhost:3000/proizvodi/cosmos-lac-wood-putties-12-water-based-wood-putty-12-white","200","false","Cosmos Lac Wood Putties Water-Based Wood Putty 12 White","1","H1:Cosmos Lac Wood Putties Water-Based Wood Putty 12 White | H2:Dostupne boje | H2:Treba vam savet pri izboru proizvoda? | H2:Katalog | H2:Brendovi | H2:Podrška | H2:Kontakt","sr-Latn","Cosmos Lac Wood Putties Water-Based Wood Putty 12 White | Carsystem i R-M Inđija","Wood Putties 12 White u Cosmos Lac katalogu. Proverite namenu i pošaljite upit Carsystem i R-M timu.","","summary","Cosmos Lac Wood Putties Water-Based Wood Putty 12 White | Carsystem i R-M Inđija","Wood Putties 12 White u Cosmos Lac katalogu. Proverite namenu i pošaljite upit Carsystem i R-M timu.","","Brand | BreadcrumbList | ListItem | Product","true","52","1","","20","0","20","true","false"
"/proizvodi/cosmos-lac-wood-putties-13-water-based-wood-putty-13-black","200","true","","Cosmos Lac Wood Putties Water-Based Wood Putty 13 Black | Carsystem i R-M Inđija","80","1","Wood Putties 13 Black u Cosmos Lac katalogu. Proverite namenu i pošaljite upit Carsystem i R-M timu.","100","1","http://localhost:3000/proizvodi/cosmos-lac-wood-putties-13-water-based-wood-putty-13-black","200","false","Cosmos Lac Wood Putties Water-Based Wood Putty 13 Black","1","H1:Cosmos Lac Wood Putties Water-Based Wood Putty 13 Black | H2:Dostupne boje | H2:Treba vam savet pri izboru proizvoda? | H2:Katalog | H2:Brendovi | H2:Podrška | H2:Kontakt","sr-Latn","Cosmos Lac Wood Putties Water-Based Wood Putty 13 Black | Carsystem i R-M Inđija","Wood Putties 13 Black u Cosmos Lac katalogu. Proverite namenu i pošaljite upit Carsystem i R-M timu.","","summary","Cosmos Lac Wood Putties Water-Based Wood Putty 13 Black | Carsystem i R-M Inđija","Wood Putties 13 Black u Cosmos Lac katalogu. Proverite namenu i pošaljite upit Carsystem i R-M timu.","","Brand | BreadcrumbList | ListItem | Product","true","52","1","","20","0","20","true","false"
"/proizvodi/cosmos-lac-wood-putties-14-water-based-wood-putty-14-grey","200","true","","Cosmos Lac Wood Putties Water-Based Wood Putty 14 Grey | Carsystem i R-M Inđija","79","1","Wood Putties 14 Grey u Cosmos Lac katalogu. Proverite namenu i pošaljite upit Carsystem i R-M timu.","99","1","http://localhost:3000/proizvodi/cosmos-lac-wood-putties-14-water-based-wood-putty-14-grey","200","false","Cosmos Lac Wood Putties Water-Based Wood Putty 14 Grey","1","H1:Cosmos Lac Wood Putties Water-Based Wood Putty 14 Grey | H2:Dostupne boje | H2:Treba vam savet pri izboru proizvoda? | H2:Katalog | H2:Brendovi | H2:Podrška | H2:Kontakt","sr-Latn","Cosmos Lac Wood Putties Water-Based Wood Putty 14 Grey | Carsystem i R-M Inđija","Wood Putties 14 Grey u Cosmos Lac katalogu. Proverite namenu i pošaljite upit Carsystem i R-M timu.","","summary","Cosmos Lac Wood Putties Water-Based Wood Putty 14 Grey | Carsystem i R-M Inđija","Wood Putties 14 Grey u Cosmos Lac katalogu. Proverite namenu i pošaljite upit Carsystem i R-M timu.","","Brand | BreadcrumbList | ListItem | Product","true","52","1","","20","0","20","true","false"
"/proizvodi/cosmos-lac-wood-putties-15-water-based-wood-putty-15-oak-dark","200","true","","Cosmos Lac Wood Putties Water-Based Wood Putty 15 Oak Dark | Carsystem i R-M Inđija","83","1","Wood Putties 15 Oak Dark u Cosmos Lac katalogu. Proverite namenu i pošaljite upit Carsystem i R-M timu.","103","1","http://localhost:3000/proizvodi/cosmos-lac-wood-putties-15-water-based-wood-putty-15-oak-dark","200","false","Cosmos Lac Wood Putties Water-Based Wood Putty 15 Oak Dark","1","H1:Cosmos Lac Wood Putties Water-Based Wood Putty 15 Oak Dark | H2:Dostupne boje | H2:Treba vam savet pri izboru proizvoda? | H2:Katalog | H2:Brendovi | H2:Podrška | H2:Kontakt","sr-Latn","Cosmos Lac Wood Putties Water-Based Wood Putty 15 Oak Dark | Carsystem i R-M Inđija","Wood Putties 15 Oak Dark u Cosmos Lac katalogu. Proverite namenu i pošaljite upit Carsystem i R-M timu.","","summary","Cosmos Lac Wood Putties Water-Based Wood Putty 15 Oak Dark | Carsystem i R-M Inđija","Wood Putties 15 Oak Dark u Cosmos Lac katalogu. Proverite namenu i pošaljite upit Carsystem i R-M timu.","","Brand | BreadcrumbList | ListItem | Product","true","52","1","","20","0","20","true","false"
"/proizvodi/cosmos-lac-wood-putties-16-water-based-wood-putty-16-teak","200","true","","Cosmos Lac Wood Putties Water-Based Wood Putty 16 Teak | Carsystem i R-M Inđija","79","1","Wood Putties 16 Teak u Cosmos Lac katalogu. Proverite namenu i pošaljite upit Carsystem i R-M timu.","99","1","http://localhost:3000/proizvodi/cosmos-lac-wood-putties-16-water-based-wood-putty-16-teak","200","false","Cosmos Lac Wood Putties Water-Based Wood Putty 16 Teak","1","H1:Cosmos Lac Wood Putties Water-Based Wood Putty 16 Teak | H2:Dostupne boje | H2:Treba vam savet pri izboru proizvoda? | H2:Katalog | H2:Brendovi | H2:Podrška | H2:Kontakt","sr-Latn","Cosmos Lac Wood Putties Water-Based Wood Putty 16 Teak | Carsystem i R-M Inđija","Wood Putties 16 Teak u Cosmos Lac katalogu. Proverite namenu i pošaljite upit Carsystem i R-M timu.","","summary","Cosmos Lac Wood Putties Water-Based Wood Putty 16 Teak | Carsystem i R-M Inđija","Wood Putties 16 Teak u Cosmos Lac katalogu. Proverite namenu i pošaljite upit Carsystem i R-M timu.","","Brand | BreadcrumbList | ListItem | Product","true","52","1","","20","0","20","true","false"
"/proizvodi/cosmos-lac-wood-putties-17-water-based-wood-putty-17-cherry","200","true","","Cosmos Lac Wood Putties Water-Based Wood Putty 17 Cherry | Carsystem i R-M Inđija","81","1","Wood Putties 17 Cherry u Cosmos Lac katalogu. Proverite namenu i pošaljite upit Carsystem i R-M timu.","101","1","http://localhost:3000/proizvodi/cosmos-lac-wood-putties-17-water-based-wood-putty-17-cherry","200","false","Cosmos Lac Wood Putties Water-Based Wood Putty 17 Cherry","1","H1:Cosmos Lac Wood Putties Water-Based Wood Putty 17 Cherry | H2:Dostupne boje | H2:Treba vam savet pri izboru proizvoda? | H2:Katalog | H2:Brendovi | H2:Podrška | H2:Kontakt","sr-Latn","Cosmos Lac Wood Putties Water-Based Wood Putty 17 Cherry | Carsystem i R-M Inđija","Wood Putties 17 Cherry u Cosmos Lac katalogu. Proverite namenu i pošaljite upit Carsystem i R-M timu.","","summary","Cosmos Lac Wood Putties Water-Based Wood Putty 17 Cherry | Carsystem i R-M Inđija","Wood Putties 17 Cherry u Cosmos Lac katalogu. Proverite namenu i pošaljite upit Carsystem i R-M timu.","","Brand | BreadcrumbList | ListItem | Product","true","52","1","","20","0","20","true","false"
"/proizvodi/cosmos-lac-wood-putties-18-water-based-wood-putty-18-cherry-light","200","true","","Cosmos Lac Wood Putties Water-Based Wood Putty 18 Cherry Light | Carsystem i R-M Inđija","87","1","Wood Putties 18 Cherry Light u Cosmos Lac katalogu. Proverite namenu i pošaljite upit Carsystem i R-M timu.","107","1","http://localhost:3000/proizvodi/cosmos-lac-wood-putties-18-water-based-wood-putty-18-cherry-light","200","false","Cosmos Lac Wood Putties Water-Based Wood Putty 18 Cherry Light","1","H1:Cosmos Lac Wood Putties Water-Based Wood Putty 18 Cherry Light | H2:Dostupne boje | H2:Treba vam savet pri izboru proizvoda? | H2:Katalog | H2:Brendovi | H2:Podrška | H2:Kontakt","sr-Latn","Cosmos Lac Wood Putties Water-Based Wood Putty 18 Cherry Light | Carsystem i R-M Inđija","Wood Putties 18 Cherry Light u Cosmos Lac katalogu. Proverite namenu i pošaljite upit Carsystem i R-M timu.","","summary","Cosmos Lac Wood Putties Water-Based Wood Putty 18 Cherry Light | Carsystem i R-M Inđija","Wood Putties 18 Cherry Light u Cosmos Lac katalogu. Proverite namenu i pošaljite upit Carsystem i R-M timu.","","Brand | BreadcrumbList | ListItem | Product","true","52","1","","20","0","20","true","false"
"/proizvodi/cosmos-lac-wood-putties-2-water-based-wood-putty-2-mahogany-dark","200","true","","Cosmos Lac Wood Putties Water-Based Wood Putty 2 Mahogany Dark | Carsystem i R-M Inđija","87","1","Wood Putties 2 Mahogany Dark u Cosmos Lac katalogu. Proverite namenu i pošaljite upit Carsystem i R-M timu.","107","1","http://localhost:3000/proizvodi/cosmos-lac-wood-putties-2-water-based-wood-putty-2-mahogany-dark","200","false","Cosmos Lac Wood Putties Water-Based Wood Putty 2 Mahogany Dark","1","H1:Cosmos Lac Wood Putties Water-Based Wood Putty 2 Mahogany Dark | H2:Dostupne boje | H2:Treba vam savet pri izboru proizvoda? | H2:Katalog | H2:Brendovi | H2:Podrška | H2:Kontakt","sr-Latn","Cosmos Lac Wood Putties Water-Based Wood Putty 2 Mahogany Dark | Carsystem i R-M Inđija","Wood Putties 2 Mahogany Dark u Cosmos Lac katalogu. Proverite namenu i pošaljite upit Carsystem i R-M timu.","","summary","Cosmos Lac Wood Putties Water-Based Wood Putty 2 Mahogany Dark | Carsystem i R-M Inđija","Wood Putties 2 Mahogany Dark u Cosmos Lac katalogu. Proverite namenu i pošaljite upit Carsystem i R-M timu.","","Brand | BreadcrumbList | ListItem | Product","true","52","1","","20","0","20","true","false"
"/proizvodi/cosmos-lac-wood-putties-3-water-based-wood-putty-3-walnut-light","200","true","","Cosmos Lac Wood Putties Water-Based Wood Putty 3 Walnut Light | Carsystem i R-M Inđija","86","1","Wood Putties 3 Walnut Light u Cosmos Lac katalogu. Proverite namenu i pošaljite upit Carsystem i R-M timu.","106","1","http://localhost:3000/proizvodi/cosmos-lac-wood-putties-3-water-based-wood-putty-3-walnut-light","200","false","Cosmos Lac Wood Putties Water-Based Wood Putty 3 Walnut Light","1","H1:Cosmos Lac Wood Putties Water-Based Wood Putty 3 Walnut Light | H2:Dostupne boje | H2:Treba vam savet pri izboru proizvoda? | H2:Katalog | H2:Brendovi | H2:Podrška | H2:Kontakt","sr-Latn","Cosmos Lac Wood Putties Water-Based Wood Putty 3 Walnut Light | Carsystem i R-M Inđija","Wood Putties 3 Walnut Light u Cosmos Lac katalogu. Proverite namenu i pošaljite upit Carsystem i R-M timu.","","summary","Cosmos Lac Wood Putties Water-Based Wood Putty 3 Walnut Light | Carsystem i R-M Inđija","Wood Putties 3 Walnut Light u Cosmos Lac katalogu. Proverite namenu i pošaljite upit Carsystem i R-M timu.","","Brand | BreadcrumbList | ListItem | Product","true","52","1","","20","0","20","true","false"
"/proizvodi/cosmos-lac-wood-putties-4-water-based-wood-putty-4-walnut-semi-dark","200","true","","Cosmos Lac Wood Putties Water-Based Wood Putty 4 Walnut Semi Dark | Carsystem i R-M Inđija","90","1","Wood Putties 4 Walnut Semi Dark u Cosmos Lac katalogu. Proverite namenu i pošaljite upit Carsystem i R-M timu.","110","1","http://localhost:3000/proizvodi/cosmos-lac-wood-putties-4-water-based-wood-putty-4-walnut-semi-dark","200","false","Cosmos Lac Wood Putties Water-Based Wood Putty 4 Walnut Semi Dark","1","H1:Cosmos Lac Wood Putties Water-Based Wood Putty 4 Walnut Semi Dark | H2:Dostupne boje | H2:Treba vam savet pri izboru proizvoda? | H2:Katalog | H2:Brendovi | H2:Podrška | H2:Kontakt","sr-Latn","Cosmos Lac Wood Putties Water-Based Wood Putty 4 Walnut Semi Dark | Carsystem i R-M Inđija","Wood Putties 4 Walnut Semi Dark u Cosmos Lac katalogu. Proverite namenu i pošaljite upit Carsystem i R-M timu.","","summary","Cosmos Lac Wood Putties Water-Based Wood Putty 4 Walnut Semi Dark | Carsystem i R-M Inđija","Wood Putties 4 Walnut Semi Dark u Cosmos Lac katalogu. Proverite namenu i pošaljite upit Carsystem i R-M timu.","","Brand | BreadcrumbList | ListItem | Product","true","52","1","","20","0","20","true","false"
"/proizvodi/cosmos-lac-wood-putties-5-water-based-wood-putty-5-walnut-dark","200","true","","Cosmos Lac Wood Putties Water-Based Wood Putty 5 Walnut Dark | Carsystem i R-M Inđija","85","1","Wood Putties 5 Walnut Dark u Cosmos Lac katalogu. Proverite namenu i pošaljite upit Carsystem i R-M timu.","105","1","http://localhost:3000/proizvodi/cosmos-lac-wood-putties-5-water-based-wood-putty-5-walnut-dark","200","false","Cosmos Lac Wood Putties Water-Based Wood Putty 5 Walnut Dark","1","H1:Cosmos Lac Wood Putties Water-Based Wood Putty 5 Walnut Dark | H2:Dostupne boje | H2:Treba vam savet pri izboru proizvoda? | H2:Katalog | H2:Brendovi | H2:Podrška | H2:Kontakt","sr-Latn","Cosmos Lac Wood Putties Water-Based Wood Putty 5 Walnut Dark | Carsystem i R-M Inđija","Wood Putties 5 Walnut Dark u Cosmos Lac katalogu. Proverite namenu i pošaljite upit Carsystem i R-M timu.","","summary","Cosmos Lac Wood Putties Water-Based Wood Putty 5 Walnut Dark | Carsystem i R-M Inđija","Wood Putties 5 Walnut Dark u Cosmos Lac katalogu. Proverite namenu i pošaljite upit Carsystem i R-M timu.","","Brand | BreadcrumbList | ListItem | Product","true","52","1","","20","0","20","true","false"
"/proizvodi/cosmos-lac-wood-putties-6-water-based-wood-putty-6-pine","200","true","","Cosmos Lac Wood Putties Water-Based Wood Putty 6 Pine | Carsystem i R-M Inđija","78","1","Wood Putties 6 Pine u Cosmos Lac katalogu. Proverite namenu i pošaljite upit Carsystem i R-M timu.","98","1","http://localhost:3000/proizvodi/cosmos-lac-wood-putties-6-water-based-wood-putty-6-pine","200","false","Cosmos Lac Wood Putties Water-Based Wood Putty 6 Pine","1","H1:Cosmos Lac Wood Putties Water-Based Wood Putty 6 Pine | H2:Dostupne boje | H2:Treba vam savet pri izboru proizvoda? | H2:Katalog | H2:Brendovi | H2:Podrška | H2:Kontakt","sr-Latn","Cosmos Lac Wood Putties Water-Based Wood Putty 6 Pine | Carsystem i R-M Inđija","Wood Putties 6 Pine u Cosmos Lac katalogu. Proverite namenu i pošaljite upit Carsystem i R-M timu.","","summary","Cosmos Lac Wood Putties Water-Based Wood Putty 6 Pine | Carsystem i R-M Inđija","Wood Putties 6 Pine u Cosmos Lac katalogu. Proverite namenu i pošaljite upit Carsystem i R-M timu.","","Brand | BreadcrumbList | ListItem | Product","true","52","1","","20","0","20","true","false"
"/proizvodi/cosmos-lac-wood-putties-7-water-based-wood-putty-7-maple-tree","200","true","","Cosmos Lac Wood Putties Water-Based Wood Putty 7 Maple Tree | Carsystem i R-M Inđija","84","1","Wood Putties 7 Maple Tree u Cosmos Lac katalogu. Proverite namenu i pošaljite upit Carsystem i R-M timu.","104","1","http://localhost:3000/proizvodi/cosmos-lac-wood-putties-7-water-based-wood-putty-7-maple-tree","200","false","Cosmos Lac Wood Putties Water-Based Wood Putty 7 Maple Tree","1","H1:Cosmos Lac Wood Putties Water-Based Wood Putty 7 Maple Tree | H2:Dostupne boje | H2:Treba vam savet pri izboru proizvoda? | H2:Katalog | H2:Brendovi | H2:Podrška | H2:Kontakt","sr-Latn","Cosmos Lac Wood Putties Water-Based Wood Putty 7 Maple Tree | Carsystem i R-M Inđija","Wood Putties 7 Maple Tree u Cosmos Lac katalogu. Proverite namenu i pošaljite upit Carsystem i R-M timu.","","summary","Cosmos Lac Wood Putties Water-Based Wood Putty 7 Maple Tree | Carsystem i R-M Inđija","Wood Putties 7 Maple Tree u Cosmos Lac katalogu. Proverite namenu i pošaljite upit Carsystem i R-M timu.","","Brand | BreadcrumbList | ListItem | Product","true","52","1","","20","0","20","true","false"
"/proizvodi/cosmos-lac-wood-putties-8-water-based-wood-putty-8-oregon","200","true","","Cosmos Lac Wood Putties Water-Based Wood Putty 8 Oregon | Carsystem i R-M Inđija","80","1","Wood Putties 8 Oregon u Cosmos Lac katalogu. Proverite namenu i pošaljite upit Carsystem i R-M timu.","100","1","http://localhost:3000/proizvodi/cosmos-lac-wood-putties-8-water-based-wood-putty-8-oregon","200","false","Cosmos Lac Wood Putties Water-Based Wood Putty 8 Oregon","1","H1:Cosmos Lac Wood Putties Water-Based Wood Putty 8 Oregon | H2:Dostupne boje | H2:Treba vam savet pri izboru proizvoda? | H2:Katalog | H2:Brendovi | H2:Podrška | H2:Kontakt","sr-Latn","Cosmos Lac Wood Putties Water-Based Wood Putty 8 Oregon | Carsystem i R-M Inđija","Wood Putties 8 Oregon u Cosmos Lac katalogu. Proverite namenu i pošaljite upit Carsystem i R-M timu.","","summary","Cosmos Lac Wood Putties Water-Based Wood Putty 8 Oregon | Carsystem i R-M Inđija","Wood Putties 8 Oregon u Cosmos Lac katalogu. Proverite namenu i pošaljite upit Carsystem i R-M timu.","","Brand | BreadcrumbList | ListItem | Product","true","52","1","","20","0","20","true","false"
"/proizvodi/cosmos-lac-wood-putties-9-water-based-wood-putty-9-oak","200","true","","Cosmos Lac Wood Putties Water-Based Wood Putty 9 Oak | Carsystem i R-M Inđija","77","1","Wood Putties 9 Oak u Cosmos Lac katalogu. Proverite namenu i pošaljite upit Carsystem i R-M timu.","97","1","http://localhost:3000/proizvodi/cosmos-lac-wood-putties-9-water-based-wood-putty-9-oak","200","false","Cosmos Lac Wood Putties Water-Based Wood Putty 9 Oak","1","H1:Cosmos Lac Wood Putties Water-Based Wood Putty 9 Oak | H2:Dostupne boje | H2:Treba vam savet pri izboru proizvoda? | H2:Katalog | H2:Brendovi | H2:Podrška | H2:Kontakt","sr-Latn","Cosmos Lac Wood Putties Water-Based Wood Putty 9 Oak | Carsystem i R-M Inđija","Wood Putties 9 Oak u Cosmos Lac katalogu. Proverite namenu i pošaljite upit Carsystem i R-M timu.","","summary","Cosmos Lac Wood Putties Water-Based Wood Putty 9 Oak | Carsystem i R-M Inđija","Wood Putties 9 Oak u Cosmos Lac katalogu. Proverite namenu i pošaljite upit Carsystem i R-M timu.","","Brand | BreadcrumbList | ListItem | Product","true","52","1","","20","0","20","true","false"
"/proizvodi/cosmos-lac-zinc-500-400-ml-zinc-maximum-500","200","true","","Cosmos Lac Zinc 500 Maximum 500 | Carsystem i R-M Inđija","56","1","Zinc 500 Maximum 500 u Cosmos Lac katalogu. Proverite namenu i pošaljite upit Carsystem i R-M timu.","99","1","http://localhost:3000/proizvodi/cosmos-lac-zinc-500-400-ml-zinc-maximum-500","200","false","Cosmos Lac Zinc 500 Maximum 500","1","H1:Cosmos Lac Zinc 500 Maximum 500 | H2:Dostupne boje | H2:Treba vam savet pri izboru proizvoda? | H2:Katalog | H2:Brendovi | H2:Podrška | H2:Kontakt","sr-Latn","Cosmos Lac Zinc 500 Maximum 500 | Carsystem i R-M Inđija","Zinc 500 Maximum 500 u Cosmos Lac katalogu. Proverite namenu i pošaljite upit Carsystem i R-M timu.","","summary","Cosmos Lac Zinc 500 Maximum 500 | Carsystem i R-M Inđija","Zinc 500 Maximum 500 u Cosmos Lac katalogu. Proverite namenu i pošaljite upit Carsystem i R-M timu.","","Brand | BreadcrumbList | ListItem | Product","true","36","1","","4","0","4","true","false"
"/proizvodi/cosmos-lac-zinc-501-400-ml-alu-zinc-501","200","true","","Cosmos Lac Zinc 501 Alu Zinc 501 | Carsystem i R-M Inđija","57","1","Zinc 501 Alu Zinc 501 u Cosmos Lac katalogu. Proverite namenu i pošaljite upit Carsystem i R-M timu.","100","1","http://localhost:3000/proizvodi/cosmos-lac-zinc-501-400-ml-alu-zinc-501","200","false","Cosmos Lac Zinc 501 Alu Zinc 501","1","H1:Cosmos Lac Zinc 501 Alu Zinc 501 | H2:Dostupne boje | H2:Treba vam savet pri izboru proizvoda? | H2:Katalog | H2:Brendovi | H2:Podrška | H2:Kontakt","sr-Latn","Cosmos Lac Zinc 501 Alu Zinc 501 | Carsystem i R-M Inđija","Zinc 501 Alu Zinc 501 u Cosmos Lac katalogu. Proverite namenu i pošaljite upit Carsystem i R-M timu.","","summary","Cosmos Lac Zinc 501 Alu Zinc 501 | Carsystem i R-M Inđija","Zinc 501 Alu Zinc 501 u Cosmos Lac katalogu. Proverite namenu i pošaljite upit Carsystem i R-M timu.","","Brand | BreadcrumbList | ListItem | Product","true","36","1","","4","0","4","true","false"
"/proizvodi/ghd-topcoat","200","true","","GHD TOPCOAT | Carsystem i R-M Inđija","36","1","GRAPHITE HD završni premaz za velike površine, sa dobrim nivelisanjem, pokrivnošću i brzim sušenjem.","100","1","http://localhost:3000/proizvodi/ghd-topcoat","200","false","GHD TOPCOAT","1","H1:GHD TOPCOAT | H3:Mesto u sistemu boje | H3:Dokumentovana uloga proizvoda | H3:GRAPHITE HD · Bazna boja | H2:Slični proizvodi | H3:C 5450 GHD CLEAR | H3:H 380 GHD HARDENER | H3:P 5480 GHD UNIVERSAL EPOXY | H3:P 5530 GHD UNI WASH | H3:HB 032 HYDROMIX | H3:HB 036 HYDROMIX TROPICAL | H2:Proverite GHD TOPCOAT za svoj proces. | H2:Katalog | H2:Brendovi | H2:Podrška | H2:Kontakt","sr-Latn","GHD TOPCOAT | Carsystem i R-M Inđija","GRAPHITE HD završni premaz za velike površine, sa dobrim nivelisanjem, pokrivnošću i brzim sušenjem.","","summary","GHD TOPCOAT | Carsystem i R-M Inđija","GRAPHITE HD završni premaz za velike površine, sa dobrim nivelisanjem, pokrivnošću i brzim sušenjem.","","Brand | BreadcrumbList | ListItem | Product","true","42","1","","8","0","8","true","false"
"/proizvodi/h-2a14-topcure","200","true","","H 2A14 TopCURE | Carsystem i R-M Inđija","39","1","Učvršćivač iz ONYX HD programa, dokumentovan kroz dostavljeni zvanični R-M materijal.","85","1","http://localhost:3000/proizvodi/h-2a14-topcure","200","false","H 2A14 TopCURE","1","H1:H 2A14 TopCURE | H3:Sistemska komponenta | H3:Dokumentovana uloga proizvoda | H3:ONYX HD · Učvršćivač | H2:Slični proizvodi | H3:C 2A40 AirTOP | H3:P 2A41 PerformFILLER White | H3:R 2A10 AirtopTHINN | H3:A 2210 ONYX ACTIVATOR | H3:A 2520 ONYX EASY BLENDER | H3:HB 032 HYDROMIX | H2:Proverite H 2A14 TopCURE za svoj proces. | H2:Katalog | H2:Brendovi | H2:Podrška | H2:Kontakt","sr-Latn","H 2A14 TopCURE | Carsystem i R-M Inđija","Učvršćivač iz ONYX HD programa, dokumentovan kroz dostavljeni zvanični R-M materijal.","","summary","H 2A14 TopCURE | Carsystem i R-M Inđija","Učvršćivač iz ONYX HD programa, dokumentovan kroz dostavljeni zvanični R-M materijal.","","Brand | BreadcrumbList | ListItem | Product","true","42","1","","8","0","8","true","false"
"/proizvodi/h-2e20-hardener","200","true","","H 2E20 Hardener | Carsystem i R-M Inđija","40","1","Učvršćivač iz Element Series programa, dokumentovan kroz dostavljeni zvanični R-M materijal.","92","1","http://localhost:3000/proizvodi/h-2e20-hardener","200","false","H 2E20 Hardener","1","H1:H 2E20 Hardener | H3:Sistemska komponenta | H3:Dokumentovana uloga proizvoda | H3:Element Series · Učvršćivač | H2:Slični proizvodi | H3:C 2E10 Clear coat, premixed | H3:C 2E50 Clear coat | H3:P 2E23 Primer filler, grey | H3:PM 2E32 Filler, light grey | H3:PM 2E34 Filler, dark grey | H3:R 2E10 Thinner, fast | H2:Proverite H 2E20 Hardener za svoj proces. | H2:Katalog | H2:Brendovi | H2:Podrška | H2:Kontakt","sr-Latn","H 2E20 Hardener | Carsystem i R-M Inđija","Učvršćivač iz Element Series programa, dokumentovan kroz dostavljeni zvanični R-M materijal.","","summary","H 2E20 Hardener | Carsystem i R-M Inđija","Učvršćivač iz Element Series programa, dokumentovan kroz dostavljeni zvanični R-M materijal.","","Brand | BreadcrumbList | ListItem | Product","true","42","1","","8","0","8","true","false"
"/proizvodi/h-2p05-clear-harden-r","200","true","","H 2P05 CLEAR Harden-R | Carsystem i R-M Inđija","46","1","Učvršćivač iz Pioneer Series programa, dokumentovan kroz dostavljeni zvanični R-M materijal.","92","1","http://localhost:3000/proizvodi/h-2p05-clear-harden-r","200","false","H 2P05 CLEAR Harden-R","1","H1:H 2P05 CLEAR Harden-R | H3:Sistemska komponenta | H3:Dokumentovana uloga proizvoda | H3:Pioneer Series · Učvršćivač | H2:Slični proizvodi | H3:H 2P15 CLEAR Harden-R | H3:A 2P15 AIR Tune-R | H3:A 2P80 TEXTURE Tune-R | H3:B 2P93 UV Bodyfill-R | H3:EASY C 2P15 | H3:C 2P30 UV Finish-R | H2:Proverite H 2P05 CLEAR Harden-R za svoj proces. | H2:Katalog | H2:Brendovi | H2:Podrška | H2:Kontakt","sr-Latn","H 2P05 CLEAR Harden-R | Carsystem i R-M Inđija","Učvršćivač iz Pioneer Series programa, dokumentovan kroz dostavljeni zvanični R-M materijal.","","summary","H 2P05 CLEAR Harden-R | Carsystem i R-M Inđija","Učvršćivač iz Pioneer Series programa, dokumentovan kroz dostavljeni zvanični R-M materijal.","","Brand | BreadcrumbList | ListItem | Product","true","42","1","","8","0","8","true","false"
"/proizvodi/h-2p15-clear-harden-r","200","true","","H 2P15 CLEAR Harden-R | Carsystem i R-M Inđija","46","1","Učvršćivač iz AGILIS programa, dokumentovan kroz dostavljeni zvanični R-M materijal.","84","1","http://localhost:3000/proizvodi/h-2p15-clear-harden-r","200","false","H 2P15 CLEAR Harden-R","1","H1:H 2P15 CLEAR Harden-R | H3:Sistemska komponenta | H3:Dokumentovana uloga proizvoda | H3:AGILIS · Učvršćivač | H2:Slični proizvodi | H3:C 2P42 RACE Finish-R | H3:P 2P81 Race WET Fill-R White | H3:A 2220 AGILIS ACTIVATOR | H3:A 2530 AGILIS BLENDER | H3:A 2560 AGILIS AMPLIFIER | H3:H 2P05 CLEAR Harden-R | H2:Proverite H 2P15 CLEAR Harden-R za svoj proces. | H2:Katalog | H2:Brendovi | H2:Podrška | H2:Kontakt","sr-Latn","H 2P15 CLEAR Harden-R | Carsystem i R-M Inđija","Učvršćivač iz AGILIS programa, dokumentovan kroz dostavljeni zvanični R-M materijal.","","summary","H 2P15 CLEAR Harden-R | Carsystem i R-M Inđija","Učvršćivač iz AGILIS programa, dokumentovan kroz dostavljeni zvanični R-M materijal.","","Brand | BreadcrumbList | ListItem | Product","true","42","1","","8","0","8","true","false"
"/proizvodi/h-380-ghd-hardener","200","true","","H 380 GHD HARDENER | Carsystem i R-M Inđija","43","1","Učvršćivač iz GRAPHITE HD programa, dokumentovan kroz dostavljeni zvanični R-M materijal.","89","1","http://localhost:3000/proizvodi/h-380-ghd-hardener","200","false","H 380 GHD HARDENER","1","H1:H 380 GHD HARDENER | H3:Sistemska komponenta | H3:Dokumentovana uloga proizvoda | H3:GRAPHITE HD · Učvršćivač | H2:Slični proizvodi | H3:C 5450 GHD CLEAR | H3:GHD TOPCOAT | H3:P 5480 GHD UNIVERSAL EPOXY | H3:P 5530 GHD UNI WASH | H3:H 2A14 TopCURE | H3:H 2E20 Hardener | H2:Proverite H 380 GHD HARDENER za svoj proces. | H2:Katalog | H2:Brendovi | H2:Podrška | H2:Kontakt","sr-Latn","H 380 GHD HARDENER | Carsystem i R-M Inđija","Učvršćivač iz GRAPHITE HD programa, dokumentovan kroz dostavljeni zvanični R-M materijal.","","summary","H 380 GHD HARDENER | Carsystem i R-M Inđija","Učvršćivač iz GRAPHITE HD programa, dokumentovan kroz dostavljeni zvanični R-M materijal.","","Brand | BreadcrumbList | ListItem | Product","true","42","1","","8","0","8","true","false"
"/proizvodi/hb-032-hydromix","200","true","","HB 032 HYDROMIX | Carsystem i R-M Inđija","40","1","Bazna boja iz ONYX HD programa, dokumentovan kroz dostavljeni zvanični R-M materijal.","85","2","http://localhost:3000/proizvodi/hb-032-hydromix","200","false","HB 032 HYDROMIX","1","H1:HB 032 HYDROMIX | H3:Mesto u sistemu boje | H3:Dokumentovana uloga proizvoda | H3:ONYX HD · Bazna boja | H2:Slični proizvodi | H3:HB 036 HYDROMIX TROPICAL | H3:A 2210 ONYX ACTIVATOR | H3:A 2520 ONYX EASY BLENDER | H3:C 2A40 AirTOP | H3:H 2A14 TopCURE | H3:P 2A41 PerformFILLER White | H2:Proverite HB 032 HYDROMIX za svoj proces. | H2:Katalog | H2:Brendovi | H2:Podrška | H2:Kontakt","sr-Latn","HB 032 HYDROMIX | Carsystem i R-M Inđija","Bazna boja iz ONYX HD programa, dokumentovan kroz dostavljeni zvanični R-M materijal.","","summary","HB 032 HYDROMIX | Carsystem i R-M Inđija","Bazna boja iz ONYX HD programa, dokumentovan kroz dostavljeni zvanični R-M materijal.","","Brand | BreadcrumbList | ListItem | Product","true","41","1","","8","0","8","true","false"
"/proizvodi/hb-036-hydromix-tropical","200","true","","HB 036 HYDROMIX TROPICAL | Carsystem i R-M Inđija","49","1","Bazna boja iz ONYX HD programa, dokumentovan kroz dostavljeni zvanični R-M materijal.","85","2","http://localhost:3000/proizvodi/hb-036-hydromix-tropical","200","false","HB 036 HYDROMIX TROPICAL","1","H1:HB 036 HYDROMIX TROPICAL | H3:Mesto u sistemu boje | H3:Dokumentovana uloga proizvoda | H3:ONYX HD · Bazna boja | H2:Slični proizvodi | H3:HB 032 HYDROMIX | H3:A 2210 ONYX ACTIVATOR | H3:A 2520 ONYX EASY BLENDER | H3:C 2A40 AirTOP | H3:H 2A14 TopCURE | H3:P 2A41 PerformFILLER White | H2:Proverite HB 036 HYDROMIX TROPICAL za svoj proces. | H2:Katalog | H2:Brendovi | H2:Podrška | H2:Kontakt","sr-Latn","HB 036 HYDROMIX TROPICAL | Carsystem i R-M Inđija","Bazna boja iz ONYX HD programa, dokumentovan kroz dostavljeni zvanični R-M materijal.","","summary","HB 036 HYDROMIX TROPICAL | Carsystem i R-M Inđija","Bazna boja iz ONYX HD programa, dokumentovan kroz dostavljeni zvanični R-M materijal.","","Brand | BreadcrumbList | ListItem | Product","true","42","1","","8","0","8","true","false"
"/proizvodi/norbin-n15-020-1l","200","true","","Norbin N15-020 1 L | Carsystem i R-M Inđija","43","1","Norbin N15-020 u pakovanju 1 L za manje potrebe i dopunu programa.","66","1","http://localhost:3000/proizvodi/norbin-n15-020-1l","200","false","Norbin N15-020 1 L","1","H1:Norbin N15-020 1 L | H2:Slični proizvodi | H3:Norbin N15-020 5 L | H3:Baslac 60-20 razređivač | H3:R-M DIAMONT bazna boja | H2:Treba vam savet pri izboru proizvoda? | H2:Katalog | H2:Brendovi | H2:Podrška | H2:Kontakt","sr-Latn","Norbin N15-020 1 L | Carsystem i R-M Inđija","Norbin N15-020 u pakovanju 1 L za manje potrebe i dopunu programa.","","summary","Norbin N15-020 1 L | Carsystem i R-M Inđija","Norbin N15-020 u pakovanju 1 L za manje potrebe i dopunu programa.","","Brand | BreadcrumbList | ListItem | Product","true","37","1","","4","0","4","true","false"
"/proizvodi/norbin-n15-020-5l","200","true","","Norbin N15-020 5 L | Carsystem i R-M Inđija","43","1","Norbin N15-020 u pakovanju 5 L za refinish program boja i lakova.","65","1","http://localhost:3000/proizvodi/norbin-n15-020-5l","200","false","Norbin N15-020 5 L","1","H1:Norbin N15-020 5 L | H2:Slični proizvodi | H3:Norbin N15-020 1 L | H3:Baslac 35-M214 | H3:R-M DIAMONT bazna boja | H2:Treba vam savet pri izboru proizvoda? | H2:Katalog | H2:Brendovi | H2:Podrška | H2:Kontakt","sr-Latn","Norbin N15-020 5 L | Carsystem i R-M Inđija","Norbin N15-020 u pakovanju 5 L za refinish program boja i lakova.","","summary","Norbin N15-020 5 L | Carsystem i R-M Inđija","Norbin N15-020 u pakovanju 5 L za refinish program boja i lakova.","","Brand | BreadcrumbList | ListItem | Product","true","37","1","","4","0","4","true","false"
"/proizvodi/p-2a41-performfiller-white","200","true","","P 2A41 PerformFILLER White | Carsystem i R-M Inđija","51","1","Advance prajmer-punilac sa dobrim antikorozivnim, vremenskim i brusnim svojstvima.","82","1","http://localhost:3000/proizvodi/p-2a41-performfiller-white","200","false","P 2A41 PerformFILLER White","1","H1:P 2A41 PerformFILLER White | H3:Mesto u sistemu podloge | H3:Dokumentovana uloga proizvoda | H3:ONYX HD · Prajmer i punilac | H2:Slični proizvodi | H3:C 2A40 AirTOP | H3:H 2A14 TopCURE | H3:R 2A10 AirtopTHINN | H3:A 2210 ONYX ACTIVATOR | H3:A 2520 ONYX EASY BLENDER | H3:HB 032 HYDROMIX | H2:Proverite P 2A41 PerformFILLER White za svoj proces. | H2:Katalog | H2:Brendovi | H2:Podrška | H2:Kontakt","sr-Latn","P 2A41 PerformFILLER White | Carsystem i R-M Inđija","Advance prajmer-punilac sa dobrim antikorozivnim, vremenskim i brusnim svojstvima.","","summary","P 2A41 PerformFILLER White | Carsystem i R-M Inđija","Advance prajmer-punilac sa dobrim antikorozivnim, vremenskim i brusnim svojstvima.","","Brand | BreadcrumbList | ListItem | Product","true","42","1","","8","0","8","true","false"
"/proizvodi/p-2a61-multiprotect-white","200","true","","P 2A61 MultiPROTECT White | Carsystem i R-M Inđija","50","1","Beli Advance DTM prajmer-punilac za direktnu primenu na metalnu podlogu.","72","1","http://localhost:3000/proizvodi/p-2a61-multiprotect-white","200","false","P 2A61 MultiPROTECT White","1","H1:P 2A61 MultiPROTECT White | H3:Mesto u sistemu podloge | H3:Dokumentovana uloga proizvoda | H3:Advance Series · Prajmer i punilac | H2:Slični proizvodi | H3:P 2A41 PerformFILLER White | H3:P 2A63 MultiPROTECT Grey | H3:P 2A65 MultiPROTECT Black | H3:C 2A40 AirTOP | H3:C 2A46 UltraTOP | H3:C 2A54 PerformTOP | H2:Proverite P 2A61 MultiPROTECT White za svoj proces. | H2:Katalog | H2:Brendovi | H2:Podrška | H2:Kontakt","sr-Latn","P 2A61 MultiPROTECT White | Carsystem i R-M Inđija","Beli Advance DTM prajmer-punilac za direktnu primenu na metalnu podlogu.","","summary","P 2A61 MultiPROTECT White | Carsystem i R-M Inđija","Beli Advance DTM prajmer-punilac za direktnu primenu na metalnu podlogu.","","Brand | BreadcrumbList | ListItem | Product","true","42","1","","8","0","8","true","false"
"/proizvodi/p-2a63-multiprotect-grey","200","true","","P 2A63 MultiPROTECT Grey | Carsystem i R-M Inđija","49","1","Sivi Advance DTM prajmer-punilac za direktnu primenu na metalnu podlogu.","72","1","http://localhost:3000/proizvodi/p-2a63-multiprotect-grey","200","false","P 2A63 MultiPROTECT Grey","1","H1:P 2A63 MultiPROTECT Grey | H3:Mesto u sistemu podloge | H3:Dokumentovana uloga proizvoda | H3:Advance Series · Prajmer i punilac | H2:Slični proizvodi | H3:P 2A41 PerformFILLER White | H3:P 2A61 MultiPROTECT White | H3:P 2A65 MultiPROTECT Black | H3:C 2A40 AirTOP | H3:C 2A46 UltraTOP | H3:C 2A54 PerformTOP | H2:Proverite P 2A63 MultiPROTECT Grey za svoj proces. | H2:Katalog | H2:Brendovi | H2:Podrška | H2:Kontakt","sr-Latn","P 2A63 MultiPROTECT Grey | Carsystem i R-M Inđija","Sivi Advance DTM prajmer-punilac za direktnu primenu na metalnu podlogu.","","summary","P 2A63 MultiPROTECT Grey | Carsystem i R-M Inđija","Sivi Advance DTM prajmer-punilac za direktnu primenu na metalnu podlogu.","","Brand | BreadcrumbList | ListItem | Product","true","42","1","","8","0","8","true","false"
"/proizvodi/p-2a65-multiprotect-black","200","true","","P 2A65 MultiPROTECT Black | Carsystem i R-M Inđija","50","1","Crni Advance DTM prajmer-punilac za direktnu primenu na metalnu podlogu.","72","1","http://localhost:3000/proizvodi/p-2a65-multiprotect-black","200","false","P 2A65 MultiPROTECT Black","1","H1:P 2A65 MultiPROTECT Black | H3:Mesto u sistemu podloge | H3:Dokumentovana uloga proizvoda | H3:Advance Series · Prajmer i punilac | H2:Slični proizvodi | H3:P 2A41 PerformFILLER White | H3:P 2A61 MultiPROTECT White | H3:P 2A63 MultiPROTECT Grey | H3:C 2A40 AirTOP | H3:C 2A46 UltraTOP | H3:C 2A54 PerformTOP | H2:Proverite P 2A65 MultiPROTECT Black za svoj proces. | H2:Katalog | H2:Brendovi | H2:Podrška | H2:Kontakt","sr-Latn","P 2A65 MultiPROTECT Black | Carsystem i R-M Inđija","Crni Advance DTM prajmer-punilac za direktnu primenu na metalnu podlogu.","","summary","P 2A65 MultiPROTECT Black | Carsystem i R-M Inđija","Crni Advance DTM prajmer-punilac za direktnu primenu na metalnu podlogu.","","Brand | BreadcrumbList | ListItem | Product","true","42","1","","8","0","8","true","false"
"/proizvodi/p-2e23-primer-filler-grey","200","true","","P 2E23 Primer filler, grey | Carsystem i R-M Inđija","51","1","Dvokomponentni Element poliuretanski punilac sa dobrim punjenjem i obradom brušenjem.","85","1","http://localhost:3000/proizvodi/p-2e23-primer-filler-grey","200","false","P 2E23 Primer filler, grey","1","H1:P 2E23 Primer filler, grey | H3:Mesto u sistemu podloge | H3:Dokumentovana uloga proizvoda | H3:Element Series · Prajmer i punilac | H2:Slični proizvodi | H3:PM 2E32 Filler, light grey | H3:PM 2E34 Filler, dark grey | H3:C 2E10 Clear coat, premixed | H3:C 2E50 Clear coat | H3:H 2E20 Hardener | H3:R 2E10 Thinner, fast | H2:Proverite P 2E23 Primer filler, grey za svoj proces. | H2:Katalog | H2:Brendovi | H2:Podrška | H2:Kontakt","sr-Latn","P 2E23 Primer filler, grey | Carsystem i R-M Inđija","Dvokomponentni Element poliuretanski punilac sa dobrim punjenjem i obradom brušenjem.","","summary","P 2E23 Primer filler, grey | Carsystem i R-M Inđija","Dvokomponentni Element poliuretanski punilac sa dobrim punjenjem i obradom brušenjem.","","Brand | BreadcrumbList | ListItem | Product","true","42","1","","8","0","8","true","false"
"/proizvodi/p-2p23-air-purpos-r-grey","200","true","","P 2P23 AIR Purpos-R Grey | Carsystem i R-M Inđija","49","1","Vazdušno sušeći Pioneer eSense DTM prajmer-punilac za zaštitu od korozije i dobru obradivost.","93","1","http://localhost:3000/proizvodi/p-2p23-air-purpos-r-grey","200","false","P 2P23 AIR Purpos-R Grey","1","H1:P 2P23 AIR Purpos-R Grey | H3:Mesto u sistemu podloge | H3:Dokumentovana uloga proizvoda | H3:Pioneer Series · Prajmer i punilac | H2:Slični proizvodi | H3:P 2P51 SANDING Fill-R+ White | H3:P 2P55 SANDING Fill-R+ Black | H3:P 2P63 MULTI Purpos-R Grey | H3:P 2P81 Race WET Fill-R White | H3:P 2P85 Race WET Fill-R Black | H3:P 2P92 UV Fill-R Light Grey | H2:Proverite P 2P23 AIR Purpos-R Grey za svoj proces. | H2:Katalog | H2:Brendovi | H2:Podrška | H2:Kontakt","sr-Latn","P 2P23 AIR Purpos-R Grey | Carsystem i R-M Inđija","Vazdušno sušeći Pioneer eSense DTM prajmer-punilac za zaštitu od korozije i dobru obradivost.","","summary","P 2P23 AIR Purpos-R Grey | Carsystem i R-M Inđija","Vazdušno sušeći Pioneer eSense DTM prajmer-punilac za zaštitu od korozije i dobru obradivost.","","Brand | BreadcrumbList | ListItem | Product","true","42","1","","8","0","8","true","false"
"/proizvodi/p-2p51-sanding-fill-r-white","200","true","","P 2P51 SANDING Fill-R+ White | Carsystem i R-M Inđija","53","1","Beli Pioneer eSense prajmer-punilac za produktivno brušenje, stabilnu završnicu i zaštitu podloge.","98","1","http://localhost:3000/proizvodi/p-2p51-sanding-fill-r-white","200","false","P 2P51 SANDING Fill-R+ White","1","H1:P 2P51 SANDING Fill-R+ White | H3:Mesto u sistemu podloge | H3:Dokumentovana uloga proizvoda | H3:Pioneer Series · Prajmer i punilac | H2:Slični proizvodi | H3:P 2P23 AIR Purpos-R Grey | H3:P 2P55 SANDING Fill-R+ Black | H3:P 2P63 MULTI Purpos-R Grey | H3:P 2P81 Race WET Fill-R White | H3:P 2P85 Race WET Fill-R Black | H3:P 2P92 UV Fill-R Light Grey | H2:Proverite P 2P51 SANDING Fill-R+ White za svoj proces. | H2:Katalog | H2:Brendovi | H2:Podrška | H2:Kontakt","sr-Latn","P 2P51 SANDING Fill-R+ White | Carsystem i R-M Inđija","Beli Pioneer eSense prajmer-punilac za produktivno brušenje, stabilnu završnicu i zaštitu podloge.","","summary","P 2P51 SANDING Fill-R+ White | Carsystem i R-M Inđija","Beli Pioneer eSense prajmer-punilac za produktivno brušenje, stabilnu završnicu i zaštitu podloge.","","Brand | BreadcrumbList | ListItem | Product","true","42","1","","8","0","8","true","false"
"/proizvodi/p-2p55-sanding-fill-r-black","200","true","","P 2P55 SANDING Fill-R+ Black | Carsystem i R-M Inđija","53","1","Crni Pioneer eSense prajmer-punilac za produktivno brušenje, stabilnu završnicu i zaštitu podloge.","98","1","http://localhost:3000/proizvodi/p-2p55-sanding-fill-r-black","200","false","P 2P55 SANDING Fill-R+ Black","1","H1:P 2P55 SANDING Fill-R+ Black | H3:Mesto u sistemu podloge | H3:Dokumentovana uloga proizvoda | H3:Pioneer Series · Prajmer i punilac | H2:Slični proizvodi | H3:P 2P23 AIR Purpos-R Grey | H3:P 2P51 SANDING Fill-R+ White | H3:P 2P63 MULTI Purpos-R Grey | H3:P 2P81 Race WET Fill-R White | H3:P 2P85 Race WET Fill-R Black | H3:P 2P92 UV Fill-R Light Grey | H2:Proverite P 2P55 SANDING Fill-R+ Black za svoj proces. | H2:Katalog | H2:Brendovi | H2:Podrška | H2:Kontakt","sr-Latn","P 2P55 SANDING Fill-R+ Black | Carsystem i R-M Inđija","Crni Pioneer eSense prajmer-punilac za produktivno brušenje, stabilnu završnicu i zaštitu podloge.","","summary","P 2P55 SANDING Fill-R+ Black | Carsystem i R-M Inđija","Crni Pioneer eSense prajmer-punilac za produktivno brušenje, stabilnu završnicu i zaštitu podloge.","","Brand | BreadcrumbList | ListItem | Product","true","42","1","","8","0","8","true","false"
"/proizvodi/p-2p63-multi-purpos-r-grey","200","true","","P 2P63 MULTI Purpos-R Grey | Carsystem i R-M Inđija","51","1","Sivi Pioneer eSense DTM prajmer-punilac za direktnu primenu na metal i antikorozivnu zaštitu.","93","1","http://localhost:3000/proizvodi/p-2p63-multi-purpos-r-grey","200","false","P 2P63 MULTI Purpos-R Grey","1","H1:P 2P63 MULTI Purpos-R Grey | H3:Mesto u sistemu podloge | H3:Dokumentovana uloga proizvoda | H3:Pioneer Series · Prajmer i punilac | H2:Slični proizvodi | H3:P 2P23 AIR Purpos-R Grey | H3:P 2P51 SANDING Fill-R+ White | H3:P 2P55 SANDING Fill-R+ Black | H3:P 2P81 Race WET Fill-R White | H3:P 2P85 Race WET Fill-R Black | H3:P 2P92 UV Fill-R Light Grey | H2:Proverite P 2P63 MULTI Purpos-R Grey za svoj proces. | H2:Katalog | H2:Brendovi | H2:Podrška | H2:Kontakt","sr-Latn","P 2P63 MULTI Purpos-R Grey | Carsystem i R-M Inđija","Sivi Pioneer eSense DTM prajmer-punilac za direktnu primenu na metal i antikorozivnu zaštitu.","","summary","P 2P63 MULTI Purpos-R Grey | Carsystem i R-M Inđija","Sivi Pioneer eSense DTM prajmer-punilac za direktnu primenu na metal i antikorozivnu zaštitu.","","Brand | BreadcrumbList | ListItem | Product","true","42","1","","8","0","8","true","false"
"/proizvodi/p-2p81-race-wet-fill-r-white","200","true","","P 2P81 Race WET Fill-R White | Carsystem i R-M Inđija","53","1","Beli Pioneer eSense wet-on-wet punilac za brz rad na novim e-coat panelima bez brušenja.","88","1","http://localhost:3000/proizvodi/p-2p81-race-wet-fill-r-white","200","false","P 2P81 Race WET Fill-R White","1","H1:P 2P81 Race WET Fill-R White | H3:Mesto u sistemu podloge | H3:Dokumentovana uloga proizvoda | H3:AGILIS · Prajmer i punilac | H2:Slični proizvodi | H3:C 2P42 RACE Finish-R | H3:H 2P15 CLEAR Harden-R | H3:A 2220 AGILIS ACTIVATOR | H3:A 2530 AGILIS BLENDER | H3:A 2560 AGILIS AMPLIFIER | H3:P 2P23 AIR Purpos-R Grey | H2:Proverite P 2P81 Race WET Fill-R White za svoj proces. | H2:Katalog | H2:Brendovi | H2:Podrška | H2:Kontakt","sr-Latn","P 2P81 Race WET Fill-R White | Carsystem i R-M Inđija","Beli Pioneer eSense wet-on-wet punilac za brz rad na novim e-coat panelima bez brušenja.","","summary","P 2P81 Race WET Fill-R White | Carsystem i R-M Inđija","Beli Pioneer eSense wet-on-wet punilac za brz rad na novim e-coat panelima bez brušenja.","","Brand | BreadcrumbList | ListItem | Product","true","42","1","","8","0","8","true","false"
"/proizvodi/p-2p85-race-wet-fill-r-black","200","true","","P 2P85 Race WET Fill-R Black | Carsystem i R-M Inđija","53","1","Crni Pioneer eSense wet-on-wet punilac za brz rad na novim e-coat panelima bez brušenja.","88","1","http://localhost:3000/proizvodi/p-2p85-race-wet-fill-r-black","200","false","P 2P85 Race WET Fill-R Black","1","H1:P 2P85 Race WET Fill-R Black | H3:Mesto u sistemu podloge | H3:Dokumentovana uloga proizvoda | H3:Pioneer Series · Prajmer i punilac | H2:Slični proizvodi | H3:P 2P23 AIR Purpos-R Grey | H3:P 2P51 SANDING Fill-R+ White | H3:P 2P55 SANDING Fill-R+ Black | H3:P 2P63 MULTI Purpos-R Grey | H3:P 2P81 Race WET Fill-R White | H3:P 2P92 UV Fill-R Light Grey | H2:Proverite P 2P85 Race WET Fill-R Black za svoj proces. | H2:Katalog | H2:Brendovi | H2:Podrška | H2:Kontakt","sr-Latn","P 2P85 Race WET Fill-R Black | Carsystem i R-M Inđija","Crni Pioneer eSense wet-on-wet punilac za brz rad na novim e-coat panelima bez brušenja.","","summary","P 2P85 Race WET Fill-R Black | Carsystem i R-M Inđija","Crni Pioneer eSense wet-on-wet punilac za brz rad na novim e-coat panelima bez brušenja.","","Brand | BreadcrumbList | ListItem | Product","true","42","1","","8","0","8","true","false"
"/proizvodi/p-2p92-uv-fill-r-light-grey","200","true","","P 2P92 UV Fill-R Light Grey | Carsystem i R-M Inđija","52","1","Svetlosivi Pioneer eSense UV prajmer-punilac za antikorozivnu zaštitu i stabilnu završnicu.","91","1","http://localhost:3000/proizvodi/p-2p92-uv-fill-r-light-grey","200","false","P 2P92 UV Fill-R Light Grey","1","H1:P 2P92 UV Fill-R Light Grey | H3:Mesto u sistemu podloge | H3:Dokumentovana uloga proizvoda | H3:Pioneer Series · Prajmer i punilac | H2:Slični proizvodi | H3:P 2P23 AIR Purpos-R Grey | H3:P 2P51 SANDING Fill-R+ White | H3:P 2P55 SANDING Fill-R+ Black | H3:P 2P63 MULTI Purpos-R Grey | H3:P 2P81 Race WET Fill-R White | H3:P 2P85 Race WET Fill-R Black | H2:Proverite P 2P92 UV Fill-R Light Grey za svoj proces. | H2:Katalog | H2:Brendovi | H2:Podrška | H2:Kontakt","sr-Latn","P 2P92 UV Fill-R Light Grey | Carsystem i R-M Inđija","Svetlosivi Pioneer eSense UV prajmer-punilac za antikorozivnu zaštitu i stabilnu završnicu.","","summary","P 2P92 UV Fill-R Light Grey | Carsystem i R-M Inđija","Svetlosivi Pioneer eSense UV prajmer-punilac za antikorozivnu zaštitu i stabilnu završnicu.","","Brand | BreadcrumbList | ListItem | Product","true","42","1","","8","0","8","true","false"
"/proizvodi/p-2p94-uv-fill-r-dark-grey","200","true","","P 2P94 UV Fill-R Dark Grey | Carsystem i R-M Inđija","51","1","Tamnosivi Pioneer eSense UV prajmer-punilac za antikorozivnu zaštitu i stabilnu završnicu.","90","1","http://localhost:3000/proizvodi/p-2p94-uv-fill-r-dark-grey","200","false","P 2P94 UV Fill-R Dark Grey","1","H1:P 2P94 UV Fill-R Dark Grey | H3:Mesto u sistemu podloge | H3:Dokumentovana uloga proizvoda | H3:Pioneer Series · Prajmer i punilac | H2:Slični proizvodi | H3:P 2P23 AIR Purpos-R Grey | H3:P 2P51 SANDING Fill-R+ White | H3:P 2P55 SANDING Fill-R+ Black | H3:P 2P63 MULTI Purpos-R Grey | H3:P 2P81 Race WET Fill-R White | H3:P 2P85 Race WET Fill-R Black | H2:Proverite P 2P94 UV Fill-R Dark Grey za svoj proces. | H2:Katalog | H2:Brendovi | H2:Podrška | H2:Kontakt","sr-Latn","P 2P94 UV Fill-R Dark Grey | Carsystem i R-M Inđija","Tamnosivi Pioneer eSense UV prajmer-punilac za antikorozivnu zaštitu i stabilnu završnicu.","","summary","P 2P94 UV Fill-R Dark Grey | Carsystem i R-M Inđija","Tamnosivi Pioneer eSense UV prajmer-punilac za antikorozivnu zaštitu i stabilnu završnicu.","","Brand | BreadcrumbList | ListItem | Product","true","42","1","","8","0","8","true","false"
"/proizvodi/p-5480-ghd-universal-epoxy","200","true","","P 5480 GHD UNIVERSAL EPOXY | Carsystem i R-M Inđija","51","1","Univerzalni GRAPHITE HD epoksidni prajmer za različite metalne podloge i antikorozivnu zaštitu.","95","1","http://localhost:3000/proizvodi/p-5480-ghd-universal-epoxy","200","false","P 5480 GHD UNIVERSAL EPOXY","1","H1:P 5480 GHD UNIVERSAL EPOXY | H3:Mesto u sistemu podloge | H3:Dokumentovana uloga proizvoda | H3:GRAPHITE HD · Prajmer i punilac | H2:Slični proizvodi | H3:P 5530 GHD UNI WASH | H3:C 5450 GHD CLEAR | H3:GHD TOPCOAT | H3:H 380 GHD HARDENER | H3:P 2A41 PerformFILLER White | H3:P 2A61 MultiPROTECT White | H2:Proverite P 5480 GHD UNIVERSAL EPOXY za svoj proces. | H2:Katalog | H2:Brendovi | H2:Podrška | H2:Kontakt","sr-Latn","P 5480 GHD UNIVERSAL EPOXY | Carsystem i R-M Inđija","Univerzalni GRAPHITE HD epoksidni prajmer za različite metalne podloge i antikorozivnu zaštitu.","","summary","P 5480 GHD UNIVERSAL EPOXY | Carsystem i R-M Inđija","Univerzalni GRAPHITE HD epoksidni prajmer za različite metalne podloge i antikorozivnu zaštitu.","","Brand | BreadcrumbList | ListItem | Product","true","42","1","","8","0","8","true","false"
"/proizvodi/p-5530-ghd-uni-wash","200","true","","P 5530 GHD UNI WASH | Carsystem i R-M Inđija","44","1","GRAPHITE HD wash prajmer za velike površine, brzo sušenje i antikorozivnu zaštitu.","82","1","http://localhost:3000/proizvodi/p-5530-ghd-uni-wash","200","false","P 5530 GHD UNI WASH","1","H1:P 5530 GHD UNI WASH | H3:Mesto u sistemu podloge | H3:Dokumentovana uloga proizvoda | H3:GRAPHITE HD · Prajmer i punilac | H2:Slični proizvodi | H3:P 5480 GHD UNIVERSAL EPOXY | H3:C 5450 GHD CLEAR | H3:GHD TOPCOAT | H3:H 380 GHD HARDENER | H3:P 2A41 PerformFILLER White | H3:P 2A61 MultiPROTECT White | H2:Proverite P 5530 GHD UNI WASH za svoj proces. | H2:Katalog | H2:Brendovi | H2:Podrška | H2:Kontakt","sr-Latn","P 5530 GHD UNI WASH | Carsystem i R-M Inđija","GRAPHITE HD wash prajmer za velike površine, brzo sušenje i antikorozivnu zaštitu.","","summary","P 5530 GHD UNI WASH | Carsystem i R-M Inđija","GRAPHITE HD wash prajmer za velike površine, brzo sušenje i antikorozivnu zaštitu.","","Brand | BreadcrumbList | ListItem | Product","true","42","1","","8","0","8","true","false"
"/proizvodi/pm-2e32-filler-light-grey","200","true","","PM 2E32 Filler, light grey | Carsystem i R-M Inđija","51","1","Svetlosivi 1K Element punilac u aerosolu za reparaturnu primenu.","64","1","http://localhost:3000/proizvodi/pm-2e32-filler-light-grey","200","false","PM 2E32 Filler, light grey","1","H1:PM 2E32 Filler, light grey | H3:Mesto u sistemu podloge | H3:Dokumentovana uloga proizvoda | H3:Element Series · Prajmer i punilac | H2:Slični proizvodi | H3:P 2E23 Primer filler, grey | H3:PM 2E34 Filler, dark grey | H3:C 2E10 Clear coat, premixed | H3:C 2E50 Clear coat | H3:H 2E20 Hardener | H3:R 2E10 Thinner, fast | H2:Proverite PM 2E32 Filler, light grey za svoj proces. | H2:Katalog | H2:Brendovi | H2:Podrška | H2:Kontakt","sr-Latn","PM 2E32 Filler, light grey | Carsystem i R-M Inđija","Svetlosivi 1K Element punilac u aerosolu za reparaturnu primenu.","","summary","PM 2E32 Filler, light grey | Carsystem i R-M Inđija","Svetlosivi 1K Element punilac u aerosolu za reparaturnu primenu.","","Brand | BreadcrumbList | ListItem | Product","true","42","1","","8","0","8","true","false"
"/proizvodi/pm-2e34-filler-dark-grey","200","true","","PM 2E34 Filler, dark grey | Carsystem i R-M Inđija","50","1","Tamnosivi 1K Element punilac u aerosolu za reparaturnu primenu.","63","1","http://localhost:3000/proizvodi/pm-2e34-filler-dark-grey","200","false","PM 2E34 Filler, dark grey","1","H1:PM 2E34 Filler, dark grey | H3:Mesto u sistemu podloge | H3:Dokumentovana uloga proizvoda | H3:Element Series · Prajmer i punilac | H2:Slični proizvodi | H3:P 2E23 Primer filler, grey | H3:PM 2E32 Filler, light grey | H3:C 2E10 Clear coat, premixed | H3:C 2E50 Clear coat | H3:H 2E20 Hardener | H3:R 2E10 Thinner, fast | H2:Proverite PM 2E34 Filler, dark grey za svoj proces. | H2:Katalog | H2:Brendovi | H2:Podrška | H2:Kontakt","sr-Latn","PM 2E34 Filler, dark grey | Carsystem i R-M Inđija","Tamnosivi 1K Element punilac u aerosolu za reparaturnu primenu.","","summary","PM 2E34 Filler, dark grey | Carsystem i R-M Inđija","Tamnosivi 1K Element punilac u aerosolu za reparaturnu primenu.","","Brand | BreadcrumbList | ListItem | Product","true","42","1","","8","0","8","true","false"
"/proizvodi/r-2a10-airtopthinn","200","true","","R 2A10 AirtopTHINN | Carsystem i R-M Inđija","43","1","Razređivač iz ONYX HD programa, dokumentovan kroz dostavljeni zvanični R-M materijal.","85","1","http://localhost:3000/proizvodi/r-2a10-airtopthinn","200","false","R 2A10 AirtopTHINN","1","H1:R 2A10 AirtopTHINN | H3:Sistemska komponenta | H3:Dokumentovana uloga proizvoda | H3:ONYX HD · Razređivač | H2:Slični proizvodi | H3:C 2A40 AirTOP | H3:H 2A14 TopCURE | H3:P 2A41 PerformFILLER White | H3:A 2210 ONYX ACTIVATOR | H3:A 2520 ONYX EASY BLENDER | H3:HB 032 HYDROMIX | H2:Proverite R 2A10 AirtopTHINN za svoj proces. | H2:Katalog | H2:Brendovi | H2:Podrška | H2:Kontakt","sr-Latn","R 2A10 AirtopTHINN | Carsystem i R-M Inđija","Razređivač iz ONYX HD programa, dokumentovan kroz dostavljeni zvanični R-M materijal.","","summary","R 2A10 AirtopTHINN | Carsystem i R-M Inđija","Razređivač iz ONYX HD programa, dokumentovan kroz dostavljeni zvanični R-M materijal.","","Brand | BreadcrumbList | ListItem | Product","true","42","1","","8","0","8","true","false"
"/proizvodi/r-2a14-multithinn","200","true","","R 2A14 MultiTHINN | Carsystem i R-M Inđija","42","1","Razređivač iz Advance Series programa, dokumentovan kroz dostavljeni zvanični R-M materijal.","92","1","http://localhost:3000/proizvodi/r-2a14-multithinn","200","false","R 2A14 MultiTHINN","1","H1:R 2A14 MultiTHINN | H3:Sistemska komponenta | H3:Dokumentovana uloga proizvoda | H3:Advance Series · Razređivač | H2:Slični proizvodi | H3:R 2A10 AirtopTHINN | H3:C 2A40 AirTOP | H3:C 2A46 UltraTOP | H3:C 2A54 PerformTOP | H3:C 2A57 MixTOP | H3:C 2A63 GlossTOP | H2:Proverite R 2A14 MultiTHINN za svoj proces. | H2:Katalog | H2:Brendovi | H2:Podrška | H2:Kontakt","sr-Latn","R 2A14 MultiTHINN | Carsystem i R-M Inđija","Razređivač iz Advance Series programa, dokumentovan kroz dostavljeni zvanični R-M materijal.","","summary","R 2A14 MultiTHINN | Carsystem i R-M Inđija","Razređivač iz Advance Series programa, dokumentovan kroz dostavljeni zvanični R-M materijal.","","Brand | BreadcrumbList | ListItem | Product","true","42","1","","8","0","8","true","false"
"/proizvodi/r-2e10-thinner-fast","200","true","","R 2E10 Thinner, fast | Carsystem i R-M Inđija","45","1","Razređivač iz Element Series programa, dokumentovan kroz dostavljeni zvanični R-M materijal.","92","1","http://localhost:3000/proizvodi/r-2e10-thinner-fast","200","false","R 2E10 Thinner, fast","1","H1:R 2E10 Thinner, fast | H3:Sistemska komponenta | H3:Dokumentovana uloga proizvoda | H3:Element Series · Razređivač | H2:Slični proizvodi | H3:C 2E10 Clear coat, premixed | H3:C 2E50 Clear coat | H3:H 2E20 Hardener | H3:P 2E23 Primer filler, grey | H3:PM 2E32 Filler, light grey | H3:PM 2E34 Filler, dark grey | H2:Proverite R 2E10 Thinner, fast za svoj proces. | H2:Katalog | H2:Brendovi | H2:Podrška | H2:Kontakt","sr-Latn","R 2E10 Thinner, fast | Carsystem i R-M Inđija","Razređivač iz Element Series programa, dokumentovan kroz dostavljeni zvanični R-M materijal.","","summary","R 2E10 Thinner, fast | Carsystem i R-M Inđija","Razređivač iz Element Series programa, dokumentovan kroz dostavljeni zvanični R-M materijal.","","Brand | BreadcrumbList | ListItem | Product","true","42","1","","8","0","8","true","false"
"/proizvodi/r-2p15-clear-thinn-r","200","true","","R 2P15 CLEAR Thinn-R | Carsystem i R-M Inđija","45","1","Razređivač iz Pioneer Series programa, dokumentovan kroz dostavljeni zvanični R-M materijal.","92","2","http://localhost:3000/proizvodi/r-2p15-clear-thinn-r","200","false","R 2P15 CLEAR Thinn-R","1","H1:R 2P15 CLEAR Thinn-R | H3:Sistemska komponenta | H3:Dokumentovana uloga proizvoda | H3:Pioneer Series · Razređivač | H2:Slični proizvodi | H3:R 2P20 UNDER Thinn-R Medium | H3:A 2P15 AIR Tune-R | H3:A 2P80 TEXTURE Tune-R | H3:B 2P93 UV Bodyfill-R | H3:EASY C 2P15 | H3:C 2P30 UV Finish-R | H2:Proverite R 2P15 CLEAR Thinn-R za svoj proces. | H2:Katalog | H2:Brendovi | H2:Podrška | H2:Kontakt","sr-Latn","R 2P15 CLEAR Thinn-R | Carsystem i R-M Inđija","Razređivač iz Pioneer Series programa, dokumentovan kroz dostavljeni zvanični R-M materijal.","","summary","R 2P15 CLEAR Thinn-R | Carsystem i R-M Inđija","Razređivač iz Pioneer Series programa, dokumentovan kroz dostavljeni zvanični R-M materijal.","","Brand | BreadcrumbList | ListItem | Product","true","42","1","","8","0","8","true","false"
"/proizvodi/r-2p20-under-thinn-r-medium","200","true","","R 2P20 UNDER Thinn-R Medium | Carsystem i R-M Inđija","52","1","Razređivač iz Pioneer Series programa, dokumentovan kroz dostavljeni zvanični R-M materijal.","92","2","http://localhost:3000/proizvodi/r-2p20-under-thinn-r-medium","200","false","R 2P20 UNDER Thinn-R Medium","1","H1:R 2P20 UNDER Thinn-R Medium | H3:Sistemska komponenta | H3:Dokumentovana uloga proizvoda | H3:Pioneer Series · Razređivač | H2:Slični proizvodi | H3:R 2P15 CLEAR Thinn-R | H3:A 2P15 AIR Tune-R | H3:A 2P80 TEXTURE Tune-R | H3:B 2P93 UV Bodyfill-R | H3:EASY C 2P15 | H3:C 2P30 UV Finish-R | H2:Proverite R 2P20 UNDER Thinn-R Medium za svoj proces. | H2:Katalog | H2:Brendovi | H2:Podrška | H2:Kontakt","sr-Latn","R 2P20 UNDER Thinn-R Medium | Carsystem i R-M Inđija","Razređivač iz Pioneer Series programa, dokumentovan kroz dostavljeni zvanični R-M materijal.","","summary","R 2P20 UNDER Thinn-R Medium | Carsystem i R-M Inđija","Razređivač iz Pioneer Series programa, dokumentovan kroz dostavljeni zvanični R-M materijal.","","Brand | BreadcrumbList | ListItem | Product","true","42","1","","8","0","8","true","false"
"/proizvodi/ra-050x-agilis-mix","200","true","","RA 050X AGILIS MIX | Carsystem i R-M Inđija","43","1","AGILIS razređivač za visoku temperaturu, nisku vlažnost i veće površine; koristi se sa solid i effect nijansama.","112","1","http://localhost:3000/proizvodi/ra-050x-agilis-mix","200","false","RA 050X AGILIS MIX","1","H1:RA 050X AGILIS MIX | H3:Sistemska komponenta | H3:Dokumentovana uloga proizvoda | H3:AGILIS · Razređivač | H2:Slični proizvodi | H3:A 2220 AGILIS ACTIVATOR | H3:A 2530 AGILIS BLENDER | H3:A 2560 AGILIS AMPLIFIER | H3:C 2P42 RACE Finish-R | H3:H 2P15 CLEAR Harden-R | H3:P 2P81 Race WET Fill-R White | H2:Proverite RA 050X AGILIS MIX za svoj proces. | H2:Katalog | H2:Brendovi | H2:Podrška | H2:Kontakt","sr-Latn","RA 050X AGILIS MIX | Carsystem i R-M Inđija","AGILIS razređivač za visoku temperaturu, nisku vlažnost i veće površine; koristi se sa solid i effect nijansama.","","summary","RA 050X AGILIS MIX | Carsystem i R-M Inđija","AGILIS razređivač za visoku temperaturu, nisku vlažnost i veće površine; koristi se sa solid i effect nijansama.","","Brand | BreadcrumbList | ListItem | Product","true","42","1","","8","0","8","true","false"
"/proizvodi/rm-body-filler-white-b-2e11","200","true","","R-M Body Filler White B 2E11 | Carsystem i R-M Inđija","53","1","Beli body filler za ravnanje i pripremu površine pre podloge.","61","1","http://localhost:3000/proizvodi/rm-body-filler-white-b-2e11","200","false","R-M Body Filler White B 2E11","1","H1:R-M Body Filler White B 2E11 | H2:Slični proizvodi | H3:Carsystem P19 brusni diskovi | H3:Carsystem Soft Plus git | H3:R-M DIAMONT bazna boja | H2:Treba vam savet pri izboru proizvoda? | H2:Katalog | H2:Brendovi | H2:Podrška | H2:Kontakt","sr-Latn","R-M Body Filler White B 2E11 | Carsystem i R-M Inđija","Beli body filler za ravnanje i pripremu površine pre podloge.","","summary","R-M Body Filler White B 2E11 | Carsystem i R-M Inđija","Beli body filler za ravnanje i pripremu površine pre podloge.","","Brand | BreadcrumbList | ListItem | Product","true","37","1","","4","0","4","true","false"
"/proizvodi/rm-diamont-bazna-boja","200","true","","R-M DIAMONT bazna boja | Carsystem i R-M Inđija","47","1","R-M DIAMONT bazna boja u katalogu Carsystem i R-M Inđija, sa upitom, dokumentacijom i refinish fazom.","101","1","http://localhost:3000/proizvodi/rm-diamont-bazna-boja","200","false","R-M DIAMONT bazna boja","1","H1:R-M DIAMONT bazna boja | H2:Slični proizvodi | H3:R-M Body Filler White B 2E11 | H3:Baslac 60-20 razređivač | H3:SATAjet X 5500 | H3:Carsystem P19 brusni diskovi | H2:Treba vam savet pri izboru proizvoda? | H2:Katalog | H2:Brendovi | H2:Podrška | H2:Kontakt","sr-Latn","R-M DIAMONT bazna boja | Carsystem i R-M Inđija","R-M DIAMONT bazna boja u katalogu Carsystem i R-M Inđija, sa upitom, dokumentacijom i refinish fazom.","","summary","R-M DIAMONT bazna boja | Carsystem i R-M Inđija","R-M DIAMONT bazna boja u katalogu Carsystem i R-M Inđija, sa upitom, dokumentacijom i refinish fazom.","","Brand | BreadcrumbList | ListItem | Product","true","38","1","","5","0","5","true","false"
"/proizvodi/rm-diamont-bezbojni-lak","200","true","","R-M DIAMONT bezbojni lak | Carsystem i R-M Inđija","49","1","Bezbojni lak za završni sloj, sjaj i zaštitu farbane površine.","62","1","http://localhost:3000/proizvodi/rm-diamont-bezbojni-lak","200","false","R-M DIAMONT bezbojni lak","1","H1:R-M DIAMONT bezbojni lak | H2:Slični proizvodi | H3:R-M DIAMONT bazna boja | H3:Carsystem Soft Plus git | H2:Treba vam savet pri izboru proizvoda? | H2:Katalog | H2:Brendovi | H2:Podrška | H2:Kontakt","sr-Latn","R-M DIAMONT bezbojni lak | Carsystem i R-M Inđija","Bezbojni lak za završni sloj, sjaj i zaštitu farbane površine.","","summary","R-M DIAMONT bezbojni lak | Carsystem i R-M Inđija","Bezbojni lak za završni sloj, sjaj i zaštitu farbane površine.","","Brand | BreadcrumbList | ListItem | Product","true","36","1","","2","0","2","true","false"
"/proizvodi/rm-pasta-190-1l","200","true","","R-M Pasta 190 1 L | Carsystem i R-M Inđija","42","1","Pasta za poliranje u pakovanju 1 L za završnu obradu laka.","58","1","http://localhost:3000/proizvodi/rm-pasta-190-1l","200","false","R-M Pasta 190 1 L","1","H1:R-M Pasta 190 1 L | H2:Slični proizvodi | H3:R-M Pasta 190 5 L | H3:Befar sunđer crni 25x150 | H3:Carsystem Finish serija | H2:Treba vam savet pri izboru proizvoda? | H2:Katalog | H2:Brendovi | H2:Podrška | H2:Kontakt","sr-Latn","R-M Pasta 190 1 L | Carsystem i R-M Inđija","Pasta za poliranje u pakovanju 1 L za završnu obradu laka.","","summary","R-M Pasta 190 1 L | Carsystem i R-M Inđija","Pasta za poliranje u pakovanju 1 L za završnu obradu laka.","","Brand | BreadcrumbList | ListItem | Product","true","37","1","","5","0","5","true","false"
"/proizvodi/rm-pasta-190-5l","200","true","","R-M Pasta 190 5 L | Carsystem i R-M Inđija","42","1","Radioničko pakovanje paste za poliranje i završnu obradu laka.","62","1","http://localhost:3000/proizvodi/rm-pasta-190-5l","200","false","R-M Pasta 190 5 L","1","H1:R-M Pasta 190 5 L | H2:Slični proizvodi | H3:R-M Pasta 190 1 L | H3:Befar sunđer crni 50x150 | H3:Carsystem Finish serija | H2:Treba vam savet pri izboru proizvoda? | H2:Katalog | H2:Brendovi | H2:Podrška | H2:Kontakt","sr-Latn","R-M Pasta 190 5 L | Carsystem i R-M Inđija","Radioničko pakovanje paste za poliranje i završnu obradu laka.","","summary","R-M Pasta 190 5 L | Carsystem i R-M Inđija","Radioničko pakovanje paste za poliranje i završnu obradu laka.","","Brand | BreadcrumbList | ListItem | Product","true","37","1","","5","0","5","true","false"
"/proizvodi/satajet-x-5500","200","true","","SATAjet X 5500 | Carsystem i R-M Inđija","39","1","SATAjet X 5500 u katalogu Carsystem i R-M Inđija, sa upitom i povezanim refinish proizvodima.","93","1","http://localhost:3000/proizvodi/satajet-x-5500","200","false","SATAjet X 5500","1","H1:SATAjet X 5500 | H2:Slični proizvodi | H3:R-M DIAMONT bazna boja | H3:Baslac 30-S510 S serija | H3:Cosmos Lac RAL CL 304 RAL 9005 Black — sjaj | H3:Carsystem P19 brusni diskovi | H2:Treba vam savet pri izboru proizvoda? | H2:Katalog | H2:Brendovi | H2:Podrška | H2:Kontakt","sr-Latn","SATAjet X 5500 | Carsystem i R-M Inđija","SATAjet X 5500 u katalogu Carsystem i R-M Inđija, sa upitom i povezanim refinish proizvodima.","","summary","SATAjet X 5500 | Carsystem i R-M Inđija","SATAjet X 5500 u katalogu Carsystem i R-M Inđija, sa upitom i povezanim refinish proizvodima.","","Brand | BreadcrumbList | ListItem | Product","true","38","1","","5","0","5","true","false"
"/seo-audit-missing-route","404","false","noindex","404: This page could not be found.","34","0","Profesionalni program za pripremu, farbanje, opremu i završnu obradu vozila kroz mrežu partnera u Srbiji.","105","0","http://localhost:3000","200","false","404","1","H1:404 | H2:This page could not be found.","sr-Latn","Carsystem i R-M Inđija | Profesionalni refinish program","Profesionalni program za pripremu, farbanje, opremu i završnu obradu vozila kroz mrežu partnera u Srbiji.","","summary","Carsystem i R-M Inđija | Profesionalni refinish program","Profesionalni program za pripremu, farbanje, opremu i završnu obradu vozila kroz mrežu partnera u Srbiji.","","","false","4","0","","1","0","1","false","false"
"/site-u-pripremi","200","false","noindex, nofollow","Sajt u pripremi | Carsystem i R-M Inđija | Carsystem i R-M Inđija","65","0","Carsystem i R-M Inđija javni sajt je u završnoj pripremi za katalog, lokator partnera i tehničku podršku.","105","0","http://localhost:3000","200","false","Lakirnica dobija precizniji digitalni sistem.","1","H1:Lakirnica dobija precizniji digitalni sistem.","sr-Latn","Carsystem i R-M Inđija | Profesionalni refinish program","Profesionalni program za pripremu, farbanje, opremu i završnu obradu vozila kroz mrežu partnera u Srbiji.","","summary","Carsystem i R-M Inđija | Profesionalni refinish program","Profesionalni program za pripremu, farbanje, opremu i završnu obradu vozila kroz mrežu partnera u Srbiji.","","","false","0","0","","0","0","0","false","false"
"/social-exports/product-showcase","200","false","noindex, nofollow","Product showcase | Interni video eksport | Carsystem i R-M Inđija","65","0","Profesionalni program za pripremu, farbanje, opremu i završnu obradu vozila kroz mrežu partnera u Srbiji.","105","0","http://localhost:3000","200","false","Cosmos Lac sprej","1","H1:Cosmos Lac sprej","sr-Latn","Carsystem i R-M Inđija | Profesionalni refinish program","Profesionalni program za pripremu, farbanje, opremu i završnu obradu vozila kroz mrežu partnera u Srbiji.","","summary","Carsystem i R-M Inđija | Profesionalni refinish program","Profesionalni program za pripremu, farbanje, opremu i završnu obradu vozila kroz mrežu partnera u Srbiji.","","","false","0","0","","1","0","1","false","false"
"/social-exports/refinish-systems","200","false","noindex, nofollow","Refinish sistemi | Interni video eksport | Carsystem i R-M Inđija","65","0","Profesionalni program za pripremu, farbanje, opremu i završnu obradu vozila kroz mrežu partnera u Srbiji.","105","0","http://localhost:3000","200","false","","0","H2:Sistemi za ceo refinish tok. | H3:Boje i lakovi | H3:Priprema i abrazivi | H3:Pištolji i oprema | H3:Poliranje | H3:Potrošni materijal | H3:R-M: pregled kataloga","sr-Latn","Carsystem i R-M Inđija | Profesionalni refinish program","Profesionalni program za pripremu, farbanje, opremu i završnu obradu vozila kroz mrežu partnera u Srbiji.","","summary","Carsystem i R-M Inđija | Profesionalni refinish program","Profesionalni program za pripremu, farbanje, opremu i završnu obradu vozila kroz mrežu partnera u Srbiji.","","","false","9","0","","15","0","0","false","false"
"/social-exports/spray-reveal","200","false","noindex, nofollow","Spray reveal | Interni video eksport | Carsystem i R-M Inđija","61","0","Profesionalni program za pripremu, farbanje, opremu i završnu obradu vozila kroz mrežu partnera u Srbiji.","105","0","http://localhost:3000","200","false","","0","","sr-Latn","Carsystem i R-M Inđija | Profesionalni refinish program","Profesionalni program za pripremu, farbanje, opremu i završnu obradu vozila kroz mrežu partnera u Srbiji.","","summary","Carsystem i R-M Inđija | Profesionalni refinish program","Profesionalni program za pripremu, farbanje, opremu i završnu obradu vozila kroz mrežu partnera u Srbiji.","","","false","0","0","","2","0","2","false","false"
