"URL","Route type","Expected index","Actual indexable","HTTP status","Canonical","In sitemap","Redirect","Orphan"
"/","home","true","true","200","http://localhost:3000","true","","false"
"/brendovi","brand","true","true","200","http://localhost:3000/brendovi","true","","false"
"/brendovi/baslac","brand","true","true","200","http://localhost:3000/brendovi/baslac","true","","false"
"/brendovi/befar","brand","true","true","200","http://localhost:3000/brendovi/befar","true","","false"
"/brendovi/carfit","brand","true","true","200","http://localhost:3000/brendovi/carfit","true","","false"
"/brendovi/carsystem","brand","true","true","200","http://localhost:3000/brendovi/carsystem","true","","false"
"/brendovi/cosmos-lac","brand","true","true","200","http://localhost:3000/brendovi/cosmos-lac","true","","false"
"/brendovi/norbin","brand","true","true","200","http://localhost:3000/brendovi/norbin","true","","false"
"/brendovi/rm","brand","true","true","200","http://localhost:3000/brendovi/rm","true","","false"
"/brendovi/sata","brand","true","true","200","http://localhost:3000/brendovi/sata","true","","false"
"/interaction-demo/cursor-states","demo","false","false","200","http://localhost:3000","false","","false"
"/interaction-demo/footer-roller-reveal","demo","false","false","200","http://localhost:3000","false","","false"
"/interaction-demo/footer-roller-reveal-wide","demo","false","false","200","http://localhost:3000","false","","false"
"/interaction-demo/paint-takeover","demo","false","false","200","http://localhost:3000","false","","false"
"/interaction-demo/paint-takeover-final","demo","false","true","200","http://localhost:3000","false","","true"
"/interaction-demo/paint-takeover-final-art","demo","false","true","200","http://localhost:3000","false","","true"
"/interaction-demo/paint-takeover-final-art-entry","demo","false","true","200","http://localhost:3000","false","","true"
"/interaction-demo/paint-takeover-hybrid","demo","false","true","200","http://localhost:3000","false","","true"
"/interaction-demo/paint-takeover-reference-assimilation","demo","false","true","200","http://localhost:3000","false","","true"
"/interaction-demo/product-surface-reveal","demo","false","false","404","http://localhost:3000","false","","false"
"/interaction-demo/product-surface-reveal-single","demo","false","false","404","http://localhost:3000","false","","false"
"/interaction-demo/split-contact-cta","demo","false","false","200","http://localhost:3000","false","","false"
"/interaction-demo/split-contact-cta-wide","demo","false","false","200","http://localhost:3000","false","","false"
"/katalog","catalog","true","true","200","http://localhost:3000/katalog","true","","false"
"/katalog?brend=rm","filtered-catalog","false","true","200","http://localhost:3000/katalog","true","","false"
"/katalog?page=2","filtered-catalog","false","true","200","http://localhost:3000/katalog","true","","false"
"/katalog?q=lak","filtered-catalog","false","true","200","http://localhost:3000/katalog","true","","false"
"/katalog?sort=naziv","filtered-catalog","false","true","200","http://localhost:3000/katalog","true","","false"
"/kontakt","contact","true","true","200","http://localhost:3000/kontakt","true","","false"
"/preview","preview","false","false","307","","false","/","false"
"/preview/seo-audit","preview","false","false","307","","false","/","false"
"/prodavnice","store","true","true","200","http://localhost:3000/prodavnice","true","","false"
"/program","program","true","true","200","http://localhost:3000/program","true","","false"
"/program/boje-i-lakovi","program","true","true","200","http://localhost:3000/program/boje-i-lakovi","true","","false"
"/program/pistolji-i-oprema","program","true","true","200","http://localhost:3000/program/pistolji-i-oprema","true","","false"
"/program/poliranje","program","true","true","200","http://localhost:3000/program/poliranje","true","","false"
"/program/potrosni-materijal","program","true","true","200","http://localhost:3000/program/potrosni-materijal","true","","false"
"/program/priprema-i-abrazivi","program","true","true","200","http://localhost:3000/program/priprema-i-abrazivi","true","","false"
"/proizvodi/2210-onyx-activator","product","true","true","200","http://localhost:3000/proizvodi/2210-onyx-activator","true","","false"
"/proizvodi/2220-agilis-activator","product","true","true","200","http://localhost:3000/proizvodi/2220-agilis-activator","true","","false"
"/proizvodi/2520-onyx-easy-blender","product","true","true","200","http://localhost:3000/proizvodi/2520-onyx-easy-blender","true","","false"
"/proizvodi/2530-agilis-blender","product","true","true","200","http://localhost:3000/proizvodi/2530-agilis-blender","true","","false"
"/proizvodi/2560-agilis-amplifier","product","true","true","200","http://localhost:3000/proizvodi/2560-agilis-amplifier","true","","false"
"/proizvodi/2p15-air-tune-r","product","true","true","200","http://localhost:3000/proizvodi/2p15-air-tune-r","true","","false"
"/proizvodi/2p80-texture-tune-r","product","true","true","200","http://localhost:3000/proizvodi/2p80-texture-tune-r","true","","false"
"/proizvodi/b-2p93-uv-bodyfill-r","product","true","true","200","http://localhost:3000/proizvodi/b-2p93-uv-bodyfill-r","true","","false"
"/proizvodi/baslac-30-s510-s-serija","product","true","true","200","http://localhost:3000/proizvodi/baslac-30-s510-s-serija","true","","false"
"/proizvodi/baslac-35-m214","product","true","true","200","http://localhost:3000/proizvodi/baslac-35-m214","true","","false"
"/proizvodi/baslac-35-m331-pasta","product","true","true","200","http://localhost:3000/proizvodi/baslac-35-m331-pasta","true","","false"
"/proizvodi/baslac-60-20-razredjivac","product","true","true","200","http://localhost:3000/proizvodi/baslac-60-20-razredjivac","true","","false"
"/proizvodi/befar-sundjer-beli-25x150","product","true","true","200","http://localhost:3000/proizvodi/befar-sundjer-beli-25x150","true","","false"
"/proizvodi/befar-sundjer-beli-50x150","product","true","true","200","http://localhost:3000/proizvodi/befar-sundjer-beli-50x150","true","","false"
"/proizvodi/befar-sundjer-crni-25x150","product","true","true","200","http://localhost:3000/proizvodi/befar-sundjer-crni-25x150","true","","false"
"/proizvodi/befar-sundjer-crni-50x150","product","true","true","200","http://localhost:3000/proizvodi/befar-sundjer-crni-50x150","true","","false"
"/proizvodi/befar-sundjer-narandzasti-25x150","product","true","true","200","http://localhost:3000/proizvodi/befar-sundjer-narandzasti-25x150","true","","false"
"/proizvodi/befar-sundjer-narandzasti-50x150","product","true","true","200","http://localhost:3000/proizvodi/befar-sundjer-narandzasti-50x150","true","","false"
"/proizvodi/befar-sundjer-plavi-25x150","product","true","true","200","http://localhost:3000/proizvodi/befar-sundjer-plavi-25x150","true","","false"
"/proizvodi/befar-sundjer-plavi-50x150","product","true","true","200","http://localhost:3000/proizvodi/befar-sundjer-plavi-50x150","true","","false"
"/proizvodi/c-2a40-airtop","product","true","true","200","http://localhost:3000/proizvodi/c-2a40-airtop","true","","false"
"/proizvodi/c-2a46-ultratop","product","true","true","200","http://localhost:3000/proizvodi/c-2a46-ultratop","true","","false"
"/proizvodi/c-2a54-performtop","product","true","true","200","http://localhost:3000/proizvodi/c-2a54-performtop","true","","false"
"/proizvodi/c-2a57-mixtop","product","true","true","200","http://localhost:3000/proizvodi/c-2a57-mixtop","true","","false"
"/proizvodi/c-2a63-glosstop","product","true","true","200","http://localhost:3000/proizvodi/c-2a63-glosstop","true","","false"
"/proizvodi/c-2a64-glosstop","product","true","true","200","http://localhost:3000/proizvodi/c-2a64-glosstop","true","","false"
"/proizvodi/c-2a84-protecttop","product","true","true","200","http://localhost:3000/proizvodi/c-2a84-protecttop","true","","false"
"/proizvodi/c-2a93-mattop","product","true","true","200","http://localhost:3000/proizvodi/c-2a93-mattop","true","","false"
"/proizvodi/c-2e10-clear-coat-premixed","product","true","true","200","http://localhost:3000/proizvodi/c-2e10-clear-coat-premixed","true","","false"
"/proizvodi/c-2e50-clear-coat","product","true","true","200","http://localhost:3000/proizvodi/c-2e50-clear-coat","true","","false"
"/proizvodi/c-2p15-easy-finish-r","product","true","true","200","http://localhost:3000/proizvodi/c-2p15-easy-finish-r","true","","false"
"/proizvodi/c-2p30-uv-finish-r","product","true","true","200","http://localhost:3000/proizvodi/c-2p30-uv-finish-r","true","","false"
"/proizvodi/c-2p42-race-finish-r","product","true","true","200","http://localhost:3000/proizvodi/c-2p42-race-finish-r","true","","false"
"/proizvodi/c-2p45-speed-finish-r","product","true","true","200","http://localhost:3000/proizvodi/c-2p45-speed-finish-r","true","","false"
"/proizvodi/c-2p55-multi-finish-r","product","true","true","200","http://localhost:3000/proizvodi/c-2p55-multi-finish-r","true","","false"
"/proizvodi/c-2p62-bright-finish-r","product","true","true","200","http://localhost:3000/proizvodi/c-2p62-bright-finish-r","true","","false"
"/proizvodi/c-2p85-power-finish-r","product","true","true","200","http://localhost:3000/proizvodi/c-2p85-power-finish-r","true","","false"
"/proizvodi/c-2p91-mat-finish-r","product","true","true","200","http://localhost:3000/proizvodi/c-2p91-mat-finish-r","true","","false"
"/proizvodi/c-2p96-satin-finish-r","product","true","true","200","http://localhost:3000/proizvodi/c-2p96-satin-finish-r","true","","false"
"/proizvodi/c-5450-ghd-clear","product","true","true","200","http://localhost:3000/proizvodi/c-5450-ghd-clear","true","","false"
"/proizvodi/carfit-maskirna-folija-4x150m","product","true","true","200","http://localhost:3000/proizvodi/carfit-maskirna-folija-4x150m","true","","false"
"/proizvodi/carfit-maskirna-folija-4x5m","product","true","true","200","http://localhost:3000/proizvodi/carfit-maskirna-folija-4x5m","true","","false"
"/proizvodi/carsystem-f19-brusni-diskovi","product","true","true","200","http://localhost:3000/proizvodi/carsystem-f19-brusni-diskovi","true","","false"
"/proizvodi/carsystem-f23-brusni-diskovi","product","true","true","200","http://localhost:3000/proizvodi/carsystem-f23-brusni-diskovi","true","","false"
"/proizvodi/carsystem-finish-serija","product","true","true","200","http://localhost:3000/proizvodi/carsystem-finish-serija","true","","false"
"/proizvodi/carsystem-git-elastic-weiss","product","true","true","200","http://localhost:3000/proizvodi/carsystem-git-elastic-weiss","true","","false"
"/proizvodi/carsystem-git-multi-green","product","true","true","200","http://localhost:3000/proizvodi/carsystem-git-multi-green","true","","false"
"/proizvodi/carsystem-p19-brusni-diskovi","product","true","true","200","http://localhost:3000/proizvodi/carsystem-p19-brusni-diskovi","true","","false"
"/proizvodi/carsystem-p23-brusni-diskovi","product","true","true","200","http://localhost:3000/proizvodi/carsystem-p23-brusni-diskovi","true","","false"
"/proizvodi/carsystem-soft-plus-git","product","true","true","200","http://localhost:3000/proizvodi/carsystem-soft-plus-git","true","","false"
"/proizvodi/carsystem-zastitno-odelo","product","true","true","200","http://localhost:3000/proizvodi/carsystem-zastitno-odelo","true","","false"
"/proizvodi/cosmos-lac-automotive-030-400-ml-prefilled-030-1k","product","true","true","200","http://localhost:3000/proizvodi/cosmos-lac-automotive-030-400-ml-prefilled-030-1k","true","","false"
"/proizvodi/cosmos-lac-automotive-250-400-ml-antichip-250-white","product","true","true","200","http://localhost:3000/proizvodi/cosmos-lac-automotive-250-400-ml-antichip-250-white","true","","false"
"/proizvodi/cosmos-lac-automotive-251-400-ml-antichip-251-black","product","true","true","200","http://localhost:3000/proizvodi/cosmos-lac-automotive-251-400-ml-antichip-251-black","true","","false"
"/proizvodi/cosmos-lac-automotive-252-400-ml-antichip-252-grey","product","true","true","200","http://localhost:3000/proizvodi/cosmos-lac-automotive-252-400-ml-antichip-252-grey","true","","false"
"/proizvodi/cosmos-lac-automotive-510-400-ml-vinyl-fabric-510-black","product","true","true","200","http://localhost:3000/proizvodi/cosmos-lac-automotive-510-400-ml-vinyl-fabric-510-black","true","","false"
"/proizvodi/cosmos-lac-automotive-560-400-ml-bumper-paint-560-white","product","true","true","200","http://localhost:3000/proizvodi/cosmos-lac-automotive-560-400-ml-bumper-paint-560-white","true","","false"
"/proizvodi/cosmos-lac-automotive-561-400-ml-bumper-paint-561-black","product","true","true","200","http://localhost:3000/proizvodi/cosmos-lac-automotive-561-400-ml-bumper-paint-561-black","true","","false"
"/proizvodi/cosmos-lac-automotive-562-400-ml-bumper-paint-562-grey","product","true","true","200","http://localhost:3000/proizvodi/cosmos-lac-automotive-562-400-ml-bumper-paint-562-grey","true","","false"
"/proizvodi/cosmos-lac-automotive-563-400-ml-bumper-paint-563-anthracite","product","true","true","200","http://localhost:3000/proizvodi/cosmos-lac-automotive-563-400-ml-bumper-paint-563-anthracite","true","","false"
"/proizvodi/cosmos-lac-automotive-564-400-ml-bumper-paint-564-black-structure","product","true","true","200","http://localhost:3000/proizvodi/cosmos-lac-automotive-564-400-ml-bumper-paint-564-black-structure","true","","false"
"/proizvodi/cosmos-lac-automotive-701-400-ml-brake-caliper-engine-paint-701-red","product","true","true","200","http://localhost:3000/proizvodi/cosmos-lac-automotive-701-400-ml-brake-caliper-engine-paint-701-red","true","","false"
"/proizvodi/cosmos-lac-automotive-702-400-ml-brake-caliper-engine-paint-702-yellow","product","true","true","200","http://localhost:3000/proizvodi/cosmos-lac-automotive-702-400-ml-brake-caliper-engine-paint-702-yellow","true","","false"
"/proizvodi/cosmos-lac-automotive-703-400-ml-brake-caliper-engine-paint-703-blue","product","true","true","200","http://localhost:3000/proizvodi/cosmos-lac-automotive-703-400-ml-brake-caliper-engine-paint-703-blue","true","","false"
"/proizvodi/cosmos-lac-automotive-711-400-ml-backlight-711-black","product","true","true","200","http://localhost:3000/proizvodi/cosmos-lac-automotive-711-400-ml-backlight-711-black","true","","false"
"/proizvodi/cosmos-lac-automotive-712-400-ml-backlight-712-red","product","true","true","200","http://localhost:3000/proizvodi/cosmos-lac-automotive-712-400-ml-backlight-712-red","true","","false"
"/proizvodi/cosmos-lac-automotive-719-200-ml-quick-start-719","product","true","true","200","http://localhost:3000/proizvodi/cosmos-lac-automotive-719-200-ml-quick-start-719","true","","false"
"/proizvodi/cosmos-lac-chalk-effect-cl-n01-mat-400-ml-chalk-effect-n01-charcoal","product","true","true","200","http://localhost:3000/proizvodi/cosmos-lac-chalk-effect-cl-n01-mat-400-ml-chalk-effect-n01-charcoal","true","","false"
"/proizvodi/cosmos-lac-chalk-effect-cl-n02-mat-400-ml-chalk-effect-n02-pure-white","product","true","true","200","http://localhost:3000/proizvodi/cosmos-lac-chalk-effect-cl-n02-mat-400-ml-chalk-effect-n02-pure-white","true","","false"
"/proizvodi/cosmos-lac-chalk-effect-cl-n03-mat-400-ml-chalk-effect-n03-cloudy-white","product","true","true","200","http://localhost:3000/proizvodi/cosmos-lac-chalk-effect-cl-n03-mat-400-ml-chalk-effect-n03-cloudy-white","true","","false"
"/proizvodi/cosmos-lac-chalk-effect-cl-n04-mat-400-ml-chalk-effect-n04-cream","product","true","true","200","http://localhost:3000/proizvodi/cosmos-lac-chalk-effect-cl-n04-mat-400-ml-chalk-effect-n04-cream","true","","false"
"/proizvodi/cosmos-lac-chalk-effect-cl-n05-mat-400-ml-chalk-effect-n05-dolphin-grey","product","true","true","200","http://localhost:3000/proizvodi/cosmos-lac-chalk-effect-cl-n05-mat-400-ml-chalk-effect-n05-dolphin-grey","true","","false"
"/proizvodi/cosmos-lac-chalk-effect-cl-n06-mat-400-ml-chalk-effect-n06-english-manor","product","true","true","200","http://localhost:3000/proizvodi/cosmos-lac-chalk-effect-cl-n06-mat-400-ml-chalk-effect-n06-english-manor","true","","false"
"/proizvodi/cosmos-lac-chalk-effect-cl-n07-mat-400-ml-chalk-effect-n07-duck-egg-blue","product","true","true","200","http://localhost:3000/proizvodi/cosmos-lac-chalk-effect-cl-n07-mat-400-ml-chalk-effect-n07-duck-egg-blue","true","","false"
"/proizvodi/cosmos-lac-chalk-effect-cl-n08-mat-400-ml-chalk-effect-n08-scottish-green","product","true","true","200","http://localhost:3000/proizvodi/cosmos-lac-chalk-effect-cl-n08-mat-400-ml-chalk-effect-n08-scottish-green","true","","false"
"/proizvodi/cosmos-lac-chalk-effect-cl-n09-mat-400-ml-chalk-effect-n09-moroccan-turquoise","product","true","true","200","http://localhost:3000/proizvodi/cosmos-lac-chalk-effect-cl-n09-mat-400-ml-chalk-effect-n09-moroccan-turquoise","true","","false"
"/proizvodi/cosmos-lac-chalk-effect-cl-n10-mat-400-ml-chalk-effect-n10-dirty-lilac","product","true","true","200","http://localhost:3000/proizvodi/cosmos-lac-chalk-effect-cl-n10-mat-400-ml-chalk-effect-n10-dirty-lilac","true","","false"
"/proizvodi/cosmos-lac-chalk-effect-cl-n11-mat-400-ml-chalk-effect-n11-budapest-pink","product","true","true","200","http://localhost:3000/proizvodi/cosmos-lac-chalk-effect-cl-n11-mat-400-ml-chalk-effect-n11-budapest-pink","true","","false"
"/proizvodi/cosmos-lac-chalk-effect-cl-n12-mat-400-ml-chalk-effect-n12-bubblegum","product","true","true","200","http://localhost:3000/proizvodi/cosmos-lac-chalk-effect-cl-n12-mat-400-ml-chalk-effect-n12-bubblegum","true","","false"
"/proizvodi/cosmos-lac-chalk-effect-cl-n13-mat-400-ml-chalk-effect-n13-vanilla","product","true","true","200","http://localhost:3000/proizvodi/cosmos-lac-chalk-effect-cl-n13-mat-400-ml-chalk-effect-n13-vanilla","true","","false"
"/proizvodi/cosmos-lac-chalk-effect-cl-n14-mat-400-ml-chalk-effect-n14-greek-blue","product","true","true","200","http://localhost:3000/proizvodi/cosmos-lac-chalk-effect-cl-n14-mat-400-ml-chalk-effect-n14-greek-blue","true","","false"
"/proizvodi/cosmos-lac-chalk-effect-cl-n15-mat-400-ml-chalk-effect-n15-royal-blue","product","true","true","200","http://localhost:3000/proizvodi/cosmos-lac-chalk-effect-cl-n15-mat-400-ml-chalk-effect-n15-royal-blue","true","","false"
"/proizvodi/cosmos-lac-chalk-effect-cl-n16-mat-400-ml-chalk-effect-n16-aegean-blue","product","true","true","200","http://localhost:3000/proizvodi/cosmos-lac-chalk-effect-cl-n16-mat-400-ml-chalk-effect-n16-aegean-blue","true","","false"
"/proizvodi/cosmos-lac-chalk-effect-cl-n17-mat-400-ml-chalk-effect-n17-tuscan-sunset","product","true","true","200","http://localhost:3000/proizvodi/cosmos-lac-chalk-effect-cl-n17-mat-400-ml-chalk-effect-n17-tuscan-sunset","true","","false"
"/proizvodi/cosmos-lac-chalk-effect-cl-n18-mat-400-ml-chalk-effect-n18-indian-green","product","true","true","200","http://localhost:3000/proizvodi/cosmos-lac-chalk-effect-cl-n18-mat-400-ml-chalk-effect-n18-indian-green","true","","false"
"/proizvodi/cosmos-lac-chalk-effect-cl-n19-mat-400-ml-chalk-effect-n19-dark-sangria","product","true","true","200","http://localhost:3000/proizvodi/cosmos-lac-chalk-effect-cl-n19-mat-400-ml-chalk-effect-n19-dark-sangria","true","","false"
"/proizvodi/cosmos-lac-chalk-effect-cl-n20-mat-400-ml-chalk-effect-n20-shadow-grey","product","true","true","200","http://localhost:3000/proizvodi/cosmos-lac-chalk-effect-cl-n20-mat-400-ml-chalk-effect-n20-shadow-grey","true","","false"
"/proizvodi/cosmos-lac-chalk-effect-cl-n21-mat-400-ml-chalk-effect-n21-coral-blush","product","true","true","200","http://localhost:3000/proizvodi/cosmos-lac-chalk-effect-cl-n21-mat-400-ml-chalk-effect-n21-coral-blush","true","","false"
"/proizvodi/cosmos-lac-chalk-effect-cl-n22-mat-400-ml-chalk-effect-n22-bloodstone","product","true","true","200","http://localhost:3000/proizvodi/cosmos-lac-chalk-effect-cl-n22-mat-400-ml-chalk-effect-n22-bloodstone","true","","false"
"/proizvodi/cosmos-lac-chalk-effect-cl-n23-mat-400-ml-chalk-effect-n23-khaki-brown","product","true","true","200","http://localhost:3000/proizvodi/cosmos-lac-chalk-effect-cl-n23-mat-400-ml-chalk-effect-n23-khaki-brown","true","","false"
"/proizvodi/cosmos-lac-chalk-effect-cl-n24-mat-400-ml-chalk-effect-n24-latte","product","true","true","200","http://localhost:3000/proizvodi/cosmos-lac-chalk-effect-cl-n24-mat-400-ml-chalk-effect-n24-latte","true","","false"
"/proizvodi/cosmos-lac-chalk-effect-cl-n25-mat-400-ml-chalk-effect-n25-versailles-gold","product","true","true","200","http://localhost:3000/proizvodi/cosmos-lac-chalk-effect-cl-n25-mat-400-ml-chalk-effect-n25-versailles-gold","true","","false"
"/proizvodi/cosmos-lac-chalk-effect-cl-n26-mat-400-ml-chalk-effect-n26-cream-linen","product","true","true","200","http://localhost:3000/proizvodi/cosmos-lac-chalk-effect-cl-n26-mat-400-ml-chalk-effect-n26-cream-linen","true","","false"
"/proizvodi/cosmos-lac-chalk-effect-cl-n27-mat-400-ml-chalk-effect-n27-nordic-olive","product","true","true","200","http://localhost:3000/proizvodi/cosmos-lac-chalk-effect-cl-n27-mat-400-ml-chalk-effect-n27-nordic-olive","true","","false"
"/proizvodi/cosmos-lac-chalk-effect-cl-n28-mat-400-ml-chalk-effect-n28-velvet-citrus","product","true","true","200","http://localhost:3000/proizvodi/cosmos-lac-chalk-effect-cl-n28-mat-400-ml-chalk-effect-n28-velvet-citrus","true","","false"
"/proizvodi/cosmos-lac-chalk-effect-cl-n29-mat-400-ml-chalk-effect-n29-imperial-violet","product","true","true","200","http://localhost:3000/proizvodi/cosmos-lac-chalk-effect-cl-n29-mat-400-ml-chalk-effect-n29-imperial-violet","true","","false"
"/proizvodi/cosmos-lac-chalk-effect-cl-n30-mat-400-ml-chalk-effect-n30-ashen-lavender","product","true","true","200","http://localhost:3000/proizvodi/cosmos-lac-chalk-effect-cl-n30-mat-400-ml-chalk-effect-n30-ashen-lavender","true","","false"
"/proizvodi/cosmos-lac-chalk-effect-cl-n31-mat-400-ml-chalk-effect-n31-salmon-di-venezia","product","true","true","200","http://localhost:3000/proizvodi/cosmos-lac-chalk-effect-cl-n31-mat-400-ml-chalk-effect-n31-salmon-di-venezia","true","","false"
"/proizvodi/cosmos-lac-chalk-effect-cl-n32-mat-400-ml-chalk-effect-n32-smoked-fig","product","true","true","200","http://localhost:3000/proizvodi/cosmos-lac-chalk-effect-cl-n32-mat-400-ml-chalk-effect-n32-smoked-fig","true","","false"
"/proizvodi/cosmos-lac-chalk-effect-cl-n33-mat-400-ml-chalk-effect-n33-british-biscuit","product","true","true","200","http://localhost:3000/proizvodi/cosmos-lac-chalk-effect-cl-n33-mat-400-ml-chalk-effect-n33-british-biscuit","true","","false"
"/proizvodi/cosmos-lac-chalk-effect-cl-n52-mat-400-ml-chalk-effect-n52-matt-varnish","product","true","true","200","http://localhost:3000/proizvodi/cosmos-lac-chalk-effect-cl-n52-mat-400-ml-chalk-effect-n52-matt-varnish","true","","false"
"/proizvodi/cosmos-lac-cleaners-205-400-ml-contact-cleaner-205","product","true","true","200","http://localhost:3000/proizvodi/cosmos-lac-cleaners-205-400-ml-contact-cleaner-205","true","","true"
"/proizvodi/cosmos-lac-cleaners-718-400-ml-sticker-glue-remover-718","product","true","true","200","http://localhost:3000/proizvodi/cosmos-lac-cleaners-718-400-ml-sticker-glue-remover-718","true","","true"
"/proizvodi/cosmos-lac-cleaners-732-400-ml-air-duster-732","product","true","true","200","http://localhost:3000/proizvodi/cosmos-lac-cleaners-732-400-ml-air-duster-732","true","","true"
"/proizvodi/cosmos-lac-cleaners-733-400-ml-paint-remover-733","product","true","true","200","http://localhost:3000/proizvodi/cosmos-lac-cleaners-733-400-ml-paint-remover-733","true","","true"
"/proizvodi/cosmos-lac-cleaners-750-400-ml-brake-cleaner-750","product","true","true","200","http://localhost:3000/proizvodi/cosmos-lac-cleaners-750-400-ml-brake-cleaner-750","true","","true"
"/proizvodi/cosmos-lac-cleaners-751-400-ml-carburetor-cleaner-751","product","true","true","200","http://localhost:3000/proizvodi/cosmos-lac-cleaners-751-400-ml-carburetor-cleaner-751","true","","true"
"/proizvodi/cosmos-lac-cleaners-752-400-ml-textile-cleaner-752","product","true","true","200","http://localhost:3000/proizvodi/cosmos-lac-cleaners-752-400-ml-textile-cleaner-752","true","","true"
"/proizvodi/cosmos-lac-easy-max-cl-800-ral-9010-400-ml-easy-max-ral-9010-800-white","product","true","true","200","http://localhost:3000/proizvodi/cosmos-lac-easy-max-cl-800-ral-9010-400-ml-easy-max-ral-9010-800-white","true","","false"
"/proizvodi/cosmos-lac-easy-max-cl-801-ral-9001-400-ml-easy-max-ral-9001-801-cream-white","product","true","true","200","http://localhost:3000/proizvodi/cosmos-lac-easy-max-cl-801-ral-9001-400-ml-easy-max-ral-9001-801-cream-white","true","","false"
"/proizvodi/cosmos-lac-easy-max-cl-802-ral-9002-400-ml-easy-max-ral-9002-802-grey-white","product","true","true","200","http://localhost:3000/proizvodi/cosmos-lac-easy-max-cl-802-ral-9002-400-ml-easy-max-ral-9002-802-grey-white","true","","false"
"/proizvodi/cosmos-lac-easy-max-cl-803-ral-9005-400-ml-easy-max-ral-9005-803-black","product","true","true","200","http://localhost:3000/proizvodi/cosmos-lac-easy-max-cl-803-ral-9005-400-ml-easy-max-ral-9005-803-black","true","","false"
"/proizvodi/cosmos-lac-easy-max-cl-804-ral-7021-400-ml-easy-max-ral-7021-804-black-grey","product","true","true","200","http://localhost:3000/proizvodi/cosmos-lac-easy-max-cl-804-ral-7021-400-ml-easy-max-ral-7021-804-black-grey","true","","false"
"/proizvodi/cosmos-lac-easy-max-cl-805-ral-7011-400-ml-easy-max-ral-7011-805-iron-grey","product","true","true","200","http://localhost:3000/proizvodi/cosmos-lac-easy-max-cl-805-ral-7011-400-ml-easy-max-ral-7011-805-iron-grey","true","","false"
"/proizvodi/cosmos-lac-easy-max-cl-806-ral-7015-400-ml-easy-max-ral-7015-806-dark-grey","product","true","true","200","http://localhost:3000/proizvodi/cosmos-lac-easy-max-cl-806-ral-7015-400-ml-easy-max-ral-7015-806-dark-grey","true","","false"
"/proizvodi/cosmos-lac-easy-max-cl-807-ral-7040-400-ml-easy-max-ral-7040-807-grey","product","true","true","200","http://localhost:3000/proizvodi/cosmos-lac-easy-max-cl-807-ral-7040-400-ml-easy-max-ral-7040-807-grey","true","","false"
"/proizvodi/cosmos-lac-easy-max-cl-808-ral-7033-400-ml-easy-max-ral-7033-808-cement-grey","product","true","true","200","http://localhost:3000/proizvodi/cosmos-lac-easy-max-cl-808-ral-7033-400-ml-easy-max-ral-7033-808-cement-grey","true","","false"
"/proizvodi/cosmos-lac-easy-max-cl-809-ral-1015-400-ml-easy-max-ral-1015-809-light-ivory","product","true","true","200","http://localhost:3000/proizvodi/cosmos-lac-easy-max-cl-809-ral-1015-400-ml-easy-max-ral-1015-809-light-ivory","true","","false"
"/proizvodi/cosmos-lac-easy-max-cl-810-ral-3004-400-ml-easy-max-ral-3004-810-purple-red","product","true","true","200","http://localhost:3000/proizvodi/cosmos-lac-easy-max-cl-810-ral-3004-400-ml-easy-max-ral-3004-810-purple-red","true","","false"
"/proizvodi/cosmos-lac-easy-max-cl-811-ral-3002-400-ml-easy-max-ral-3002-811-dark-red","product","true","true","200","http://localhost:3000/proizvodi/cosmos-lac-easy-max-cl-811-ral-3002-400-ml-easy-max-ral-3002-811-dark-red","true","","false"
"/proizvodi/cosmos-lac-easy-max-cl-812-ral-3020-400-ml-easy-max-ral-3020-812-red","product","true","true","200","http://localhost:3000/proizvodi/cosmos-lac-easy-max-cl-812-ral-3020-400-ml-easy-max-ral-3020-812-red","true","","false"
"/proizvodi/cosmos-lac-easy-max-cl-813-ral-1018-400-ml-easy-max-ral-1018-813-yellow","product","true","true","200","http://localhost:3000/proizvodi/cosmos-lac-easy-max-cl-813-ral-1018-400-ml-easy-max-ral-1018-813-yellow","true","","false"
"/proizvodi/cosmos-lac-easy-max-cl-814-ral-6001-400-ml-easy-max-ral-6001-814-dark-green","product","true","true","200","http://localhost:3000/proizvodi/cosmos-lac-easy-max-cl-814-ral-6001-400-ml-easy-max-ral-6001-814-dark-green","true","","false"
"/proizvodi/cosmos-lac-easy-max-cl-815-ral-8011-400-ml-easy-max-ral-8011-815-brown","product","true","true","200","http://localhost:3000/proizvodi/cosmos-lac-easy-max-cl-815-ral-8011-400-ml-easy-max-ral-8011-815-brown","true","","false"
"/proizvodi/cosmos-lac-easy-max-cl-816-ral-5005-400-ml-easy-max-ral-5005-816-dark-blue","product","true","true","200","http://localhost:3000/proizvodi/cosmos-lac-easy-max-cl-816-ral-5005-400-ml-easy-max-ral-5005-816-dark-blue","true","","false"
"/proizvodi/cosmos-lac-easy-max-cl-817-ral-5012-400-ml-easy-max-ral-5012-817-blue","product","true","true","200","http://localhost:3000/proizvodi/cosmos-lac-easy-max-cl-817-ral-5012-400-ml-easy-max-ral-5012-817-blue","true","","false"
"/proizvodi/cosmos-lac-easy-max-cl-818-ral-5010-400-ml-easy-max-ral-5010-818-gentian-blue","product","true","true","200","http://localhost:3000/proizvodi/cosmos-lac-easy-max-cl-818-ral-5010-400-ml-easy-max-ral-5010-818-gentian-blue","true","","false"
"/proizvodi/cosmos-lac-easy-max-cl-819-ral-5018-400-ml-easy-max-ral-5018-819-turquoise-blue","product","true","true","200","http://localhost:3000/proizvodi/cosmos-lac-easy-max-cl-819-ral-5018-400-ml-easy-max-ral-5018-819-turquoise-blue","true","","false"
"/proizvodi/cosmos-lac-easy-max-cl-823-ral-1007-400-ml-easy-max-ral-1007-823-daffodil-yellow","product","true","true","200","http://localhost:3000/proizvodi/cosmos-lac-easy-max-cl-823-ral-1007-400-ml-easy-max-ral-1007-823-daffodil-yellow","true","","false"
"/proizvodi/cosmos-lac-easy-max-cl-824-ral-5013-400-ml-easy-max-ral-5013-824-cobalt-blue","product","true","true","200","http://localhost:3000/proizvodi/cosmos-lac-easy-max-cl-824-ral-5013-400-ml-easy-max-ral-5013-824-cobalt-blue","true","","false"
"/proizvodi/cosmos-lac-easy-max-cl-825-ral-6011-400-ml-easy-max-ral-6011-825-reseda-green","product","true","true","200","http://localhost:3000/proizvodi/cosmos-lac-easy-max-cl-825-ral-6011-400-ml-easy-max-ral-6011-825-reseda-green","true","","false"
"/proizvodi/cosmos-lac-easy-max-cl-826-ral-8004-400-ml-easy-max-ral-8004-826-copper-brown","product","true","true","200","http://localhost:3000/proizvodi/cosmos-lac-easy-max-cl-826-ral-8004-400-ml-easy-max-ral-8004-826-copper-brown","true","","false"
"/proizvodi/cosmos-lac-easy-max-cl-830-ral-8003-400-ml-easy-max-ral-8003-830-clay-brown","product","true","true","200","http://localhost:3000/proizvodi/cosmos-lac-easy-max-cl-830-ral-8003-400-ml-easy-max-ral-8003-830-clay-brown","true","","false"
"/proizvodi/cosmos-lac-easy-max-cl-831-ral-2010-400-ml-easy-max-ral-2010-831-orange","product","true","true","200","http://localhost:3000/proizvodi/cosmos-lac-easy-max-cl-831-ral-2010-400-ml-easy-max-ral-2010-831-orange","true","","false"
"/proizvodi/cosmos-lac-easy-max-cl-860-ral-6018-400-ml-easy-max-ral-6018-860-green","product","true","true","200","http://localhost:3000/proizvodi/cosmos-lac-easy-max-cl-860-ral-6018-400-ml-easy-max-ral-6018-860-green","true","","false"
"/proizvodi/cosmos-lac-easy-max-cl-861-ral-6005-400-ml-easy-max-ral-6005-861-moss-green","product","true","true","200","http://localhost:3000/proizvodi/cosmos-lac-easy-max-cl-861-ral-6005-400-ml-easy-max-ral-6005-861-moss-green","true","","false"
"/proizvodi/cosmos-lac-easy-max-cl-868-ral-4010-400-ml-easy-max-ral-4010-868-magenta","product","true","true","200","http://localhost:3000/proizvodi/cosmos-lac-easy-max-cl-868-ral-4010-400-ml-easy-max-ral-4010-868-magenta","true","","false"
"/proizvodi/cosmos-lac-easy-max-cl-870-ral-4005-400-ml-easy-max-ral-4005-870-blue-lilac","product","true","true","200","http://localhost:3000/proizvodi/cosmos-lac-easy-max-cl-870-ral-4005-400-ml-easy-max-ral-4005-870-blue-lilac","true","","false"
"/proizvodi/cosmos-lac-easy-max-cl-871-400-ml-easy-max-871-pastel-beige","product","true","true","200","http://localhost:3000/proizvodi/cosmos-lac-easy-max-cl-871-400-ml-easy-max-871-pastel-beige","true","","false"
"/proizvodi/cosmos-lac-easy-max-cl-872-400-ml-easy-max-872-pastel-pink","product","true","true","200","http://localhost:3000/proizvodi/cosmos-lac-easy-max-cl-872-400-ml-easy-max-872-pastel-pink","true","","false"
"/proizvodi/cosmos-lac-easy-max-cl-873-400-ml-easy-max-873-pastel-green","product","true","true","200","http://localhost:3000/proizvodi/cosmos-lac-easy-max-cl-873-400-ml-easy-max-873-pastel-green","true","","false"
"/proizvodi/cosmos-lac-easy-max-cl-874-400-ml-easy-max-874-pastel-yellow","product","true","true","200","http://localhost:3000/proizvodi/cosmos-lac-easy-max-cl-874-400-ml-easy-max-874-pastel-yellow","true","","false"
"/proizvodi/cosmos-lac-easy-max-cl-875-400-ml-easy-max-875-pastel-blue","product","true","true","200","http://localhost:3000/proizvodi/cosmos-lac-easy-max-cl-875-400-ml-easy-max-875-pastel-blue","true","","false"
"/proizvodi/cosmos-lac-easy-max-cl-876-400-ml-easy-max-876-pastel-mocca","product","true","true","200","http://localhost:3000/proizvodi/cosmos-lac-easy-max-cl-876-400-ml-easy-max-876-pastel-mocca","true","","false"
"/proizvodi/cosmos-lac-easy-max-cl-900-400-ml-easy-max-metallic-900-pewter-silver","product","true","true","200","http://localhost:3000/proizvodi/cosmos-lac-easy-max-cl-900-400-ml-easy-max-metallic-900-pewter-silver","true","","false"
"/proizvodi/cosmos-lac-easy-max-cl-901-400-ml-easy-max-metallic-901-gold","product","true","true","200","http://localhost:3000/proizvodi/cosmos-lac-easy-max-cl-901-400-ml-easy-max-metallic-901-gold","true","","false"
"/proizvodi/cosmos-lac-easy-max-cl-902-400-ml-easy-max-metallic-902-bronze","product","true","true","200","http://localhost:3000/proizvodi/cosmos-lac-easy-max-cl-902-400-ml-easy-max-metallic-902-bronze","true","","false"
"/proizvodi/cosmos-lac-easy-max-cl-903-400-ml-easy-max-metallic-903-copper","product","true","true","200","http://localhost:3000/proizvodi/cosmos-lac-easy-max-cl-903-400-ml-easy-max-metallic-903-copper","true","","false"
"/proizvodi/cosmos-lac-easy-max-cl-910-400-ml-easy-max-glitter-910-silver","product","true","true","200","http://localhost:3000/proizvodi/cosmos-lac-easy-max-cl-910-400-ml-easy-max-glitter-910-silver","true","","false"
"/proizvodi/cosmos-lac-easy-max-cl-911-400-ml-easy-max-glitter-911-gold","product","true","true","200","http://localhost:3000/proizvodi/cosmos-lac-easy-max-cl-911-400-ml-easy-max-glitter-911-gold","true","","false"
"/proizvodi/cosmos-lac-easy-max-cl-920-400-ml-easy-max-marble-effect-920-white","product","true","true","200","http://localhost:3000/proizvodi/cosmos-lac-easy-max-cl-920-400-ml-easy-max-marble-effect-920-white","true","","false"
"/proizvodi/cosmos-lac-easy-max-cl-921-400-ml-easy-max-marble-effect-921-black","product","true","true","200","http://localhost:3000/proizvodi/cosmos-lac-easy-max-cl-921-400-ml-easy-max-marble-effect-921-black","true","","false"
"/proizvodi/cosmos-lac-easy-max-cl-922-400-ml-easy-max-marble-effect-922-gold","product","true","true","200","http://localhost:3000/proizvodi/cosmos-lac-easy-max-cl-922-400-ml-easy-max-marble-effect-922-gold","true","","false"
"/proizvodi/cosmos-lac-easy-max-cl-923-400-ml-easy-max-marble-effect-923-silver","product","true","true","200","http://localhost:3000/proizvodi/cosmos-lac-easy-max-cl-923-400-ml-easy-max-marble-effect-923-silver","true","","false"
"/proizvodi/cosmos-lac-easy-max-cl-930-400-ml-easy-max-granite-effect-930-grey","product","true","true","200","http://localhost:3000/proizvodi/cosmos-lac-easy-max-cl-930-400-ml-easy-max-granite-effect-930-grey","true","","false"
"/proizvodi/cosmos-lac-easy-max-cl-931-400-ml-easy-max-granite-effect-931-beige","product","true","true","200","http://localhost:3000/proizvodi/cosmos-lac-easy-max-cl-931-400-ml-easy-max-granite-effect-931-beige","true","","false"
"/proizvodi/cosmos-lac-easy-max-cl-932-400-ml-easy-max-granite-effect-932-terraccota","product","true","true","200","http://localhost:3000/proizvodi/cosmos-lac-easy-max-cl-932-400-ml-easy-max-granite-effect-932-terraccota","true","","false"
"/proizvodi/cosmos-lac-easy-max-cl-933-400-ml-easy-max-granite-effect-933-black","product","true","true","200","http://localhost:3000/proizvodi/cosmos-lac-easy-max-cl-933-400-ml-easy-max-granite-effect-933-black","true","","false"
"/proizvodi/cosmos-lac-easy-max-cl-940-400-ml-easy-max-sand-effect-940-beige","product","true","true","200","http://localhost:3000/proizvodi/cosmos-lac-easy-max-cl-940-400-ml-easy-max-sand-effect-940-beige","true","","false"
"/proizvodi/cosmos-lac-easy-max-cl-941-400-ml-easy-max-sand-effect-941-grey","product","true","true","200","http://localhost:3000/proizvodi/cosmos-lac-easy-max-cl-941-400-ml-easy-max-sand-effect-941-grey","true","","false"
"/proizvodi/cosmos-lac-effect-450-400-ml-chrome-effect-450","product","true","true","200","http://localhost:3000/proizvodi/cosmos-lac-effect-450-400-ml-chrome-effect-450","true","","true"
"/proizvodi/cosmos-lac-effect-451-400-ml-gold-effect-451","product","true","true","200","http://localhost:3000/proizvodi/cosmos-lac-effect-451-400-ml-gold-effect-451","true","","true"
"/proizvodi/cosmos-lac-fast-acrylic-r307-sjaj-400-ml-fast-acrylic-r307-bright-silver","product","true","true","200","http://localhost:3000/proizvodi/cosmos-lac-fast-acrylic-r307-sjaj-400-ml-fast-acrylic-r307-bright-silver","true","","false"
"/proizvodi/cosmos-lac-fast-acrylic-r308-sjaj-400-ml-fast-acrylic-r308-bright-gold","product","true","true","200","http://localhost:3000/proizvodi/cosmos-lac-fast-acrylic-r308-sjaj-400-ml-fast-acrylic-r308-bright-gold","true","","false"
"/proizvodi/cosmos-lac-fast-acrylic-ral-1007-sjaj-400-ml-fast-acrylic-ral-1007-daffodil-yellow","product","true","true","200","http://localhost:3000/proizvodi/cosmos-lac-fast-acrylic-ral-1007-sjaj-400-ml-fast-acrylic-ral-1007-daffodil-yellow","true","","false"
"/proizvodi/cosmos-lac-fast-acrylic-ral-1015-sjaj-400-ml-fast-acrylic-ral-1015-light-ivory","product","true","true","200","http://localhost:3000/proizvodi/cosmos-lac-fast-acrylic-ral-1015-sjaj-400-ml-fast-acrylic-ral-1015-light-ivory","true","","false"
"/proizvodi/cosmos-lac-fast-acrylic-ral-1018-sjaj-400-ml-fast-acrylic-ral-1018-zinc-yellow","product","true","true","200","http://localhost:3000/proizvodi/cosmos-lac-fast-acrylic-ral-1018-sjaj-400-ml-fast-acrylic-ral-1018-zinc-yellow","true","","false"
"/proizvodi/cosmos-lac-fast-acrylic-ral-2003-sjaj-400-ml-fast-acrylic-ral-2003-pastel-orange","product","true","true","200","http://localhost:3000/proizvodi/cosmos-lac-fast-acrylic-ral-2003-sjaj-400-ml-fast-acrylic-ral-2003-pastel-orange","true","","false"
"/proizvodi/cosmos-lac-fast-acrylic-ral-2010-sjaj-400-ml-fast-acrylic-ral-2010-signal-orange","product","true","true","200","http://localhost:3000/proizvodi/cosmos-lac-fast-acrylic-ral-2010-sjaj-400-ml-fast-acrylic-ral-2010-signal-orange","true","","false"
"/proizvodi/cosmos-lac-fast-acrylic-ral-3000-sjaj-400-ml-fast-acrylic-ral-3000-flame-red","product","true","true","200","http://localhost:3000/proizvodi/cosmos-lac-fast-acrylic-ral-3000-sjaj-400-ml-fast-acrylic-ral-3000-flame-red","true","","false"
"/proizvodi/cosmos-lac-fast-acrylic-ral-3002-sjaj-400-ml-fast-acrylic-ral-3002-carmine-red","product","true","true","200","http://localhost:3000/proizvodi/cosmos-lac-fast-acrylic-ral-3002-sjaj-400-ml-fast-acrylic-ral-3002-carmine-red","true","","false"
"/proizvodi/cosmos-lac-fast-acrylic-ral-3003-sjaj-400-ml-fast-acrylic-ral-3003-ruby-red","product","true","true","200","http://localhost:3000/proizvodi/cosmos-lac-fast-acrylic-ral-3003-sjaj-400-ml-fast-acrylic-ral-3003-ruby-red","true","","false"
"/proizvodi/cosmos-lac-fast-acrylic-ral-3004-sjaj-400-ml-fast-acrylic-ral-3004-purple-red","product","true","true","200","http://localhost:3000/proizvodi/cosmos-lac-fast-acrylic-ral-3004-sjaj-400-ml-fast-acrylic-ral-3004-purple-red","true","","false"
"/proizvodi/cosmos-lac-fast-acrylic-ral-5010-sjaj-400-ml-fast-acrylic-ral-5010-gentian-blue","product","true","true","200","http://localhost:3000/proizvodi/cosmos-lac-fast-acrylic-ral-5010-sjaj-400-ml-fast-acrylic-ral-5010-gentian-blue","true","","false"
"/proizvodi/cosmos-lac-fast-acrylic-ral-5012-sjaj-400-ml-fast-acrylic-ral-5012-light-blue","product","true","true","200","http://localhost:3000/proizvodi/cosmos-lac-fast-acrylic-ral-5012-sjaj-400-ml-fast-acrylic-ral-5012-light-blue","true","","false"
"/proizvodi/cosmos-lac-fast-acrylic-ral-5013-sjaj-400-ml-fast-acrylic-ral-5013-cobalt-blue","product","true","true","200","http://localhost:3000/proizvodi/cosmos-lac-fast-acrylic-ral-5013-sjaj-400-ml-fast-acrylic-ral-5013-cobalt-blue","true","","false"
"/proizvodi/cosmos-lac-fast-acrylic-ral-5017-sjaj-400-ml-fast-acrylic-ral-5017-traffic-blue","product","true","true","200","http://localhost:3000/proizvodi/cosmos-lac-fast-acrylic-ral-5017-sjaj-400-ml-fast-acrylic-ral-5017-traffic-blue","true","","false"
"/proizvodi/cosmos-lac-fast-acrylic-ral-6001-sjaj-400-ml-fast-acrylic-ral-6001-emerald-green","product","true","true","200","http://localhost:3000/proizvodi/cosmos-lac-fast-acrylic-ral-6001-sjaj-400-ml-fast-acrylic-ral-6001-emerald-green","true","","false"
"/proizvodi/cosmos-lac-fast-acrylic-ral-6002-sjaj-400-ml-fast-acrylic-ral-6002-leaf-green","product","true","true","200","http://localhost:3000/proizvodi/cosmos-lac-fast-acrylic-ral-6002-sjaj-400-ml-fast-acrylic-ral-6002-leaf-green","true","","false"
"/proizvodi/cosmos-lac-fast-acrylic-ral-6005-sjaj-400-ml-fast-acrylic-ral-6005-moss-green","product","true","true","200","http://localhost:3000/proizvodi/cosmos-lac-fast-acrylic-ral-6005-sjaj-400-ml-fast-acrylic-ral-6005-moss-green","true","","false"
"/proizvodi/cosmos-lac-fast-acrylic-ral-6018-sjaj-400-ml-fast-acrylic-ral-6018-yellow-green","product","true","true","200","http://localhost:3000/proizvodi/cosmos-lac-fast-acrylic-ral-6018-sjaj-400-ml-fast-acrylic-ral-6018-yellow-green","true","","false"
"/proizvodi/cosmos-lac-fast-acrylic-ral-7011-sjaj-400-ml-fast-acrylic-ral-7011-iron-grey","product","true","true","200","http://localhost:3000/proizvodi/cosmos-lac-fast-acrylic-ral-7011-sjaj-400-ml-fast-acrylic-ral-7011-iron-grey","true","","false"
"/proizvodi/cosmos-lac-fast-acrylic-ral-7016-sjaj-400-ml-fast-acrylic-ral-7016-anthracite-grey","product","true","true","200","http://localhost:3000/proizvodi/cosmos-lac-fast-acrylic-ral-7016-sjaj-400-ml-fast-acrylic-ral-7016-anthracite-grey","true","","false"
"/proizvodi/cosmos-lac-fast-acrylic-ral-7042-sjaj-400-ml-fast-acrylic-ral-7042-traffic-grey-a","product","true","true","200","http://localhost:3000/proizvodi/cosmos-lac-fast-acrylic-ral-7042-sjaj-400-ml-fast-acrylic-ral-7042-traffic-grey-a","true","","false"
"/proizvodi/cosmos-lac-fast-acrylic-ral-8003-sjaj-400-ml-fast-acrylic-ral-8003-clay-brown","product","true","true","200","http://localhost:3000/proizvodi/cosmos-lac-fast-acrylic-ral-8003-sjaj-400-ml-fast-acrylic-ral-8003-clay-brown","true","","false"
"/proizvodi/cosmos-lac-fast-acrylic-ral-8011-sjaj-400-ml-fast-acrylic-ral-8011-nut-brown","product","true","true","200","http://localhost:3000/proizvodi/cosmos-lac-fast-acrylic-ral-8011-sjaj-400-ml-fast-acrylic-ral-8011-nut-brown","true","","false"
"/proizvodi/cosmos-lac-fast-acrylic-ral-8017-sjaj-400-ml-fast-acrylic-ral-8017-chocolate-brown","product","true","true","200","http://localhost:3000/proizvodi/cosmos-lac-fast-acrylic-ral-8017-sjaj-400-ml-fast-acrylic-ral-8017-chocolate-brown","true","","false"
"/proizvodi/cosmos-lac-fast-acrylic-ral-9005-mat-400-ml-fast-acrylic-ral-9005-matt-black","product","true","true","200","http://localhost:3000/proizvodi/cosmos-lac-fast-acrylic-ral-9005-mat-400-ml-fast-acrylic-ral-9005-matt-black","true","","false"
"/proizvodi/cosmos-lac-fast-acrylic-ral-9005-sjaj-400-ml-fast-acrylic-ral-9005-gloss-black","product","true","true","200","http://localhost:3000/proizvodi/cosmos-lac-fast-acrylic-ral-9005-sjaj-400-ml-fast-acrylic-ral-9005-gloss-black","true","","false"
"/proizvodi/cosmos-lac-fast-acrylic-ral-9010-mat-400-ml-fast-acrylic-ral-9010-matt-white","product","true","true","200","http://localhost:3000/proizvodi/cosmos-lac-fast-acrylic-ral-9010-mat-400-ml-fast-acrylic-ral-9010-matt-white","true","","false"
"/proizvodi/cosmos-lac-fast-acrylic-ral-9010-sjaj-400-ml-fast-acrylic-ral-9010-gloss-white","product","true","true","200","http://localhost:3000/proizvodi/cosmos-lac-fast-acrylic-ral-9010-sjaj-400-ml-fast-acrylic-ral-9010-gloss-white","true","","false"
"/proizvodi/cosmos-lac-flame-blue-fb-100-400-ml-flame-blue-fb-100-vanilla","product","true","true","200","http://localhost:3000/proizvodi/cosmos-lac-flame-blue-fb-100-400-ml-flame-blue-fb-100-vanilla","true","","false"
"/proizvodi/cosmos-lac-flame-blue-fb-1000-400-ml-flame-blue-fb-1000-fluo-yellow","product","true","true","200","http://localhost:3000/proizvodi/cosmos-lac-flame-blue-fb-1000-400-ml-flame-blue-fb-1000-fluo-yellow","true","","false"
"/proizvodi/cosmos-lac-flame-blue-fb-1002-400-ml-flame-blue-fb-1002-fluo-orange","product","true","true","200","http://localhost:3000/proizvodi/cosmos-lac-flame-blue-fb-1002-400-ml-flame-blue-fb-1002-fluo-orange","true","","false"
"/proizvodi/cosmos-lac-flame-blue-fb-1004-400-ml-flame-blue-fb-1004-fluo-pink","product","true","true","200","http://localhost:3000/proizvodi/cosmos-lac-flame-blue-fb-1004-400-ml-flame-blue-fb-1004-fluo-pink","true","","false"
"/proizvodi/cosmos-lac-flame-blue-fb-1006-400-ml-flame-blue-fb-1006-fluo-green","product","true","true","200","http://localhost:3000/proizvodi/cosmos-lac-flame-blue-fb-1006-400-ml-flame-blue-fb-1006-fluo-green","true","","false"
"/proizvodi/cosmos-lac-flame-blue-fb-102-400-ml-flame-blue-fb-102-zinc-yellow","product","true","true","200","http://localhost:3000/proizvodi/cosmos-lac-flame-blue-fb-102-400-ml-flame-blue-fb-102-zinc-yellow","true","","false"
"/proizvodi/cosmos-lac-flame-blue-fb-104-400-ml-flame-blue-fb-104-cadmium-yellow","product","true","true","200","http://localhost:3000/proizvodi/cosmos-lac-flame-blue-fb-104-400-ml-flame-blue-fb-104-cadmium-yellow","true","","false"
"/proizvodi/cosmos-lac-flame-blue-fb-106-400-ml-flame-blue-fb-106-signal-yellow","product","true","true","200","http://localhost:3000/proizvodi/cosmos-lac-flame-blue-fb-106-400-ml-flame-blue-fb-106-signal-yellow","true","","false"
"/proizvodi/cosmos-lac-flame-blue-fb-110-400-ml-flame-blue-fb-110-melon-yellow","product","true","true","200","http://localhost:3000/proizvodi/cosmos-lac-flame-blue-fb-110-400-ml-flame-blue-fb-110-melon-yellow","true","","false"
"/proizvodi/cosmos-lac-flame-blue-fb-112-400-ml-flame-blue-fb-112-saffron","product","true","true","200","http://localhost:3000/proizvodi/cosmos-lac-flame-blue-fb-112-400-ml-flame-blue-fb-112-saffron","true","","false"
"/proizvodi/cosmos-lac-flame-blue-fb-114-400-ml-flame-blue-fb-114-dahlia","product","true","true","200","http://localhost:3000/proizvodi/cosmos-lac-flame-blue-fb-114-400-ml-flame-blue-fb-114-dahlia","true","","false"
"/proizvodi/cosmos-lac-flame-blue-fb-200-400-ml-flame-blue-fb-200-peach","product","true","true","200","http://localhost:3000/proizvodi/cosmos-lac-flame-blue-fb-200-400-ml-flame-blue-fb-200-peach","true","","false"
"/proizvodi/cosmos-lac-flame-blue-fb-202-400-ml-flame-blue-fb-202-pastel-orange","product","true","true","200","http://localhost:3000/proizvodi/cosmos-lac-flame-blue-fb-202-400-ml-flame-blue-fb-202-pastel-orange","true","","false"
"/proizvodi/cosmos-lac-flame-blue-fb-204-400-ml-flame-blue-fb-204-light-orange","product","true","true","200","http://localhost:3000/proizvodi/cosmos-lac-flame-blue-fb-204-400-ml-flame-blue-fb-204-light-orange","true","","false"
"/proizvodi/cosmos-lac-flame-blue-fb-208-400-ml-flame-blue-fb-208-cold-peach","product","true","true","200","http://localhost:3000/proizvodi/cosmos-lac-flame-blue-fb-208-400-ml-flame-blue-fb-208-cold-peach","true","","false"
"/proizvodi/cosmos-lac-flame-blue-fb-210-400-ml-flame-blue-fb-210-apricot","product","true","true","200","http://localhost:3000/proizvodi/cosmos-lac-flame-blue-fb-210-400-ml-flame-blue-fb-210-apricot","true","","false"
"/proizvodi/cosmos-lac-flame-blue-fb-212-400-ml-flame-blue-fb-212-orange","product","true","true","200","http://localhost:3000/proizvodi/cosmos-lac-flame-blue-fb-212-400-ml-flame-blue-fb-212-orange","true","","false"
"/proizvodi/cosmos-lac-flame-blue-fb-214-400-ml-flame-blue-fb-214-red-orange","product","true","true","200","http://localhost:3000/proizvodi/cosmos-lac-flame-blue-fb-214-400-ml-flame-blue-fb-214-red-orange","true","","false"
"/proizvodi/cosmos-lac-flame-blue-fb-3000-providna-400-ml-flame-blue-fb-3000-transparent-white","product","true","true","200","http://localhost:3000/proizvodi/cosmos-lac-flame-blue-fb-3000-providna-400-ml-flame-blue-fb-3000-transparent-white","true","","false"
"/proizvodi/cosmos-lac-flame-blue-fb-3004-providna-400-ml-flame-blue-fb-3004-transparent-black","product","true","true","200","http://localhost:3000/proizvodi/cosmos-lac-flame-blue-fb-3004-providna-400-ml-flame-blue-fb-3004-transparent-black","true","","false"
"/proizvodi/cosmos-lac-flame-blue-fb-304-400-ml-flame-blue-fb-304-signal-red","product","true","true","200","http://localhost:3000/proizvodi/cosmos-lac-flame-blue-fb-304-400-ml-flame-blue-fb-304-signal-red","true","","false"
"/proizvodi/cosmos-lac-flame-blue-fb-306-400-ml-flame-blue-fb-306-ruby-red","product","true","true","200","http://localhost:3000/proizvodi/cosmos-lac-flame-blue-fb-306-400-ml-flame-blue-fb-306-ruby-red","true","","false"
"/proizvodi/cosmos-lac-flame-blue-fb-308-400-ml-flame-blue-fb-308-piglet-pink-light","product","true","true","200","http://localhost:3000/proizvodi/cosmos-lac-flame-blue-fb-308-400-ml-flame-blue-fb-308-piglet-pink-light","true","","false"
"/proizvodi/cosmos-lac-flame-blue-fb-310-400-ml-flame-blue-fb-310-piglet-pink","product","true","true","200","http://localhost:3000/proizvodi/cosmos-lac-flame-blue-fb-310-400-ml-flame-blue-fb-310-piglet-pink","true","","false"
"/proizvodi/cosmos-lac-flame-blue-fb-311-400-ml-flame-blue-fb-311-crazy-cherry","product","true","true","200","http://localhost:3000/proizvodi/cosmos-lac-flame-blue-fb-311-400-ml-flame-blue-fb-311-crazy-cherry","true","","false"
"/proizvodi/cosmos-lac-flame-blue-fb-312-400-ml-flame-blue-fb-312-fire-red","product","true","true","200","http://localhost:3000/proizvodi/cosmos-lac-flame-blue-fb-312-400-ml-flame-blue-fb-312-fire-red","true","","false"
"/proizvodi/cosmos-lac-flame-blue-fb-313-400-ml-flame-blue-fb-313-cherry-dark","product","true","true","200","http://localhost:3000/proizvodi/cosmos-lac-flame-blue-fb-313-400-ml-flame-blue-fb-313-cherry-dark","true","","false"
"/proizvodi/cosmos-lac-flame-blue-fb-318-400-ml-flame-blue-fb-318-traffic-purple-dark","product","true","true","200","http://localhost:3000/proizvodi/cosmos-lac-flame-blue-fb-318-400-ml-flame-blue-fb-318-traffic-purple-dark","true","","false"
"/proizvodi/cosmos-lac-flame-blue-fb-320-400-ml-flame-blue-fb-320-burgundy","product","true","true","200","http://localhost:3000/proizvodi/cosmos-lac-flame-blue-fb-320-400-ml-flame-blue-fb-320-burgundy","true","","false"
"/proizvodi/cosmos-lac-flame-blue-fb-322-400-ml-flame-blue-fb-322-aubergine","product","true","true","200","http://localhost:3000/proizvodi/cosmos-lac-flame-blue-fb-322-400-ml-flame-blue-fb-322-aubergine","true","","false"
"/proizvodi/cosmos-lac-flame-blue-fb-399-400-ml-flame-blue-fb-399-erica-violet-light","product","true","true","200","http://localhost:3000/proizvodi/cosmos-lac-flame-blue-fb-399-400-ml-flame-blue-fb-399-erica-violet-light","true","","false"
"/proizvodi/cosmos-lac-flame-blue-fb-400-400-ml-flame-blue-fb-400-erica-violet","product","true","true","200","http://localhost:3000/proizvodi/cosmos-lac-flame-blue-fb-400-400-ml-flame-blue-fb-400-erica-violet","true","","false"
"/proizvodi/cosmos-lac-flame-blue-fb-401-400-ml-flame-blue-fb-401-erica-pastel","product","true","true","200","http://localhost:3000/proizvodi/cosmos-lac-flame-blue-fb-401-400-ml-flame-blue-fb-401-erica-pastel","true","","false"
"/proizvodi/cosmos-lac-flame-blue-fb-402-400-ml-flame-blue-fb-402-telemagenta","product","true","true","200","http://localhost:3000/proizvodi/cosmos-lac-flame-blue-fb-402-400-ml-flame-blue-fb-402-telemagenta","true","","false"
"/proizvodi/cosmos-lac-flame-blue-fb-404-400-ml-flame-blue-fb-404-traffic-purple","product","true","true","200","http://localhost:3000/proizvodi/cosmos-lac-flame-blue-fb-404-400-ml-flame-blue-fb-404-traffic-purple","true","","false"
"/proizvodi/cosmos-lac-flame-blue-fb-406-400-ml-flame-blue-fb-406-lavender","product","true","true","200","http://localhost:3000/proizvodi/cosmos-lac-flame-blue-fb-406-400-ml-flame-blue-fb-406-lavender","true","","false"
"/proizvodi/cosmos-lac-flame-blue-fb-408-400-ml-flame-blue-fb-408-grape","product","true","true","200","http://localhost:3000/proizvodi/cosmos-lac-flame-blue-fb-408-400-ml-flame-blue-fb-408-grape","true","","false"
"/proizvodi/cosmos-lac-flame-blue-fb-410-400-ml-flame-blue-fb-410-blackberry","product","true","true","200","http://localhost:3000/proizvodi/cosmos-lac-flame-blue-fb-410-400-ml-flame-blue-fb-410-blackberry","true","","false"
"/proizvodi/cosmos-lac-flame-blue-fb-412-400-ml-flame-blue-fb-412-currant","product","true","true","200","http://localhost:3000/proizvodi/cosmos-lac-flame-blue-fb-412-400-ml-flame-blue-fb-412-currant","true","","false"
"/proizvodi/cosmos-lac-flame-blue-fb-414-400-ml-flame-blue-fb-414-viola-pastel","product","true","true","200","http://localhost:3000/proizvodi/cosmos-lac-flame-blue-fb-414-400-ml-flame-blue-fb-414-viola-pastel","true","","false"
"/proizvodi/cosmos-lac-flame-blue-fb-416-400-ml-flame-blue-fb-416-viola-light","product","true","true","200","http://localhost:3000/proizvodi/cosmos-lac-flame-blue-fb-416-400-ml-flame-blue-fb-416-viola-light","true","","false"
"/proizvodi/cosmos-lac-flame-blue-fb-418-400-ml-flame-blue-fb-418-viola","product","true","true","200","http://localhost:3000/proizvodi/cosmos-lac-flame-blue-fb-418-400-ml-flame-blue-fb-418-viola","true","","false"
"/proizvodi/cosmos-lac-flame-blue-fb-420-400-ml-flame-blue-fb-420-viola-dark","product","true","true","200","http://localhost:3000/proizvodi/cosmos-lac-flame-blue-fb-420-400-ml-flame-blue-fb-420-viola-dark","true","","false"
"/proizvodi/cosmos-lac-flame-blue-fb-424-400-ml-flame-blue-fb-424-cosmos-blue-light","product","true","true","200","http://localhost:3000/proizvodi/cosmos-lac-flame-blue-fb-424-400-ml-flame-blue-fb-424-cosmos-blue-light","true","","false"
"/proizvodi/cosmos-lac-flame-blue-fb-426-400-ml-flame-blue-fb-426-cosmos-blue","product","true","true","200","http://localhost:3000/proizvodi/cosmos-lac-flame-blue-fb-426-400-ml-flame-blue-fb-426-cosmos-blue","true","","false"
"/proizvodi/cosmos-lac-flame-blue-fb-428-400-ml-flame-blue-fb-428-cosmos-blue-dark","product","true","true","200","http://localhost:3000/proizvodi/cosmos-lac-flame-blue-fb-428-400-ml-flame-blue-fb-428-cosmos-blue-dark","true","","false"
"/proizvodi/cosmos-lac-flame-blue-fb-502-400-ml-flame-blue-fb-502-lighting-blue","product","true","true","200","http://localhost:3000/proizvodi/cosmos-lac-flame-blue-fb-502-400-ml-flame-blue-fb-502-lighting-blue","true","","false"
"/proizvodi/cosmos-lac-flame-blue-fb-504-400-ml-flame-blue-fb-504-light-blue-light","product","true","true","200","http://localhost:3000/proizvodi/cosmos-lac-flame-blue-fb-504-400-ml-flame-blue-fb-504-light-blue-light","true","","false"
"/proizvodi/cosmos-lac-flame-blue-fb-508-400-ml-flame-blue-fb-508-light-blue","product","true","true","200","http://localhost:3000/proizvodi/cosmos-lac-flame-blue-fb-508-400-ml-flame-blue-fb-508-light-blue","true","","false"
"/proizvodi/cosmos-lac-flame-blue-fb-510-400-ml-flame-blue-fb-510-sky-blue","product","true","true","200","http://localhost:3000/proizvodi/cosmos-lac-flame-blue-fb-510-400-ml-flame-blue-fb-510-sky-blue","true","","false"
"/proizvodi/cosmos-lac-flame-blue-fb-512-400-ml-flame-blue-fb-512-signal-blue","product","true","true","200","http://localhost:3000/proizvodi/cosmos-lac-flame-blue-fb-512-400-ml-flame-blue-fb-512-signal-blue","true","","false"
"/proizvodi/cosmos-lac-flame-blue-fb-514-400-ml-flame-blue-fb-514-true-blue","product","true","true","200","http://localhost:3000/proizvodi/cosmos-lac-flame-blue-fb-514-400-ml-flame-blue-fb-514-true-blue","true","","false"
"/proizvodi/cosmos-lac-flame-blue-fb-516-400-ml-flame-blue-fb-516-cream-blue-light","product","true","true","200","http://localhost:3000/proizvodi/cosmos-lac-flame-blue-fb-516-400-ml-flame-blue-fb-516-cream-blue-light","true","","false"
"/proizvodi/cosmos-lac-flame-blue-fb-518-400-ml-flame-blue-fb-518-cream-blue","product","true","true","200","http://localhost:3000/proizvodi/cosmos-lac-flame-blue-fb-518-400-ml-flame-blue-fb-518-cream-blue","true","","false"
"/proizvodi/cosmos-lac-flame-blue-fb-520-400-ml-flame-blue-fb-520-cream-blue-dark","product","true","true","200","http://localhost:3000/proizvodi/cosmos-lac-flame-blue-fb-520-400-ml-flame-blue-fb-520-cream-blue-dark","true","","false"
"/proizvodi/cosmos-lac-flame-blue-fb-522-400-ml-flame-blue-fb-522-sapphire-blue","product","true","true","200","http://localhost:3000/proizvodi/cosmos-lac-flame-blue-fb-522-400-ml-flame-blue-fb-522-sapphire-blue","true","","false"
"/proizvodi/cosmos-lac-flame-blue-fb-524-400-ml-flame-blue-fb-524-denim-blue-pastel","product","true","true","200","http://localhost:3000/proizvodi/cosmos-lac-flame-blue-fb-524-400-ml-flame-blue-fb-524-denim-blue-pastel","true","","false"
"/proizvodi/cosmos-lac-flame-blue-fb-526-400-ml-flame-blue-fb-526-denim-blue-light","product","true","true","200","http://localhost:3000/proizvodi/cosmos-lac-flame-blue-fb-526-400-ml-flame-blue-fb-526-denim-blue-light","true","","false"
"/proizvodi/cosmos-lac-flame-blue-fb-528-400-ml-flame-blue-fb-528-denim-blue","product","true","true","200","http://localhost:3000/proizvodi/cosmos-lac-flame-blue-fb-528-400-ml-flame-blue-fb-528-denim-blue","true","","false"
"/proizvodi/cosmos-lac-flame-blue-fb-530-400-ml-flame-blue-fb-530-denim-blue-dark","product","true","true","200","http://localhost:3000/proizvodi/cosmos-lac-flame-blue-fb-530-400-ml-flame-blue-fb-530-denim-blue-dark","true","","false"
"/proizvodi/cosmos-lac-flame-blue-fb-600-400-ml-flame-blue-fb-600-riviera-light","product","true","true","200","http://localhost:3000/proizvodi/cosmos-lac-flame-blue-fb-600-400-ml-flame-blue-fb-600-riviera-light","true","","false"
"/proizvodi/cosmos-lac-flame-blue-fb-602-400-ml-flame-blue-fb-602-riviera","product","true","true","200","http://localhost:3000/proizvodi/cosmos-lac-flame-blue-fb-602-400-ml-flame-blue-fb-602-riviera","true","","false"
"/proizvodi/cosmos-lac-flame-blue-fb-604-400-ml-flame-blue-fb-604-lagoon-blue","product","true","true","200","http://localhost:3000/proizvodi/cosmos-lac-flame-blue-fb-604-400-ml-flame-blue-fb-604-lagoon-blue","true","","false"
"/proizvodi/cosmos-lac-flame-blue-fb-606-400-ml-flame-blue-fb-606-ocean-blue","product","true","true","200","http://localhost:3000/proizvodi/cosmos-lac-flame-blue-fb-606-400-ml-flame-blue-fb-606-ocean-blue","true","","false"
"/proizvodi/cosmos-lac-flame-blue-fb-614-400-ml-flame-blue-fb-614-aqua-pastel","product","true","true","200","http://localhost:3000/proizvodi/cosmos-lac-flame-blue-fb-614-400-ml-flame-blue-fb-614-aqua-pastel","true","","false"
"/proizvodi/cosmos-lac-flame-blue-fb-616-400-ml-flame-blue-fb-616-aqua-light","product","true","true","200","http://localhost:3000/proizvodi/cosmos-lac-flame-blue-fb-616-400-ml-flame-blue-fb-616-aqua-light","true","","false"
"/proizvodi/cosmos-lac-flame-blue-fb-618-400-ml-flame-blue-fb-618-aqua","product","true","true","200","http://localhost:3000/proizvodi/cosmos-lac-flame-blue-fb-618-400-ml-flame-blue-fb-618-aqua","true","","false"
"/proizvodi/cosmos-lac-flame-blue-fb-620-400-ml-flame-blue-fb-620-aqua-dark","product","true","true","200","http://localhost:3000/proizvodi/cosmos-lac-flame-blue-fb-620-400-ml-flame-blue-fb-620-aqua-dark","true","","false"
"/proizvodi/cosmos-lac-flame-blue-fb-624-400-ml-flame-blue-fb-624-pistachio-light","product","true","true","200","http://localhost:3000/proizvodi/cosmos-lac-flame-blue-fb-624-400-ml-flame-blue-fb-624-pistachio-light","true","","false"
"/proizvodi/cosmos-lac-flame-blue-fb-626-400-ml-flame-blue-fb-626-pistachio","product","true","true","200","http://localhost:3000/proizvodi/cosmos-lac-flame-blue-fb-626-400-ml-flame-blue-fb-626-pistachio","true","","false"
"/proizvodi/cosmos-lac-flame-blue-fb-628-400-ml-flame-blue-fb-628-grass-green","product","true","true","200","http://localhost:3000/proizvodi/cosmos-lac-flame-blue-fb-628-400-ml-flame-blue-fb-628-grass-green","true","","false"
"/proizvodi/cosmos-lac-flame-blue-fb-630-400-ml-flame-blue-fb-630-fern-green","product","true","true","200","http://localhost:3000/proizvodi/cosmos-lac-flame-blue-fb-630-400-ml-flame-blue-fb-630-fern-green","true","","false"
"/proizvodi/cosmos-lac-flame-blue-fb-632-400-ml-flame-blue-fb-632-leaf-green","product","true","true","200","http://localhost:3000/proizvodi/cosmos-lac-flame-blue-fb-632-400-ml-flame-blue-fb-632-leaf-green","true","","false"
"/proizvodi/cosmos-lac-flame-blue-fb-634-400-ml-flame-blue-fb-634-moss-green","product","true","true","200","http://localhost:3000/proizvodi/cosmos-lac-flame-blue-fb-634-400-ml-flame-blue-fb-634-moss-green","true","","false"
"/proizvodi/cosmos-lac-flame-blue-fb-636-400-ml-flame-blue-fb-636-fir-green","product","true","true","200","http://localhost:3000/proizvodi/cosmos-lac-flame-blue-fb-636-400-ml-flame-blue-fb-636-fir-green","true","","false"
"/proizvodi/cosmos-lac-flame-blue-fb-638-400-ml-flame-blue-fb-638-kiwi-pastel","product","true","true","200","http://localhost:3000/proizvodi/cosmos-lac-flame-blue-fb-638-400-ml-flame-blue-fb-638-kiwi-pastel","true","","false"
"/proizvodi/cosmos-lac-flame-blue-fb-640-400-ml-flame-blue-fb-640-kiwi-light","product","true","true","200","http://localhost:3000/proizvodi/cosmos-lac-flame-blue-fb-640-400-ml-flame-blue-fb-640-kiwi-light","true","","false"
"/proizvodi/cosmos-lac-flame-blue-fb-642-400-ml-flame-blue-fb-642-kiwi","product","true","true","200","http://localhost:3000/proizvodi/cosmos-lac-flame-blue-fb-642-400-ml-flame-blue-fb-642-kiwi","true","","false"
"/proizvodi/cosmos-lac-flame-blue-fb-644-400-ml-flame-blue-fb-644-kiwi-dark","product","true","true","200","http://localhost:3000/proizvodi/cosmos-lac-flame-blue-fb-644-400-ml-flame-blue-fb-644-kiwi-dark","true","","false"
"/proizvodi/cosmos-lac-flame-blue-fb-654-400-ml-flame-blue-fb-654-primavera-green","product","true","true","200","http://localhost:3000/proizvodi/cosmos-lac-flame-blue-fb-654-400-ml-flame-blue-fb-654-primavera-green","true","","false"
"/proizvodi/cosmos-lac-flame-blue-fb-656-400-ml-flame-blue-fb-656-tarzan-green","product","true","true","200","http://localhost:3000/proizvodi/cosmos-lac-flame-blue-fb-656-400-ml-flame-blue-fb-656-tarzan-green","true","","false"
"/proizvodi/cosmos-lac-flame-blue-fb-658-400-ml-flame-blue-fb-658-camo-green","product","true","true","200","http://localhost:3000/proizvodi/cosmos-lac-flame-blue-fb-658-400-ml-flame-blue-fb-658-camo-green","true","","false"
"/proizvodi/cosmos-lac-flame-blue-fb-660-400-ml-flame-blue-fb-660-olive","product","true","true","200","http://localhost:3000/proizvodi/cosmos-lac-flame-blue-fb-660-400-ml-flame-blue-fb-660-olive","true","","false"
"/proizvodi/cosmos-lac-flame-blue-fb-662-400-ml-flame-blue-fb-662-menthol-pastel","product","true","true","200","http://localhost:3000/proizvodi/cosmos-lac-flame-blue-fb-662-400-ml-flame-blue-fb-662-menthol-pastel","true","","false"
"/proizvodi/cosmos-lac-flame-blue-fb-664-400-ml-flame-blue-fb-664-menthol-light","product","true","true","200","http://localhost:3000/proizvodi/cosmos-lac-flame-blue-fb-664-400-ml-flame-blue-fb-664-menthol-light","true","","false"
"/proizvodi/cosmos-lac-flame-blue-fb-666-400-ml-flame-blue-fb-666-menthol","product","true","true","200","http://localhost:3000/proizvodi/cosmos-lac-flame-blue-fb-666-400-ml-flame-blue-fb-666-menthol","true","","false"
"/proizvodi/cosmos-lac-flame-blue-fb-668-400-ml-flame-blue-fb-668-menthol-dark","product","true","true","200","http://localhost:3000/proizvodi/cosmos-lac-flame-blue-fb-668-400-ml-flame-blue-fb-668-menthol-dark","true","","false"
"/proizvodi/cosmos-lac-flame-blue-fb-670-400-ml-flame-blue-fb-670-turquoise-light","product","true","true","200","http://localhost:3000/proizvodi/cosmos-lac-flame-blue-fb-670-400-ml-flame-blue-fb-670-turquoise-light","true","","false"
"/proizvodi/cosmos-lac-flame-blue-fb-672-400-ml-flame-blue-fb-672-turquoise","product","true","true","200","http://localhost:3000/proizvodi/cosmos-lac-flame-blue-fb-672-400-ml-flame-blue-fb-672-turquoise","true","","false"
"/proizvodi/cosmos-lac-flame-blue-fb-674-400-ml-flame-blue-fb-674-turquoise-dark","product","true","true","200","http://localhost:3000/proizvodi/cosmos-lac-flame-blue-fb-674-400-ml-flame-blue-fb-674-turquoise-dark","true","","false"
"/proizvodi/cosmos-lac-flame-blue-fb-702-400-ml-flame-blue-fb-702-ivory-light","product","true","true","200","http://localhost:3000/proizvodi/cosmos-lac-flame-blue-fb-702-400-ml-flame-blue-fb-702-ivory-light","true","","false"
"/proizvodi/cosmos-lac-flame-blue-fb-704-400-ml-flame-blue-fb-704-beige-brown","product","true","true","200","http://localhost:3000/proizvodi/cosmos-lac-flame-blue-fb-704-400-ml-flame-blue-fb-704-beige-brown","true","","false"
"/proizvodi/cosmos-lac-flame-blue-fb-706-400-ml-flame-blue-fb-706-ocher","product","true","true","200","http://localhost:3000/proizvodi/cosmos-lac-flame-blue-fb-706-400-ml-flame-blue-fb-706-ocher","true","","false"
"/proizvodi/cosmos-lac-flame-blue-fb-708-400-ml-flame-blue-fb-708-nut","product","true","true","200","http://localhost:3000/proizvodi/cosmos-lac-flame-blue-fb-708-400-ml-flame-blue-fb-708-nut","true","","false"
"/proizvodi/cosmos-lac-flame-blue-fb-710-400-ml-flame-blue-fb-710-chocolate","product","true","true","200","http://localhost:3000/proizvodi/cosmos-lac-flame-blue-fb-710-400-ml-flame-blue-fb-710-chocolate","true","","false"
"/proizvodi/cosmos-lac-flame-blue-fb-716-400-ml-flame-blue-fb-716-cookie-dough-pastel","product","true","true","200","http://localhost:3000/proizvodi/cosmos-lac-flame-blue-fb-716-400-ml-flame-blue-fb-716-cookie-dough-pastel","true","","false"
"/proizvodi/cosmos-lac-flame-blue-fb-717-400-ml-flame-blue-fb-717-cookie-dough","product","true","true","200","http://localhost:3000/proizvodi/cosmos-lac-flame-blue-fb-717-400-ml-flame-blue-fb-717-cookie-dough","true","","false"
"/proizvodi/cosmos-lac-flame-blue-fb-718-400-ml-flame-blue-fb-718-macadamia-pastel","product","true","true","200","http://localhost:3000/proizvodi/cosmos-lac-flame-blue-fb-718-400-ml-flame-blue-fb-718-macadamia-pastel","true","","false"
"/proizvodi/cosmos-lac-flame-blue-fb-719-400-ml-flame-blue-fb-719-macadamia","product","true","true","200","http://localhost:3000/proizvodi/cosmos-lac-flame-blue-fb-719-400-ml-flame-blue-fb-719-macadamia","true","","false"
"/proizvodi/cosmos-lac-flame-blue-fb-732-400-ml-flame-blue-fb-732-grey-beige-light","product","true","true","200","http://localhost:3000/proizvodi/cosmos-lac-flame-blue-fb-732-400-ml-flame-blue-fb-732-grey-beige-light","true","","false"
"/proizvodi/cosmos-lac-flame-blue-fb-734-400-ml-flame-blue-fb-734-grey-beige","product","true","true","200","http://localhost:3000/proizvodi/cosmos-lac-flame-blue-fb-734-400-ml-flame-blue-fb-734-grey-beige","true","","false"
"/proizvodi/cosmos-lac-flame-blue-fb-736-400-ml-flame-blue-fb-736-khaki-grey","product","true","true","200","http://localhost:3000/proizvodi/cosmos-lac-flame-blue-fb-736-400-ml-flame-blue-fb-736-khaki-grey","true","","false"
"/proizvodi/cosmos-lac-flame-blue-fb-738-400-ml-flame-blue-fb-738-dark-brown","product","true","true","200","http://localhost:3000/proizvodi/cosmos-lac-flame-blue-fb-738-400-ml-flame-blue-fb-738-dark-brown","true","","false"
"/proizvodi/cosmos-lac-flame-blue-fb-808-400-ml-flame-blue-fb-808-terracotta-grey-pastel","product","true","true","200","http://localhost:3000/proizvodi/cosmos-lac-flame-blue-fb-808-400-ml-flame-blue-fb-808-terracotta-grey-pastel","true","","false"
"/proizvodi/cosmos-lac-flame-blue-fb-810-400-ml-flame-blue-fb-810-terracotta-grey-light","product","true","true","200","http://localhost:3000/proizvodi/cosmos-lac-flame-blue-fb-810-400-ml-flame-blue-fb-810-terracotta-grey-light","true","","false"
"/proizvodi/cosmos-lac-flame-blue-fb-812-400-ml-flame-blue-fb-812-terracotta-grey","product","true","true","200","http://localhost:3000/proizvodi/cosmos-lac-flame-blue-fb-812-400-ml-flame-blue-fb-812-terracotta-grey","true","","false"
"/proizvodi/cosmos-lac-flame-blue-fb-820-400-ml-flame-blue-fb-820-violet-grey-middle","product","true","true","200","http://localhost:3000/proizvodi/cosmos-lac-flame-blue-fb-820-400-ml-flame-blue-fb-820-violet-grey-middle","true","","false"
"/proizvodi/cosmos-lac-flame-blue-fb-822-400-ml-flame-blue-fb-822-violet-grey","product","true","true","200","http://localhost:3000/proizvodi/cosmos-lac-flame-blue-fb-822-400-ml-flame-blue-fb-822-violet-grey","true","","false"
"/proizvodi/cosmos-lac-flame-blue-fb-834-400-ml-flame-blue-fb-834-light-grey-neutral","product","true","true","200","http://localhost:3000/proizvodi/cosmos-lac-flame-blue-fb-834-400-ml-flame-blue-fb-834-light-grey-neutral","true","","false"
"/proizvodi/cosmos-lac-flame-blue-fb-836-400-ml-flame-blue-fb-836-middle-grey-neutral","product","true","true","200","http://localhost:3000/proizvodi/cosmos-lac-flame-blue-fb-836-400-ml-flame-blue-fb-836-middle-grey-neutral","true","","false"
"/proizvodi/cosmos-lac-flame-blue-fb-838-400-ml-flame-blue-fb-838-grey-neutral","product","true","true","200","http://localhost:3000/proizvodi/cosmos-lac-flame-blue-fb-838-400-ml-flame-blue-fb-838-grey-neutral","true","","false"
"/proizvodi/cosmos-lac-flame-blue-fb-840-400-ml-flame-blue-fb-840-dark-grey-neutral","product","true","true","200","http://localhost:3000/proizvodi/cosmos-lac-flame-blue-fb-840-400-ml-flame-blue-fb-840-dark-grey-neutral","true","","false"
"/proizvodi/cosmos-lac-flame-blue-fb-842-400-ml-flame-blue-fb-842-anthracite-grey-middle","product","true","true","200","http://localhost:3000/proizvodi/cosmos-lac-flame-blue-fb-842-400-ml-flame-blue-fb-842-anthracite-grey-middle","true","","false"
"/proizvodi/cosmos-lac-flame-blue-fb-844-400-ml-flame-blue-fb-844-anthracite-grey","product","true","true","200","http://localhost:3000/proizvodi/cosmos-lac-flame-blue-fb-844-400-ml-flame-blue-fb-844-anthracite-grey","true","","false"
"/proizvodi/cosmos-lac-flame-blue-fb-846-400-ml-flame-blue-fb-846-anthracite-grey-dark","product","true","true","200","http://localhost:3000/proizvodi/cosmos-lac-flame-blue-fb-846-400-ml-flame-blue-fb-846-anthracite-grey-dark","true","","false"
"/proizvodi/cosmos-lac-flame-blue-fb-900-400-ml-flame-blue-fb-900-pure-white","product","true","true","200","http://localhost:3000/proizvodi/cosmos-lac-flame-blue-fb-900-400-ml-flame-blue-fb-900-pure-white","true","","false"
"/proizvodi/cosmos-lac-flame-blue-fb-902-400-ml-flame-blue-fb-902-ultra-chrome","product","true","true","200","http://localhost:3000/proizvodi/cosmos-lac-flame-blue-fb-902-400-ml-flame-blue-fb-902-ultra-chrome","true","","false"
"/proizvodi/cosmos-lac-flame-blue-fb-904-400-ml-flame-blue-fb-904-deep-black","product","true","true","200","http://localhost:3000/proizvodi/cosmos-lac-flame-blue-fb-904-400-ml-flame-blue-fb-904-deep-black","true","","false"
"/proizvodi/cosmos-lac-flame-blue-fb-906-400-ml-flame-blue-fb-906-gold","product","true","true","200","http://localhost:3000/proizvodi/cosmos-lac-flame-blue-fb-906-400-ml-flame-blue-fb-906-gold","true","","false"
"/proizvodi/cosmos-lac-flame-blue-fb-908-400-ml-flame-blue-fb-908-copper","product","true","true","200","http://localhost:3000/proizvodi/cosmos-lac-flame-blue-fb-908-400-ml-flame-blue-fb-908-copper","true","","false"
"/proizvodi/cosmos-lac-flame-booster-b-901-500-ml-flame-booster-b-901-thick-black","product","true","true","200","http://localhost:3000/proizvodi/cosmos-lac-flame-booster-b-901-500-ml-flame-booster-b-901-thick-black","true","","false"
"/proizvodi/cosmos-lac-flame-booster-b-902-500-ml-flame-booster-b-902-ultra-chrome","product","true","true","200","http://localhost:3000/proizvodi/cosmos-lac-flame-booster-b-902-500-ml-flame-booster-b-902-ultra-chrome","true","","false"
"/proizvodi/cosmos-lac-flame-orange-fo-100-400-ml-flame-orange-fo-100-vanilla","product","true","true","200","http://localhost:3000/proizvodi/cosmos-lac-flame-orange-fo-100-400-ml-flame-orange-fo-100-vanilla","true","","false"
"/proizvodi/cosmos-lac-flame-orange-fo-102-400-ml-flame-orange-fo-102-zinc-yellow","product","true","true","200","http://localhost:3000/proizvodi/cosmos-lac-flame-orange-fo-102-400-ml-flame-orange-fo-102-zinc-yellow","true","","false"
"/proizvodi/cosmos-lac-flame-orange-fo-104-400-ml-flame-orange-fo-104-cadmium-yellow","product","true","true","200","http://localhost:3000/proizvodi/cosmos-lac-flame-orange-fo-104-400-ml-flame-orange-fo-104-cadmium-yellow","true","","false"
"/proizvodi/cosmos-lac-flame-orange-fo-106-400-ml-flame-orange-fo-106-signal-yellow","product","true","true","200","http://localhost:3000/proizvodi/cosmos-lac-flame-orange-fo-106-400-ml-flame-orange-fo-106-signal-yellow","true","","false"
"/proizvodi/cosmos-lac-flame-orange-fo-107-400-ml-flame-orange-fo-107-melon-light","product","true","true","200","http://localhost:3000/proizvodi/cosmos-lac-flame-orange-fo-107-400-ml-flame-orange-fo-107-melon-light","true","","false"
"/proizvodi/cosmos-lac-flame-orange-fo-110-400-ml-flame-orange-fo-110-melon-yellow","product","true","true","200","http://localhost:3000/proizvodi/cosmos-lac-flame-orange-fo-110-400-ml-flame-orange-fo-110-melon-yellow","true","","false"
"/proizvodi/cosmos-lac-flame-orange-fo-111-400-ml-flame-orange-fo-111-melon-dark","product","true","true","200","http://localhost:3000/proizvodi/cosmos-lac-flame-orange-fo-111-400-ml-flame-orange-fo-111-melon-dark","true","","false"
"/proizvodi/cosmos-lac-flame-orange-fo-113-400-ml-flame-orange-fo-113-curry","product","true","true","200","http://localhost:3000/proizvodi/cosmos-lac-flame-orange-fo-113-400-ml-flame-orange-fo-113-curry","true","","false"
"/proizvodi/cosmos-lac-flame-orange-fo-198-400-ml-flame-orange-fo-198-peach-middle","product","true","true","200","http://localhost:3000/proizvodi/cosmos-lac-flame-orange-fo-198-400-ml-flame-orange-fo-198-peach-middle","true","","false"
"/proizvodi/cosmos-lac-flame-orange-fo-200-400-ml-flame-orange-fo-200-peach","product","true","true","200","http://localhost:3000/proizvodi/cosmos-lac-flame-orange-fo-200-400-ml-flame-orange-fo-200-peach","true","","false"
"/proizvodi/cosmos-lac-flame-orange-fo-202-400-ml-flame-orange-fo-202-pastel-orange","product","true","true","200","http://localhost:3000/proizvodi/cosmos-lac-flame-orange-fo-202-400-ml-flame-orange-fo-202-pastel-orange","true","","false"
"/proizvodi/cosmos-lac-flame-orange-fo-204-400-ml-flame-orange-fo-204-light-orange","product","true","true","200","http://localhost:3000/proizvodi/cosmos-lac-flame-orange-fo-204-400-ml-flame-orange-fo-204-light-orange","true","","false"
"/proizvodi/cosmos-lac-flame-orange-fo-205-400-ml-flame-orange-fo-205-peach-dark","product","true","true","200","http://localhost:3000/proizvodi/cosmos-lac-flame-orange-fo-205-400-ml-flame-orange-fo-205-peach-dark","true","","false"
"/proizvodi/cosmos-lac-flame-orange-fo-208-400-ml-flame-orange-fo-208-cold-peach","product","true","true","200","http://localhost:3000/proizvodi/cosmos-lac-flame-orange-fo-208-400-ml-flame-orange-fo-208-cold-peach","true","","false"
"/proizvodi/cosmos-lac-flame-orange-fo-210-400-ml-flame-orange-fo-210-apricot","product","true","true","200","http://localhost:3000/proizvodi/cosmos-lac-flame-orange-fo-210-400-ml-flame-orange-fo-210-apricot","true","","false"
"/proizvodi/cosmos-lac-flame-orange-fo-212-400-ml-flame-orange-fo-212-orange","product","true","true","200","http://localhost:3000/proizvodi/cosmos-lac-flame-orange-fo-212-400-ml-flame-orange-fo-212-orange","true","","false"
"/proizvodi/cosmos-lac-flame-orange-fo-214-400-ml-flame-orange-fo-214-red-orange","product","true","true","200","http://localhost:3000/proizvodi/cosmos-lac-flame-orange-fo-214-400-ml-flame-orange-fo-214-red-orange","true","","false"
"/proizvodi/cosmos-lac-flame-orange-fo-303-400-ml-flame-orange-fo-303-red-pastel","product","true","true","200","http://localhost:3000/proizvodi/cosmos-lac-flame-orange-fo-303-400-ml-flame-orange-fo-303-red-pastel","true","","false"
"/proizvodi/cosmos-lac-flame-orange-fo-304-400-ml-flame-orange-fo-304-signal-red","product","true","true","200","http://localhost:3000/proizvodi/cosmos-lac-flame-orange-fo-304-400-ml-flame-orange-fo-304-signal-red","true","","false"
"/proizvodi/cosmos-lac-flame-orange-fo-305-400-ml-flame-orange-fo-305-coral-red","product","true","true","200","http://localhost:3000/proizvodi/cosmos-lac-flame-orange-fo-305-400-ml-flame-orange-fo-305-coral-red","true","","false"
"/proizvodi/cosmos-lac-flame-orange-fo-306-400-ml-flame-orange-fo-306-ruby-red","product","true","true","200","http://localhost:3000/proizvodi/cosmos-lac-flame-orange-fo-306-400-ml-flame-orange-fo-306-ruby-red","true","","false"
"/proizvodi/cosmos-lac-flame-orange-fo-307-400-ml-flame-orange-fo-307-coral","product","true","true","200","http://localhost:3000/proizvodi/cosmos-lac-flame-orange-fo-307-400-ml-flame-orange-fo-307-coral","true","","false"
"/proizvodi/cosmos-lac-flame-orange-fo-308-400-ml-flame-orange-fo-308-piglet-pink-light","product","true","true","200","http://localhost:3000/proizvodi/cosmos-lac-flame-orange-fo-308-400-ml-flame-orange-fo-308-piglet-pink-light","true","","false"
"/proizvodi/cosmos-lac-flame-orange-fo-309-400-ml-flame-orange-fo-309-piglet-pink-middle","product","true","true","200","http://localhost:3000/proizvodi/cosmos-lac-flame-orange-fo-309-400-ml-flame-orange-fo-309-piglet-pink-middle","true","","false"
"/proizvodi/cosmos-lac-flame-orange-fo-310-400-ml-flame-orange-fo-310-piglet-pink","product","true","true","200","http://localhost:3000/proizvodi/cosmos-lac-flame-orange-fo-310-400-ml-flame-orange-fo-310-piglet-pink","true","","false"
"/proizvodi/cosmos-lac-flame-orange-fo-311-400-ml-flame-orange-fo-311-crazy-cherry","product","true","true","200","http://localhost:3000/proizvodi/cosmos-lac-flame-orange-fo-311-400-ml-flame-orange-fo-311-crazy-cherry","true","","false"
"/proizvodi/cosmos-lac-flame-orange-fo-312-400-ml-flame-orange-fo-312-fire-red","product","true","true","200","http://localhost:3000/proizvodi/cosmos-lac-flame-orange-fo-312-400-ml-flame-orange-fo-312-fire-red","true","","false"
"/proizvodi/cosmos-lac-flame-orange-fo-313-400-ml-flame-orange-fo-313-cherry-dark","product","true","true","200","http://localhost:3000/proizvodi/cosmos-lac-flame-orange-fo-313-400-ml-flame-orange-fo-313-cherry-dark","true","","false"
"/proizvodi/cosmos-lac-flame-orange-fo-318-400-ml-flame-orange-fo-318-traffic-purple-dark","product","true","true","200","http://localhost:3000/proizvodi/cosmos-lac-flame-orange-fo-318-400-ml-flame-orange-fo-318-traffic-purple-dark","true","","false"
"/proizvodi/cosmos-lac-flame-orange-fo-320-400-ml-flame-orange-fo-320-burgundy","product","true","true","200","http://localhost:3000/proizvodi/cosmos-lac-flame-orange-fo-320-400-ml-flame-orange-fo-320-burgundy","true","","false"
"/proizvodi/cosmos-lac-flame-orange-fo-322-400-ml-flame-orange-fo-322-aubergine","product","true","true","200","http://localhost:3000/proizvodi/cosmos-lac-flame-orange-fo-322-400-ml-flame-orange-fo-322-aubergine","true","","false"
"/proizvodi/cosmos-lac-flame-orange-fo-323-400-ml-flame-orange-fo-323-aubergine-dark","product","true","true","200","http://localhost:3000/proizvodi/cosmos-lac-flame-orange-fo-323-400-ml-flame-orange-fo-323-aubergine-dark","true","","false"
"/proizvodi/cosmos-lac-flame-orange-fo-396-400-ml-flame-orange-fo-396-violet","product","true","true","200","http://localhost:3000/proizvodi/cosmos-lac-flame-orange-fo-396-400-ml-flame-orange-fo-396-violet","true","","false"
"/proizvodi/cosmos-lac-flame-orange-fo-397-400-ml-flame-orange-fo-397-crazy-violet","product","true","true","200","http://localhost:3000/proizvodi/cosmos-lac-flame-orange-fo-397-400-ml-flame-orange-fo-397-crazy-violet","true","","false"
"/proizvodi/cosmos-lac-flame-orange-fo-398-400-ml-flame-orange-fo-398-deep-violet","product","true","true","200","http://localhost:3000/proizvodi/cosmos-lac-flame-orange-fo-398-400-ml-flame-orange-fo-398-deep-violet","true","","false"
"/proizvodi/cosmos-lac-flame-orange-fo-399-400-ml-flame-orange-fo-399-erica-violet-light","product","true","true","200","http://localhost:3000/proizvodi/cosmos-lac-flame-orange-fo-399-400-ml-flame-orange-fo-399-erica-violet-light","true","","false"
"/proizvodi/cosmos-lac-flame-orange-fo-400-400-ml-flame-orange-fo-400-erica-violet","product","true","true","200","http://localhost:3000/proizvodi/cosmos-lac-flame-orange-fo-400-400-ml-flame-orange-fo-400-erica-violet","true","","false"
"/proizvodi/cosmos-lac-flame-orange-fo-401-400-ml-flame-orange-fo-401-erica-pastel","product","true","true","200","http://localhost:3000/proizvodi/cosmos-lac-flame-orange-fo-401-400-ml-flame-orange-fo-401-erica-pastel","true","","false"
"/proizvodi/cosmos-lac-flame-orange-fo-402-400-ml-flame-orange-fo-402-telemagenta","product","true","true","200","http://localhost:3000/proizvodi/cosmos-lac-flame-orange-fo-402-400-ml-flame-orange-fo-402-telemagenta","true","","false"
"/proizvodi/cosmos-lac-flame-orange-fo-403-400-ml-flame-orange-fo-403-deep-violet-dark","product","true","true","200","http://localhost:3000/proizvodi/cosmos-lac-flame-orange-fo-403-400-ml-flame-orange-fo-403-deep-violet-dark","true","","false"
"/proizvodi/cosmos-lac-flame-orange-fo-404-400-ml-flame-orange-fo-404-traffic-purple","product","true","true","200","http://localhost:3000/proizvodi/cosmos-lac-flame-orange-fo-404-400-ml-flame-orange-fo-404-traffic-purple","true","","false"
"/proizvodi/cosmos-lac-flame-orange-fo-405-400-ml-flame-orange-fo-405-erica-pastel-middle","product","true","true","200","http://localhost:3000/proizvodi/cosmos-lac-flame-orange-fo-405-400-ml-flame-orange-fo-405-erica-pastel-middle","true","","false"
"/proizvodi/cosmos-lac-flame-orange-fo-407-400-ml-flame-orange-fo-407-erica-violet-middle","product","true","true","200","http://localhost:3000/proizvodi/cosmos-lac-flame-orange-fo-407-400-ml-flame-orange-fo-407-erica-violet-middle","true","","false"
"/proizvodi/cosmos-lac-flame-orange-fo-408-400-ml-flame-orange-fo-408-grape","product","true","true","200","http://localhost:3000/proizvodi/cosmos-lac-flame-orange-fo-408-400-ml-flame-orange-fo-408-grape","true","","false"
"/proizvodi/cosmos-lac-flame-orange-fo-409-400-ml-flame-orange-fo-409-erica-pink","product","true","true","200","http://localhost:3000/proizvodi/cosmos-lac-flame-orange-fo-409-400-ml-flame-orange-fo-409-erica-pink","true","","false"
"/proizvodi/cosmos-lac-flame-orange-fo-410-400-ml-flame-orange-fo-410-blackberry","product","true","true","200","http://localhost:3000/proizvodi/cosmos-lac-flame-orange-fo-410-400-ml-flame-orange-fo-410-blackberry","true","","false"
"/proizvodi/cosmos-lac-flame-orange-fo-412-400-ml-flame-orange-fo-412-currant","product","true","true","200","http://localhost:3000/proizvodi/cosmos-lac-flame-orange-fo-412-400-ml-flame-orange-fo-412-currant","true","","false"
"/proizvodi/cosmos-lac-flame-orange-fo-415-400-ml-flame-orange-fo-415-crocus","product","true","true","200","http://localhost:3000/proizvodi/cosmos-lac-flame-orange-fo-415-400-ml-flame-orange-fo-415-crocus","true","","false"
"/proizvodi/cosmos-lac-flame-orange-fo-416-400-ml-flame-orange-fo-416-viola-light","product","true","true","200","http://localhost:3000/proizvodi/cosmos-lac-flame-orange-fo-416-400-ml-flame-orange-fo-416-viola-light","true","","false"
"/proizvodi/cosmos-lac-flame-orange-fo-418-400-ml-flame-orange-fo-418-viola","product","true","true","200","http://localhost:3000/proizvodi/cosmos-lac-flame-orange-fo-418-400-ml-flame-orange-fo-418-viola","true","","false"
"/proizvodi/cosmos-lac-flame-orange-fo-420-400-ml-flame-orange-fo-420-viola-dark","product","true","true","200","http://localhost:3000/proizvodi/cosmos-lac-flame-orange-fo-420-400-ml-flame-orange-fo-420-viola-dark","true","","false"
"/proizvodi/cosmos-lac-flame-orange-fo-422-400-ml-flame-orange-fo-422-cosmos-blue-pastel","product","true","true","200","http://localhost:3000/proizvodi/cosmos-lac-flame-orange-fo-422-400-ml-flame-orange-fo-422-cosmos-blue-pastel","true","","false"
"/proizvodi/cosmos-lac-flame-orange-fo-424-400-ml-flame-orange-fo-424-cosmos-blue-light","product","true","true","200","http://localhost:3000/proizvodi/cosmos-lac-flame-orange-fo-424-400-ml-flame-orange-fo-424-cosmos-blue-light","true","","false"
"/proizvodi/cosmos-lac-flame-orange-fo-426-400-ml-flame-orange-fo-426-cosmos-blue","product","true","true","200","http://localhost:3000/proizvodi/cosmos-lac-flame-orange-fo-426-400-ml-flame-orange-fo-426-cosmos-blue","true","","false"
"/proizvodi/cosmos-lac-flame-orange-fo-428-400-ml-flame-orange-fo-428-cosmos-blue-dark","product","true","true","200","http://localhost:3000/proizvodi/cosmos-lac-flame-orange-fo-428-400-ml-flame-orange-fo-428-cosmos-blue-dark","true","","false"
"/proizvodi/cosmos-lac-flame-orange-fo-502-400-ml-flame-orange-fo-502-lighting-blue","product","true","true","200","http://localhost:3000/proizvodi/cosmos-lac-flame-orange-fo-502-400-ml-flame-orange-fo-502-lighting-blue","true","","false"
"/proizvodi/cosmos-lac-flame-orange-fo-504-400-ml-flame-orange-fo-504-light-blue-light","product","true","true","200","http://localhost:3000/proizvodi/cosmos-lac-flame-orange-fo-504-400-ml-flame-orange-fo-504-light-blue-light","true","","false"
"/proizvodi/cosmos-lac-flame-orange-fo-508-400-ml-flame-orange-fo-508-light-blue","product","true","true","200","http://localhost:3000/proizvodi/cosmos-lac-flame-orange-fo-508-400-ml-flame-orange-fo-508-light-blue","true","","false"
"/proizvodi/cosmos-lac-flame-orange-fo-510-400-ml-flame-orange-fo-510-sky-blue","product","true","true","200","http://localhost:3000/proizvodi/cosmos-lac-flame-orange-fo-510-400-ml-flame-orange-fo-510-sky-blue","true","","false"
"/proizvodi/cosmos-lac-flame-orange-fo-511-400-ml-flame-orange-fo-511-crazy-blue","product","true","true","200","http://localhost:3000/proizvodi/cosmos-lac-flame-orange-fo-511-400-ml-flame-orange-fo-511-crazy-blue","true","","false"
"/proizvodi/cosmos-lac-flame-orange-fo-512-400-ml-flame-orange-fo-512-signal-blue","product","true","true","200","http://localhost:3000/proizvodi/cosmos-lac-flame-orange-fo-512-400-ml-flame-orange-fo-512-signal-blue","true","","false"
"/proizvodi/cosmos-lac-flame-orange-fo-514-400-ml-flame-orange-fo-514-true-blue","product","true","true","200","http://localhost:3000/proizvodi/cosmos-lac-flame-orange-fo-514-400-ml-flame-orange-fo-514-true-blue","true","","false"
"/proizvodi/cosmos-lac-flame-orange-fo-515-400-ml-flame-orange-fo-515-ultramarine-blue","product","true","true","200","http://localhost:3000/proizvodi/cosmos-lac-flame-orange-fo-515-400-ml-flame-orange-fo-515-ultramarine-blue","true","","false"
"/proizvodi/cosmos-lac-flame-orange-fo-516-400-ml-flame-orange-fo-516-cream-blue-light","product","true","true","200","http://localhost:3000/proizvodi/cosmos-lac-flame-orange-fo-516-400-ml-flame-orange-fo-516-cream-blue-light","true","","false"
"/proizvodi/cosmos-lac-flame-orange-fo-518-400-ml-flame-orange-fo-518-cream-blue","product","true","true","200","http://localhost:3000/proizvodi/cosmos-lac-flame-orange-fo-518-400-ml-flame-orange-fo-518-cream-blue","true","","false"
"/proizvodi/cosmos-lac-flame-orange-fo-520-400-ml-flame-orange-fo-520-cream-blue-dark","product","true","true","200","http://localhost:3000/proizvodi/cosmos-lac-flame-orange-fo-520-400-ml-flame-orange-fo-520-cream-blue-dark","true","","false"
"/proizvodi/cosmos-lac-flame-orange-fo-522-400-ml-flame-orange-fo-522-sapphire-blue","product","true","true","200","http://localhost:3000/proizvodi/cosmos-lac-flame-orange-fo-522-400-ml-flame-orange-fo-522-sapphire-blue","true","","false"
"/proizvodi/cosmos-lac-flame-orange-fo-523-400-ml-flame-orange-fo-523-sapphire-blue-dark","product","true","true","200","http://localhost:3000/proizvodi/cosmos-lac-flame-orange-fo-523-400-ml-flame-orange-fo-523-sapphire-blue-dark","true","","false"
"/proizvodi/cosmos-lac-flame-orange-fo-531-400-ml-flame-orange-fo-531-verdigris-light","product","true","true","200","http://localhost:3000/proizvodi/cosmos-lac-flame-orange-fo-531-400-ml-flame-orange-fo-531-verdigris-light","true","","false"
"/proizvodi/cosmos-lac-flame-orange-fo-532-400-ml-flame-orange-fo-532-verdigris-middle","product","true","true","200","http://localhost:3000/proizvodi/cosmos-lac-flame-orange-fo-532-400-ml-flame-orange-fo-532-verdigris-middle","true","","false"
"/proizvodi/cosmos-lac-flame-orange-fo-533-400-ml-flame-orange-fo-533-verdigris","product","true","true","200","http://localhost:3000/proizvodi/cosmos-lac-flame-orange-fo-533-400-ml-flame-orange-fo-533-verdigris","true","","false"
"/proizvodi/cosmos-lac-flame-orange-fo-601-400-ml-flame-orange-fo-601-crazy-riviera","product","true","true","200","http://localhost:3000/proizvodi/cosmos-lac-flame-orange-fo-601-400-ml-flame-orange-fo-601-crazy-riviera","true","","false"
"/proizvodi/cosmos-lac-flame-orange-fo-602-400-ml-flame-orange-fo-602-riviera","product","true","true","200","http://localhost:3000/proizvodi/cosmos-lac-flame-orange-fo-602-400-ml-flame-orange-fo-602-riviera","true","","false"
"/proizvodi/cosmos-lac-flame-orange-fo-604-400-ml-flame-orange-fo-604-lagoon-blue","product","true","true","200","http://localhost:3000/proizvodi/cosmos-lac-flame-orange-fo-604-400-ml-flame-orange-fo-604-lagoon-blue","true","","false"
"/proizvodi/cosmos-lac-flame-orange-fo-605-400-ml-flame-orange-fo-605-lagoon-blue-dark","product","true","true","200","http://localhost:3000/proizvodi/cosmos-lac-flame-orange-fo-605-400-ml-flame-orange-fo-605-lagoon-blue-dark","true","","false"
"/proizvodi/cosmos-lac-flame-orange-fo-606-400-ml-flame-orange-fo-606-ocean-blue","product","true","true","200","http://localhost:3000/proizvodi/cosmos-lac-flame-orange-fo-606-400-ml-flame-orange-fo-606-ocean-blue","true","","false"
"/proizvodi/cosmos-lac-flame-orange-fo-608-400-ml-flame-orange-fo-608-sage-middle","product","true","true","200","http://localhost:3000/proizvodi/cosmos-lac-flame-orange-fo-608-400-ml-flame-orange-fo-608-sage-middle","true","","false"
"/proizvodi/cosmos-lac-flame-orange-fo-609-400-ml-flame-orange-fo-609-sage","product","true","true","200","http://localhost:3000/proizvodi/cosmos-lac-flame-orange-fo-609-400-ml-flame-orange-fo-609-sage","true","","false"
"/proizvodi/cosmos-lac-flame-orange-fo-610-400-ml-flame-orange-fo-610-sage-dark","product","true","true","200","http://localhost:3000/proizvodi/cosmos-lac-flame-orange-fo-610-400-ml-flame-orange-fo-610-sage-dark","true","","false"
"/proizvodi/cosmos-lac-flame-orange-fo-613-400-ml-flame-orange-fo-613-aqua-pastel-light","product","true","true","200","http://localhost:3000/proizvodi/cosmos-lac-flame-orange-fo-613-400-ml-flame-orange-fo-613-aqua-pastel-light","true","","false"
"/proizvodi/cosmos-lac-flame-orange-fo-614-400-ml-flame-orange-fo-614-aqua-pastel","product","true","true","200","http://localhost:3000/proizvodi/cosmos-lac-flame-orange-fo-614-400-ml-flame-orange-fo-614-aqua-pastel","true","","false"
"/proizvodi/cosmos-lac-flame-orange-fo-615-400-ml-flame-orange-fo-615-crazy-aqua","product","true","true","200","http://localhost:3000/proizvodi/cosmos-lac-flame-orange-fo-615-400-ml-flame-orange-fo-615-crazy-aqua","true","","false"
"/proizvodi/cosmos-lac-flame-orange-fo-616-400-ml-flame-orange-fo-616-aqua-light","product","true","true","200","http://localhost:3000/proizvodi/cosmos-lac-flame-orange-fo-616-400-ml-flame-orange-fo-616-aqua-light","true","","false"
"/proizvodi/cosmos-lac-flame-orange-fo-618-400-ml-flame-orange-fo-618-aqua","product","true","true","200","http://localhost:3000/proizvodi/cosmos-lac-flame-orange-fo-618-400-ml-flame-orange-fo-618-aqua","true","","false"
"/proizvodi/cosmos-lac-flame-orange-fo-621-400-ml-flame-orange-fo-621-mustard-middle","product","true","true","200","http://localhost:3000/proizvodi/cosmos-lac-flame-orange-fo-621-400-ml-flame-orange-fo-621-mustard-middle","true","","false"
"/proizvodi/cosmos-lac-flame-orange-fo-622-400-ml-flame-orange-fo-622-mustard-light","product","true","true","200","http://localhost:3000/proizvodi/cosmos-lac-flame-orange-fo-622-400-ml-flame-orange-fo-622-mustard-light","true","","false"
"/proizvodi/cosmos-lac-flame-orange-fo-623-400-ml-flame-orange-fo-623-crazy-green","product","true","true","200","http://localhost:3000/proizvodi/cosmos-lac-flame-orange-fo-623-400-ml-flame-orange-fo-623-crazy-green","true","","false"
"/proizvodi/cosmos-lac-flame-orange-fo-624-400-ml-flame-orange-fo-624-pistachio-light","product","true","true","200","http://localhost:3000/proizvodi/cosmos-lac-flame-orange-fo-624-400-ml-flame-orange-fo-624-pistachio-light","true","","false"
"/proizvodi/cosmos-lac-flame-orange-fo-625-400-ml-flame-orange-fo-625-mustard","product","true","true","200","http://localhost:3000/proizvodi/cosmos-lac-flame-orange-fo-625-400-ml-flame-orange-fo-625-mustard","true","","false"
"/proizvodi/cosmos-lac-flame-orange-fo-627-400-ml-flame-orange-fo-627-crazy-grass","product","true","true","200","http://localhost:3000/proizvodi/cosmos-lac-flame-orange-fo-627-400-ml-flame-orange-fo-627-crazy-grass","true","","false"
"/proizvodi/cosmos-lac-flame-orange-fo-628-400-ml-flame-orange-fo-628-grass-green","product","true","true","200","http://localhost:3000/proizvodi/cosmos-lac-flame-orange-fo-628-400-ml-flame-orange-fo-628-grass-green","true","","false"
"/proizvodi/cosmos-lac-flame-orange-fo-629-400-ml-flame-orange-fo-629-juice-green","product","true","true","200","http://localhost:3000/proizvodi/cosmos-lac-flame-orange-fo-629-400-ml-flame-orange-fo-629-juice-green","true","","false"
"/proizvodi/cosmos-lac-flame-orange-fo-631-400-ml-flame-orange-fo-631-mustard-dark","product","true","true","200","http://localhost:3000/proizvodi/cosmos-lac-flame-orange-fo-631-400-ml-flame-orange-fo-631-mustard-dark","true","","false"
"/proizvodi/cosmos-lac-flame-orange-fo-632-400-ml-flame-orange-fo-632-leaf-green","product","true","true","200","http://localhost:3000/proizvodi/cosmos-lac-flame-orange-fo-632-400-ml-flame-orange-fo-632-leaf-green","true","","false"
"/proizvodi/cosmos-lac-flame-orange-fo-633-400-ml-flame-orange-fo-633-khaki-green","product","true","true","200","http://localhost:3000/proizvodi/cosmos-lac-flame-orange-fo-633-400-ml-flame-orange-fo-633-khaki-green","true","","false"
"/proizvodi/cosmos-lac-flame-orange-fo-636-400-ml-flame-orange-fo-636-fir-green","product","true","true","200","http://localhost:3000/proizvodi/cosmos-lac-flame-orange-fo-636-400-ml-flame-orange-fo-636-fir-green","true","","false"
"/proizvodi/cosmos-lac-flame-orange-fo-637-400-ml-flame-orange-fo-637-pear-light","product","true","true","200","http://localhost:3000/proizvodi/cosmos-lac-flame-orange-fo-637-400-ml-flame-orange-fo-637-pear-light","true","","false"
"/proizvodi/cosmos-lac-flame-orange-fo-639-400-ml-flame-orange-fo-639-pear","product","true","true","200","http://localhost:3000/proizvodi/cosmos-lac-flame-orange-fo-639-400-ml-flame-orange-fo-639-pear","true","","false"
"/proizvodi/cosmos-lac-flame-orange-fo-640-400-ml-flame-orange-fo-640-kiwi-light","product","true","true","200","http://localhost:3000/proizvodi/cosmos-lac-flame-orange-fo-640-400-ml-flame-orange-fo-640-kiwi-light","true","","false"
"/proizvodi/cosmos-lac-flame-orange-fo-641-400-ml-flame-orange-fo-641-pear-dark","product","true","true","200","http://localhost:3000/proizvodi/cosmos-lac-flame-orange-fo-641-400-ml-flame-orange-fo-641-pear-dark","true","","false"
"/proizvodi/cosmos-lac-flame-orange-fo-642-400-ml-flame-orange-fo-642-kiwi","product","true","true","200","http://localhost:3000/proizvodi/cosmos-lac-flame-orange-fo-642-400-ml-flame-orange-fo-642-kiwi","true","","false"
"/proizvodi/cosmos-lac-flame-orange-fo-644-400-ml-flame-orange-fo-644-kiwi-dark","product","true","true","200","http://localhost:3000/proizvodi/cosmos-lac-flame-orange-fo-644-400-ml-flame-orange-fo-644-kiwi-dark","true","","false"
"/proizvodi/cosmos-lac-flame-orange-fo-663-400-ml-flame-orange-fo-663-mint","product","true","true","200","http://localhost:3000/proizvodi/cosmos-lac-flame-orange-fo-663-400-ml-flame-orange-fo-663-mint","true","","false"
"/proizvodi/cosmos-lac-flame-orange-fo-664-400-ml-flame-orange-fo-664-menthol-light","product","true","true","200","http://localhost:3000/proizvodi/cosmos-lac-flame-orange-fo-664-400-ml-flame-orange-fo-664-menthol-light","true","","false"
"/proizvodi/cosmos-lac-flame-orange-fo-666-400-ml-flame-orange-fo-666-menthol","product","true","true","200","http://localhost:3000/proizvodi/cosmos-lac-flame-orange-fo-666-400-ml-flame-orange-fo-666-menthol","true","","false"
"/proizvodi/cosmos-lac-flame-orange-fo-667-400-ml-flame-orange-fo-667-crazy-menthol","product","true","true","200","http://localhost:3000/proizvodi/cosmos-lac-flame-orange-fo-667-400-ml-flame-orange-fo-667-crazy-menthol","true","","false"
"/proizvodi/cosmos-lac-flame-orange-fo-670-400-ml-flame-orange-fo-670-turquoise-light","product","true","true","200","http://localhost:3000/proizvodi/cosmos-lac-flame-orange-fo-670-400-ml-flame-orange-fo-670-turquoise-light","true","","false"
"/proizvodi/cosmos-lac-flame-orange-fo-672-400-ml-flame-orange-fo-672-turquoise","product","true","true","200","http://localhost:3000/proizvodi/cosmos-lac-flame-orange-fo-672-400-ml-flame-orange-fo-672-turquoise","true","","false"
"/proizvodi/cosmos-lac-flame-orange-fo-675-400-ml-flame-orange-fo-675-emerald-green","product","true","true","200","http://localhost:3000/proizvodi/cosmos-lac-flame-orange-fo-675-400-ml-flame-orange-fo-675-emerald-green","true","","false"
"/proizvodi/cosmos-lac-flame-orange-fo-697-400-ml-flame-orange-fo-697-cocoa-light","product","true","true","200","http://localhost:3000/proizvodi/cosmos-lac-flame-orange-fo-697-400-ml-flame-orange-fo-697-cocoa-light","true","","false"
"/proizvodi/cosmos-lac-flame-orange-fo-698-400-ml-flame-orange-fo-698-cocoa","product","true","true","200","http://localhost:3000/proizvodi/cosmos-lac-flame-orange-fo-698-400-ml-flame-orange-fo-698-cocoa","true","","false"
"/proizvodi/cosmos-lac-flame-orange-fo-699-400-ml-flame-orange-fo-699-brown-red","product","true","true","200","http://localhost:3000/proizvodi/cosmos-lac-flame-orange-fo-699-400-ml-flame-orange-fo-699-brown-red","true","","false"
"/proizvodi/cosmos-lac-flame-orange-fo-702-400-ml-flame-orange-fo-702-ivory-light","product","true","true","200","http://localhost:3000/proizvodi/cosmos-lac-flame-orange-fo-702-400-ml-flame-orange-fo-702-ivory-light","true","","false"
"/proizvodi/cosmos-lac-flame-orange-fo-703-400-ml-flame-orange-fo-703-milk-coffee","product","true","true","200","http://localhost:3000/proizvodi/cosmos-lac-flame-orange-fo-703-400-ml-flame-orange-fo-703-milk-coffee","true","","false"
"/proizvodi/cosmos-lac-flame-orange-fo-704-400-ml-flame-orange-fo-704-beige-brown","product","true","true","200","http://localhost:3000/proizvodi/cosmos-lac-flame-orange-fo-704-400-ml-flame-orange-fo-704-beige-brown","true","","false"
"/proizvodi/cosmos-lac-flame-orange-fo-706-400-ml-flame-orange-fo-706-ocher","product","true","true","200","http://localhost:3000/proizvodi/cosmos-lac-flame-orange-fo-706-400-ml-flame-orange-fo-706-ocher","true","","false"
"/proizvodi/cosmos-lac-flame-orange-fo-708-400-ml-flame-orange-fo-708-nut","product","true","true","200","http://localhost:3000/proizvodi/cosmos-lac-flame-orange-fo-708-400-ml-flame-orange-fo-708-nut","true","","false"
"/proizvodi/cosmos-lac-flame-orange-fo-710-400-ml-flame-orange-fo-710-chocolate","product","true","true","200","http://localhost:3000/proizvodi/cosmos-lac-flame-orange-fo-710-400-ml-flame-orange-fo-710-chocolate","true","","false"
"/proizvodi/cosmos-lac-flame-orange-fo-732-400-ml-flame-orange-fo-732-grey-beige-light","product","true","true","200","http://localhost:3000/proizvodi/cosmos-lac-flame-orange-fo-732-400-ml-flame-orange-fo-732-grey-beige-light","true","","false"
"/proizvodi/cosmos-lac-flame-orange-fo-734-400-ml-flame-orange-fo-734-grey-beige","product","true","true","200","http://localhost:3000/proizvodi/cosmos-lac-flame-orange-fo-734-400-ml-flame-orange-fo-734-grey-beige","true","","false"
"/proizvodi/cosmos-lac-flame-orange-fo-736-400-ml-flame-orange-fo-736-khaki-grey","product","true","true","200","http://localhost:3000/proizvodi/cosmos-lac-flame-orange-fo-736-400-ml-flame-orange-fo-736-khaki-grey","true","","false"
"/proizvodi/cosmos-lac-flame-orange-fo-830-400-ml-flame-orange-fo-830-stone-grey-light","product","true","true","200","http://localhost:3000/proizvodi/cosmos-lac-flame-orange-fo-830-400-ml-flame-orange-fo-830-stone-grey-light","true","","false"
"/proizvodi/cosmos-lac-flame-orange-fo-831-400-ml-flame-orange-fo-831-stone-grey-middle","product","true","true","200","http://localhost:3000/proizvodi/cosmos-lac-flame-orange-fo-831-400-ml-flame-orange-fo-831-stone-grey-middle","true","","false"
"/proizvodi/cosmos-lac-flame-orange-fo-832-400-ml-flame-orange-fo-832-stone-grey","product","true","true","200","http://localhost:3000/proizvodi/cosmos-lac-flame-orange-fo-832-400-ml-flame-orange-fo-832-stone-grey","true","","false"
"/proizvodi/cosmos-lac-flame-orange-fo-833-400-ml-flame-orange-fo-833-stone-grey-dark","product","true","true","200","http://localhost:3000/proizvodi/cosmos-lac-flame-orange-fo-833-400-ml-flame-orange-fo-833-stone-grey-dark","true","","false"
"/proizvodi/cosmos-lac-flame-orange-fo-834-400-ml-flame-orange-fo-834-light-grey-neutral","product","true","true","200","http://localhost:3000/proizvodi/cosmos-lac-flame-orange-fo-834-400-ml-flame-orange-fo-834-light-grey-neutral","true","","false"
"/proizvodi/cosmos-lac-flame-orange-fo-836-400-ml-flame-orange-fo-836-middle-grey-neutral","product","true","true","200","http://localhost:3000/proizvodi/cosmos-lac-flame-orange-fo-836-400-ml-flame-orange-fo-836-middle-grey-neutral","true","","false"
"/proizvodi/cosmos-lac-flame-orange-fo-840-400-ml-flame-orange-fo-840-dark-grey-neutral","product","true","true","200","http://localhost:3000/proizvodi/cosmos-lac-flame-orange-fo-840-400-ml-flame-orange-fo-840-dark-grey-neutral","true","","false"
"/proizvodi/cosmos-lac-flame-orange-fo-844-400-ml-flame-orange-fo-844-anthracite-grey","product","true","true","200","http://localhost:3000/proizvodi/cosmos-lac-flame-orange-fo-844-400-ml-flame-orange-fo-844-anthracite-grey","true","","false"
"/proizvodi/cosmos-lac-flame-orange-fo-900-400-ml-flame-orange-fo-900-pure-white","product","true","true","200","http://localhost:3000/proizvodi/cosmos-lac-flame-orange-fo-900-400-ml-flame-orange-fo-900-pure-white","true","","false"
"/proizvodi/cosmos-lac-flame-orange-fo-901-400-ml-flame-orange-fo-901-thick-black","product","true","true","200","http://localhost:3000/proizvodi/cosmos-lac-flame-orange-fo-901-400-ml-flame-orange-fo-901-thick-black","true","","false"
"/proizvodi/cosmos-lac-flame-orange-fo-902-400-ml-flame-orange-fo-902-ultra-chrome","product","true","true","200","http://localhost:3000/proizvodi/cosmos-lac-flame-orange-fo-902-400-ml-flame-orange-fo-902-ultra-chrome","true","","false"
"/proizvodi/cosmos-lac-flame-orange-fo-904-400-ml-flame-orange-fo-904-deep-black","product","true","true","200","http://localhost:3000/proizvodi/cosmos-lac-flame-orange-fo-904-400-ml-flame-orange-fo-904-deep-black","true","","false"
"/proizvodi/cosmos-lac-flame-orange-fo-906-400-ml-flame-orange-fo-906-gold","product","true","true","200","http://localhost:3000/proizvodi/cosmos-lac-flame-orange-fo-906-400-ml-flame-orange-fo-906-gold","true","","false"
"/proizvodi/cosmos-lac-fluorescent-marking-490-fluorescent-paint-490-red","product","true","true","200","http://localhost:3000/proizvodi/cosmos-lac-fluorescent-marking-490-fluorescent-paint-490-red","true","","false"
"/proizvodi/cosmos-lac-fluorescent-marking-491-fluorescent-paint-491-orange","product","true","true","200","http://localhost:3000/proizvodi/cosmos-lac-fluorescent-marking-491-fluorescent-paint-491-orange","true","","false"
"/proizvodi/cosmos-lac-fluorescent-marking-493-fluorescent-paint-493-green","product","true","true","200","http://localhost:3000/proizvodi/cosmos-lac-fluorescent-marking-493-fluorescent-paint-493-green","true","","false"
"/proizvodi/cosmos-lac-fluorescent-marking-494-fluorescent-paint-494-yellow","product","true","true","200","http://localhost:3000/proizvodi/cosmos-lac-fluorescent-marking-494-fluorescent-paint-494-yellow","true","","false"
"/proizvodi/cosmos-lac-fluorescent-marking-571-forest-trail-marking-571-red","product","true","true","200","http://localhost:3000/proizvodi/cosmos-lac-fluorescent-marking-571-forest-trail-marking-571-red","true","","false"
"/proizvodi/cosmos-lac-fluorescent-marking-572-forest-trail-marking-572-orange","product","true","true","200","http://localhost:3000/proizvodi/cosmos-lac-fluorescent-marking-572-forest-trail-marking-572-orange","true","","false"
"/proizvodi/cosmos-lac-fluorescent-marking-573-forest-trail-marking-573-yellow","product","true","true","200","http://localhost:3000/proizvodi/cosmos-lac-fluorescent-marking-573-forest-trail-marking-573-yellow","true","","false"
"/proizvodi/cosmos-lac-fluorescent-marking-574-forest-trail-marking-574-blue","product","true","true","200","http://localhost:3000/proizvodi/cosmos-lac-fluorescent-marking-574-forest-trail-marking-574-blue","true","","false"
"/proizvodi/cosmos-lac-fluorescent-marking-575-forest-trail-marking-575-white","product","true","true","200","http://localhost:3000/proizvodi/cosmos-lac-fluorescent-marking-575-forest-trail-marking-575-white","true","","false"
"/proizvodi/cosmos-lac-fluorescent-marking-591-road-construction-marking-591-orange","product","true","true","200","http://localhost:3000/proizvodi/cosmos-lac-fluorescent-marking-591-road-construction-marking-591-orange","true","","false"
"/proizvodi/cosmos-lac-fluorescent-marking-593-road-construction-marking-593-green","product","true","true","200","http://localhost:3000/proizvodi/cosmos-lac-fluorescent-marking-593-road-construction-marking-593-green","true","","false"
"/proizvodi/cosmos-lac-fluorescent-marking-594-road-construction-marking-594-yellow","product","true","true","200","http://localhost:3000/proizvodi/cosmos-lac-fluorescent-marking-594-road-construction-marking-594-yellow","true","","false"
"/proizvodi/cosmos-lac-fluorescent-marking-595-road-construction-marking-595-white","product","true","true","200","http://localhost:3000/proizvodi/cosmos-lac-fluorescent-marking-595-road-construction-marking-595-white","true","","false"
"/proizvodi/cosmos-lac-high-heat-700-c-350-400-ml-high-heat-350-silver","product","true","true","200","http://localhost:3000/proizvodi/cosmos-lac-high-heat-700-c-350-400-ml-high-heat-350-silver","true","","false"
"/proizvodi/cosmos-lac-high-heat-700-c-351-400-ml-high-heat-351-black","product","true","true","200","http://localhost:3000/proizvodi/cosmos-lac-high-heat-700-c-351-400-ml-high-heat-351-black","true","","false"
"/proizvodi/cosmos-lac-high-heat-700-c-352-400-ml-high-heat-352-white","product","true","true","200","http://localhost:3000/proizvodi/cosmos-lac-high-heat-700-c-352-400-ml-high-heat-352-white","true","","false"
"/proizvodi/cosmos-lac-high-heat-700-c-353-400-ml-high-heat-353-red","product","true","true","200","http://localhost:3000/proizvodi/cosmos-lac-high-heat-700-c-353-400-ml-high-heat-353-red","true","","false"
"/proizvodi/cosmos-lac-high-heat-700-c-356-400-ml-high-heat-356-anthracite","product","true","true","200","http://localhost:3000/proizvodi/cosmos-lac-high-heat-700-c-356-400-ml-high-heat-356-anthracite","true","","false"
"/proizvodi/cosmos-lac-home-380-400-ml-paint-for-aluminums-380-white","product","true","true","200","http://localhost:3000/proizvodi/cosmos-lac-home-380-400-ml-paint-for-aluminums-380-white","true","","true"
"/proizvodi/cosmos-lac-home-400-400-ml-white-smalto-400-white","product","true","true","200","http://localhost:3000/proizvodi/cosmos-lac-home-400-400-ml-white-smalto-400-white","true","","true"
"/proizvodi/cosmos-lac-home-401-400-ml-porcelain-paint-401-white","product","true","true","200","http://localhost:3000/proizvodi/cosmos-lac-home-401-400-ml-porcelain-paint-401-white","true","","true"
"/proizvodi/cosmos-lac-home-402-400-ml-radiator-lacquer-402-white","product","true","true","200","http://localhost:3000/proizvodi/cosmos-lac-home-402-400-ml-radiator-lacquer-402-white","true","","false"
"/proizvodi/cosmos-lac-home-403-400-ml-radiator-lacquer-403-silver","product","true","true","200","http://localhost:3000/proizvodi/cosmos-lac-home-403-400-ml-radiator-lacquer-403-silver","true","","false"
"/proizvodi/cosmos-lac-home-741-providna-400-ml-power-glue-741-transparent","product","true","true","200","http://localhost:3000/proizvodi/cosmos-lac-home-741-providna-400-ml-power-glue-741-transparent","true","","true"
"/proizvodi/cosmos-lac-lubricants-200-400-ml-multimax-1000-200","product","true","true","200","http://localhost:3000/proizvodi/cosmos-lac-lubricants-200-400-ml-multimax-1000-200","true","","true"
"/proizvodi/cosmos-lac-lubricants-203-400-ml-silicone-oil-203","product","true","true","200","http://localhost:3000/proizvodi/cosmos-lac-lubricants-203-400-ml-silicone-oil-203","true","","false"
"/proizvodi/cosmos-lac-lubricants-204-400-ml-lithium-grease-204","product","true","true","200","http://localhost:3000/proizvodi/cosmos-lac-lubricants-204-400-ml-lithium-grease-204","true","","false"
"/proizvodi/cosmos-lac-lubricants-208-400-ml-penetrating-oil-anti-corrosion-208","product","true","true","200","http://localhost:3000/proizvodi/cosmos-lac-lubricants-208-400-ml-penetrating-oil-anti-corrosion-208","true","","false"
"/proizvodi/cosmos-lac-lubricants-210-400-ml-chain-grease-210","product","true","true","200","http://localhost:3000/proizvodi/cosmos-lac-lubricants-210-400-ml-chain-grease-210","true","","false"
"/proizvodi/cosmos-lac-lubricants-742-400-ml-penetrating-oil-ptfe-742","product","true","true","200","http://localhost:3000/proizvodi/cosmos-lac-lubricants-742-400-ml-penetrating-oil-ptfe-742","true","","false"
"/proizvodi/cosmos-lac-lubricants-743-400-ml-dry-ptfe-oil-743","product","true","true","200","http://localhost:3000/proizvodi/cosmos-lac-lubricants-743-400-ml-dry-ptfe-oil-743","true","","false"
"/proizvodi/cosmos-lac-lubricants-744-400-ml-lithium-grease-ptfe-744","product","true","true","200","http://localhost:3000/proizvodi/cosmos-lac-lubricants-744-400-ml-lithium-grease-ptfe-744","true","","false"
"/proizvodi/cosmos-lac-lubricants-745-400-ml-copper-grease-1100-c-745","product","true","true","200","http://localhost:3000/proizvodi/cosmos-lac-lubricants-745-400-ml-copper-grease-1100-c-745","true","","false"
"/proizvodi/cosmos-lac-lubricants-746-400-ml-cut-drill-oil-746","product","true","true","200","http://localhost:3000/proizvodi/cosmos-lac-lubricants-746-400-ml-cut-drill-oil-746","true","","false"
"/proizvodi/cosmos-lac-lubricants-747-400-ml-vaseline-spray-747","product","true","true","200","http://localhost:3000/proizvodi/cosmos-lac-lubricants-747-400-ml-vaseline-spray-747","true","","true"
"/proizvodi/cosmos-lac-lubricants-748-400-ml-leak-detector-748","product","true","true","200","http://localhost:3000/proizvodi/cosmos-lac-lubricants-748-400-ml-leak-detector-748","true","","true"
"/proizvodi/cosmos-lac-lubricants-749-400-ml-rust-shock-freeze-penetrating-oil-749","product","true","true","200","http://localhost:3000/proizvodi/cosmos-lac-lubricants-749-400-ml-rust-shock-freeze-penetrating-oil-749","true","","false"
"/proizvodi/cosmos-lac-lubricants-753-400-ml-anti-spatter-for-welding-753","product","true","true","200","http://localhost:3000/proizvodi/cosmos-lac-lubricants-753-400-ml-anti-spatter-for-welding-753","true","","true"
"/proizvodi/cosmos-lac-master-mechanic-01-500-ml-master-mechanic-primer-01-grey","product","true","true","200","http://localhost:3000/proizvodi/cosmos-lac-master-mechanic-01-500-ml-master-mechanic-primer-01-grey","true","","false"
"/proizvodi/cosmos-lac-master-mechanic-01-500-ml-master-mechanic-primer-01-white","product","true","true","200","http://localhost:3000/proizvodi/cosmos-lac-master-mechanic-01-500-ml-master-mechanic-primer-01-white","true","","false"
"/proizvodi/cosmos-lac-master-mechanic-02-500-ml-master-mechanic-filler-02-black","product","true","true","200","http://localhost:3000/proizvodi/cosmos-lac-master-mechanic-02-500-ml-master-mechanic-filler-02-black","true","","false"
"/proizvodi/cosmos-lac-master-mechanic-02-500-ml-master-mechanic-filler-02-grey","product","true","true","200","http://localhost:3000/proizvodi/cosmos-lac-master-mechanic-02-500-ml-master-mechanic-filler-02-grey","true","","false"
"/proizvodi/cosmos-lac-master-mechanic-03-500-ml-master-mechanic-epoxy-primer-03-grey","product","true","true","200","http://localhost:3000/proizvodi/cosmos-lac-master-mechanic-03-500-ml-master-mechanic-epoxy-primer-03-grey","true","","true"
"/proizvodi/cosmos-lac-master-mechanic-04-500-ml-master-mechanic-wash-primer-04-light-yellow","product","true","true","200","http://localhost:3000/proizvodi/cosmos-lac-master-mechanic-04-500-ml-master-mechanic-wash-primer-04-light-yellow","true","","true"
"/proizvodi/cosmos-lac-master-mechanic-05-providna-500-ml-master-mechanic-plastic-primer-05-transparent","product","true","true","200","http://localhost:3000/proizvodi/cosmos-lac-master-mechanic-05-providna-500-ml-master-mechanic-plastic-primer-05-transparent","true","","true"
"/proizvodi/cosmos-lac-master-mechanic-06-500-ml-master-mechanic-control-guide-06-black","product","true","true","200","http://localhost:3000/proizvodi/cosmos-lac-master-mechanic-06-500-ml-master-mechanic-control-guide-06-black","true","","true"
"/proizvodi/cosmos-lac-master-mechanic-10-500-ml-master-mechanic-ral-paint-10-silver","product","true","true","200","http://localhost:3000/proizvodi/cosmos-lac-master-mechanic-10-500-ml-master-mechanic-ral-paint-10-silver","true","","false"
"/proizvodi/cosmos-lac-master-mechanic-10-mat-500-ml-master-mechanic-ral-paint-10-black-matt","product","true","true","200","http://localhost:3000/proizvodi/cosmos-lac-master-mechanic-10-mat-500-ml-master-mechanic-ral-paint-10-black-matt","true","","false"
"/proizvodi/cosmos-lac-master-mechanic-10-mat-500-ml-master-mechanic-ral-paint-10-white-matt","product","true","true","200","http://localhost:3000/proizvodi/cosmos-lac-master-mechanic-10-mat-500-ml-master-mechanic-ral-paint-10-white-matt","true","","false"
"/proizvodi/cosmos-lac-master-mechanic-10-sjaj-500-ml-master-mechanic-ral-paint-10-black-gloss","product","true","true","200","http://localhost:3000/proizvodi/cosmos-lac-master-mechanic-10-sjaj-500-ml-master-mechanic-ral-paint-10-black-gloss","true","","false"
"/proizvodi/cosmos-lac-master-mechanic-10-sjaj-500-ml-master-mechanic-ral-paint-10-white-gloss","product","true","true","200","http://localhost:3000/proizvodi/cosmos-lac-master-mechanic-10-sjaj-500-ml-master-mechanic-ral-paint-10-white-gloss","true","","false"
"/proizvodi/cosmos-lac-master-mechanic-11-sjaj-500-ml-master-mechanic-bumber-paint-11-black-gloss","product","true","true","200","http://localhost:3000/proizvodi/cosmos-lac-master-mechanic-11-sjaj-500-ml-master-mechanic-bumber-paint-11-black-gloss","true","","false"
"/proizvodi/cosmos-lac-master-mechanic-11s-500-ml-master-mechanic-bumber-paint-11s-black-structure","product","true","true","200","http://localhost:3000/proizvodi/cosmos-lac-master-mechanic-11s-500-ml-master-mechanic-bumber-paint-11s-black-structure","true","","false"
"/proizvodi/cosmos-lac-master-mechanic-12-500-ml-master-mechanic-heat-resistant-paint-12-black","product","true","true","200","http://localhost:3000/proizvodi/cosmos-lac-master-mechanic-12-500-ml-master-mechanic-heat-resistant-paint-12-black","true","","false"
"/proizvodi/cosmos-lac-master-mechanic-12-500-ml-master-mechanic-heat-resistant-paint-12-silver","product","true","true","200","http://localhost:3000/proizvodi/cosmos-lac-master-mechanic-12-500-ml-master-mechanic-heat-resistant-paint-12-silver","true","","false"
"/proizvodi/cosmos-lac-master-mechanic-13-500-ml-master-mechanic-antigravel-paintable-13-black","product","true","true","200","http://localhost:3000/proizvodi/cosmos-lac-master-mechanic-13-500-ml-master-mechanic-antigravel-paintable-13-black","true","","false"
"/proizvodi/cosmos-lac-master-mechanic-13-500-ml-master-mechanic-antigravel-paintable-13-grey","product","true","true","200","http://localhost:3000/proizvodi/cosmos-lac-master-mechanic-13-500-ml-master-mechanic-antigravel-paintable-13-grey","true","","false"
"/proizvodi/cosmos-lac-master-mechanic-13-500-ml-master-mechanic-antigravel-paintable-13-white","product","true","true","200","http://localhost:3000/proizvodi/cosmos-lac-master-mechanic-13-500-ml-master-mechanic-antigravel-paintable-13-white","true","","false"
"/proizvodi/cosmos-lac-master-mechanic-14-500-ml-master-mechanic-wheel-paint-14-black","product","true","true","200","http://localhost:3000/proizvodi/cosmos-lac-master-mechanic-14-500-ml-master-mechanic-wheel-paint-14-black","true","","false"
"/proizvodi/cosmos-lac-master-mechanic-14-500-ml-master-mechanic-wheel-paint-14-silver","product","true","true","200","http://localhost:3000/proizvodi/cosmos-lac-master-mechanic-14-500-ml-master-mechanic-wheel-paint-14-silver","true","","false"
"/proizvodi/cosmos-lac-master-mechanic-15-500-ml-master-mechanic-brake-caliper-paint-15-blue","product","true","true","200","http://localhost:3000/proizvodi/cosmos-lac-master-mechanic-15-500-ml-master-mechanic-brake-caliper-paint-15-blue","true","","false"
"/proizvodi/cosmos-lac-master-mechanic-15-500-ml-master-mechanic-brake-caliper-paint-15-red","product","true","true","200","http://localhost:3000/proizvodi/cosmos-lac-master-mechanic-15-500-ml-master-mechanic-brake-caliper-paint-15-red","true","","false"
"/proizvodi/cosmos-lac-master-mechanic-15-500-ml-master-mechanic-brake-caliper-paint-15-yellow","product","true","true","200","http://localhost:3000/proizvodi/cosmos-lac-master-mechanic-15-500-ml-master-mechanic-brake-caliper-paint-15-yellow","true","","false"
"/proizvodi/cosmos-lac-master-mechanic-20-providna-500-ml-master-mechanic-clear-coat-20-transparent","product","true","true","200","http://localhost:3000/proizvodi/cosmos-lac-master-mechanic-20-providna-500-ml-master-mechanic-clear-coat-20-transparent","true","","true"
"/proizvodi/cosmos-lac-metallic-332-400-ml-metallic-effect-332-blue","product","true","true","200","http://localhost:3000/proizvodi/cosmos-lac-metallic-332-400-ml-metallic-effect-332-blue","true","","false"
"/proizvodi/cosmos-lac-metallic-334-400-ml-metallic-effect-334-green","product","true","true","200","http://localhost:3000/proizvodi/cosmos-lac-metallic-334-400-ml-metallic-effect-334-green","true","","false"
"/proizvodi/cosmos-lac-metallic-335-400-ml-metallic-effect-335-black","product","true","true","200","http://localhost:3000/proizvodi/cosmos-lac-metallic-335-400-ml-metallic-effect-335-black","true","","false"
"/proizvodi/cosmos-lac-metallic-336-400-ml-metallic-effect-336-red","product","true","true","200","http://localhost:3000/proizvodi/cosmos-lac-metallic-336-400-ml-metallic-effect-336-red","true","","false"
"/proizvodi/cosmos-lac-metallic-338-400-ml-metallic-effect-338-silver","product","true","true","200","http://localhost:3000/proizvodi/cosmos-lac-metallic-338-400-ml-metallic-effect-338-silver","true","","false"
"/proizvodi/cosmos-lac-molotow-burner-400-ml-mb-400ml-chrome","product","true","true","200","http://localhost:3000/proizvodi/cosmos-lac-molotow-burner-400-ml-mb-400ml-chrome","true","","false"
"/proizvodi/cosmos-lac-molotow-burner-500-ml-mb-500ml-30-years-chrome","product","true","true","200","http://localhost:3000/proizvodi/cosmos-lac-molotow-burner-500-ml-mb-500ml-30-years-chrome","true","","false"
"/proizvodi/cosmos-lac-molotow-burner-500-ml-mb-500ml-outline-black","product","true","true","200","http://localhost:3000/proizvodi/cosmos-lac-molotow-burner-500-ml-mb-500ml-outline-black","true","","false"
"/proizvodi/cosmos-lac-molotow-burner-600-ml-mb-600ml-30-years-chrome","product","true","true","200","http://localhost:3000/proizvodi/cosmos-lac-molotow-burner-600-ml-mb-600ml-30-years-chrome","true","","false"
"/proizvodi/cosmos-lac-molotow-burner-600-ml-mb-600ml-black","product","true","true","200","http://localhost:3000/proizvodi/cosmos-lac-molotow-burner-600-ml-mb-600ml-black","true","","false"
"/proizvodi/cosmos-lac-molotow-burner-600-ml-mb-600ml-copper","product","true","true","200","http://localhost:3000/proizvodi/cosmos-lac-molotow-burner-600-ml-mb-600ml-copper","true","","false"
"/proizvodi/cosmos-lac-molotow-burner-600-ml-mb-600ml-gold","product","true","true","200","http://localhost:3000/proizvodi/cosmos-lac-molotow-burner-600-ml-mb-600ml-gold","true","","false"
"/proizvodi/cosmos-lac-molotow-premium-mp-001-400-ml-mp-001-jasmine-yellow","product","true","true","200","http://localhost:3000/proizvodi/cosmos-lac-molotow-premium-mp-001-400-ml-mp-001-jasmine-yellow","true","","false"
"/proizvodi/cosmos-lac-molotow-premium-mp-002-400-ml-mp-002-zinc-yellow","product","true","true","200","http://localhost:3000/proizvodi/cosmos-lac-molotow-premium-mp-002-400-ml-mp-002-zinc-yellow","true","","false"
"/proizvodi/cosmos-lac-molotow-premium-mp-003-400-ml-mp-003-cadmium-yellow","product","true","true","200","http://localhost:3000/proizvodi/cosmos-lac-molotow-premium-mp-003-400-ml-mp-003-cadmium-yellow","true","","false"
"/proizvodi/cosmos-lac-molotow-premium-mp-004-400-ml-mp-004-signal-yellow","product","true","true","200","http://localhost:3000/proizvodi/cosmos-lac-molotow-premium-mp-004-400-ml-mp-004-signal-yellow","true","","false"
"/proizvodi/cosmos-lac-molotow-premium-mp-005-400-ml-mp-005-nature-white","product","true","true","200","http://localhost:3000/proizvodi/cosmos-lac-molotow-premium-mp-005-400-ml-mp-005-nature-white","true","","false"
"/proizvodi/cosmos-lac-molotow-premium-mp-006-400-ml-mp-006-vanilla","product","true","true","200","http://localhost:3000/proizvodi/cosmos-lac-molotow-premium-mp-006-400-ml-mp-006-vanilla","true","","false"
"/proizvodi/cosmos-lac-molotow-premium-mp-009-400-ml-mp-009-golden-yellow","product","true","true","200","http://localhost:3000/proizvodi/cosmos-lac-molotow-premium-mp-009-400-ml-mp-009-golden-yellow","true","","false"
"/proizvodi/cosmos-lac-molotow-premium-mp-010-400-ml-mp-010-melon-yellow","product","true","true","200","http://localhost:3000/proizvodi/cosmos-lac-molotow-premium-mp-010-400-ml-mp-010-melon-yellow","true","","false"
"/proizvodi/cosmos-lac-molotow-premium-mp-011-400-ml-mp-011-slider-light-orange","product","true","true","200","http://localhost:3000/proizvodi/cosmos-lac-molotow-premium-mp-011-400-ml-mp-011-slider-light-orange","true","","false"
"/proizvodi/cosmos-lac-molotow-premium-mp-012-400-ml-mp-012-pastel-orange","product","true","true","200","http://localhost:3000/proizvodi/cosmos-lac-molotow-premium-mp-012-400-ml-mp-012-pastel-orange","true","","false"
"/proizvodi/cosmos-lac-molotow-premium-mp-013-400-ml-mp-013-dare-orange-light","product","true","true","200","http://localhost:3000/proizvodi/cosmos-lac-molotow-premium-mp-013-400-ml-mp-013-dare-orange-light","true","","false"
"/proizvodi/cosmos-lac-molotow-premium-mp-014-400-ml-mp-014-dare-orange","product","true","true","200","http://localhost:3000/proizvodi/cosmos-lac-molotow-premium-mp-014-400-ml-mp-014-dare-orange","true","","false"
"/proizvodi/cosmos-lac-molotow-premium-mp-016-400-ml-mp-016-traffic-red","product","true","true","200","http://localhost:3000/proizvodi/cosmos-lac-molotow-premium-mp-016-400-ml-mp-016-traffic-red","true","","false"
"/proizvodi/cosmos-lac-molotow-premium-mp-017-400-ml-mp-017-tornado-red","product","true","true","200","http://localhost:3000/proizvodi/cosmos-lac-molotow-premium-mp-017-400-ml-mp-017-tornado-red","true","","false"
"/proizvodi/cosmos-lac-molotow-premium-mp-018-400-ml-mp-018-ruby-red","product","true","true","200","http://localhost:3000/proizvodi/cosmos-lac-molotow-premium-mp-018-400-ml-mp-018-ruby-red","true","","false"
"/proizvodi/cosmos-lac-molotow-premium-mp-019-400-ml-mp-019-burgundy","product","true","true","200","http://localhost:3000/proizvodi/cosmos-lac-molotow-premium-mp-019-400-ml-mp-019-burgundy","true","","false"
"/proizvodi/cosmos-lac-molotow-premium-mp-032-400-ml-mp-032-mad-c-cherry-red","product","true","true","200","http://localhost:3000/proizvodi/cosmos-lac-molotow-premium-mp-032-400-ml-mp-032-mad-c-cherry-red","true","","false"
"/proizvodi/cosmos-lac-molotow-premium-mp-033-400-ml-mp-033-signal-red","product","true","true","200","http://localhost:3000/proizvodi/cosmos-lac-molotow-premium-mp-033-400-ml-mp-033-signal-red","true","","false"
"/proizvodi/cosmos-lac-molotow-premium-mp-052-400-ml-mp-052-piglet-pink","product","true","true","200","http://localhost:3000/proizvodi/cosmos-lac-molotow-premium-mp-052-400-ml-mp-052-piglet-pink","true","","false"
"/proizvodi/cosmos-lac-molotow-premium-mp-053-400-ml-mp-053-candy","product","true","true","200","http://localhost:3000/proizvodi/cosmos-lac-molotow-premium-mp-053-400-ml-mp-053-candy","true","","false"
"/proizvodi/cosmos-lac-molotow-premium-mp-058-400-ml-mp-058-fuchsia-pink","product","true","true","200","http://localhost:3000/proizvodi/cosmos-lac-molotow-premium-mp-058-400-ml-mp-058-fuchsia-pink","true","","false"
"/proizvodi/cosmos-lac-molotow-premium-mp-059-400-ml-mp-059-mad-c-psycho-pink","product","true","true","200","http://localhost:3000/proizvodi/cosmos-lac-molotow-premium-mp-059-400-ml-mp-059-mad-c-psycho-pink","true","","false"
"/proizvodi/cosmos-lac-molotow-premium-mp-060-400-ml-mp-060-telemagenta","product","true","true","200","http://localhost:3000/proizvodi/cosmos-lac-molotow-premium-mp-060-400-ml-mp-060-telemagenta","true","","false"
"/proizvodi/cosmos-lac-molotow-premium-mp-066-400-ml-mp-066-lilac","product","true","true","200","http://localhost:3000/proizvodi/cosmos-lac-molotow-premium-mp-066-400-ml-mp-066-lilac","true","","false"
"/proizvodi/cosmos-lac-molotow-premium-mp-068-400-ml-mp-068-blackberry","product","true","true","200","http://localhost:3000/proizvodi/cosmos-lac-molotow-premium-mp-068-400-ml-mp-068-blackberry","true","","false"
"/proizvodi/cosmos-lac-molotow-premium-mp-069-400-ml-mp-069-currant","product","true","true","200","http://localhost:3000/proizvodi/cosmos-lac-molotow-premium-mp-069-400-ml-mp-069-currant","true","","false"
"/proizvodi/cosmos-lac-molotow-premium-mp-089-400-ml-mp-089-azure-blue-light","product","true","true","200","http://localhost:3000/proizvodi/cosmos-lac-molotow-premium-mp-089-400-ml-mp-089-azure-blue-light","true","","false"
"/proizvodi/cosmos-lac-molotow-premium-mp-090-400-ml-mp-090-azure-blue","product","true","true","200","http://localhost:3000/proizvodi/cosmos-lac-molotow-premium-mp-090-400-ml-mp-090-azure-blue","true","","false"
"/proizvodi/cosmos-lac-molotow-premium-mp-091-400-ml-mp-091-shock-blue-pastel","product","true","true","200","http://localhost:3000/proizvodi/cosmos-lac-molotow-premium-mp-091-400-ml-mp-091-shock-blue-pastel","true","","false"
"/proizvodi/cosmos-lac-molotow-premium-mp-092-400-ml-mp-092-shock-blue-light","product","true","true","200","http://localhost:3000/proizvodi/cosmos-lac-molotow-premium-mp-092-400-ml-mp-092-shock-blue-light","true","","false"
"/proizvodi/cosmos-lac-molotow-premium-mp-093-400-ml-mp-093-shock-blue-middle","product","true","true","200","http://localhost:3000/proizvodi/cosmos-lac-molotow-premium-mp-093-400-ml-mp-093-shock-blue-middle","true","","false"
"/proizvodi/cosmos-lac-molotow-premium-mp-094-400-ml-mp-094-shock-blue","product","true","true","200","http://localhost:3000/proizvodi/cosmos-lac-molotow-premium-mp-094-400-ml-mp-094-shock-blue","true","","false"
"/proizvodi/cosmos-lac-molotow-premium-mp-096-400-ml-mp-096-tulip-blue-middle","product","true","true","200","http://localhost:3000/proizvodi/cosmos-lac-molotow-premium-mp-096-400-ml-mp-096-tulip-blue-middle","true","","false"
"/proizvodi/cosmos-lac-molotow-premium-mp-097-400-ml-mp-097-tulip-blue","product","true","true","200","http://localhost:3000/proizvodi/cosmos-lac-molotow-premium-mp-097-400-ml-mp-097-tulip-blue","true","","false"
"/proizvodi/cosmos-lac-molotow-premium-mp-103-400-ml-mp-103-ultramarine-blue","product","true","true","200","http://localhost:3000/proizvodi/cosmos-lac-molotow-premium-mp-103-400-ml-mp-103-ultramarine-blue","true","","false"
"/proizvodi/cosmos-lac-molotow-premium-mp-104-400-ml-mp-104-sapphire-blue","product","true","true","200","http://localhost:3000/proizvodi/cosmos-lac-molotow-premium-mp-104-400-ml-mp-104-sapphire-blue","true","","false"
"/proizvodi/cosmos-lac-molotow-premium-mp-106-400-ml-mp-106-ecb-prussian-blue-dark","product","true","true","200","http://localhost:3000/proizvodi/cosmos-lac-molotow-premium-mp-106-400-ml-mp-106-ecb-prussian-blue-dark","true","","false"
"/proizvodi/cosmos-lac-molotow-premium-mp-124-400-ml-mp-124-taste-riviera-middle","product","true","true","200","http://localhost:3000/proizvodi/cosmos-lac-molotow-premium-mp-124-400-ml-mp-124-taste-riviera-middle","true","","false"
"/proizvodi/cosmos-lac-molotow-premium-mp-159-400-ml-mp-159-juice-green","product","true","true","200","http://localhost:3000/proizvodi/cosmos-lac-molotow-premium-mp-159-400-ml-mp-159-juice-green","true","","false"
"/proizvodi/cosmos-lac-molotow-premium-mp-160-400-ml-mp-160-mr-green","product","true","true","200","http://localhost:3000/proizvodi/cosmos-lac-molotow-premium-mp-160-400-ml-mp-160-mr-green","true","","false"
"/proizvodi/cosmos-lac-molotow-premium-mp-161-400-ml-mp-161-leaf-green","product","true","true","200","http://localhost:3000/proizvodi/cosmos-lac-molotow-premium-mp-161-400-ml-mp-161-leaf-green","true","","false"
"/proizvodi/cosmos-lac-molotow-premium-mp-189-400-ml-mp-189-sahara-beige-light","product","true","true","200","http://localhost:3000/proizvodi/cosmos-lac-molotow-premium-mp-189-400-ml-mp-189-sahara-beige-light","true","","false"
"/proizvodi/cosmos-lac-molotow-premium-mp-210-400-ml-mp-210-tar-black","product","true","true","200","http://localhost:3000/proizvodi/cosmos-lac-molotow-premium-mp-210-400-ml-mp-210-tar-black","true","","false"
"/proizvodi/cosmos-lac-molotow-premium-mp-214-400-ml-mp-214-tar-signal-black","product","true","true","200","http://localhost:3000/proizvodi/cosmos-lac-molotow-premium-mp-214-400-ml-mp-214-tar-signal-black","true","","false"
"/proizvodi/cosmos-lac-molotow-premium-mp-217-400-ml-mp-217-caparso-middle-grey-neutral","product","true","true","200","http://localhost:3000/proizvodi/cosmos-lac-molotow-premium-mp-217-400-ml-mp-217-caparso-middle-grey-neutral","true","","false"
"/proizvodi/cosmos-lac-molotow-premium-mp-218-400-ml-mp-218-light-grey-neutral","product","true","true","200","http://localhost:3000/proizvodi/cosmos-lac-molotow-premium-mp-218-400-ml-mp-218-light-grey-neutral","true","","false"
"/proizvodi/cosmos-lac-molotow-premium-mp-220-1-400-ml-mp-220-1-gold-dollar","product","true","true","200","http://localhost:3000/proizvodi/cosmos-lac-molotow-premium-mp-220-1-400-ml-mp-220-1-gold-dollar","true","","false"
"/proizvodi/cosmos-lac-molotow-premium-mp-220-400-ml-mp-220-silver-dollar","product","true","true","200","http://localhost:3000/proizvodi/cosmos-lac-molotow-premium-mp-220-400-ml-mp-220-silver-dollar","true","","false"
"/proizvodi/cosmos-lac-molotow-premium-mp-221-400-ml-mp-221-deep-black","product","true","true","200","http://localhost:3000/proizvodi/cosmos-lac-molotow-premium-mp-221-400-ml-mp-221-deep-black","true","","false"
"/proizvodi/cosmos-lac-molotow-premium-mp-223-400-ml-mp-223-anthracite-grey","product","true","true","200","http://localhost:3000/proizvodi/cosmos-lac-molotow-premium-mp-223-400-ml-mp-223-anthracite-grey","true","","false"
"/proizvodi/cosmos-lac-molotow-premium-mp-224-400-ml-mp-224-grey-blue-dark","product","true","true","200","http://localhost:3000/proizvodi/cosmos-lac-molotow-premium-mp-224-400-ml-mp-224-grey-blue-dark","true","","false"
"/proizvodi/cosmos-lac-molotow-premium-mp-225-400-ml-mp-225-granite","product","true","true","200","http://localhost:3000/proizvodi/cosmos-lac-molotow-premium-mp-225-400-ml-mp-225-granite","true","","false"
"/proizvodi/cosmos-lac-molotow-premium-mp-226-400-ml-mp-226-grey-blue-middle","product","true","true","200","http://localhost:3000/proizvodi/cosmos-lac-molotow-premium-mp-226-400-ml-mp-226-grey-blue-middle","true","","false"
"/proizvodi/cosmos-lac-molotow-premium-mp-228-400-ml-mp-228-grey-blue-light","product","true","true","200","http://localhost:3000/proizvodi/cosmos-lac-molotow-premium-mp-228-400-ml-mp-228-grey-blue-light","true","","false"
"/proizvodi/cosmos-lac-molotow-premium-mp-229-400-ml-mp-229-pebble-grey","product","true","true","200","http://localhost:3000/proizvodi/cosmos-lac-molotow-premium-mp-229-400-ml-mp-229-pebble-grey","true","","false"
"/proizvodi/cosmos-lac-molotow-premium-mp-230-400-ml-mp-230-marble","product","true","true","200","http://localhost:3000/proizvodi/cosmos-lac-molotow-premium-mp-230-400-ml-mp-230-marble","true","","false"
"/proizvodi/cosmos-lac-molotow-premium-mp-231-400-ml-mp-231-signal-white","product","true","true","200","http://localhost:3000/proizvodi/cosmos-lac-molotow-premium-mp-231-400-ml-mp-231-signal-white","true","","false"
"/proizvodi/cosmos-lac-molotow-premium-mp-232-400-ml-mp-232-neon-yellow","product","true","true","200","http://localhost:3000/proizvodi/cosmos-lac-molotow-premium-mp-232-400-ml-mp-232-neon-yellow","true","","false"
"/proizvodi/cosmos-lac-molotow-premium-mp-233-400-ml-mp-233-neon-orange","product","true","true","200","http://localhost:3000/proizvodi/cosmos-lac-molotow-premium-mp-233-400-ml-mp-233-neon-orange","true","","false"
"/proizvodi/cosmos-lac-molotow-premium-mp-234-400-ml-mp-234-neon-pink","product","true","true","200","http://localhost:3000/proizvodi/cosmos-lac-molotow-premium-mp-234-400-ml-mp-234-neon-pink","true","","false"
"/proizvodi/cosmos-lac-molotow-premium-mp-235-400-ml-mp-235-neon-blue","product","true","true","200","http://localhost:3000/proizvodi/cosmos-lac-molotow-premium-mp-235-400-ml-mp-235-neon-blue","true","","false"
"/proizvodi/cosmos-lac-molotow-premium-mp-236-1-400-ml-mp-236-1-antistatik-neon-red","product","true","true","200","http://localhost:3000/proizvodi/cosmos-lac-molotow-premium-mp-236-1-400-ml-mp-236-1-antistatik-neon-red","true","","false"
"/proizvodi/cosmos-lac-molotow-premium-mp-236-400-ml-mp-236-neon-green","product","true","true","200","http://localhost:3000/proizvodi/cosmos-lac-molotow-premium-mp-236-400-ml-mp-236-neon-green","true","","false"
"/proizvodi/cosmos-lac-molotow-premium-mp-249-400-ml-mp-249-toast-signal-black-transp","product","true","true","200","http://localhost:3000/proizvodi/cosmos-lac-molotow-premium-mp-249-400-ml-mp-249-toast-signal-black-transp","true","","false"
"/proizvodi/cosmos-lac-molotow-premium-mp-252-sjaj-400-ml-mp-252-clear-coat-gloss","product","true","true","200","http://localhost:3000/proizvodi/cosmos-lac-molotow-premium-mp-252-sjaj-400-ml-mp-252-clear-coat-gloss","true","","false"
"/proizvodi/cosmos-lac-molotow-premium-mp-253-mat-400-ml-mp-253-clear-coat-matt","product","true","true","200","http://localhost:3000/proizvodi/cosmos-lac-molotow-premium-mp-253-mat-400-ml-mp-253-clear-coat-matt","true","","false"
"/proizvodi/cosmos-lac-primers-233-providna-400-ml-plastic-primer-233-transparent","product","true","true","200","http://localhost:3000/proizvodi/cosmos-lac-primers-233-providna-400-ml-plastic-primer-233-transparent","true","","true"
"/proizvodi/cosmos-lac-primers-342-400-ml-acrylic-primer-filler-342-grey","product","true","true","200","http://localhost:3000/proizvodi/cosmos-lac-primers-342-400-ml-acrylic-primer-filler-342-grey","true","","false"
"/proizvodi/cosmos-lac-primers-343-400-ml-acrylic-primer-filler-343-beige","product","true","true","200","http://localhost:3000/proizvodi/cosmos-lac-primers-343-400-ml-acrylic-primer-filler-343-beige","true","","false"
"/proizvodi/cosmos-lac-primers-344-400-ml-metal-primer-344-red","product","true","true","200","http://localhost:3000/proizvodi/cosmos-lac-primers-344-400-ml-metal-primer-344-red","true","","false"
"/proizvodi/cosmos-lac-primers-345-400-ml-metal-primer-345-white","product","true","true","200","http://localhost:3000/proizvodi/cosmos-lac-primers-345-400-ml-metal-primer-345-white","true","","false"
"/proizvodi/cosmos-lac-primers-346-400-ml-metal-primer-346-grey","product","true","true","200","http://localhost:3000/proizvodi/cosmos-lac-primers-346-400-ml-metal-primer-346-grey","true","","false"
"/proizvodi/cosmos-lac-primers-348-400-ml-metal-primer-348-black","product","true","true","200","http://localhost:3000/proizvodi/cosmos-lac-primers-348-400-ml-metal-primer-348-black","true","","false"
"/proizvodi/cosmos-lac-primers-349-400-ml-special-metal-primer-349-white","product","true","true","200","http://localhost:3000/proizvodi/cosmos-lac-primers-349-400-ml-special-metal-primer-349-white","true","","false"
"/proizvodi/cosmos-lac-primers-449-400-ml-special-metal-primer-449-grey","product","true","true","200","http://localhost:3000/proizvodi/cosmos-lac-primers-449-400-ml-special-metal-primer-449-grey","true","","false"
"/proizvodi/cosmos-lac-putties-1-kg-fiberglass-premium-thixotropic-resin-1kg","product","true","true","200","http://localhost:3000/proizvodi/cosmos-lac-putties-1-kg-fiberglass-premium-thixotropic-resin-1kg","true","","false"
"/proizvodi/cosmos-lac-putties-5-kg-fiberglass-premium-thixotropic-resin-5kg","product","true","true","200","http://localhost:3000/proizvodi/cosmos-lac-putties-5-kg-fiberglass-premium-thixotropic-resin-5kg","true","","false"
"/proizvodi/cosmos-lac-putties-acrylic-putty-water-based","product","true","true","200","http://localhost:3000/proizvodi/cosmos-lac-putties-acrylic-putty-water-based","true","","false"
"/proizvodi/cosmos-lac-putties-iron-filler","product","true","true","200","http://localhost:3000/proizvodi/cosmos-lac-putties-iron-filler","true","","false"
"/proizvodi/cosmos-lac-putties-marble-adhesive-filler","product","true","true","200","http://localhost:3000/proizvodi/cosmos-lac-putties-marble-adhesive-filler","true","","false"
"/proizvodi/cosmos-lac-putties-polyester-putty-fiber-filler","product","true","true","200","http://localhost:3000/proizvodi/cosmos-lac-putties-polyester-putty-fiber-filler","true","","false"
"/proizvodi/cosmos-lac-ral-400-ml-500-ml-ral-brass-r310","product","true","true","200","http://localhost:3000/proizvodi/cosmos-lac-ral-400-ml-500-ml-ral-brass-r310","true","","false"
"/proizvodi/cosmos-lac-ral-400-ml-500-ml-ral-copper-r309","product","true","true","200","http://localhost:3000/proizvodi/cosmos-lac-ral-400-ml-500-ml-ral-copper-r309","true","","false"
"/proizvodi/cosmos-lac-ral-400-ml-500-ml-ral-gold-r308","product","true","true","200","http://localhost:3000/proizvodi/cosmos-lac-ral-400-ml-500-ml-ral-gold-r308","true","","false"
"/proizvodi/cosmos-lac-ral-400-ml-500-ml-ral-silver-r307","product","true","true","200","http://localhost:3000/proizvodi/cosmos-lac-ral-400-ml-500-ml-ral-silver-r307","true","","false"
"/proizvodi/cosmos-lac-ral-cl-301-ral-9010-mat-400-ml-500-ml-ral-9010-matt-white","product","true","true","200","http://localhost:3000/proizvodi/cosmos-lac-ral-cl-301-ral-9010-mat-400-ml-500-ml-ral-9010-matt-white","true","","false"
"/proizvodi/cosmos-lac-ral-cl-301-ral-9010-sjaj-400-ml-500-ml-ral-9010-gloss-white","product","true","true","200","http://localhost:3000/proizvodi/cosmos-lac-ral-cl-301-ral-9010-sjaj-400-ml-500-ml-ral-9010-gloss-white","true","","false"
"/proizvodi/cosmos-lac-ral-cl-302-ral-1014-sjaj-400-ml-500-ml-ral-1014-ivory","product","true","true","200","http://localhost:3000/proizvodi/cosmos-lac-ral-cl-302-ral-1014-sjaj-400-ml-500-ml-ral-1014-ivory","true","","false"
"/proizvodi/cosmos-lac-ral-cl-304-ral-9005-mat-400-ml-500-ml-ral-9005-matt-black","product","true","true","200","http://localhost:3000/proizvodi/cosmos-lac-ral-cl-304-ral-9005-mat-400-ml-500-ml-ral-9005-matt-black","true","","false"
"/proizvodi/cosmos-lac-ral-cl-304-ral-9005-polusjaj-400-ml-500-ml-ral-9005-semigloss-black","product","true","true","200","http://localhost:3000/proizvodi/cosmos-lac-ral-cl-304-ral-9005-polusjaj-400-ml-500-ml-ral-9005-semigloss-black","true","","false"
"/proizvodi/cosmos-lac-ral-cl-304-ral-9005-sjaj-400-ml-500-ml-ral-9005-gloss-black","product","true","true","200","http://localhost:3000/proizvodi/cosmos-lac-ral-cl-304-ral-9005-sjaj-400-ml-500-ml-ral-9005-gloss-black","true","","false"
"/proizvodi/cosmos-lac-ral-cl-305-ral-7011-sjaj-400-ml-500-ml-ral-7011-iron-grey","product","true","true","200","http://localhost:3000/proizvodi/cosmos-lac-ral-cl-305-ral-7011-sjaj-400-ml-500-ml-ral-7011-iron-grey","true","","false"
"/proizvodi/cosmos-lac-ral-cl-306-ral-7042-sjaj-400-ml-500-ml-ral-7042-traffic-grey-a","product","true","true","200","http://localhost:3000/proizvodi/cosmos-lac-ral-cl-306-ral-7042-sjaj-400-ml-500-ml-ral-7042-traffic-grey-a","true","","false"
"/proizvodi/cosmos-lac-ral-cl-311-ral-3003-sjaj-400-ml-500-ml-ral-3003-ruby-red","product","true","true","200","http://localhost:3000/proizvodi/cosmos-lac-ral-cl-311-ral-3003-sjaj-400-ml-500-ml-ral-3003-ruby-red","true","","false"
"/proizvodi/cosmos-lac-ral-cl-312-ral-3020-sjaj-400-ml-500-ml-ral-3020-traffic-red","product","true","true","200","http://localhost:3000/proizvodi/cosmos-lac-ral-cl-312-ral-3020-sjaj-400-ml-500-ml-ral-3020-traffic-red","true","","false"
"/proizvodi/cosmos-lac-ral-cl-313-ral-1018-sjaj-400-ml-500-ml-ral-1018-zinc-yellow","product","true","true","200","http://localhost:3000/proizvodi/cosmos-lac-ral-cl-313-ral-1018-sjaj-400-ml-500-ml-ral-1018-zinc-yellow","true","","false"
"/proizvodi/cosmos-lac-ral-cl-314-ral-6005-sjaj-400-ml-500-ml-ral-6005-moss-green","product","true","true","200","http://localhost:3000/proizvodi/cosmos-lac-ral-cl-314-ral-6005-sjaj-400-ml-500-ml-ral-6005-moss-green","true","","false"
"/proizvodi/cosmos-lac-ral-cl-315-ral-8011-sjaj-400-ml-500-ml-ral-8011-nut-brown","product","true","true","200","http://localhost:3000/proizvodi/cosmos-lac-ral-cl-315-ral-8011-sjaj-400-ml-500-ml-ral-8011-nut-brown","true","","false"
"/proizvodi/cosmos-lac-ral-cl-316-ral-5010-sjaj-400-ml-500-ml-ral-5010-gentian-blue","product","true","true","200","http://localhost:3000/proizvodi/cosmos-lac-ral-cl-316-ral-5010-sjaj-400-ml-500-ml-ral-5010-gentian-blue","true","","false"
"/proizvodi/cosmos-lac-ral-cl-317-ral-5012-sjaj-400-ml-500-ml-ral-5012-light-blue","product","true","true","200","http://localhost:3000/proizvodi/cosmos-lac-ral-cl-317-ral-5012-sjaj-400-ml-500-ml-ral-5012-light-blue","true","","false"
"/proizvodi/cosmos-lac-ral-cl-318-ral-8017-sjaj-400-ml-500-ml-ral-8017-chocolate-brown","product","true","true","200","http://localhost:3000/proizvodi/cosmos-lac-ral-cl-318-ral-8017-sjaj-400-ml-500-ml-ral-8017-chocolate-brown","true","","false"
"/proizvodi/cosmos-lac-ral-cl-319-ral-7035-sjaj-400-ml-500-ml-ral-7035-light-grey","product","true","true","200","http://localhost:3000/proizvodi/cosmos-lac-ral-cl-319-ral-7035-sjaj-400-ml-500-ml-ral-7035-light-grey","true","","false"
"/proizvodi/cosmos-lac-ral-cl-320-ral-1028-sjaj-400-ml-500-ml-ral-1028-melon-yellow","product","true","true","200","http://localhost:3000/proizvodi/cosmos-lac-ral-cl-320-ral-1028-sjaj-400-ml-500-ml-ral-1028-melon-yellow","true","","false"
"/proizvodi/cosmos-lac-ral-cl-321-ral-1007-sjaj-400-ml-500-ml-ral-1007-daffodil-yellow","product","true","true","200","http://localhost:3000/proizvodi/cosmos-lac-ral-cl-321-ral-1007-sjaj-400-ml-500-ml-ral-1007-daffodil-yellow","true","","false"
"/proizvodi/cosmos-lac-ral-cl-322-ral-7016-sjaj-400-ml-500-ml-ral-7016-anthracite-grey","product","true","true","200","http://localhost:3000/proizvodi/cosmos-lac-ral-cl-322-ral-7016-sjaj-400-ml-500-ml-ral-7016-anthracite-grey","true","","false"
"/proizvodi/cosmos-lac-ral-cl-324-ral-8003-sjaj-400-ml-500-ml-ral-8003-clay-brown","product","true","true","200","http://localhost:3000/proizvodi/cosmos-lac-ral-cl-324-ral-8003-sjaj-400-ml-500-ml-ral-8003-clay-brown","true","","false"
"/proizvodi/cosmos-lac-ral-cl-325-ral-3009-sjaj-400-ml-500-ml-ral-3009-oxide-red","product","true","true","200","http://localhost:3000/proizvodi/cosmos-lac-ral-cl-325-ral-3009-sjaj-400-ml-500-ml-ral-3009-oxide-red","true","","false"
"/proizvodi/cosmos-lac-ral-cl-329-ral-2003-sjaj-400-ml-500-ml-ral-2003-pastel-orange","product","true","true","200","http://localhost:3000/proizvodi/cosmos-lac-ral-cl-329-ral-2003-sjaj-400-ml-500-ml-ral-2003-pastel-orange","true","","false"
"/proizvodi/cosmos-lac-ral-cl-330-ral-3000-sjaj-400-ml-500-ml-ral-3000-flame-red","product","true","true","200","http://localhost:3000/proizvodi/cosmos-lac-ral-cl-330-ral-3000-sjaj-400-ml-500-ml-ral-3000-flame-red","true","","false"
"/proizvodi/cosmos-lac-ral-cl-331-ral-2010-sjaj-400-ml-500-ml-ral-2010-signal-orange","product","true","true","200","http://localhost:3000/proizvodi/cosmos-lac-ral-cl-331-ral-2010-sjaj-400-ml-500-ml-ral-2010-signal-orange","true","","false"
"/proizvodi/cosmos-lac-ral-cl-341-ral-5017-sjaj-400-ml-500-ml-ral-5017-traffic-blue","product","true","true","200","http://localhost:3000/proizvodi/cosmos-lac-ral-cl-341-ral-5017-sjaj-400-ml-500-ml-ral-5017-traffic-blue","true","","false"
"/proizvodi/cosmos-lac-ral-cl-347-ral-1015-sjaj-400-ml-500-ml-ral-1015-light-ivory","product","true","true","200","http://localhost:3000/proizvodi/cosmos-lac-ral-cl-347-ral-1015-sjaj-400-ml-500-ml-ral-1015-light-ivory","true","","false"
"/proizvodi/cosmos-lac-ral-cl-411-ral-7001-sjaj-400-ml-500-ml-ral-7001-silver-grey","product","true","true","200","http://localhost:3000/proizvodi/cosmos-lac-ral-cl-411-ral-7001-sjaj-400-ml-500-ml-ral-7001-silver-grey","true","","false"
"/proizvodi/cosmos-lac-ral-cl-412-ral-9002-sjaj-400-ml-500-ml-ral-9002-grey-white","product","true","true","200","http://localhost:3000/proizvodi/cosmos-lac-ral-cl-412-ral-9002-sjaj-400-ml-500-ml-ral-9002-grey-white","true","","false"
"/proizvodi/cosmos-lac-ral-cl-413-ral-5013-sjaj-400-ml-500-ml-ral-5013-cobalt-blue","product","true","true","200","http://localhost:3000/proizvodi/cosmos-lac-ral-cl-413-ral-5013-sjaj-400-ml-500-ml-ral-5013-cobalt-blue","true","","false"
"/proizvodi/cosmos-lac-ral-cl-414-ral-8004-sjaj-400-ml-500-ml-ral-8004-copper-brown","product","true","true","200","http://localhost:3000/proizvodi/cosmos-lac-ral-cl-414-ral-8004-sjaj-400-ml-500-ml-ral-8004-copper-brown","true","","false"
"/proizvodi/cosmos-lac-ral-cl-415-ral-1013-sjaj-400-ml-500-ml-ral-1013-oyster-white","product","true","true","200","http://localhost:3000/proizvodi/cosmos-lac-ral-cl-415-ral-1013-sjaj-400-ml-500-ml-ral-1013-oyster-white","true","","false"
"/proizvodi/cosmos-lac-ral-cl-416-ral-8016-sjaj-400-ml-500-ml-ral-8016-mahogany-brown","product","true","true","200","http://localhost:3000/proizvodi/cosmos-lac-ral-cl-416-ral-8016-sjaj-400-ml-500-ml-ral-8016-mahogany-brown","true","","false"
"/proizvodi/cosmos-lac-ral-cl-417-ral-5002-sjaj-400-ml-500-ml-ral-5002-ultramarine-blue","product","true","true","200","http://localhost:3000/proizvodi/cosmos-lac-ral-cl-417-ral-5002-sjaj-400-ml-500-ml-ral-5002-ultramarine-blue","true","","false"
"/proizvodi/cosmos-lac-ral-cl-418-ral-5018-sjaj-400-ml-500-ml-ral-5018-turquoise-blue","product","true","true","200","http://localhost:3000/proizvodi/cosmos-lac-ral-cl-418-ral-5018-sjaj-400-ml-500-ml-ral-5018-turquoise-blue","true","","false"
"/proizvodi/cosmos-lac-ral-cl-419-ral-8019-sjaj-400-ml-500-ml-ral-8019-grey-brown","product","true","true","200","http://localhost:3000/proizvodi/cosmos-lac-ral-cl-419-ral-8019-sjaj-400-ml-500-ml-ral-8019-grey-brown","true","","false"
"/proizvodi/cosmos-lac-ral-cl-420-ral-7021-sjaj-400-ml-500-ml-ral-7021-black-grey","product","true","true","200","http://localhost:3000/proizvodi/cosmos-lac-ral-cl-420-ral-7021-sjaj-400-ml-500-ml-ral-7021-black-grey","true","","false"
"/proizvodi/cosmos-lac-ral-cl-425-ral-9001-sjaj-400-ml-500-ml-ral-9001-cream","product","true","true","200","http://localhost:3000/proizvodi/cosmos-lac-ral-cl-425-ral-9001-sjaj-400-ml-500-ml-ral-9001-cream","true","","false"
"/proizvodi/cosmos-lac-ral-cl-426-ral-9003-sjaj-400-ml-500-ml-ral-9003-signal-white","product","true","true","200","http://localhost:3000/proizvodi/cosmos-lac-ral-cl-426-ral-9003-sjaj-400-ml-500-ml-ral-9003-signal-white","true","","false"
"/proizvodi/cosmos-lac-ral-cl-427-ral-9007-sjaj-400-ml-500-ml-ral-9007-grey-aluminium","product","true","true","200","http://localhost:3000/proizvodi/cosmos-lac-ral-cl-427-ral-9007-sjaj-400-ml-500-ml-ral-9007-grey-aluminium","true","","false"
"/proizvodi/cosmos-lac-ral-cl-428-ral-6028-sjaj-400-ml-500-ml-ral-6028-pine-green","product","true","true","200","http://localhost:3000/proizvodi/cosmos-lac-ral-cl-428-ral-6028-sjaj-400-ml-500-ml-ral-6028-pine-green","true","","false"
"/proizvodi/cosmos-lac-ral-cl-453-ral-1023-sjaj-400-ml-500-ml-ral-1023-traffic-yellow","product","true","true","200","http://localhost:3000/proizvodi/cosmos-lac-ral-cl-453-ral-1023-sjaj-400-ml-500-ml-ral-1023-traffic-yellow","true","","false"
"/proizvodi/cosmos-lac-ral-cl-455-ral-6009-sjaj-400-ml-500-ml-ral-6009-fir-green","product","true","true","200","http://localhost:3000/proizvodi/cosmos-lac-ral-cl-455-ral-6009-sjaj-400-ml-500-ml-ral-6009-fir-green","true","","false"
"/proizvodi/cosmos-lac-ral-cl-460-ral-6002-sjaj-400-ml-500-ml-ral-6002-leaf-green","product","true","true","200","http://localhost:3000/proizvodi/cosmos-lac-ral-cl-460-ral-6002-sjaj-400-ml-500-ml-ral-6002-leaf-green","true","","false"
"/proizvodi/cosmos-lac-ral-cl-462-ral-6001-sjaj-400-ml-500-ml-ral-6001-emerald-green","product","true","true","200","http://localhost:3000/proizvodi/cosmos-lac-ral-cl-462-ral-6001-sjaj-400-ml-500-ml-ral-6001-emerald-green","true","","false"
"/proizvodi/cosmos-lac-ral-cl-463-ral-6018-sjaj-400-ml-500-ml-ral-6018-yellow-green","product","true","true","200","http://localhost:3000/proizvodi/cosmos-lac-ral-cl-463-ral-6018-sjaj-400-ml-500-ml-ral-6018-yellow-green","true","","false"
"/proizvodi/cosmos-lac-ral-cl-464-ral-3004-sjaj-400-ml-500-ml-ral-3004-purple-red","product","true","true","200","http://localhost:3000/proizvodi/cosmos-lac-ral-cl-464-ral-3004-sjaj-400-ml-500-ml-ral-3004-purple-red","true","","false"
"/proizvodi/cosmos-lac-ral-cl-465-ral-3015-sjaj-400-ml-500-ml-ral-3015-light-pink","product","true","true","200","http://localhost:3000/proizvodi/cosmos-lac-ral-cl-465-ral-3015-sjaj-400-ml-500-ml-ral-3015-light-pink","true","","false"
"/proizvodi/cosmos-lac-ral-cl-466-ral-8000-sjaj-400-ml-500-ml-ral-8000-green-brown","product","true","true","200","http://localhost:3000/proizvodi/cosmos-lac-ral-cl-466-ral-8000-sjaj-400-ml-500-ml-ral-8000-green-brown","true","","false"
"/proizvodi/cosmos-lac-ral-cl-468-ral-4003-sjaj-400-ml-500-ml-ral-4003-heather-violet","product","true","true","200","http://localhost:3000/proizvodi/cosmos-lac-ral-cl-468-ral-4003-sjaj-400-ml-500-ml-ral-4003-heather-violet","true","","false"
"/proizvodi/cosmos-lac-ral-cl-469-ral-4005-sjaj-400-ml-500-ml-ral-4005-blue-lilac","product","true","true","200","http://localhost:3000/proizvodi/cosmos-lac-ral-cl-469-ral-4005-sjaj-400-ml-500-ml-ral-4005-blue-lilac","true","","false"
"/proizvodi/cosmos-lac-ral-ral-3002-sjaj-400-ml-500-ml-ral-3002-carmine-red","product","true","true","200","http://localhost:3000/proizvodi/cosmos-lac-ral-ral-3002-sjaj-400-ml-500-ml-ral-3002-carmine-red","true","","false"
"/proizvodi/cosmos-lac-ral-ral-4006-sjaj-400-ml-500-ml-ral-4006-traffic-purple","product","true","true","200","http://localhost:3000/proizvodi/cosmos-lac-ral-ral-4006-sjaj-400-ml-500-ml-ral-4006-traffic-purple","true","","false"
"/proizvodi/cosmos-lac-ral-ral-5015-sjaj-400-ml-500-ml-ral-5015-sky-blue","product","true","true","200","http://localhost:3000/proizvodi/cosmos-lac-ral-ral-5015-sjaj-400-ml-500-ml-ral-5015-sky-blue","true","","false"
"/proizvodi/cosmos-lac-ral-ral-7015-sjaj-400-ml-500-ml-ral-7015-slate-grey","product","true","true","200","http://localhost:3000/proizvodi/cosmos-lac-ral-ral-7015-sjaj-400-ml-500-ml-ral-7015-slate-grey","true","","false"
"/proizvodi/cosmos-lac-ral-ral-8014-sjaj-400-ml-500-ml-ral-8014-sepia-brown","product","true","true","200","http://localhost:3000/proizvodi/cosmos-lac-ral-ral-8014-sjaj-400-ml-500-ml-ral-8014-sepia-brown","true","","false"
"/proizvodi/cosmos-lac-sealer-260-400-ml-sealer-260-black","product","true","true","200","http://localhost:3000/proizvodi/cosmos-lac-sealer-260-400-ml-sealer-260-black","true","","false"
"/proizvodi/cosmos-lac-sealer-261-400-ml-sealer-261-grey","product","true","true","200","http://localhost:3000/proizvodi/cosmos-lac-sealer-261-400-ml-sealer-261-grey","true","","false"
"/proizvodi/cosmos-lac-sealer-262-400-ml-sealer-262-white","product","true","true","200","http://localhost:3000/proizvodi/cosmos-lac-sealer-262-400-ml-sealer-262-white","true","","false"
"/proizvodi/cosmos-lac-sealer-263-400-ml-sealer-263-brick-red","product","true","true","200","http://localhost:3000/proizvodi/cosmos-lac-sealer-263-400-ml-sealer-263-brick-red","true","","false"
"/proizvodi/cosmos-lac-spray-bike-100-400-ml-spray-bike-london-collection-100-blackfriars","product","true","true","200","http://localhost:3000/proizvodi/cosmos-lac-spray-bike-100-400-ml-spray-bike-london-collection-100-blackfriars","true","","false"
"/proizvodi/cosmos-lac-spray-bike-101-400-ml-spray-bike-london-collection-101-whitechapel","product","true","true","200","http://localhost:3000/proizvodi/cosmos-lac-spray-bike-101-400-ml-spray-bike-london-collection-101-whitechapel","true","","false"
"/proizvodi/cosmos-lac-spray-bike-102-400-ml-spray-bike-london-collection-102-chalk-farm","product","true","true","200","http://localhost:3000/proizvodi/cosmos-lac-spray-bike-102-400-ml-spray-bike-london-collection-102-chalk-farm","true","","false"
"/proizvodi/cosmos-lac-spray-bike-103-400-ml-spray-bike-london-collection-103-primrose-hill","product","true","true","200","http://localhost:3000/proizvodi/cosmos-lac-spray-bike-103-400-ml-spray-bike-london-collection-103-primrose-hill","true","","false"
"/proizvodi/cosmos-lac-spray-bike-104-400-ml-spray-bike-london-collection-104-goldhawk-road","product","true","true","200","http://localhost:3000/proizvodi/cosmos-lac-spray-bike-104-400-ml-spray-bike-london-collection-104-goldhawk-road","true","","false"
"/proizvodi/cosmos-lac-spray-bike-105-400-ml-spray-bike-london-collection-105-sands-end","product","true","true","200","http://localhost:3000/proizvodi/cosmos-lac-spray-bike-105-400-ml-spray-bike-london-collection-105-sands-end","true","","false"
"/proizvodi/cosmos-lac-spray-bike-106-400-ml-spray-bike-london-collection-106-whetstone","product","true","true","200","http://localhost:3000/proizvodi/cosmos-lac-spray-bike-106-400-ml-spray-bike-london-collection-106-whetstone","true","","false"
"/proizvodi/cosmos-lac-spray-bike-107-400-ml-spray-bike-london-collection-107-royal-oak","product","true","true","200","http://localhost:3000/proizvodi/cosmos-lac-spray-bike-107-400-ml-spray-bike-london-collection-107-royal-oak","true","","false"
"/proizvodi/cosmos-lac-spray-bike-108-400-ml-spray-bike-london-collection-108-bethnal-green","product","true","true","200","http://localhost:3000/proizvodi/cosmos-lac-spray-bike-108-400-ml-spray-bike-london-collection-108-bethnal-green","true","","false"
"/proizvodi/cosmos-lac-spray-bike-109-400-ml-spray-bike-london-collection-109-limehouse","product","true","true","200","http://localhost:3000/proizvodi/cosmos-lac-spray-bike-109-400-ml-spray-bike-london-collection-109-limehouse","true","","false"
"/proizvodi/cosmos-lac-spray-bike-110-400-ml-spray-bike-london-collection-110-parsons-green","product","true","true","200","http://localhost:3000/proizvodi/cosmos-lac-spray-bike-110-400-ml-spray-bike-london-collection-110-parsons-green","true","","false"
"/proizvodi/cosmos-lac-spray-bike-111-400-ml-spray-bike-london-collection-111-greenwich","product","true","true","200","http://localhost:3000/proizvodi/cosmos-lac-spray-bike-111-400-ml-spray-bike-london-collection-111-greenwich","true","","false"
"/proizvodi/cosmos-lac-spray-bike-112-400-ml-spray-bike-london-collection-112-coldharbour-lane","product","true","true","200","http://localhost:3000/proizvodi/cosmos-lac-spray-bike-112-400-ml-spray-bike-london-collection-112-coldharbour-lane","true","","false"
"/proizvodi/cosmos-lac-spray-bike-113-400-ml-spray-bike-london-collection-113-bayswater","product","true","true","200","http://localhost:3000/proizvodi/cosmos-lac-spray-bike-113-400-ml-spray-bike-london-collection-113-bayswater","true","","false"
"/proizvodi/cosmos-lac-spray-bike-114-400-ml-spray-bike-london-collection-114-battersea","product","true","true","200","http://localhost:3000/proizvodi/cosmos-lac-spray-bike-114-400-ml-spray-bike-london-collection-114-battersea","true","","false"
"/proizvodi/cosmos-lac-spray-bike-115-400-ml-spray-bike-london-collection-115-plumstead","product","true","true","200","http://localhost:3000/proizvodi/cosmos-lac-spray-bike-115-400-ml-spray-bike-london-collection-115-plumstead","true","","false"
"/proizvodi/cosmos-lac-spray-bike-116-400-ml-spray-bike-london-collection-116-salmon-lane","product","true","true","200","http://localhost:3000/proizvodi/cosmos-lac-spray-bike-116-400-ml-spray-bike-london-collection-116-salmon-lane","true","","false"
"/proizvodi/cosmos-lac-spray-bike-117-400-ml-spray-bike-london-collection-117-strawberry-hill","product","true","true","200","http://localhost:3000/proizvodi/cosmos-lac-spray-bike-117-400-ml-spray-bike-london-collection-117-strawberry-hill","true","","false"
"/proizvodi/cosmos-lac-spray-bike-118-400-ml-spray-bike-london-collection-118-redbridge","product","true","true","200","http://localhost:3000/proizvodi/cosmos-lac-spray-bike-118-400-ml-spray-bike-london-collection-118-redbridge","true","","false"
"/proizvodi/cosmos-lac-spray-bike-119-400-ml-spray-bike-london-collection-119-brick-lane","product","true","true","200","http://localhost:3000/proizvodi/cosmos-lac-spray-bike-119-400-ml-spray-bike-london-collection-119-brick-lane","true","","false"
"/proizvodi/cosmos-lac-spray-bike-120-400-ml-spray-bike-london-collection-120-marylebone","product","true","true","200","http://localhost:3000/proizvodi/cosmos-lac-spray-bike-120-400-ml-spray-bike-london-collection-120-marylebone","true","","false"
"/proizvodi/cosmos-lac-spray-bike-121-400-ml-spray-bike-london-collection-121-clay-hill","product","true","true","200","http://localhost:3000/proizvodi/cosmos-lac-spray-bike-121-400-ml-spray-bike-london-collection-121-clay-hill","true","","false"
"/proizvodi/cosmos-lac-spray-bike-122-400-ml-spray-bike-london-collection-122-silvertown","product","true","true","200","http://localhost:3000/proizvodi/cosmos-lac-spray-bike-122-400-ml-spray-bike-london-collection-122-silvertown","true","","false"
"/proizvodi/cosmos-lac-spray-bike-123-400-ml-spray-bike-london-collection-123-gray-s-inn","product","true","true","200","http://localhost:3000/proizvodi/cosmos-lac-spray-bike-123-400-ml-spray-bike-london-collection-123-gray-s-inn","true","","false"
"/proizvodi/cosmos-lac-spray-bike-201-400-ml-spray-bike-historic-collection-201-chicago-yellow","product","true","true","200","http://localhost:3000/proizvodi/cosmos-lac-spray-bike-201-400-ml-spray-bike-historic-collection-201-chicago-yellow","true","","false"
"/proizvodi/cosmos-lac-spray-bike-202-400-ml-spray-bike-historic-collection-202-milan-celadon-1","product","true","true","200","http://localhost:3000/proizvodi/cosmos-lac-spray-bike-202-400-ml-spray-bike-historic-collection-202-milan-celadon-1","true","","false"
"/proizvodi/cosmos-lac-spray-bike-203-400-ml-spray-bike-historic-collection-203-milan-celadon-2","product","true","true","200","http://localhost:3000/proizvodi/cosmos-lac-spray-bike-203-400-ml-spray-bike-historic-collection-203-milan-celadon-2","true","","false"
"/proizvodi/cosmos-lac-spray-bike-204-400-ml-spray-bike-historic-collection-204-coventry-red","product","true","true","200","http://localhost:3000/proizvodi/cosmos-lac-spray-bike-204-400-ml-spray-bike-historic-collection-204-coventry-red","true","","false"
"/proizvodi/cosmos-lac-spray-bike-205-400-ml-spray-bike-historic-collection-205-meise-orange","product","true","true","200","http://localhost:3000/proizvodi/cosmos-lac-spray-bike-205-400-ml-spray-bike-historic-collection-205-meise-orange","true","","false"
"/proizvodi/cosmos-lac-spray-bike-206-400-ml-spray-bike-historic-collection-206-milan-blue","product","true","true","200","http://localhost:3000/proizvodi/cosmos-lac-spray-bike-206-400-ml-spray-bike-historic-collection-206-milan-blue","true","","false"
"/proizvodi/cosmos-lac-spray-bike-221-400-ml-spray-bike-vintage-collection-221-bradbury","product","true","true","200","http://localhost:3000/proizvodi/cosmos-lac-spray-bike-221-400-ml-spray-bike-vintage-collection-221-bradbury","true","","false"
"/proizvodi/cosmos-lac-spray-bike-222-400-ml-spray-bike-vintage-collection-222-hercules","product","true","true","200","http://localhost:3000/proizvodi/cosmos-lac-spray-bike-222-400-ml-spray-bike-vintage-collection-222-hercules","true","","false"
"/proizvodi/cosmos-lac-spray-bike-223-400-ml-spray-bike-vintage-collection-223-humber","product","true","true","200","http://localhost:3000/proizvodi/cosmos-lac-spray-bike-223-400-ml-spray-bike-vintage-collection-223-humber","true","","false"
"/proizvodi/cosmos-lac-spray-bike-224-400-ml-spray-bike-vintage-collection-224-excelsior","product","true","true","200","http://localhost:3000/proizvodi/cosmos-lac-spray-bike-224-400-ml-spray-bike-vintage-collection-224-excelsior","true","","false"
"/proizvodi/cosmos-lac-spray-bike-225-400-ml-spray-bike-vintage-collection-225-eagle","product","true","true","200","http://localhost:3000/proizvodi/cosmos-lac-spray-bike-225-400-ml-spray-bike-vintage-collection-225-eagle","true","","false"
"/proizvodi/cosmos-lac-spray-bike-226-400-ml-spray-bike-vintage-collection-226-calcott","product","true","true","200","http://localhost:3000/proizvodi/cosmos-lac-spray-bike-226-400-ml-spray-bike-vintage-collection-226-calcott","true","","false"
"/proizvodi/cosmos-lac-spray-bike-227-400-ml-spray-bike-vintage-collection-227-perry","product","true","true","200","http://localhost:3000/proizvodi/cosmos-lac-spray-bike-227-400-ml-spray-bike-vintage-collection-227-perry","true","","false"
"/proizvodi/cosmos-lac-spray-bike-228-400-ml-spray-bike-vintage-collection-228-warrick","product","true","true","200","http://localhost:3000/proizvodi/cosmos-lac-spray-bike-228-400-ml-spray-bike-vintage-collection-228-warrick","true","","false"
"/proizvodi/cosmos-lac-spray-bike-229-400-ml-spray-bike-vintage-collection-229-ariel","product","true","true","200","http://localhost:3000/proizvodi/cosmos-lac-spray-bike-229-400-ml-spray-bike-vintage-collection-229-ariel","true","","false"
"/proizvodi/cosmos-lac-spray-bike-230-400-ml-spray-bike-vintage-collection-230-elswick","product","true","true","200","http://localhost:3000/proizvodi/cosmos-lac-spray-bike-230-400-ml-spray-bike-vintage-collection-230-elswick","true","","false"
"/proizvodi/cosmos-lac-spray-bike-231-400-ml-spray-bike-vintage-collection-231-rudge","product","true","true","200","http://localhost:3000/proizvodi/cosmos-lac-spray-bike-231-400-ml-spray-bike-vintage-collection-231-rudge","true","","false"
"/proizvodi/cosmos-lac-spray-bike-232-400-ml-spray-bike-vintage-collection-232-carlton","product","true","true","200","http://localhost:3000/proizvodi/cosmos-lac-spray-bike-232-400-ml-spray-bike-vintage-collection-232-carlton","true","","false"
"/proizvodi/cosmos-lac-spray-bike-241-400-ml-spray-bike-pop-collection-241-bomber","product","true","true","200","http://localhost:3000/proizvodi/cosmos-lac-spray-bike-241-400-ml-spray-bike-pop-collection-241-bomber","true","","false"
"/proizvodi/cosmos-lac-spray-bike-242-400-ml-spray-bike-pop-collection-242-memphis","product","true","true","200","http://localhost:3000/proizvodi/cosmos-lac-spray-bike-242-400-ml-spray-bike-pop-collection-242-memphis","true","","false"
"/proizvodi/cosmos-lac-spray-bike-243-400-ml-spray-bike-pop-collection-243-superbe","product","true","true","200","http://localhost:3000/proizvodi/cosmos-lac-spray-bike-243-400-ml-spray-bike-pop-collection-243-superbe","true","","false"
"/proizvodi/cosmos-lac-spray-bike-244-400-ml-spray-bike-pop-collection-244-mustang","product","true","true","200","http://localhost:3000/proizvodi/cosmos-lac-spray-bike-244-400-ml-spray-bike-pop-collection-244-mustang","true","","false"
"/proizvodi/cosmos-lac-spray-bike-245-400-ml-spray-bike-pop-collection-245-grifter","product","true","true","200","http://localhost:3000/proizvodi/cosmos-lac-spray-bike-245-400-ml-spray-bike-pop-collection-245-grifter","true","","false"
"/proizvodi/cosmos-lac-spray-bike-246-400-ml-spray-bike-pop-collection-246-quasar","product","true","true","200","http://localhost:3000/proizvodi/cosmos-lac-spray-bike-246-400-ml-spray-bike-pop-collection-246-quasar","true","","false"
"/proizvodi/cosmos-lac-spray-bike-247-400-ml-spray-bike-pop-collection-247-winkie","product","true","true","200","http://localhost:3000/proizvodi/cosmos-lac-spray-bike-247-400-ml-spray-bike-pop-collection-247-winkie","true","","false"
"/proizvodi/cosmos-lac-spray-bike-248-400-ml-spray-bike-pop-collection-248-mirage","product","true","true","200","http://localhost:3000/proizvodi/cosmos-lac-spray-bike-248-400-ml-spray-bike-pop-collection-248-mirage","true","","false"
"/proizvodi/cosmos-lac-spray-bike-249-400-ml-spray-bike-pop-collection-249-riviera","product","true","true","200","http://localhost:3000/proizvodi/cosmos-lac-spray-bike-249-400-ml-spray-bike-pop-collection-249-riviera","true","","false"
"/proizvodi/cosmos-lac-spray-bike-250-400-ml-spray-bike-pop-collection-250-royale","product","true","true","200","http://localhost:3000/proizvodi/cosmos-lac-spray-bike-250-400-ml-spray-bike-pop-collection-250-royale","true","","false"
"/proizvodi/cosmos-lac-spray-bike-251-400-ml-spray-bike-pop-collection-251-misty","product","true","true","200","http://localhost:3000/proizvodi/cosmos-lac-spray-bike-251-400-ml-spray-bike-pop-collection-251-misty","true","","false"
"/proizvodi/cosmos-lac-spray-bike-252-400-ml-spray-bike-pop-collection-252-calypso","product","true","true","200","http://localhost:3000/proizvodi/cosmos-lac-spray-bike-252-400-ml-spray-bike-pop-collection-252-calypso","true","","false"
"/proizvodi/cosmos-lac-spray-bike-261-400-ml-spray-bike-fluorescent-collection-261-fluro-light-blue","product","true","true","200","http://localhost:3000/proizvodi/cosmos-lac-spray-bike-261-400-ml-spray-bike-fluorescent-collection-261-fluro-light-blue","true","","false"
"/proizvodi/cosmos-lac-spray-bike-262-400-ml-spray-bike-fluorescent-collection-262-fluro-green","product","true","true","200","http://localhost:3000/proizvodi/cosmos-lac-spray-bike-262-400-ml-spray-bike-fluorescent-collection-262-fluro-green","true","","false"
"/proizvodi/cosmos-lac-spray-bike-263-400-ml-spray-bike-fluorescent-collection-263-fluro-orange","product","true","true","200","http://localhost:3000/proizvodi/cosmos-lac-spray-bike-263-400-ml-spray-bike-fluorescent-collection-263-fluro-orange","true","","false"
"/proizvodi/cosmos-lac-spray-bike-264-400-ml-spray-bike-fluorescent-collection-264-fluro-pink","product","true","true","200","http://localhost:3000/proizvodi/cosmos-lac-spray-bike-264-400-ml-spray-bike-fluorescent-collection-264-fluro-pink","true","","false"
"/proizvodi/cosmos-lac-spray-bike-265-400-ml-spray-bike-fluorescent-collection-265-fluro-magenta","product","true","true","200","http://localhost:3000/proizvodi/cosmos-lac-spray-bike-265-400-ml-spray-bike-fluorescent-collection-265-fluro-magenta","true","","false"
"/proizvodi/cosmos-lac-spray-bike-266-400-ml-spray-bike-fluorescent-collection-266-fluro-yellow","product","true","true","200","http://localhost:3000/proizvodi/cosmos-lac-spray-bike-266-400-ml-spray-bike-fluorescent-collection-266-fluro-yellow","true","","false"
"/proizvodi/cosmos-lac-spray-bike-267-400-ml-spray-bike-nightshade-collection-267-raven-grey","product","true","true","200","http://localhost:3000/proizvodi/cosmos-lac-spray-bike-267-400-ml-spray-bike-nightshade-collection-267-raven-grey","true","","false"
"/proizvodi/cosmos-lac-spray-bike-268-400-ml-spray-bike-nightshade-collection-268-elderberry","product","true","true","200","http://localhost:3000/proizvodi/cosmos-lac-spray-bike-268-400-ml-spray-bike-nightshade-collection-268-elderberry","true","","false"
"/proizvodi/cosmos-lac-spray-bike-269-400-ml-spray-bike-nightshade-collection-269-moorland","product","true","true","200","http://localhost:3000/proizvodi/cosmos-lac-spray-bike-269-400-ml-spray-bike-nightshade-collection-269-moorland","true","","false"
"/proizvodi/cosmos-lac-spray-bike-270-400-ml-spray-bike-nightshade-collection-270-storm","product","true","true","200","http://localhost:3000/proizvodi/cosmos-lac-spray-bike-270-400-ml-spray-bike-nightshade-collection-270-storm","true","","false"
"/proizvodi/cosmos-lac-spray-bike-271-400-ml-spray-bike-nightshade-collection-271-black-cherry","product","true","true","200","http://localhost:3000/proizvodi/cosmos-lac-spray-bike-271-400-ml-spray-bike-nightshade-collection-271-black-cherry","true","","false"
"/proizvodi/cosmos-lac-spray-bike-272-400-ml-spray-bike-nightshade-collection-272-peacock","product","true","true","200","http://localhost:3000/proizvodi/cosmos-lac-spray-bike-272-400-ml-spray-bike-nightshade-collection-272-peacock","true","","false"
"/proizvodi/cosmos-lac-spray-bike-400-ml-spray-bike-cobweb-black","product","true","true","200","http://localhost:3000/proizvodi/cosmos-lac-spray-bike-400-ml-spray-bike-cobweb-black","true","","false"
"/proizvodi/cosmos-lac-spray-bike-400-ml-spray-bike-cobweb-celadon","product","true","true","200","http://localhost:3000/proizvodi/cosmos-lac-spray-bike-400-ml-spray-bike-cobweb-celadon","true","","false"
"/proizvodi/cosmos-lac-spray-bike-400-ml-spray-bike-cobweb-gold","product","true","true","200","http://localhost:3000/proizvodi/cosmos-lac-spray-bike-400-ml-spray-bike-cobweb-gold","true","","false"
"/proizvodi/cosmos-lac-spray-bike-400-ml-spray-bike-cobweb-silver","product","true","true","200","http://localhost:3000/proizvodi/cosmos-lac-spray-bike-400-ml-spray-bike-cobweb-silver","true","","false"
"/proizvodi/cosmos-lac-spray-bike-400-ml-spray-bike-cobweb-white","product","true","true","200","http://localhost:3000/proizvodi/cosmos-lac-spray-bike-400-ml-spray-bike-cobweb-white","true","","false"
"/proizvodi/cosmos-lac-spray-bike-400-sjaj-400-ml-spray-bike-frame-builder-s-400-transparent-finish-gloss","product","true","true","200","http://localhost:3000/proizvodi/cosmos-lac-spray-bike-400-sjaj-400-ml-spray-bike-frame-builder-s-400-transparent-finish-gloss","true","","false"
"/proizvodi/cosmos-lac-spray-bike-401-mat-400-ml-spray-bike-frame-builder-s-401-transparent-finish-matte","product","true","true","200","http://localhost:3000/proizvodi/cosmos-lac-spray-bike-401-mat-400-ml-spray-bike-frame-builder-s-401-transparent-finish-matte","true","","false"
"/proizvodi/cosmos-lac-spray-bike-410-400-ml-spray-bike-frame-builder-s-410-frame-builder-s-putty","product","true","true","200","http://localhost:3000/proizvodi/cosmos-lac-spray-bike-410-400-ml-spray-bike-frame-builder-s-410-frame-builder-s-putty","true","","false"
"/proizvodi/cosmos-lac-spray-bike-420-400-ml-spray-bike-frame-builder-s-420-carbon-primer","product","true","true","200","http://localhost:3000/proizvodi/cosmos-lac-spray-bike-420-400-ml-spray-bike-frame-builder-s-420-carbon-primer","true","","false"
"/proizvodi/cosmos-lac-spray-bike-430-400-ml-spray-bike-frame-builder-s-430-metal-primer","product","true","true","200","http://localhost:3000/proizvodi/cosmos-lac-spray-bike-430-400-ml-spray-bike-frame-builder-s-430-metal-primer","true","","false"
"/proizvodi/cosmos-lac-spray-bike-440-400-ml-spray-bike-frame-builder-s-440-cold-zinc","product","true","true","200","http://localhost:3000/proizvodi/cosmos-lac-spray-bike-440-400-ml-spray-bike-frame-builder-s-440-cold-zinc","true","","false"
"/proizvodi/cosmos-lac-spray-bike-450-400-ml-spray-bike-frame-builder-s-450-top-wax","product","true","true","200","http://localhost:3000/proizvodi/cosmos-lac-spray-bike-450-400-ml-spray-bike-frame-builder-s-450-top-wax","true","","false"
"/proizvodi/cosmos-lac-spray-bike-460-400-ml-spray-bike-frame-builder-s-460-metal-plating-copper","product","true","true","200","http://localhost:3000/proizvodi/cosmos-lac-spray-bike-460-400-ml-spray-bike-frame-builder-s-460-metal-plating-copper","true","","false"
"/proizvodi/cosmos-lac-spray-bike-461-400-ml-spray-bike-frame-builder-s-461-metal-plating-bronze-gold","product","true","true","200","http://localhost:3000/proizvodi/cosmos-lac-spray-bike-461-400-ml-spray-bike-frame-builder-s-461-metal-plating-bronze-gold","true","","false"
"/proizvodi/cosmos-lac-spray-bike-462-400-ml-spray-bike-frame-builder-s-462-metal-plating-brass-gold","product","true","true","200","http://localhost:3000/proizvodi/cosmos-lac-spray-bike-462-400-ml-spray-bike-frame-builder-s-462-metal-plating-brass-gold","true","","false"
"/proizvodi/cosmos-lac-spray-bike-463-400-ml-spray-bike-frame-builder-s-463-metal-plating-pewter-silver","product","true","true","200","http://localhost:3000/proizvodi/cosmos-lac-spray-bike-463-400-ml-spray-bike-frame-builder-s-463-metal-plating-pewter-silver","true","","false"
"/proizvodi/cosmos-lac-spray-bike-601-400-ml-spray-bike-keirin-collection-601-keirin-flake-gold","product","true","true","200","http://localhost:3000/proizvodi/cosmos-lac-spray-bike-601-400-ml-spray-bike-keirin-collection-601-keirin-flake-gold","true","","false"
"/proizvodi/cosmos-lac-spray-bike-602-400-ml-spray-bike-keirin-collection-602-keirin-flake-silver","product","true","true","200","http://localhost:3000/proizvodi/cosmos-lac-spray-bike-602-400-ml-spray-bike-keirin-collection-602-keirin-flake-silver","true","","false"
"/proizvodi/cosmos-lac-spray-bike-603-400-ml-spray-bike-keirin-collection-603-keirin-flake-red","product","true","true","200","http://localhost:3000/proizvodi/cosmos-lac-spray-bike-603-400-ml-spray-bike-keirin-collection-603-keirin-flake-red","true","","false"
"/proizvodi/cosmos-lac-spray-bike-604-400-ml-spray-bike-keirin-collection-604-keirin-flake-blue","product","true","true","200","http://localhost:3000/proizvodi/cosmos-lac-spray-bike-604-400-ml-spray-bike-keirin-collection-604-keirin-flake-blue","true","","false"
"/proizvodi/cosmos-lac-spray-bike-605-400-ml-spray-bike-keirin-collection-605-keirin-flake-green","product","true","true","200","http://localhost:3000/proizvodi/cosmos-lac-spray-bike-605-400-ml-spray-bike-keirin-collection-605-keirin-flake-green","true","","false"
"/proizvodi/cosmos-lac-spray-bike-606-400-ml-spray-bike-keirin-collection-606-keirin-flake-multi","product","true","true","200","http://localhost:3000/proizvodi/cosmos-lac-spray-bike-606-400-ml-spray-bike-keirin-collection-606-keirin-flake-multi","true","","false"
"/proizvodi/cosmos-lac-varnishes-370-providna-400-ml-metal-varnish-370-transparent","product","true","true","200","http://localhost:3000/proizvodi/cosmos-lac-varnishes-370-providna-400-ml-metal-varnish-370-transparent","true","","false"
"/proizvodi/cosmos-lac-varnishes-601-400-ml-tinted-wood-varnish-601-mahogany","product","true","true","200","http://localhost:3000/proizvodi/cosmos-lac-varnishes-601-400-ml-tinted-wood-varnish-601-mahogany","true","","false"
"/proizvodi/cosmos-lac-varnishes-603-400-ml-tinted-wood-varnish-603-walnut","product","true","true","200","http://localhost:3000/proizvodi/cosmos-lac-varnishes-603-400-ml-tinted-wood-varnish-603-walnut","true","","false"
"/proizvodi/cosmos-lac-varnishes-604-400-ml-tinted-wood-varnish-604-oak","product","true","true","200","http://localhost:3000/proizvodi/cosmos-lac-varnishes-604-400-ml-tinted-wood-varnish-604-oak","true","","false"
"/proizvodi/cosmos-lac-varnishes-607-400-ml-tinted-wood-varnish-607-teak","product","true","true","200","http://localhost:3000/proizvodi/cosmos-lac-varnishes-607-400-ml-tinted-wood-varnish-607-teak","true","","false"
"/proizvodi/cosmos-lac-w-wood-care-cl-610-mat-w-water-based-varnish-610-matt","product","true","true","200","http://localhost:3000/proizvodi/cosmos-lac-w-wood-care-cl-610-mat-w-water-based-varnish-610-matt","true","","false"
"/proizvodi/cosmos-lac-w-wood-care-cl-611-saten-w-water-based-varnish-611-satin","product","true","true","200","http://localhost:3000/proizvodi/cosmos-lac-w-wood-care-cl-611-saten-w-water-based-varnish-611-satin","true","","false"
"/proizvodi/cosmos-lac-w-wood-care-sjaj-w-wood-impregnating-varnish-transparent-gloss","product","true","true","200","http://localhost:3000/proizvodi/cosmos-lac-w-wood-care-sjaj-w-wood-impregnating-varnish-transparent-gloss","true","","false"
"/proizvodi/cosmos-lac-w-wood-care-w-wood-impregnating-varnish-chestnut","product","true","true","200","http://localhost:3000/proizvodi/cosmos-lac-w-wood-care-w-wood-impregnating-varnish-chestnut","true","","false"
"/proizvodi/cosmos-lac-w-wood-care-w-wood-impregnating-varnish-green","product","true","true","200","http://localhost:3000/proizvodi/cosmos-lac-w-wood-care-w-wood-impregnating-varnish-green","true","","false"
"/proizvodi/cosmos-lac-w-wood-care-w-wood-impregnating-varnish-pine","product","true","true","200","http://localhost:3000/proizvodi/cosmos-lac-w-wood-care-w-wood-impregnating-varnish-pine","true","","false"
"/proizvodi/cosmos-lac-w-wood-care-w-wood-impregnating-varnish-rosewood","product","true","true","200","http://localhost:3000/proizvodi/cosmos-lac-w-wood-care-w-wood-impregnating-varnish-rosewood","true","","false"
"/proizvodi/cosmos-lac-w-wood-care-w-wood-impregnating-varnish-walnut","product","true","true","200","http://localhost:3000/proizvodi/cosmos-lac-w-wood-care-w-wood-impregnating-varnish-walnut","true","","false"
"/proizvodi/cosmos-lac-wheel-rim-229-mat-400-ml-wheel-rim-229-deluxe-silver-matte","product","true","true","200","http://localhost:3000/proizvodi/cosmos-lac-wheel-rim-229-mat-400-ml-wheel-rim-229-deluxe-silver-matte","true","","false"
"/proizvodi/cosmos-lac-wheel-rim-326-400-ml-wheel-rim-326-aluminium","product","true","true","200","http://localhost:3000/proizvodi/cosmos-lac-wheel-rim-326-400-ml-wheel-rim-326-aluminium","true","","false"
"/proizvodi/cosmos-lac-wheel-rim-327-400-ml-wheel-rim-327-black-diamond","product","true","true","200","http://localhost:3000/proizvodi/cosmos-lac-wheel-rim-327-400-ml-wheel-rim-327-black-diamond","true","","false"
"/proizvodi/cosmos-lac-wheel-rim-328-400-ml-wheel-rim-328-silver-diamond","product","true","true","200","http://localhost:3000/proizvodi/cosmos-lac-wheel-rim-328-400-ml-wheel-rim-328-silver-diamond","true","","false"
"/proizvodi/cosmos-lac-wood-putties-1-water-based-wood-putty-1-mahogany-light","product","true","true","200","http://localhost:3000/proizvodi/cosmos-lac-wood-putties-1-water-based-wood-putty-1-mahogany-light","true","","false"
"/proizvodi/cosmos-lac-wood-putties-10-water-based-wood-putty-10-natural","product","true","true","200","http://localhost:3000/proizvodi/cosmos-lac-wood-putties-10-water-based-wood-putty-10-natural","true","","false"
"/proizvodi/cosmos-lac-wood-putties-11-water-based-wood-putty-11-beech","product","true","true","200","http://localhost:3000/proizvodi/cosmos-lac-wood-putties-11-water-based-wood-putty-11-beech","true","","false"
"/proizvodi/cosmos-lac-wood-putties-12-water-based-wood-putty-12-white","product","true","true","200","http://localhost:3000/proizvodi/cosmos-lac-wood-putties-12-water-based-wood-putty-12-white","true","","false"
"/proizvodi/cosmos-lac-wood-putties-13-water-based-wood-putty-13-black","product","true","true","200","http://localhost:3000/proizvodi/cosmos-lac-wood-putties-13-water-based-wood-putty-13-black","true","","false"
"/proizvodi/cosmos-lac-wood-putties-14-water-based-wood-putty-14-grey","product","true","true","200","http://localhost:3000/proizvodi/cosmos-lac-wood-putties-14-water-based-wood-putty-14-grey","true","","false"
"/proizvodi/cosmos-lac-wood-putties-15-water-based-wood-putty-15-oak-dark","product","true","true","200","http://localhost:3000/proizvodi/cosmos-lac-wood-putties-15-water-based-wood-putty-15-oak-dark","true","","false"
"/proizvodi/cosmos-lac-wood-putties-16-water-based-wood-putty-16-teak","product","true","true","200","http://localhost:3000/proizvodi/cosmos-lac-wood-putties-16-water-based-wood-putty-16-teak","true","","false"
"/proizvodi/cosmos-lac-wood-putties-17-water-based-wood-putty-17-cherry","product","true","true","200","http://localhost:3000/proizvodi/cosmos-lac-wood-putties-17-water-based-wood-putty-17-cherry","true","","false"
"/proizvodi/cosmos-lac-wood-putties-18-water-based-wood-putty-18-cherry-light","product","true","true","200","http://localhost:3000/proizvodi/cosmos-lac-wood-putties-18-water-based-wood-putty-18-cherry-light","true","","false"
"/proizvodi/cosmos-lac-wood-putties-2-water-based-wood-putty-2-mahogany-dark","product","true","true","200","http://localhost:3000/proizvodi/cosmos-lac-wood-putties-2-water-based-wood-putty-2-mahogany-dark","true","","false"
"/proizvodi/cosmos-lac-wood-putties-3-water-based-wood-putty-3-walnut-light","product","true","true","200","http://localhost:3000/proizvodi/cosmos-lac-wood-putties-3-water-based-wood-putty-3-walnut-light","true","","false"
"/proizvodi/cosmos-lac-wood-putties-4-water-based-wood-putty-4-walnut-semi-dark","product","true","true","200","http://localhost:3000/proizvodi/cosmos-lac-wood-putties-4-water-based-wood-putty-4-walnut-semi-dark","true","","false"
"/proizvodi/cosmos-lac-wood-putties-5-water-based-wood-putty-5-walnut-dark","product","true","true","200","http://localhost:3000/proizvodi/cosmos-lac-wood-putties-5-water-based-wood-putty-5-walnut-dark","true","","false"
"/proizvodi/cosmos-lac-wood-putties-6-water-based-wood-putty-6-pine","product","true","true","200","http://localhost:3000/proizvodi/cosmos-lac-wood-putties-6-water-based-wood-putty-6-pine","true","","false"
"/proizvodi/cosmos-lac-wood-putties-7-water-based-wood-putty-7-maple-tree","product","true","true","200","http://localhost:3000/proizvodi/cosmos-lac-wood-putties-7-water-based-wood-putty-7-maple-tree","true","","false"
"/proizvodi/cosmos-lac-wood-putties-8-water-based-wood-putty-8-oregon","product","true","true","200","http://localhost:3000/proizvodi/cosmos-lac-wood-putties-8-water-based-wood-putty-8-oregon","true","","false"
"/proizvodi/cosmos-lac-wood-putties-9-water-based-wood-putty-9-oak","product","true","true","200","http://localhost:3000/proizvodi/cosmos-lac-wood-putties-9-water-based-wood-putty-9-oak","true","","false"
"/proizvodi/cosmos-lac-zinc-500-400-ml-zinc-maximum-500","product","true","true","200","http://localhost:3000/proizvodi/cosmos-lac-zinc-500-400-ml-zinc-maximum-500","true","","false"
"/proizvodi/cosmos-lac-zinc-501-400-ml-alu-zinc-501","product","true","true","200","http://localhost:3000/proizvodi/cosmos-lac-zinc-501-400-ml-alu-zinc-501","true","","false"
"/proizvodi/ghd-topcoat","product","true","true","200","http://localhost:3000/proizvodi/ghd-topcoat","true","","false"
"/proizvodi/h-2a14-topcure","product","true","true","200","http://localhost:3000/proizvodi/h-2a14-topcure","true","","false"
"/proizvodi/h-2e20-hardener","product","true","true","200","http://localhost:3000/proizvodi/h-2e20-hardener","true","","false"
"/proizvodi/h-2p05-clear-harden-r","product","true","true","200","http://localhost:3000/proizvodi/h-2p05-clear-harden-r","true","","false"
"/proizvodi/h-2p15-clear-harden-r","product","true","true","200","http://localhost:3000/proizvodi/h-2p15-clear-harden-r","true","","false"
"/proizvodi/h-380-ghd-hardener","product","true","true","200","http://localhost:3000/proizvodi/h-380-ghd-hardener","true","","false"
"/proizvodi/hb-032-hydromix","product","true","true","200","http://localhost:3000/proizvodi/hb-032-hydromix","true","","false"
"/proizvodi/hb-036-hydromix-tropical","product","true","true","200","http://localhost:3000/proizvodi/hb-036-hydromix-tropical","true","","false"
"/proizvodi/norbin-n15-020-1l","product","true","true","200","http://localhost:3000/proizvodi/norbin-n15-020-1l","true","","false"
"/proizvodi/norbin-n15-020-5l","product","true","true","200","http://localhost:3000/proizvodi/norbin-n15-020-5l","true","","false"
"/proizvodi/p-2a41-performfiller-white","product","true","true","200","http://localhost:3000/proizvodi/p-2a41-performfiller-white","true","","false"
"/proizvodi/p-2a61-multiprotect-white","product","true","true","200","http://localhost:3000/proizvodi/p-2a61-multiprotect-white","true","","false"
"/proizvodi/p-2a63-multiprotect-grey","product","true","true","200","http://localhost:3000/proizvodi/p-2a63-multiprotect-grey","true","","false"
"/proizvodi/p-2a65-multiprotect-black","product","true","true","200","http://localhost:3000/proizvodi/p-2a65-multiprotect-black","true","","false"
"/proizvodi/p-2e23-primer-filler-grey","product","true","true","200","http://localhost:3000/proizvodi/p-2e23-primer-filler-grey","true","","false"
"/proizvodi/p-2p23-air-purpos-r-grey","product","true","true","200","http://localhost:3000/proizvodi/p-2p23-air-purpos-r-grey","true","","false"
"/proizvodi/p-2p51-sanding-fill-r-white","product","true","true","200","http://localhost:3000/proizvodi/p-2p51-sanding-fill-r-white","true","","false"
"/proizvodi/p-2p55-sanding-fill-r-black","product","true","true","200","http://localhost:3000/proizvodi/p-2p55-sanding-fill-r-black","true","","false"
"/proizvodi/p-2p63-multi-purpos-r-grey","product","true","true","200","http://localhost:3000/proizvodi/p-2p63-multi-purpos-r-grey","true","","false"
"/proizvodi/p-2p81-race-wet-fill-r-white","product","true","true","200","http://localhost:3000/proizvodi/p-2p81-race-wet-fill-r-white","true","","false"
"/proizvodi/p-2p85-race-wet-fill-r-black","product","true","true","200","http://localhost:3000/proizvodi/p-2p85-race-wet-fill-r-black","true","","false"
"/proizvodi/p-2p92-uv-fill-r-light-grey","product","true","true","200","http://localhost:3000/proizvodi/p-2p92-uv-fill-r-light-grey","true","","false"
"/proizvodi/p-2p94-uv-fill-r-dark-grey","product","true","true","200","http://localhost:3000/proizvodi/p-2p94-uv-fill-r-dark-grey","true","","false"
"/proizvodi/p-5480-ghd-universal-epoxy","product","true","true","200","http://localhost:3000/proizvodi/p-5480-ghd-universal-epoxy","true","","false"
"/proizvodi/p-5530-ghd-uni-wash","product","true","true","200","http://localhost:3000/proizvodi/p-5530-ghd-uni-wash","true","","false"
"/proizvodi/pm-2e32-filler-light-grey","product","true","true","200","http://localhost:3000/proizvodi/pm-2e32-filler-light-grey","true","","false"
"/proizvodi/pm-2e34-filler-dark-grey","product","true","true","200","http://localhost:3000/proizvodi/pm-2e34-filler-dark-grey","true","","false"
"/proizvodi/r-2a10-airtopthinn","product","true","true","200","http://localhost:3000/proizvodi/r-2a10-airtopthinn","true","","false"
"/proizvodi/r-2a14-multithinn","product","true","true","200","http://localhost:3000/proizvodi/r-2a14-multithinn","true","","false"
"/proizvodi/r-2e10-thinner-fast","product","true","true","200","http://localhost:3000/proizvodi/r-2e10-thinner-fast","true","","false"
"/proizvodi/r-2p15-clear-thinn-r","product","true","true","200","http://localhost:3000/proizvodi/r-2p15-clear-thinn-r","true","","false"
"/proizvodi/r-2p20-under-thinn-r-medium","product","true","true","200","http://localhost:3000/proizvodi/r-2p20-under-thinn-r-medium","true","","false"
"/proizvodi/ra-050x-agilis-mix","product","true","true","200","http://localhost:3000/proizvodi/ra-050x-agilis-mix","true","","false"
"/proizvodi/rm-body-filler-white-b-2e11","product","true","true","200","http://localhost:3000/proizvodi/rm-body-filler-white-b-2e11","true","","false"
"/proizvodi/rm-diamont-bazna-boja","product","true","true","200","http://localhost:3000/proizvodi/rm-diamont-bazna-boja","true","","false"
"/proizvodi/rm-diamont-bezbojni-lak","product","true","true","200","http://localhost:3000/proizvodi/rm-diamont-bezbojni-lak","true","","false"
"/proizvodi/rm-pasta-190-1l","product","true","true","200","http://localhost:3000/proizvodi/rm-pasta-190-1l","true","","false"
"/proizvodi/rm-pasta-190-5l","product","true","true","200","http://localhost:3000/proizvodi/rm-pasta-190-5l","true","","false"
"/proizvodi/satajet-x-5500","product","true","true","200","http://localhost:3000/proizvodi/satajet-x-5500","true","","false"
"/seo-audit-missing-route","not-found","false","false","404","http://localhost:3000","false","","false"
"/site-u-pripremi","draft","false","false","200","http://localhost:3000","false","","false"
"/social-exports/product-showcase","demo","false","false","200","http://localhost:3000","false","","false"
"/social-exports/refinish-systems","demo","false","false","200","http://localhost:3000","false","","false"
"/social-exports/spray-reveal","demo","false","false","200","http://localhost:3000","false","","false"
