group,brand,subject,code_variant,pages,missing,reason,checked_sources,search_term,image_id
PRODUCT_IMAGE,baslac,Baslac 30-S510,,/katalog ; /katalog/strana/3 ; /katalog?brend=baslac ; /proizvodi/baslac-30-s510-s-serija ; /proizvodi/baslac-60-20-razredjivac ; /proizvodi/satajet-x-5500 ; pretraga sajta (isti prikaz kartice),"packshot proizvoda (kartica u katalogu, PDP, srodni proizvodi, pretraga)","Packshot ove šifre ne postoji na baslac portalu. Portal ima Line 30 limenke 30-S00, 30-S01, 30-S010, 30-S920 (3,5 L) i 30-S110 (1 L), ne 30-S510.","Surventis Brand Portal baslac hub 54 (svih 441 asseta, 2026-10-06); baslac.com stranica proizvoda (nema packshota)","baslac Baslac 30-S510 packshot (Surventis portal, hub 54)",baslac__baslac-30-s510-s-serija
PRODUCT_IMAGE,baslac,baslac 50-05 2K Hardener Ambient UC,50-05,/katalog ; /katalog/strana/2 ; /katalog?brend=baslac ; /proizvodi/baslac-50-05-2k-hardener-ambient-uc ; pretraga sajta (isti prikaz kartice),"packshot proizvoda (kartica u katalogu, PDP, srodni proizvodi, pretraga)","Packshot ove šifre ne postoji na baslac portalu (441 asset) ni na baslac.com. Na portalu postoje samo video zapisi 50-05 (assets 41742, 41741, mp4), ne packshot.","Surventis Brand Portal baslac hub 54 (svih 441 asseta, 2026-10-06); baslac.com stranica proizvoda (nema packshota)","baslac 50-05 packshot (Surventis portal, hub 54)",baslac__baslac-50-05-2k-hardener-ambient-uc
PRODUCT_IMAGE,baslac,baslac 50-530 Ambient Clear Hardener slow,50-530,/katalog ; /katalog/strana/2 ; /katalog?brend=baslac ; /proizvodi/baslac-40-510-ambient-clear ; /proizvodi/baslac-50-530-ambient-clear-hardener-slow ; pretraga sajta (isti prikaz kartice),"packshot proizvoda (kartica u katalogu, PDP, srodni proizvodi, pretraga)",Packshot ove šifre ne postoji na baslac portalu (441 asset) ni na baslac.com.,"Surventis Brand Portal baslac hub 54 (svih 441 asseta, 2026-10-06); baslac.com stranica proizvoda (nema packshota)","baslac 50-530 packshot (Surventis portal, hub 54)",baslac__baslac-50-530-ambient-clear-hardener-slow
PRODUCT_IMAGE,baslac,baslac 80-30 Additive Plast,80-30,/katalog ; /katalog/strana/3 ; /katalog?brend=baslac ; /proizvodi/baslac-80-30-additive-plast ; pretraga sajta (isti prikaz kartice),"packshot proizvoda (kartica u katalogu, PDP, srodni proizvodi, pretraga)",Packshot ove šifre ne postoji na baslac portalu (441 asset) ni na baslac.com.,"Surventis Brand Portal baslac hub 54 (svih 441 asseta, 2026-10-06); baslac.com stranica proizvoda (nema packshota)","baslac 80-30 packshot (Surventis portal, hub 54)",baslac__baslac-80-30-additive-plast
PRODUCT_IMAGE,Cosmos Lac,Cosmos Lac Acrylic Varnish 376 Gloss,400 ml,/katalog ; /katalog/strana/22 ; /katalog?brend=cosmos-lac ; /proizvodi/grupa/cosmos-lac-acrylic-varnish ; /proizvodi/grupa/cosmos-lac-acrylic-varnish?varijanta=376 ; pretraga sajta (isti prikaz kartice),"packshot proizvoda (kartica u katalogu, PDP, srodni proizvodi, pretraga)",Slika postoji samo na cosmoslac.com (nema je u Brand Kit-u). Uslovi korišćenja cosmoslac.com zabranjuju komercijalnu upotrebu bez prethodne pisane dozvole. Zvanična slika je ISTI fajl za 376/377/378 i etiketa nema šifru ni završnicu — ni uz dozvolu ne razlikuje varijante.,cosmoslac.com stranica proizvoda; Brand Kit (cosmoslac.com/brand-kit — zaštićen lozinkom); uslovi korišćenja cosmoslac.com/el/oroi-chrisis ; zvanični URL iz manifesta: https://cosmoslac.com/wp-content/uploads/acrylic-varnish-376-gloss.png,Cosmos Lac Acrylic Varnish 376 Gloss packshot (zatražiti dopunu Brand Kit-a),cosmos-lac__cosmos-lac-acrylic-varnish-376-gloss
PRODUCT_IMAGE,Cosmos Lac,Cosmos Lac Acrylic Varnish 377 Matt,400 ml,/katalog ; /katalog/strana/22 ; /katalog?brend=cosmos-lac ; /proizvodi/grupa/cosmos-lac-acrylic-varnish ; /proizvodi/grupa/cosmos-lac-acrylic-varnish?varijanta=377 ; pretraga sajta (isti prikaz kartice),"packshot proizvoda (kartica u katalogu, PDP, srodni proizvodi, pretraga)",Slika postoji samo na cosmoslac.com (nema je u Brand Kit-u). Uslovi korišćenja cosmoslac.com zabranjuju komercijalnu upotrebu bez prethodne pisane dozvole. Zvanična slika je ISTI fajl za 376/377/378 i etiketa nema šifru ni završnicu.,cosmoslac.com stranica proizvoda; Brand Kit (cosmoslac.com/brand-kit — zaštićen lozinkom); uslovi korišćenja cosmoslac.com/el/oroi-chrisis ; zvanični URL iz manifesta: https://cosmoslac.com/wp-content/uploads/acrylic-varnish-377-matt.png,Cosmos Lac Acrylic Varnish 377 Matt packshot (zatražiti dopunu Brand Kit-a),cosmos-lac__cosmos-lac-acrylic-varnish-377-matt
PRODUCT_IMAGE,Cosmos Lac,Cosmos Lac Acrylic Varnish 378 Satin,400 ml,/katalog ; /katalog/strana/22 ; /katalog?brend=cosmos-lac ; /proizvodi/grupa/cosmos-lac-acrylic-varnish ; /proizvodi/grupa/cosmos-lac-acrylic-varnish?varijanta=378 ; pretraga sajta (isti prikaz kartice),"packshot proizvoda (kartica u katalogu, PDP, srodni proizvodi, pretraga)",Slika postoji samo na cosmoslac.com (nema je u Brand Kit-u). Uslovi korišćenja cosmoslac.com zabranjuju komercijalnu upotrebu bez prethodne pisane dozvole. Zvanična slika je ISTI fajl za 376/377/378 i etiketa nema šifru ni završnicu.,cosmoslac.com stranica proizvoda; Brand Kit (cosmoslac.com/brand-kit — zaštićen lozinkom); uslovi korišćenja cosmoslac.com/el/oroi-chrisis ; zvanični URL iz manifesta: https://cosmoslac.com/wp-content/uploads/acrylic-varnish-378-satin.png,Cosmos Lac Acrylic Varnish 378 Satin packshot (zatražiti dopunu Brand Kit-a),cosmos-lac__cosmos-lac-acrylic-varnish-378-satin
PRODUCT_IMAGE,Cosmos Lac,Cosmos Lac Chrome Effect 450 Container,175 ml,/katalog ; /katalog/strana/22 ; /katalog?brend=cosmos-lac ; /proizvodi/cosmos-lac-chrome-effect-450-container ; pretraga sajta (isti prikaz kartice),"packshot proizvoda (kartica u katalogu, PDP, srodni proizvodi, pretraga)","Slika postoji samo na cosmoslac.com (nema je u Brand Kit-u). Uslovi korišćenja cosmoslac.com zabranjuju komercijalnu upotrebu bez prethodne pisane dozvole. Zvanična slika je generička limenka „185 ML” (grčka etiketa), ista za Chrome 450 i Gold 451; zapis navodi 175 ml.",cosmoslac.com stranica proizvoda; Brand Kit (cosmoslac.com/brand-kit — zaštićen lozinkom); uslovi korišćenja cosmoslac.com/el/oroi-chrisis ; zvanični URL iz manifesta: https://cosmoslac.com/wp-content/uploads/chrome-effect-450-container-v2.png,Cosmos Lac Chrome Effect 450 Container packshot (zatražiti dopunu Brand Kit-a),cosmos-lac__cosmos-lac-chrome-effect-450-container
PRODUCT_IMAGE,Cosmos Lac,Cosmos Lac Easy Max Glitter 912 Multi,400 ml,/proizvodi/grupa/cosmos-lac-easy-max ; /proizvodi/grupa/cosmos-lac-easy-max?varijanta=912 ; pretraga sajta (isti prikaz kartice),"packshot proizvoda (kartica u katalogu, PDP, srodni proizvodi, pretraga)",Slika postoji samo na cosmoslac.com (nema je u Brand Kit-u). Uslovi korišćenja cosmoslac.com zabranjuju komercijalnu upotrebu bez prethodne pisane dozvole. Etiketa „EASY MAX GLITTER MULTI” odgovara; slika nema stranicu proizvoda na sajtu (nepovezan upload).,cosmoslac.com stranica proizvoda; Brand Kit (cosmoslac.com/brand-kit — zaštićen lozinkom); uslovi korišćenja cosmoslac.com/el/oroi-chrisis ; zvanični URL iz manifesta: https://cosmoslac.com/wp-content/uploads/easy-max-glitter-912-multi-1.png,Cosmos Lac Easy Max Glitter 912 Multi packshot (zatražiti dopunu Brand Kit-a),cosmos-lac__cosmos-lac-easy-max-glitter-912-multi
PRODUCT_IMAGE,Cosmos Lac,Cosmos Lac Flame Orange FO-314 Piglet Pink Dark,400 ml,/proizvodi/grupa/cosmos-lac-flame-orange ; /proizvodi/grupa/cosmos-lac-flame-orange?varijanta=FO-314 ; pretraga sajta (isti prikaz kartice),"packshot proizvoda (kartica u katalogu, PDP, srodni proizvodi, pretraga)",Slika postoji samo na cosmoslac.com (nema je u Brand Kit-u). Uslovi korišćenja cosmoslac.com zabranjuju komercijalnu upotrebu bez prethodne pisane dozvole. Zvanična slika nosi US etiketu (NET WT 11 OZ / 312 g) bez šifre; zapis je 400 ml.,cosmoslac.com stranica proizvoda; Brand Kit (cosmoslac.com/brand-kit — zaštićen lozinkom); uslovi korišćenja cosmoslac.com/el/oroi-chrisis ; zvanični URL iz manifesta: https://cosmoslac.com/wp-content/uploads/flame-orange-fo-314-piglet-pink-dark.png,Cosmos Lac Flame Orange FO-314 Piglet Pink Dark packshot (zatražiti dopunu Brand Kit-a),cosmos-lac__cosmos-lac-flame-orange-fo-314-piglet-pink-dark
PRODUCT_IMAGE,Cosmos Lac,Cosmos Lac Gold Effect 451 Container,175 ml,/katalog ; /katalog/strana/22 ; /katalog?brend=cosmos-lac ; /proizvodi/cosmos-lac-gold-effect-451-container ; pretraga sajta (isti prikaz kartice),"packshot proizvoda (kartica u katalogu, PDP, srodni proizvodi, pretraga)",Slika postoji samo na cosmoslac.com (nema je u Brand Kit-u). Uslovi korišćenja cosmoslac.com zabranjuju komercijalnu upotrebu bez prethodne pisane dozvole. Zvanična slika je ista kao za Chrome 450 (generička limenka).,cosmoslac.com stranica proizvoda; Brand Kit (cosmoslac.com/brand-kit — zaštićen lozinkom); uslovi korišćenja cosmoslac.com/el/oroi-chrisis ; zvanični URL iz manifesta: https://cosmoslac.com/wp-content/uploads/gold-effect-451-container-v2.png,Cosmos Lac Gold Effect 451 Container packshot (zatražiti dopunu Brand Kit-a),cosmos-lac__cosmos-lac-gold-effect-451-container
PRODUCT_IMAGE,Cosmos Lac,Cosmos Lac High Heat 350 Silver Container,175 ml / 750 ml,/katalog ; /katalog/strana/22 ; /katalog?brend=cosmos-lac ; /proizvodi/grupa/cosmos-lac-high-heat-container ; /proizvodi/grupa/cosmos-lac-high-heat-container?varijanta=350 ; pretraga sajta (isti prikaz kartice),"packshot proizvoda (kartica u katalogu, PDP, srodni proizvodi, pretraga)",Slika postoji samo na cosmoslac.com (nema je u Brand Kit-u). Uslovi korišćenja cosmoslac.com zabranjuju komercijalnu upotrebu bez prethodne pisane dozvole. Zvanična slika je ISTI generički fajl za 350/351/353 (bez boje i šifre na etiketi).,cosmoslac.com stranica proizvoda; Brand Kit (cosmoslac.com/brand-kit — zaštićen lozinkom); uslovi korišćenja cosmoslac.com/el/oroi-chrisis ; zvanični URL iz manifesta: https://cosmoslac.com/wp-content/uploads/high-heat-350-silver-container-175ml-v2.png,Cosmos Lac High Heat 350 Silver Container packshot (zatražiti dopunu Brand Kit-a),cosmos-lac__cosmos-lac-high-heat-350-silver-container
PRODUCT_IMAGE,Cosmos Lac,Cosmos Lac High Heat 351 Black Container,175 ml / 750 ml,/katalog ; /katalog/strana/22 ; /katalog?brend=cosmos-lac ; /proizvodi/grupa/cosmos-lac-high-heat-container ; /proizvodi/grupa/cosmos-lac-high-heat-container?varijanta=351 ; pretraga sajta (isti prikaz kartice),"packshot proizvoda (kartica u katalogu, PDP, srodni proizvodi, pretraga)",Slika postoji samo na cosmoslac.com (nema je u Brand Kit-u). Uslovi korišćenja cosmoslac.com zabranjuju komercijalnu upotrebu bez prethodne pisane dozvole. Zvanična slika je ISTI generički fajl za 350/351/353.,cosmoslac.com stranica proizvoda; Brand Kit (cosmoslac.com/brand-kit — zaštićen lozinkom); uslovi korišćenja cosmoslac.com/el/oroi-chrisis ; zvanični URL iz manifesta: https://cosmoslac.com/wp-content/uploads/high-heat-351-black-container-175ml-v2.png,Cosmos Lac High Heat 351 Black Container packshot (zatražiti dopunu Brand Kit-a),cosmos-lac__cosmos-lac-high-heat-351-black-container
PRODUCT_IMAGE,Cosmos Lac,Cosmos Lac High Heat 353 Maroon Container,175 ml / 750 ml,/katalog ; /katalog/strana/22 ; /katalog?brend=cosmos-lac ; /proizvodi/grupa/cosmos-lac-high-heat-container ; /proizvodi/grupa/cosmos-lac-high-heat-container?varijanta=353 ; pretraga sajta (isti prikaz kartice),"packshot proizvoda (kartica u katalogu, PDP, srodni proizvodi, pretraga)",Slika postoji samo na cosmoslac.com (nema je u Brand Kit-u). Uslovi korišćenja cosmoslac.com zabranjuju komercijalnu upotrebu bez prethodne pisane dozvole. Zvanična slika je ISTI generički fajl za 350/351/353.,cosmoslac.com stranica proizvoda; Brand Kit (cosmoslac.com/brand-kit — zaštićen lozinkom); uslovi korišćenja cosmoslac.com/el/oroi-chrisis ; zvanični URL iz manifesta: https://cosmoslac.com/wp-content/uploads/high-heat-353-maroon-container-175ml-v2.png,Cosmos Lac High Heat 353 Maroon Container packshot (zatražiti dopunu Brand Kit-a),cosmos-lac__cosmos-lac-high-heat-353-maroon-container
PRODUCT_IMAGE,Cosmos Lac,Cosmos Lac RAL 9003 Matt Signal White,,/proizvodi/grupa/cosmos-lac-ral ; /proizvodi/grupa/cosmos-lac-ral?varijanta=CL-RAL-9003-MATT-SIGNAL-WHITE ; pretraga sajta (isti prikaz kartice),"packshot proizvoda (kartica u katalogu, PDP, srodni proizvodi, pretraga)",Slika postoji samo na cosmoslac.com (nema je u Brand Kit-u). Uslovi korišćenja cosmoslac.com zabranjuju komercijalnu upotrebu bez prethodne pisane dozvole. Etiketa „MATT RAL 9003 SIGNAL WHITE 400 ML” odgovara — prepreka je samo dozvola.,cosmoslac.com stranica proizvoda; Brand Kit (cosmoslac.com/brand-kit — zaštićen lozinkom); uslovi korišćenja cosmoslac.com/el/oroi-chrisis ; zvanični URL iz manifesta: https://cosmoslac.com/wp-content/uploads/ral-9003-matt-signal-white-v2.png,Cosmos Lac RAL 9003 Matt Signal White packshot (zatražiti dopunu Brand Kit-a),cosmos-lac__cosmos-lac-ral-9003-matt-signal-white
PRODUCT_IMAGE,Norbin,Norbin N15-V25 Fast Clear VOC,N15-V25 / 5 L,/brendovi/norbin ; /katalog ; /katalog/strana/2 ; /katalog?brend=norbin ; /proizvodi/norbin-n15-v25-fast-clear-voc ; /proizvodi/norbin-n75-v21-clear-hardener-voc ; /proizvodi/norbin-n85-021-thinner ; pretraga sajta (isti prikaz kartice),"packshot proizvoda (kartica u katalogu, PDP, srodni proizvodi, pretraga)","Proizvođač ne objavljuje sliku; kod distributera nema slike ove šifre, a u zvaničnoj brošuri je limenka samo delimično vidljiva (premalo / zaklonjeno). Kandidat (nedovoljan): isečak iz brošure 2024, 377×735 px, dno limenke zaklonjeno.","norbin-paint.com (bez slika proizvoda); brošura NORBIN_Broch_EN_2024 (samo grupna slika, limenka delimično zaklonjena); varitikka.fi, tobis.ee/.lt/.lv, carparts247.co.uk, lasurit.com, colormarket.online (nema slike ove šifre); Surventis portal nema Norbin biblioteku",Norbin N15-V25 5 L packshot / render (zatražiti od Surventis-a),norbin__norbin-n15-v25-fast-clear-voc
PRODUCT_IMAGE,Norbin,Norbin N60-V20 Multifunctional Body Filler + Hardener,"N60-V20 / 0,05 kg",/brendovi/norbin ; /katalog ; /katalog/strana/2 ; /katalog?brend=norbin ; /program/priprema-i-abrazivi ; /proizvodi/norbin-n60-v20-multifunctional-body-filler-hardener ; pretraga sajta (isti prikaz kartice),"packshot proizvoda (kartica u katalogu, PDP, srodni proizvodi, pretraga)","Proizvođač ne objavljuje sliku; kod distributera nema slike ove šifre, a u zvaničnoj brošuri je limenka samo delimično vidljiva (premalo / zaklonjeno). Kandidat (nedovoljan): isečak iz brošure 2024, 352×210 px, bez učvršćivača.","norbin-paint.com (bez slika proizvoda); brošura NORBIN_Broch_EN_2024 (samo grupna slika, limenka delimično zaklonjena); varitikka.fi, tobis.ee/.lt/.lv, carparts247.co.uk, lasurit.com, colormarket.online (nema slike ove šifre); Surventis portal nema Norbin biblioteku","Norbin N60-V20 0,05 kg packshot / render (zatražiti od Surventis-a)",norbin__norbin-n60-v20-multifunctional-body-filler-hardener
PRODUCT_IMAGE,Norbin,Norbin N75-022 Hardener Slow,"N75-022 / 2,5 L",/brendovi/norbin ; /katalog ; /katalog/strana/2 ; /katalog?brend=norbin ; /proizvodi/norbin-n75-022-hardener-slow ; pretraga sajta (isti prikaz kartice),"packshot proizvoda (kartica u katalogu, PDP, srodni proizvodi, pretraga)","Proizvođač ne objavljuje sliku; kod distributera nema slike ove šifre, a u zvaničnoj brošuri je limenka samo delimično vidljiva (premalo / zaklonjeno). Kandidat (nedovoljan): isečak iz brošure 2024, 376×395 px, donji desni deo zaklonjen.","norbin-paint.com (bez slika proizvoda); brošura NORBIN_Broch_EN_2024 (samo grupna slika, limenka delimično zaklonjena); varitikka.fi, tobis.ee/.lt/.lv, carparts247.co.uk, lasurit.com, colormarket.online (nema slike ove šifre); Surventis portal nema Norbin biblioteku","Norbin N75-022 2,5 L packshot / render (zatražiti od Surventis-a)",norbin__norbin-n75-022-hardener-slow
PRODUCT_IMAGE,Norbin,Norbin N95-060 Silicone cleaner,N95-060 / 5 L,/brendovi/norbin ; /katalog ; /katalog/strana/2 ; /katalog?brend=norbin ; /program/priprema-i-abrazivi ; /proizvodi/norbin-n95-060-silicone-cleaner ; pretraga sajta (isti prikaz kartice),"packshot proizvoda (kartica u katalogu, PDP, srodni proizvodi, pretraga)","Proizvođač ne objavljuje sliku; kod distributera nema slike ove šifre, a u zvaničnoj brošuri je limenka samo delimično vidljiva (premalo / zaklonjeno). Kandidat (nedovoljan): isečak iz brošure 2024, vidi se samo gornja polovina. Stranica varitikka.fi prikazuje samo Norbin logo.","norbin-paint.com (bez slika proizvoda); brošura NORBIN_Broch_EN_2024 (samo grupna slika, limenka delimično zaklonjena); varitikka.fi, tobis.ee/.lt/.lv, carparts247.co.uk, lasurit.com, colormarket.online (nema slike ove šifre); Surventis portal nema Norbin biblioteku",Norbin N95-060 5 L packshot / render (zatražiti od Surventis-a),norbin__norbin-n95-060-silicone-cleaner
PRODUCT_IMAGE,R-M,R-M AGILIS X-TREME,AGILIS X-TREME,/katalog ; /katalog/strana/17 ; /katalog?brend=rm ; /proizvodi/rm-a-2540-agilis-blender-x-treme ; /proizvodi/rm-agilis-x-treme ; /proizvodi/rm-ra-040-agilis-mix ; pretraga sajta (isti prikaz kartice),"packshot proizvoda (kartica u katalogu, PDP, srodni proizvodi, pretraga)","Packshot ove šifre nije pronađen ni na Surventis portalu ni na info.rmpaint.com. Sistem bez šifre. Portal ima AGILIS limenke konkretnih šifri (npr. HB 040, A 2540), ali ne i generičku limenku sistema AGILIS X-TREME.",Surventis Brand Portal R-M hub 51 (2026-10-06): pretraga po šifri i nazivu + vizuelni pregled svih 808 neimenovanih packshotova (composite) i 123 imenovana kandidata; info.rmpaint.com (stranica proizvoda nema packshot),"R-M AGILIS X-TREME packshot (Surventis portal, hub 51)",rm__rm-agilis-x-treme
PRODUCT_IMAGE,R-M,R-M WHEEL CLEAR COAT,C 2RM2,/katalog ; /katalog/strana/17 ; /katalog?brend=rm ; /proizvodi/rm-c-2rm2-wheel-clear-coat ; pretraga sajta (isti prikaz kartice),"packshot proizvoda (kartica u katalogu, PDP, srodni proizvodi, pretraga)",Packshot ove šifre nije pronađen ni na Surventis portalu ni na info.rmpaint.com. Pretraga „2RM2” i „WHEEL” na portalu: 0 asseta.,Surventis Brand Portal R-M hub 51 (2026-10-06): pretraga po šifri i nazivu + vizuelni pregled svih 808 neimenovanih packshotova (composite) i 123 imenovana kandidata; info.rmpaint.com (stranica proizvoda nema packshot),"R-M C 2RM2 packshot (Surventis portal, hub 51)",rm__rm-c-2rm2-wheel-clear-coat
PRODUCT_IMAGE,R-M,R-M DIAMONT bezbojni lak,1 L,/katalog ; /katalog/strana/3 ; /katalog?brend=rm ; /kategorije/bezbojni-lakovi ; /proizvodi/rm-diamont-bezbojni-lak ; pretraga sajta (isti prikaz kartice),"packshot proizvoda (kartica u katalogu, PDP, srodni proizvodi, pretraga)","Ručni zapis bez šifre proizvođača — identitet (koji DIAMONT lak) nije potvrđen, pa se slika ne može uparivati. Kandidati na portalu (ne mogu se upariti bez šifre): DIAMONTOP CP C 2410 1 L (10505), DIAMONTCLEAR CP C 2450 5 L (10508), DIAMONTOP MS C 1410 5 L (15740).",Surventis Brand Portal R-M hub 51 (2026-10-06): pretraga po šifri i nazivu + vizuelni pregled svih 808 neimenovanih packshotova (composite) i 123 imenovana kandidata; info.rmpaint.com (stranica proizvoda nema packshot),"R-M DIAMONT bezbojni lak packshot (Surventis portal, hub 51)",rm__rm-diamont-bezbojni-lak
PRODUCT_IMAGE,R-M,R-M FillCURE Plus,H 2A80,/katalog ; /katalog/strana/18 ; /katalog?brend=rm ; /proizvodi/rm-h-2a80-fillcure-plus ; /proizvodi/rm-p-2a81-speedfiller-white ; /proizvodi/rm-p-2a85-speedfiller-black ; pretraga sajta (isti prikaz kartice),"packshot proizvoda (kartica u katalogu, PDP, srodni proizvodi, pretraga)",Packshot ove šifre nije pronađen ni na Surventis portalu ni na info.rmpaint.com. Portal ima samo FillCURE H 2A30 i FillCURE Slow H 2A31 (druge šifre).,Surventis Brand Portal R-M hub 51 (2026-10-06): pretraga po šifri i nazivu + vizuelni pregled svih 808 neimenovanih packshotova (composite) i 123 imenovana kandidata; info.rmpaint.com (stranica proizvoda nema packshot),"R-M H 2A80 packshot (Surventis portal, hub 51)",rm__rm-h-2a80-fillcure-plus
PRODUCT_IMAGE,R-M,R-M FillCURE Plus slow,H 2A81,/katalog ; /katalog/strana/18 ; /katalog?brend=rm ; /proizvodi/rm-h-2a81-fillcure-plus-slow ; /proizvodi/rm-p-2a81-speedfiller-white ; /proizvodi/rm-p-2a85-speedfiller-black ; pretraga sajta (isti prikaz kartice),"packshot proizvoda (kartica u katalogu, PDP, srodni proizvodi, pretraga)",Packshot ove šifre nije pronađen ni na Surventis portalu ni na info.rmpaint.com. Portal ima samo FillCURE H 2A30 i FillCURE Slow H 2A31 (druge šifre).,Surventis Brand Portal R-M hub 51 (2026-10-06): pretraga po šifri i nazivu + vizuelni pregled svih 808 neimenovanih packshotova (composite) i 123 imenovana kandidata; info.rmpaint.com (stranica proizvoda nema packshot),"R-M H 2A81 packshot (Surventis portal, hub 51)",rm__rm-h-2a81-fillcure-plus-slow
PRODUCT_IMAGE,R-M,R-M FILLER Harden-R Plus,H 2P80,/katalog ; /katalog/strana/18 ; /katalog?brend=rm ; /proizvodi/p-2p81-race-wet-fill-r-white ; /proizvodi/p-2p85-race-wet-fill-r-black ; /proizvodi/rm-h-2p80-filler-harden-r-plus ; pretraga sajta (isti prikaz kartice),"packshot proizvoda (kartica u katalogu, PDP, srodni proizvodi, pretraga)",Packshot ove šifre nije pronađen ni na Surventis portalu ni na info.rmpaint.com. Portal ima FILLER HARDEN-R H 2P84 (druga šifra) — ne koristi se kao zamena.,Surventis Brand Portal R-M hub 51 (2026-10-06): pretraga po šifri i nazivu + vizuelni pregled svih 808 neimenovanih packshotova (composite) i 123 imenovana kandidata; info.rmpaint.com (stranica proizvoda nema packshot),"R-M H 2P80 packshot (Surventis portal, hub 51)",rm__rm-h-2p80-filler-harden-r-plus
PRODUCT_IMAGE,R-M,R-M FILLER Harden-R Plus slow,H 2P81,/katalog ; /katalog/strana/18 ; /katalog?brend=rm ; /proizvodi/rm-h-2p81-filler-harden-r-plus-slow ; pretraga sajta (isti prikaz kartice),"packshot proizvoda (kartica u katalogu, PDP, srodni proizvodi, pretraga)",Packshot ove šifre nije pronađen ni na Surventis portalu ni na info.rmpaint.com. Portal ima FILLER HARDEN-R H 2P84 (druga šifra) — ne koristi se kao zamena.,Surventis Brand Portal R-M hub 51 (2026-10-06): pretraga po šifri i nazivu + vizuelni pregled svih 808 neimenovanih packshotova (composite) i 123 imenovana kandidata; info.rmpaint.com (stranica proizvoda nema packshot),"R-M H 2P81 packshot (Surventis portal, hub 51)",rm__rm-h-2p81-filler-harden-r-plus-slow
PRODUCT_IMAGE,R-M,"R-M WHEEL CLEAR COAT, HARDENER",H 2RM2,/katalog ; /katalog/strana/18 ; /katalog?brend=rm ; /proizvodi/rm-h-2rm2-wheel-clear-coat-hardener ; pretraga sajta (isti prikaz kartice),"packshot proizvoda (kartica u katalogu, PDP, srodni proizvodi, pretraga)",Packshot ove šifre nije pronađen ni na Surventis portalu ni na info.rmpaint.com. Pretraga „2RM2” i „WHEEL” na portalu: 0 asseta.,Surventis Brand Portal R-M hub 51 (2026-10-06): pretraga po šifri i nazivu + vizuelni pregled svih 808 neimenovanih packshotova (composite) i 123 imenovana kandidata; info.rmpaint.com (stranica proizvoda nema packshot),"R-M H 2RM2 packshot (Surventis portal, hub 51)",rm__rm-h-2rm2-wheel-clear-coat-hardener
PRODUCT_IMAGE,R-M,R-M GHD PROTECT FILLER HARDENER,H 340,/katalog ; /katalog/strana/18 ; /katalog?brend=rm ; /proizvodi/rm-h-340-ghd-protect-filler-hardener ; /proizvodi/rm-p-5540-ghd-protect-primer-filler ; pretraga sajta (isti prikaz kartice),"packshot proizvoda (kartica u katalogu, PDP, srodni proizvodi, pretraga)",Packshot ove šifre nije pronađen ni na Surventis portalu ni na info.rmpaint.com.,Surventis Brand Portal R-M hub 51 (2026-10-06): pretraga po šifri i nazivu + vizuelni pregled svih 808 neimenovanih packshotova (composite) i 123 imenovana kandidata; info.rmpaint.com (stranica proizvoda nema packshot),"R-M H 340 packshot (Surventis portal, hub 51)",rm__rm-h-340-ghd-protect-filler-hardener
PRODUCT_IMAGE,R-M,R-M GHD SLOW ACTIVATOR,H 5430,/katalog ; /katalog/strana/18 ; /katalog?brend=rm ; /proizvodi/p-5530-ghd-uni-wash ; /proizvodi/rm-h-5430-ghd-slow-activator ; pretraga sajta (isti prikaz kartice),"packshot proizvoda (kartica u katalogu, PDP, srodni proizvodi, pretraga)",Packshot ove šifre nije pronađen ni na Surventis portalu ni na info.rmpaint.com.,Surventis Brand Portal R-M hub 51 (2026-10-06): pretraga po šifri i nazivu + vizuelni pregled svih 808 neimenovanih packshotova (composite) i 123 imenovana kandidata; info.rmpaint.com (stranica proizvoda nema packshot),"R-M H 5430 packshot (Surventis portal, hub 51)",rm__rm-h-5430-ghd-slow-activator
PRODUCT_IMAGE,R-M,R-M Gleam Silver ONYX HD,HB 10S,/katalog ; /katalog/strana/18 ; /katalog?brend=rm ; /proizvodi/hb-032-hydromix ; /proizvodi/rm-hb-10s-gleam-silver-onyx-hd ; pretraga sajta (isti prikaz kartice),"packshot proizvoda (kartica u katalogu, PDP, srodni proizvodi, pretraga)",Packshot ove šifre nije pronađen ni na Surventis portalu ni na info.rmpaint.com. Kandidat: portal asset 33657 (ONYX HD HB 10S) — ali isključivo etiketa za kinesko tržište (kineski tekst). Evropska etiketa nije pronađena.,Surventis Brand Portal R-M hub 51 (2026-10-06): pretraga po šifri i nazivu + vizuelni pregled svih 808 neimenovanih packshotova (composite) i 123 imenovana kandidata; info.rmpaint.com (stranica proizvoda nema packshot),"R-M HB 10S packshot (Surventis portal, hub 51)",rm__rm-hb-10s-gleam-silver-onyx-hd
PRODUCT_IMAGE,R-M,R-M ONYX BLENDER PLUS,A 2525,/katalog ; /katalog/strana/18 ; /katalog?brend=rm ; /proizvodi/rm-onyx-blender-plus ; pretraga sajta (isti prikaz kartice),"packshot proizvoda (kartica u katalogu, PDP, srodni proizvodi, pretraga)",Packshot ove šifre nije pronađen ni na Surventis portalu ni na info.rmpaint.com. Portal ima ONYX EASY BLENDER A 2520 (drugi proizvod) — ne koristi se kao zamena.,Surventis Brand Portal R-M hub 51 (2026-10-06): pretraga po šifri i nazivu + vizuelni pregled svih 808 neimenovanih packshotova (composite) i 123 imenovana kandidata; info.rmpaint.com (stranica proizvoda nema packshot),"R-M A 2525 packshot (Surventis portal, hub 51)",rm__rm-onyx-blender-plus
PRODUCT_IMAGE,R-M,R-M ONYX HD TROPICAL,ONYX HD TROPICAL,/katalog ; /katalog/strana/18 ; /katalog?brend=rm ; /proizvodi/hb-036-hydromix-tropical ; /proizvodi/rm-onyx-hd-tropical ; pretraga sajta (isti prikaz kartice),"packshot proizvoda (kartica u katalogu, PDP, srodni proizvodi, pretraga)","Packshot ove šifre nije pronađen ni na Surventis portalu ni na info.rmpaint.com. Sistem. Portal ima samo komponentu ONYX-HYDROBASE HB 006 TROPIC (asset 36415, 33568), ne generičku limenku sistema; komponenta ne predstavlja ceo sistem.",Surventis Brand Portal R-M hub 51 (2026-10-06): pretraga po šifri i nazivu + vizuelni pregled svih 808 neimenovanih packshotova (composite) i 123 imenovana kandidata; info.rmpaint.com (stranica proizvoda nema packshot),"R-M ONYX HD TROPICAL packshot (Surventis portal, hub 51)",rm__rm-onyx-hd-tropical
PRODUCT_IMAGE,R-M,R-M SpeedFILLER White,P 2A81,/katalog ; /katalog/strana/19 ; /katalog?brend=rm ; /proizvodi/rm-h-2a80-fillcure-plus ; /proizvodi/rm-h-2a81-fillcure-plus-slow ; /proizvodi/rm-p-2a81-speedfiller-white ; pretraga sajta (isti prikaz kartice),"packshot proizvoda (kartica u katalogu, PDP, srodni proizvodi, pretraga)",Packshot ove šifre nije pronađen ni na Surventis portalu ni na info.rmpaint.com.,Surventis Brand Portal R-M hub 51 (2026-10-06): pretraga po šifri i nazivu + vizuelni pregled svih 808 neimenovanih packshotova (composite) i 123 imenovana kandidata; info.rmpaint.com (stranica proizvoda nema packshot),"R-M P 2A81 packshot (Surventis portal, hub 51)",rm__rm-p-2a81-speedfiller-white
PRODUCT_IMAGE,R-M,R-M SpeedFILLER Black,P 2A85,/katalog ; /katalog/strana/19 ; /katalog?brend=rm ; /proizvodi/rm-h-2a80-fillcure-plus ; /proizvodi/rm-h-2a81-fillcure-plus-slow ; /proizvodi/rm-p-2a85-speedfiller-black ; pretraga sajta (isti prikaz kartice),"packshot proizvoda (kartica u katalogu, PDP, srodni proizvodi, pretraga)",Packshot ove šifre nije pronađen ni na Surventis portalu ni na info.rmpaint.com.,Surventis Brand Portal R-M hub 51 (2026-10-06): pretraga po šifri i nazivu + vizuelni pregled svih 808 neimenovanih packshotova (composite) i 123 imenovana kandidata; info.rmpaint.com (stranica proizvoda nema packshot),"R-M P 2A85 packshot (Surventis portal, hub 51)",rm__rm-p-2a85-speedfiller-black
PRODUCT_IMAGE,R-M,R-M GHD PROTECT PRIMER FILLER,P 5540,/katalog ; /katalog/strana/19 ; /katalog?brend=rm ; /proizvodi/rm-a-5700-ghd-tinting-paste ; /proizvodi/rm-h-340-ghd-protect-filler-hardener ; /proizvodi/rm-p-5540-ghd-protect-primer-filler ; pretraga sajta (isti prikaz kartice),"packshot proizvoda (kartica u katalogu, PDP, srodni proizvodi, pretraga)",Packshot ove šifre nije pronađen ni na Surventis portalu ni na info.rmpaint.com.,Surventis Brand Portal R-M hub 51 (2026-10-06): pretraga po šifri i nazivu + vizuelni pregled svih 808 neimenovanih packshotova (composite) i 123 imenovana kandidata; info.rmpaint.com (stranica proizvoda nema packshot),"R-M P 5540 packshot (Surventis portal, hub 51)",rm__rm-p-5540-ghd-protect-primer-filler
PRODUCT_IMAGE,R-M,R-M AGILIS MIX,RA 040,/katalog ; /katalog/strana/19 ; /katalog?brend=rm ; /proizvodi/rm-agilis-esense-x-treme ; /proizvodi/rm-agilis-x-treme ; /proizvodi/rm-ra-040-agilis-mix ; pretraga sajta (isti prikaz kartice),"packshot proizvoda (kartica u katalogu, PDP, srodni proizvodi, pretraga)",Packshot ove šifre nije pronađen ni na Surventis portalu ni na info.rmpaint.com.,Surventis Brand Portal R-M hub 51 (2026-10-06): pretraga po šifri i nazivu + vizuelni pregled svih 808 neimenovanih packshotova (composite) i 123 imenovana kandidata; info.rmpaint.com (stranica proizvoda nema packshot),"R-M RA 040 packshot (Surventis portal, hub 51)",rm__rm-ra-040-agilis-mix
PRODUCT_IMAGE,SATA,"Aluminijumska posuda pod pritiskom 1,0 l (maks. 10 bar / 150 psi), komplet sa navojnim prstenom",41806 / 41806 / Art. 41806,/katalog ; /katalog/strana/23 ; /katalog?brend=sata ; /proizvodi/sata-1-0-l-aluminium-pressure-pot-max-pressure-10-bar-hrs ; /proizvodi/sata-hrs ; pretraga sajta (isti prikaz kartice),"packshot proizvoda (kartica u katalogu, PDP, srodni proizvodi, pretraga)","Zvanična slika postoji, ali SATA zadržava sva prava i ne objavljuje dozvolu za preprodavce; potrebna je pisana saglasnost SATA (ili slike iz SATA PSV dealer shop-a).","sata.com stranica artikla (slika postoji, URL iz manifesta od 2026-09-24 vraća 404 — SATA je premestio media putanje); sata.com/en/legal-notice, /en/terms-conditions, /de-de/agb, /en/service/downloads (nema press/media dozvole) ; zvanični URL iz manifesta: https://www.sata.com/media/48/37/a5/1788164909/41806_MAIN.WEBP.WEBP",SATA 41806 site:sata.com,sata__sata-1-0-l-aluminium-pressure-pot-max-pressure-10-bar-hrs
PRODUCT_IMAGE,SATA,SATA adam 2,160689 160788 160796 160846 160861 160879 162081 195214 195230 195925 211540 211565 211573 1031682 1031723,/katalog ; /katalog/strana/22 ; /katalog?brend=sata ; /proizvodi/sata-adam-2 ; pretraga sajta (isti prikaz kartice),"packshot proizvoda (kartica u katalogu, PDP, srodni proizvodi, pretraga)","Zvanična slika postoji, ali SATA zadržava sva prava i ne objavljuje dozvolu za preprodavce; potrebna je pisana saglasnost SATA (ili slike iz SATA PSV dealer shop-a).","sata.com stranica artikla (slika postoji, URL iz manifesta od 2026-09-24 vraća 404 — SATA je premestio media putanje); sata.com/en/legal-notice, /en/terms-conditions, /de-de/agb, /en/service/downloads (nema press/media dozvole) ; zvanični URL iz manifesta: https://www.sata.com/media/c4/67/99/1788164856/160689_MAIN.WEBP.WEBP",SATA 160689 site:sata.com,sata__sata-adam-2
PRODUCT_IMAGE,SATA,SATA adam X,1201996 / 1201996 / Art. 1201996,/katalog ; /katalog/strana/22 ; /katalog?brend=sata ; /proizvodi/sata-adam-x ; pretraga sajta (isti prikaz kartice),"packshot proizvoda (kartica u katalogu, PDP, srodni proizvodi, pretraga)","Zvanična slika postoji, ali SATA zadržava sva prava i ne objavljuje dozvolu za preprodavce; potrebna je pisana saglasnost SATA (ili slike iz SATA PSV dealer shop-a).","sata.com stranica artikla (slika postoji, URL iz manifesta od 2026-09-24 vraća 404 — SATA je premestio media putanje); sata.com/en/legal-notice, /en/terms-conditions, /de-de/agb, /en/service/downloads (nema press/media dozvole) ; zvanični URL iz manifesta: https://www.sata.com/media/bb/cf/c5/1788164806/1201996_MAIN.WEBP.WEBP",SATA 1201996 site:sata.com,sata__sata-adam-x
PRODUCT_IMAGE,SATA,SATA adam X pro,1202001 / 1202001 / Art. 1202001,/katalog ; /katalog/strana/22 ; /katalog?brend=sata ; /proizvodi/sata-adam-x-pro ; pretraga sajta (isti prikaz kartice),"packshot proizvoda (kartica u katalogu, PDP, srodni proizvodi, pretraga)","Zvanična slika postoji, ali SATA zadržava sva prava i ne objavljuje dozvolu za preprodavce; potrebna je pisana saglasnost SATA (ili slike iz SATA PSV dealer shop-a).","sata.com stranica artikla (slika postoji, URL iz manifesta od 2026-09-24 vraća 404 — SATA je premestio media putanje); sata.com/en/legal-notice, /en/terms-conditions, /de-de/agb, /en/service/downloads (nema press/media dozvole) ; zvanični URL iz manifesta: https://www.sata.com/media/42/6e/f6/1788164805/1202001_MAIN.WEBP.WEBP",SATA 1202001 site:sata.com,sata__sata-adam-x-pro
PRODUCT_IMAGE,SATA,Zaštita vazdušne kape (Air cap protector),4 izvedbe / 1054006 1054014 1054022 1054030,/katalog ; /katalog/strana/23 ; /katalog?brend=sata ; /proizvodi/sata-air-cap-protector ; /proizvodi/sata-jet-x ; /proizvodi/sataminijet-4400-b ; pretraga sajta (isti prikaz kartice),"packshot proizvoda (kartica u katalogu, PDP, srodni proizvodi, pretraga)","Zvanična slika postoji, ali SATA zadržava sva prava i ne objavljuje dozvolu za preprodavce; potrebna je pisana saglasnost SATA (ili slike iz SATA PSV dealer shop-a).","sata.com stranica artikla (slika postoji, URL iz manifesta od 2026-09-24 vraća 404 — SATA je premestio media putanje); sata.com/en/legal-notice, /en/terms-conditions, /de-de/agb, /en/service/downloads (nema press/media dozvole) ; zvanični URL iz manifesta: https://www.sata.com/media/c0/a0/e0/1788164905/1054006_MAIN.WEBP.WEBP",SATA 1054006 site:sata.com,sata__sata-air-cap-protector
PRODUCT_IMAGE,SATA,Zaštita vazdušne kape UV (Air cap protector UV),3 izvedbe / 1040807 1040815 1044594,/katalog ; /katalog/strana/23 ; /katalog?brend=sata ; /proizvodi/sata-air-cap-protector-uv ; /proizvodi/sataminijet-4400-b ; pretraga sajta (isti prikaz kartice),"packshot proizvoda (kartica u katalogu, PDP, srodni proizvodi, pretraga)","Zvanična slika postoji, ali SATA zadržava sva prava i ne objavljuje dozvolu za preprodavce; potrebna je pisana saglasnost SATA (ili slike iz SATA PSV dealer shop-a).","sata.com stranica artikla (slika postoji, URL iz manifesta od 2026-09-24 vraća 404 — SATA je premestio media putanje); sata.com/en/legal-notice, /en/terms-conditions, /de-de/agb, /en/service/downloads (nema press/media dozvole) ; zvanični URL iz manifesta: https://www.sata.com/media/3e/b8/e0/1788164905/1040807_MAIN.WEBP.WEBP",SATA 1040807 site:sata.com,sata__sata-air-cap-protector-uv
PRODUCT_IMAGE,SATA,SATA air check set — uređaj za kontrolu kvaliteta komprimovanog vazduha,7096 / 7096 / Art. 7096,/katalog ; /katalog/strana/23 ; /katalog?brend=sata ; /proizvodi/sata-air-check-set-compressed-air-quality-control-device ; pretraga sajta (isti prikaz kartice),"packshot proizvoda (kartica u katalogu, PDP, srodni proizvodi, pretraga)","Zvanična slika postoji, ali SATA zadržava sva prava i ne objavljuje dozvolu za preprodavce; potrebna je pisana saglasnost SATA (ili slike iz SATA PSV dealer shop-a).","sata.com stranica artikla (slika postoji, URL iz manifesta od 2026-09-24 vraća 404 — SATA je premestio media putanje); sata.com/en/legal-notice, /en/terms-conditions, /de-de/agb, /en/service/downloads (nema press/media dozvole) ; zvanični URL iz manifesta: https://www.sata.com/media/7d/2a/64/1788164908/7096_MAIN.WEBP.WEBP",SATA 7096 site:sata.com,sata__sata-air-check-set-compressed-air-quality-control-device
PRODUCT_IMAGE,SATA,SATA crevo za vazduh,11 izvedbi / 4754 9902 13870 37655 50252 50591 50641 51300 53090 189068 195420,/katalog ; /katalog/strana/23 ; /katalog?brend=sata ; /proizvodi/sata-air-hose ; /proizvodi/sata-vario-top-spray ; pretraga sajta (isti prikaz kartice),"packshot proizvoda (kartica u katalogu, PDP, srodni proizvodi, pretraga)","Zvanična slika postoji, ali SATA zadržava sva prava i ne objavljuje dozvolu za preprodavce; potrebna je pisana saglasnost SATA (ili slike iz SATA PSV dealer shop-a).","sata.com stranica artikla (slika postoji, URL iz manifesta od 2026-09-24 vraća 404 — SATA je premestio media putanje); sata.com/en/legal-notice, /en/terms-conditions, /de-de/agb, /en/service/downloads (nema press/media dozvole) ; zvanični URL iz manifesta: https://www.sata.com/media/2f/b2/77/1788164910/9902_MAIN.WEBP.WEBP",SATA 4754 site:sata.com,sata__sata-air-hose
PRODUCT_IMAGE,SATA,"SATA crevo za vazduh na metar, DIN 8541, maks. 20 bar",2 izvedbe / 27300 27318,/katalog ; /katalog/strana/23 ; /katalog?brend=sata ; /proizvodi/sata-air-hose-din-8541-max-20-bar ; pretraga sajta (isti prikaz kartice),"packshot proizvoda (kartica u katalogu, PDP, srodni proizvodi, pretraga)","Zvanična slika postoji, ali SATA zadržava sva prava i ne objavljuje dozvolu za preprodavce; potrebna je pisana saglasnost SATA (ili slike iz SATA PSV dealer shop-a).","sata.com stranica artikla (slika postoji, URL iz manifesta od 2026-09-24 vraća 404 — SATA je premestio media putanje); sata.com/en/legal-notice, /en/terms-conditions, /de-de/agb, /en/service/downloads (nema press/media dozvole) ; zvanični URL iz manifesta: https://www.sata.com/media/15/32/78/1788164910/27300_MAIN.WEBP.WEBP",SATA 27300 site:sata.com,sata__sata-air-hose-din-8541-max-20-bar
PRODUCT_IMAGE,SATA,"Crevo za vazduh G 1/4, 500 mm",16063 / 16063 / Art. 16063,/katalog ; /katalog/strana/23 ; /katalog?brend=sata ; /proizvodi/sata-air-hose-g-1-4 ; pretraga sajta (isti prikaz kartice),"packshot proizvoda (kartica u katalogu, PDP, srodni proizvodi, pretraga)",SATA ne objavljuje sliku ovog pribora; vlasnik je ranije prihvatio placeholder (pribor faze 2).,"sata.com stranica artikla (slika postoji, URL iz manifesta od 2026-09-24 vraća 404 — SATA je premestio media putanje); sata.com/en/legal-notice, /en/terms-conditions, /de-de/agb, /en/service/downloads (nema press/media dozvole)",SATA 16063 site:sata.com,sata__sata-air-hose-g-1-4
PRODUCT_IMAGE,SATA,"SATA crevo za vazduh, sa jednim priključkom, 13 mm, plavo, 0.5 m, G 1/2"" unutrašnji navoj",146514 / 146514 / Art. 146514,/katalog ; /katalog/strana/23 ; /katalog?brend=sata ; /proizvodi/sata-air-hose-one-connection-included-clean-rcs ; /proizvodi/sata-clean-rcs ; pretraga sajta (isti prikaz kartice),"packshot proizvoda (kartica u katalogu, PDP, srodni proizvodi, pretraga)","Zvanična slika postoji, ali SATA zadržava sva prava i ne objavljuje dozvolu za preprodavce; potrebna je pisana saglasnost SATA (ili slike iz SATA PSV dealer shop-a).","sata.com stranica artikla (slika postoji, URL iz manifesta od 2026-09-24 vraća 404 — SATA je premestio media putanje); sata.com/en/legal-notice, /en/terms-conditions, /de-de/agb, /en/service/downloads (nema press/media dozvole) ; zvanični URL iz manifesta: https://www.sata.com/media/e3/fb/f3/1788164910/146514_MAIN.WEBP.WEBP",SATA 146514 site:sata.com,sata__sata-air-hose-one-connection-included-clean-rcs
PRODUCT_IMAGE,SATA,SATA air tester — brzi tester vazduha za raspršivanje,156299 / 156299 / Art. 156299,/katalog ; /katalog/strana/23 ; /katalog?brend=sata ; /proizvodi/sata-air-tester-atomisation-air-quick-tester ; pretraga sajta (isti prikaz kartice),"packshot proizvoda (kartica u katalogu, PDP, srodni proizvodi, pretraga)","Zvanična slika postoji, ali SATA zadržava sva prava i ne objavljuje dozvolu za preprodavce; potrebna je pisana saglasnost SATA (ili slike iz SATA PSV dealer shop-a).","sata.com stranica artikla (slika postoji, URL iz manifesta od 2026-09-24 vraća 404 — SATA je premestio media putanje); sata.com/en/legal-notice, /en/terms-conditions, /de-de/agb, /en/service/downloads (nema press/media dozvole) ; zvanični URL iz manifesta: https://www.sata.com/media/3e/0f/bc/1788164908/156299_MAIN.WEBP.WEBP",SATA 156299 site:sata.com,sata__sata-air-tester-atomisation-air-quick-tester
PRODUCT_IMAGE,SATA,SATA airless crevo za boju,3 izvedbe / 19943 19968 19976,/katalog ; /katalog/strana/23 ; /katalog?brend=sata ; /proizvodi/sata-airless-paint-hose ; pretraga sajta (isti prikaz kartice),"packshot proizvoda (kartica u katalogu, PDP, srodni proizvodi, pretraga)","Zvanična slika postoji, ali SATA zadržava sva prava i ne objavljuje dozvolu za preprodavce; potrebna je pisana saglasnost SATA (ili slike iz SATA PSV dealer shop-a).","sata.com stranica artikla (slika postoji, URL iz manifesta od 2026-09-24 vraća 404 — SATA je premestio media putanje); sata.com/en/legal-notice, /en/terms-conditions, /de-de/agb, /en/service/downloads (nema press/media dozvole) ; zvanični URL iz manifesta: https://www.sata.com/media/93/6c/72/1788164910/19943_MAIN.WEBP.WEBP",SATA 19943 site:sata.com,sata__sata-airless-paint-hose
PRODUCT_IMAGE,SATA,"Kuglasta slavina (teflon), G 3/8"" unutrašnji navoj",7989 / 7989 / Art. 7989,/katalog ; /katalog/strana/23 ; /katalog?brend=sata ; /proizvodi/sata-ball-tap-teflon ; pretraga sajta (isti prikaz kartice),"packshot proizvoda (kartica u katalogu, PDP, srodni proizvodi, pretraga)","Zvanična slika postoji, ali SATA zadržava sva prava i ne objavljuje dozvolu za preprodavce; potrebna je pisana saglasnost SATA (ili slike iz SATA PSV dealer shop-a).","sata.com stranica artikla (slika postoji, URL iz manifesta od 2026-09-24 vraća 404 — SATA je premestio media putanje); sata.com/en/legal-notice, /en/terms-conditions, /de-de/agb, /en/service/downloads (nema press/media dozvole) ; zvanični URL iz manifesta: https://www.sata.com/media/bd/e6/80/1788164911/7989_MAIN.WEBP.WEBP",SATA 7989 site:sata.com,sata__sata-ball-tap-teflon
PRODUCT_IMAGE,SATA,"Kuglasta slavina (teflon) sa obostranim unutrašnjim navojem i priključkom za crevo, 9 mm, G 3/8""",1171751 / 1171751 / Art. 1171751,/katalog ; /katalog/strana/23 ; /katalog?brend=sata ; /proizvodi/sata-ball-tap-teflon-with-bilateral-thread-female-hose ; pretraga sajta (isti prikaz kartice),"packshot proizvoda (kartica u katalogu, PDP, srodni proizvodi, pretraga)",SATA ne objavljuje sliku ovog pribora; vlasnik je ranije prihvatio placeholder (pribor faze 2).,"sata.com stranica artikla (slika postoji, URL iz manifesta od 2026-09-24 vraća 404 — SATA je premestio media putanje); sata.com/en/legal-notice, /en/terms-conditions, /de-de/agb, /en/service/downloads (nema press/media dozvole)",SATA 1171751 site:sata.com,sata__sata-ball-tap-teflon-with-bilateral-thread-female-hose
PRODUCT_IMAGE,SATA,"SATA care set spray gun care bag containing 1 large cleaning brush, 5 medium-sized cleaning brushes, 5 double-sided cleaning brushes, 12 nozzle cleaning needles, 1 tube high performance grease, silicone- and acid-free, 100 g",162628 / 162628 / Art. 162628,/katalog ; /katalog/strana/23 ; /katalog?brend=sata ; /proizvodi/sata-care-set-spray-gun-care-bag-containing-1-large ; pretraga sajta (isti prikaz kartice),"packshot proizvoda (kartica u katalogu, PDP, srodni proizvodi, pretraga)","Zvanična slika postoji, ali SATA zadržava sva prava i ne objavljuje dozvolu za preprodavce; potrebna je pisana saglasnost SATA (ili slike iz SATA PSV dealer shop-a).","sata.com stranica artikla (slika postoji, URL iz manifesta od 2026-09-24 vraća 404 — SATA je premestio media putanje); sata.com/en/legal-notice, /en/terms-conditions, /de-de/agb, /en/service/downloads (nema press/media dozvole) ; zvanični URL iz manifesta: https://www.sata.com/media/1d/39/8e/1788164913/162628_MAIN.WEBP.WEBP",SATA 162628 site:sata.com,sata__sata-care-set-spray-gun-care-bag-containing-1-large
PRODUCT_IMAGE,SATA,"SATA cert, with archive, spray pattern block, single sheet holder and distance marker",161596 / 161596 / Art. 161596,/katalog ; /katalog/strana/23 ; /katalog?brend=sata ; /proizvodi/sata-cert-with-archive-spray-pattern-block-single-sheet ; pretraga sajta (isti prikaz kartice),"packshot proizvoda (kartica u katalogu, PDP, srodni proizvodi, pretraga)","Zvanična slika postoji, ali SATA zadržava sva prava i ne objavljuje dozvolu za preprodavce; potrebna je pisana saglasnost SATA (ili slike iz SATA PSV dealer shop-a).","sata.com stranica artikla (slika postoji, URL iz manifesta od 2026-09-24 vraća 404 — SATA je premestio media putanje); sata.com/en/legal-notice, /en/terms-conditions, /de-de/agb, /en/service/downloads (nema press/media dozvole) ; zvanični URL iz manifesta: https://www.sata.com/media/72/e2/0c/1788164914/161596_MAIN.WEBP.WEBP",SATA 161596 site:sata.com,sata__sata-cert-with-archive-spray-pattern-block-single-sheet
PRODUCT_IMAGE,SATA,SATA clean RCS,145581 192518 202564,/katalog ; /katalog/strana/22 ; /katalog?brend=sata ; /proizvodi/sata-air-hose-one-connection-included-clean-rcs ; /proizvodi/sata-clean-rcs ; /proizvodi/sata-conversion-kit-external-cleaning-agent-suction-and-clean-rcs ; /proizvodi/sata-hose-clean-rcs ; pretraga sajta (isti prikaz kartice),"packshot proizvoda (kartica u katalogu, PDP, srodni proizvodi, pretraga)","Zvanična slika postoji, ali SATA zadržava sva prava i ne objavljuje dozvolu za preprodavce; potrebna je pisana saglasnost SATA (ili slike iz SATA PSV dealer shop-a).","sata.com stranica artikla (slika postoji, URL iz manifesta od 2026-09-24 vraća 404 — SATA je premestio media putanje); sata.com/en/legal-notice, /en/terms-conditions, /de-de/agb, /en/service/downloads (nema press/media dozvole) ; zvanični URL iz manifesta: https://www.sata.com/media/22/ac/44/1788164804/145581_MAIN.WEBP.WEBP",SATA 145581 site:sata.com,sata__sata-clean-rcs
PRODUCT_IMAGE,SATA,Četka za čišćenje,4 izvedbe / 18648 29280 53496 147017,/katalog ; /katalog/strana/23 ; /katalog?brend=sata ; /proizvodi/sata-cleaning-brush ; /proizvodi/sata-multi-clean-2 ; pretraga sajta (isti prikaz kartice),"packshot proizvoda (kartica u katalogu, PDP, srodni proizvodi, pretraga)","Zvanična slika postoji, ali SATA zadržava sva prava i ne objavljuje dozvolu za preprodavce; potrebna je pisana saglasnost SATA (ili slike iz SATA PSV dealer shop-a).","sata.com stranica artikla (slika postoji, URL iz manifesta od 2026-09-24 vraća 404 — SATA je premestio media putanje); sata.com/en/legal-notice, /en/terms-conditions, /de-de/agb, /en/service/downloads (nema press/media dozvole) ; zvanični URL iz manifesta: https://www.sata.com/media/d6/ff/2a/1788164914/18648_MAIN.WEBP.WEBP",SATA 18648 site:sata.com,sata__sata-cleaning-brush
PRODUCT_IMAGE,SATA,"Dvostrana četka za čišćenje pištolja, pakovanje 10 kom.",9209 / 9209 / Art. 9209,/katalog ; /katalog/strana/23 ; /katalog?brend=sata ; /proizvodi/sata-cleaning-brush-double-sided-for-spray-guns ; pretraga sajta (isti prikaz kartice),"packshot proizvoda (kartica u katalogu, PDP, srodni proizvodi, pretraga)","Zvanična slika postoji, ali SATA zadržava sva prava i ne objavljuje dozvolu za preprodavce; potrebna je pisana saglasnost SATA (ili slike iz SATA PSV dealer shop-a).","sata.com stranica artikla (slika postoji, URL iz manifesta od 2026-09-24 vraća 404 — SATA je premestio media putanje); sata.com/en/legal-notice, /en/terms-conditions, /de-de/agb, /en/service/downloads (nema press/media dozvole) ; zvanični URL iz manifesta: https://www.sata.com/media/16/ce/ce/1788164913/9209_MAIN.WEBP.WEBP",SATA 9209 site:sata.com,sata__sata-cleaning-brush-double-sided-for-spray-guns
PRODUCT_IMAGE,SATA,"Dvostrana četka za čišćenje, bez silikona",64220 / 64220 / Art. 64220,/katalog ; /katalog/strana/23 ; /katalog?brend=sata ; /proizvodi/sata-cleaning-brush-double-sided-silicone-free ; pretraga sajta (isti prikaz kartice),"packshot proizvoda (kartica u katalogu, PDP, srodni proizvodi, pretraga)",SATA ne objavljuje sliku ovog pribora; vlasnik je ranije prihvatio placeholder (pribor faze 2).,"sata.com stranica artikla (slika postoji, URL iz manifesta od 2026-09-24 vraća 404 — SATA je premestio media putanje); sata.com/en/legal-notice, /en/terms-conditions, /de-de/agb, /en/service/downloads (nema press/media dozvole)",SATA 64220 site:sata.com,sata__sata-cleaning-brush-double-sided-silicone-free
PRODUCT_IMAGE,SATA,"Četka za čišćenje pištolja, pakovanje 10 kom.",6007 / 6007 / Art. 6007,/katalog ; /katalog/strana/23 ; /katalog?brend=sata ; /proizvodi/sata-cleaning-brush-for-spray-guns ; pretraga sajta (isti prikaz kartice),"packshot proizvoda (kartica u katalogu, PDP, srodni proizvodi, pretraga)","Zvanična slika postoji, ali SATA zadržava sva prava i ne objavljuje dozvolu za preprodavce; potrebna je pisana saglasnost SATA (ili slike iz SATA PSV dealer shop-a).","sata.com stranica artikla (slika postoji, URL iz manifesta od 2026-09-24 vraća 404 — SATA je premestio media putanje); sata.com/en/legal-notice, /en/terms-conditions, /de-de/agb, /en/service/downloads (nema press/media dozvole) ; zvanični URL iz manifesta: https://www.sata.com/media/ca/8b/40/1788164913/6007_MAIN.WEBP.WEBP",SATA 6007 site:sata.com,sata__sata-cleaning-brush-for-spray-guns
PRODUCT_IMAGE,SATA,"Velika četka za čišćenje pištolja, pakovanje 5 kom.",158840 / 158840 / Art. 158840,/katalog ; /katalog/strana/23 ; /katalog?brend=sata ; /proizvodi/sata-cleaning-brush-large-for-spray-guns ; pretraga sajta (isti prikaz kartice),"packshot proizvoda (kartica u katalogu, PDP, srodni proizvodi, pretraga)","Zvanična slika postoji, ali SATA zadržava sva prava i ne objavljuje dozvolu za preprodavce; potrebna je pisana saglasnost SATA (ili slike iz SATA PSV dealer shop-a).","sata.com stranica artikla (slika postoji, URL iz manifesta od 2026-09-24 vraća 404 — SATA je premestio media putanje); sata.com/en/legal-notice, /en/terms-conditions, /de-de/agb, /en/service/downloads (nema press/media dozvole) ; zvanični URL iz manifesta: https://www.sata.com/media/e4/b5/40/1788164914/158840_MAIN.WEBP.WEBP",SATA 158840 site:sata.com,sata__sata-cleaning-brush-large-for-spray-guns
PRODUCT_IMAGE,SATA,SATA komplet za čišćenje: 2 srednje četke i 12 igala za čišćenje dizni,64030 / 64030 / Art. 64030,/katalog ; /katalog/strana/23 ; /katalog?brend=sata ; /proizvodi/sata-cleaning-kit-with-2-cleaning-brushes-medium-and-12 ; pretraga sajta (isti prikaz kartice),"packshot proizvoda (kartica u katalogu, PDP, srodni proizvodi, pretraga)","Zvanična slika postoji, ali SATA zadržava sva prava i ne objavljuje dozvolu za preprodavce; potrebna je pisana saglasnost SATA (ili slike iz SATA PSV dealer shop-a).","sata.com stranica artikla (slika postoji, URL iz manifesta od 2026-09-24 vraća 404 — SATA je premestio media putanje); sata.com/en/legal-notice, /en/terms-conditions, /de-de/agb, /en/service/downloads (nema press/media dozvole) ; zvanični URL iz manifesta: https://www.sata.com/media/89/ce/1f/1788164914/64030_MAIN.WEBP.WEBP",SATA 64030 site:sata.com,sata__sata-cleaning-kit-with-2-cleaning-brushes-medium-and-12
PRODUCT_IMAGE,SATA,SATA ručna mešalica na komprimovani vazduh,16477 / 16477 / Art. 16477,/katalog ; /katalog/strana/23 ; /katalog?brend=sata ; /proizvodi/sata-compressed-air-driven-hand-agitator ; pretraga sajta (isti prikaz kartice),"packshot proizvoda (kartica u katalogu, PDP, srodni proizvodi, pretraga)","Zvanična slika postoji, ali SATA zadržava sva prava i ne objavljuje dozvolu za preprodavce; potrebna je pisana saglasnost SATA (ili slike iz SATA PSV dealer shop-a).","sata.com stranica artikla (slika postoji, URL iz manifesta od 2026-09-24 vraća 404 — SATA je premestio media putanje); sata.com/en/legal-notice, /en/terms-conditions, /de-de/agb, /en/service/downloads (nema press/media dozvole) ; zvanični URL iz manifesta: https://www.sata.com/media/39/19/60/1788164914/16477_MAIN.WEBP.WEBP",SATA 16477 site:sata.com,sata__sata-compressed-air-driven-hand-agitator
PRODUCT_IMAGE,SATA,Komplet za prepravku na spoljno sredstvo za čišćenje — usis i recirkulacija,189472 / 189472 / Art. 189472,/katalog ; /katalog/strana/23 ; /katalog?brend=sata ; /proizvodi/sata-clean-rcs ; /proizvodi/sata-conversion-kit-external-cleaning-agent-suction-and-clean-rcs ; pretraga sajta (isti prikaz kartice),"packshot proizvoda (kartica u katalogu, PDP, srodni proizvodi, pretraga)","Zvanična slika postoji, ali SATA zadržava sva prava i ne objavljuje dozvolu za preprodavce; potrebna je pisana saglasnost SATA (ili slike iz SATA PSV dealer shop-a).","sata.com stranica artikla (slika postoji, URL iz manifesta od 2026-09-24 vraća 404 — SATA je premestio media putanje); sata.com/en/legal-notice, /en/terms-conditions, /de-de/agb, /en/service/downloads (nema press/media dozvole) ; zvanični URL iz manifesta: https://www.sata.com/media/6b/4f/21/1788164909/189472_MAIN.WEBP.WEBP",SATA 189472 site:sata.com,sata__sata-conversion-kit-external-cleaning-agent-suction-and-clean-rcs
PRODUCT_IMAGE,SATA,"Nipla za spojku, pakovanje 3 kom. za SATAgraph 1 / 2 / 3 / 4",32615 / 32615 / Art. 32615,/katalog ; /katalog/strana/23 ; /katalog?brend=sata ; /proizvodi/sata-coupling-nipple ; pretraga sajta (isti prikaz kartice),"packshot proizvoda (kartica u katalogu, PDP, srodni proizvodi, pretraga)","Zvanična slika postoji, ali SATA zadržava sva prava i ne objavljuje dozvolu za preprodavce; potrebna je pisana saglasnost SATA (ili slike iz SATA PSV dealer shop-a).","sata.com stranica artikla (slika postoji, URL iz manifesta od 2026-09-24 vraća 404 — SATA je premestio media putanje); sata.com/en/legal-notice, /en/terms-conditions, /de-de/agb, /en/service/downloads (nema press/media dozvole) ; zvanični URL iz manifesta: https://www.sata.com/media/45/ca/ff/1788164911/32615_MAIN.WEBP.WEBP",SATA 32615 site:sata.com,sata__sata-coupling-nipple
PRODUCT_IMAGE,SATA,"Spojka, G 1/8"" unutrašnji navoj za SATA BVD i Spray-Master",53793 / 53793 / Art. 53793,/katalog ; /katalog/strana/23 ; /katalog?brend=sata ; /proizvodi/sata-coupling-with ; pretraga sajta (isti prikaz kartice),"packshot proizvoda (kartica u katalogu, PDP, srodni proizvodi, pretraga)","Zvanična slika postoji, ali SATA zadržava sva prava i ne objavljuje dozvolu za preprodavce; potrebna je pisana saglasnost SATA (ili slike iz SATA PSV dealer shop-a).","sata.com stranica artikla (slika postoji, URL iz manifesta od 2026-09-24 vraća 404 — SATA je premestio media putanje); sata.com/en/legal-notice, /en/terms-conditions, /de-de/agb, /en/service/downloads (nema press/media dozvole) ; zvanični URL iz manifesta: https://www.sata.com/media/42/0a/e2/1788164912/53793_MAIN.WEBP.WEBP",SATA 53793 site:sata.com,sata__sata-coupling-with
PRODUCT_IMAGE,SATA,"Adapter za čašu QCC, minijet 4, laminiran",129346 / 129346 / Art. 129346,/katalog ; /katalog/strana/23 ; /katalog?brend=sata ; /proizvodi/sata-cup-adapter-qcc-minijet-4-laminated ; pretraga sajta (isti prikaz kartice),"packshot proizvoda (kartica u katalogu, PDP, srodni proizvodi, pretraga)","Zvanična slika postoji, ali SATA zadržava sva prava i ne objavljuje dozvolu za preprodavce; potrebna je pisana saglasnost SATA (ili slike iz SATA PSV dealer shop-a).","sata.com stranica artikla (slika postoji, URL iz manifesta od 2026-09-24 vraća 404 — SATA je premestio media putanje); sata.com/en/legal-notice, /en/terms-conditions, /de-de/agb, /en/service/downloads (nema press/media dozvole) ; zvanični URL iz manifesta: https://www.sata.com/media/b4/24/ab/1788164908/129346_MAIN.WEBP.WEBP",SATA 129346 site:sata.com,sata__sata-cup-adapter-qcc-minijet-4-laminated
PRODUCT_IMAGE,SATA,Marker rastojanja za SATA cert,161661 / 161661 / Art. 161661,/katalog ; /katalog/strana/23 ; /katalog?brend=sata ; /proizvodi/sata-distance-marker ; pretraga sajta (isti prikaz kartice),"packshot proizvoda (kartica u katalogu, PDP, srodni proizvodi, pretraga)","Zvanična slika postoji, ali SATA zadržava sva prava i ne objavljuje dozvolu za preprodavce; potrebna je pisana saglasnost SATA (ili slike iz SATA PSV dealer shop-a).","sata.com stranica artikla (slika postoji, URL iz manifesta od 2026-09-24 vraća 404 — SATA je premestio media putanje); sata.com/en/legal-notice, /en/terms-conditions, /de-de/agb, /en/service/downloads (nema press/media dozvole) ; zvanični URL iz manifesta: https://www.sata.com/media/17/13/c0/1788164914/161661_MAIN.WEBP.WEBP",SATA 161661 site:sata.com,sata__sata-distance-marker
PRODUCT_IMAGE,SATA,Čelična sonda za vrata,2 izvedbe / 16071 1158452,/katalog ; /katalog/strana/23 ; /katalog?brend=sata ; /proizvodi/sata-door-wand-steel ; pretraga sajta (isti prikaz kartice),"packshot proizvoda (kartica u katalogu, PDP, srodni proizvodi, pretraga)","Zvanična slika postoji, ali SATA zadržava sva prava i ne objavljuje dozvolu za preprodavce; potrebna je pisana saglasnost SATA (ili slike iz SATA PSV dealer shop-a).","sata.com stranica artikla (slika postoji, URL iz manifesta od 2026-09-24 vraća 404 — SATA je premestio media putanje); sata.com/en/legal-notice, /en/terms-conditions, /de-de/agb, /en/service/downloads (nema press/media dozvole) ; zvanični URL iz manifesta: https://www.sata.com/media/16/ff/b1/1788164909/16071_MAIN.WEBP.WEBP",SATA 16071 site:sata.com,sata__sata-door-wand-steel
PRODUCT_IMAGE,SATA,"Čelična sonda za vrata sa fleksibilnim vodećim crevom, Ø 8 mm, radna dužina 150 mm, 1000 mm, rotaciona mlaznica 360°, rotacioni mlaz i prskanje napred",196832 / 196832 / Art. 196832,/katalog ; /katalog/strana/23 ; /katalog?brend=sata ; /proizvodi/sata-door-wand-steel-with-flexible-guideway-hose ; pretraga sajta (isti prikaz kartice),"packshot proizvoda (kartica u katalogu, PDP, srodni proizvodi, pretraga)","Zvanična slika postoji, ali SATA zadržava sva prava i ne objavljuje dozvolu za preprodavce; potrebna je pisana saglasnost SATA (ili slike iz SATA PSV dealer shop-a).","sata.com stranica artikla (slika postoji, URL iz manifesta od 2026-09-24 vraća 404 — SATA je premestio media putanje); sata.com/en/legal-notice, /en/terms-conditions, /de-de/agb, /en/service/downloads (nema press/media dozvole) ; zvanični URL iz manifesta: https://www.sata.com/media/1e/4d/62/1788164909/196832_MAIN.WEBP.WEBP",SATA 196832 site:sata.com,sata__sata-door-wand-steel-with-flexible-guideway-hose
PRODUCT_IMAGE,SATA,"SATA dosenboy, to cut out can lids from cans up to 36 cm height",59675 / 59675 / Art. 59675,/katalog ; /katalog/strana/23 ; /katalog?brend=sata ; /proizvodi/sata-dosenboy-to-cut-out-can-lids-from-cans-up-to-height ; pretraga sajta (isti prikaz kartice),"packshot proizvoda (kartica u katalogu, PDP, srodni proizvodi, pretraga)","Zvanična slika postoji, ali SATA zadržava sva prava i ne objavljuje dozvolu za preprodavce; potrebna je pisana saglasnost SATA (ili slike iz SATA PSV dealer shop-a).","sata.com stranica artikla (slika postoji, URL iz manifesta od 2026-09-24 vraća 404 — SATA je premestio media putanje); sata.com/en/legal-notice, /en/terms-conditions, /de-de/agb, /en/service/downloads (nema press/media dozvole) ; zvanični URL iz manifesta: https://www.sata.com/media/34/0a/75/1788164914/59675_MAIN.WEBP.WEBP",SATA 59675 site:sata.com,sata__sata-dosenboy-to-cut-out-can-lids-from-cans-up-to-height
PRODUCT_IMAGE,SATA,Usisna jedinica sa dve cevi i brzom spojkom za mašinu za pranje pištolja SATA multi-clean,45864 / 45864 / Art. 45864,/katalog ; /katalog/strana/23 ; /katalog?brend=sata ; /proizvodi/sata-double-pipe-suction-unit-with-quick-coupling ; pretraga sajta (isti prikaz kartice),"packshot proizvoda (kartica u katalogu, PDP, srodni proizvodi, pretraga)","Zvanična slika postoji, ali SATA zadržava sva prava i ne objavljuje dozvolu za preprodavce; potrebna je pisana saglasnost SATA (ili slike iz SATA PSV dealer shop-a).","sata.com stranica artikla (slika postoji, URL iz manifesta od 2026-09-24 vraća 404 — SATA je premestio media putanje); sata.com/en/legal-notice, /en/terms-conditions, /de-de/agb, /en/service/downloads (nema press/media dozvole) ; zvanični URL iz manifesta: https://www.sata.com/media/e1/70/86/1788164912/45864_MAIN.WEBP.WEBP",SATA 45864 site:sata.com,sata__sata-double-pipe-suction-unit-with-quick-coupling
PRODUCT_IMAGE,SATA,SATA dry jet 2,86165 217489,/katalog ; /katalog/strana/22 ; /katalog?brend=sata ; /proizvodi/sata-dry-jet-2 ; pretraga sajta (isti prikaz kartice),"packshot proizvoda (kartica u katalogu, PDP, srodni proizvodi, pretraga)","Zvanična slika postoji, ali SATA zadržava sva prava i ne objavljuje dozvolu za preprodavce; potrebna je pisana saglasnost SATA (ili slike iz SATA PSV dealer shop-a).","sata.com stranica artikla (slika postoji, URL iz manifesta od 2026-09-24 vraća 404 — SATA je premestio media putanje); sata.com/en/legal-notice, /en/terms-conditions, /de-de/agb, /en/service/downloads (nema press/media dozvole) ; zvanični URL iz manifesta: https://www.sata.com/media/a7/2c/48/1788164854/86165_MAIN.WEBP.WEBP",SATA 86165 site:sata.com,sata__sata-dry-jet-2
PRODUCT_IMAGE,SATA,SATA dry jet Stativ,82198 223008,/katalog ; /katalog/strana/22 ; /katalog?brend=sata ; /proizvodi/sata-dry-jet-stativ ; pretraga sajta (isti prikaz kartice),"packshot proizvoda (kartica u katalogu, PDP, srodni proizvodi, pretraga)","Zvanična slika postoji, ali SATA zadržava sva prava i ne objavljuje dozvolu za preprodavce; potrebna je pisana saglasnost SATA (ili slike iz SATA PSV dealer shop-a).","sata.com stranica artikla (slika postoji, URL iz manifesta od 2026-09-24 vraća 404 — SATA je premestio media putanje); sata.com/en/legal-notice, /en/terms-conditions, /de-de/agb, /en/service/downloads (nema press/media dozvole) ; zvanični URL iz manifesta: https://www.sata.com/media/b2/c8/de/1788164854/82198_MAIN.WEBP.WEBP",SATA 82198 site:sata.com,sata__sata-dry-jet-stativ
PRODUCT_IMAGE,SATA,Nastavci sa mlaznicom za SATAjet 1000 B,15 izvedbi / 154211 154229 154237 154252 154260 154278 154294 154302 154310 178533 185520 196162 196170 196188 197269,/katalog ; /katalog/strana/23 ; /katalog?brend=sata ; /proizvodi/sata-extension-with-jet-1000-b ; /proizvodi/satajet-1000-b ; pretraga sajta (isti prikaz kartice),"packshot proizvoda (kartica u katalogu, PDP, srodni proizvodi, pretraga)","Zvanična slika postoji, ali SATA zadržava sva prava i ne objavljuje dozvolu za preprodavce; potrebna je pisana saglasnost SATA (ili slike iz SATA PSV dealer shop-a).","sata.com stranica artikla (slika postoji, URL iz manifesta od 2026-09-24 vraća 404 — SATA je premestio media putanje); sata.com/en/legal-notice, /en/terms-conditions, /de-de/agb, /en/service/downloads (nema press/media dozvole) ; zvanični URL iz manifesta: https://www.sata.com/media/fc/83/c4/1788164906/154211_MAIN.WEBP.WEBP",SATA 154211 site:sata.com,sata__sata-extension-with-jet-1000-b
PRODUCT_IMAGE,SATA,Nastavci sa mlaznicom za SATAjet 1000 K,12 izvedbi / 154435 154443 154450 154476 154484 154492 154518 154526 154534 154559 154567 154575,/katalog ; /katalog/strana/23 ; /katalog?brend=sata ; /proizvodi/sata-extension-with-jet-1000-k ; /proizvodi/satajet-1000-k ; pretraga sajta (isti prikaz kartice),"packshot proizvoda (kartica u katalogu, PDP, srodni proizvodi, pretraga)","Zvanična slika postoji, ali SATA zadržava sva prava i ne objavljuje dozvolu za preprodavce; potrebna je pisana saglasnost SATA (ili slike iz SATA PSV dealer shop-a).","sata.com stranica artikla (slika postoji, URL iz manifesta od 2026-09-24 vraća 404 — SATA je premestio media putanje); sata.com/en/legal-notice, /en/terms-conditions, /de-de/agb, /en/service/downloads (nema press/media dozvole) ; zvanični URL iz manifesta: https://www.sata.com/media/a4/ca/d2/1788164906/154435_MAIN.WEBP.WEBP",SATA 154435 site:sata.com,sata__sata-extension-with-jet-1000-k
PRODUCT_IMAGE,SATA,"SATA Fibre air hose, 2.5 m long with G 1/4"" (female thread), mini quick coupling for SATAgraph 1 / 2 / 3 (jet 20 B)",134791 / 134791 / Art. 134791,/katalog ; /katalog/strana/23 ; /katalog?brend=sata ; /proizvodi/sata-fibre-air-hose-with-mini-quick-coupling ; pretraga sajta (isti prikaz kartice),"packshot proizvoda (kartica u katalogu, PDP, srodni proizvodi, pretraga)","Zvanična slika postoji, ali SATA zadržava sva prava i ne objavljuje dozvolu za preprodavce; potrebna je pisana saglasnost SATA (ili slike iz SATA PSV dealer shop-a).","sata.com stranica artikla (slika postoji, URL iz manifesta od 2026-09-24 vraća 404 — SATA je premestio media putanje); sata.com/en/legal-notice, /en/terms-conditions, /de-de/agb, /en/service/downloads (nema press/media dozvole) ; zvanični URL iz manifesta: https://www.sata.com/media/91/15/e8/1788164910/134791_MAIN.WEBP.WEBP",SATA 134791 site:sata.com,sata__sata-fibre-air-hose-with-mini-quick-coupling
PRODUCT_IMAGE,SATA,"Fleksibilna nipla za brzu spojku, G 1/4"" unutrašnji navoj",99895 / 99895 / Art. 99895,/katalog ; /katalog/strana/23 ; /katalog?brend=sata ; /proizvodi/sata-flexible-quick-coupling-nipple ; pretraga sajta (isti prikaz kartice),"packshot proizvoda (kartica u katalogu, PDP, srodni proizvodi, pretraga)","Zvanična slika postoji, ali SATA zadržava sva prava i ne objavljuje dozvolu za preprodavce; potrebna je pisana saglasnost SATA (ili slike iz SATA PSV dealer shop-a).","sata.com stranica artikla (slika postoji, URL iz manifesta od 2026-09-24 vraća 404 — SATA je premestio media putanje); sata.com/en/legal-notice, /en/terms-conditions, /de-de/agb, /en/service/downloads (nema press/media dozvole) ; zvanični URL iz manifesta: https://www.sata.com/media/e7/91/a0/1788164912/99895_MAIN.WEBP.WEBP",SATA 99895 site:sata.com,sata__sata-flexible-quick-coupling-nipple
PRODUCT_IMAGE,SATA,Penasti uložak,1013151 / 1013151 / Art. 1013151,/katalog ; /katalog/strana/23 ; /katalog?brend=sata ; /proizvodi/sata-foam-inlay-with-pinched-inlay-truesun ; /proizvodi/sata-truesun ; pretraga sajta (isti prikaz kartice),"packshot proizvoda (kartica u katalogu, PDP, srodni proizvodi, pretraga)","Zvanična slika postoji, ali SATA zadržava sva prava i ne objavljuje dozvolu za preprodavce; potrebna je pisana saglasnost SATA (ili slike iz SATA PSV dealer shop-a).","sata.com stranica artikla (slika postoji, URL iz manifesta od 2026-09-24 vraća 404 — SATA je premestio media putanje); sata.com/en/legal-notice, /en/terms-conditions, /de-de/agb, /en/service/downloads (nema press/media dozvole) ; zvanični URL iz manifesta: https://www.sata.com/media/e9/68/e9/1788164914/1013151_MAIN.WEBP.WEBP",SATA 1013151 site:sata.com,sata__sata-foam-inlay-with-pinched-inlay-truesun
PRODUCT_IMAGE,SATA,Brza spojka sa slobodnim prolazom,8359 / 8359 / Art. 8359,/katalog ; /katalog/strana/23 ; /katalog?brend=sata ; /proizvodi/sata-free-passage-type-quick-coupling-hrs ; /proizvodi/sata-hrs ; pretraga sajta (isti prikaz kartice),"packshot proizvoda (kartica u katalogu, PDP, srodni proizvodi, pretraga)","Zvanična slika postoji, ali SATA zadržava sva prava i ne objavljuje dozvolu za preprodavce; potrebna je pisana saglasnost SATA (ili slike iz SATA PSV dealer shop-a).","sata.com stranica artikla (slika postoji, URL iz manifesta od 2026-09-24 vraća 404 — SATA je premestio media putanje); sata.com/en/legal-notice, /en/terms-conditions, /de-de/agb, /en/service/downloads (nema press/media dozvole) ; zvanični URL iz manifesta: https://www.sata.com/media/82/96/db/1788164913/8359_MAIN.WEBP.WEBP",SATA 8359 site:sata.com,sata__sata-free-passage-type-quick-coupling-hrs
PRODUCT_IMAGE,SATA,SATA držač za pištolje sa gornjom čašom,9886 / 9886 / Art. 9886,/katalog ; /katalog/strana/24 ; /katalog?brend=sata ; /proizvodi/sata-gravity-gun-holder ; pretraga sajta (isti prikaz kartice),"packshot proizvoda (kartica u katalogu, PDP, srodni proizvodi, pretraga)","Zvanična slika postoji, ali SATA zadržava sva prava i ne objavljuje dozvolu za preprodavce; potrebna je pisana saglasnost SATA (ili slike iz SATA PSV dealer shop-a).","sata.com stranica artikla (slika postoji, URL iz manifesta od 2026-09-24 vraća 404 — SATA je premestio media putanje); sata.com/en/legal-notice, /en/terms-conditions, /de-de/agb, /en/service/downloads (nema press/media dozvole) ; zvanični URL iz manifesta: https://www.sata.com/media/07/d5/c6/1788164905/9886_MAIN.WEBP.WEBP",SATA 9886 site:sata.com,sata__sata-gravity-gun-holder
PRODUCT_IMAGE,SATA,Podna ploča,197723 / 197723 / Art. 197723,/katalog ; /katalog/strana/24 ; /katalog?brend=sata ; /proizvodi/sata-ground-plate-rps-the-original ; /proizvodi/sata-rps-the-original ; pretraga sajta (isti prikaz kartice),"packshot proizvoda (kartica u katalogu, PDP, srodni proizvodi, pretraga)","Zvanična slika postoji, ali SATA zadržava sva prava i ne objavljuje dozvolu za preprodavce; potrebna je pisana saglasnost SATA (ili slike iz SATA PSV dealer shop-a).","sata.com stranica artikla (slika postoji, URL iz manifesta od 2026-09-24 vraća 404 — SATA je premestio media putanje); sata.com/en/legal-notice, /en/terms-conditions, /de-de/agb, /en/service/downloads (nema press/media dozvole) ; zvanični URL iz manifesta: https://www.sata.com/media/b7/56/1d/1788164908/197723_MAIN.WEBP.WEBP",SATA 197723 site:sata.com,sata__sata-ground-plate-rps-the-original
PRODUCT_IMAGE,SATA,"SATA mast visokih performansi za pištolje, bez silikona i kiselina, 100 ml",48173 / 48173 / Art. 48173,/katalog ; /katalog/strana/24 ; /katalog?brend=sata ; /proizvodi/sata-high-performance-grease-silicone-and-acid-free-100 ; pretraga sajta (isti prikaz kartice),"packshot proizvoda (kartica u katalogu, PDP, srodni proizvodi, pretraga)","Zvanična slika postoji, ali SATA zadržava sva prava i ne objavljuje dozvolu za preprodavce; potrebna je pisana saglasnost SATA (ili slike iz SATA PSV dealer shop-a).","sata.com stranica artikla (slika postoji, URL iz manifesta od 2026-09-24 vraća 404 — SATA je premestio media putanje); sata.com/en/legal-notice, /en/terms-conditions, /de-de/agb, /en/service/downloads (nema press/media dozvole) ; zvanični URL iz manifesta: https://www.sata.com/media/8c/e6/86/1788164914/48173_MAIN.WEBP.WEBP",SATA 48173 site:sata.com,sata__sata-high-performance-grease-silicone-and-acid-free-100
PRODUCT_IMAGE,SATA,SATA HKU,14555 34389,/katalog ; /katalog/strana/22 ; /katalog?brend=sata ; /proizvodi/sata-hku ; pretraga sajta (isti prikaz kartice),"packshot proizvoda (kartica u katalogu, PDP, srodni proizvodi, pretraga)","Zvanična slika postoji, ali SATA zadržava sva prava i ne objavljuje dozvolu za preprodavce; potrebna je pisana saglasnost SATA (ili slike iz SATA PSV dealer shop-a).","sata.com stranica artikla (slika postoji, URL iz manifesta od 2026-09-24 vraća 404 — SATA je premestio media putanje); sata.com/en/legal-notice, /en/terms-conditions, /de-de/agb, /en/service/downloads (nema press/media dozvole) ; zvanični URL iz manifesta: https://www.sata.com/media/3a/a4/8c/1788164805/14555_MAIN.WEBP.WEBP",SATA 14555 site:sata.com,sata__sata-hku
PRODUCT_IMAGE,SATA,"Kukasta sonda, priključak II",54460 / 54460 / Art. 54460,/katalog ; /katalog/strana/24 ; /katalog?brend=sata ; /proizvodi/sata-hook-wand-connection-ii ; pretraga sajta (isti prikaz kartice),"packshot proizvoda (kartica u katalogu, PDP, srodni proizvodi, pretraga)","Zvanična slika postoji, ali SATA zadržava sva prava i ne objavljuje dozvolu za preprodavce; potrebna je pisana saglasnost SATA (ili slike iz SATA PSV dealer shop-a).","sata.com stranica artikla (slika postoji, URL iz manifesta od 2026-09-24 vraća 404 — SATA je premestio media putanje); sata.com/en/legal-notice, /en/terms-conditions, /de-de/agb, /en/service/downloads (nema press/media dozvole) ; zvanični URL iz manifesta: https://www.sata.com/media/23/95/68/1788164909/54460_MAIN.WEBP.WEBP",SATA 54460 site:sata.com,sata__sata-hook-wand-connection-ii
PRODUCT_IMAGE,SATA,"Crevo, pakovanje 2 kom.",147025 / 147025 / Art. 147025,/katalog ; /katalog/strana/24 ; /katalog?brend=sata ; /proizvodi/sata-clean-rcs ; /proizvodi/sata-hose-clean-rcs ; pretraga sajta (isti prikaz kartice),"packshot proizvoda (kartica u katalogu, PDP, srodni proizvodi, pretraga)",SATA ne objavljuje sliku ovog pribora; vlasnik je ranije prihvatio placeholder (pribor faze 2).,"sata.com stranica artikla (slika postoji, URL iz manifesta od 2026-09-24 vraća 404 — SATA je premestio media putanje); sata.com/en/legal-notice, /en/terms-conditions, /de-de/agb, /en/service/downloads (nema press/media dozvole)",SATA 147025 site:sata.com,sata__sata-hose-clean-rcs
PRODUCT_IMAGE,SATA,SATA par creva za SATA mini Set 2,2 izvedbe / 19869 187708,/katalog ; /katalog/strana/24 ; /katalog?brend=sata ; /proizvodi/sata-hose-pair-mini-set-2 ; /proizvodi/sata-mini-set-2 ; pretraga sajta (isti prikaz kartice),"packshot proizvoda (kartica u katalogu, PDP, srodni proizvodi, pretraga)","Zvanična slika postoji, ali SATA zadržava sva prava i ne objavljuje dozvolu za preprodavce; potrebna je pisana saglasnost SATA (ili slike iz SATA PSV dealer shop-a).","sata.com stranica artikla (slika postoji, URL iz manifesta od 2026-09-24 vraća 404 — SATA je premestio media putanje); sata.com/en/legal-notice, /en/terms-conditions, /de-de/agb, /en/service/downloads (nema press/media dozvole) ; zvanični URL iz manifesta: https://www.sata.com/media/c3/86/16/1788164911/19869_MAIN.WEBP.WEBP",SATA 19869 site:sata.com,sata__sata-hose-pair-mini-set-2
PRODUCT_IMAGE,SATA,SATA par creva za SATA vario top spray,9 izvedbi / 77834 77842 77859 147504 147512 147520 187716 187724 187732,/katalog ; /katalog/strana/24 ; /katalog?brend=sata ; /proizvodi/sata-hose-pair-vario-top-spray ; /proizvodi/sata-vario-top-spray ; pretraga sajta (isti prikaz kartice),"packshot proizvoda (kartica u katalogu, PDP, srodni proizvodi, pretraga)","Zvanična slika postoji, ali SATA zadržava sva prava i ne objavljuje dozvolu za preprodavce; potrebna je pisana saglasnost SATA (ili slike iz SATA PSV dealer shop-a).","sata.com stranica artikla (slika postoji, URL iz manifesta od 2026-09-24 vraća 404 — SATA je premestio media putanje); sata.com/en/legal-notice, /en/terms-conditions, /de-de/agb, /en/service/downloads (nema press/media dozvole) ; zvanični URL iz manifesta: https://www.sata.com/media/a2/5f/e3/1788164911/77834_MAIN.WEBP.WEBP",SATA 77834 site:sata.com,sata__sata-hose-pair-vario-top-spray
PRODUCT_IMAGE,SATA,SATA HRS,9795 11072 11858 12658 24018,/katalog ; /katalog/strana/22 ; /katalog?brend=sata ; /proizvodi/sata-1-0-l-aluminium-pressure-pot-max-pressure-10-bar-hrs ; /proizvodi/sata-free-passage-type-quick-coupling-hrs ; /proizvodi/sata-hrs ; pretraga sajta (isti prikaz kartice),"packshot proizvoda (kartica u katalogu, PDP, srodni proizvodi, pretraga)","Zvanična slika postoji, ali SATA zadržava sva prava i ne objavljuje dozvolu za preprodavce; potrebna je pisana saglasnost SATA (ili slike iz SATA PSV dealer shop-a).","sata.com stranica artikla (slika postoji, URL iz manifesta od 2026-09-24 vraća 404 — SATA je premestio media putanje); sata.com/en/legal-notice, /en/terms-conditions, /de-de/agb, /en/service/downloads (nema press/media dozvole) ; zvanični URL iz manifesta: https://www.sata.com/media/67/f6/e1/1788164854/9795_MAIN.WEBP.WEBP",SATA 9795 site:sata.com,sata__sata-hrs
PRODUCT_IMAGE,SATA,SATA HRS-E,77347 172882 207290 1044825,/katalog ; /katalog/strana/22 ; /katalog?brend=sata ; /proizvodi/sata-hrs-e ; pretraga sajta (isti prikaz kartice),"packshot proizvoda (kartica u katalogu, PDP, srodni proizvodi, pretraga)","Zvanična slika postoji, ali SATA zadržava sva prava i ne objavljuje dozvolu za preprodavce; potrebna je pisana saglasnost SATA (ili slike iz SATA PSV dealer shop-a).","sata.com stranica artikla (slika postoji, URL iz manifesta od 2026-09-24 vraća 404 — SATA je premestio media putanje); sata.com/en/legal-notice, /en/terms-conditions, /de-de/agb, /en/service/downloads (nema press/media dozvole) ; zvanični URL iz manifesta: https://www.sata.com/media/41/c5/3c/1788164853/77347_MAIN.WEBP.WEBP",SATA 77347 site:sata.com,sata__sata-hrs-e
PRODUCT_IMAGE,SATA,Uložak za držač pištolja sa držačem sita za SATAminijet,134932 / 134932 / Art. 134932,/katalog ; /katalog/strana/24 ; /katalog?brend=sata ; /proizvodi/sata-insert ; pretraga sajta (isti prikaz kartice),"packshot proizvoda (kartica u katalogu, PDP, srodni proizvodi, pretraga)","Zvanična slika postoji, ali SATA zadržava sva prava i ne objavljuje dozvolu za preprodavce; potrebna je pisana saglasnost SATA (ili slike iz SATA PSV dealer shop-a).","sata.com stranica artikla (slika postoji, URL iz manifesta od 2026-09-24 vraća 404 — SATA je premestio media putanje); sata.com/en/legal-notice, /en/terms-conditions, /de-de/agb, /en/service/downloads (nema press/media dozvole) ; zvanični URL iz manifesta: https://www.sata.com/media/24/24/76/1788164906/134932_MAIN.WEBP.WEBP",SATA 134932 site:sata.com,sata__sata-insert
PRODUCT_IMAGE,SATA,Uložna fioka za mokru posudu SATA clean,67942 / 67942 / Art. 67942,/katalog ; /katalog/strana/24 ; /katalog?brend=sata ; /proizvodi/sata-insertion-drawer ; pretraga sajta (isti prikaz kartice),"packshot proizvoda (kartica u katalogu, PDP, srodni proizvodi, pretraga)","Zvanična slika postoji, ali SATA zadržava sva prava i ne objavljuje dozvolu za preprodavce; potrebna je pisana saglasnost SATA (ili slike iz SATA PSV dealer shop-a).","sata.com stranica artikla (slika postoji, URL iz manifesta od 2026-09-24 vraća 404 — SATA je premestio media putanje); sata.com/en/legal-notice, /en/terms-conditions, /de-de/agb, /en/service/downloads (nema press/media dozvole) ; zvanični URL iz manifesta: https://www.sata.com/media/51/7e/12/1788164906/67942_MAIN.WEBP.WEBP",SATA 67942 site:sata.com,sata__sata-insertion-drawer
PRODUCT_IMAGE,SATA,"Međukomad za priključak materijala, G 1/4"" unutrašnji navoj, 3/8"" spoljašnji navoj",191551 / 191551 / Art. 191551,/katalog ; /katalog/strana/24 ; /katalog?brend=sata ; /proizvodi/sata-intermediate-piece-and-for-material-connection ; pretraga sajta (isti prikaz kartice),"packshot proizvoda (kartica u katalogu, PDP, srodni proizvodi, pretraga)","Zvanična slika postoji, ali SATA zadržava sva prava i ne objavljuje dozvolu za preprodavce; potrebna je pisana saglasnost SATA (ili slike iz SATA PSV dealer shop-a).","sata.com stranica artikla (slika postoji, URL iz manifesta od 2026-09-24 vraća 404 — SATA je premestio media putanje); sata.com/en/legal-notice, /en/terms-conditions, /de-de/agb, /en/service/downloads (nema press/media dozvole) ; zvanični URL iz manifesta: https://www.sata.com/media/f7/ee/ff/1788164908/191551_MAIN.WEBP.WEBP",SATA 191551 site:sata.com,sata__sata-intermediate-piece-and-for-material-connection
PRODUCT_IMAGE,SATA,SATA jet K,1238840 1238866 1238874 1238882 1238890 1238907 1238915 1238923 1238931 1238949 1238981 1238999 1239004 1239012 1239020 1239038 1239046 1255224 1255258 1255266 1255521 1255539 1255547 1255563 1255589 1255860 1255919 1255927 1255935 1255943 1255951 1255969 1255977 1257519 1257527,/katalog ; /katalog/strana/22 ; /katalog?brend=sata ; /proizvodi/sata-jet-k ; pretraga sajta (isti prikaz kartice),"packshot proizvoda (kartica u katalogu, PDP, srodni proizvodi, pretraga)","Zvanična slika postoji, ali SATA zadržava sva prava i ne objavljuje dozvolu za preprodavce; potrebna je pisana saglasnost SATA (ili slike iz SATA PSV dealer shop-a).","sata.com stranica artikla (slika postoji, URL iz manifesta od 2026-09-24 vraća 404 — SATA je premestio media putanje); sata.com/en/legal-notice, /en/terms-conditions, /de-de/agb, /en/service/downloads (nema press/media dozvole) ; zvanični URL iz manifesta: https://www.sata.com/media/ea/87/17/1788164842/1238840_MAIN.WEBP.WEBP",SATA 1238840 site:sata.com,sata__sata-jet-k
PRODUCT_IMAGE,SATA,SATA jet X,1200013 1200021 1200039 1200047 1200055 1200063 1200071 1200089 1200097 1200104 1200112 1200120 1200138 1200146 1200154 1200162 1200170 1200188 1200196 1200203 1200211 1200229 1200237 1200245 1200253 1200261 1200279 1200287 1200295 1200302 1200310 1200328 1200336 1200344 1200352 1200360 1200378 1200386 1200394 1200401 1200419 1200427 1200435 1200443 1200451 1200469 1200477 1200485 1200493 1200500 1200518 1200526 1200534 1200542 1200550 1200568 1200576 1200584 1201938 1201946 1201954 1201962 1201970 1201988 1215583 1215591 1215608 1215616,/katalog ; /katalog/strana/22 ; /katalog?brend=sata ; /proizvodi/sata-air-cap-protector ; /proizvodi/sata-jet-x ; /proizvodi/sata-qmr-quick-material-regulator ; pretraga sajta (isti prikaz kartice),"packshot proizvoda (kartica u katalogu, PDP, srodni proizvodi, pretraga)","Zvanična slika postoji, ali SATA zadržava sva prava i ne objavljuje dozvolu za preprodavce; potrebna je pisana saglasnost SATA (ili slike iz SATA PSV dealer shop-a).","sata.com stranica artikla (slika postoji, URL iz manifesta od 2026-09-24 vraća 404 — SATA je premestio media putanje); sata.com/en/legal-notice, /en/terms-conditions, /de-de/agb, /en/service/downloads (nema press/media dozvole) ; zvanični URL iz manifesta: https://www.sata.com/media/c6/99/72/1788164823/1200013_MAIN.WEBP.WEBP",SATA 1200013 site:sata.com,sata__sata-jet-x
PRODUCT_IMAGE,SATA,SATA jet X basecoat Edition,1267021 1267089 1267097 1267146 1267170 1267295 1267344 1267352 1267451 1267485 1267493 1267500 1267518 1267526 1267534 1267542 1268847,/katalog ; /katalog/strana/22 ; /katalog?brend=sata ; /proizvodi/sata-jet-x-basecoat-edition ; pretraga sajta (isti prikaz kartice),"packshot proizvoda (kartica u katalogu, PDP, srodni proizvodi, pretraga)","Zvanična slika postoji, ali SATA zadržava sva prava i ne objavljuje dozvolu za preprodavce; potrebna je pisana saglasnost SATA (ili slike iz SATA PSV dealer shop-a).","sata.com stranica artikla (slika postoji, URL iz manifesta od 2026-09-24 vraća 404 — SATA je premestio media putanje); sata.com/en/legal-notice, /en/terms-conditions, /de-de/agb, /en/service/downloads (nema press/media dozvole) ; zvanični URL iz manifesta: https://www.sata.com/media/96/a9/39/1788164809/1267021_MAIN.WEBP.WEBP",SATA 1267021 site:sata.com,sata__sata-jet-x-basecoat-edition
PRODUCT_IMAGE,SATA,SATA jet X by Stilbruch Edition,1266528 1266651 1266669 1266677 1266734 1266742 1266750 1266768 1266776 1266784 1266792 1266809 1266817 1266825 1266859 1266867 1266875,/katalog ; /katalog/strana/22 ; /katalog?brend=sata ; /proizvodi/sata-jet-x-by-stilbruch-edition ; pretraga sajta (isti prikaz kartice),"packshot proizvoda (kartica u katalogu, PDP, srodni proizvodi, pretraga)","Zvanična slika postoji, ali SATA zadržava sva prava i ne objavljuje dozvolu za preprodavce; potrebna je pisana saglasnost SATA (ili slike iz SATA PSV dealer shop-a).","sata.com stranica artikla (slika postoji, URL iz manifesta od 2026-09-24 vraća 404 — SATA je premestio media putanje); sata.com/en/legal-notice, /en/terms-conditions, /de-de/agb, /en/service/downloads (nema press/media dozvole) ; zvanični URL iz manifesta: https://www.sata.com/media/f5/49/4d/1788164812/1266528_MAIN.WEBP.WEBP",SATA 1266528 site:sata.com,sata__sata-jet-x-by-stilbruch-edition
PRODUCT_IMAGE,SATA,SATA jet X clearcoat Edition,1266891 1266924 1266932 1266940 1266958,/katalog ; /katalog/strana/22 ; /katalog?brend=sata ; /proizvodi/sata-jet-x-clearcoat-edition ; pretraga sajta (isti prikaz kartice),"packshot proizvoda (kartica u katalogu, PDP, srodni proizvodi, pretraga)","Zvanična slika postoji, ali SATA zadržava sva prava i ne objavljuje dozvolu za preprodavce; potrebna je pisana saglasnost SATA (ili slike iz SATA PSV dealer shop-a).","sata.com stranica artikla (slika postoji, URL iz manifesta od 2026-09-24 vraća 404 — SATA je premestio media putanje); sata.com/en/legal-notice, /en/terms-conditions, /de-de/agb, /en/service/downloads (nema press/media dozvole) ; zvanični URL iz manifesta: https://www.sata.com/media/75/da/14/1788164808/1266891_MAIN.WEBP.WEBP",SATA 1266891 site:sata.com,sata__sata-jet-x-clearcoat-edition
PRODUCT_IMAGE,SATA,SATA Kofer za pištolj za lakiranje,1172 153288 1222851 1223445 1230078 1231365 1231381 1231886,/katalog ; /katalog/strana/22 ; /katalog?brend=sata ; /proizvodi/sata-lackierpistolenkoffer ; pretraga sajta (isti prikaz kartice),"packshot proizvoda (kartica u katalogu, PDP, srodni proizvodi, pretraga)","Zvanična slika postoji, ali SATA zadržava sva prava i ne objavljuje dozvolu za preprodavce; potrebna je pisana saglasnost SATA (ili slike iz SATA PSV dealer shop-a).","sata.com stranica artikla (slika postoji, URL iz manifesta od 2026-09-24 vraća 404 — SATA je premestio media putanje); sata.com/en/legal-notice, /en/terms-conditions, /de-de/agb, /en/service/downloads (nema press/media dozvole) ; zvanični URL iz manifesta: https://www.sata.com/media/9e/d5/54/1788164907/153288_MAIN.WEBP.WEBP",SATA 1172 site:sata.com,sata__sata-lackierpistolenkoffer
PRODUCT_IMAGE,SATA,SATA LCS - the Liner,1195818 1195826 1195834 1195850 1195868 1195876 1239476 1239525,/katalog ; /katalog/strana/22 ; /katalog?brend=sata ; /proizvodi/sata-lcs-the-liner ; pretraga sajta (isti prikaz kartice),"packshot proizvoda (kartica u katalogu, PDP, srodni proizvodi, pretraga)","Zvanična slika postoji, ali SATA zadržava sva prava i ne objavljuje dozvolu za preprodavce; potrebna je pisana saglasnost SATA (ili slike iz SATA PSV dealer shop-a).","sata.com stranica artikla (slika postoji, URL iz manifesta od 2026-09-24 vraća 404 — SATA je premestio media putanje); sata.com/en/legal-notice, /en/terms-conditions, /de-de/agb, /en/service/downloads (nema press/media dozvole) ; zvanični URL iz manifesta: https://www.sata.com/media/37/0e/2b/1788164848/1195818_MAIN.WEBP.WEBP",SATA 1195818 site:sata.com,sata__sata-lcs-the-liner
PRODUCT_IMAGE,SATA,SATA Mikrometar vazduha,9860 27771 48934,/katalog ; /katalog/strana/22 ; /katalog?brend=sata ; /proizvodi/sata-luftmikrometer ; pretraga sajta (isti prikaz kartice),"packshot proizvoda (kartica u katalogu, PDP, srodni proizvodi, pretraga)","Zvanična slika postoji, ali SATA zadržava sva prava i ne objavljuje dozvolu za preprodavce; potrebna je pisana saglasnost SATA (ili slike iz SATA PSV dealer shop-a).","sata.com stranica artikla (slika postoji, URL iz manifesta od 2026-09-24 vraća 404 — SATA je premestio media putanje); sata.com/en/legal-notice, /en/terms-conditions, /de-de/agb, /en/service/downloads (nema press/media dozvole) ; zvanični URL iz manifesta: https://www.sata.com/media/3d/0a/c5/1788164805/27771_MAIN.WEBP.WEBP",SATA 9860 site:sata.com,sata__sata-luftmikrometer
PRODUCT_IMAGE,SATA,SATA Manometar,4002 18937 18960 19158 22046 22319 25015 25064 48736 62075 74625 123513 156026,/katalog ; /katalog/strana/22 ; /katalog?brend=sata ; /proizvodi/sata-manometer ; pretraga sajta (isti prikaz kartice),"packshot proizvoda (kartica u katalogu, PDP, srodni proizvodi, pretraga)","Zvanična slika postoji, ali SATA zadržava sva prava i ne objavljuje dozvolu za preprodavce; potrebna je pisana saglasnost SATA (ili slike iz SATA PSV dealer shop-a).","sata.com stranica artikla (slika postoji, URL iz manifesta od 2026-09-24 vraća 404 — SATA je premestio media putanje); sata.com/en/legal-notice, /en/terms-conditions, /de-de/agb, /en/service/downloads (nema press/media dozvole) ; zvanični URL iz manifesta: https://www.sata.com/media/72/5a/fb/1788164805/4002_MAIN.WEBP.WEBP",SATA 4002 site:sata.com,sata__sata-manometer
PRODUCT_IMAGE,SATA,"SATA spojka za materijal sa utičnom niplom, 3/8"" spoljašnji navoj, G 3/8"" unutrašnji navoj za SATA pištolje sa dovodom pod pritiskom",91140 / 91140 / Art. 91140,/katalog ; /katalog/strana/24 ; /katalog?brend=sata ; /proizvodi/sata-material-coupling-with-plug-in-nipple ; pretraga sajta (isti prikaz kartice),"packshot proizvoda (kartica u katalogu, PDP, srodni proizvodi, pretraga)","Zvanična slika postoji, ali SATA zadržava sva prava i ne objavljuje dozvolu za preprodavce; potrebna je pisana saglasnost SATA (ili slike iz SATA PSV dealer shop-a).","sata.com stranica artikla (slika postoji, URL iz manifesta od 2026-09-24 vraća 404 — SATA je premestio media putanje); sata.com/en/legal-notice, /en/terms-conditions, /de-de/agb, /en/service/downloads (nema press/media dozvole) ; zvanični URL iz manifesta: https://www.sata.com/media/88/6b/9f/1788164912/91140_MAIN.WEBP.WEBP",SATA 91140 site:sata.com,sata__sata-material-coupling-with-plug-in-nipple
PRODUCT_IMAGE,SATA,SATA crevo za materijal,3 izvedbe / 49155 49999 50161,/katalog ; /katalog/strana/24 ; /katalog?brend=sata ; /proizvodi/sata-material-hose ; pretraga sajta (isti prikaz kartice),"packshot proizvoda (kartica u katalogu, PDP, srodni proizvodi, pretraga)","Zvanična slika postoji, ali SATA zadržava sva prava i ne objavljuje dozvolu za preprodavce; potrebna je pisana saglasnost SATA (ili slike iz SATA PSV dealer shop-a).","sata.com stranica artikla (slika postoji, URL iz manifesta od 2026-09-24 vraća 404 — SATA je premestio media putanje); sata.com/en/legal-notice, /en/terms-conditions, /de-de/agb, /en/service/downloads (nema press/media dozvole) ; zvanični URL iz manifesta: https://www.sata.com/media/40/8e/2b/1788164910/49999_MAIN.WEBP.WEBP",SATA 49155 site:sata.com,sata__sata-material-hose
PRODUCT_IMAGE,SATA,"Crevo za materijal, otporno na rastvarače, 9 x 3.5 mm, rolna 50 m",54114 / 54114 / Art. 54114,/katalog ; /katalog/strana/24 ; /katalog?brend=sata ; /proizvodi/sata-material-hose-solvent-resistant ; pretraga sajta (isti prikaz kartice),"packshot proizvoda (kartica u katalogu, PDP, srodni proizvodi, pretraga)","Zvanična slika postoji, ali SATA zadržava sva prava i ne objavljuje dozvolu za preprodavce; potrebna je pisana saglasnost SATA (ili slike iz SATA PSV dealer shop-a).","sata.com stranica artikla (slika postoji, URL iz manifesta od 2026-09-24 vraća 404 — SATA je premestio media putanje); sata.com/en/legal-notice, /en/terms-conditions, /de-de/agb, /en/service/downloads (nema press/media dozvole) ; zvanični URL iz manifesta: https://www.sata.com/media/66/d4/4a/1788164910/54114_MAIN.WEBP.WEBP",SATA 54114 site:sata.com,sata__sata-material-hose-solvent-resistant
PRODUCT_IMAGE,SATA,SATA material pressure tank 10,1182740 1182815 1182823 1182831 1182849 1182906,/katalog ; /katalog/strana/22 ; /katalog?brend=sata ; /proizvodi/sata-material-pressure-tank-10 ; pretraga sajta (isti prikaz kartice),"packshot proizvoda (kartica u katalogu, PDP, srodni proizvodi, pretraga)","Zvanična slika postoji, ali SATA zadržava sva prava i ne objavljuje dozvolu za preprodavce; potrebna je pisana saglasnost SATA (ili slike iz SATA PSV dealer shop-a).","sata.com stranica artikla (slika postoji, URL iz manifesta od 2026-09-24 vraća 404 — SATA je premestio media putanje); sata.com/en/legal-notice, /en/terms-conditions, /de-de/agb, /en/service/downloads (nema press/media dozvole) ; zvanični URL iz manifesta: https://www.sata.com/media/c6/9f/a5/1788164806/1182740_MAIN.WEBP.WEBP",SATA 1182740 site:sata.com,sata__sata-material-pressure-tank-10
PRODUCT_IMAGE,SATA,SATA material pressure tank 22,1182914 1182922 1182930 1182948 1182956 1182964 1182972 1182980,/katalog ; /katalog/strana/22 ; /katalog?brend=sata ; /proizvodi/sata-material-pressure-tank-22 ; pretraga sajta (isti prikaz kartice),"packshot proizvoda (kartica u katalogu, PDP, srodni proizvodi, pretraga)","Zvanična slika postoji, ali SATA zadržava sva prava i ne objavljuje dozvolu za preprodavce; potrebna je pisana saglasnost SATA (ili slike iz SATA PSV dealer shop-a).","sata.com stranica artikla (slika postoji, URL iz manifesta od 2026-09-24 vraća 404 — SATA je premestio media putanje); sata.com/en/legal-notice, /en/terms-conditions, /de-de/agb, /en/service/downloads (nema press/media dozvole) ; zvanični URL iz manifesta: https://www.sata.com/media/a1/ae/75/1788164857/1182914_MAIN.WEBP.WEBP",SATA 1182914 site:sata.com,sata__sata-material-pressure-tank-22
PRODUCT_IMAGE,SATA,SATA material pressure tank 45,1182998 1183003 1183011 1183029 1183037 1183045 1183053 1183061,/katalog ; /katalog/strana/22 ; /katalog?brend=sata ; /proizvodi/sata-material-pressure-tank-45 ; pretraga sajta (isti prikaz kartice),"packshot proizvoda (kartica u katalogu, PDP, srodni proizvodi, pretraga)","Zvanična slika postoji, ali SATA zadržava sva prava i ne objavljuje dozvolu za preprodavce; potrebna je pisana saglasnost SATA (ili slike iz SATA PSV dealer shop-a).","sata.com stranica artikla (slika postoji, URL iz manifesta od 2026-09-24 vraća 404 — SATA je premestio media putanje); sata.com/en/legal-notice, /en/terms-conditions, /de-de/agb, /en/service/downloads (nema press/media dozvole) ; zvanični URL iz manifesta: https://www.sata.com/media/6a/3f/37/1788164857/1182998_MAIN.WEBP.WEBP",SATA 1182998 site:sata.com,sata__sata-material-pressure-tank-45
PRODUCT_IMAGE,SATA,SATA mini Set 2,21733 56408 57232 83444 120840,/katalog ; /katalog/strana/22 ; /katalog?brend=sata ; /proizvodi/sata-hose-pair-mini-set-2 ; /proizvodi/sata-mini-set-2 ; pretraga sajta (isti prikaz kartice),"packshot proizvoda (kartica u katalogu, PDP, srodni proizvodi, pretraga)","Zvanična slika postoji, ali SATA zadržava sva prava i ne objavljuje dozvolu za preprodavce; potrebna je pisana saglasnost SATA (ili slike iz SATA PSV dealer shop-a).","sata.com stranica artikla (slika postoji, URL iz manifesta od 2026-09-24 vraća 404 — SATA je premestio media putanje); sata.com/en/legal-notice, /en/terms-conditions, /de-de/agb, /en/service/downloads (nema press/media dozvole) ; zvanični URL iz manifesta: https://www.sata.com/media/34/d8/3e/1788164857/56408_MAIN.WEBP.WEBP",SATA 21733 site:sata.com,sata__sata-mini-set-2
PRODUCT_IMAGE,SATA,SATA multi clean 2,38257 / 38257 / Art. 38257,/katalog ; /katalog/strana/22 ; /katalog?brend=sata ; /proizvodi/sata-cleaning-brush ; /proizvodi/sata-multi-clean-2 ; pretraga sajta (isti prikaz kartice),"packshot proizvoda (kartica u katalogu, PDP, srodni proizvodi, pretraga)","Zvanična slika postoji, ali SATA zadržava sva prava i ne objavljuje dozvolu za preprodavce; potrebna je pisana saglasnost SATA (ili slike iz SATA PSV dealer shop-a).","sata.com stranica artikla (slika postoji, URL iz manifesta od 2026-09-24 vraća 404 — SATA je premestio media putanje); sata.com/en/legal-notice, /en/terms-conditions, /de-de/agb, /en/service/downloads (nema press/media dozvole) ; zvanični URL iz manifesta: https://www.sata.com/media/53/6f/7f/1788164805/38257_MAIN.WEBP.WEBP",SATA 38257 site:sata.com,sata__sata-multi-clean-2
PRODUCT_IMAGE,SATA,Nipla za SATA brzu spojku,3 izvedbe / 13508 13516 13524,/katalog ; /katalog/strana/24 ; /katalog?brend=sata ; /proizvodi/sata-nipple ; pretraga sajta (isti prikaz kartice),"packshot proizvoda (kartica u katalogu, PDP, srodni proizvodi, pretraga)","Zvanična slika postoji, ali SATA zadržava sva prava i ne objavljuje dozvolu za preprodavce; potrebna je pisana saglasnost SATA (ili slike iz SATA PSV dealer shop-a).","sata.com stranica artikla (slika postoji, URL iz manifesta od 2026-09-24 vraća 404 — SATA je premestio media putanje); sata.com/en/legal-notice, /en/terms-conditions, /de-de/agb, /en/service/downloads (nema press/media dozvole) ; zvanični URL iz manifesta: https://www.sata.com/media/cd/8e/89/1788164911/13508_MAIN.WEBP.WEBP",SATA 13508 site:sata.com,sata__sata-nipple
PRODUCT_IMAGE,SATA,Nipla sa okretnom navrtkom za spojku za materijal,91108 / 91108 / Art. 91108,/katalog ; /katalog/strana/24 ; /katalog?brend=sata ; /proizvodi/sata-nipple-with-swivel-nut ; pretraga sajta (isti prikaz kartice),"packshot proizvoda (kartica u katalogu, PDP, srodni proizvodi, pretraga)","Zvanična slika postoji, ali SATA zadržava sva prava i ne objavljuje dozvolu za preprodavce; potrebna je pisana saglasnost SATA (ili slike iz SATA PSV dealer shop-a).","sata.com stranica artikla (slika postoji, URL iz manifesta od 2026-09-24 vraća 404 — SATA je premestio media putanje); sata.com/en/legal-notice, /en/terms-conditions, /de-de/agb, /en/service/downloads (nema press/media dozvole) ; zvanični URL iz manifesta: https://www.sata.com/media/c7/42/53/1788164912/91108_MAIN.WEBP.WEBP",SATA 91108 site:sata.com,sata__sata-nipple-with-swivel-nut
PRODUCT_IMAGE,SATA,"SATA komplet za čišćenje dizni, sa zaptivnim uloškom i kapicom",30833 / 30833 / Art. 30833,/katalog ; /katalog/strana/24 ; /katalog?brend=sata ; /proizvodi/sata-nozzle-cleaning-kit-includes-sealing-insert-and-cap-jet-3000-k-spray-mix ; /proizvodi/satajet-3000-k-spray-mix ; pretraga sajta (isti prikaz kartice),"packshot proizvoda (kartica u katalogu, PDP, srodni proizvodi, pretraga)","Zvanična slika postoji, ali SATA zadržava sva prava i ne objavljuje dozvolu za preprodavce; potrebna je pisana saglasnost SATA (ili slike iz SATA PSV dealer shop-a).","sata.com stranica artikla (slika postoji, URL iz manifesta od 2026-09-24 vraća 404 — SATA je premestio media putanje); sata.com/en/legal-notice, /en/terms-conditions, /de-de/agb, /en/service/downloads (nema press/media dozvole) ; zvanični URL iz manifesta: https://www.sata.com/media/4c/5b/93/1788164914/30833_MAIN.WEBP.WEBP",SATA 30833 site:sata.com,sata__sata-nozzle-cleaning-kit-includes-sealing-insert-and-cap-jet-3000-k-spray-mix
PRODUCT_IMAGE,SATA,SATA igle za čišćenje dizni,2 izvedbe / 9894 62174,/katalog ; /katalog/strana/24 ; /katalog?brend=sata ; /proizvodi/sata-nozzle-cleaning-needles ; pretraga sajta (isti prikaz kartice),"packshot proizvoda (kartica u katalogu, PDP, srodni proizvodi, pretraga)","Zvanična slika postoji, ali SATA zadržava sva prava i ne objavljuje dozvolu za preprodavce; potrebna je pisana saglasnost SATA (ili slike iz SATA PSV dealer shop-a).","sata.com stranica artikla (slika postoji, URL iz manifesta od 2026-09-24 vraća 404 — SATA je premestio media putanje); sata.com/en/legal-notice, /en/terms-conditions, /de-de/agb, /en/service/downloads (nema press/media dozvole) ; zvanični URL iz manifesta: https://www.sata.com/media/6a/32/3b/1788164913/9894_MAIN.WEBP.WEBP",SATA 9894 site:sata.com,sata__sata-nozzle-cleaning-needles
PRODUCT_IMAGE,SATA,SATA set za čišćenje dizni,1112854 / 1112854 / Art. 1112854,/katalog ; /katalog/strana/24 ; /katalog?brend=sata ; /proizvodi/sata-nozzle-cleaning-set-jet-k-1800-spray-mix ; /proizvodi/satajet-k-1800-spray-mix ; pretraga sajta (isti prikaz kartice),"packshot proizvoda (kartica u katalogu, PDP, srodni proizvodi, pretraga)","Zvanična slika postoji, ali SATA zadržava sva prava i ne objavljuje dozvolu za preprodavce; potrebna je pisana saglasnost SATA (ili slike iz SATA PSV dealer shop-a).","sata.com stranica artikla (slika postoji, URL iz manifesta od 2026-09-24 vraća 404 — SATA je premestio media putanje); sata.com/en/legal-notice, /en/terms-conditions, /de-de/agb, /en/service/downloads (nema press/media dozvole) ; zvanični URL iz manifesta: https://www.sata.com/media/0f/09/ae/1788164914/1112854_MAIN.WEBP.WEBP",SATA 1112854 site:sata.com,sata__sata-nozzle-cleaning-set-jet-k-1800-spray-mix
PRODUCT_IMAGE,SATA,"Najlonska sonda, priključak II, 1500 mm",77941 / 77941 / Art. 77941,/katalog ; /katalog/strana/24 ; /katalog?brend=sata ; /proizvodi/sata-nylon-wand-connection-ii ; pretraga sajta (isti prikaz kartice),"packshot proizvoda (kartica u katalogu, PDP, srodni proizvodi, pretraga)","Zvanična slika postoji, ali SATA zadržava sva prava i ne objavljuje dozvolu za preprodavce; potrebna je pisana saglasnost SATA (ili slike iz SATA PSV dealer shop-a).","sata.com stranica artikla (slika postoji, URL iz manifesta od 2026-09-24 vraća 404 — SATA je premestio media putanje); sata.com/en/legal-notice, /en/terms-conditions, /de-de/agb, /en/service/downloads (nema press/media dozvole) ; zvanični URL iz manifesta: https://www.sata.com/media/08/bd/92/1788164909/77941_MAIN.WEBP.WEBP",SATA 77941 site:sata.com,sata__sata-nylon-wand-connection-ii
PRODUCT_IMAGE,SATA,Fleksibilna najlonska sonda,4 izvedbe / 11874 16105 16113 1058826,/katalog ; /katalog/strana/24 ; /katalog?brend=sata ; /proizvodi/sata-nylon-wand-flexible ; pretraga sajta (isti prikaz kartice),"packshot proizvoda (kartica u katalogu, PDP, srodni proizvodi, pretraga)","Zvanična slika postoji, ali SATA zadržava sva prava i ne objavljuje dozvolu za preprodavce; potrebna je pisana saglasnost SATA (ili slike iz SATA PSV dealer shop-a).","sata.com stranica artikla (slika postoji, URL iz manifesta od 2026-09-24 vraća 404 — SATA je premestio media putanje); sata.com/en/legal-notice, /en/terms-conditions, /de-de/agb, /en/service/downloads (nema press/media dozvole) ; zvanični URL iz manifesta: https://www.sata.com/media/66/ac/37/1788164909/11874_MAIN.WEBP.WEBP",SATA 11874 site:sata.com,sata__sata-nylon-wand-flexible
PRODUCT_IMAGE,SATA,"Nylon wand, flexible 1500 long, ø 8 mm, screwable rotary nozzle, 6-hole, spraying slit 0.5 mm",222729 / 222729 / Art. 222729,/katalog ; /katalog/strana/24 ; /katalog?brend=sata ; /proizvodi/sata-nylon-wand-flexible-1500-long-screwable-6-hole ; pretraga sajta (isti prikaz kartice),"packshot proizvoda (kartica u katalogu, PDP, srodni proizvodi, pretraga)","Zvanična slika postoji, ali SATA zadržava sva prava i ne objavljuje dozvolu za preprodavce; potrebna je pisana saglasnost SATA (ili slike iz SATA PSV dealer shop-a).","sata.com stranica artikla (slika postoji, URL iz manifesta od 2026-09-24 vraća 404 — SATA je premestio media putanje); sata.com/en/legal-notice, /en/terms-conditions, /de-de/agb, /en/service/downloads (nema press/media dozvole) ; zvanični URL iz manifesta: https://www.sata.com/media/84/86/31/1788164909/222729_MAIN.WEBP.WEBP",SATA 222729 site:sata.com,sata__sata-nylon-wand-flexible-1500-long-screwable-6-hole
PRODUCT_IMAGE,SATA,"Polukruta najlonska sonda, Ø 6 mm, 1500 mm, rotaciona mlaznica 360°, koso prskanje napred i nazad",51185 / 51185 / Art. 51185,/katalog ; /katalog/strana/24 ; /katalog?brend=sata ; /proizvodi/sata-nylon-wand-semi-rigid ; pretraga sajta (isti prikaz kartice),"packshot proizvoda (kartica u katalogu, PDP, srodni proizvodi, pretraga)","Zvanična slika postoji, ali SATA zadržava sva prava i ne objavljuje dozvolu za preprodavce; potrebna je pisana saglasnost SATA (ili slike iz SATA PSV dealer shop-a).","sata.com stranica artikla (slika postoji, URL iz manifesta od 2026-09-24 vraća 404 — SATA je premestio media putanje); sata.com/en/legal-notice, /en/terms-conditions, /de-de/agb, /en/service/downloads (nema press/media dozvole) ; zvanični URL iz manifesta: https://www.sata.com/media/50/85/cf/1788164909/51185_MAIN.WEBP.WEBP",SATA 51185 site:sata.com,sata__sata-nylon-wand-semi-rigid
PRODUCT_IMAGE,SATA,"Crevo za boju, otporno na rastvarače, 6 x 3 mm, rolna 50 m",61259 / 61259 / Art. 61259,/katalog ; /katalog/strana/24 ; /katalog?brend=sata ; /proizvodi/sata-paint-hose-solvent-resistant ; pretraga sajta (isti prikaz kartice),"packshot proizvoda (kartica u katalogu, PDP, srodni proizvodi, pretraga)",SATA ne objavljuje sliku ovog pribora; vlasnik je ranije prihvatio placeholder (pribor faze 2).,"sata.com stranica artikla (slika postoji, URL iz manifesta od 2026-09-24 vraća 404 — SATA je premestio media putanje); sata.com/en/legal-notice, /en/terms-conditions, /de-de/agb, /en/service/downloads (nema press/media dozvole)",SATA 61259 site:sata.com,sata__sata-paint-hose-solvent-resistant
PRODUCT_IMAGE,SATA,Zaštitni rukavac za par creva,3 izvedbe / 160994 161000 161018,/katalog ; /katalog/strana/24 ; /katalog?brend=sata ; /proizvodi/sata-protective-sleeve ; pretraga sajta (isti prikaz kartice),"packshot proizvoda (kartica u katalogu, PDP, srodni proizvodi, pretraga)","Zvanična slika postoji, ali SATA zadržava sva prava i ne objavljuje dozvolu za preprodavce; potrebna je pisana saglasnost SATA (ili slike iz SATA PSV dealer shop-a).","sata.com stranica artikla (slika postoji, URL iz manifesta od 2026-09-24 vraća 404 — SATA je premestio media putanje); sata.com/en/legal-notice, /en/terms-conditions, /de-de/agb, /en/service/downloads (nema press/media dozvole) ; zvanični URL iz manifesta: https://www.sata.com/media/34/43/a3/1788164911/160994_MAIN.WEBP.WEBP",SATA 160994 site:sata.com,sata__sata-protective-sleeve
PRODUCT_IMAGE,SATA,Boca sa pumpicom za čišćenje (nije za razređivač),127860 / 127860 / Art. 127860,/katalog ; /katalog/strana/24 ; /katalog?brend=sata ; /proizvodi/sata-pump-spray-cleaning-bottle-not-suitable ; pretraga sajta (isti prikaz kartice),"packshot proizvoda (kartica u katalogu, PDP, srodni proizvodi, pretraga)","Zvanična slika postoji, ali SATA zadržava sva prava i ne objavljuje dozvolu za preprodavce; potrebna je pisana saglasnost SATA (ili slike iz SATA PSV dealer shop-a).","sata.com stranica artikla (slika postoji, URL iz manifesta od 2026-09-24 vraća 404 — SATA je premestio media putanje); sata.com/en/legal-notice, /en/terms-conditions, /de-de/agb, /en/service/downloads (nema press/media dozvole) ; zvanični URL iz manifesta: https://www.sata.com/media/4e/a6/c5/1788164914/127860_MAIN.WEBP.WEBP",SATA 127860 site:sata.com,sata__sata-pump-spray-cleaning-bottle-not-suitable
PRODUCT_IMAGE,SATA,"SATA PVC crevo za vazduh sa mini brzom spojkom i niplama, 2 m, G 1/4"" unutrašnji navoj",54353 / 54353 / Art. 54353,/katalog ; /katalog/strana/24 ; /katalog?brend=sata ; /proizvodi/sata-pvc-air-hose-with-mini-quick-coupling-nipple-with-minijet-4400-b ; /proizvodi/sataminijet-4400-b ; pretraga sajta (isti prikaz kartice),"packshot proizvoda (kartica u katalogu, PDP, srodni proizvodi, pretraga)","Zvanična slika postoji, ali SATA zadržava sva prava i ne objavljuje dozvolu za preprodavce; potrebna je pisana saglasnost SATA (ili slike iz SATA PSV dealer shop-a).","sata.com stranica artikla (slika postoji, URL iz manifesta od 2026-09-24 vraća 404 — SATA je premestio media putanje); sata.com/en/legal-notice, /en/terms-conditions, /de-de/agb, /en/service/downloads (nema press/media dozvole) ; zvanični URL iz manifesta: https://www.sata.com/media/56/1f/84/1788164910/54353_MAIN.WEBP.WEBP",SATA 54353 site:sata.com,sata__sata-pvc-air-hose-with-mini-quick-coupling-nipple-with-minijet-4400-b
PRODUCT_IMAGE,SATA,"SATA PVC crevo za komprimovani vazduh sa mini brzom spojkom i niplom, providno, 3 m, G 1/4"" unutrašnji navoj",32987 / 32987 / Art. 32987,/katalog ; /katalog/strana/24 ; /katalog?brend=sata ; /proizvodi/sata-pvc-compressed-air-hose-with-mini-quick-coupling-jet-20-b ; /proizvodi/satajet-20-b ; pretraga sajta (isti prikaz kartice),"packshot proizvoda (kartica u katalogu, PDP, srodni proizvodi, pretraga)","Zvanična slika postoji, ali SATA zadržava sva prava i ne objavljuje dozvolu za preprodavce; potrebna je pisana saglasnost SATA (ili slike iz SATA PSV dealer shop-a).","sata.com stranica artikla (slika postoji, URL iz manifesta od 2026-09-24 vraća 404 — SATA je premestio media putanje); sata.com/en/legal-notice, /en/terms-conditions, /de-de/agb, /en/service/downloads (nema press/media dozvole) ; zvanični URL iz manifesta: https://www.sata.com/media/d7/19/ee/1788164910/32987_MAIN.WEBP.WEBP",SATA 32987 site:sata.com,sata__sata-pvc-compressed-air-hose-with-mini-quick-coupling-jet-20-b
PRODUCT_IMAGE,SATA,SATA QMR (Quick Material Regulator),5 izvedbi / 1162817 1185596 1185603 1186213 1202019,/katalog ; /katalog/strana/24 ; /katalog?brend=sata ; /proizvodi/sata-jet-x ; /proizvodi/sata-qmr-quick-material-regulator ; pretraga sajta (isti prikaz kartice),"packshot proizvoda (kartica u katalogu, PDP, srodni proizvodi, pretraga)","Zvanična slika postoji, ali SATA zadržava sva prava i ne objavljuje dozvolu za preprodavce; potrebna je pisana saglasnost SATA (ili slike iz SATA PSV dealer shop-a).","sata.com stranica artikla (slika postoji, URL iz manifesta od 2026-09-24 vraća 404 — SATA je premestio media putanje); sata.com/en/legal-notice, /en/terms-conditions, /de-de/agb, /en/service/downloads (nema press/media dozvole) ; zvanični URL iz manifesta: https://www.sata.com/media/1e/c7/26/1788164905/1162817_MAIN.WEBP.WEBP",SATA 1162817 site:sata.com,sata__sata-qmr-quick-material-regulator
PRODUCT_IMAGE,SATA,SATA brza spojka,6 izvedbi / 13581 13599 13607 13615 13623 16170,/katalog ; /katalog/strana/24 ; /katalog?brend=sata ; /proizvodi/sata-quick-coupling ; pretraga sajta (isti prikaz kartice),"packshot proizvoda (kartica u katalogu, PDP, srodni proizvodi, pretraga)","Zvanična slika postoji, ali SATA zadržava sva prava i ne objavljuje dozvolu za preprodavce; potrebna je pisana saglasnost SATA (ili slike iz SATA PSV dealer shop-a).","sata.com stranica artikla (slika postoji, URL iz manifesta od 2026-09-24 vraća 404 — SATA je premestio media putanje); sata.com/en/legal-notice, /en/terms-conditions, /de-de/agb, /en/service/downloads (nema press/media dozvole) ; zvanični URL iz manifesta: https://www.sata.com/media/55/4b/92/1788164913/13581_MAIN.WEBP.WEBP",SATA 13581 site:sata.com,sata__sata-quick-coupling
PRODUCT_IMAGE,SATA,SATA nipla za brzu spojku,2 izvedbe / 6981 1188912,/katalog ; /katalog/strana/24 ; /katalog?brend=sata ; /proizvodi/sata-quick-coupling-nipple ; pretraga sajta (isti prikaz kartice),"packshot proizvoda (kartica u katalogu, PDP, srodni proizvodi, pretraga)","Zvanična slika postoji, ali SATA zadržava sva prava i ne objavljuje dozvolu za preprodavce; potrebna je pisana saglasnost SATA (ili slike iz SATA PSV dealer shop-a).","sata.com stranica artikla (slika postoji, URL iz manifesta od 2026-09-24 vraća 404 — SATA je premestio media putanje); sata.com/en/legal-notice, /en/terms-conditions, /de-de/agb, /en/service/downloads (nema press/media dozvole) ; zvanični URL iz manifesta: https://www.sata.com/media/b0/e5/56/1788164912/6981_MAIN.WEBP.WEBP",SATA 6981 site:sata.com,sata__sata-quick-coupling-nipple
PRODUCT_IMAGE,SATA,SATA brza spojka sa priključkom za crevo,2 izvedbe / 13631 13649,/katalog ; /katalog/strana/24 ; /katalog?brend=sata ; /proizvodi/sata-quick-coupling-with-hose-olive ; pretraga sajta (isti prikaz kartice),"packshot proizvoda (kartica u katalogu, PDP, srodni proizvodi, pretraga)","Zvanična slika postoji, ali SATA zadržava sva prava i ne objavljuje dozvolu za preprodavce; potrebna je pisana saglasnost SATA (ili slike iz SATA PSV dealer shop-a).","sata.com stranica artikla (slika postoji, URL iz manifesta od 2026-09-24 vraća 404 — SATA je premestio media putanje); sata.com/en/legal-notice, /en/terms-conditions, /de-de/agb, /en/service/downloads (nema press/media dozvole) ; zvanični URL iz manifesta: https://www.sata.com/media/a4/d8/32/1788164913/13631_MAIN.WEBP.WEBP",SATA 13631 site:sata.com,sata__sata-quick-coupling-with-hose-olive
PRODUCT_IMAGE,SATA,"SATA brza spojka sa priključkom za crevo i nipla za brzu spojku, 9 mm, crveno, G 1/4"" unutrašnji navoj, po 2 kom.",7237 / 7237 / Art. 7237,/katalog ; /katalog/strana/24 ; /katalog?brend=sata ; /proizvodi/sata-quick-coupling-with-hose-olive-and-quick-coupling ; pretraga sajta (isti prikaz kartice),"packshot proizvoda (kartica u katalogu, PDP, srodni proizvodi, pretraga)",SATA ne objavljuje sliku ovog pribora; vlasnik je ranije prihvatio placeholder (pribor faze 2).,"sata.com stranica artikla (slika postoji, URL iz manifesta od 2026-09-24 vraća 404 — SATA je premestio media putanje); sata.com/en/legal-notice, /en/terms-conditions, /de-de/agb, /en/service/downloads (nema press/media dozvole)",SATA 7237 site:sata.com,sata__sata-quick-coupling-with-hose-olive-and-quick-coupling
PRODUCT_IMAGE,SATA,SATA Release agent spray system,187740 / 187740 / Art. 187740,/katalog ; /katalog/strana/22 ; /katalog?brend=sata ; /proizvodi/sata-release-agent-spray-system ; pretraga sajta (isti prikaz kartice),"packshot proizvoda (kartica u katalogu, PDP, srodni proizvodi, pretraga)",SATA za ovaj artikal ne objavljuje sliku.,"sata.com stranica artikla (slika postoji, URL iz manifesta od 2026-09-24 vraća 404 — SATA je premestio media putanje); sata.com/en/legal-notice, /en/terms-conditions, /de-de/agb, /en/service/downloads (nema press/media dozvole)",SATA 187740 site:sata.com,sata__sata-release-agent-spray-system
PRODUCT_IMAGE,SATA,SATA Reusable aluminium flow cup,6601 46631 96685 125948 137729 198911 1013432 1013440,/katalog ; /katalog/strana/22 ; /katalog?brend=sata ; /proizvodi/sata-reusable-aluminium-flow-cup ; pretraga sajta (isti prikaz kartice),"packshot proizvoda (kartica u katalogu, PDP, srodni proizvodi, pretraga)","Zvanična slika postoji, ali SATA zadržava sva prava i ne objavljuje dozvolu za preprodavce; potrebna je pisana saglasnost SATA (ili slike iz SATA PSV dealer shop-a).","sata.com stranica artikla (slika postoji, URL iz manifesta od 2026-09-24 vraća 404 — SATA je premestio media putanje); sata.com/en/legal-notice, /en/terms-conditions, /de-de/agb, /en/service/downloads (nema press/media dozvole) ; zvanični URL iz manifesta: https://www.sata.com/media/68/52/45/1788164849/6601_MAIN.WEBP.WEBP",SATA 6601 site:sata.com,sata__sata-reusable-aluminium-flow-cup
PRODUCT_IMAGE,SATA,SATA Reusable aluminium hanging cups,2691 26120,/katalog ; /katalog/strana/22 ; /katalog?brend=sata ; /proizvodi/sata-reusable-aluminium-hanging-cups ; pretraga sajta (isti prikaz kartice),"packshot proizvoda (kartica u katalogu, PDP, srodni proizvodi, pretraga)","Zvanična slika postoji, ali SATA zadržava sva prava i ne objavljuje dozvolu za preprodavce; potrebna je pisana saglasnost SATA (ili slike iz SATA PSV dealer shop-a).","sata.com stranica artikla (slika postoji, URL iz manifesta od 2026-09-24 vraća 404 — SATA je premestio media putanje); sata.com/en/legal-notice, /en/terms-conditions, /de-de/agb, /en/service/downloads (nema press/media dozvole) ; zvanični URL iz manifesta: https://www.sata.com/media/45/ef/7b/1788164803/2691_MAIN.WEBP.WEBP",SATA 2691 site:sata.com,sata__sata-reusable-aluminium-hanging-cups
PRODUCT_IMAGE,SATA,SATA Reusable plastic flow cup,7591 7633 15669 27243 48587 49379 60384 95802 120675 125443 128470 197541 1004960,/katalog ; /katalog/strana/22 ; /katalog?brend=sata ; /proizvodi/sata-reusable-plastic-flow-cup ; pretraga sajta (isti prikaz kartice),"packshot proizvoda (kartica u katalogu, PDP, srodni proizvodi, pretraga)","Zvanična slika postoji, ali SATA zadržava sva prava i ne objavljuje dozvolu za preprodavce; potrebna je pisana saglasnost SATA (ili slike iz SATA PSV dealer shop-a).","sata.com stranica artikla (slika postoji, URL iz manifesta od 2026-09-24 vraća 404 — SATA je premestio media putanje); sata.com/en/legal-notice, /en/terms-conditions, /de-de/agb, /en/service/downloads (nema press/media dozvole) ; zvanični URL iz manifesta: https://www.sata.com/media/cc/a9/58/1788164849/7591_MAIN.WEBP.WEBP",SATA 7591 site:sata.com,sata__sata-reusable-plastic-flow-cup
PRODUCT_IMAGE,SATA,SATA Reusable plastic hanging cups,21444 / 21444 / Art. 21444,/katalog ; /katalog/strana/22 ; /katalog?brend=sata ; /proizvodi/sata-reusable-plastic-hanging-cups ; pretraga sajta (isti prikaz kartice),"packshot proizvoda (kartica u katalogu, PDP, srodni proizvodi, pretraga)","Zvanična slika postoji, ali SATA zadržava sva prava i ne objavljuje dozvolu za preprodavce; potrebna je pisana saglasnost SATA (ili slike iz SATA PSV dealer shop-a).","sata.com stranica artikla (slika postoji, URL iz manifesta od 2026-09-24 vraća 404 — SATA je premestio media putanje); sata.com/en/legal-notice, /en/terms-conditions, /de-de/agb, /en/service/downloads (nema press/media dozvole) ; zvanični URL iz manifesta: https://www.sata.com/media/41/3e/0d/1788164803/21444_MAIN.WEBP.WEBP",SATA 21444 site:sata.com,sata__sata-reusable-plastic-hanging-cups
PRODUCT_IMAGE,SATA,RPS adapter sa QCC priključkom,18 izvedbi / 125211 125237 125252 125278 125294 126326 133595 133827 135798 147272 150136 150151 164608 188292 188318 188664 193276 215079,/katalog ; /katalog/strana/24 ; /katalog?brend=sata ; /proizvodi/sata-rps-adapter-with-qcc-and-connection ; /proizvodi/sata-rps-the-original ; /proizvodi/satajet-1000-h ; /proizvodi/satajet-20-b ; pretraga sajta (isti prikaz kartice),"packshot proizvoda (kartica u katalogu, PDP, srodni proizvodi, pretraga)","Zvanična slika postoji, ali SATA zadržava sva prava i ne objavljuje dozvolu za preprodavce; potrebna je pisana saglasnost SATA (ili slike iz SATA PSV dealer shop-a).","sata.com stranica artikla (slika postoji, URL iz manifesta od 2026-09-24 vraća 404 — SATA je premestio media putanje); sata.com/en/legal-notice, /en/terms-conditions, /de-de/agb, /en/service/downloads (nema press/media dozvole) ; zvanični URL iz manifesta: https://www.sata.com/media/47/c5/32/1788164907/125211_MAIN.WEBP.WEBP",SATA 125211 site:sata.com,sata__sata-rps-adapter-with-qcc-and-connection
PRODUCT_IMAGE,SATA,SATA RPS depot — za odlaganje RPS kutija,144840 / 144840 / Art. 144840,/katalog ; /katalog/strana/24 ; /katalog?brend=sata ; /proizvodi/sata-rps-depot-to-store-rps-boxes-rps-the-original ; /proizvodi/sata-rps-the-original ; pretraga sajta (isti prikaz kartice),"packshot proizvoda (kartica u katalogu, PDP, srodni proizvodi, pretraga)","Zvanična slika postoji, ali SATA zadržava sva prava i ne objavljuje dozvolu za preprodavce; potrebna je pisana saglasnost SATA (ili slike iz SATA PSV dealer shop-a).","sata.com stranica artikla (slika postoji, URL iz manifesta od 2026-09-24 vraća 404 — SATA je premestio media putanje); sata.com/en/legal-notice, /en/terms-conditions, /de-de/agb, /en/service/downloads (nema press/media dozvole) ; zvanični URL iz manifesta: https://www.sata.com/media/97/dd/4c/1788164908/144840_MAIN.WEBP.WEBP",SATA 144840 site:sata.com,sata__sata-rps-depot-to-store-rps-boxes-rps-the-original
PRODUCT_IMAGE,SATA,SATA RPS - the Original,1202043 1202077 1202100 1202134 1202142 1202150 1202259 1202267 1214816 1214824,/katalog ; /katalog/strana/22 ; /katalog?brend=sata ; /proizvodi/sata-ground-plate-rps-the-original ; /proizvodi/sata-rps-adapter-with-qcc-and-connection ; /proizvodi/sata-rps-depot-to-store-rps-boxes-rps-the-original ; /proizvodi/sata-rps-the-original ; /proizvodi/sata-shaker-ring-rps-the-original ; pretraga sajta (isti prikaz kartice),"packshot proizvoda (kartica u katalogu, PDP, srodni proizvodi, pretraga)","Zvanična slika postoji, ali SATA zadržava sva prava i ne objavljuje dozvolu za preprodavce; potrebna je pisana saglasnost SATA (ili slike iz SATA PSV dealer shop-a).","sata.com stranica artikla (slika postoji, URL iz manifesta od 2026-09-24 vraća 404 — SATA je premestio media putanje); sata.com/en/legal-notice, /en/terms-conditions, /de-de/agb, /en/service/downloads (nema press/media dozvole) ; zvanični URL iz manifesta: https://www.sata.com/media/ae/17/3a/1788164847/1202043_MAIN.WEBP.WEBP",SATA 1202043 site:sata.com,sata__sata-rps-the-original
PRODUCT_IMAGE,SATA,SATAclean mokra posuda za odlaganje 3 pištolja,60095 / 60095 / Art. 60095,/katalog ; /katalog/strana/24 ; /katalog?brend=sata ; /proizvodi/sata-sataclean-wet-holding-tray ; pretraga sajta (isti prikaz kartice),"packshot proizvoda (kartica u katalogu, PDP, srodni proizvodi, pretraga)","Zvanična slika postoji, ali SATA zadržava sva prava i ne objavljuje dozvolu za preprodavce; potrebna je pisana saglasnost SATA (ili slike iz SATA PSV dealer shop-a).","sata.com stranica artikla (slika postoji, URL iz manifesta od 2026-09-24 vraća 404 — SATA je premestio media putanje); sata.com/en/legal-notice, /en/terms-conditions, /de-de/agb, /en/service/downloads (nema press/media dozvole) ; zvanični URL iz manifesta: https://www.sata.com/media/a2/fe/9e/1788164905/60095_MAIN.WEBP.WEBP",SATA 60095 site:sata.com,sata__sata-sataclean-wet-holding-tray
PRODUCT_IMAGE,SATA,"SGE crevo za vazduh, 9 mm unutrašnji prečnik, 10 m",27722 / 27722 / Art. 27722,/katalog ; /katalog/strana/24 ; /katalog?brend=sata ; /proizvodi/sata-sge-air-hose ; pretraga sajta (isti prikaz kartice),"packshot proizvoda (kartica u katalogu, PDP, srodni proizvodi, pretraga)","Zvanična slika postoji, ali SATA zadržava sva prava i ne objavljuje dozvolu za preprodavce; potrebna je pisana saglasnost SATA (ili slike iz SATA PSV dealer shop-a).","sata.com stranica artikla (slika postoji, URL iz manifesta od 2026-09-24 vraća 404 — SATA je premestio media putanje); sata.com/en/legal-notice, /en/terms-conditions, /de-de/agb, /en/service/downloads (nema press/media dozvole) ; zvanični URL iz manifesta: https://www.sata.com/media/fe/03/a9/1788164910/27722_MAIN.WEBP.WEBP",SATA 27722 site:sata.com,sata__sata-sge-air-hose
PRODUCT_IMAGE,SATA,"SGE crevo za boju sa usponskom cevi, 6 mm unutrašnji prečnik, 5 m",27730 / 27730 / Art. 27730,/katalog ; /katalog/strana/24 ; /katalog?brend=sata ; /proizvodi/sata-sge-paint-hose-with-ascension-pipe ; pretraga sajta (isti prikaz kartice),"packshot proizvoda (kartica u katalogu, PDP, srodni proizvodi, pretraga)","Zvanična slika postoji, ali SATA zadržava sva prava i ne objavljuje dozvolu za preprodavce; potrebna je pisana saglasnost SATA (ili slike iz SATA PSV dealer shop-a).","sata.com stranica artikla (slika postoji, URL iz manifesta od 2026-09-24 vraća 404 — SATA je premestio media putanje); sata.com/en/legal-notice, /en/terms-conditions, /de-de/agb, /en/service/downloads (nema press/media dozvole) ; zvanični URL iz manifesta: https://www.sata.com/media/63/6e/26/1788164910/27730_MAIN.WEBP.WEBP",SATA 27730 site:sata.com,sata__sata-sge-paint-hose-with-ascension-pipe
PRODUCT_IMAGE,SATA,Prsten za mućkanje (Shaker ring),2 izvedbe / 117051 173435,/katalog ; /katalog/strana/24 ; /katalog?brend=sata ; /proizvodi/sata-rps-the-original ; /proizvodi/sata-shaker-ring-rps-the-original ; pretraga sajta (isti prikaz kartice),"packshot proizvoda (kartica u katalogu, PDP, srodni proizvodi, pretraga)","Zvanična slika postoji, ali SATA zadržava sva prava i ne objavljuje dozvolu za preprodavce; potrebna je pisana saglasnost SATA (ili slike iz SATA PSV dealer shop-a).","sata.com stranica artikla (slika postoji, URL iz manifesta od 2026-09-24 vraća 404 — SATA je premestio media putanje); sata.com/en/legal-notice, /en/terms-conditions, /de-de/agb, /en/service/downloads (nema press/media dozvole) ; zvanični URL iz manifesta: https://www.sata.com/media/db/3f/84/1788164908/173435_MAIN.WEBP.WEBP",SATA 117051 site:sata.com,sata__sata-shaker-ring-rps-the-original
PRODUCT_IMAGE,SATA,"Boca sa raspršivačem 1,0 l",127852 / 127852 / Art. 127852,/katalog ; /katalog/strana/24 ; /katalog?brend=sata ; /proizvodi/sata-spray-bottle-1-0-l ; pretraga sajta (isti prikaz kartice),"packshot proizvoda (kartica u katalogu, PDP, srodni proizvodi, pretraga)","Zvanična slika postoji, ali SATA zadržava sva prava i ne objavljuje dozvolu za preprodavce; potrebna je pisana saglasnost SATA (ili slike iz SATA PSV dealer shop-a).","sata.com stranica artikla (slika postoji, URL iz manifesta od 2026-09-24 vraća 404 — SATA je premestio media putanje); sata.com/en/legal-notice, /en/terms-conditions, /de-de/agb, /en/service/downloads (nema press/media dozvole) ; zvanični URL iz manifesta: https://www.sata.com/media/25/04/dd/1788164914/127852_MAIN.WEBP.WEBP",SATA 127852 site:sata.com,sata__sata-spray-bottle-1-0-l
PRODUCT_IMAGE,SATA,"Spray gun adapter No. 9 with QCC and connection thread G 3/8"" male thread -18 NPSF",135111 / 135111 / Art. 135111,/katalog ; /katalog/strana/24 ; /katalog?brend=sata ; /proizvodi/sata-spray-gun-adapter-with-qcc-and-connection-thread ; pretraga sajta (isti prikaz kartice),"packshot proizvoda (kartica u katalogu, PDP, srodni proizvodi, pretraga)","Zvanična slika postoji, ali SATA zadržava sva prava i ne objavljuje dozvolu za preprodavce; potrebna je pisana saglasnost SATA (ili slike iz SATA PSV dealer shop-a).","sata.com stranica artikla (slika postoji, URL iz manifesta od 2026-09-24 vraća 404 — SATA je premestio media putanje); sata.com/en/legal-notice, /en/terms-conditions, /de-de/agb, /en/service/downloads (nema press/media dozvole) ; zvanični URL iz manifesta: https://www.sata.com/media/1d/ed/e9/1788164907/135111_MAIN.WEBP.WEBP",SATA 135111 site:sata.com,sata__sata-spray-gun-adapter-with-qcc-and-connection-thread
PRODUCT_IMAGE,SATA,SATA držač pištolja,2 izvedbe / 40188 69328,/katalog ; /katalog/strana/24 ; /katalog?brend=sata ; /proizvodi/sata-spray-gun-holder ; /proizvodi/sataminijet-4400-b ; pretraga sajta (isti prikaz kartice),"packshot proizvoda (kartica u katalogu, PDP, srodni proizvodi, pretraga)","Zvanična slika postoji, ali SATA zadržava sva prava i ne objavljuje dozvolu za preprodavce; potrebna je pisana saglasnost SATA (ili slike iz SATA PSV dealer shop-a).","sata.com stranica artikla (slika postoji, URL iz manifesta od 2026-09-24 vraća 404 — SATA je premestio media putanje); sata.com/en/legal-notice, /en/terms-conditions, /de-de/agb, /en/service/downloads (nema press/media dozvole) ; zvanični URL iz manifesta: https://www.sata.com/media/4a/08/d3/1788164905/40188_MAIN.WEBP.WEBP",SATA 40188 site:sata.com,sata__sata-spray-gun-holder
PRODUCT_IMAGE,SATA,Držač pištolja sa držačem sita,134882 / 134882 / Art. 134882,/katalog ; /katalog/strana/24 ; /katalog?brend=sata ; /proizvodi/sata-spray-gun-holder-with-strainer-holder ; pretraga sajta (isti prikaz kartice),"packshot proizvoda (kartica u katalogu, PDP, srodni proizvodi, pretraga)","Zvanična slika postoji, ali SATA zadržava sva prava i ne objavljuje dozvolu za preprodavce; potrebna je pisana saglasnost SATA (ili slike iz SATA PSV dealer shop-a).","sata.com stranica artikla (slika postoji, URL iz manifesta od 2026-09-24 vraća 404 — SATA je premestio media putanje); sata.com/en/legal-notice, /en/terms-conditions, /de-de/agb, /en/service/downloads (nema press/media dozvole) ; zvanični URL iz manifesta: https://www.sata.com/media/3e/43/36/1788164906/134882_MAIN.WEBP.WEBP",SATA 134882 site:sata.com,sata__sata-spray-gun-holder-with-strainer-holder
PRODUCT_IMAGE,SATA,SATA spray master RP,72900 73734 74120,/katalog ; /katalog/strana/22 ; /katalog?brend=sata ; /proizvodi/sata-spray-master-rp ; pretraga sajta (isti prikaz kartice),"packshot proizvoda (kartica u katalogu, PDP, srodni proizvodi, pretraga)","Zvanična slika postoji, ali SATA zadržava sva prava i ne objavljuje dozvolu za preprodavce; potrebna je pisana saglasnost SATA (ili slike iz SATA PSV dealer shop-a).","sata.com stranica artikla (slika postoji, URL iz manifesta od 2026-09-24 vraća 404 — SATA je premestio media putanje); sata.com/en/legal-notice, /en/terms-conditions, /de-de/agb, /en/service/downloads (nema press/media dozvole) ; zvanični URL iz manifesta: https://www.sata.com/media/fa/48/7b/1788164801/72900_MAIN.WEBP.WEBP",SATA 72900 site:sata.com,sata__sata-spray-master-rp
PRODUCT_IMAGE,SATA,"SATA spray mix dvostruko crevo (priključak materijala + priključak vazduha), 6 x 6 mm, 15 m, M16 x 1.6 unutrašnji navoj, G 1/4"" unutrašnji navoj",1006073 / 1006073 / Art. 1006073,/katalog ; /katalog/strana/24 ; /katalog?brend=sata ; /proizvodi/sata-spray-mix-double-hose-material-connection-air ; pretraga sajta (isti prikaz kartice),"packshot proizvoda (kartica u katalogu, PDP, srodni proizvodi, pretraga)",SATA ne objavljuje sliku ovog pribora; vlasnik je ranije prihvatio placeholder (pribor faze 2).,"sata.com stranica artikla (slika postoji, URL iz manifesta od 2026-09-24 vraća 404 — SATA je premestio media putanje); sata.com/en/legal-notice, /en/terms-conditions, /de-de/agb, /en/service/downloads (nema press/media dozvole)",SATA 1006073 site:sata.com,sata__sata-spray-mix-double-hose-material-connection-air
PRODUCT_IMAGE,SATA,SATA spray mix par creva,3 izvedbe / 19984 19992 20008,/katalog ; /katalog/strana/24 ; /katalog?brend=sata ; /proizvodi/sata-spray-mix-hose-pair ; pretraga sajta (isti prikaz kartice),"packshot proizvoda (kartica u katalogu, PDP, srodni proizvodi, pretraga)","Zvanična slika postoji, ali SATA zadržava sva prava i ne objavljuje dozvolu za preprodavce; potrebna je pisana saglasnost SATA (ili slike iz SATA PSV dealer shop-a).","sata.com stranica artikla (slika postoji, URL iz manifesta od 2026-09-24 vraća 404 — SATA je premestio media putanje); sata.com/en/legal-notice, /en/terms-conditions, /de-de/agb, /en/service/downloads (nema press/media dozvole) ; zvanični URL iz manifesta: https://www.sata.com/media/13/d4/a8/1788164911/19984_MAIN.WEBP.WEBP",SATA 19984 site:sata.com,sata__sata-spray-mix-hose-pair
PRODUCT_IMAGE,SATA,SATA spray mix par creva (priključak materijala M16 + priključak vazduha),3 izvedbe / 1006081 1006099 1006106,/katalog ; /katalog/strana/24 ; /katalog?brend=sata ; /proizvodi/sata-spray-mix-hose-pair-material-connection-air ; pretraga sajta (isti prikaz kartice),"packshot proizvoda (kartica u katalogu, PDP, srodni proizvodi, pretraga)","Zvanična slika postoji, ali SATA zadržava sva prava i ne objavljuje dozvolu za preprodavce; potrebna je pisana saglasnost SATA (ili slike iz SATA PSV dealer shop-a).","sata.com stranica artikla (slika postoji, URL iz manifesta od 2026-09-24 vraća 404 — SATA je premestio media putanje); sata.com/en/legal-notice, /en/terms-conditions, /de-de/agb, /en/service/downloads (nema press/media dozvole) ; zvanični URL iz manifesta: https://www.sata.com/media/74/da/da/1788164911/1006081_MAIN.WEBP.WEBP",SATA 1006081 site:sata.com,sata__sata-spray-mix-hose-pair-material-connection-air
PRODUCT_IMAGE,SATA,"Blokovi za probni otisak mlaza, 25 listova, pakovanje 2 kom. za SATA cert",161646 / 161646 / Art. 161646,/katalog ; /katalog/strana/24 ; /katalog?brend=sata ; /proizvodi/sata-spray-pattern-blocks-with-25-sheets ; pretraga sajta (isti prikaz kartice),"packshot proizvoda (kartica u katalogu, PDP, srodni proizvodi, pretraga)","Zvanična slika postoji, ali SATA zadržava sva prava i ne objavljuje dozvolu za preprodavce; potrebna je pisana saglasnost SATA (ili slike iz SATA PSV dealer shop-a).","sata.com stranica artikla (slika postoji, URL iz manifesta od 2026-09-24 vraća 404 — SATA je premestio media putanje); sata.com/en/legal-notice, /en/terms-conditions, /de-de/agb, /en/service/downloads (nema press/media dozvole) ; zvanični URL iz manifesta: https://www.sata.com/media/82/fc/b6/1788164914/161646_MAIN.WEBP.WEBP",SATA 161646 site:sata.com,sata__sata-spray-pattern-blocks-with-25-sheets
PRODUCT_IMAGE,SATA,"Kofer za SATA trueSun, sa penastim uloškom",1013094 / 1013094 / Art. 1013094,/katalog ; /katalog/strana/24 ; /katalog?brend=sata ; /proizvodi/sata-storage-case-sata-truesun-incl-foam-inlay-truesun ; /proizvodi/sata-truesun ; pretraga sajta (isti prikaz kartice),"packshot proizvoda (kartica u katalogu, PDP, srodni proizvodi, pretraga)","Zvanična slika postoji, ali SATA zadržava sva prava i ne objavljuje dozvolu za preprodavce; potrebna je pisana saglasnost SATA (ili slike iz SATA PSV dealer shop-a).","sata.com stranica artikla (slika postoji, URL iz manifesta od 2026-09-24 vraća 404 — SATA je premestio media putanje); sata.com/en/legal-notice, /en/terms-conditions, /de-de/agb, /en/service/downloads (nema press/media dozvole) ; zvanični URL iz manifesta: https://www.sata.com/media/df/0c/d2/1788164914/1013094_MAIN.WEBP.WEBP",SATA 1013094 site:sata.com,sata__sata-storage-case-sata-truesun-incl-foam-inlay-truesun
PRODUCT_IMAGE,SATA,"Usisno crevo, komplet",2 izvedbe / 45047 62232,/katalog ; /katalog/strana/24 ; /katalog?brend=sata ; /proizvodi/sata-suction-hose-cpl-vario-top-spray ; /proizvodi/sata-vario-top-spray ; pretraga sajta (isti prikaz kartice),"packshot proizvoda (kartica u katalogu, PDP, srodni proizvodi, pretraga)","Zvanična slika postoji, ali SATA zadržava sva prava i ne objavljuje dozvolu za preprodavce; potrebna je pisana saglasnost SATA (ili slike iz SATA PSV dealer shop-a).","sata.com stranica artikla (slika postoji, URL iz manifesta od 2026-09-24 vraća 404 — SATA je premestio media putanje); sata.com/en/legal-notice, /en/terms-conditions, /de-de/agb, /en/service/downloads (nema press/media dozvole) ; zvanični URL iz manifesta: https://www.sata.com/media/d9/1a/a9/1788164910/45047_MAIN.WEBP.WEBP",SATA 45047 site:sata.com,sata__sata-suction-hose-cpl-vario-top-spray
PRODUCT_IMAGE,SATA,SATA suit Basic,1196163 1202481 1202499 1202506 1202514,/katalog ; /katalog/strana/22 ; /katalog?brend=sata ; /proizvodi/sata-suit-basic ; pretraga sajta (isti prikaz kartice),"packshot proizvoda (kartica u katalogu, PDP, srodni proizvodi, pretraga)","Zvanična slika postoji, ali SATA zadržava sva prava i ne objavljuje dozvolu za preprodavce; potrebna je pisana saglasnost SATA (ili slike iz SATA PSV dealer shop-a).","sata.com stranica artikla (slika postoji, URL iz manifesta od 2026-09-24 vraća 404 — SATA je premestio media putanje); sata.com/en/legal-notice, /en/terms-conditions, /de-de/agb, /en/service/downloads (nema press/media dozvole) ; zvanični URL iz manifesta: https://www.sata.com/media/1b/76/db/1788164855/1196163_MAIN.WEBP.WEBP",SATA 1196163 site:sata.com,sata__sata-suit-basic
PRODUCT_IMAGE,SATA,"SATA suit grey — zaštitno odelo, L (50/52), 100% poliester",143255 / 143255 / Art. 143255,/katalog ; /katalog/strana/25 ; /katalog?brend=sata ; /proizvodi/sata-suit-grey ; pretraga sajta (isti prikaz kartice),"packshot proizvoda (kartica u katalogu, PDP, srodni proizvodi, pretraga)",SATA ne objavljuje sliku ovog pribora; vlasnik je ranije prihvatio placeholder (pribor faze 2).,"sata.com stranica artikla (slika postoji, URL iz manifesta od 2026-09-24 vraća 404 — SATA je premestio media putanje); sata.com/en/legal-notice, /en/terms-conditions, /de-de/agb, /en/service/downloads (nema press/media dozvole)",SATA 143255 site:sata.com,sata__sata-suit-grey
PRODUCT_IMAGE,SATA,SATA suit race,184267 184275 184283 184291 184309,/katalog ; /katalog/strana/22 ; /katalog?brend=sata ; /proizvodi/sata-suit-race ; pretraga sajta (isti prikaz kartice),"packshot proizvoda (kartica u katalogu, PDP, srodni proizvodi, pretraga)","Zvanična slika postoji, ali SATA zadržava sva prava i ne objavljuje dozvolu za preprodavce; potrebna je pisana saglasnost SATA (ili slike iz SATA PSV dealer shop-a).","sata.com stranica artikla (slika postoji, URL iz manifesta od 2026-09-24 vraća 404 — SATA je premestio media putanje); sata.com/en/legal-notice, /en/terms-conditions, /de-de/agb, /en/service/downloads (nema press/media dozvole) ; zvanični URL iz manifesta: https://www.sata.com/media/88/3c/e9/1788164855/184267_MAIN.WEBP.WEBP",SATA 184267 site:sata.com,sata__sata-suit-race
PRODUCT_IMAGE,SATA,SATA suit race ladies,1154020 1154038 1154046 1154054 1154062,/katalog ; /katalog/strana/22 ; /katalog?brend=sata ; /proizvodi/sata-suit-race-ladies ; pretraga sajta (isti prikaz kartice),"packshot proizvoda (kartica u katalogu, PDP, srodni proizvodi, pretraga)","Zvanična slika postoji, ali SATA zadržava sva prava i ne objavljuje dozvolu za preprodavce; potrebna je pisana saglasnost SATA (ili slike iz SATA PSV dealer shop-a).","sata.com stranica artikla (slika postoji, URL iz manifesta od 2026-09-24 vraća 404 — SATA je premestio media putanje); sata.com/en/legal-notice, /en/terms-conditions, /de-de/agb, /en/service/downloads (nema press/media dozvole) ; zvanični URL iz manifesta: https://www.sata.com/media/0e/7a/6e/1788164855/1154020_MAIN.WEBP.WEBP",SATA 1154020 site:sata.com,sata__sata-suit-race-ladies
PRODUCT_IMAGE,SATA,SATA suit space — zaštitno odelo,4 izvedbe / 212035 212043 212050 212068,/katalog ; /katalog/strana/25 ; /katalog?brend=sata ; /proizvodi/sata-suit-space ; pretraga sajta (isti prikaz kartice),"packshot proizvoda (kartica u katalogu, PDP, srodni proizvodi, pretraga)",SATA ne objavljuje sliku ovog pribora; vlasnik je ranije prihvatio placeholder (pribor faze 2).,"sata.com stranica artikla (slika postoji, URL iz manifesta od 2026-09-24 vraća 404 — SATA je premestio media putanje); sata.com/en/legal-notice, /en/terms-conditions, /de-de/agb, /en/service/downloads (nema press/media dozvole)",SATA 212035 site:sata.com,sata__sata-suit-space
PRODUCT_IMAGE,SATA,SATA suit Standard Men,1202522 1202530 1202548 1202556 1202564 1202613 1202621 1202639 1202647 1204487,/katalog ; /katalog/strana/22 ; /katalog?brend=sata ; /proizvodi/sata-suit-standard-men ; pretraga sajta (isti prikaz kartice),"packshot proizvoda (kartica u katalogu, PDP, srodni proizvodi, pretraga)","Zvanična slika postoji, ali SATA zadržava sva prava i ne objavljuje dozvolu za preprodavce; potrebna je pisana saglasnost SATA (ili slike iz SATA PSV dealer shop-a).","sata.com stranica artikla (slika postoji, URL iz manifesta od 2026-09-24 vraća 404 — SATA je premestio media putanje); sata.com/en/legal-notice, /en/terms-conditions, /de-de/agb, /en/service/downloads (nema press/media dozvole) ; zvanični URL iz manifesta: https://www.sata.com/media/13/f8/32/1788164854/1202522_MAIN.WEBP.WEBP",SATA 1202522 site:sata.com,sata__sata-suit-standard-men
PRODUCT_IMAGE,SATA,"Navojna nipla, pocinkovana, 1/2"" spoljašnji navoj",41384 / 41384 / Art. 41384,/katalog ; /katalog/strana/25 ; /katalog?brend=sata ; /proizvodi/sata-threaded-nipple-galvanised-vario-top-spray ; /proizvodi/sata-vario-top-spray ; pretraga sajta (isti prikaz kartice),"packshot proizvoda (kartica u katalogu, PDP, srodni proizvodi, pretraga)","Zvanična slika postoji, ali SATA zadržava sva prava i ne objavljuje dozvolu za preprodavce; potrebna je pisana saglasnost SATA (ili slike iz SATA PSV dealer shop-a).","sata.com stranica artikla (slika postoji, URL iz manifesta od 2026-09-24 vraća 404 — SATA je premestio media putanje); sata.com/en/legal-notice, /en/terms-conditions, /de-de/agb, /en/service/downloads (nema press/media dozvole) ; zvanični URL iz manifesta: https://www.sata.com/media/cf/4a/00/1788164911/41384_MAIN.WEBP.WEBP",SATA 41384 site:sata.com,sata__sata-threaded-nipple-galvanised-vario-top-spray
PRODUCT_IMAGE,SATA,Trostruki držač pištolja za zidnu montažu,134916 / 134916 / Art. 134916,/katalog ; /katalog/strana/25 ; /katalog?brend=sata ; /proizvodi/sata-triple-spray-gun-holder ; pretraga sajta (isti prikaz kartice),"packshot proizvoda (kartica u katalogu, PDP, srodni proizvodi, pretraga)","Zvanična slika postoji, ali SATA zadržava sva prava i ne objavljuje dozvolu za preprodavce; potrebna je pisana saglasnost SATA (ili slike iz SATA PSV dealer shop-a).","sata.com stranica artikla (slika postoji, URL iz manifesta od 2026-09-24 vraća 404 — SATA je premestio media putanje); sata.com/en/legal-notice, /en/terms-conditions, /de-de/agb, /en/service/downloads (nema press/media dozvole) ; zvanični URL iz manifesta: https://www.sata.com/media/37/f5/7d/1788164906/134916_MAIN.WEBP.WEBP",SATA 134916 site:sata.com,sata__sata-triple-spray-gun-holder
PRODUCT_IMAGE,SATA,"Kolica, komplet",17483 / 17483 / Art. 17483,/katalog ; /katalog/strana/25 ; /katalog?brend=sata ; /proizvodi/sata-trolley-cpl-vario-top-spray ; pretraga sajta (isti prikaz kartice),"packshot proizvoda (kartica u katalogu, PDP, srodni proizvodi, pretraga)","Zvanična slika postoji, ali SATA zadržava sva prava i ne objavljuje dozvolu za preprodavce; potrebna je pisana saglasnost SATA (ili slike iz SATA PSV dealer shop-a).","sata.com stranica artikla (slika postoji, URL iz manifesta od 2026-09-24 vraća 404 — SATA je premestio media putanje); sata.com/en/legal-notice, /en/terms-conditions, /de-de/agb, /en/service/downloads (nema press/media dozvole) ; zvanični URL iz manifesta: https://www.sata.com/media/92/3a/9c/1788164909/17483_MAIN.WEBP.WEBP",SATA 17483 site:sata.com,sata__sata-trolley-cpl-vario-top-spray
PRODUCT_IMAGE,SATA,SATA trueSun,1006411 / 1006411 / Art. 1006411,/katalog ; /katalog/strana/22 ; /katalog?brend=sata ; /proizvodi/sata-foam-inlay-with-pinched-inlay-truesun ; /proizvodi/sata-storage-case-sata-truesun-incl-foam-inlay-truesun ; /proizvodi/sata-truesun ; pretraga sajta (isti prikaz kartice),"packshot proizvoda (kartica u katalogu, PDP, srodni proizvodi, pretraga)","Zvanična slika postoji, ali SATA zadržava sva prava i ne objavljuje dozvolu za preprodavce; potrebna je pisana saglasnost SATA (ili slike iz SATA PSV dealer shop-a).","sata.com stranica artikla (slika postoji, URL iz manifesta od 2026-09-24 vraća 404 — SATA je premestio media putanje); sata.com/en/legal-notice, /en/terms-conditions, /de-de/agb, /en/service/downloads (nema press/media dozvole) ; zvanični URL iz manifesta: https://www.sata.com/media/cf/53/ec/1788164805/1006411_MAIN.WEBP.WEBP",SATA 1006411 site:sata.com,sata__sata-truesun
PRODUCT_IMAGE,SATA,"SATA turbo blow — pištolj za izduvavanje, sa niplom za brzu spojku",133306 / 133306 / Art. 133306,/katalog ; /katalog/strana/25 ; /katalog?brend=sata ; /proizvodi/sata-turbo-blow-with-quick-coupling-nipple-blow-gun ; pretraga sajta (isti prikaz kartice),"packshot proizvoda (kartica u katalogu, PDP, srodni proizvodi, pretraga)","Zvanična slika postoji, ali SATA zadržava sva prava i ne objavljuje dozvolu za preprodavce; potrebna je pisana saglasnost SATA (ili slike iz SATA PSV dealer shop-a).","sata.com stranica artikla (slika postoji, URL iz manifesta od 2026-09-24 vraća 404 — SATA je premestio media putanje); sata.com/en/legal-notice, /en/terms-conditions, /de-de/agb, /en/service/downloads (nema press/media dozvole) ; zvanični URL iz manifesta: https://www.sata.com/media/13/4f/64/1788164854/133306_MAIN.WEBP.WEBP",SATA 133306 site:sata.com,sata__sata-turbo-blow-with-quick-coupling-nipple-blow-gun
PRODUCT_IMAGE,SATA,SATA univerzalni držač pištolja i creva za sve SATA pištolje,192195 / 192195 / Art. 192195,/katalog ; /katalog/strana/25 ; /katalog?brend=sata ; /proizvodi/sata-universal-spray-gun-and-hose-holder ; pretraga sajta (isti prikaz kartice),"packshot proizvoda (kartica u katalogu, PDP, srodni proizvodi, pretraga)","Zvanična slika postoji, ali SATA zadržava sva prava i ne objavljuje dozvolu za preprodavce; potrebna je pisana saglasnost SATA (ili slike iz SATA PSV dealer shop-a).","sata.com stranica artikla (slika postoji, URL iz manifesta od 2026-09-24 vraća 404 — SATA je premestio media putanje); sata.com/en/legal-notice, /en/terms-conditions, /de-de/agb, /en/service/downloads (nema press/media dozvole) ; zvanični URL iz manifesta: https://www.sata.com/media/26/80/d9/1788164905/192195_MAIN.WEBP.WEBP",SATA 192195 site:sata.com,sata__sata-universal-spray-gun-and-hose-holder
PRODUCT_IMAGE,SATA,"SATA univerzalni držač pištolja, sklopivi",2 izvedbe / 1083807 1110527,/katalog ; /katalog/strana/25 ; /katalog?brend=sata ; /proizvodi/sata-universal-spray-gun-holder-foldable ; pretraga sajta (isti prikaz kartice),"packshot proizvoda (kartica u katalogu, PDP, srodni proizvodi, pretraga)",SATA ne objavljuje sliku ovog pribora; vlasnik je ranije prihvatio placeholder (pribor faze 2).,"sata.com stranica artikla (slika postoji, URL iz manifesta od 2026-09-24 vraća 404 — SATA je premestio media putanje); sata.com/en/legal-notice, /en/terms-conditions, /de-de/agb, /en/service/downloads (nema press/media dozvole)",SATA 1083807 site:sata.com,sata__sata-universal-spray-gun-holder-foldable
PRODUCT_IMAGE,SATA,"SATA univerzalni držač pištolja, sklopivi, magnetni",1103522 / 1103522 / Art. 1103522,/katalog ; /katalog/strana/25 ; /katalog?brend=sata ; /proizvodi/sata-universal-spray-gun-holder-foldable-magnetic ; pretraga sajta (isti prikaz kartice),"packshot proizvoda (kartica u katalogu, PDP, srodni proizvodi, pretraga)","Zvanična slika postoji, ali SATA zadržava sva prava i ne objavljuje dozvolu za preprodavce; potrebna je pisana saglasnost SATA (ili slike iz SATA PSV dealer shop-a).","sata.com stranica artikla (slika postoji, URL iz manifesta od 2026-09-24 vraća 404 — SATA je premestio media putanje); sata.com/en/legal-notice, /en/terms-conditions, /de-de/agb, /en/service/downloads (nema press/media dozvole) ; zvanični URL iz manifesta: https://www.sata.com/media/bf/21/b3/1788164906/1103522_MAIN.WEBP.WEBP",SATA 1103522 site:sata.com,sata__sata-universal-spray-gun-holder-foldable-magnetic
PRODUCT_IMAGE,SATA,SATA vario top spray,56010 61507 61515 62745 72678 72694 81406 81661 90662 95109 138941 138958,/katalog ; /katalog/strana/22 ; /katalog?brend=sata ; /proizvodi/sata-air-hose ; /proizvodi/sata-hose-pair-vario-top-spray ; /proizvodi/sata-suction-hose-cpl-vario-top-spray ; /proizvodi/sata-threaded-nipple-galvanised-vario-top-spray ; /proizvodi/sata-trolley-cpl-vario-top-spray ; /proizvodi/sata-vario-top-spray ; /proizvodi/sata-vario-top-spray-f-double-diaphragm-pump-1-1-mobile-vario-top-spray ; pretraga sajta (isti prikaz kartice),"packshot proizvoda (kartica u katalogu, PDP, srodni proizvodi, pretraga)","Zvanična slika postoji, ali SATA zadržava sva prava i ne objavljuje dozvolu za preprodavce; potrebna je pisana saglasnost SATA (ili slike iz SATA PSV dealer shop-a).","sata.com stranica artikla (slika postoji, URL iz manifesta od 2026-09-24 vraća 404 — SATA je premestio media putanje); sata.com/en/legal-notice, /en/terms-conditions, /de-de/agb, /en/service/downloads (nema press/media dozvole) ; zvanični URL iz manifesta: https://www.sata.com/media/8b/2d/43/1788164854/61507_MAIN.WEBP.WEBP",SATA 56010 site:sata.com,sata__sata-vario-top-spray
PRODUCT_IMAGE,SATA,"SATA vario top spray F, double diaphragm pump 1:1, mobile, with material fine pressure regulator, suction tube + 2. gun connection, without spray gun and hoses",63974 / 63974 / Art. 63974,/katalog ; /katalog/strana/25 ; /katalog?brend=sata ; /proizvodi/sata-vario-top-spray-f-double-diaphragm-pump-1-1-mobile-vario-top-spray ; pretraga sajta (isti prikaz kartice),"packshot proizvoda (kartica u katalogu, PDP, srodni proizvodi, pretraga)","Zvanična slika postoji, ali SATA zadržava sva prava i ne objavljuje dozvolu za preprodavce; potrebna je pisana saglasnost SATA (ili slike iz SATA PSV dealer shop-a).","sata.com stranica artikla (slika postoji, URL iz manifesta od 2026-09-24 vraća 404 — SATA je premestio media putanje); sata.com/en/legal-notice, /en/terms-conditions, /de-de/agb, /en/service/downloads (nema press/media dozvole) ; zvanični URL iz manifesta: https://www.sata.com/media/4f/b0/5e/1788164854/63974_MAIN.WEBP.WEBP",SATA 63974 site:sata.com,sata__sata-vario-top-spray-f-double-diaphragm-pump-1-1-mobile-vario-top-spray
PRODUCT_IMAGE,SATA,"Venturi-door wand, steel, rigid, spraying forward, Ø 5 mm, 740 mm long, with flexible guideway hose 550 mm for application on surfaces and in cavities, not for underbody protection",1114991 / 1114991 / Art. 1114991,/katalog ; /katalog/strana/25 ; /katalog?brend=sata ; /proizvodi/sata-venturi-door-wand-steel-rigid-spraying-forward ; pretraga sajta (isti prikaz kartice),"packshot proizvoda (kartica u katalogu, PDP, srodni proizvodi, pretraga)",SATA ne objavljuje sliku ovog pribora; vlasnik je ranije prihvatio placeholder (pribor faze 2).,"sata.com stranica artikla (slika postoji, URL iz manifesta od 2026-09-24 vraća 404 — SATA je premestio media putanje); sata.com/en/legal-notice, /en/terms-conditions, /de-de/agb, /en/service/downloads (nema press/media dozvole)",SATA 1114991 site:sata.com,sata__sata-venturi-door-wand-steel-rigid-spraying-forward
PRODUCT_IMAGE,SATA,"Venturi hook wand Ø 5 mm, hook nozzle cpl. in 300 mm length, with flexible guide hose, Venturi spray tube, for cavity and surface application",206904 / 206904 / Art. 206904,/katalog ; /katalog/strana/25 ; /katalog?brend=sata ; /proizvodi/sata-venturi-hook-wand-hook-nozzle-cpl-with-flexible ; pretraga sajta (isti prikaz kartice),"packshot proizvoda (kartica u katalogu, PDP, srodni proizvodi, pretraga)",SATA ne objavljuje sliku ovog pribora; vlasnik je ranije prihvatio placeholder (pribor faze 2).,"sata.com stranica artikla (slika postoji, URL iz manifesta od 2026-09-24 vraća 404 — SATA je premestio media putanje); sata.com/en/legal-notice, /en/terms-conditions, /de-de/agb, /en/service/downloads (nema press/media dozvole)",SATA 206904 site:sata.com,sata__sata-venturi-hook-wand-hook-nozzle-cpl-with-flexible
PRODUCT_IMAGE,SATA,"Venturi kukasta sonda sa fleksibilnim vodećim crevom, za šupljine i površine",2 izvedbe / 11866 16139,/katalog ; /katalog/strana/25 ; /katalog?brend=sata ; /proizvodi/sata-venturi-hook-wand-with-flexible-guide-hose-venturi ; pretraga sajta (isti prikaz kartice),"packshot proizvoda (kartica u katalogu, PDP, srodni proizvodi, pretraga)","Zvanična slika postoji, ali SATA zadržava sva prava i ne objavljuje dozvolu za preprodavce; potrebna je pisana saglasnost SATA (ili slike iz SATA PSV dealer shop-a).","sata.com stranica artikla (slika postoji, URL iz manifesta od 2026-09-24 vraća 404 — SATA je premestio media putanje); sata.com/en/legal-notice, /en/terms-conditions, /de-de/agb, /en/service/downloads (nema press/media dozvole) ; zvanični URL iz manifesta: https://www.sata.com/media/06/53/15/1788164909/11866_MAIN.WEBP.WEBP",SATA 11866 site:sata.com,sata__sata-venturi-hook-wand-with-flexible-guide-hose-venturi
PRODUCT_IMAGE,SATA,SATA čaša za merenje viskoziteta,2 izvedbe / 9845 9852,/katalog ; /katalog/strana/25 ; /katalog?brend=sata ; /proizvodi/sata-viscosity-cup ; pretraga sajta (isti prikaz kartice),"packshot proizvoda (kartica u katalogu, PDP, srodni proizvodi, pretraga)","Zvanična slika postoji, ali SATA zadržava sva prava i ne objavljuje dozvolu za preprodavce; potrebna je pisana saglasnost SATA (ili slike iz SATA PSV dealer shop-a).","sata.com stranica artikla (slika postoji, URL iz manifesta od 2026-09-24 vraća 404 — SATA je premestio media putanje); sata.com/en/legal-notice, /en/terms-conditions, /de-de/agb, /en/service/downloads (nema press/media dozvole) ; zvanični URL iz manifesta: https://www.sata.com/media/51/73/f8/1788164914/9845_MAIN.WEBP.WEBP",SATA 9845 site:sata.com,sata__sata-viscosity-cup
PRODUCT_IMAGE,SATA,SATA wet & dry cleaner,2 izvedbe / 75358 83881,/katalog ; /katalog/strana/25 ; /katalog?brend=sata ; /proizvodi/sata-wet-dry-cleaner ; pretraga sajta (isti prikaz kartice),"packshot proizvoda (kartica u katalogu, PDP, srodni proizvodi, pretraga)","Zvanična slika postoji, ali SATA zadržava sva prava i ne objavljuje dozvolu za preprodavce; potrebna je pisana saglasnost SATA (ili slike iz SATA PSV dealer shop-a).","sata.com stranica artikla (slika postoji, URL iz manifesta od 2026-09-24 vraća 404 — SATA je premestio media putanje); sata.com/en/legal-notice, /en/terms-conditions, /de-de/agb, /en/service/downloads (nema press/media dozvole) ; zvanični URL iz manifesta: https://www.sata.com/media/fa/57/1a/1788164914/75358_MAIN.WEBP.WEBP",SATA 75358 site:sata.com,sata__sata-wet-dry-cleaner
PRODUCT_IMAGE,SATA,SATAgraph 4,227629 227637 227645,/katalog ; /katalog/strana/22 ; /katalog?brend=sata ; /proizvodi/satagraph-4 ; pretraga sajta (isti prikaz kartice),"packshot proizvoda (kartica u katalogu, PDP, srodni proizvodi, pretraga)","Zvanična slika postoji, ali SATA zadržava sva prava i ne objavljuje dozvolu za preprodavce; potrebna je pisana saglasnost SATA (ili slike iz SATA PSV dealer shop-a).","sata.com stranica artikla (slika postoji, URL iz manifesta od 2026-09-24 vraća 404 — SATA je premestio media putanje); sata.com/en/legal-notice, /en/terms-conditions, /de-de/agb, /en/service/downloads (nema press/media dozvole) ; zvanični URL iz manifesta: https://www.sata.com/media/16/66/ec/1788164802/227629_MAIN.WEBP.WEBP",SATA 227629 site:sata.com,sata__satagraph-4
PRODUCT_IMAGE,SATA,SATAjet 100 B,145185 145193 145201 145219 145722 145730 145748 146134 146142 146159 146175 146183 146217 146373 146969 147421 147447 147454 147470 153023 175174 175182 182592 189613 203125 1012632 1012640 1012658 1012666 1012674 1012682 1012690 1012707 1012715,/katalog ; /katalog/strana/22 ; /katalog?brend=sata ; /proizvodi/satajet-100-b ; pretraga sajta (isti prikaz kartice),"packshot proizvoda (kartica u katalogu, PDP, srodni proizvodi, pretraga)","Zvanična slika postoji, ali SATA zadržava sva prava i ne objavljuje dozvolu za preprodavce; potrebna je pisana saglasnost SATA (ili slike iz SATA PSV dealer shop-a).","sata.com stranica artikla (slika postoji, URL iz manifesta od 2026-09-24 vraća 404 — SATA je premestio media putanje); sata.com/en/legal-notice, /en/terms-conditions, /de-de/agb, /en/service/downloads (nema press/media dozvole) ; zvanični URL iz manifesta: https://www.sata.com/media/09/13/4f/1788164837/145185_MAIN.WEBP.WEBP",SATA 145185 site:sata.com,sata__satajet-100-b
PRODUCT_IMAGE,SATA,SATAjet 1000 B,149302 149310 149328 149344 149351 149377 149385 149393 149401 149419 149427 149435 149443 150342 150391 150409 151183 151191 151209 151217 151225 151233 151241 151258 154161 154179 154922 157875 157883 157891 157909 157917 157925 157933 157941 157958 157966 157974 157982 157990 158089 158097 158139 158147 164962 214320 1003194 1003201 1003219 1003227 1003235 1003243,/katalog ; /katalog/strana/22 ; /katalog?brend=sata ; /proizvodi/sata-extension-with-jet-1000-b ; /proizvodi/satajet-1000-b ; pretraga sajta (isti prikaz kartice),"packshot proizvoda (kartica u katalogu, PDP, srodni proizvodi, pretraga)","Zvanična slika postoji, ali SATA zadržava sva prava i ne objavljuje dozvolu za preprodavce; potrebna je pisana saglasnost SATA (ili slike iz SATA PSV dealer shop-a).","sata.com stranica artikla (slika postoji, URL iz manifesta od 2026-09-24 vraća 404 — SATA je premestio media putanje); sata.com/en/legal-notice, /en/terms-conditions, /de-de/agb, /en/service/downloads (nema press/media dozvole) ; zvanični URL iz manifesta: https://www.sata.com/media/94/44/da/1788164800/149302_MAIN.WEBP.WEBP",SATA 149302 site:sata.com,sata__satajet-1000-b
PRODUCT_IMAGE,SATA,SATAjet 1000 B Lignum 3,1107772 1107780 1107798 1107805 1107813 1107821 1107839 1107847,/katalog ; /katalog/strana/22 ; /katalog?brend=sata ; /proizvodi/satajet-1000-b-lignum-3 ; pretraga sajta (isti prikaz kartice),"packshot proizvoda (kartica u katalogu, PDP, srodni proizvodi, pretraga)","Zvanična slika postoji, ali SATA zadržava sva prava i ne objavljuje dozvolu za preprodavce; potrebna je pisana saglasnost SATA (ili slike iz SATA PSV dealer shop-a).","sata.com stranica artikla (slika postoji, URL iz manifesta od 2026-09-24 vraća 404 — SATA je premestio media putanje); sata.com/en/legal-notice, /en/terms-conditions, /de-de/agb, /en/service/downloads (nema press/media dozvole) ; zvanični URL iz manifesta: https://www.sata.com/media/f8/78/d8/1788164835/1107772_MAIN.WEBP.WEBP",SATA 1107772 site:sata.com,sata__satajet-1000-b-lignum-3
PRODUCT_IMAGE,SATA,SATAjet 1000 H,151266 151274 153353 161034,/katalog ; /katalog/strana/22 ; /katalog?brend=sata ; /proizvodi/sata-rps-adapter-with-qcc-and-connection ; /proizvodi/satajet-1000-h ; pretraga sajta (isti prikaz kartice),"packshot proizvoda (kartica u katalogu, PDP, srodni proizvodi, pretraga)","Zvanična slika postoji, ali SATA zadržava sva prava i ne objavljuje dozvolu za preprodavce; potrebna je pisana saglasnost SATA (ili slike iz SATA PSV dealer shop-a).","sata.com stranica artikla (slika postoji, URL iz manifesta od 2026-09-24 vraća 404 — SATA je premestio media putanje); sata.com/en/legal-notice, /en/terms-conditions, /de-de/agb, /en/service/downloads (nema press/media dozvole) ; zvanični URL iz manifesta: https://www.sata.com/media/e1/a2/28/1788164841/151266_MAIN.WEBP.WEBP",SATA 151266 site:sata.com,sata__satajet-1000-h
PRODUCT_IMAGE,SATA,SATAjet 1000 K,132092 132100 132118 132126 132134 132142 139196 139204 139212 139220 139238 141903 141911 141929 141937 141945 141952 141960 141978 141986 142000 142018 153486 153494 154336 154344 154351 154369 154930 161232 193664 206490 211979 1004928,/katalog ; /katalog/strana/22 ; /katalog?brend=sata ; /proizvodi/sata-extension-with-jet-1000-k ; /proizvodi/satajet-1000-k ; pretraga sajta (isti prikaz kartice),"packshot proizvoda (kartica u katalogu, PDP, srodni proizvodi, pretraga)","Zvanična slika postoji, ali SATA zadržava sva prava i ne objavljuje dozvolu za preprodavce; potrebna je pisana saglasnost SATA (ili slike iz SATA PSV dealer shop-a).","sata.com stranica artikla (slika postoji, URL iz manifesta od 2026-09-24 vraća 404 — SATA je premestio media putanje); sata.com/en/legal-notice, /en/terms-conditions, /de-de/agb, /en/service/downloads (nema press/media dozvole) ; zvanični URL iz manifesta: https://www.sata.com/media/2c/65/d5/1788164840/132092_MAIN.WEBP.WEBP",SATA 132092 site:sata.com,sata__satajet-1000-k
PRODUCT_IMAGE,SATA,SATAjet 1000 KK,153700 / 153700 / Art. 153700,/katalog ; /katalog/strana/22 ; /katalog?brend=sata ; /proizvodi/satajet-1000-kk ; pretraga sajta (isti prikaz kartice),"packshot proizvoda (kartica u katalogu, PDP, srodni proizvodi, pretraga)","Zvanična slika postoji, ali SATA zadržava sva prava i ne objavljuje dozvolu za preprodavce; potrebna je pisana saglasnost SATA (ili slike iz SATA PSV dealer shop-a).","sata.com stranica artikla (slika postoji, URL iz manifesta od 2026-09-24 vraća 404 — SATA je premestio media putanje); sata.com/en/legal-notice, /en/terms-conditions, /de-de/agb, /en/service/downloads (nema press/media dozvole) ; zvanični URL iz manifesta: https://www.sata.com/media/93/fb/c6/1788164801/153700_MAIN.WEBP.WEBP",SATA 153700 site:sata.com,sata__satajet-1000-kk
PRODUCT_IMAGE,SATA,SATAjet 20 B,65078 65581 65649 66316 69229 86181 86199 86207 86215 86223 90381 189035,/katalog ; /katalog/strana/23 ; /katalog?brend=sata ; /proizvodi/sata-pvc-compressed-air-hose-with-mini-quick-coupling-jet-20-b ; /proizvodi/sata-rps-adapter-with-qcc-and-connection ; /proizvodi/satajet-20-b ; pretraga sajta (isti prikaz kartice),"packshot proizvoda (kartica u katalogu, PDP, srodni proizvodi, pretraga)","Zvanična slika postoji, ali SATA zadržava sva prava i ne objavljuje dozvolu za preprodavce; potrebna je pisana saglasnost SATA (ili slike iz SATA PSV dealer shop-a).","sata.com stranica artikla (slika postoji, URL iz manifesta od 2026-09-24 vraća 404 — SATA je premestio media putanje); sata.com/en/legal-notice, /en/terms-conditions, /de-de/agb, /en/service/downloads (nema press/media dozvole) ; zvanični URL iz manifesta: https://www.sata.com/media/1c/00/7c/1788164837/65078_MAIN.WEBP.WEBP",SATA 65078 site:sata.com,sata__satajet-20-b
PRODUCT_IMAGE,SATA,SATAjet 3000 K,92924 92932 93336 93344 93351 93369 93377 93385 93393 96164 96172 137844 141994 142265 193656 223511,/katalog ; /katalog/strana/23 ; /katalog?brend=sata ; /proizvodi/satajet-3000-k ; pretraga sajta (isti prikaz kartice),"packshot proizvoda (kartica u katalogu, PDP, srodni proizvodi, pretraga)","Zvanična slika postoji, ali SATA zadržava sva prava i ne objavljuje dozvolu za preprodavce; potrebna je pisana saglasnost SATA (ili slike iz SATA PSV dealer shop-a).","sata.com stranica artikla (slika postoji, URL iz manifesta od 2026-09-24 vraća 404 — SATA je premestio media putanje); sata.com/en/legal-notice, /en/terms-conditions, /de-de/agb, /en/service/downloads (nema press/media dozvole) ; zvanični URL iz manifesta: https://www.sata.com/media/d7/f7/a9/1788164839/92924_MAIN.WEBP.WEBP",SATA 92924 site:sata.com,sata__satajet-3000-k
PRODUCT_IMAGE,SATA,SATAjet 3000 K spray mix,120006 120014,/katalog ; /katalog/strana/23 ; /katalog?brend=sata ; /proizvodi/sata-nozzle-cleaning-kit-includes-sealing-insert-and-cap-jet-3000-k-spray-mix ; /proizvodi/satajet-3000-k-spray-mix ; pretraga sajta (isti prikaz kartice),"packshot proizvoda (kartica u katalogu, PDP, srodni proizvodi, pretraga)","Zvanična slika postoji, ali SATA zadržava sva prava i ne objavljuje dozvolu za preprodavce; potrebna je pisana saglasnost SATA (ili slike iz SATA PSV dealer shop-a).","sata.com stranica artikla (slika postoji, URL iz manifesta od 2026-09-24 vraća 404 — SATA je premestio media putanje); sata.com/en/legal-notice, /en/terms-conditions, /de-de/agb, /en/service/downloads (nema press/media dozvole) ; zvanični URL iz manifesta: https://www.sata.com/media/96/40/1f/1788164801/120006_MAIN.WEBP.WEBP",SATA 120006 site:sata.com,sata__satajet-3000-k-spray-mix
PRODUCT_IMAGE,SATA,SATAjet 5000 B,209775 209783 209791 209809 209890 209908 209916 210559 210567 210575 210591 210609 210732 210831 210849 210856 215640 1005075 1117523 1117531,/katalog ; /katalog/strana/23 ; /katalog?brend=sata ; /proizvodi/satajet-5000-b ; pretraga sajta (isti prikaz kartice),"packshot proizvoda (kartica u katalogu, PDP, srodni proizvodi, pretraga)","Zvanična slika postoji, ali SATA zadržava sva prava i ne objavljuje dozvolu za preprodavce; potrebna je pisana saglasnost SATA (ili slike iz SATA PSV dealer shop-a).","sata.com stranica artikla (slika postoji, URL iz manifesta od 2026-09-24 vraća 404 — SATA je premestio media putanje); sata.com/en/legal-notice, /en/terms-conditions, /de-de/agb, /en/service/downloads (nema press/media dozvole) ; zvanični URL iz manifesta: https://www.sata.com/media/e9/01/cf/1788164832/209775_MAIN.WEBP.WEBP",SATA 209775 site:sata.com,sata__satajet-5000-b
PRODUCT_IMAGE,SATA,SATAjet H,23721 23739 23747,/katalog ; /katalog/strana/23 ; /katalog?brend=sata ; /proizvodi/satajet-h ; pretraga sajta (isti prikaz kartice),"packshot proizvoda (kartica u katalogu, PDP, srodni proizvodi, pretraga)","Zvanična slika postoji, ali SATA zadržava sva prava i ne objavljuje dozvolu za preprodavce; potrebna je pisana saglasnost SATA (ili slike iz SATA PSV dealer shop-a).","sata.com stranica artikla (slika postoji, URL iz manifesta od 2026-09-24 vraća 404 — SATA je premestio media putanje); sata.com/en/legal-notice, /en/terms-conditions, /de-de/agb, /en/service/downloads (nema press/media dozvole) ; zvanični URL iz manifesta: https://www.sata.com/media/0b/24/4a/1788164802/23721_MAIN.WEBP.WEBP",SATA 23721 site:sata.com,sata__satajet-h
PRODUCT_IMAGE,SATA,SATAjet K 1800 spray mix,1068023 1090076 1091454,/katalog ; /katalog/strana/23 ; /katalog?brend=sata ; /proizvodi/sata-nozzle-cleaning-set-jet-k-1800-spray-mix ; /proizvodi/satajet-k-1800-spray-mix ; pretraga sajta (isti prikaz kartice),"packshot proizvoda (kartica u katalogu, PDP, srodni proizvodi, pretraga)","Zvanična slika postoji, ali SATA zadržava sva prava i ne objavljuje dozvolu za preprodavce; potrebna je pisana saglasnost SATA (ili slike iz SATA PSV dealer shop-a).","sata.com stranica artikla (slika postoji, URL iz manifesta od 2026-09-24 vraća 404 — SATA je premestio media putanje); sata.com/en/legal-notice, /en/terms-conditions, /de-de/agb, /en/service/downloads (nema press/media dozvole) ; zvanični URL iz manifesta: https://www.sata.com/media/06/06/c3/1788164801/1068023_MAIN.WEBP.WEBP",SATA 1068023 site:sata.com,sata__satajet-k-1800-spray-mix
PRODUCT_IMAGE,SATA,SATAjet X 5500,CF1931072 / 1061548 1061556 1061564 1061572 1061580 1061598 1061605 1061613 1061621 1061647 1061697 1061712 1061746 1061788 1061803 1061829 1061879 1061887 1061895 1061902 1061910 1061928 1061936 1061944 1061952 1061960 1061978 1061994 1062025 1062033 1062067 1062075 1062108 1062124 1062158 1062166 1106534 1106542 1106550 1106568 1126889 1126897 1202663 1202803,/katalog ; /katalog/strana/22 ; /katalog?brend=sata ; /proizvodi/baslac-60-20-razredjivac ; /proizvodi/rm-diamont-bazna-boja ; /proizvodi/satajet-x-5500 ; pretraga sajta (isti prikaz kartice),"packshot proizvoda (kartica u katalogu, PDP, srodni proizvodi, pretraga)","Zvanična slika postoji, ali SATA zadržava sva prava i ne objavljuje dozvolu za preprodavce; potrebna je pisana saglasnost SATA (ili slike iz SATA PSV dealer shop-a).","sata.com stranica artikla (slika postoji, URL iz manifesta od 2026-09-24 vraća 404 — SATA je premestio media putanje); sata.com/en/legal-notice, /en/terms-conditions, /de-de/agb, /en/service/downloads (nema press/media dozvole) ; zvanični URL iz manifesta: https://www.sata.com/media/8e/1c/d5/1788164830/1061548_MAIN.WEBP.WEBP",SATA 1061548 site:sata.com,sata__satajet-x-5500
PRODUCT_IMAGE,SATA,SATAjet X 5500 Clear Coat Edition,1174573 1185893,/katalog ; /katalog/strana/23 ; /katalog?brend=sata ; /proizvodi/satajet-x-5500-clear-coat-edition ; pretraga sajta (isti prikaz kartice),"packshot proizvoda (kartica u katalogu, PDP, srodni proizvodi, pretraga)","Zvanična slika postoji, ali SATA zadržava sva prava i ne objavljuje dozvolu za preprodavce; potrebna je pisana saglasnost SATA (ili slike iz SATA PSV dealer shop-a).","sata.com stranica artikla (slika postoji, URL iz manifesta od 2026-09-24 vraća 404 — SATA je premestio media putanje); sata.com/en/legal-notice, /en/terms-conditions, /de-de/agb, /en/service/downloads (nema press/media dozvole) ; zvanični URL iz manifesta: https://www.sata.com/media/aa/87/44/1788164799/1174573_MAIN.WEBP.WEBP",SATA 1174573 site:sata.com,sata__satajet-x-5500-clear-coat-edition
PRODUCT_IMAGE,SATA,SATAjet X 5500 PHASER,1096066 1096074 1096082 1096090 1096107 1096115 1096123 1096131 1096149 1096157 1150002 1150010,/katalog ; /katalog/strana/23 ; /katalog?brend=sata ; /proizvodi/satajet-x-5500-phaser ; pretraga sajta (isti prikaz kartice),"packshot proizvoda (kartica u katalogu, PDP, srodni proizvodi, pretraga)","Zvanična slika postoji, ali SATA zadržava sva prava i ne objavljuje dozvolu za preprodavce; potrebna je pisana saglasnost SATA (ili slike iz SATA PSV dealer shop-a).","sata.com stranica artikla (slika postoji, URL iz manifesta od 2026-09-24 vraća 404 — SATA je premestio media putanje); sata.com/en/legal-notice, /en/terms-conditions, /de-de/agb, /en/service/downloads (nema press/media dozvole) ; zvanični URL iz manifesta: https://www.sata.com/media/d3/f2/67/1788164827/1096066_MAIN.WEBP.WEBP",SATA 1096066 site:sata.com,sata__satajet-x-5500-phaser
PRODUCT_IMAGE,SATA,SATAminijet 1000 K,187450 187468 187476 187484 187492 190280 190298 190306 190314 190322 197152,/katalog ; /katalog/strana/23 ; /katalog?brend=sata ; /proizvodi/sataminijet-1000-k ; pretraga sajta (isti prikaz kartice),"packshot proizvoda (kartica u katalogu, PDP, srodni proizvodi, pretraga)","Zvanična slika postoji, ali SATA zadržava sva prava i ne objavljuje dozvolu za preprodavce; potrebna je pisana saglasnost SATA (ili slike iz SATA PSV dealer shop-a).","sata.com stranica artikla (slika postoji, URL iz manifesta od 2026-09-24 vraća 404 — SATA je premestio media putanje); sata.com/en/legal-notice, /en/terms-conditions, /de-de/agb, /en/service/downloads (nema press/media dozvole) ; zvanični URL iz manifesta: https://www.sata.com/media/1e/5b/96/1788164841/187450_MAIN.WEBP.WEBP",SATA 187450 site:sata.com,sata__sataminijet-1000-k
PRODUCT_IMAGE,SATA,SATAminijet 4400 B,197970 197988 197996 198002 198010 198069 198077 198085 198093 198168 198176 198184 198192 198200 198218 198226 198234 198242 198358 198366 198374 198382 202382 202390 202416 204156 204164 204172 204180 204198 204206 1065136 1114149,/katalog ; /katalog/strana/23 ; /katalog?brend=sata ; /proizvodi/sata-air-cap-protector ; /proizvodi/sata-air-cap-protector-uv ; /proizvodi/sata-pvc-air-hose-with-mini-quick-coupling-nipple-with-minijet-4400-b ; /proizvodi/sata-spray-gun-holder ; /proizvodi/sataminijet-4400-b ; pretraga sajta (isti prikaz kartice),"packshot proizvoda (kartica u katalogu, PDP, srodni proizvodi, pretraga)","Zvanična slika postoji, ali SATA zadržava sva prava i ne objavljuje dozvolu za preprodavce; potrebna je pisana saglasnost SATA (ili slike iz SATA PSV dealer shop-a).","sata.com stranica artikla (slika postoji, URL iz manifesta od 2026-09-24 vraća 404 — SATA je premestio media putanje); sata.com/en/legal-notice, /en/terms-conditions, /de-de/agb, /en/service/downloads (nema press/media dozvole) ; zvanični URL iz manifesta: https://www.sata.com/media/b9/f3/4e/1788164838/197970_MAIN.WEBP.WEBP",SATA 197970 site:sata.com,sata__sataminijet-4400-b
PACKAGE_SLOT,baslac,Sistemska stranica line-30 — packshot ambalaže 1 L,17 baza u pakovanju 1 L,/proizvodi/grupa/baslac-line-30?varijanta=30-S110 ; /proizvodi/grupa/baslac-line-30?varijanta=30-S120 ; /proizvodi/grupa/baslac-line-30?varijanta=30-S150 ; /proizvodi/grupa/baslac-line-30?varijanta=30-S160 ; /proizvodi/grupa/baslac-line-30?varijanta=30-S220 ; /proizvodi/grupa/baslac-line-30?varijanta=30-S230 ; /proizvodi/grupa/baslac-line-30?varijanta=30-S310 ; /proizvodi/grupa/baslac-line-30?varijanta=30-S320 ; /proizvodi/grupa/baslac-line-30?varijanta=30-S330 ; /proizvodi/grupa/baslac-line-30?varijanta=30-S411 ; /proizvodi/grupa/baslac-line-30?varijanta=30-S420 ; /proizvodi/grupa/baslac-line-30?varijanta=30-S511 ; /proizvodi/grupa/baslac-line-30?varijanta=30-S520 ; /proizvodi/grupa/baslac-line-30?varijanta=30-S530 ; /proizvodi/grupa/baslac-line-30?varijanta=30-S610 ; /proizvodi/grupa/baslac-line-30?varijanta=30-S621 ; /proizvodi/grupa/baslac-line-30?varijanta=30-S910,generička slika ambalaže 1 L za sistem line-30 (prikazuje se „Zvanična fotografija ambalaže za ovo pakovanje je u pripremi.”),"Stranica namerno ne prikazuje limenku druge zapremine. Portal nema generičku limenku sistema za ovu zapreminu — samo limenke konkretnih šifri, koje bi uz drugu izabranu bazu prikazale pogrešnu šifru. Potrebna odluka: generički packshot ili „primer ambalaže” (kao na kartici Line 45).","Surventis Brand Portal baslac hub 54 (svih 441 asseta, 2026-10-06); baslac.com stranica proizvoda (nema packshota) ; kandidati (primer ambalaže, NE generička): 12114 (30-S110 1 L)",baslac Line 30 1 L family packshot (generička limenka bez šifre nijanse),baslac-volume:line-30:1 L
PACKAGE_SLOT,baslac,Sistemska stranica line-35 — packshot ambalaže 1 L,17 baza u pakovanju 1 L,/proizvodi/grupa/baslac-line-35?varijanta=35-M1021 ; /proizvodi/grupa/baslac-line-35?varijanta=35-M1110 ; /proizvodi/grupa/baslac-line-35?varijanta=35-M1350 ; /proizvodi/grupa/baslac-line-35?varijanta=35-M1411 ; /proizvodi/grupa/baslac-line-35?varijanta=35-M1420 ; /proizvodi/grupa/baslac-line-35?varijanta=35-M1430 ; /proizvodi/grupa/baslac-line-35?varijanta=35-M1511 ; /proizvodi/grupa/baslac-line-35?varijanta=35-M1521 ; /proizvodi/grupa/baslac-line-35?varijanta=35-M1530 ; /proizvodi/grupa/baslac-line-35?varijanta=35-M1610 ; /proizvodi/grupa/baslac-line-35?varijanta=35-M1920 ; /proizvodi/grupa/baslac-line-35?varijanta=35-M215 ; /proizvodi/grupa/baslac-line-35?varijanta=35-M216 ; /proizvodi/grupa/baslac-line-35?varijanta=35-M218 ; /proizvodi/grupa/baslac-line-35?varijanta=35-M302 ; /proizvodi/grupa/baslac-line-35?varijanta=35-M311 ; /proizvodi/grupa/baslac-line-35?varijanta=35-M590,generička slika ambalaže 1 L za sistem line-35 (prikazuje se „Zvanična fotografija ambalaže za ovo pakovanje je u pripremi.”),"Stranica namerno ne prikazuje limenku druge zapremine. Portal nema generičku limenku sistema za ovu zapreminu — samo limenke konkretnih šifri, koje bi uz drugu izabranu bazu prikazale pogrešnu šifru. Potrebna odluka: generički packshot ili „primer ambalaže” (kao na kartici Line 45).","Surventis Brand Portal baslac hub 54 (svih 441 asseta, 2026-10-06); baslac.com stranica proizvoda (nema packshota) ; kandidati (primer ambalaže, NE generička): 12115 (35-M1020 1 L)",baslac Line 35 1 L family packshot (generička limenka bez šifre nijanse),baslac-volume:line-35:1 L
PACKAGE_SLOT,baslac,"Sistemska stranica line-35 — packshot ambalaže 0,5 L","32 baza u pakovanju 0,5 L",/proizvodi/grupa/baslac-line-35?varijanta=35-M1120 ; /proizvodi/grupa/baslac-line-35?varijanta=35-M1130 ; /proizvodi/grupa/baslac-line-35?varijanta=35-M1140 ; /proizvodi/grupa/baslac-line-35?varijanta=35-M1150 ; /proizvodi/grupa/baslac-line-35?varijanta=35-M1160 ; /proizvodi/grupa/baslac-line-35?varijanta=35-M1170 ; /proizvodi/grupa/baslac-line-35?varijanta=35-M1220 ; /proizvodi/grupa/baslac-line-35?varijanta=35-M1230 ; /proizvodi/grupa/baslac-line-35?varijanta=35-M1310 ; /proizvodi/grupa/baslac-line-35?varijanta=35-M1320 ; /proizvodi/grupa/baslac-line-35?varijanta=35-M1330 ; /proizvodi/grupa/baslac-line-35?varijanta=35-M1340 ; /proizvodi/grupa/baslac-line-35?varijanta=35-M1360 ; /proizvodi/grupa/baslac-line-35?varijanta=35-M1370 ; /proizvodi/grupa/baslac-line-35?varijanta=35-M1390 ; /proizvodi/grupa/baslac-line-35?varijanta=35-M1516 ; /proizvodi/grupa/baslac-line-35?varijanta=35-M1990 ; /proizvodi/grupa/baslac-line-35?varijanta=35-M211 ; /proizvodi/grupa/baslac-line-35?varijanta=35-M217 ; /proizvodi/grupa/baslac-line-35?varijanta=35-M300 ; /proizvodi/grupa/baslac-line-35?varijanta=35-M312 ; /proizvodi/grupa/baslac-line-35?varijanta=35-M313 ; /proizvodi/grupa/baslac-line-35?varijanta=35-M331 ; /proizvodi/grupa/baslac-line-35?varijanta=35-M332 ; /proizvodi/grupa/baslac-line-35?varijanta=35-M341 ; /proizvodi/grupa/baslac-line-35?varijanta=35-M343 ; /proizvodi/grupa/baslac-line-35?varijanta=35-M352 ; /proizvodi/grupa/baslac-line-35?varijanta=35-M353 ; /proizvodi/grupa/baslac-line-35?varijanta=35-M381 ; /proizvodi/grupa/baslac-line-35?varijanta=35-M382 ; /proizvodi/grupa/baslac-line-35?varijanta=35-M391 ; /proizvodi/grupa/baslac-line-35?varijanta=35-M599,"generička slika ambalaže 0,5 L za sistem line-35 (prikazuje se „Zvanična fotografija ambalaže za ovo pakovanje je u pripremi.”)","Stranica namerno ne prikazuje limenku druge zapremine. Portal nema generičku limenku sistema za ovu zapreminu — samo limenke konkretnih šifri, koje bi uz drugu izabranu bazu prikazale pogrešnu šifru. Potrebna odluka: generički packshot ili „primer ambalaže” (kao na kartici Line 45).","Surventis Brand Portal baslac hub 54 (svih 441 asseta, 2026-10-06); baslac.com stranica proizvoda (nema packshota) ; kandidati (primer ambalaže, NE generička): 12092 (35-M1120 0,5 L)","baslac Line 35 0,5 L family packshot (generička limenka bez šifre nijanse)","baslac-volume:line-35:0,5 L"
PACKAGE_SLOT,baslac,Sistemska stranica line-45 — packshot ambalaže 5 L,2 baza u pakovanju 5 L,/proizvodi/grupa/baslac-line-45?varijanta=45-R45 ; /proizvodi/grupa/baslac-line-45?varijanta=45-W00,generička slika ambalaže 5 L za sistem line-45 (prikazuje se „Zvanična fotografija ambalaže za ovo pakovanje je u pripremi.”),"Stranica namerno ne prikazuje limenku druge zapremine. Portal nema generičku limenku sistema za ovu zapreminu — samo limenke konkretnih šifri, koje bi uz drugu izabranu bazu prikazale pogrešnu šifru. Potrebna odluka: generički packshot ili „primer ambalaže” (kao na kartici Line 45).","Surventis Brand Portal baslac hub 54 (svih 441 asseta, 2026-10-06); baslac.com stranica proizvoda (nema packshota) ; kandidati (primer ambalaže, NE generička): 12081 (45-W00 5 L), 12080 (45-R45 5 L)",baslac Line 45 5 L family packshot (generička limenka bez šifre nijanse),baslac-volume:line-45:5 L
PACKAGE_SLOT,baslac,Sistemska stranica line-45 — packshot ambalaže 1 L,7 baza u pakovanju 1 L,/proizvodi/grupa/baslac-line-45?varijanta=45-W05 ; /proizvodi/grupa/baslac-line-45?varijanta=45-W1010 ; /proizvodi/grupa/baslac-line-45?varijanta=45-W1011 ; /proizvodi/grupa/baslac-line-45?varijanta=45-W1520 ; /proizvodi/grupa/baslac-line-45?varijanta=45-W1610 ; /proizvodi/grupa/baslac-line-45?varijanta=45-W1920 ; /proizvodi/grupa/baslac-line-45?varijanta=45-W590,generička slika ambalaže 1 L za sistem line-45 (prikazuje se „Zvanična fotografija ambalaže za ovo pakovanje je u pripremi.”),"Stranica namerno ne prikazuje limenku druge zapremine. Portal nema generičku limenku sistema za ovu zapreminu — samo limenke konkretnih šifri, koje bi uz drugu izabranu bazu prikazale pogrešnu šifru. Potrebna odluka: generički packshot ili „primer ambalaže” (kao na kartici Line 45).","Surventis Brand Portal baslac hub 54 (svih 441 asseta, 2026-10-06); baslac.com stranica proizvoda (nema packshota) ; kandidati (primer ambalaže, NE generička): 12121 (45-W1010 1 L) — već se koristi kao „primer ambalaže” na kartici Line 45",baslac Line 45 1 L family packshot (generička limenka bez šifre nijanse),baslac-volume:line-45:1 L
PACKAGE_SLOT,baslac,"Sistemska stranica line-45 — packshot ambalaže 0,5 L","49 baza u pakovanju 0,5 L",/proizvodi/grupa/baslac-line-45?varijanta=45-W10 ; /proizvodi/grupa/baslac-line-45?varijanta=45-W1012 ; /proizvodi/grupa/baslac-line-45?varijanta=45-W1019 ; /proizvodi/grupa/baslac-line-45?varijanta=45-W1020 ; /proizvodi/grupa/baslac-line-45?varijanta=45-W1110 ; /proizvodi/grupa/baslac-line-45?varijanta=45-W1120 ; /proizvodi/grupa/baslac-line-45?varijanta=45-W1130 ; /proizvodi/grupa/baslac-line-45?varijanta=45-W1140 ; /proizvodi/grupa/baslac-line-45?varijanta=45-W1147 ; /proizvodi/grupa/baslac-line-45?varijanta=45-W1150 ; /proizvodi/grupa/baslac-line-45?varijanta=45-W1160 ; /proizvodi/grupa/baslac-line-45?varijanta=45-W1220 ; /proizvodi/grupa/baslac-line-45?varijanta=45-W1310 ; /proizvodi/grupa/baslac-line-45?varijanta=45-W1320 ; /proizvodi/grupa/baslac-line-45?varijanta=45-W1340 ; /proizvodi/grupa/baslac-line-45?varijanta=45-W1350 ; /proizvodi/grupa/baslac-line-45?varijanta=45-W1360 ; /proizvodi/grupa/baslac-line-45?varijanta=45-W1371 ; /proizvodi/grupa/baslac-line-45?varijanta=45-W1411 ; /proizvodi/grupa/baslac-line-45?varijanta=45-W1420 ; /proizvodi/grupa/baslac-line-45?varijanta=45-W1430 ; /proizvodi/grupa/baslac-line-45?varijanta=45-W1510 ; /proizvodi/grupa/baslac-line-45?varijanta=45-W1530 ; /proizvodi/grupa/baslac-line-45?varijanta=45-W1621 ; /proizvodi/grupa/baslac-line-45?varijanta=45-W1910 ; /proizvodi/grupa/baslac-line-45?varijanta=45-W1921 ; /proizvodi/grupa/baslac-line-45?varijanta=45-W1930 ; /proizvodi/grupa/baslac-line-45?varijanta=45-W1990 ; /proizvodi/grupa/baslac-line-45?varijanta=45-W210 ; /proizvodi/grupa/baslac-line-45?varijanta=45-W211 ; /proizvodi/grupa/baslac-line-45?varijanta=45-W212 ; /proizvodi/grupa/baslac-line-45?varijanta=45-W213 ; /proizvodi/grupa/baslac-line-45?varijanta=45-W214 ; /proizvodi/grupa/baslac-line-45?varijanta=45-W220 ; /proizvodi/grupa/baslac-line-45?varijanta=45-W221 ; /proizvodi/grupa/baslac-line-45?varijanta=45-W301 ; /proizvodi/grupa/baslac-line-45?varijanta=45-W302 ; /proizvodi/grupa/baslac-line-45?varijanta=45-W311 ; /proizvodi/grupa/baslac-line-45?varijanta=45-W331 ; /proizvodi/grupa/baslac-line-45?varijanta=45-W343 ; /proizvodi/grupa/baslac-line-45?varijanta=45-W351 ; /proizvodi/grupa/baslac-line-45?varijanta=45-W352 ; /proizvodi/grupa/baslac-line-45?varijanta=45-W382 ; /proizvodi/grupa/baslac-line-45?varijanta=45-W391 ; /proizvodi/grupa/baslac-line-45?varijanta=45-W400 ; /proizvodi/grupa/baslac-line-45?varijanta=45-W435 ; /proizvodi/grupa/baslac-line-45?varijanta=45-W446 ; /proizvodi/grupa/baslac-line-45?varijanta=45-W485 ; /proizvodi/grupa/baslac-line-45?varijanta=45-W490,"generička slika ambalaže 0,5 L za sistem line-45 (prikazuje se „Zvanična fotografija ambalaže za ovo pakovanje je u pripremi.”)","Stranica namerno ne prikazuje limenku druge zapremine. Portal nema generičku limenku sistema za ovu zapreminu — samo limenke konkretnih šifri, koje bi uz drugu izabranu bazu prikazale pogrešnu šifru. Potrebna odluka: generički packshot ili „primer ambalaže” (kao na kartici Line 45).","Surventis Brand Portal baslac hub 54 (svih 441 asseta, 2026-10-06); baslac.com stranica proizvoda (nema packshota) ; kandidati (primer ambalaže, NE generička): 12094 (45-W1020 0,5 L), 12093 (45-W10 0,5 L)","baslac Line 45 0,5 L family packshot (generička limenka bez šifre nijanse)","baslac-volume:line-45:0,5 L"
PACKAGE_SLOT,baslac,"Sistemska stranica line-45 — packshot ambalaže 0,1 L","12 baza u pakovanju 0,1 L",/proizvodi/grupa/baslac-line-45?varijanta=45-W1390 ; /proizvodi/grupa/baslac-line-45?varijanta=45-W599 ; /proizvodi/grupa/baslac-line-45?varijanta=49-W408 ; /proizvodi/grupa/baslac-line-45?varijanta=49-W410 ; /proizvodi/grupa/baslac-line-45?varijanta=49-W420 ; /proizvodi/grupa/baslac-line-45?varijanta=49-W425 ; /proizvodi/grupa/baslac-line-45?varijanta=49-W436 ; /proizvodi/grupa/baslac-line-45?varijanta=49-W441 ; /proizvodi/grupa/baslac-line-45?varijanta=49-W443 ; /proizvodi/grupa/baslac-line-45?varijanta=49-W448 ; /proizvodi/grupa/baslac-line-45?varijanta=49-W469 ; /proizvodi/grupa/baslac-line-45?varijanta=49-W488,"generička slika ambalaže 0,1 L za sistem line-45 (prikazuje se „Zvanična fotografija ambalaže za ovo pakovanje je u pripremi.”)","Stranica namerno ne prikazuje limenku druge zapremine. Portal nema generičku limenku sistema za ovu zapreminu — samo limenke konkretnih šifri, koje bi uz drugu izabranu bazu prikazale pogrešnu šifru. Potrebna odluka: generički packshot ili „primer ambalaže” (kao na kartici Line 45).","Surventis Brand Portal baslac hub 54 (svih 441 asseta, 2026-10-06); baslac.com stranica proizvoda (nema packshota) ; kandidati (primer ambalaže, NE generička): 12088 / 12068 (45-W1390 0,1 L), 12089 / 12071 (49-W463 0,1 L)","baslac Line 45 0,1 L family packshot (generička limenka bez šifre nijanse)","baslac-volume:line-45:0,1 L"
BRAND_PAGE_PHOTO,Carsystem,"Brend stranica — hero fotografije (priprema / lakiranje / završna obrada), desktop + mobilna verzija",,/brendovi/carsystem,"6 fajlova: carsystem-hero-{preparation,painting,finishing}.webp i …-mobile.webp (public/images/brands/carsystem/hero/); stranica prikazuje generičku SVG šemu radionice umesto fotografije","Kandidati postoje na carsystem.org (npr. Flow_Banner.jpg 4961×3721, Explorer-Ltd-Coverall-Banner.jpg 5184×3888, Polieren-min.jpg 6016×4000), ali impressum carsystem.org (VOSSCHEMIE) zabranjuje komercijalnu upotrebu bez saglasnosti nosioca prava. Lackieren-min.jpg odbačen (SATA logo na čaši).","carsystem.org (sitemap 13 strana, 6 jezičkih početnih, vesti, 10 kategorija, katalog 2026/27 PDF, flajeri); carsystem.org/impressum","Zatražiti od VOSSCHEMIE (info@vosschemie.de) dozvolu za carsystem.org kategorijske fotografije: Schleifen-min, Abdecken-min, Polieren-min, Flow_Banner",
BRAND_PAGE_PHOTO,Carsystem,Brend stranica — fotografije procesa (priprema / nanošenje / završna obrada),,/brendovi/carsystem,"3 fajla: carsystem-process-{preparation,application,finish}.webp (public/images/brands/carsystem/process/); prikazuje se SVG šema","Isto kao hero: kandidati na carsystem.org (Spachteln-min, Kleben_Beschichten-min, Polieren-min), dozvola nosioca prava nije data.",carsystem.org (kao iznad),carsystem.org Kategoriebild Schleifen / Spachteln / Kleben Beschichten / Polieren — zatražiti originale i dozvolu,
BRAND_PAGE_PHOTO,Carsystem,Brend stranica — niz od 4 faze istog panela (oštećenje → pripremljeno → lakirano → završeno),,/brendovi/carsystem,"4 fajla: carsystem-workflow-{damage,prepared,painted,finished}.webp (public/images/brands/carsystem/workflow/)","Mora biti stvarni niz istog panela, istog ugla i svetla. Takav niz ne postoji ni na carsystem.org, ni u katalogu 2026/27, ni na baslac/R-M portalu. Ne pravi se montažom ni AI-jem.","carsystem.org, katalog 2026/27 (110 strana), baslac Technical Support Tool (video kadrovi menjaju ugao)","Snimiti u radionici: isti panel, isti ugao, 4 faze (vlasnik/partnerska radionica)",
BRAND_PAGE_PHOTO,Norbin,Brend stranica — hero fotografija radionice,,/brendovi/norbin,fotografija radionice u hero bloku (komponenta prikazuje „Fotografija u pripremi”; slot nema putanju u kodu),Norbin ne objavljuje fotografije radionice; Surventis portal nema Norbin biblioteku.,norbin-paint.com; brošure 2021/2024; Surventis portal (dostupni samo hub 51 R-M i hub 54 baslac),Norbin bodyshop application photo — zatražiti od Surventis-a (Norbin brend tim),
BRAND_PAGE_PHOTO,Norbin,Brend stranica — sekcija „Deo Surventis refinish porodice” (poreklo),,/brendovi/norbin,fotografija sekcije porekla (prikazuje „Fotografija u pripremi”; slot nema putanju u kodu),Jedini kandidat je zvanična grupna slika asortimana norbin-paint.com/images/gamme_NORBIN-mai-2024.jpg (1920×1080); upotreba traži odluku o sadržaju sekcije i dozvolu proizvođača.,"norbin-paint.com, brošura 2024",norbin-paint.com gamme_NORBIN-mai-2024.jpg — potvrditi dozvolu i nameru sekcije,
BRAND_PAGE_PHOTO,R-M,Brend stranica — slotovi „Efektne komponente” i „Kompatibilna završnica” (CRYSTAL BASE),CRYSTAL BASE,/brendovi/rm,2 fotografije proizvoda u grupi „Specijalni efektni proizvodi” (aria: „Fotografija proizvoda za … još nije dostupna”),"CRYSTAL BASE čeka odluku vlasnika o programu (nije u aktivnom R-M katalogu); slotovi nisu vezani za konkretnu šifru, pa nijedna bočica ne odgovara „komponenti” uopšte. Portal ima desetine CRYSTAL BASE / SPECIAL CRYSTAL BASE bočica (npr. 33700 CB 34M).",Surventis portal R-M hub 51,R-M CRYSTAL BASE packshot — posle odluke o programu i izbora konkretne šifre,
GENERIC_IMAGE_MASKS_GAP,Befar,Drill type wheel cleaning pad; M14 adapter,,/proizvodi/befar-drill-type-wheel-cleaning-pad ; /proizvodi/befar-m14-adapter,Oba zapisa prikazuju fotografiju jastučića za farove (befar-drill-type-headlight-cleaning-pad.webp) — slika drugog proizvoda prikriva nedostatak.,Befar zvanični sajt (Wix) koristi istu fotografiju za sva tri artikla; sopstvena slika nije objavljena.,runtime katalog + SHA-256 poređenje svih slika,befar.com.tr wheel cleaning pad / M14 adapter — zatražiti od Befar-a ili fotografisati,
GENERIC_IMAGE_MASKS_GAP,R-M,ONYX HD (sistemska kartica),,/proizvodi/rm-onyx-hd,Kartica sistema prikazuje kanister komponente HB 002 (isti fajl kao rm-hb-002-onyx-hd) — komponenta predstavlja ceo sistem.,"Slika dolazi sa info.rmpaint.com (zvanični sync). Na portalu postoji generička sistemska limenka „R-M_1L_ONYX HD” (asset 34852 / 30819), po istom principu kao odobreni UNO HD (30820). Nije zamenjeno bez odluke jer postojeća slika potiče od proizvođača.",runtime katalog + SHA-256 poređenje svih slika,"Odobriti zamenu portalom 34852 (generička ONYX HD limenka, bez šifre)",
GENERIC_IMAGE_MASKS_GAP,Cosmos Lac,Parovi varijanti sa istom fotografijom,,"cosmos-lac-master-mechanic-10-sjaj / -10-mat (Black, White) ; cosmos-lac-flame-blue-fb-900 / fb-3000 ; cosmos-lac-flame-blue-fb-904 / fb-3004 ; cosmos-lac-flame-orange-fo-901 / fo-904","Sjaj i mat, odnosno puna i providna varijanta dele bajt-identičnu fotografiju iz zvaničnog Brand Kit-a.",Brand Kit sadrži jednu sliku po paru; zvanični sajt takođe. Uslovi cosmoslac.com zabranjuju upotrebu drugih izvora bez dozvole.,runtime katalog + SHA-256 poređenje svih slika,Zatražiti od Cosmos Lac posebne packshotove (support@cosmoslac.com),
PLANNED_SLOT,Cosmos Lac,"Početna — kampanjski slajd „Cosmos Spray” (planiran, nije implementiran)",,/,banner 2400×1350 desktop + 1448×1086 mobilni (content-asset slot home.campaign.cosmos-spray),"Nijedan zvanični banner ne ispunjava zahtev (3–5 limenki, fokus desno, mirna leva polovina); hero-placeholder.jpg 1920×1080 ima jednu limenku. Brand Kit je zaštićen lozinkom. Slajd se ne prikazuje, pa posetilac ne vidi prazno mesto.","cosmoslac.com (848 od 1878 media stavki, ostalo nedostupno), Brand Kit (lozinka)",Cosmos Lac Spray campaign key visual — zatražiti iz Brand Kit-a,home.campaign.cosmos-spray
